Resetting modules to system default. Reseting $MODULEPATH back to system default. All extra directories will be removed from $MODULEPATH.
Total Mass: 3.96739e+10
Boyd ZL0: 224.971
kI: 5.4137e-07
kD: 831.352
kT: 1e+09
HDF5-DIAG: Error detected in HDF5 (1.10.7) thread 0:
  #000: /scratch/spack_cpu/job_21700923/spack-stage/spack-stage-hdf5-1.10.7-xexa2gll6hf6okdatgrxiwhcjs2uepc7/spack-src/src/H5Dio.c line 335 in H5Dwrite(): can't write data
    major: Dataset
    minor: Write failed
  #001: /scratch/spack_cpu/job_21700923/spack-stage/spack-stage-hdf5-1.10.7-xexa2gll6hf6okdatgrxiwhcjs2uepc7/spack-src/src/H5Dio.c line 813 in H5D__write(): can't write data
    major: Dataset
    minor: Write failed
  #002: /scratch/spack_cpu/job_21700923/spack-stage/spack-stage-hdf5-1.10.7-xexa2gll6hf6okdatgrxiwhcjs2uepc7/spack-src/src/H5Dcontig.c line 659 in H5D__contig_write(): contiguous write failed
    major: Dataset
    minor: Write failed
  #003: /scratch/spack_cpu/job_21700923/spack-stage/spack-stage-hdf5-1.10.7-xexa2gll6hf6okdatgrxiwhcjs2uepc7/spack-src/src/H5Dselect.c line 321 in H5D__select_write(): write error
    major: Dataspace
    minor: Write failed
  #004: /scratch/spack_cpu/job_21700923/spack-stage/spack-stage-hdf5-1.10.7-xexa2gll6hf6okdatgrxiwhcjs2uepc7/spack-src/src/H5Dselect.c line 230 in H5D__select_io(): write error
    major: Dataspace
    minor: Write failed
  #005: /scratch/spack_cpu/job_21700923/spack-stage/spack-stage-hdf5-1.10.7-xexa2gll6hf6okdatgrxiwhcjs2uepc7/spack-src/src/H5Dcontig.c line 1281 in H5D__contig_writevv(): can't perform vectorized sieve buffer write
    major: Dataset
    minor: Can't operate on object
  #006: /scratch/spack_cpu/job_21700923/spack-stage/spack-stage-hdf5-1.10.7-xexa2gll6hf6okdatgrxiwhcjs2uepc7/spack-src/src/H5VM.c line 1464 in H5VM_opvv(): can't perform operation
    major: Internal error (too specific to document in detail)
    minor: Can't operate on object
  #007: /scratch/spack_cpu/job_21700923/spack-stage/spack-stage-hdf5-1.10.7-xexa2gll6hf6okdatgrxiwhcjs2uepc7/spack-src/src/H5Dcontig.c line 1029 in H5D__contig_writevv_sieve_cb(): block write failed
    major: Dataset
    minor: Write failed
  #008: /scratch/spack_cpu/job_21700923/spack-stage/spack-stage-hdf5-1.10.7-xexa2gll6hf6okdatgrxiwhcjs2uepc7/spack-src/src/H5Fio.c line 161 in H5F_block_write(): write through page buffer failed
    major: Low-level I/O
    minor: Write failed
  #009: /scratch/spack_cpu/job_21700923/spack-stage/spack-stage-hdf5-1.10.7-xexa2gll6hf6okdatgrxiwhcjs2uepc7/spack-src/src/H5PB.c line 1032 in H5PB_write(): write through metadata accumulator failed
    major: Page Buffering
    minor: Write failed
  #010: /scratch/spack_cpu/job_21700923/spack-stage/spack-stage-hdf5-1.10.7-xexa2gll6hf6okdatgrxiwhcjs2uepc7/spack-src/src/H5Faccum.c line 824 in H5F__accum_write(): file write failed
    major: Low-level I/O
    minor: Write failed
  #011: /scratch/spack_cpu/job_21700923/spack-stage/spack-stage-hdf5-1.10.7-xexa2gll6hf6okdatgrxiwhcjs2uepc7/spack-src/src/H5FDint.c line 249 in H5FD_write(): driver write request failed
    major: Virtual File Layer
    minor: Write failed
  #012: /scratch/spack_cpu/job_21700923/spack-stage/spack-stage-hdf5-1.10.7-xexa2gll6hf6okdatgrxiwhcjs2uepc7/spack-src/src/H5FDsec2.c line 856 in H5FD__sec2_write(): file write failed: time = Wed Nov 19 08:08:43 2025
, filename = 'checkpoint.h5', file descriptor = 5, errno = 14, error message = 'Bad address', buf = 0x1555537c4000, total write size = 15969552, bytes this sub-write = 15969552, bytes actually written = 18446744073709551615, offset = 0
    major: Low-level I/O
    minor: Write failed
HDF5-DIAG: Error detected in HDF5 (1.10.7) thread 0:
  #000: /scratch/spack_cpu/job_21700923/spack-stage/spack-stage-hdf5-1.10.7-xexa2gll6hf6okdatgrxiwhcjs2uepc7/spack-src/src/H5Dio.c line 335 in H5Dwrite(): can't write data
    major: Dataset
    minor: Write failed
  #001: /scratch/spack_cpu/job_21700923/spack-stage/spack-stage-hdf5-1.10.7-xexa2gll6hf6okdatgrxiwhcjs2uepc7/spack-src/src/H5Dio.c line 813 in H5D__write(): can't write data
    major: Dataset
    minor: Write failed
  #002: /scratch/spack_cpu/job_21700923/spack-stage/spack-stage-hdf5-1.10.7-xexa2gll6hf6okdatgrxiwhcjs2uepc7/spack-src/src/H5Dcontig.c line 659 in H5D__contig_write(): contiguous write failed
    major: Dataset
    minor: Write failed
  #003: /scratch/spack_cpu/job_21700923/spack-stage/spack-stage-hdf5-1.10.7-xexa2gll6hf6okdatgrxiwhcjs2uepc7/spack-src/src/H5Dselect.c line 321 in H5D__select_write(): write error
    major: Dataspace
    minor: Write failed
  #004: /scratch/spack_cpu/job_21700923/spack-stage/spack-stage-hdf5-1.10.7-xexa2gll6hf6okdatgrxiwhcjs2uepc7/spack-src/src/H5Dselect.c line 230 in H5D__select_io(): write error
    major: Dataspace
    minor: Write failed
  #005: /scratch/spack_cpu/job_21700923/spack-stage/spack-stage-hdf5-1.10.7-xexa2gll6hf6okdatgrxiwhcjs2uepc7/spack-src/src/H5Dcontig.c line 1281 in H5D__contig_writevv(): can't perform vectorized sieve buffer write
    major: Dataset
    minor: Can't operate on object
  #006: /scratch/spack_cpu/job_21700923/spack-stage/spack-stage-hdf5-1.10.7-xexa2gll6hf6okdatgrxiwhcjs2uepc7/spack-src/src/H5VM.c line 1464 in H5VM_opvv(): can't perform operation
    major: Internal error (too specific to document in detail)
    minor: Can't operate on object
  #007: /scratch/spack_cpu/job_21700923/spack-stage/spack-stage-hdf5-1.10.7-xexa2gll6hf6okdatgrxiwhcjs2uepc7/spack-src/src/H5Dcontig.c line 1029 in H5D__contig_writevv_sieve_cb(): block write failed
    major: Dataset
    minor: Write failed
  #008: /scratch/spack_cpu/job_21700923/spack-stage/spack-stage-hdf5-1.10.7-xexa2gll6hf6okdatgrxiwhcjs2uepc7/spack-src/src/H5Fio.c line 161 in H5F_block_write(): write through page buffer failed
    major: Low-level I/O
    minor: Write failed
  #009: /scratch/spack_cpu/job_21700923/spack-stage/spack-stage-hdf5-1.10.7-xexa2gll6hf6okdatgrxiwhcjs2uepc7/spack-src/src/H5PB.c line 1032 in H5PB_write(): write through metadata accumulator failed
    major: Page Buffering
    minor: Write failed
  #010: /scratch/spack_cpu/job_21700923/spack-stage/spack-stage-hdf5-1.10.7-xexa2gll6hf6okdatgrxiwhcjs2uepc7/spack-src/src/H5Faccum.c line 824 in H5F__accum_write(): file write failed
    major: Low-level I/O
    minor: Write failed
  #011: /scratch/spack_cpu/job_21700923/spack-stage/spack-stage-hdf5-1.10.7-xexa2gll6hf6okdatgrxiwhcjs2uepc7/spack-src/src/H5FDint.c line 249 in H5FD_write(): driver write request failed
    major: Virtual File Layer
    minor: Write failed
  #012: /scratch/spack_cpu/job_21700923/spack-stage/spack-stage-hdf5-1.10.7-xexa2gll6hf6okdatgrxiwhcjs2uepc7/spack-src/src/H5FDsec2.c line 856 in H5FD__sec2_write(): file write failed: time = Wed Nov 19 08:08:55 2025
, filename = 'checkpoint.h5', file descriptor = 5, errno = 14, error message = 'Bad address', buf = 0x1555537c4000, total write size = 15969552, bytes this sub-write = 15969552, bytes actually written = 18446744073709551615, offset = 0
    major: Low-level I/O
    minor: Write failed
HDF5-DIAG: Error detected in HDF5 (1.10.7) thread 0:
  #000: /scratch/spack_cpu/job_21700923/spack-stage/spack-stage-hdf5-1.10.7-xexa2gll6hf6okdatgrxiwhcjs2uepc7/spack-src/src/H5Dio.c line 335 in H5Dwrite(): can't write data
    major: Dataset
    minor: Write failed
  #001: /scratch/spack_cpu/job_21700923/spack-stage/spack-stage-hdf5-1.10.7-xexa2gll6hf6okdatgrxiwhcjs2uepc7/spack-src/src/H5Dio.c line 813 in H5D__write(): can't write data
    major: Dataset
    minor: Write failed
  #002: /scratch/spack_cpu/job_21700923/spack-stage/spack-stage-hdf5-1.10.7-xexa2gll6hf6okdatgrxiwhcjs2uepc7/spack-src/src/H5Dcontig.c line 659 in H5D__contig_write(): contiguous write failed
    major: Dataset
    minor: Write failed
  #003: /scratch/spack_cpu/job_21700923/spack-stage/spack-stage-hdf5-1.10.7-xexa2gll6hf6okdatgrxiwhcjs2uepc7/spack-src/src/H5Dselect.c line 321 in H5D__select_write(): write error
    major: Dataspace
    minor: Write failed
  #004: /scratch/spack_cpu/job_21700923/spack-stage/spack-stage-hdf5-1.10.7-xexa2gll6hf6okdatgrxiwhcjs2uepc7/spack-src/src/H5Dselect.c line 230 in H5D__select_io(): write error
    major: Dataspace
    minor: Write failed
  #005: /scratch/spack_cpu/job_21700923/spack-stage/spack-stage-hdf5-1.10.7-xexa2gll6hf6okdatgrxiwhcjs2uepc7/spack-src/src/H5Dcontig.c line 1281 in H5D__contig_writevv(): can't perform vectorized sieve buffer write
    major: Dataset
    minor: Can't operate on object
  #006: /scratch/spack_cpu/job_21700923/spack-stage/spack-stage-hdf5-1.10.7-xexa2gll6hf6okdatgrxiwhcjs2uepc7/spack-src/src/H5VM.c line 1464 in H5VM_opvv(): can't perform operation
    major: Internal error (too specific to document in detail)
    minor: Can't operate on object
  #007: /scratch/spack_cpu/job_21700923/spack-stage/spack-stage-hdf5-1.10.7-xexa2gll6hf6okdatgrxiwhcjs2uepc7/spack-src/src/H5Dcontig.c line 1029 in H5D__contig_writevv_sieve_cb(): block write failed
    major: Dataset
    minor: Write failed
  #008: /scratch/spack_cpu/job_21700923/spack-stage/spack-stage-hdf5-1.10.7-xexa2gll6hf6okdatgrxiwhcjs2uepc7/spack-src/src/H5Fio.c line 161 in H5F_block_write(): write through page buffer failed
    major: Low-level I/O
    minor: Write failed
  #009: /scratch/spack_cpu/job_21700923/spack-stage/spack-stage-hdf5-1.10.7-xexa2gll6hf6okdatgrxiwhcjs2uepc7/spack-src/src/H5PB.c line 1032 in H5PB_write(): write through metadata accumulator failed
    major: Page Buffering
    minor: Write failed
  #010: /scratch/spack_cpu/job_21700923/spack-stage/spack-stage-hdf5-1.10.7-xexa2gll6hf6okdatgrxiwhcjs2uepc7/spack-src/src/H5Faccum.c line 824 in H5F__accum_write(): file write failed
    major: Low-level I/O
    minor: Write failed
  #011: /scratch/spack_cpu/job_21700923/spack-stage/spack-stage-hdf5-1.10.7-xexa2gll6hf6okdatgrxiwhcjs2uepc7/spack-src/src/H5FDint.c line 249 in H5FD_write(): driver write request failed
    major: Virtual File Layer
    minor: Write failed
  #012: /scratch/spack_cpu/job_21700923/spack-stage/spack-stage-hdf5-1.10.7-xexa2gll6hf6okdatgrxiwhcjs2uepc7/spack-src/src/H5FDsec2.c line 856 in H5FD__sec2_write(): file write failed: time = Wed Nov 19 08:09:08 2025
, filename = 'checkpoint.h5', file descriptor = 5, errno = 14, error message = 'Bad address', buf = 0x1555537c4000, total write size = 15969552, bytes this sub-write = 15969552, bytes actually written = 18446744073709551615, offset = 0
    major: Low-level I/O
    minor: Write failed
HDF5-DIAG: Error detected in HDF5 (1.10.7) thread 0:
  #000: /scratch/spack_cpu/job_21700923/spack-stage/spack-stage-hdf5-1.10.7-xexa2gll6hf6okdatgrxiwhcjs2uepc7/spack-src/src/H5Dio.c line 335 in H5Dwrite(): can't write data
    major: Dataset
    minor: Write failed
  #001: /scratch/spack_cpu/job_21700923/spack-stage/spack-stage-hdf5-1.10.7-xexa2gll6hf6okdatgrxiwhcjs2uepc7/spack-src/src/H5Dio.c line 813 in H5D__write(): can't write data
    major: Dataset
    minor: Write failed
  #002: /scratch/spack_cpu/job_21700923/spack-stage/spack-stage-hdf5-1.10.7-xexa2gll6hf6okdatgrxiwhcjs2uepc7/spack-src/src/H5Dcontig.c line 659 in H5D__contig_write(): contiguous write failed
    major: Dataset
    minor: Write failed
  #003: /scratch/spack_cpu/job_21700923/spack-stage/spack-stage-hdf5-1.10.7-xexa2gll6hf6okdatgrxiwhcjs2uepc7/spack-src/src/H5Dselect.c line 321 in H5D__select_write(): write error
    major: Dataspace
    minor: Write failed
  #004: /scratch/spack_cpu/job_21700923/spack-stage/spack-stage-hdf5-1.10.7-xexa2gll6hf6okdatgrxiwhcjs2uepc7/spack-src/src/H5Dselect.c line 230 in H5D__select_io(): write error
    major: Dataspace
    minor: Write failed
  #005: /scratch/spack_cpu/job_21700923/spack-stage/spack-stage-hdf5-1.10.7-xexa2gll6hf6okdatgrxiwhcjs2uepc7/spack-src/src/H5Dcontig.c line 1281 in H5D__contig_writevv(): can't perform vectorized sieve buffer write
    major: Dataset
    minor: Can't operate on object
  #006: /scratch/spack_cpu/job_21700923/spack-stage/spack-stage-hdf5-1.10.7-xexa2gll6hf6okdatgrxiwhcjs2uepc7/spack-src/src/H5VM.c line 1464 in H5VM_opvv(): can't perform operation
    major: Internal error (too specific to document in detail)
    minor: Can't operate on object
  #007: /scratch/spack_cpu/job_21700923/spack-stage/spack-stage-hdf5-1.10.7-xexa2gll6hf6okdatgrxiwhcjs2uepc7/spack-src/src/H5Dcontig.c line 1029 in H5D__contig_writevv_sieve_cb(): block write failed
    major: Dataset
    minor: Write failed
  #008: /scratch/spack_cpu/job_21700923/spack-stage/spack-stage-hdf5-1.10.7-xexa2gll6hf6okdatgrxiwhcjs2uepc7/spack-src/src/H5Fio.c line 161 in H5F_block_write(): write through page buffer failed
    major: Low-level I/O
    minor: Write failed
  #009: /scratch/spack_cpu/job_21700923/spack-stage/spack-stage-hdf5-1.10.7-xexa2gll6hf6okdatgrxiwhcjs2uepc7/spack-src/src/H5PB.c line 1032 in H5PB_write(): write through metadata accumulator failed
    major: Page Buffering
    minor: Write failed
  #010: /scratch/spack_cpu/job_21700923/spack-stage/spack-stage-hdf5-1.10.7-xexa2gll6hf6okdatgrxiwhcjs2uepc7/spack-src/src/H5Faccum.c line 824 in H5F__accum_write(): file write failed
    major: Low-level I/O
    minor: Write failed
  #011: /scratch/spack_cpu/job_21700923/spack-stage/spack-stage-hdf5-1.10.7-xexa2gll6hf6okdatgrxiwhcjs2uepc7/spack-src/src/H5FDint.c line 249 in H5FD_write(): driver write request failed
    major: Virtual File Layer
    minor: Write failed
  #012: /scratch/spack_cpu/job_21700923/spack-stage/spack-stage-hdf5-1.10.7-xexa2gll6hf6okdatgrxiwhcjs2uepc7/spack-src/src/H5FDsec2.c line 856 in H5FD__sec2_write(): file write failed: time = Wed Nov 19 08:09:20 2025
, filename = 'checkpoint.h5', file descriptor = 5, errno = 14, error message = 'Bad address', buf = 0x1555537c4000, total write size = 15969552, bytes this sub-write = 15969552, bytes actually written = 18446744073709551615, offset = 0
    major: Low-level I/O
    minor: Write failed
HDF5-DIAG: Error detected in HDF5 (1.10.7) thread 0:
  #000: /scratch/spack_cpu/job_21700923/spack-stage/spack-stage-hdf5-1.10.7-xexa2gll6hf6okdatgrxiwhcjs2uepc7/spack-src/src/H5Dio.c line 335 in H5Dwrite(): can't write data
    major: Dataset
    minor: Write failed
  #001: /scratch/spack_cpu/job_21700923/spack-stage/spack-stage-hdf5-1.10.7-xexa2gll6hf6okdatgrxiwhcjs2uepc7/spack-src/src/H5Dio.c line 813 in H5D__write(): can't write data
    major: Dataset
    minor: Write failed
  #002: /scratch/spack_cpu/job_21700923/spack-stage/spack-stage-hdf5-1.10.7-xexa2gll6hf6okdatgrxiwhcjs2uepc7/spack-src/src/H5Dcontig.c line 659 in H5D__contig_write(): contiguous write failed
    major: Dataset
    minor: Write failed
  #003: /scratch/spack_cpu/job_21700923/spack-stage/spack-stage-hdf5-1.10.7-xexa2gll6hf6okdatgrxiwhcjs2uepc7/spack-src/src/H5Dselect.c line 321 in H5D__select_write(): write error
    major: Dataspace
    minor: Write failed
  #004: /scratch/spack_cpu/job_21700923/spack-stage/spack-stage-hdf5-1.10.7-xexa2gll6hf6okdatgrxiwhcjs2uepc7/spack-src/src/H5Dselect.c line 230 in H5D__select_io(): write error
    major: Dataspace
    minor: Write failed
  #005: /scratch/spack_cpu/job_21700923/spack-stage/spack-stage-hdf5-1.10.7-xexa2gll6hf6okdatgrxiwhcjs2uepc7/spack-src/src/H5Dcontig.c line 1281 in H5D__contig_writevv(): can't perform vectorized sieve buffer write
    major: Dataset
    minor: Can't operate on object
  #006: /scratch/spack_cpu/job_21700923/spack-stage/spack-stage-hdf5-1.10.7-xexa2gll6hf6okdatgrxiwhcjs2uepc7/spack-src/src/H5VM.c line 1464 in H5VM_opvv(): can't perform operation
    major: Internal error (too specific to document in detail)
    minor: Can't operate on object
  #007: /scratch/spack_cpu/job_21700923/spack-stage/spack-stage-hdf5-1.10.7-xexa2gll6hf6okdatgrxiwhcjs2uepc7/spack-src/src/H5Dcontig.c line 1029 in H5D__contig_writevv_sieve_cb(): block write failed
    major: Dataset
    minor: Write failed
  #008: /scratch/spack_cpu/job_21700923/spack-stage/spack-stage-hdf5-1.10.7-xexa2gll6hf6okdatgrxiwhcjs2uepc7/spack-src/src/H5Fio.c line 161 in H5F_block_write(): write through page buffer failed
    major: Low-level I/O
    minor: Write failed
  #009: /scratch/spack_cpu/job_21700923/spack-stage/spack-stage-hdf5-1.10.7-xexa2gll6hf6okdatgrxiwhcjs2uepc7/spack-src/src/H5PB.c line 1032 in H5PB_write(): write through metadata accumulator failed
    major: Page Buffering
    minor: Write failed
  #010: /scratch/spack_cpu/job_21700923/spack-stage/spack-stage-hdf5-1.10.7-xexa2gll6hf6okdatgrxiwhcjs2uepc7/spack-src/src/H5Faccum.c line 824 in H5F__accum_write(): file write failed
    major: Low-level I/O
    minor: Write failed
  #011: /scratch/spack_cpu/job_21700923/spack-stage/spack-stage-hdf5-1.10.7-xexa2gll6hf6okdatgrxiwhcjs2uepc7/spack-src/src/H5FDint.c line 249 in H5FD_write(): driver write request failed
    major: Virtual File Layer
    minor: Write failed
  #012: /scratch/spack_cpu/job_21700923/spack-stage/spack-stage-hdf5-1.10.7-xexa2gll6hf6okdatgrxiwhcjs2uepc7/spack-src/src/H5FDsec2.c line 856 in H5FD__sec2_write(): file write failed: time = Wed Nov 19 08:09:32 2025
, filename = 'checkpoint.h5', file descriptor = 5, errno = 14, error message = 'Bad address', buf = 0x1555537c4000, total write size = 15969552, bytes this sub-write = 15969552, bytes actually written = 18446744073709551615, offset = 0
    major: Low-level I/O
    minor: Write failed
HDF5-DIAG: Error detected in HDF5 (1.10.7) thread 0:
  #000: /scratch/spack_cpu/job_21700923/spack-stage/spack-stage-hdf5-1.10.7-xexa2gll6hf6okdatgrxiwhcjs2uepc7/spack-src/src/H5Dio.c line 335 in H5Dwrite(): can't write data
    major: Dataset
    minor: Write failed
  #001: /scratch/spack_cpu/job_21700923/spack-stage/spack-stage-hdf5-1.10.7-xexa2gll6hf6okdatgrxiwhcjs2uepc7/spack-src/src/H5Dio.c line 813 in H5D__write(): can't write data
    major: Dataset
    minor: Write failed
  #002: /scratch/spack_cpu/job_21700923/spack-stage/spack-stage-hdf5-1.10.7-xexa2gll6hf6okdatgrxiwhcjs2uepc7/spack-src/src/H5Dcontig.c line 659 in H5D__contig_write(): contiguous write failed
    major: Dataset
    minor: Write failed
  #003: /scratch/spack_cpu/job_21700923/spack-stage/spack-stage-hdf5-1.10.7-xexa2gll6hf6okdatgrxiwhcjs2uepc7/spack-src/src/H5Dselect.c line 321 in H5D__select_write(): write error
    major: Dataspace
    minor: Write failed
  #004: /scratch/spack_cpu/job_21700923/spack-stage/spack-stage-hdf5-1.10.7-xexa2gll6hf6okdatgrxiwhcjs2uepc7/spack-src/src/H5Dselect.c line 230 in H5D__select_io(): write error
    major: Dataspace
    minor: Write failed
  #005: /scratch/spack_cpu/job_21700923/spack-stage/spack-stage-hdf5-1.10.7-xexa2gll6hf6okdatgrxiwhcjs2uepc7/spack-src/src/H5Dcontig.c line 1281 in H5D__contig_writevv(): can't perform vectorized sieve buffer write
    major: Dataset
    minor: Can't operate on object
  #006: /scratch/spack_cpu/job_21700923/spack-stage/spack-stage-hdf5-1.10.7-xexa2gll6hf6okdatgrxiwhcjs2uepc7/spack-src/src/H5VM.c line 1464 in H5VM_opvv(): can't perform operation
    major: Internal error (too specific to document in detail)
    minor: Can't operate on object
  #007: /scratch/spack_cpu/job_21700923/spack-stage/spack-stage-hdf5-1.10.7-xexa2gll6hf6okdatgrxiwhcjs2uepc7/spack-src/src/H5Dcontig.c line 1029 in H5D__contig_writevv_sieve_cb(): block write failed
    major: Dataset
    minor: Write failed
  #008: /scratch/spack_cpu/job_21700923/spack-stage/spack-stage-hdf5-1.10.7-xexa2gll6hf6okdatgrxiwhcjs2uepc7/spack-src/src/H5Fio.c line 161 in H5F_block_write(): write through page buffer failed
    major: Low-level I/O
    minor: Write failed
  #009: /scratch/spack_cpu/job_21700923/spack-stage/spack-stage-hdf5-1.10.7-xexa2gll6hf6okdatgrxiwhcjs2uepc7/spack-src/src/H5PB.c line 1032 in H5PB_write(): write through metadata accumulator failed
    major: Page Buffering
    minor: Write failed
  #010: /scratch/spack_cpu/job_21700923/spack-stage/spack-stage-hdf5-1.10.7-xexa2gll6hf6okdatgrxiwhcjs2uepc7/spack-src/src/H5Faccum.c line 824 in H5F__accum_write(): file write failed
    major: Low-level I/O
    minor: Write failed
  #011: /scratch/spack_cpu/job_21700923/spack-stage/spack-stage-hdf5-1.10.7-xexa2gll6hf6okdatgrxiwhcjs2uepc7/spack-src/src/H5FDint.c line 249 in H5FD_write(): driver write request failed
    major: Virtual File Layer
    minor: Write failed
  #012: /scratch/spack_cpu/job_21700923/spack-stage/spack-stage-hdf5-1.10.7-xexa2gll6hf6okdatgrxiwhcjs2uepc7/spack-src/src/H5FDsec2.c line 856 in H5FD__sec2_write(): file write failed: time = Wed Nov 19 08:09:43 2025
, filename = 'checkpoint.h5', file descriptor = 5, errno = 14, error message = 'Bad address', buf = 0x1555537c4000, total write size = 15969552, bytes this sub-write = 15969552, bytes actually written = 18446744073709551615, offset = 0
    major: Low-level I/O
    minor: Write failed
HDF5-DIAG: Error detected in HDF5 (1.10.7) thread 0:
  #000: /scratch/spack_cpu/job_21700923/spack-stage/spack-stage-hdf5-1.10.7-xexa2gll6hf6okdatgrxiwhcjs2uepc7/spack-src/src/H5Dio.c line 335 in H5Dwrite(): can't write data
    major: Dataset
    minor: Write failed
  #001: /scratch/spack_cpu/job_21700923/spack-stage/spack-stage-hdf5-1.10.7-xexa2gll6hf6okdatgrxiwhcjs2uepc7/spack-src/src/H5Dio.c line 813 in H5D__write(): can't write data
    major: Dataset
    minor: Write failed
  #002: /scratch/spack_cpu/job_21700923/spack-stage/spack-stage-hdf5-1.10.7-xexa2gll6hf6okdatgrxiwhcjs2uepc7/spack-src/src/H5Dcontig.c line 659 in H5D__contig_write(): contiguous write failed
    major: Dataset
    minor: Write failed
  #003: /scratch/spack_cpu/job_21700923/spack-stage/spack-stage-hdf5-1.10.7-xexa2gll6hf6okdatgrxiwhcjs2uepc7/spack-src/src/H5Dselect.c line 321 in H5D__select_write(): write error
    major: Dataspace
    minor: Write failed
  #004: /scratch/spack_cpu/job_21700923/spack-stage/spack-stage-hdf5-1.10.7-xexa2gll6hf6okdatgrxiwhcjs2uepc7/spack-src/src/H5Dselect.c line 230 in H5D__select_io(): write error
    major: Dataspace
    minor: Write failed
  #005: /scratch/spack_cpu/job_21700923/spack-stage/spack-stage-hdf5-1.10.7-xexa2gll6hf6okdatgrxiwhcjs2uepc7/spack-src/src/H5Dcontig.c line 1281 in H5D__contig_writevv(): can't perform vectorized sieve buffer write
    major: Dataset
    minor: Can't operate on object
  #006: /scratch/spack_cpu/job_21700923/spack-stage/spack-stage-hdf5-1.10.7-xexa2gll6hf6okdatgrxiwhcjs2uepc7/spack-src/src/H5VM.c line 1464 in H5VM_opvv(): can't perform operation
    major: Internal error (too specific to document in detail)
    minor: Can't operate on object
  #007: /scratch/spack_cpu/job_21700923/spack-stage/spack-stage-hdf5-1.10.7-xexa2gll6hf6okdatgrxiwhcjs2uepc7/spack-src/src/H5Dcontig.c line 1029 in H5D__contig_writevv_sieve_cb(): block write failed
    major: Dataset
    minor: Write failed
  #008: /scratch/spack_cpu/job_21700923/spack-stage/spack-stage-hdf5-1.10.7-xexa2gll6hf6okdatgrxiwhcjs2uepc7/spack-src/src/H5Fio.c line 161 in H5F_block_write(): write through page buffer failed
    major: Low-level I/O
    minor: Write failed
  #009: /scratch/spack_cpu/job_21700923/spack-stage/spack-stage-hdf5-1.10.7-xexa2gll6hf6okdatgrxiwhcjs2uepc7/spack-src/src/H5PB.c line 1032 in H5PB_write(): write through metadata accumulator failed
    major: Page Buffering
    minor: Write failed
  #010: /scratch/spack_cpu/job_21700923/spack-stage/spack-stage-hdf5-1.10.7-xexa2gll6hf6okdatgrxiwhcjs2uepc7/spack-src/src/H5Faccum.c line 824 in H5F__accum_write(): file write failed
    major: Low-level I/O
    minor: Write failed
  #011: /scratch/spack_cpu/job_21700923/spack-stage/spack-stage-hdf5-1.10.7-xexa2gll6hf6okdatgrxiwhcjs2uepc7/spack-src/src/H5FDint.c line 249 in H5FD_write(): driver write request failed
    major: Virtual File Layer
    minor: Write failed
  #012: /scratch/spack_cpu/job_21700923/spack-stage/spack-stage-hdf5-1.10.7-xexa2gll6hf6okdatgrxiwhcjs2uepc7/spack-src/src/H5FDsec2.c line 856 in H5FD__sec2_write(): file write failed: time = Wed Nov 19 08:09:55 2025
, filename = 'checkpoint.h5', file descriptor = 5, errno = 14, error message = 'Bad address', buf = 0x1555537c4000, total write size = 15969552, bytes this sub-write = 15969552, bytes actually written = 18446744073709551615, offset = 0
    major: Low-level I/O
    minor: Write failed
HDF5-DIAG: Error detected in HDF5 (1.10.7) thread 0:
  #000: /scratch/spack_cpu/job_21700923/spack-stage/spack-stage-hdf5-1.10.7-xexa2gll6hf6okdatgrxiwhcjs2uepc7/spack-src/src/H5Dio.c line 335 in H5Dwrite(): can't write data
    major: Dataset
    minor: Write failed
  #001: /scratch/spack_cpu/job_21700923/spack-stage/spack-stage-hdf5-1.10.7-xexa2gll6hf6okdatgrxiwhcjs2uepc7/spack-src/src/H5Dio.c line 813 in H5D__write(): can't write data
    major: Dataset
    minor: Write failed
  #002: /scratch/spack_cpu/job_21700923/spack-stage/spack-stage-hdf5-1.10.7-xexa2gll6hf6okdatgrxiwhcjs2uepc7/spack-src/src/H5Dcontig.c line 659 in H5D__contig_write(): contiguous write failed
    major: Dataset
    minor: Write failed
  #003: /scratch/spack_cpu/job_21700923/spack-stage/spack-stage-hdf5-1.10.7-xexa2gll6hf6okdatgrxiwhcjs2uepc7/spack-src/src/H5Dselect.c line 321 in H5D__select_write(): write error
    major: Dataspace
    minor: Write failed
  #004: /scratch/spack_cpu/job_21700923/spack-stage/spack-stage-hdf5-1.10.7-xexa2gll6hf6okdatgrxiwhcjs2uepc7/spack-src/src/H5Dselect.c line 230 in H5D__select_io(): write error
    major: Dataspace
    minor: Write failed
  #005: /scratch/spack_cpu/job_21700923/spack-stage/spack-stage-hdf5-1.10.7-xexa2gll6hf6okdatgrxiwhcjs2uepc7/spack-src/src/H5Dcontig.c line 1281 in H5D__contig_writevv(): can't perform vectorized sieve buffer write
    major: Dataset
    minor: Can't operate on object
  #006: /scratch/spack_cpu/job_21700923/spack-stage/spack-stage-hdf5-1.10.7-xexa2gll6hf6okdatgrxiwhcjs2uepc7/spack-src/src/H5VM.c line 1464 in H5VM_opvv(): can't perform operation
    major: Internal error (too specific to document in detail)
    minor: Can't operate on object
  #007: /scratch/spack_cpu/job_21700923/spack-stage/spack-stage-hdf5-1.10.7-xexa2gll6hf6okdatgrxiwhcjs2uepc7/spack-src/src/H5Dcontig.c line 1029 in H5D__contig_writevv_sieve_cb(): block write failed
    major: Dataset
    minor: Write failed
  #008: /scratch/spack_cpu/job_21700923/spack-stage/spack-stage-hdf5-1.10.7-xexa2gll6hf6okdatgrxiwhcjs2uepc7/spack-src/src/H5Fio.c line 161 in H5F_block_write(): write through page buffer failed
    major: Low-level I/O
    minor: Write failed
  #009: /scratch/spack_cpu/job_21700923/spack-stage/spack-stage-hdf5-1.10.7-xexa2gll6hf6okdatgrxiwhcjs2uepc7/spack-src/src/H5PB.c line 1032 in H5PB_write(): write through metadata accumulator failed
    major: Page Buffering
    minor: Write failed
  #010: /scratch/spack_cpu/job_21700923/spack-stage/spack-stage-hdf5-1.10.7-xexa2gll6hf6okdatgrxiwhcjs2uepc7/spack-src/src/H5Faccum.c line 824 in H5F__accum_write(): file write failed
    major: Low-level I/O
    minor: Write failed
  #011: /scratch/spack_cpu/job_21700923/spack-stage/spack-stage-hdf5-1.10.7-xexa2gll6hf6okdatgrxiwhcjs2uepc7/spack-src/src/H5FDint.c line 249 in H5FD_write(): driver write request failed
    major: Virtual File Layer
    minor: Write failed
  #012: /scratch/spack_cpu/job_21700923/spack-stage/spack-stage-hdf5-1.10.7-xexa2gll6hf6okdatgrxiwhcjs2uepc7/spack-src/src/H5FDsec2.c line 856 in H5FD__sec2_write(): file write failed: time = Wed Nov 19 08:10:06 2025
, filename = 'checkpoint.h5', file descriptor = 5, errno = 14, error message = 'Bad address', buf = 0x1555537c4000, total write size = 15969552, bytes this sub-write = 15969552, bytes actually written = 18446744073709551615, offset = 0
    major: Low-level I/O
    minor: Write failed
HDF5-DIAG: Error detected in HDF5 (1.10.7) thread 0:
  #000: /scratch/spack_cpu/job_21700923/spack-stage/spack-stage-hdf5-1.10.7-xexa2gll6hf6okdatgrxiwhcjs2uepc7/spack-src/src/H5Dio.c line 335 in H5Dwrite(): can't write data
    major: Dataset
    minor: Write failed
  #001: /scratch/spack_cpu/job_21700923/spack-stage/spack-stage-hdf5-1.10.7-xexa2gll6hf6okdatgrxiwhcjs2uepc7/spack-src/src/H5Dio.c line 813 in H5D__write(): can't write data
    major: Dataset
    minor: Write failed
  #002: /scratch/spack_cpu/job_21700923/spack-stage/spack-stage-hdf5-1.10.7-xexa2gll6hf6okdatgrxiwhcjs2uepc7/spack-src/src/H5Dcontig.c line 659 in H5D__contig_write(): contiguous write failed
    major: Dataset
    minor: Write failed
  #003: /scratch/spack_cpu/job_21700923/spack-stage/spack-stage-hdf5-1.10.7-xexa2gll6hf6okdatgrxiwhcjs2uepc7/spack-src/src/H5Dselect.c line 321 in H5D__select_write(): write error
    major: Dataspace
    minor: Write failed
  #004: /scratch/spack_cpu/job_21700923/spack-stage/spack-stage-hdf5-1.10.7-xexa2gll6hf6okdatgrxiwhcjs2uepc7/spack-src/src/H5Dselect.c line 230 in H5D__select_io(): write error
    major: Dataspace
    minor: Write failed
  #005: /scratch/spack_cpu/job_21700923/spack-stage/spack-stage-hdf5-1.10.7-xexa2gll6hf6okdatgrxiwhcjs2uepc7/spack-src/src/H5Dcontig.c line 1281 in H5D__contig_writevv(): can't perform vectorized sieve buffer write
    major: Dataset
    minor: Can't operate on object
  #006: /scratch/spack_cpu/job_21700923/spack-stage/spack-stage-hdf5-1.10.7-xexa2gll6hf6okdatgrxiwhcjs2uepc7/spack-src/src/H5VM.c line 1464 in H5VM_opvv(): can't perform operation
    major: Internal error (too specific to document in detail)
    minor: Can't operate on object
  #007: /scratch/spack_cpu/job_21700923/spack-stage/spack-stage-hdf5-1.10.7-xexa2gll6hf6okdatgrxiwhcjs2uepc7/spack-src/src/H5Dcontig.c line 1029 in H5D__contig_writevv_sieve_cb(): block write failed
    major: Dataset
    minor: Write failed
  #008: /scratch/spack_cpu/job_21700923/spack-stage/spack-stage-hdf5-1.10.7-xexa2gll6hf6okdatgrxiwhcjs2uepc7/spack-src/src/H5Fio.c line 161 in H5F_block_write(): write through page buffer failed
    major: Low-level I/O
    minor: Write failed
  #009: /scratch/spack_cpu/job_21700923/spack-stage/spack-stage-hdf5-1.10.7-xexa2gll6hf6okdatgrxiwhcjs2uepc7/spack-src/src/H5PB.c line 1032 in H5PB_write(): write through metadata accumulator failed
    major: Page Buffering
    minor: Write failed
  #010: /scratch/spack_cpu/job_21700923/spack-stage/spack-stage-hdf5-1.10.7-xexa2gll6hf6okdatgrxiwhcjs2uepc7/spack-src/src/H5Faccum.c line 824 in H5F__accum_write(): file write failed
    major: Low-level I/O
    minor: Write failed
  #011: /scratch/spack_cpu/job_21700923/spack-stage/spack-stage-hdf5-1.10.7-xexa2gll6hf6okdatgrxiwhcjs2uepc7/spack-src/src/H5FDint.c line 249 in H5FD_write(): driver write request failed
    major: Virtual File Layer
    minor: Write failed
  #012: /scratch/spack_cpu/job_21700923/spack-stage/spack-stage-hdf5-1.10.7-xexa2gll6hf6okdatgrxiwhcjs2uepc7/spack-src/src/H5FDsec2.c line 856 in H5FD__sec2_write(): file write failed: time = Wed Nov 19 08:10:17 2025
, filename = 'checkpoint.h5', file descriptor = 5, errno = 14, error message = 'Bad address', buf = 0x1555537c4000, total write size = 15969552, bytes this sub-write = 15969552, bytes actually written = 18446744073709551615, offset = 0
    major: Low-level I/O
    minor: Write failed
HDF5-DIAG: Error detected in HDF5 (1.10.7) thread 0:
  #000: /scratch/spack_cpu/job_21700923/spack-stage/spack-stage-hdf5-1.10.7-xexa2gll6hf6okdatgrxiwhcjs2uepc7/spack-src/src/H5Dio.c line 335 in H5Dwrite(): can't write data
    major: Dataset
    minor: Write failed
  #001: /scratch/spack_cpu/job_21700923/spack-stage/spack-stage-hdf5-1.10.7-xexa2gll6hf6okdatgrxiwhcjs2uepc7/spack-src/src/H5Dio.c line 813 in H5D__write(): can't write data
    major: Dataset
    minor: Write failed
  #002: /scratch/spack_cpu/job_21700923/spack-stage/spack-stage-hdf5-1.10.7-xexa2gll6hf6okdatgrxiwhcjs2uepc7/spack-src/src/H5Dcontig.c line 659 in H5D__contig_write(): contiguous write failed
    major: Dataset
    minor: Write failed
  #003: /scratch/spack_cpu/job_21700923/spack-stage/spack-stage-hdf5-1.10.7-xexa2gll6hf6okdatgrxiwhcjs2uepc7/spack-src/src/H5Dselect.c line 321 in H5D__select_write(): write error
    major: Dataspace
    minor: Write failed
  #004: /scratch/spack_cpu/job_21700923/spack-stage/spack-stage-hdf5-1.10.7-xexa2gll6hf6okdatgrxiwhcjs2uepc7/spack-src/src/H5Dselect.c line 230 in H5D__select_io(): write error
    major: Dataspace
    minor: Write failed
  #005: /scratch/spack_cpu/job_21700923/spack-stage/spack-stage-hdf5-1.10.7-xexa2gll6hf6okdatgrxiwhcjs2uepc7/spack-src/src/H5Dcontig.c line 1281 in H5D__contig_writevv(): can't perform vectorized sieve buffer write
    major: Dataset
    minor: Can't operate on object
  #006: /scratch/spack_cpu/job_21700923/spack-stage/spack-stage-hdf5-1.10.7-xexa2gll6hf6okdatgrxiwhcjs2uepc7/spack-src/src/H5VM.c line 1464 in H5VM_opvv(): can't perform operation
    major: Internal error (too specific to document in detail)
    minor: Can't operate on object
  #007: /scratch/spack_cpu/job_21700923/spack-stage/spack-stage-hdf5-1.10.7-xexa2gll6hf6okdatgrxiwhcjs2uepc7/spack-src/src/H5Dcontig.c line 1029 in H5D__contig_writevv_sieve_cb(): block write failed
    major: Dataset
    minor: Write failed
  #008: /scratch/spack_cpu/job_21700923/spack-stage/spack-stage-hdf5-1.10.7-xexa2gll6hf6okdatgrxiwhcjs2uepc7/spack-src/src/H5Fio.c line 161 in H5F_block_write(): write through page buffer failed
    major: Low-level I/O
    minor: Write failed
  #009: /scratch/spack_cpu/job_21700923/spack-stage/spack-stage-hdf5-1.10.7-xexa2gll6hf6okdatgrxiwhcjs2uepc7/spack-src/src/H5PB.c line 1032 in H5PB_write(): write through metadata accumulator failed
    major: Page Buffering
    minor: Write failed
  #010: /scratch/spack_cpu/job_21700923/spack-stage/spack-stage-hdf5-1.10.7-xexa2gll6hf6okdatgrxiwhcjs2uepc7/spack-src/src/H5Faccum.c line 824 in H5F__accum_write(): file write failed
    major: Low-level I/O
    minor: Write failed
  #011: /scratch/spack_cpu/job_21700923/spack-stage/spack-stage-hdf5-1.10.7-xexa2gll6hf6okdatgrxiwhcjs2uepc7/spack-src/src/H5FDint.c line 249 in H5FD_write(): driver write request failed
    major: Virtual File Layer
    minor: Write failed
  #012: /scratch/spack_cpu/job_21700923/spack-stage/spack-stage-hdf5-1.10.7-xexa2gll6hf6okdatgrxiwhcjs2uepc7/spack-src/src/H5FDsec2.c line 856 in H5FD__sec2_write(): file write failed: time = Wed Nov 19 08:10:29 2025
, filename = 'checkpoint.h5', file descriptor = 5, errno = 14, error message = 'Bad address', buf = 0x1555537c4000, total write size = 15969552, bytes this sub-write = 15969552, bytes actually written = 18446744073709551615, offset = 0
    major: Low-level I/O
    minor: Write failed
HDF5-DIAG: Error detected in HDF5 (1.10.7) thread 0:
  #000: /scratch/spack_cpu/job_21700923/spack-stage/spack-stage-hdf5-1.10.7-xexa2gll6hf6okdatgrxiwhcjs2uepc7/spack-src/src/H5Dio.c line 335 in H5Dwrite(): can't write data
    major: Dataset
    minor: Write failed
  #001: /scratch/spack_cpu/job_21700923/spack-stage/spack-stage-hdf5-1.10.7-xexa2gll6hf6okdatgrxiwhcjs2uepc7/spack-src/src/H5Dio.c line 813 in H5D__write(): can't write data
    major: Dataset
    minor: Write failed
  #002: /scratch/spack_cpu/job_21700923/spack-stage/spack-stage-hdf5-1.10.7-xexa2gll6hf6okdatgrxiwhcjs2uepc7/spack-src/src/H5Dcontig.c line 659 in H5D__contig_write(): contiguous write failed
    major: Dataset
    minor: Write failed
  #003: /scratch/spack_cpu/job_21700923/spack-stage/spack-stage-hdf5-1.10.7-xexa2gll6hf6okdatgrxiwhcjs2uepc7/spack-src/src/H5Dselect.c line 321 in H5D__select_write(): write error
    major: Dataspace
    minor: Write failed
  #004: /scratch/spack_cpu/job_21700923/spack-stage/spack-stage-hdf5-1.10.7-xexa2gll6hf6okdatgrxiwhcjs2uepc7/spack-src/src/H5Dselect.c line 230 in H5D__select_io(): write error
    major: Dataspace
    minor: Write failed
  #005: /scratch/spack_cpu/job_21700923/spack-stage/spack-stage-hdf5-1.10.7-xexa2gll6hf6okdatgrxiwhcjs2uepc7/spack-src/src/H5Dcontig.c line 1281 in H5D__contig_writevv(): can't perform vectorized sieve buffer write
    major: Dataset
    minor: Can't operate on object
  #006: /scratch/spack_cpu/job_21700923/spack-stage/spack-stage-hdf5-1.10.7-xexa2gll6hf6okdatgrxiwhcjs2uepc7/spack-src/src/H5VM.c line 1464 in H5VM_opvv(): can't perform operation
    major: Internal error (too specific to document in detail)
    minor: Can't operate on object
  #007: /scratch/spack_cpu/job_21700923/spack-stage/spack-stage-hdf5-1.10.7-xexa2gll6hf6okdatgrxiwhcjs2uepc7/spack-src/src/H5Dcontig.c line 1029 in H5D__contig_writevv_sieve_cb(): block write failed
    major: Dataset
    minor: Write failed
  #008: /scratch/spack_cpu/job_21700923/spack-stage/spack-stage-hdf5-1.10.7-xexa2gll6hf6okdatgrxiwhcjs2uepc7/spack-src/src/H5Fio.c line 161 in H5F_block_write(): write through page buffer failed
    major: Low-level I/O
    minor: Write failed
  #009: /scratch/spack_cpu/job_21700923/spack-stage/spack-stage-hdf5-1.10.7-xexa2gll6hf6okdatgrxiwhcjs2uepc7/spack-src/src/H5PB.c line 1032 in H5PB_write(): write through metadata accumulator failed
    major: Page Buffering
    minor: Write failed
  #010: /scratch/spack_cpu/job_21700923/spack-stage/spack-stage-hdf5-1.10.7-xexa2gll6hf6okdatgrxiwhcjs2uepc7/spack-src/src/H5Faccum.c line 824 in H5F__accum_write(): file write failed
    major: Low-level I/O
    minor: Write failed
  #011: /scratch/spack_cpu/job_21700923/spack-stage/spack-stage-hdf5-1.10.7-xexa2gll6hf6okdatgrxiwhcjs2uepc7/spack-src/src/H5FDint.c line 249 in H5FD_write(): driver write request failed
    major: Virtual File Layer
    minor: Write failed
  #012: /scratch/spack_cpu/job_21700923/spack-stage/spack-stage-hdf5-1.10.7-xexa2gll6hf6okdatgrxiwhcjs2uepc7/spack-src/src/H5FDsec2.c line 856 in H5FD__sec2_write(): file write failed: time = Wed Nov 19 08:10:41 2025
, filename = 'checkpoint.h5', file descriptor = 5, errno = 14, error message = 'Bad address', buf = 0x1555537c4000, total write size = 15969552, bytes this sub-write = 15969552, bytes actually written = 18446744073709551615, offset = 0
    major: Low-level I/O
    minor: Write failed
HDF5-DIAG: Error detected in HDF5 (1.10.7) thread 0:
  #000: /scratch/spack_cpu/job_21700923/spack-stage/spack-stage-hdf5-1.10.7-xexa2gll6hf6okdatgrxiwhcjs2uepc7/spack-src/src/H5Dio.c line 335 in H5Dwrite(): can't write data
    major: Dataset
    minor: Write failed
  #001: /scratch/spack_cpu/job_21700923/spack-stage/spack-stage-hdf5-1.10.7-xexa2gll6hf6okdatgrxiwhcjs2uepc7/spack-src/src/H5Dio.c line 813 in H5D__write(): can't write data
    major: Dataset
    minor: Write failed
  #002: /scratch/spack_cpu/job_21700923/spack-stage/spack-stage-hdf5-1.10.7-xexa2gll6hf6okdatgrxiwhcjs2uepc7/spack-src/src/H5Dcontig.c line 659 in H5D__contig_write(): contiguous write failed
    major: Dataset
    minor: Write failed
  #003: /scratch/spack_cpu/job_21700923/spack-stage/spack-stage-hdf5-1.10.7-xexa2gll6hf6okdatgrxiwhcjs2uepc7/spack-src/src/H5Dselect.c line 321 in H5D__select_write(): write error
    major: Dataspace
    minor: Write failed
  #004: /scratch/spack_cpu/job_21700923/spack-stage/spack-stage-hdf5-1.10.7-xexa2gll6hf6okdatgrxiwhcjs2uepc7/spack-src/src/H5Dselect.c line 230 in H5D__select_io(): write error
    major: Dataspace
    minor: Write failed
  #005: /scratch/spack_cpu/job_21700923/spack-stage/spack-stage-hdf5-1.10.7-xexa2gll6hf6okdatgrxiwhcjs2uepc7/spack-src/src/H5Dcontig.c line 1281 in H5D__contig_writevv(): can't perform vectorized sieve buffer write
    major: Dataset
    minor: Can't operate on object
  #006: /scratch/spack_cpu/job_21700923/spack-stage/spack-stage-hdf5-1.10.7-xexa2gll6hf6okdatgrxiwhcjs2uepc7/spack-src/src/H5VM.c line 1464 in H5VM_opvv(): can't perform operation
    major: Internal error (too specific to document in detail)
    minor: Can't operate on object
  #007: /scratch/spack_cpu/job_21700923/spack-stage/spack-stage-hdf5-1.10.7-xexa2gll6hf6okdatgrxiwhcjs2uepc7/spack-src/src/H5Dcontig.c line 1029 in H5D__contig_writevv_sieve_cb(): block write failed
    major: Dataset
    minor: Write failed
  #008: /scratch/spack_cpu/job_21700923/spack-stage/spack-stage-hdf5-1.10.7-xexa2gll6hf6okdatgrxiwhcjs2uepc7/spack-src/src/H5Fio.c line 161 in H5F_block_write(): write through page buffer failed
    major: Low-level I/O
    minor: Write failed
  #009: /scratch/spack_cpu/job_21700923/spack-stage/spack-stage-hdf5-1.10.7-xexa2gll6hf6okdatgrxiwhcjs2uepc7/spack-src/src/H5PB.c line 1032 in H5PB_write(): write through metadata accumulator failed
    major: Page Buffering
    minor: Write failed
  #010: /scratch/spack_cpu/job_21700923/spack-stage/spack-stage-hdf5-1.10.7-xexa2gll6hf6okdatgrxiwhcjs2uepc7/spack-src/src/H5Faccum.c line 824 in H5F__accum_write(): file write failed
    major: Low-level I/O
    minor: Write failed
  #011: /scratch/spack_cpu/job_21700923/spack-stage/spack-stage-hdf5-1.10.7-xexa2gll6hf6okdatgrxiwhcjs2uepc7/spack-src/src/H5FDint.c line 249 in H5FD_write(): driver write request failed
    major: Virtual File Layer
    minor: Write failed
  #012: /scratch/spack_cpu/job_21700923/spack-stage/spack-stage-hdf5-1.10.7-xexa2gll6hf6okdatgrxiwhcjs2uepc7/spack-src/src/H5FDsec2.c line 856 in H5FD__sec2_write(): file write failed: time = Wed Nov 19 08:10:53 2025
, filename = 'checkpoint.h5', file descriptor = 5, errno = 14, error message = 'Bad address', buf = 0x1555537c4000, total write size = 15969552, bytes this sub-write = 15969552, bytes actually written = 18446744073709551615, offset = 0
    major: Low-level I/O
    minor: Write failed
HDF5-DIAG: Error detected in HDF5 (1.10.7) thread 0:
  #000: /scratch/spack_cpu/job_21700923/spack-stage/spack-stage-hdf5-1.10.7-xexa2gll6hf6okdatgrxiwhcjs2uepc7/spack-src/src/H5Dio.c line 335 in H5Dwrite(): can't write data
    major: Dataset
    minor: Write failed
  #001: /scratch/spack_cpu/job_21700923/spack-stage/spack-stage-hdf5-1.10.7-xexa2gll6hf6okdatgrxiwhcjs2uepc7/spack-src/src/H5Dio.c line 813 in H5D__write(): can't write data
    major: Dataset
    minor: Write failed
  #002: /scratch/spack_cpu/job_21700923/spack-stage/spack-stage-hdf5-1.10.7-xexa2gll6hf6okdatgrxiwhcjs2uepc7/spack-src/src/H5Dcontig.c line 659 in H5D__contig_write(): contiguous write failed
    major: Dataset
    minor: Write failed
  #003: /scratch/spack_cpu/job_21700923/spack-stage/spack-stage-hdf5-1.10.7-xexa2gll6hf6okdatgrxiwhcjs2uepc7/spack-src/src/H5Dselect.c line 321 in H5D__select_write(): write error
    major: Dataspace
    minor: Write failed
  #004: /scratch/spack_cpu/job_21700923/spack-stage/spack-stage-hdf5-1.10.7-xexa2gll6hf6okdatgrxiwhcjs2uepc7/spack-src/src/H5Dselect.c line 230 in H5D__select_io(): write error
    major: Dataspace
    minor: Write failed
  #005: /scratch/spack_cpu/job_21700923/spack-stage/spack-stage-hdf5-1.10.7-xexa2gll6hf6okdatgrxiwhcjs2uepc7/spack-src/src/H5Dcontig.c line 1281 in H5D__contig_writevv(): can't perform vectorized sieve buffer write
    major: Dataset
    minor: Can't operate on object
  #006: /scratch/spack_cpu/job_21700923/spack-stage/spack-stage-hdf5-1.10.7-xexa2gll6hf6okdatgrxiwhcjs2uepc7/spack-src/src/H5VM.c line 1464 in H5VM_opvv(): can't perform operation
    major: Internal error (too specific to document in detail)
    minor: Can't operate on object
  #007: /scratch/spack_cpu/job_21700923/spack-stage/spack-stage-hdf5-1.10.7-xexa2gll6hf6okdatgrxiwhcjs2uepc7/spack-src/src/H5Dcontig.c line 1029 in H5D__contig_writevv_sieve_cb(): block write failed
    major: Dataset
    minor: Write failed
  #008: /scratch/spack_cpu/job_21700923/spack-stage/spack-stage-hdf5-1.10.7-xexa2gll6hf6okdatgrxiwhcjs2uepc7/spack-src/src/H5Fio.c line 161 in H5F_block_write(): write through page buffer failed
    major: Low-level I/O
    minor: Write failed
  #009: /scratch/spack_cpu/job_21700923/spack-stage/spack-stage-hdf5-1.10.7-xexa2gll6hf6okdatgrxiwhcjs2uepc7/spack-src/src/H5PB.c line 1032 in H5PB_write(): write through metadata accumulator failed
    major: Page Buffering
    minor: Write failed
  #010: /scratch/spack_cpu/job_21700923/spack-stage/spack-stage-hdf5-1.10.7-xexa2gll6hf6okdatgrxiwhcjs2uepc7/spack-src/src/H5Faccum.c line 824 in H5F__accum_write(): file write failed
    major: Low-level I/O
    minor: Write failed
  #011: /scratch/spack_cpu/job_21700923/spack-stage/spack-stage-hdf5-1.10.7-xexa2gll6hf6okdatgrxiwhcjs2uepc7/spack-src/src/H5FDint.c line 249 in H5FD_write(): driver write request failed
    major: Virtual File Layer
    minor: Write failed
  #012: /scratch/spack_cpu/job_21700923/spack-stage/spack-stage-hdf5-1.10.7-xexa2gll6hf6okdatgrxiwhcjs2uepc7/spack-src/src/H5FDsec2.c line 856 in H5FD__sec2_write(): file write failed: time = Wed Nov 19 08:11:03 2025
, filename = 'checkpoint.h5', file descriptor = 5, errno = 14, error message = 'Bad address', buf = 0x1555537c4000, total write size = 15969552, bytes this sub-write = 15969552, bytes actually written = 18446744073709551615, offset = 0
    major: Low-level I/O
    minor: Write failed
HDF5-DIAG: Error detected in HDF5 (1.10.7) thread 0:
  #000: /scratch/spack_cpu/job_21700923/spack-stage/spack-stage-hdf5-1.10.7-xexa2gll6hf6okdatgrxiwhcjs2uepc7/spack-src/src/H5Dio.c line 335 in H5Dwrite(): can't write data
    major: Dataset
    minor: Write failed
  #001: /scratch/spack_cpu/job_21700923/spack-stage/spack-stage-hdf5-1.10.7-xexa2gll6hf6okdatgrxiwhcjs2uepc7/spack-src/src/H5Dio.c line 813 in H5D__write(): can't write data
    major: Dataset
    minor: Write failed
  #002: /scratch/spack_cpu/job_21700923/spack-stage/spack-stage-hdf5-1.10.7-xexa2gll6hf6okdatgrxiwhcjs2uepc7/spack-src/src/H5Dcontig.c line 659 in H5D__contig_write(): contiguous write failed
    major: Dataset
    minor: Write failed
  #003: /scratch/spack_cpu/job_21700923/spack-stage/spack-stage-hdf5-1.10.7-xexa2gll6hf6okdatgrxiwhcjs2uepc7/spack-src/src/H5Dselect.c line 321 in H5D__select_write(): write error
    major: Dataspace
    minor: Write failed
  #004: /scratch/spack_cpu/job_21700923/spack-stage/spack-stage-hdf5-1.10.7-xexa2gll6hf6okdatgrxiwhcjs2uepc7/spack-src/src/H5Dselect.c line 230 in H5D__select_io(): write error
    major: Dataspace
    minor: Write failed
  #005: /scratch/spack_cpu/job_21700923/spack-stage/spack-stage-hdf5-1.10.7-xexa2gll6hf6okdatgrxiwhcjs2uepc7/spack-src/src/H5Dcontig.c line 1281 in H5D__contig_writevv(): can't perform vectorized sieve buffer write
    major: Dataset
    minor: Can't operate on object
  #006: /scratch/spack_cpu/job_21700923/spack-stage/spack-stage-hdf5-1.10.7-xexa2gll6hf6okdatgrxiwhcjs2uepc7/spack-src/src/H5VM.c line 1464 in H5VM_opvv(): can't perform operation
    major: Internal error (too specific to document in detail)
    minor: Can't operate on object
  #007: /scratch/spack_cpu/job_21700923/spack-stage/spack-stage-hdf5-1.10.7-xexa2gll6hf6okdatgrxiwhcjs2uepc7/spack-src/src/H5Dcontig.c line 1029 in H5D__contig_writevv_sieve_cb(): block write failed
    major: Dataset
    minor: Write failed
  #008: /scratch/spack_cpu/job_21700923/spack-stage/spack-stage-hdf5-1.10.7-xexa2gll6hf6okdatgrxiwhcjs2uepc7/spack-src/src/H5Fio.c line 161 in H5F_block_write(): write through page buffer failed
    major: Low-level I/O
    minor: Write failed
  #009: /scratch/spack_cpu/job_21700923/spack-stage/spack-stage-hdf5-1.10.7-xexa2gll6hf6okdatgrxiwhcjs2uepc7/spack-src/src/H5PB.c line 1032 in H5PB_write(): write through metadata accumulator failed
    major: Page Buffering
    minor: Write failed
  #010: /scratch/spack_cpu/job_21700923/spack-stage/spack-stage-hdf5-1.10.7-xexa2gll6hf6okdatgrxiwhcjs2uepc7/spack-src/src/H5Faccum.c line 824 in H5F__accum_write(): file write failed
    major: Low-level I/O
    minor: Write failed
  #011: /scratch/spack_cpu/job_21700923/spack-stage/spack-stage-hdf5-1.10.7-xexa2gll6hf6okdatgrxiwhcjs2uepc7/spack-src/src/H5FDint.c line 249 in H5FD_write(): driver write request failed
    major: Virtual File Layer
    minor: Write failed
  #012: /scratch/spack_cpu/job_21700923/spack-stage/spack-stage-hdf5-1.10.7-xexa2gll6hf6okdatgrxiwhcjs2uepc7/spack-src/src/H5FDsec2.c line 856 in H5FD__sec2_write(): file write failed: time = Wed Nov 19 08:11:12 2025
, filename = 'checkpoint.h5', file descriptor = 5, errno = 14, error message = 'Bad address', buf = 0x1555537c4000, total write size = 15969552, bytes this sub-write = 15969552, bytes actually written = 18446744073709551615, offset = 0
    major: Low-level I/O
    minor: Write failed
HDF5-DIAG: Error detected in HDF5 (1.10.7) thread 0:
  #000: /scratch/spack_cpu/job_21700923/spack-stage/spack-stage-hdf5-1.10.7-xexa2gll6hf6okdatgrxiwhcjs2uepc7/spack-src/src/H5Dio.c line 335 in H5Dwrite(): can't write data
    major: Dataset
    minor: Write failed
  #001: /scratch/spack_cpu/job_21700923/spack-stage/spack-stage-hdf5-1.10.7-xexa2gll6hf6okdatgrxiwhcjs2uepc7/spack-src/src/H5Dio.c line 813 in H5D__write(): can't write data
    major: Dataset
    minor: Write failed
  #002: /scratch/spack_cpu/job_21700923/spack-stage/spack-stage-hdf5-1.10.7-xexa2gll6hf6okdatgrxiwhcjs2uepc7/spack-src/src/H5Dcontig.c line 659 in H5D__contig_write(): contiguous write failed
    major: Dataset
    minor: Write failed
  #003: /scratch/spack_cpu/job_21700923/spack-stage/spack-stage-hdf5-1.10.7-xexa2gll6hf6okdatgrxiwhcjs2uepc7/spack-src/src/H5Dselect.c line 321 in H5D__select_write(): write error
    major: Dataspace
    minor: Write failed
  #004: /scratch/spack_cpu/job_21700923/spack-stage/spack-stage-hdf5-1.10.7-xexa2gll6hf6okdatgrxiwhcjs2uepc7/spack-src/src/H5Dselect.c line 230 in H5D__select_io(): write error
    major: Dataspace
    minor: Write failed
  #005: /scratch/spack_cpu/job_21700923/spack-stage/spack-stage-hdf5-1.10.7-xexa2gll6hf6okdatgrxiwhcjs2uepc7/spack-src/src/H5Dcontig.c line 1281 in H5D__contig_writevv(): can't perform vectorized sieve buffer write
    major: Dataset
    minor: Can't operate on object
  #006: /scratch/spack_cpu/job_21700923/spack-stage/spack-stage-hdf5-1.10.7-xexa2gll6hf6okdatgrxiwhcjs2uepc7/spack-src/src/H5VM.c line 1464 in H5VM_opvv(): can't perform operation
    major: Internal error (too specific to document in detail)
    minor: Can't operate on object
  #007: /scratch/spack_cpu/job_21700923/spack-stage/spack-stage-hdf5-1.10.7-xexa2gll6hf6okdatgrxiwhcjs2uepc7/spack-src/src/H5Dcontig.c line 1029 in H5D__contig_writevv_sieve_cb(): block write failed
    major: Dataset
    minor: Write failed
  #008: /scratch/spack_cpu/job_21700923/spack-stage/spack-stage-hdf5-1.10.7-xexa2gll6hf6okdatgrxiwhcjs2uepc7/spack-src/src/H5Fio.c line 161 in H5F_block_write(): write through page buffer failed
    major: Low-level I/O
    minor: Write failed
  #009: /scratch/spack_cpu/job_21700923/spack-stage/spack-stage-hdf5-1.10.7-xexa2gll6hf6okdatgrxiwhcjs2uepc7/spack-src/src/H5PB.c line 1032 in H5PB_write(): write through metadata accumulator failed
    major: Page Buffering
    minor: Write failed
  #010: /scratch/spack_cpu/job_21700923/spack-stage/spack-stage-hdf5-1.10.7-xexa2gll6hf6okdatgrxiwhcjs2uepc7/spack-src/src/H5Faccum.c line 824 in H5F__accum_write(): file write failed
    major: Low-level I/O
    minor: Write failed
  #011: /scratch/spack_cpu/job_21700923/spack-stage/spack-stage-hdf5-1.10.7-xexa2gll6hf6okdatgrxiwhcjs2uepc7/spack-src/src/H5FDint.c line 249 in H5FD_write(): driver write request failed
    major: Virtual File Layer
    minor: Write failed
  #012: /scratch/spack_cpu/job_21700923/spack-stage/spack-stage-hdf5-1.10.7-xexa2gll6hf6okdatgrxiwhcjs2uepc7/spack-src/src/H5FDsec2.c line 856 in H5FD__sec2_write(): file write failed: time = Wed Nov 19 08:11:21 2025
, filename = 'checkpoint.h5', file descriptor = 5, errno = 14, error message = 'Bad address', buf = 0x1555537c4000, total write size = 15969552, bytes this sub-write = 15969552, bytes actually written = 18446744073709551615, offset = 0
    major: Low-level I/O
    minor: Write failed
HDF5-DIAG: Error detected in HDF5 (1.10.7) thread 0:
  #000: /scratch/spack_cpu/job_21700923/spack-stage/spack-stage-hdf5-1.10.7-xexa2gll6hf6okdatgrxiwhcjs2uepc7/spack-src/src/H5Dio.c line 335 in H5Dwrite(): can't write data
    major: Dataset
    minor: Write failed
  #001: /scratch/spack_cpu/job_21700923/spack-stage/spack-stage-hdf5-1.10.7-xexa2gll6hf6okdatgrxiwhcjs2uepc7/spack-src/src/H5Dio.c line 813 in H5D__write(): can't write data
    major: Dataset
    minor: Write failed
  #002: /scratch/spack_cpu/job_21700923/spack-stage/spack-stage-hdf5-1.10.7-xexa2gll6hf6okdatgrxiwhcjs2uepc7/spack-src/src/H5Dcontig.c line 659 in H5D__contig_write(): contiguous write failed
    major: Dataset
    minor: Write failed
  #003: /scratch/spack_cpu/job_21700923/spack-stage/spack-stage-hdf5-1.10.7-xexa2gll6hf6okdatgrxiwhcjs2uepc7/spack-src/src/H5Dselect.c line 321 in H5D__select_write(): write error
    major: Dataspace
    minor: Write failed
  #004: /scratch/spack_cpu/job_21700923/spack-stage/spack-stage-hdf5-1.10.7-xexa2gll6hf6okdatgrxiwhcjs2uepc7/spack-src/src/H5Dselect.c line 230 in H5D__select_io(): write error
    major: Dataspace
    minor: Write failed
  #005: /scratch/spack_cpu/job_21700923/spack-stage/spack-stage-hdf5-1.10.7-xexa2gll6hf6okdatgrxiwhcjs2uepc7/spack-src/src/H5Dcontig.c line 1281 in H5D__contig_writevv(): can't perform vectorized sieve buffer write
    major: Dataset
    minor: Can't operate on object
  #006: /scratch/spack_cpu/job_21700923/spack-stage/spack-stage-hdf5-1.10.7-xexa2gll6hf6okdatgrxiwhcjs2uepc7/spack-src/src/H5VM.c line 1464 in H5VM_opvv(): can't perform operation
    major: Internal error (too specific to document in detail)
    minor: Can't operate on object
  #007: /scratch/spack_cpu/job_21700923/spack-stage/spack-stage-hdf5-1.10.7-xexa2gll6hf6okdatgrxiwhcjs2uepc7/spack-src/src/H5Dcontig.c line 1029 in H5D__contig_writevv_sieve_cb(): block write failed
    major: Dataset
    minor: Write failed
  #008: /scratch/spack_cpu/job_21700923/spack-stage/spack-stage-hdf5-1.10.7-xexa2gll6hf6okdatgrxiwhcjs2uepc7/spack-src/src/H5Fio.c line 161 in H5F_block_write(): write through page buffer failed
    major: Low-level I/O
    minor: Write failed
  #009: /scratch/spack_cpu/job_21700923/spack-stage/spack-stage-hdf5-1.10.7-xexa2gll6hf6okdatgrxiwhcjs2uepc7/spack-src/src/H5PB.c line 1032 in H5PB_write(): write through metadata accumulator failed
    major: Page Buffering
    minor: Write failed
  #010: /scratch/spack_cpu/job_21700923/spack-stage/spack-stage-hdf5-1.10.7-xexa2gll6hf6okdatgrxiwhcjs2uepc7/spack-src/src/H5Faccum.c line 824 in H5F__accum_write(): file write failed
    major: Low-level I/O
    minor: Write failed
  #011: /scratch/spack_cpu/job_21700923/spack-stage/spack-stage-hdf5-1.10.7-xexa2gll6hf6okdatgrxiwhcjs2uepc7/spack-src/src/H5FDint.c line 249 in H5FD_write(): driver write request failed
    major: Virtual File Layer
    minor: Write failed
  #012: /scratch/spack_cpu/job_21700923/spack-stage/spack-stage-hdf5-1.10.7-xexa2gll6hf6okdatgrxiwhcjs2uepc7/spack-src/src/H5FDsec2.c line 856 in H5FD__sec2_write(): file write failed: time = Wed Nov 19 08:11:30 2025
, filename = 'checkpoint.h5', file descriptor = 5, errno = 14, error message = 'Bad address', buf = 0x1555537c4000, total write size = 15969552, bytes this sub-write = 15969552, bytes actually written = 18446744073709551615, offset = 0
    major: Low-level I/O
    minor: Write failed
HDF5-DIAG: Error detected in HDF5 (1.10.7) thread 0:
  #000: /scratch/spack_cpu/job_21700923/spack-stage/spack-stage-hdf5-1.10.7-xexa2gll6hf6okdatgrxiwhcjs2uepc7/spack-src/src/H5Dio.c line 335 in H5Dwrite(): can't write data
    major: Dataset
    minor: Write failed
  #001: /scratch/spack_cpu/job_21700923/spack-stage/spack-stage-hdf5-1.10.7-xexa2gll6hf6okdatgrxiwhcjs2uepc7/spack-src/src/H5Dio.c line 813 in H5D__write(): can't write data
    major: Dataset
    minor: Write failed
  #002: /scratch/spack_cpu/job_21700923/spack-stage/spack-stage-hdf5-1.10.7-xexa2gll6hf6okdatgrxiwhcjs2uepc7/spack-src/src/H5Dcontig.c line 659 in H5D__contig_write(): contiguous write failed
    major: Dataset
    minor: Write failed
  #003: /scratch/spack_cpu/job_21700923/spack-stage/spack-stage-hdf5-1.10.7-xexa2gll6hf6okdatgrxiwhcjs2uepc7/spack-src/src/H5Dselect.c line 321 in H5D__select_write(): write error
    major: Dataspace
    minor: Write failed
  #004: /scratch/spack_cpu/job_21700923/spack-stage/spack-stage-hdf5-1.10.7-xexa2gll6hf6okdatgrxiwhcjs2uepc7/spack-src/src/H5Dselect.c line 230 in H5D__select_io(): write error
    major: Dataspace
    minor: Write failed
  #005: /scratch/spack_cpu/job_21700923/spack-stage/spack-stage-hdf5-1.10.7-xexa2gll6hf6okdatgrxiwhcjs2uepc7/spack-src/src/H5Dcontig.c line 1281 in H5D__contig_writevv(): can't perform vectorized sieve buffer write
    major: Dataset
    minor: Can't operate on object
  #006: /scratch/spack_cpu/job_21700923/spack-stage/spack-stage-hdf5-1.10.7-xexa2gll6hf6okdatgrxiwhcjs2uepc7/spack-src/src/H5VM.c line 1464 in H5VM_opvv(): can't perform operation
    major: Internal error (too specific to document in detail)
    minor: Can't operate on object
  #007: /scratch/spack_cpu/job_21700923/spack-stage/spack-stage-hdf5-1.10.7-xexa2gll6hf6okdatgrxiwhcjs2uepc7/spack-src/src/H5Dcontig.c line 1029 in H5D__contig_writevv_sieve_cb(): block write failed
    major: Dataset
    minor: Write failed
  #008: /scratch/spack_cpu/job_21700923/spack-stage/spack-stage-hdf5-1.10.7-xexa2gll6hf6okdatgrxiwhcjs2uepc7/spack-src/src/H5Fio.c line 161 in H5F_block_write(): write through page buffer failed
    major: Low-level I/O
    minor: Write failed
  #009: /scratch/spack_cpu/job_21700923/spack-stage/spack-stage-hdf5-1.10.7-xexa2gll6hf6okdatgrxiwhcjs2uepc7/spack-src/src/H5PB.c line 1032 in H5PB_write(): write through metadata accumulator failed
    major: Page Buffering
    minor: Write failed
  #010: /scratch/spack_cpu/job_21700923/spack-stage/spack-stage-hdf5-1.10.7-xexa2gll6hf6okdatgrxiwhcjs2uepc7/spack-src/src/H5Faccum.c line 824 in H5F__accum_write(): file write failed
    major: Low-level I/O
    minor: Write failed
  #011: /scratch/spack_cpu/job_21700923/spack-stage/spack-stage-hdf5-1.10.7-xexa2gll6hf6okdatgrxiwhcjs2uepc7/spack-src/src/H5FDint.c line 249 in H5FD_write(): driver write request failed
    major: Virtual File Layer
    minor: Write failed
  #012: /scratch/spack_cpu/job_21700923/spack-stage/spack-stage-hdf5-1.10.7-xexa2gll6hf6okdatgrxiwhcjs2uepc7/spack-src/src/H5FDsec2.c line 856 in H5FD__sec2_write(): file write failed: time = Wed Nov 19 08:11:39 2025
, filename = 'checkpoint.h5', file descriptor = 5, errno = 14, error message = 'Bad address', buf = 0x1555537c4000, total write size = 15969552, bytes this sub-write = 15969552, bytes actually written = 18446744073709551615, offset = 0
    major: Low-level I/O
    minor: Write failed
HDF5-DIAG: Error detected in HDF5 (1.10.7) thread 0:
  #000: /scratch/spack_cpu/job_21700923/spack-stage/spack-stage-hdf5-1.10.7-xexa2gll6hf6okdatgrxiwhcjs2uepc7/spack-src/src/H5Dio.c line 335 in H5Dwrite(): can't write data
    major: Dataset
    minor: Write failed
  #001: /scratch/spack_cpu/job_21700923/spack-stage/spack-stage-hdf5-1.10.7-xexa2gll6hf6okdatgrxiwhcjs2uepc7/spack-src/src/H5Dio.c line 813 in H5D__write(): can't write data
    major: Dataset
    minor: Write failed
  #002: /scratch/spack_cpu/job_21700923/spack-stage/spack-stage-hdf5-1.10.7-xexa2gll6hf6okdatgrxiwhcjs2uepc7/spack-src/src/H5Dcontig.c line 659 in H5D__contig_write(): contiguous write failed
    major: Dataset
    minor: Write failed
  #003: /scratch/spack_cpu/job_21700923/spack-stage/spack-stage-hdf5-1.10.7-xexa2gll6hf6okdatgrxiwhcjs2uepc7/spack-src/src/H5Dselect.c line 321 in H5D__select_write(): write error
    major: Dataspace
    minor: Write failed
  #004: /scratch/spack_cpu/job_21700923/spack-stage/spack-stage-hdf5-1.10.7-xexa2gll6hf6okdatgrxiwhcjs2uepc7/spack-src/src/H5Dselect.c line 230 in H5D__select_io(): write error
    major: Dataspace
    minor: Write failed
  #005: /scratch/spack_cpu/job_21700923/spack-stage/spack-stage-hdf5-1.10.7-xexa2gll6hf6okdatgrxiwhcjs2uepc7/spack-src/src/H5Dcontig.c line 1281 in H5D__contig_writevv(): can't perform vectorized sieve buffer write
    major: Dataset
    minor: Can't operate on object
  #006: /scratch/spack_cpu/job_21700923/spack-stage/spack-stage-hdf5-1.10.7-xexa2gll6hf6okdatgrxiwhcjs2uepc7/spack-src/src/H5VM.c line 1464 in H5VM_opvv(): can't perform operation
    major: Internal error (too specific to document in detail)
    minor: Can't operate on object
  #007: /scratch/spack_cpu/job_21700923/spack-stage/spack-stage-hdf5-1.10.7-xexa2gll6hf6okdatgrxiwhcjs2uepc7/spack-src/src/H5Dcontig.c line 1029 in H5D__contig_writevv_sieve_cb(): block write failed
    major: Dataset
    minor: Write failed
  #008: /scratch/spack_cpu/job_21700923/spack-stage/spack-stage-hdf5-1.10.7-xexa2gll6hf6okdatgrxiwhcjs2uepc7/spack-src/src/H5Fio.c line 161 in H5F_block_write(): write through page buffer failed
    major: Low-level I/O
    minor: Write failed
  #009: /scratch/spack_cpu/job_21700923/spack-stage/spack-stage-hdf5-1.10.7-xexa2gll6hf6okdatgrxiwhcjs2uepc7/spack-src/src/H5PB.c line 1032 in H5PB_write(): write through metadata accumulator failed
    major: Page Buffering
    minor: Write failed
  #010: /scratch/spack_cpu/job_21700923/spack-stage/spack-stage-hdf5-1.10.7-xexa2gll6hf6okdatgrxiwhcjs2uepc7/spack-src/src/H5Faccum.c line 824 in H5F__accum_write(): file write failed
    major: Low-level I/O
    minor: Write failed
  #011: /scratch/spack_cpu/job_21700923/spack-stage/spack-stage-hdf5-1.10.7-xexa2gll6hf6okdatgrxiwhcjs2uepc7/spack-src/src/H5FDint.c line 249 in H5FD_write(): driver write request failed
    major: Virtual File Layer
    minor: Write failed
  #012: /scratch/spack_cpu/job_21700923/spack-stage/spack-stage-hdf5-1.10.7-xexa2gll6hf6okdatgrxiwhcjs2uepc7/spack-src/src/H5FDsec2.c line 856 in H5FD__sec2_write(): file write failed: time = Wed Nov 19 08:11:49 2025
, filename = 'checkpoint.h5', file descriptor = 5, errno = 14, error message = 'Bad address', buf = 0x1555537c4000, total write size = 15969552, bytes this sub-write = 15969552, bytes actually written = 18446744073709551615, offset = 0
    major: Low-level I/O
    minor: Write failed
HDF5-DIAG: Error detected in HDF5 (1.10.7) thread 0:
  #000: /scratch/spack_cpu/job_21700923/spack-stage/spack-stage-hdf5-1.10.7-xexa2gll6hf6okdatgrxiwhcjs2uepc7/spack-src/src/H5Dio.c line 335 in H5Dwrite(): can't write data
    major: Dataset
    minor: Write failed
  #001: /scratch/spack_cpu/job_21700923/spack-stage/spack-stage-hdf5-1.10.7-xexa2gll6hf6okdatgrxiwhcjs2uepc7/spack-src/src/H5Dio.c line 813 in H5D__write(): can't write data
    major: Dataset
    minor: Write failed
  #002: /scratch/spack_cpu/job_21700923/spack-stage/spack-stage-hdf5-1.10.7-xexa2gll6hf6okdatgrxiwhcjs2uepc7/spack-src/src/H5Dcontig.c line 659 in H5D__contig_write(): contiguous write failed
    major: Dataset
    minor: Write failed
  #003: /scratch/spack_cpu/job_21700923/spack-stage/spack-stage-hdf5-1.10.7-xexa2gll6hf6okdatgrxiwhcjs2uepc7/spack-src/src/H5Dselect.c line 321 in H5D__select_write(): write error
    major: Dataspace
    minor: Write failed
  #004: /scratch/spack_cpu/job_21700923/spack-stage/spack-stage-hdf5-1.10.7-xexa2gll6hf6okdatgrxiwhcjs2uepc7/spack-src/src/H5Dselect.c line 230 in H5D__select_io(): write error
    major: Dataspace
    minor: Write failed
  #005: /scratch/spack_cpu/job_21700923/spack-stage/spack-stage-hdf5-1.10.7-xexa2gll6hf6okdatgrxiwhcjs2uepc7/spack-src/src/H5Dcontig.c line 1281 in H5D__contig_writevv(): can't perform vectorized sieve buffer write
    major: Dataset
    minor: Can't operate on object
  #006: /scratch/spack_cpu/job_21700923/spack-stage/spack-stage-hdf5-1.10.7-xexa2gll6hf6okdatgrxiwhcjs2uepc7/spack-src/src/H5VM.c line 1464 in H5VM_opvv(): can't perform operation
    major: Internal error (too specific to document in detail)
    minor: Can't operate on object
  #007: /scratch/spack_cpu/job_21700923/spack-stage/spack-stage-hdf5-1.10.7-xexa2gll6hf6okdatgrxiwhcjs2uepc7/spack-src/src/H5Dcontig.c line 1029 in H5D__contig_writevv_sieve_cb(): block write failed
    major: Dataset
    minor: Write failed
  #008: /scratch/spack_cpu/job_21700923/spack-stage/spack-stage-hdf5-1.10.7-xexa2gll6hf6okdatgrxiwhcjs2uepc7/spack-src/src/H5Fio.c line 161 in H5F_block_write(): write through page buffer failed
    major: Low-level I/O
    minor: Write failed
  #009: /scratch/spack_cpu/job_21700923/spack-stage/spack-stage-hdf5-1.10.7-xexa2gll6hf6okdatgrxiwhcjs2uepc7/spack-src/src/H5PB.c line 1032 in H5PB_write(): write through metadata accumulator failed
    major: Page Buffering
    minor: Write failed
  #010: /scratch/spack_cpu/job_21700923/spack-stage/spack-stage-hdf5-1.10.7-xexa2gll6hf6okdatgrxiwhcjs2uepc7/spack-src/src/H5Faccum.c line 824 in H5F__accum_write(): file write failed
    major: Low-level I/O
    minor: Write failed
  #011: /scratch/spack_cpu/job_21700923/spack-stage/spack-stage-hdf5-1.10.7-xexa2gll6hf6okdatgrxiwhcjs2uepc7/spack-src/src/H5FDint.c line 249 in H5FD_write(): driver write request failed
    major: Virtual File Layer
    minor: Write failed
  #012: /scratch/spack_cpu/job_21700923/spack-stage/spack-stage-hdf5-1.10.7-xexa2gll6hf6okdatgrxiwhcjs2uepc7/spack-src/src/H5FDsec2.c line 856 in H5FD__sec2_write(): file write failed: time = Wed Nov 19 08:11:59 2025
, filename = 'checkpoint.h5', file descriptor = 5, errno = 14, error message = 'Bad address', buf = 0x1555537c4000, total write size = 15969552, bytes this sub-write = 15969552, bytes actually written = 18446744073709551615, offset = 0
    major: Low-level I/O
    minor: Write failed
HDF5-DIAG: Error detected in HDF5 (1.10.7) thread 0:
  #000: /scratch/spack_cpu/job_21700923/spack-stage/spack-stage-hdf5-1.10.7-xexa2gll6hf6okdatgrxiwhcjs2uepc7/spack-src/src/H5Dio.c line 335 in H5Dwrite(): can't write data
    major: Dataset
    minor: Write failed
  #001: /scratch/spack_cpu/job_21700923/spack-stage/spack-stage-hdf5-1.10.7-xexa2gll6hf6okdatgrxiwhcjs2uepc7/spack-src/src/H5Dio.c line 813 in H5D__write(): can't write data
    major: Dataset
    minor: Write failed
  #002: /scratch/spack_cpu/job_21700923/spack-stage/spack-stage-hdf5-1.10.7-xexa2gll6hf6okdatgrxiwhcjs2uepc7/spack-src/src/H5Dcontig.c line 659 in H5D__contig_write(): contiguous write failed
    major: Dataset
    minor: Write failed
  #003: /scratch/spack_cpu/job_21700923/spack-stage/spack-stage-hdf5-1.10.7-xexa2gll6hf6okdatgrxiwhcjs2uepc7/spack-src/src/H5Dselect.c line 321 in H5D__select_write(): write error
    major: Dataspace
    minor: Write failed
  #004: /scratch/spack_cpu/job_21700923/spack-stage/spack-stage-hdf5-1.10.7-xexa2gll6hf6okdatgrxiwhcjs2uepc7/spack-src/src/H5Dselect.c line 230 in H5D__select_io(): write error
    major: Dataspace
    minor: Write failed
  #005: /scratch/spack_cpu/job_21700923/spack-stage/spack-stage-hdf5-1.10.7-xexa2gll6hf6okdatgrxiwhcjs2uepc7/spack-src/src/H5Dcontig.c line 1281 in H5D__contig_writevv(): can't perform vectorized sieve buffer write
    major: Dataset
    minor: Can't operate on object
  #006: /scratch/spack_cpu/job_21700923/spack-stage/spack-stage-hdf5-1.10.7-xexa2gll6hf6okdatgrxiwhcjs2uepc7/spack-src/src/H5VM.c line 1464 in H5VM_opvv(): can't perform operation
    major: Internal error (too specific to document in detail)
    minor: Can't operate on object
  #007: /scratch/spack_cpu/job_21700923/spack-stage/spack-stage-hdf5-1.10.7-xexa2gll6hf6okdatgrxiwhcjs2uepc7/spack-src/src/H5Dcontig.c line 1029 in H5D__contig_writevv_sieve_cb(): block write failed
    major: Dataset
    minor: Write failed
  #008: /scratch/spack_cpu/job_21700923/spack-stage/spack-stage-hdf5-1.10.7-xexa2gll6hf6okdatgrxiwhcjs2uepc7/spack-src/src/H5Fio.c line 161 in H5F_block_write(): write through page buffer failed
    major: Low-level I/O
    minor: Write failed
  #009: /scratch/spack_cpu/job_21700923/spack-stage/spack-stage-hdf5-1.10.7-xexa2gll6hf6okdatgrxiwhcjs2uepc7/spack-src/src/H5PB.c line 1032 in H5PB_write(): write through metadata accumulator failed
    major: Page Buffering
    minor: Write failed
  #010: /scratch/spack_cpu/job_21700923/spack-stage/spack-stage-hdf5-1.10.7-xexa2gll6hf6okdatgrxiwhcjs2uepc7/spack-src/src/H5Faccum.c line 824 in H5F__accum_write(): file write failed
    major: Low-level I/O
    minor: Write failed
  #011: /scratch/spack_cpu/job_21700923/spack-stage/spack-stage-hdf5-1.10.7-xexa2gll6hf6okdatgrxiwhcjs2uepc7/spack-src/src/H5FDint.c line 249 in H5FD_write(): driver write request failed
    major: Virtual File Layer
    minor: Write failed
  #012: /scratch/spack_cpu/job_21700923/spack-stage/spack-stage-hdf5-1.10.7-xexa2gll6hf6okdatgrxiwhcjs2uepc7/spack-src/src/H5FDsec2.c line 856 in H5FD__sec2_write(): file write failed: time = Wed Nov 19 08:12:08 2025
, filename = 'checkpoint.h5', file descriptor = 5, errno = 14, error message = 'Bad address', buf = 0x1555537c4000, total write size = 15969552, bytes this sub-write = 15969552, bytes actually written = 18446744073709551615, offset = 0
    major: Low-level I/O
    minor: Write failed
HDF5-DIAG: Error detected in HDF5 (1.10.7) thread 0:
  #000: /scratch/spack_cpu/job_21700923/spack-stage/spack-stage-hdf5-1.10.7-xexa2gll6hf6okdatgrxiwhcjs2uepc7/spack-src/src/H5Dio.c line 335 in H5Dwrite(): can't write data
    major: Dataset
    minor: Write failed
  #001: /scratch/spack_cpu/job_21700923/spack-stage/spack-stage-hdf5-1.10.7-xexa2gll6hf6okdatgrxiwhcjs2uepc7/spack-src/src/H5Dio.c line 813 in H5D__write(): can't write data
    major: Dataset
    minor: Write failed
  #002: /scratch/spack_cpu/job_21700923/spack-stage/spack-stage-hdf5-1.10.7-xexa2gll6hf6okdatgrxiwhcjs2uepc7/spack-src/src/H5Dcontig.c line 659 in H5D__contig_write(): contiguous write failed
    major: Dataset
    minor: Write failed
  #003: /scratch/spack_cpu/job_21700923/spack-stage/spack-stage-hdf5-1.10.7-xexa2gll6hf6okdatgrxiwhcjs2uepc7/spack-src/src/H5Dselect.c line 321 in H5D__select_write(): write error
    major: Dataspace
    minor: Write failed
  #004: /scratch/spack_cpu/job_21700923/spack-stage/spack-stage-hdf5-1.10.7-xexa2gll6hf6okdatgrxiwhcjs2uepc7/spack-src/src/H5Dselect.c line 230 in H5D__select_io(): write error
    major: Dataspace
    minor: Write failed
  #005: /scratch/spack_cpu/job_21700923/spack-stage/spack-stage-hdf5-1.10.7-xexa2gll6hf6okdatgrxiwhcjs2uepc7/spack-src/src/H5Dcontig.c line 1281 in H5D__contig_writevv(): can't perform vectorized sieve buffer write
    major: Dataset
    minor: Can't operate on object
  #006: /scratch/spack_cpu/job_21700923/spack-stage/spack-stage-hdf5-1.10.7-xexa2gll6hf6okdatgrxiwhcjs2uepc7/spack-src/src/H5VM.c line 1464 in H5VM_opvv(): can't perform operation
    major: Internal error (too specific to document in detail)
    minor: Can't operate on object
  #007: /scratch/spack_cpu/job_21700923/spack-stage/spack-stage-hdf5-1.10.7-xexa2gll6hf6okdatgrxiwhcjs2uepc7/spack-src/src/H5Dcontig.c line 1029 in H5D__contig_writevv_sieve_cb(): block write failed
    major: Dataset
    minor: Write failed
  #008: /scratch/spack_cpu/job_21700923/spack-stage/spack-stage-hdf5-1.10.7-xexa2gll6hf6okdatgrxiwhcjs2uepc7/spack-src/src/H5Fio.c line 161 in H5F_block_write(): write through page buffer failed
    major: Low-level I/O
    minor: Write failed
  #009: /scratch/spack_cpu/job_21700923/spack-stage/spack-stage-hdf5-1.10.7-xexa2gll6hf6okdatgrxiwhcjs2uepc7/spack-src/src/H5PB.c line 1032 in H5PB_write(): write through metadata accumulator failed
    major: Page Buffering
    minor: Write failed
  #010: /scratch/spack_cpu/job_21700923/spack-stage/spack-stage-hdf5-1.10.7-xexa2gll6hf6okdatgrxiwhcjs2uepc7/spack-src/src/H5Faccum.c line 824 in H5F__accum_write(): file write failed
    major: Low-level I/O
    minor: Write failed
  #011: /scratch/spack_cpu/job_21700923/spack-stage/spack-stage-hdf5-1.10.7-xexa2gll6hf6okdatgrxiwhcjs2uepc7/spack-src/src/H5FDint.c line 249 in H5FD_write(): driver write request failed
    major: Virtual File Layer
    minor: Write failed
  #012: /scratch/spack_cpu/job_21700923/spack-stage/spack-stage-hdf5-1.10.7-xexa2gll6hf6okdatgrxiwhcjs2uepc7/spack-src/src/H5FDsec2.c line 856 in H5FD__sec2_write(): file write failed: time = Wed Nov 19 08:12:18 2025
, filename = 'checkpoint.h5', file descriptor = 5, errno = 14, error message = 'Bad address', buf = 0x1555537c4000, total write size = 15969552, bytes this sub-write = 15969552, bytes actually written = 18446744073709551615, offset = 0
    major: Low-level I/O
    minor: Write failed
HDF5-DIAG: Error detected in HDF5 (1.10.7) thread 0:
  #000: /scratch/spack_cpu/job_21700923/spack-stage/spack-stage-hdf5-1.10.7-xexa2gll6hf6okdatgrxiwhcjs2uepc7/spack-src/src/H5Dio.c line 335 in H5Dwrite(): can't write data
    major: Dataset
    minor: Write failed
  #001: /scratch/spack_cpu/job_21700923/spack-stage/spack-stage-hdf5-1.10.7-xexa2gll6hf6okdatgrxiwhcjs2uepc7/spack-src/src/H5Dio.c line 813 in H5D__write(): can't write data
    major: Dataset
    minor: Write failed
  #002: /scratch/spack_cpu/job_21700923/spack-stage/spack-stage-hdf5-1.10.7-xexa2gll6hf6okdatgrxiwhcjs2uepc7/spack-src/src/H5Dcontig.c line 659 in H5D__contig_write(): contiguous write failed
    major: Dataset
    minor: Write failed
  #003: /scratch/spack_cpu/job_21700923/spack-stage/spack-stage-hdf5-1.10.7-xexa2gll6hf6okdatgrxiwhcjs2uepc7/spack-src/src/H5Dselect.c line 321 in H5D__select_write(): write error
    major: Dataspace
    minor: Write failed
  #004: /scratch/spack_cpu/job_21700923/spack-stage/spack-stage-hdf5-1.10.7-xexa2gll6hf6okdatgrxiwhcjs2uepc7/spack-src/src/H5Dselect.c line 230 in H5D__select_io(): write error
    major: Dataspace
    minor: Write failed
  #005: /scratch/spack_cpu/job_21700923/spack-stage/spack-stage-hdf5-1.10.7-xexa2gll6hf6okdatgrxiwhcjs2uepc7/spack-src/src/H5Dcontig.c line 1281 in H5D__contig_writevv(): can't perform vectorized sieve buffer write
    major: Dataset
    minor: Can't operate on object
  #006: /scratch/spack_cpu/job_21700923/spack-stage/spack-stage-hdf5-1.10.7-xexa2gll6hf6okdatgrxiwhcjs2uepc7/spack-src/src/H5VM.c line 1464 in H5VM_opvv(): can't perform operation
    major: Internal error (too specific to document in detail)
    minor: Can't operate on object
  #007: /scratch/spack_cpu/job_21700923/spack-stage/spack-stage-hdf5-1.10.7-xexa2gll6hf6okdatgrxiwhcjs2uepc7/spack-src/src/H5Dcontig.c line 1029 in H5D__contig_writevv_sieve_cb(): block write failed
    major: Dataset
    minor: Write failed
  #008: /scratch/spack_cpu/job_21700923/spack-stage/spack-stage-hdf5-1.10.7-xexa2gll6hf6okdatgrxiwhcjs2uepc7/spack-src/src/H5Fio.c line 161 in H5F_block_write(): write through page buffer failed
    major: Low-level I/O
    minor: Write failed
  #009: /scratch/spack_cpu/job_21700923/spack-stage/spack-stage-hdf5-1.10.7-xexa2gll6hf6okdatgrxiwhcjs2uepc7/spack-src/src/H5PB.c line 1032 in H5PB_write(): write through metadata accumulator failed
    major: Page Buffering
    minor: Write failed
  #010: /scratch/spack_cpu/job_21700923/spack-stage/spack-stage-hdf5-1.10.7-xexa2gll6hf6okdatgrxiwhcjs2uepc7/spack-src/src/H5Faccum.c line 824 in H5F__accum_write(): file write failed
    major: Low-level I/O
    minor: Write failed
  #011: /scratch/spack_cpu/job_21700923/spack-stage/spack-stage-hdf5-1.10.7-xexa2gll6hf6okdatgrxiwhcjs2uepc7/spack-src/src/H5FDint.c line 249 in H5FD_write(): driver write request failed
    major: Virtual File Layer
    minor: Write failed
  #012: /scratch/spack_cpu/job_21700923/spack-stage/spack-stage-hdf5-1.10.7-xexa2gll6hf6okdatgrxiwhcjs2uepc7/spack-src/src/H5FDsec2.c line 856 in H5FD__sec2_write(): file write failed: time = Wed Nov 19 08:12:27 2025
, filename = 'checkpoint.h5', file descriptor = 5, errno = 14, error message = 'Bad address', buf = 0x1555537c4000, total write size = 15969552, bytes this sub-write = 15969552, bytes actually written = 18446744073709551615, offset = 0
    major: Low-level I/O
    minor: Write failed
HDF5-DIAG: Error detected in HDF5 (1.10.7) thread 0:
  #000: /scratch/spack_cpu/job_21700923/spack-stage/spack-stage-hdf5-1.10.7-xexa2gll6hf6okdatgrxiwhcjs2uepc7/spack-src/src/H5Dio.c line 335 in H5Dwrite(): can't write data
    major: Dataset
    minor: Write failed
  #001: /scratch/spack_cpu/job_21700923/spack-stage/spack-stage-hdf5-1.10.7-xexa2gll6hf6okdatgrxiwhcjs2uepc7/spack-src/src/H5Dio.c line 813 in H5D__write(): can't write data
    major: Dataset
    minor: Write failed
  #002: /scratch/spack_cpu/job_21700923/spack-stage/spack-stage-hdf5-1.10.7-xexa2gll6hf6okdatgrxiwhcjs2uepc7/spack-src/src/H5Dcontig.c line 659 in H5D__contig_write(): contiguous write failed
    major: Dataset
    minor: Write failed
  #003: /scratch/spack_cpu/job_21700923/spack-stage/spack-stage-hdf5-1.10.7-xexa2gll6hf6okdatgrxiwhcjs2uepc7/spack-src/src/H5Dselect.c line 321 in H5D__select_write(): write error
    major: Dataspace
    minor: Write failed
  #004: /scratch/spack_cpu/job_21700923/spack-stage/spack-stage-hdf5-1.10.7-xexa2gll6hf6okdatgrxiwhcjs2uepc7/spack-src/src/H5Dselect.c line 230 in H5D__select_io(): write error
    major: Dataspace
    minor: Write failed
  #005: /scratch/spack_cpu/job_21700923/spack-stage/spack-stage-hdf5-1.10.7-xexa2gll6hf6okdatgrxiwhcjs2uepc7/spack-src/src/H5Dcontig.c line 1281 in H5D__contig_writevv(): can't perform vectorized sieve buffer write
    major: Dataset
    minor: Can't operate on object
  #006: /scratch/spack_cpu/job_21700923/spack-stage/spack-stage-hdf5-1.10.7-xexa2gll6hf6okdatgrxiwhcjs2uepc7/spack-src/src/H5VM.c line 1464 in H5VM_opvv(): can't perform operation
    major: Internal error (too specific to document in detail)
    minor: Can't operate on object
  #007: /scratch/spack_cpu/job_21700923/spack-stage/spack-stage-hdf5-1.10.7-xexa2gll6hf6okdatgrxiwhcjs2uepc7/spack-src/src/H5Dcontig.c line 1029 in H5D__contig_writevv_sieve_cb(): block write failed
    major: Dataset
    minor: Write failed
  #008: /scratch/spack_cpu/job_21700923/spack-stage/spack-stage-hdf5-1.10.7-xexa2gll6hf6okdatgrxiwhcjs2uepc7/spack-src/src/H5Fio.c line 161 in H5F_block_write(): write through page buffer failed
    major: Low-level I/O
    minor: Write failed
  #009: /scratch/spack_cpu/job_21700923/spack-stage/spack-stage-hdf5-1.10.7-xexa2gll6hf6okdatgrxiwhcjs2uepc7/spack-src/src/H5PB.c line 1032 in H5PB_write(): write through metadata accumulator failed
    major: Page Buffering
    minor: Write failed
  #010: /scratch/spack_cpu/job_21700923/spack-stage/spack-stage-hdf5-1.10.7-xexa2gll6hf6okdatgrxiwhcjs2uepc7/spack-src/src/H5Faccum.c line 824 in H5F__accum_write(): file write failed
    major: Low-level I/O
    minor: Write failed
  #011: /scratch/spack_cpu/job_21700923/spack-stage/spack-stage-hdf5-1.10.7-xexa2gll6hf6okdatgrxiwhcjs2uepc7/spack-src/src/H5FDint.c line 249 in H5FD_write(): driver write request failed
    major: Virtual File Layer
    minor: Write failed
  #012: /scratch/spack_cpu/job_21700923/spack-stage/spack-stage-hdf5-1.10.7-xexa2gll6hf6okdatgrxiwhcjs2uepc7/spack-src/src/H5FDsec2.c line 856 in H5FD__sec2_write(): file write failed: time = Wed Nov 19 08:12:35 2025
, filename = 'checkpoint.h5', file descriptor = 5, errno = 14, error message = 'Bad address', buf = 0x1555537c4000, total write size = 15969552, bytes this sub-write = 15969552, bytes actually written = 18446744073709551615, offset = 0
    major: Low-level I/O
    minor: Write failed
HDF5-DIAG: Error detected in HDF5 (1.10.7) thread 0:
  #000: /scratch/spack_cpu/job_21700923/spack-stage/spack-stage-hdf5-1.10.7-xexa2gll6hf6okdatgrxiwhcjs2uepc7/spack-src/src/H5Dio.c line 335 in H5Dwrite(): can't write data
    major: Dataset
    minor: Write failed
  #001: /scratch/spack_cpu/job_21700923/spack-stage/spack-stage-hdf5-1.10.7-xexa2gll6hf6okdatgrxiwhcjs2uepc7/spack-src/src/H5Dio.c line 813 in H5D__write(): can't write data
    major: Dataset
    minor: Write failed
  #002: /scratch/spack_cpu/job_21700923/spack-stage/spack-stage-hdf5-1.10.7-xexa2gll6hf6okdatgrxiwhcjs2uepc7/spack-src/src/H5Dcontig.c line 659 in H5D__contig_write(): contiguous write failed
    major: Dataset
    minor: Write failed
  #003: /scratch/spack_cpu/job_21700923/spack-stage/spack-stage-hdf5-1.10.7-xexa2gll6hf6okdatgrxiwhcjs2uepc7/spack-src/src/H5Dselect.c line 321 in H5D__select_write(): write error
    major: Dataspace
    minor: Write failed
  #004: /scratch/spack_cpu/job_21700923/spack-stage/spack-stage-hdf5-1.10.7-xexa2gll6hf6okdatgrxiwhcjs2uepc7/spack-src/src/H5Dselect.c line 230 in H5D__select_io(): write error
    major: Dataspace
    minor: Write failed
  #005: /scratch/spack_cpu/job_21700923/spack-stage/spack-stage-hdf5-1.10.7-xexa2gll6hf6okdatgrxiwhcjs2uepc7/spack-src/src/H5Dcontig.c line 1281 in H5D__contig_writevv(): can't perform vectorized sieve buffer write
    major: Dataset
    minor: Can't operate on object
  #006: /scratch/spack_cpu/job_21700923/spack-stage/spack-stage-hdf5-1.10.7-xexa2gll6hf6okdatgrxiwhcjs2uepc7/spack-src/src/H5VM.c line 1464 in H5VM_opvv(): can't perform operation
    major: Internal error (too specific to document in detail)
    minor: Can't operate on object
  #007: /scratch/spack_cpu/job_21700923/spack-stage/spack-stage-hdf5-1.10.7-xexa2gll6hf6okdatgrxiwhcjs2uepc7/spack-src/src/H5Dcontig.c line 1029 in H5D__contig_writevv_sieve_cb(): block write failed
    major: Dataset
    minor: Write failed
  #008: /scratch/spack_cpu/job_21700923/spack-stage/spack-stage-hdf5-1.10.7-xexa2gll6hf6okdatgrxiwhcjs2uepc7/spack-src/src/H5Fio.c line 161 in H5F_block_write(): write through page buffer failed
    major: Low-level I/O
    minor: Write failed
  #009: /scratch/spack_cpu/job_21700923/spack-stage/spack-stage-hdf5-1.10.7-xexa2gll6hf6okdatgrxiwhcjs2uepc7/spack-src/src/H5PB.c line 1032 in H5PB_write(): write through metadata accumulator failed
    major: Page Buffering
    minor: Write failed
  #010: /scratch/spack_cpu/job_21700923/spack-stage/spack-stage-hdf5-1.10.7-xexa2gll6hf6okdatgrxiwhcjs2uepc7/spack-src/src/H5Faccum.c line 824 in H5F__accum_write(): file write failed
    major: Low-level I/O
    minor: Write failed
  #011: /scratch/spack_cpu/job_21700923/spack-stage/spack-stage-hdf5-1.10.7-xexa2gll6hf6okdatgrxiwhcjs2uepc7/spack-src/src/H5FDint.c line 249 in H5FD_write(): driver write request failed
    major: Virtual File Layer
    minor: Write failed
  #012: /scratch/spack_cpu/job_21700923/spack-stage/spack-stage-hdf5-1.10.7-xexa2gll6hf6okdatgrxiwhcjs2uepc7/spack-src/src/H5FDsec2.c line 856 in H5FD__sec2_write(): file write failed: time = Wed Nov 19 08:12:44 2025
, filename = 'checkpoint.h5', file descriptor = 5, errno = 14, error message = 'Bad address', buf = 0x1555537c4000, total write size = 15969552, bytes this sub-write = 15969552, bytes actually written = 18446744073709551615, offset = 0
    major: Low-level I/O
    minor: Write failed
HDF5-DIAG: Error detected in HDF5 (1.10.7) thread 0:
  #000: /scratch/spack_cpu/job_21700923/spack-stage/spack-stage-hdf5-1.10.7-xexa2gll6hf6okdatgrxiwhcjs2uepc7/spack-src/src/H5Dio.c line 335 in H5Dwrite(): can't write data
    major: Dataset
    minor: Write failed
  #001: /scratch/spack_cpu/job_21700923/spack-stage/spack-stage-hdf5-1.10.7-xexa2gll6hf6okdatgrxiwhcjs2uepc7/spack-src/src/H5Dio.c line 813 in H5D__write(): can't write data
    major: Dataset
    minor: Write failed
  #002: /scratch/spack_cpu/job_21700923/spack-stage/spack-stage-hdf5-1.10.7-xexa2gll6hf6okdatgrxiwhcjs2uepc7/spack-src/src/H5Dcontig.c line 659 in H5D__contig_write(): contiguous write failed
    major: Dataset
    minor: Write failed
  #003: /scratch/spack_cpu/job_21700923/spack-stage/spack-stage-hdf5-1.10.7-xexa2gll6hf6okdatgrxiwhcjs2uepc7/spack-src/src/H5Dselect.c line 321 in H5D__select_write(): write error
    major: Dataspace
    minor: Write failed
  #004: /scratch/spack_cpu/job_21700923/spack-stage/spack-stage-hdf5-1.10.7-xexa2gll6hf6okdatgrxiwhcjs2uepc7/spack-src/src/H5Dselect.c line 230 in H5D__select_io(): write error
    major: Dataspace
    minor: Write failed
  #005: /scratch/spack_cpu/job_21700923/spack-stage/spack-stage-hdf5-1.10.7-xexa2gll6hf6okdatgrxiwhcjs2uepc7/spack-src/src/H5Dcontig.c line 1281 in H5D__contig_writevv(): can't perform vectorized sieve buffer write
    major: Dataset
    minor: Can't operate on object
  #006: /scratch/spack_cpu/job_21700923/spack-stage/spack-stage-hdf5-1.10.7-xexa2gll6hf6okdatgrxiwhcjs2uepc7/spack-src/src/H5VM.c line 1464 in H5VM_opvv(): can't perform operation
    major: Internal error (too specific to document in detail)
    minor: Can't operate on object
  #007: /scratch/spack_cpu/job_21700923/spack-stage/spack-stage-hdf5-1.10.7-xexa2gll6hf6okdatgrxiwhcjs2uepc7/spack-src/src/H5Dcontig.c line 1029 in H5D__contig_writevv_sieve_cb(): block write failed
    major: Dataset
    minor: Write failed
  #008: /scratch/spack_cpu/job_21700923/spack-stage/spack-stage-hdf5-1.10.7-xexa2gll6hf6okdatgrxiwhcjs2uepc7/spack-src/src/H5Fio.c line 161 in H5F_block_write(): write through page buffer failed
    major: Low-level I/O
    minor: Write failed
  #009: /scratch/spack_cpu/job_21700923/spack-stage/spack-stage-hdf5-1.10.7-xexa2gll6hf6okdatgrxiwhcjs2uepc7/spack-src/src/H5PB.c line 1032 in H5PB_write(): write through metadata accumulator failed
    major: Page Buffering
    minor: Write failed
  #010: /scratch/spack_cpu/job_21700923/spack-stage/spack-stage-hdf5-1.10.7-xexa2gll6hf6okdatgrxiwhcjs2uepc7/spack-src/src/H5Faccum.c line 824 in H5F__accum_write(): file write failed
    major: Low-level I/O
    minor: Write failed
  #011: /scratch/spack_cpu/job_21700923/spack-stage/spack-stage-hdf5-1.10.7-xexa2gll6hf6okdatgrxiwhcjs2uepc7/spack-src/src/H5FDint.c line 249 in H5FD_write(): driver write request failed
    major: Virtual File Layer
    minor: Write failed
  #012: /scratch/spack_cpu/job_21700923/spack-stage/spack-stage-hdf5-1.10.7-xexa2gll6hf6okdatgrxiwhcjs2uepc7/spack-src/src/H5FDsec2.c line 856 in H5FD__sec2_write(): file write failed: time = Wed Nov 19 08:12:53 2025
, filename = 'checkpoint.h5', file descriptor = 5, errno = 14, error message = 'Bad address', buf = 0x1555537c4000, total write size = 15969552, bytes this sub-write = 15969552, bytes actually written = 18446744073709551615, offset = 0
    major: Low-level I/O
    minor: Write failed
HDF5-DIAG: Error detected in HDF5 (1.10.7) thread 0:
  #000: /scratch/spack_cpu/job_21700923/spack-stage/spack-stage-hdf5-1.10.7-xexa2gll6hf6okdatgrxiwhcjs2uepc7/spack-src/src/H5Dio.c line 335 in H5Dwrite(): can't write data
    major: Dataset
    minor: Write failed
  #001: /scratch/spack_cpu/job_21700923/spack-stage/spack-stage-hdf5-1.10.7-xexa2gll6hf6okdatgrxiwhcjs2uepc7/spack-src/src/H5Dio.c line 813 in H5D__write(): can't write data
    major: Dataset
    minor: Write failed
  #002: /scratch/spack_cpu/job_21700923/spack-stage/spack-stage-hdf5-1.10.7-xexa2gll6hf6okdatgrxiwhcjs2uepc7/spack-src/src/H5Dcontig.c line 659 in H5D__contig_write(): contiguous write failed
    major: Dataset
    minor: Write failed
  #003: /scratch/spack_cpu/job_21700923/spack-stage/spack-stage-hdf5-1.10.7-xexa2gll6hf6okdatgrxiwhcjs2uepc7/spack-src/src/H5Dselect.c line 321 in H5D__select_write(): write error
    major: Dataspace
    minor: Write failed
  #004: /scratch/spack_cpu/job_21700923/spack-stage/spack-stage-hdf5-1.10.7-xexa2gll6hf6okdatgrxiwhcjs2uepc7/spack-src/src/H5Dselect.c line 230 in H5D__select_io(): write error
    major: Dataspace
    minor: Write failed
  #005: /scratch/spack_cpu/job_21700923/spack-stage/spack-stage-hdf5-1.10.7-xexa2gll6hf6okdatgrxiwhcjs2uepc7/spack-src/src/H5Dcontig.c line 1281 in H5D__contig_writevv(): can't perform vectorized sieve buffer write
    major: Dataset
    minor: Can't operate on object
  #006: /scratch/spack_cpu/job_21700923/spack-stage/spack-stage-hdf5-1.10.7-xexa2gll6hf6okdatgrxiwhcjs2uepc7/spack-src/src/H5VM.c line 1464 in H5VM_opvv(): can't perform operation
    major: Internal error (too specific to document in detail)
    minor: Can't operate on object
  #007: /scratch/spack_cpu/job_21700923/spack-stage/spack-stage-hdf5-1.10.7-xexa2gll6hf6okdatgrxiwhcjs2uepc7/spack-src/src/H5Dcontig.c line 1029 in H5D__contig_writevv_sieve_cb(): block write failed
    major: Dataset
    minor: Write failed
  #008: /scratch/spack_cpu/job_21700923/spack-stage/spack-stage-hdf5-1.10.7-xexa2gll6hf6okdatgrxiwhcjs2uepc7/spack-src/src/H5Fio.c line 161 in H5F_block_write(): write through page buffer failed
    major: Low-level I/O
    minor: Write failed
  #009: /scratch/spack_cpu/job_21700923/spack-stage/spack-stage-hdf5-1.10.7-xexa2gll6hf6okdatgrxiwhcjs2uepc7/spack-src/src/H5PB.c line 1032 in H5PB_write(): write through metadata accumulator failed
    major: Page Buffering
    minor: Write failed
  #010: /scratch/spack_cpu/job_21700923/spack-stage/spack-stage-hdf5-1.10.7-xexa2gll6hf6okdatgrxiwhcjs2uepc7/spack-src/src/H5Faccum.c line 824 in H5F__accum_write(): file write failed
    major: Low-level I/O
    minor: Write failed
  #011: /scratch/spack_cpu/job_21700923/spack-stage/spack-stage-hdf5-1.10.7-xexa2gll6hf6okdatgrxiwhcjs2uepc7/spack-src/src/H5FDint.c line 249 in H5FD_write(): driver write request failed
    major: Virtual File Layer
    minor: Write failed
  #012: /scratch/spack_cpu/job_21700923/spack-stage/spack-stage-hdf5-1.10.7-xexa2gll6hf6okdatgrxiwhcjs2uepc7/spack-src/src/H5FDsec2.c line 856 in H5FD__sec2_write(): file write failed: time = Wed Nov 19 08:13:03 2025
, filename = 'checkpoint.h5', file descriptor = 5, errno = 14, error message = 'Bad address', buf = 0x1555537c4000, total write size = 15969552, bytes this sub-write = 15969552, bytes actually written = 18446744073709551615, offset = 0
    major: Low-level I/O
    minor: Write failed
HDF5-DIAG: Error detected in HDF5 (1.10.7) thread 0:
  #000: /scratch/spack_cpu/job_21700923/spack-stage/spack-stage-hdf5-1.10.7-xexa2gll6hf6okdatgrxiwhcjs2uepc7/spack-src/src/H5Dio.c line 335 in H5Dwrite(): can't write data
    major: Dataset
    minor: Write failed
  #001: /scratch/spack_cpu/job_21700923/spack-stage/spack-stage-hdf5-1.10.7-xexa2gll6hf6okdatgrxiwhcjs2uepc7/spack-src/src/H5Dio.c line 813 in H5D__write(): can't write data
    major: Dataset
    minor: Write failed
  #002: /scratch/spack_cpu/job_21700923/spack-stage/spack-stage-hdf5-1.10.7-xexa2gll6hf6okdatgrxiwhcjs2uepc7/spack-src/src/H5Dcontig.c line 659 in H5D__contig_write(): contiguous write failed
    major: Dataset
    minor: Write failed
  #003: /scratch/spack_cpu/job_21700923/spack-stage/spack-stage-hdf5-1.10.7-xexa2gll6hf6okdatgrxiwhcjs2uepc7/spack-src/src/H5Dselect.c line 321 in H5D__select_write(): write error
    major: Dataspace
    minor: Write failed
  #004: /scratch/spack_cpu/job_21700923/spack-stage/spack-stage-hdf5-1.10.7-xexa2gll6hf6okdatgrxiwhcjs2uepc7/spack-src/src/H5Dselect.c line 230 in H5D__select_io(): write error
    major: Dataspace
    minor: Write failed
  #005: /scratch/spack_cpu/job_21700923/spack-stage/spack-stage-hdf5-1.10.7-xexa2gll6hf6okdatgrxiwhcjs2uepc7/spack-src/src/H5Dcontig.c line 1281 in H5D__contig_writevv(): can't perform vectorized sieve buffer write
    major: Dataset
    minor: Can't operate on object
  #006: /scratch/spack_cpu/job_21700923/spack-stage/spack-stage-hdf5-1.10.7-xexa2gll6hf6okdatgrxiwhcjs2uepc7/spack-src/src/H5VM.c line 1464 in H5VM_opvv(): can't perform operation
    major: Internal error (too specific to document in detail)
    minor: Can't operate on object
  #007: /scratch/spack_cpu/job_21700923/spack-stage/spack-stage-hdf5-1.10.7-xexa2gll6hf6okdatgrxiwhcjs2uepc7/spack-src/src/H5Dcontig.c line 1029 in H5D__contig_writevv_sieve_cb(): block write failed
    major: Dataset
    minor: Write failed
  #008: /scratch/spack_cpu/job_21700923/spack-stage/spack-stage-hdf5-1.10.7-xexa2gll6hf6okdatgrxiwhcjs2uepc7/spack-src/src/H5Fio.c line 161 in H5F_block_write(): write through page buffer failed
    major: Low-level I/O
    minor: Write failed
  #009: /scratch/spack_cpu/job_21700923/spack-stage/spack-stage-hdf5-1.10.7-xexa2gll6hf6okdatgrxiwhcjs2uepc7/spack-src/src/H5PB.c line 1032 in H5PB_write(): write through metadata accumulator failed
    major: Page Buffering
    minor: Write failed
  #010: /scratch/spack_cpu/job_21700923/spack-stage/spack-stage-hdf5-1.10.7-xexa2gll6hf6okdatgrxiwhcjs2uepc7/spack-src/src/H5Faccum.c line 824 in H5F__accum_write(): file write failed
    major: Low-level I/O
    minor: Write failed
  #011: /scratch/spack_cpu/job_21700923/spack-stage/spack-stage-hdf5-1.10.7-xexa2gll6hf6okdatgrxiwhcjs2uepc7/spack-src/src/H5FDint.c line 249 in H5FD_write(): driver write request failed
    major: Virtual File Layer
    minor: Write failed
  #012: /scratch/spack_cpu/job_21700923/spack-stage/spack-stage-hdf5-1.10.7-xexa2gll6hf6okdatgrxiwhcjs2uepc7/spack-src/src/H5FDsec2.c line 856 in H5FD__sec2_write(): file write failed: time = Wed Nov 19 08:13:12 2025
, filename = 'checkpoint.h5', file descriptor = 5, errno = 14, error message = 'Bad address', buf = 0x1555537c4000, total write size = 15969552, bytes this sub-write = 15969552, bytes actually written = 18446744073709551615, offset = 0
    major: Low-level I/O
    minor: Write failed
HDF5-DIAG: Error detected in HDF5 (1.10.7) thread 0:
  #000: /scratch/spack_cpu/job_21700923/spack-stage/spack-stage-hdf5-1.10.7-xexa2gll6hf6okdatgrxiwhcjs2uepc7/spack-src/src/H5Dio.c line 335 in H5Dwrite(): can't write data
    major: Dataset
    minor: Write failed
  #001: /scratch/spack_cpu/job_21700923/spack-stage/spack-stage-hdf5-1.10.7-xexa2gll6hf6okdatgrxiwhcjs2uepc7/spack-src/src/H5Dio.c line 813 in H5D__write(): can't write data
    major: Dataset
    minor: Write failed
  #002: /scratch/spack_cpu/job_21700923/spack-stage/spack-stage-hdf5-1.10.7-xexa2gll6hf6okdatgrxiwhcjs2uepc7/spack-src/src/H5Dcontig.c line 659 in H5D__contig_write(): contiguous write failed
    major: Dataset
    minor: Write failed
  #003: /scratch/spack_cpu/job_21700923/spack-stage/spack-stage-hdf5-1.10.7-xexa2gll6hf6okdatgrxiwhcjs2uepc7/spack-src/src/H5Dselect.c line 321 in H5D__select_write(): write error
    major: Dataspace
    minor: Write failed
  #004: /scratch/spack_cpu/job_21700923/spack-stage/spack-stage-hdf5-1.10.7-xexa2gll6hf6okdatgrxiwhcjs2uepc7/spack-src/src/H5Dselect.c line 230 in H5D__select_io(): write error
    major: Dataspace
    minor: Write failed
  #005: /scratch/spack_cpu/job_21700923/spack-stage/spack-stage-hdf5-1.10.7-xexa2gll6hf6okdatgrxiwhcjs2uepc7/spack-src/src/H5Dcontig.c line 1281 in H5D__contig_writevv(): can't perform vectorized sieve buffer write
    major: Dataset
    minor: Can't operate on object
  #006: /scratch/spack_cpu/job_21700923/spack-stage/spack-stage-hdf5-1.10.7-xexa2gll6hf6okdatgrxiwhcjs2uepc7/spack-src/src/H5VM.c line 1464 in H5VM_opvv(): can't perform operation
    major: Internal error (too specific to document in detail)
    minor: Can't operate on object
  #007: /scratch/spack_cpu/job_21700923/spack-stage/spack-stage-hdf5-1.10.7-xexa2gll6hf6okdatgrxiwhcjs2uepc7/spack-src/src/H5Dcontig.c line 1029 in H5D__contig_writevv_sieve_cb(): block write failed
    major: Dataset
    minor: Write failed
  #008: /scratch/spack_cpu/job_21700923/spack-stage/spack-stage-hdf5-1.10.7-xexa2gll6hf6okdatgrxiwhcjs2uepc7/spack-src/src/H5Fio.c line 161 in H5F_block_write(): write through page buffer failed
    major: Low-level I/O
    minor: Write failed
  #009: /scratch/spack_cpu/job_21700923/spack-stage/spack-stage-hdf5-1.10.7-xexa2gll6hf6okdatgrxiwhcjs2uepc7/spack-src/src/H5PB.c line 1032 in H5PB_write(): write through metadata accumulator failed
    major: Page Buffering
    minor: Write failed
  #010: /scratch/spack_cpu/job_21700923/spack-stage/spack-stage-hdf5-1.10.7-xexa2gll6hf6okdatgrxiwhcjs2uepc7/spack-src/src/H5Faccum.c line 824 in H5F__accum_write(): file write failed
    major: Low-level I/O
    minor: Write failed
  #011: /scratch/spack_cpu/job_21700923/spack-stage/spack-stage-hdf5-1.10.7-xexa2gll6hf6okdatgrxiwhcjs2uepc7/spack-src/src/H5FDint.c line 249 in H5FD_write(): driver write request failed
    major: Virtual File Layer
    minor: Write failed
  #012: /scratch/spack_cpu/job_21700923/spack-stage/spack-stage-hdf5-1.10.7-xexa2gll6hf6okdatgrxiwhcjs2uepc7/spack-src/src/H5FDsec2.c line 856 in H5FD__sec2_write(): file write failed: time = Wed Nov 19 08:13:21 2025
, filename = 'checkpoint.h5', file descriptor = 5, errno = 14, error message = 'Bad address', buf = 0x1555537c4000, total write size = 15969552, bytes this sub-write = 15969552, bytes actually written = 18446744073709551615, offset = 0
    major: Low-level I/O
    minor: Write failed
HDF5-DIAG: Error detected in HDF5 (1.10.7) thread 0:
  #000: /scratch/spack_cpu/job_21700923/spack-stage/spack-stage-hdf5-1.10.7-xexa2gll6hf6okdatgrxiwhcjs2uepc7/spack-src/src/H5Dio.c line 335 in H5Dwrite(): can't write data
    major: Dataset
    minor: Write failed
  #001: /scratch/spack_cpu/job_21700923/spack-stage/spack-stage-hdf5-1.10.7-xexa2gll6hf6okdatgrxiwhcjs2uepc7/spack-src/src/H5Dio.c line 813 in H5D__write(): can't write data
    major: Dataset
    minor: Write failed
  #002: /scratch/spack_cpu/job_21700923/spack-stage/spack-stage-hdf5-1.10.7-xexa2gll6hf6okdatgrxiwhcjs2uepc7/spack-src/src/H5Dcontig.c line 659 in H5D__contig_write(): contiguous write failed
    major: Dataset
    minor: Write failed
  #003: /scratch/spack_cpu/job_21700923/spack-stage/spack-stage-hdf5-1.10.7-xexa2gll6hf6okdatgrxiwhcjs2uepc7/spack-src/src/H5Dselect.c line 321 in H5D__select_write(): write error
    major: Dataspace
    minor: Write failed
  #004: /scratch/spack_cpu/job_21700923/spack-stage/spack-stage-hdf5-1.10.7-xexa2gll6hf6okdatgrxiwhcjs2uepc7/spack-src/src/H5Dselect.c line 230 in H5D__select_io(): write error
    major: Dataspace
    minor: Write failed
  #005: /scratch/spack_cpu/job_21700923/spack-stage/spack-stage-hdf5-1.10.7-xexa2gll6hf6okdatgrxiwhcjs2uepc7/spack-src/src/H5Dcontig.c line 1281 in H5D__contig_writevv(): can't perform vectorized sieve buffer write
    major: Dataset
    minor: Can't operate on object
  #006: /scratch/spack_cpu/job_21700923/spack-stage/spack-stage-hdf5-1.10.7-xexa2gll6hf6okdatgrxiwhcjs2uepc7/spack-src/src/H5VM.c line 1464 in H5VM_opvv(): can't perform operation
    major: Internal error (too specific to document in detail)
    minor: Can't operate on object
  #007: /scratch/spack_cpu/job_21700923/spack-stage/spack-stage-hdf5-1.10.7-xexa2gll6hf6okdatgrxiwhcjs2uepc7/spack-src/src/H5Dcontig.c line 1029 in H5D__contig_writevv_sieve_cb(): block write failed
    major: Dataset
    minor: Write failed
  #008: /scratch/spack_cpu/job_21700923/spack-stage/spack-stage-hdf5-1.10.7-xexa2gll6hf6okdatgrxiwhcjs2uepc7/spack-src/src/H5Fio.c line 161 in H5F_block_write(): write through page buffer failed
    major: Low-level I/O
    minor: Write failed
  #009: /scratch/spack_cpu/job_21700923/spack-stage/spack-stage-hdf5-1.10.7-xexa2gll6hf6okdatgrxiwhcjs2uepc7/spack-src/src/H5PB.c line 1032 in H5PB_write(): write through metadata accumulator failed
    major: Page Buffering
    minor: Write failed
  #010: /scratch/spack_cpu/job_21700923/spack-stage/spack-stage-hdf5-1.10.7-xexa2gll6hf6okdatgrxiwhcjs2uepc7/spack-src/src/H5Faccum.c line 824 in H5F__accum_write(): file write failed
    major: Low-level I/O
    minor: Write failed
  #011: /scratch/spack_cpu/job_21700923/spack-stage/spack-stage-hdf5-1.10.7-xexa2gll6hf6okdatgrxiwhcjs2uepc7/spack-src/src/H5FDint.c line 249 in H5FD_write(): driver write request failed
    major: Virtual File Layer
    minor: Write failed
  #012: /scratch/spack_cpu/job_21700923/spack-stage/spack-stage-hdf5-1.10.7-xexa2gll6hf6okdatgrxiwhcjs2uepc7/spack-src/src/H5FDsec2.c line 856 in H5FD__sec2_write(): file write failed: time = Wed Nov 19 08:13:31 2025
, filename = 'checkpoint.h5', file descriptor = 5, errno = 14, error message = 'Bad address', buf = 0x1555537c4000, total write size = 15969552, bytes this sub-write = 15969552, bytes actually written = 18446744073709551615, offset = 0
    major: Low-level I/O
    minor: Write failed
HDF5-DIAG: Error detected in HDF5 (1.10.7) thread 0:
  #000: /scratch/spack_cpu/job_21700923/spack-stage/spack-stage-hdf5-1.10.7-xexa2gll6hf6okdatgrxiwhcjs2uepc7/spack-src/src/H5Dio.c line 335 in H5Dwrite(): can't write data
    major: Dataset
    minor: Write failed
  #001: /scratch/spack_cpu/job_21700923/spack-stage/spack-stage-hdf5-1.10.7-xexa2gll6hf6okdatgrxiwhcjs2uepc7/spack-src/src/H5Dio.c line 813 in H5D__write(): can't write data
    major: Dataset
    minor: Write failed
  #002: /scratch/spack_cpu/job_21700923/spack-stage/spack-stage-hdf5-1.10.7-xexa2gll6hf6okdatgrxiwhcjs2uepc7/spack-src/src/H5Dcontig.c line 659 in H5D__contig_write(): contiguous write failed
    major: Dataset
    minor: Write failed
  #003: /scratch/spack_cpu/job_21700923/spack-stage/spack-stage-hdf5-1.10.7-xexa2gll6hf6okdatgrxiwhcjs2uepc7/spack-src/src/H5Dselect.c line 321 in H5D__select_write(): write error
    major: Dataspace
    minor: Write failed
  #004: /scratch/spack_cpu/job_21700923/spack-stage/spack-stage-hdf5-1.10.7-xexa2gll6hf6okdatgrxiwhcjs2uepc7/spack-src/src/H5Dselect.c line 230 in H5D__select_io(): write error
    major: Dataspace
    minor: Write failed
  #005: /scratch/spack_cpu/job_21700923/spack-stage/spack-stage-hdf5-1.10.7-xexa2gll6hf6okdatgrxiwhcjs2uepc7/spack-src/src/H5Dcontig.c line 1281 in H5D__contig_writevv(): can't perform vectorized sieve buffer write
    major: Dataset
    minor: Can't operate on object
  #006: /scratch/spack_cpu/job_21700923/spack-stage/spack-stage-hdf5-1.10.7-xexa2gll6hf6okdatgrxiwhcjs2uepc7/spack-src/src/H5VM.c line 1464 in H5VM_opvv(): can't perform operation
    major: Internal error (too specific to document in detail)
    minor: Can't operate on object
  #007: /scratch/spack_cpu/job_21700923/spack-stage/spack-stage-hdf5-1.10.7-xexa2gll6hf6okdatgrxiwhcjs2uepc7/spack-src/src/H5Dcontig.c line 1029 in H5D__contig_writevv_sieve_cb(): block write failed
    major: Dataset
    minor: Write failed
  #008: /scratch/spack_cpu/job_21700923/spack-stage/spack-stage-hdf5-1.10.7-xexa2gll6hf6okdatgrxiwhcjs2uepc7/spack-src/src/H5Fio.c line 161 in H5F_block_write(): write through page buffer failed
    major: Low-level I/O
    minor: Write failed
  #009: /scratch/spack_cpu/job_21700923/spack-stage/spack-stage-hdf5-1.10.7-xexa2gll6hf6okdatgrxiwhcjs2uepc7/spack-src/src/H5PB.c line 1032 in H5PB_write(): write through metadata accumulator failed
    major: Page Buffering
    minor: Write failed
  #010: /scratch/spack_cpu/job_21700923/spack-stage/spack-stage-hdf5-1.10.7-xexa2gll6hf6okdatgrxiwhcjs2uepc7/spack-src/src/H5Faccum.c line 824 in H5F__accum_write(): file write failed
    major: Low-level I/O
    minor: Write failed
  #011: /scratch/spack_cpu/job_21700923/spack-stage/spack-stage-hdf5-1.10.7-xexa2gll6hf6okdatgrxiwhcjs2uepc7/spack-src/src/H5FDint.c line 249 in H5FD_write(): driver write request failed
    major: Virtual File Layer
    minor: Write failed
  #012: /scratch/spack_cpu/job_21700923/spack-stage/spack-stage-hdf5-1.10.7-xexa2gll6hf6okdatgrxiwhcjs2uepc7/spack-src/src/H5FDsec2.c line 856 in H5FD__sec2_write(): file write failed: time = Wed Nov 19 08:13:40 2025
, filename = 'checkpoint.h5', file descriptor = 5, errno = 14, error message = 'Bad address', buf = 0x1555537c4000, total write size = 15969552, bytes this sub-write = 15969552, bytes actually written = 18446744073709551615, offset = 0
    major: Low-level I/O
    minor: Write failed
HDF5-DIAG: Error detected in HDF5 (1.10.7) thread 0:
  #000: /scratch/spack_cpu/job_21700923/spack-stage/spack-stage-hdf5-1.10.7-xexa2gll6hf6okdatgrxiwhcjs2uepc7/spack-src/src/H5Dio.c line 335 in H5Dwrite(): can't write data
    major: Dataset
    minor: Write failed
  #001: /scratch/spack_cpu/job_21700923/spack-stage/spack-stage-hdf5-1.10.7-xexa2gll6hf6okdatgrxiwhcjs2uepc7/spack-src/src/H5Dio.c line 813 in H5D__write(): can't write data
    major: Dataset
    minor: Write failed
  #002: /scratch/spack_cpu/job_21700923/spack-stage/spack-stage-hdf5-1.10.7-xexa2gll6hf6okdatgrxiwhcjs2uepc7/spack-src/src/H5Dcontig.c line 659 in H5D__contig_write(): contiguous write failed
    major: Dataset
    minor: Write failed
  #003: /scratch/spack_cpu/job_21700923/spack-stage/spack-stage-hdf5-1.10.7-xexa2gll6hf6okdatgrxiwhcjs2uepc7/spack-src/src/H5Dselect.c line 321 in H5D__select_write(): write error
    major: Dataspace
    minor: Write failed
  #004: /scratch/spack_cpu/job_21700923/spack-stage/spack-stage-hdf5-1.10.7-xexa2gll6hf6okdatgrxiwhcjs2uepc7/spack-src/src/H5Dselect.c line 230 in H5D__select_io(): write error
    major: Dataspace
    minor: Write failed
  #005: /scratch/spack_cpu/job_21700923/spack-stage/spack-stage-hdf5-1.10.7-xexa2gll6hf6okdatgrxiwhcjs2uepc7/spack-src/src/H5Dcontig.c line 1281 in H5D__contig_writevv(): can't perform vectorized sieve buffer write
    major: Dataset
    minor: Can't operate on object
  #006: /scratch/spack_cpu/job_21700923/spack-stage/spack-stage-hdf5-1.10.7-xexa2gll6hf6okdatgrxiwhcjs2uepc7/spack-src/src/H5VM.c line 1464 in H5VM_opvv(): can't perform operation
    major: Internal error (too specific to document in detail)
    minor: Can't operate on object
  #007: /scratch/spack_cpu/job_21700923/spack-stage/spack-stage-hdf5-1.10.7-xexa2gll6hf6okdatgrxiwhcjs2uepc7/spack-src/src/H5Dcontig.c line 1029 in H5D__contig_writevv_sieve_cb(): block write failed
    major: Dataset
    minor: Write failed
  #008: /scratch/spack_cpu/job_21700923/spack-stage/spack-stage-hdf5-1.10.7-xexa2gll6hf6okdatgrxiwhcjs2uepc7/spack-src/src/H5Fio.c line 161 in H5F_block_write(): write through page buffer failed
    major: Low-level I/O
    minor: Write failed
  #009: /scratch/spack_cpu/job_21700923/spack-stage/spack-stage-hdf5-1.10.7-xexa2gll6hf6okdatgrxiwhcjs2uepc7/spack-src/src/H5PB.c line 1032 in H5PB_write(): write through metadata accumulator failed
    major: Page Buffering
    minor: Write failed
  #010: /scratch/spack_cpu/job_21700923/spack-stage/spack-stage-hdf5-1.10.7-xexa2gll6hf6okdatgrxiwhcjs2uepc7/spack-src/src/H5Faccum.c line 824 in H5F__accum_write(): file write failed
    major: Low-level I/O
    minor: Write failed
  #011: /scratch/spack_cpu/job_21700923/spack-stage/spack-stage-hdf5-1.10.7-xexa2gll6hf6okdatgrxiwhcjs2uepc7/spack-src/src/H5FDint.c line 249 in H5FD_write(): driver write request failed
    major: Virtual File Layer
    minor: Write failed
  #012: /scratch/spack_cpu/job_21700923/spack-stage/spack-stage-hdf5-1.10.7-xexa2gll6hf6okdatgrxiwhcjs2uepc7/spack-src/src/H5FDsec2.c line 856 in H5FD__sec2_write(): file write failed: time = Wed Nov 19 08:13:49 2025
, filename = 'checkpoint.h5', file descriptor = 5, errno = 14, error message = 'Bad address', buf = 0x1555537c4000, total write size = 15969552, bytes this sub-write = 15969552, bytes actually written = 18446744073709551615, offset = 0
    major: Low-level I/O
    minor: Write failed
HDF5-DIAG: Error detected in HDF5 (1.10.7) thread 0:
  #000: /scratch/spack_cpu/job_21700923/spack-stage/spack-stage-hdf5-1.10.7-xexa2gll6hf6okdatgrxiwhcjs2uepc7/spack-src/src/H5Dio.c line 335 in H5Dwrite(): can't write data
    major: Dataset
    minor: Write failed
  #001: /scratch/spack_cpu/job_21700923/spack-stage/spack-stage-hdf5-1.10.7-xexa2gll6hf6okdatgrxiwhcjs2uepc7/spack-src/src/H5Dio.c line 813 in H5D__write(): can't write data
    major: Dataset
    minor: Write failed
  #002: /scratch/spack_cpu/job_21700923/spack-stage/spack-stage-hdf5-1.10.7-xexa2gll6hf6okdatgrxiwhcjs2uepc7/spack-src/src/H5Dcontig.c line 659 in H5D__contig_write(): contiguous write failed
    major: Dataset
    minor: Write failed
  #003: /scratch/spack_cpu/job_21700923/spack-stage/spack-stage-hdf5-1.10.7-xexa2gll6hf6okdatgrxiwhcjs2uepc7/spack-src/src/H5Dselect.c line 321 in H5D__select_write(): write error
    major: Dataspace
    minor: Write failed
  #004: /scratch/spack_cpu/job_21700923/spack-stage/spack-stage-hdf5-1.10.7-xexa2gll6hf6okdatgrxiwhcjs2uepc7/spack-src/src/H5Dselect.c line 230 in H5D__select_io(): write error
    major: Dataspace
    minor: Write failed
  #005: /scratch/spack_cpu/job_21700923/spack-stage/spack-stage-hdf5-1.10.7-xexa2gll6hf6okdatgrxiwhcjs2uepc7/spack-src/src/H5Dcontig.c line 1281 in H5D__contig_writevv(): can't perform vectorized sieve buffer write
    major: Dataset
    minor: Can't operate on object
  #006: /scratch/spack_cpu/job_21700923/spack-stage/spack-stage-hdf5-1.10.7-xexa2gll6hf6okdatgrxiwhcjs2uepc7/spack-src/src/H5VM.c line 1464 in H5VM_opvv(): can't perform operation
    major: Internal error (too specific to document in detail)
    minor: Can't operate on object
  #007: /scratch/spack_cpu/job_21700923/spack-stage/spack-stage-hdf5-1.10.7-xexa2gll6hf6okdatgrxiwhcjs2uepc7/spack-src/src/H5Dcontig.c line 1029 in H5D__contig_writevv_sieve_cb(): block write failed
    major: Dataset
    minor: Write failed
  #008: /scratch/spack_cpu/job_21700923/spack-stage/spack-stage-hdf5-1.10.7-xexa2gll6hf6okdatgrxiwhcjs2uepc7/spack-src/src/H5Fio.c line 161 in H5F_block_write(): write through page buffer failed
    major: Low-level I/O
    minor: Write failed
  #009: /scratch/spack_cpu/job_21700923/spack-stage/spack-stage-hdf5-1.10.7-xexa2gll6hf6okdatgrxiwhcjs2uepc7/spack-src/src/H5PB.c line 1032 in H5PB_write(): write through metadata accumulator failed
    major: Page Buffering
    minor: Write failed
  #010: /scratch/spack_cpu/job_21700923/spack-stage/spack-stage-hdf5-1.10.7-xexa2gll6hf6okdatgrxiwhcjs2uepc7/spack-src/src/H5Faccum.c line 824 in H5F__accum_write(): file write failed
    major: Low-level I/O
    minor: Write failed
  #011: /scratch/spack_cpu/job_21700923/spack-stage/spack-stage-hdf5-1.10.7-xexa2gll6hf6okdatgrxiwhcjs2uepc7/spack-src/src/H5FDint.c line 249 in H5FD_write(): driver write request failed
    major: Virtual File Layer
    minor: Write failed
  #012: /scratch/spack_cpu/job_21700923/spack-stage/spack-stage-hdf5-1.10.7-xexa2gll6hf6okdatgrxiwhcjs2uepc7/spack-src/src/H5FDsec2.c line 856 in H5FD__sec2_write(): file write failed: time = Wed Nov 19 08:13:58 2025
, filename = 'checkpoint.h5', file descriptor = 5, errno = 14, error message = 'Bad address', buf = 0x1555537c4000, total write size = 15969552, bytes this sub-write = 15969552, bytes actually written = 18446744073709551615, offset = 0
    major: Low-level I/O
    minor: Write failed
HDF5-DIAG: Error detected in HDF5 (1.10.7) thread 0:
  #000: /scratch/spack_cpu/job_21700923/spack-stage/spack-stage-hdf5-1.10.7-xexa2gll6hf6okdatgrxiwhcjs2uepc7/spack-src/src/H5Dio.c line 335 in H5Dwrite(): can't write data
    major: Dataset
    minor: Write failed
  #001: /scratch/spack_cpu/job_21700923/spack-stage/spack-stage-hdf5-1.10.7-xexa2gll6hf6okdatgrxiwhcjs2uepc7/spack-src/src/H5Dio.c line 813 in H5D__write(): can't write data
    major: Dataset
    minor: Write failed
  #002: /scratch/spack_cpu/job_21700923/spack-stage/spack-stage-hdf5-1.10.7-xexa2gll6hf6okdatgrxiwhcjs2uepc7/spack-src/src/H5Dcontig.c line 659 in H5D__contig_write(): contiguous write failed
    major: Dataset
    minor: Write failed
  #003: /scratch/spack_cpu/job_21700923/spack-stage/spack-stage-hdf5-1.10.7-xexa2gll6hf6okdatgrxiwhcjs2uepc7/spack-src/src/H5Dselect.c line 321 in H5D__select_write(): write error
    major: Dataspace
    minor: Write failed
  #004: /scratch/spack_cpu/job_21700923/spack-stage/spack-stage-hdf5-1.10.7-xexa2gll6hf6okdatgrxiwhcjs2uepc7/spack-src/src/H5Dselect.c line 230 in H5D__select_io(): write error
    major: Dataspace
    minor: Write failed
  #005: /scratch/spack_cpu/job_21700923/spack-stage/spack-stage-hdf5-1.10.7-xexa2gll6hf6okdatgrxiwhcjs2uepc7/spack-src/src/H5Dcontig.c line 1281 in H5D__contig_writevv(): can't perform vectorized sieve buffer write
    major: Dataset
    minor: Can't operate on object
  #006: /scratch/spack_cpu/job_21700923/spack-stage/spack-stage-hdf5-1.10.7-xexa2gll6hf6okdatgrxiwhcjs2uepc7/spack-src/src/H5VM.c line 1464 in H5VM_opvv(): can't perform operation
    major: Internal error (too specific to document in detail)
    minor: Can't operate on object
  #007: /scratch/spack_cpu/job_21700923/spack-stage/spack-stage-hdf5-1.10.7-xexa2gll6hf6okdatgrxiwhcjs2uepc7/spack-src/src/H5Dcontig.c line 1029 in H5D__contig_writevv_sieve_cb(): block write failed
    major: Dataset
    minor: Write failed
  #008: /scratch/spack_cpu/job_21700923/spack-stage/spack-stage-hdf5-1.10.7-xexa2gll6hf6okdatgrxiwhcjs2uepc7/spack-src/src/H5Fio.c line 161 in H5F_block_write(): write through page buffer failed
    major: Low-level I/O
    minor: Write failed
  #009: /scratch/spack_cpu/job_21700923/spack-stage/spack-stage-hdf5-1.10.7-xexa2gll6hf6okdatgrxiwhcjs2uepc7/spack-src/src/H5PB.c line 1032 in H5PB_write(): write through metadata accumulator failed
    major: Page Buffering
    minor: Write failed
  #010: /scratch/spack_cpu/job_21700923/spack-stage/spack-stage-hdf5-1.10.7-xexa2gll6hf6okdatgrxiwhcjs2uepc7/spack-src/src/H5Faccum.c line 824 in H5F__accum_write(): file write failed
    major: Low-level I/O
    minor: Write failed
  #011: /scratch/spack_cpu/job_21700923/spack-stage/spack-stage-hdf5-1.10.7-xexa2gll6hf6okdatgrxiwhcjs2uepc7/spack-src/src/H5FDint.c line 249 in H5FD_write(): driver write request failed
    major: Virtual File Layer
    minor: Write failed
  #012: /scratch/spack_cpu/job_21700923/spack-stage/spack-stage-hdf5-1.10.7-xexa2gll6hf6okdatgrxiwhcjs2uepc7/spack-src/src/H5FDsec2.c line 856 in H5FD__sec2_write(): file write failed: time = Wed Nov 19 08:14:07 2025
, filename = 'checkpoint.h5', file descriptor = 5, errno = 14, error message = 'Bad address', buf = 0x1555537c4000, total write size = 15969552, bytes this sub-write = 15969552, bytes actually written = 18446744073709551615, offset = 0
    major: Low-level I/O
    minor: Write failed
HDF5-DIAG: Error detected in HDF5 (1.10.7) thread 0:
  #000: /scratch/spack_cpu/job_21700923/spack-stage/spack-stage-hdf5-1.10.7-xexa2gll6hf6okdatgrxiwhcjs2uepc7/spack-src/src/H5Dio.c line 335 in H5Dwrite(): can't write data
    major: Dataset
    minor: Write failed
  #001: /scratch/spack_cpu/job_21700923/spack-stage/spack-stage-hdf5-1.10.7-xexa2gll6hf6okdatgrxiwhcjs2uepc7/spack-src/src/H5Dio.c line 813 in H5D__write(): can't write data
    major: Dataset
    minor: Write failed
  #002: /scratch/spack_cpu/job_21700923/spack-stage/spack-stage-hdf5-1.10.7-xexa2gll6hf6okdatgrxiwhcjs2uepc7/spack-src/src/H5Dcontig.c line 659 in H5D__contig_write(): contiguous write failed
    major: Dataset
    minor: Write failed
  #003: /scratch/spack_cpu/job_21700923/spack-stage/spack-stage-hdf5-1.10.7-xexa2gll6hf6okdatgrxiwhcjs2uepc7/spack-src/src/H5Dselect.c line 321 in H5D__select_write(): write error
    major: Dataspace
    minor: Write failed
  #004: /scratch/spack_cpu/job_21700923/spack-stage/spack-stage-hdf5-1.10.7-xexa2gll6hf6okdatgrxiwhcjs2uepc7/spack-src/src/H5Dselect.c line 230 in H5D__select_io(): write error
    major: Dataspace
    minor: Write failed
  #005: /scratch/spack_cpu/job_21700923/spack-stage/spack-stage-hdf5-1.10.7-xexa2gll6hf6okdatgrxiwhcjs2uepc7/spack-src/src/H5Dcontig.c line 1281 in H5D__contig_writevv(): can't perform vectorized sieve buffer write
    major: Dataset
    minor: Can't operate on object
  #006: /scratch/spack_cpu/job_21700923/spack-stage/spack-stage-hdf5-1.10.7-xexa2gll6hf6okdatgrxiwhcjs2uepc7/spack-src/src/H5VM.c line 1464 in H5VM_opvv(): can't perform operation
    major: Internal error (too specific to document in detail)
    minor: Can't operate on object
  #007: /scratch/spack_cpu/job_21700923/spack-stage/spack-stage-hdf5-1.10.7-xexa2gll6hf6okdatgrxiwhcjs2uepc7/spack-src/src/H5Dcontig.c line 1029 in H5D__contig_writevv_sieve_cb(): block write failed
    major: Dataset
    minor: Write failed
  #008: /scratch/spack_cpu/job_21700923/spack-stage/spack-stage-hdf5-1.10.7-xexa2gll6hf6okdatgrxiwhcjs2uepc7/spack-src/src/H5Fio.c line 161 in H5F_block_write(): write through page buffer failed
    major: Low-level I/O
    minor: Write failed
  #009: /scratch/spack_cpu/job_21700923/spack-stage/spack-stage-hdf5-1.10.7-xexa2gll6hf6okdatgrxiwhcjs2uepc7/spack-src/src/H5PB.c line 1032 in H5PB_write(): write through metadata accumulator failed
    major: Page Buffering
    minor: Write failed
  #010: /scratch/spack_cpu/job_21700923/spack-stage/spack-stage-hdf5-1.10.7-xexa2gll6hf6okdatgrxiwhcjs2uepc7/spack-src/src/H5Faccum.c line 824 in H5F__accum_write(): file write failed
    major: Low-level I/O
    minor: Write failed
  #011: /scratch/spack_cpu/job_21700923/spack-stage/spack-stage-hdf5-1.10.7-xexa2gll6hf6okdatgrxiwhcjs2uepc7/spack-src/src/H5FDint.c line 249 in H5FD_write(): driver write request failed
    major: Virtual File Layer
    minor: Write failed
  #012: /scratch/spack_cpu/job_21700923/spack-stage/spack-stage-hdf5-1.10.7-xexa2gll6hf6okdatgrxiwhcjs2uepc7/spack-src/src/H5FDsec2.c line 856 in H5FD__sec2_write(): file write failed: time = Wed Nov 19 08:14:17 2025
, filename = 'checkpoint.h5', file descriptor = 5, errno = 14, error message = 'Bad address', buf = 0x1555537c4000, total write size = 15969552, bytes this sub-write = 15969552, bytes actually written = 18446744073709551615, offset = 0
    major: Low-level I/O
    minor: Write failed
HDF5-DIAG: Error detected in HDF5 (1.10.7) thread 0:
  #000: /scratch/spack_cpu/job_21700923/spack-stage/spack-stage-hdf5-1.10.7-xexa2gll6hf6okdatgrxiwhcjs2uepc7/spack-src/src/H5Dio.c line 335 in H5Dwrite(): can't write data
    major: Dataset
    minor: Write failed
  #001: /scratch/spack_cpu/job_21700923/spack-stage/spack-stage-hdf5-1.10.7-xexa2gll6hf6okdatgrxiwhcjs2uepc7/spack-src/src/H5Dio.c line 813 in H5D__write(): can't write data
    major: Dataset
    minor: Write failed
  #002: /scratch/spack_cpu/job_21700923/spack-stage/spack-stage-hdf5-1.10.7-xexa2gll6hf6okdatgrxiwhcjs2uepc7/spack-src/src/H5Dcontig.c line 659 in H5D__contig_write(): contiguous write failed
    major: Dataset
    minor: Write failed
  #003: /scratch/spack_cpu/job_21700923/spack-stage/spack-stage-hdf5-1.10.7-xexa2gll6hf6okdatgrxiwhcjs2uepc7/spack-src/src/H5Dselect.c line 321 in H5D__select_write(): write error
    major: Dataspace
    minor: Write failed
  #004: /scratch/spack_cpu/job_21700923/spack-stage/spack-stage-hdf5-1.10.7-xexa2gll6hf6okdatgrxiwhcjs2uepc7/spack-src/src/H5Dselect.c line 230 in H5D__select_io(): write error
    major: Dataspace
    minor: Write failed
  #005: /scratch/spack_cpu/job_21700923/spack-stage/spack-stage-hdf5-1.10.7-xexa2gll6hf6okdatgrxiwhcjs2uepc7/spack-src/src/H5Dcontig.c line 1281 in H5D__contig_writevv(): can't perform vectorized sieve buffer write
    major: Dataset
    minor: Can't operate on object
  #006: /scratch/spack_cpu/job_21700923/spack-stage/spack-stage-hdf5-1.10.7-xexa2gll6hf6okdatgrxiwhcjs2uepc7/spack-src/src/H5VM.c line 1464 in H5VM_opvv(): can't perform operation
    major: Internal error (too specific to document in detail)
    minor: Can't operate on object
  #007: /scratch/spack_cpu/job_21700923/spack-stage/spack-stage-hdf5-1.10.7-xexa2gll6hf6okdatgrxiwhcjs2uepc7/spack-src/src/H5Dcontig.c line 1029 in H5D__contig_writevv_sieve_cb(): block write failed
    major: Dataset
    minor: Write failed
  #008: /scratch/spack_cpu/job_21700923/spack-stage/spack-stage-hdf5-1.10.7-xexa2gll6hf6okdatgrxiwhcjs2uepc7/spack-src/src/H5Fio.c line 161 in H5F_block_write(): write through page buffer failed
    major: Low-level I/O
    minor: Write failed
  #009: /scratch/spack_cpu/job_21700923/spack-stage/spack-stage-hdf5-1.10.7-xexa2gll6hf6okdatgrxiwhcjs2uepc7/spack-src/src/H5PB.c line 1032 in H5PB_write(): write through metadata accumulator failed
    major: Page Buffering
    minor: Write failed
  #010: /scratch/spack_cpu/job_21700923/spack-stage/spack-stage-hdf5-1.10.7-xexa2gll6hf6okdatgrxiwhcjs2uepc7/spack-src/src/H5Faccum.c line 824 in H5F__accum_write(): file write failed
    major: Low-level I/O
    minor: Write failed
  #011: /scratch/spack_cpu/job_21700923/spack-stage/spack-stage-hdf5-1.10.7-xexa2gll6hf6okdatgrxiwhcjs2uepc7/spack-src/src/H5FDint.c line 249 in H5FD_write(): driver write request failed
    major: Virtual File Layer
    minor: Write failed
  #012: /scratch/spack_cpu/job_21700923/spack-stage/spack-stage-hdf5-1.10.7-xexa2gll6hf6okdatgrxiwhcjs2uepc7/spack-src/src/H5FDsec2.c line 856 in H5FD__sec2_write(): file write failed: time = Wed Nov 19 08:14:26 2025
, filename = 'checkpoint.h5', file descriptor = 5, errno = 14, error message = 'Bad address', buf = 0x1555537c4000, total write size = 15969552, bytes this sub-write = 15969552, bytes actually written = 18446744073709551615, offset = 0
    major: Low-level I/O
    minor: Write failed
HDF5-DIAG: Error detected in HDF5 (1.10.7) thread 0:
  #000: /scratch/spack_cpu/job_21700923/spack-stage/spack-stage-hdf5-1.10.7-xexa2gll6hf6okdatgrxiwhcjs2uepc7/spack-src/src/H5Dio.c line 335 in H5Dwrite(): can't write data
    major: Dataset
    minor: Write failed
  #001: /scratch/spack_cpu/job_21700923/spack-stage/spack-stage-hdf5-1.10.7-xexa2gll6hf6okdatgrxiwhcjs2uepc7/spack-src/src/H5Dio.c line 813 in H5D__write(): can't write data
    major: Dataset
    minor: Write failed
  #002: /scratch/spack_cpu/job_21700923/spack-stage/spack-stage-hdf5-1.10.7-xexa2gll6hf6okdatgrxiwhcjs2uepc7/spack-src/src/H5Dcontig.c line 659 in H5D__contig_write(): contiguous write failed
    major: Dataset
    minor: Write failed
  #003: /scratch/spack_cpu/job_21700923/spack-stage/spack-stage-hdf5-1.10.7-xexa2gll6hf6okdatgrxiwhcjs2uepc7/spack-src/src/H5Dselect.c line 321 in H5D__select_write(): write error
    major: Dataspace
    minor: Write failed
  #004: /scratch/spack_cpu/job_21700923/spack-stage/spack-stage-hdf5-1.10.7-xexa2gll6hf6okdatgrxiwhcjs2uepc7/spack-src/src/H5Dselect.c line 230 in H5D__select_io(): write error
    major: Dataspace
    minor: Write failed
  #005: /scratch/spack_cpu/job_21700923/spack-stage/spack-stage-hdf5-1.10.7-xexa2gll6hf6okdatgrxiwhcjs2uepc7/spack-src/src/H5Dcontig.c line 1281 in H5D__contig_writevv(): can't perform vectorized sieve buffer write
    major: Dataset
    minor: Can't operate on object
  #006: /scratch/spack_cpu/job_21700923/spack-stage/spack-stage-hdf5-1.10.7-xexa2gll6hf6okdatgrxiwhcjs2uepc7/spack-src/src/H5VM.c line 1464 in H5VM_opvv(): can't perform operation
    major: Internal error (too specific to document in detail)
    minor: Can't operate on object
  #007: /scratch/spack_cpu/job_21700923/spack-stage/spack-stage-hdf5-1.10.7-xexa2gll6hf6okdatgrxiwhcjs2uepc7/spack-src/src/H5Dcontig.c line 1029 in H5D__contig_writevv_sieve_cb(): block write failed
    major: Dataset
    minor: Write failed
  #008: /scratch/spack_cpu/job_21700923/spack-stage/spack-stage-hdf5-1.10.7-xexa2gll6hf6okdatgrxiwhcjs2uepc7/spack-src/src/H5Fio.c line 161 in H5F_block_write(): write through page buffer failed
    major: Low-level I/O
    minor: Write failed
  #009: /scratch/spack_cpu/job_21700923/spack-stage/spack-stage-hdf5-1.10.7-xexa2gll6hf6okdatgrxiwhcjs2uepc7/spack-src/src/H5PB.c line 1032 in H5PB_write(): write through metadata accumulator failed
    major: Page Buffering
    minor: Write failed
  #010: /scratch/spack_cpu/job_21700923/spack-stage/spack-stage-hdf5-1.10.7-xexa2gll6hf6okdatgrxiwhcjs2uepc7/spack-src/src/H5Faccum.c line 824 in H5F__accum_write(): file write failed
    major: Low-level I/O
    minor: Write failed
  #011: /scratch/spack_cpu/job_21700923/spack-stage/spack-stage-hdf5-1.10.7-xexa2gll6hf6okdatgrxiwhcjs2uepc7/spack-src/src/H5FDint.c line 249 in H5FD_write(): driver write request failed
    major: Virtual File Layer
    minor: Write failed
  #012: /scratch/spack_cpu/job_21700923/spack-stage/spack-stage-hdf5-1.10.7-xexa2gll6hf6okdatgrxiwhcjs2uepc7/spack-src/src/H5FDsec2.c line 856 in H5FD__sec2_write(): file write failed: time = Wed Nov 19 08:14:35 2025
, filename = 'checkpoint.h5', file descriptor = 5, errno = 14, error message = 'Bad address', buf = 0x1555537c4000, total write size = 15969552, bytes this sub-write = 15969552, bytes actually written = 18446744073709551615, offset = 0
    major: Low-level I/O
    minor: Write failed
HDF5-DIAG: Error detected in HDF5 (1.10.7) thread 0:
  #000: /scratch/spack_cpu/job_21700923/spack-stage/spack-stage-hdf5-1.10.7-xexa2gll6hf6okdatgrxiwhcjs2uepc7/spack-src/src/H5Dio.c line 335 in H5Dwrite(): can't write data
    major: Dataset
    minor: Write failed
  #001: /scratch/spack_cpu/job_21700923/spack-stage/spack-stage-hdf5-1.10.7-xexa2gll6hf6okdatgrxiwhcjs2uepc7/spack-src/src/H5Dio.c line 813 in H5D__write(): can't write data
    major: Dataset
    minor: Write failed
  #002: /scratch/spack_cpu/job_21700923/spack-stage/spack-stage-hdf5-1.10.7-xexa2gll6hf6okdatgrxiwhcjs2uepc7/spack-src/src/H5Dcontig.c line 659 in H5D__contig_write(): contiguous write failed
    major: Dataset
    minor: Write failed
  #003: /scratch/spack_cpu/job_21700923/spack-stage/spack-stage-hdf5-1.10.7-xexa2gll6hf6okdatgrxiwhcjs2uepc7/spack-src/src/H5Dselect.c line 321 in H5D__select_write(): write error
    major: Dataspace
    minor: Write failed
  #004: /scratch/spack_cpu/job_21700923/spack-stage/spack-stage-hdf5-1.10.7-xexa2gll6hf6okdatgrxiwhcjs2uepc7/spack-src/src/H5Dselect.c line 230 in H5D__select_io(): write error
    major: Dataspace
    minor: Write failed
  #005: /scratch/spack_cpu/job_21700923/spack-stage/spack-stage-hdf5-1.10.7-xexa2gll6hf6okdatgrxiwhcjs2uepc7/spack-src/src/H5Dcontig.c line 1281 in H5D__contig_writevv(): can't perform vectorized sieve buffer write
    major: Dataset
    minor: Can't operate on object
  #006: /scratch/spack_cpu/job_21700923/spack-stage/spack-stage-hdf5-1.10.7-xexa2gll6hf6okdatgrxiwhcjs2uepc7/spack-src/src/H5VM.c line 1464 in H5VM_opvv(): can't perform operation
    major: Internal error (too specific to document in detail)
    minor: Can't operate on object
  #007: /scratch/spack_cpu/job_21700923/spack-stage/spack-stage-hdf5-1.10.7-xexa2gll6hf6okdatgrxiwhcjs2uepc7/spack-src/src/H5Dcontig.c line 1029 in H5D__contig_writevv_sieve_cb(): block write failed
    major: Dataset
    minor: Write failed
  #008: /scratch/spack_cpu/job_21700923/spack-stage/spack-stage-hdf5-1.10.7-xexa2gll6hf6okdatgrxiwhcjs2uepc7/spack-src/src/H5Fio.c line 161 in H5F_block_write(): write through page buffer failed
    major: Low-level I/O
    minor: Write failed
  #009: /scratch/spack_cpu/job_21700923/spack-stage/spack-stage-hdf5-1.10.7-xexa2gll6hf6okdatgrxiwhcjs2uepc7/spack-src/src/H5PB.c line 1032 in H5PB_write(): write through metadata accumulator failed
    major: Page Buffering
    minor: Write failed
  #010: /scratch/spack_cpu/job_21700923/spack-stage/spack-stage-hdf5-1.10.7-xexa2gll6hf6okdatgrxiwhcjs2uepc7/spack-src/src/H5Faccum.c line 824 in H5F__accum_write(): file write failed
    major: Low-level I/O
    minor: Write failed
  #011: /scratch/spack_cpu/job_21700923/spack-stage/spack-stage-hdf5-1.10.7-xexa2gll6hf6okdatgrxiwhcjs2uepc7/spack-src/src/H5FDint.c line 249 in H5FD_write(): driver write request failed
    major: Virtual File Layer
    minor: Write failed
  #012: /scratch/spack_cpu/job_21700923/spack-stage/spack-stage-hdf5-1.10.7-xexa2gll6hf6okdatgrxiwhcjs2uepc7/spack-src/src/H5FDsec2.c line 856 in H5FD__sec2_write(): file write failed: time = Wed Nov 19 08:14:44 2025
, filename = 'checkpoint.h5', file descriptor = 5, errno = 14, error message = 'Bad address', buf = 0x1555537c4000, total write size = 15969552, bytes this sub-write = 15969552, bytes actually written = 18446744073709551615, offset = 0
    major: Low-level I/O
    minor: Write failed
HDF5-DIAG: Error detected in HDF5 (1.10.7) thread 0:
  #000: /scratch/spack_cpu/job_21700923/spack-stage/spack-stage-hdf5-1.10.7-xexa2gll6hf6okdatgrxiwhcjs2uepc7/spack-src/src/H5Dio.c line 335 in H5Dwrite(): can't write data
    major: Dataset
    minor: Write failed
  #001: /scratch/spack_cpu/job_21700923/spack-stage/spack-stage-hdf5-1.10.7-xexa2gll6hf6okdatgrxiwhcjs2uepc7/spack-src/src/H5Dio.c line 813 in H5D__write(): can't write data
    major: Dataset
    minor: Write failed
  #002: /scratch/spack_cpu/job_21700923/spack-stage/spack-stage-hdf5-1.10.7-xexa2gll6hf6okdatgrxiwhcjs2uepc7/spack-src/src/H5Dcontig.c line 659 in H5D__contig_write(): contiguous write failed
    major: Dataset
    minor: Write failed
  #003: /scratch/spack_cpu/job_21700923/spack-stage/spack-stage-hdf5-1.10.7-xexa2gll6hf6okdatgrxiwhcjs2uepc7/spack-src/src/H5Dselect.c line 321 in H5D__select_write(): write error
    major: Dataspace
    minor: Write failed
  #004: /scratch/spack_cpu/job_21700923/spack-stage/spack-stage-hdf5-1.10.7-xexa2gll6hf6okdatgrxiwhcjs2uepc7/spack-src/src/H5Dselect.c line 230 in H5D__select_io(): write error
    major: Dataspace
    minor: Write failed
  #005: /scratch/spack_cpu/job_21700923/spack-stage/spack-stage-hdf5-1.10.7-xexa2gll6hf6okdatgrxiwhcjs2uepc7/spack-src/src/H5Dcontig.c line 1281 in H5D__contig_writevv(): can't perform vectorized sieve buffer write
    major: Dataset
    minor: Can't operate on object
  #006: /scratch/spack_cpu/job_21700923/spack-stage/spack-stage-hdf5-1.10.7-xexa2gll6hf6okdatgrxiwhcjs2uepc7/spack-src/src/H5VM.c line 1464 in H5VM_opvv(): can't perform operation
    major: Internal error (too specific to document in detail)
    minor: Can't operate on object
  #007: /scratch/spack_cpu/job_21700923/spack-stage/spack-stage-hdf5-1.10.7-xexa2gll6hf6okdatgrxiwhcjs2uepc7/spack-src/src/H5Dcontig.c line 1029 in H5D__contig_writevv_sieve_cb(): block write failed
    major: Dataset
    minor: Write failed
  #008: /scratch/spack_cpu/job_21700923/spack-stage/spack-stage-hdf5-1.10.7-xexa2gll6hf6okdatgrxiwhcjs2uepc7/spack-src/src/H5Fio.c line 161 in H5F_block_write(): write through page buffer failed
    major: Low-level I/O
    minor: Write failed
  #009: /scratch/spack_cpu/job_21700923/spack-stage/spack-stage-hdf5-1.10.7-xexa2gll6hf6okdatgrxiwhcjs2uepc7/spack-src/src/H5PB.c line 1032 in H5PB_write(): write through metadata accumulator failed
    major: Page Buffering
    minor: Write failed
  #010: /scratch/spack_cpu/job_21700923/spack-stage/spack-stage-hdf5-1.10.7-xexa2gll6hf6okdatgrxiwhcjs2uepc7/spack-src/src/H5Faccum.c line 824 in H5F__accum_write(): file write failed
    major: Low-level I/O
    minor: Write failed
  #011: /scratch/spack_cpu/job_21700923/spack-stage/spack-stage-hdf5-1.10.7-xexa2gll6hf6okdatgrxiwhcjs2uepc7/spack-src/src/H5FDint.c line 249 in H5FD_write(): driver write request failed
    major: Virtual File Layer
    minor: Write failed
  #012: /scratch/spack_cpu/job_21700923/spack-stage/spack-stage-hdf5-1.10.7-xexa2gll6hf6okdatgrxiwhcjs2uepc7/spack-src/src/H5FDsec2.c line 856 in H5FD__sec2_write(): file write failed: time = Wed Nov 19 08:14:52 2025
, filename = 'checkpoint.h5', file descriptor = 5, errno = 14, error message = 'Bad address', buf = 0x1555537c4000, total write size = 15969552, bytes this sub-write = 15969552, bytes actually written = 18446744073709551615, offset = 0
    major: Low-level I/O
    minor: Write failed
HDF5-DIAG: Error detected in HDF5 (1.10.7) thread 0:
  #000: /scratch/spack_cpu/job_21700923/spack-stage/spack-stage-hdf5-1.10.7-xexa2gll6hf6okdatgrxiwhcjs2uepc7/spack-src/src/H5Dio.c line 335 in H5Dwrite(): can't write data
    major: Dataset
    minor: Write failed
  #001: /scratch/spack_cpu/job_21700923/spack-stage/spack-stage-hdf5-1.10.7-xexa2gll6hf6okdatgrxiwhcjs2uepc7/spack-src/src/H5Dio.c line 813 in H5D__write(): can't write data
    major: Dataset
    minor: Write failed
  #002: /scratch/spack_cpu/job_21700923/spack-stage/spack-stage-hdf5-1.10.7-xexa2gll6hf6okdatgrxiwhcjs2uepc7/spack-src/src/H5Dcontig.c line 659 in H5D__contig_write(): contiguous write failed
    major: Dataset
    minor: Write failed
  #003: /scratch/spack_cpu/job_21700923/spack-stage/spack-stage-hdf5-1.10.7-xexa2gll6hf6okdatgrxiwhcjs2uepc7/spack-src/src/H5Dselect.c line 321 in H5D__select_write(): write error
    major: Dataspace
    minor: Write failed
  #004: /scratch/spack_cpu/job_21700923/spack-stage/spack-stage-hdf5-1.10.7-xexa2gll6hf6okdatgrxiwhcjs2uepc7/spack-src/src/H5Dselect.c line 230 in H5D__select_io(): write error
    major: Dataspace
    minor: Write failed
  #005: /scratch/spack_cpu/job_21700923/spack-stage/spack-stage-hdf5-1.10.7-xexa2gll6hf6okdatgrxiwhcjs2uepc7/spack-src/src/H5Dcontig.c line 1281 in H5D__contig_writevv(): can't perform vectorized sieve buffer write
    major: Dataset
    minor: Can't operate on object
  #006: /scratch/spack_cpu/job_21700923/spack-stage/spack-stage-hdf5-1.10.7-xexa2gll6hf6okdatgrxiwhcjs2uepc7/spack-src/src/H5VM.c line 1464 in H5VM_opvv(): can't perform operation
    major: Internal error (too specific to document in detail)
    minor: Can't operate on object
  #007: /scratch/spack_cpu/job_21700923/spack-stage/spack-stage-hdf5-1.10.7-xexa2gll6hf6okdatgrxiwhcjs2uepc7/spack-src/src/H5Dcontig.c line 1029 in H5D__contig_writevv_sieve_cb(): block write failed
    major: Dataset
    minor: Write failed
  #008: /scratch/spack_cpu/job_21700923/spack-stage/spack-stage-hdf5-1.10.7-xexa2gll6hf6okdatgrxiwhcjs2uepc7/spack-src/src/H5Fio.c line 161 in H5F_block_write(): write through page buffer failed
    major: Low-level I/O
    minor: Write failed
  #009: /scratch/spack_cpu/job_21700923/spack-stage/spack-stage-hdf5-1.10.7-xexa2gll6hf6okdatgrxiwhcjs2uepc7/spack-src/src/H5PB.c line 1032 in H5PB_write(): write through metadata accumulator failed
    major: Page Buffering
    minor: Write failed
  #010: /scratch/spack_cpu/job_21700923/spack-stage/spack-stage-hdf5-1.10.7-xexa2gll6hf6okdatgrxiwhcjs2uepc7/spack-src/src/H5Faccum.c line 824 in H5F__accum_write(): file write failed
    major: Low-level I/O
    minor: Write failed
  #011: /scratch/spack_cpu/job_21700923/spack-stage/spack-stage-hdf5-1.10.7-xexa2gll6hf6okdatgrxiwhcjs2uepc7/spack-src/src/H5FDint.c line 249 in H5FD_write(): driver write request failed
    major: Virtual File Layer
    minor: Write failed
  #012: /scratch/spack_cpu/job_21700923/spack-stage/spack-stage-hdf5-1.10.7-xexa2gll6hf6okdatgrxiwhcjs2uepc7/spack-src/src/H5FDsec2.c line 856 in H5FD__sec2_write(): file write failed: time = Wed Nov 19 08:15:01 2025
, filename = 'checkpoint.h5', file descriptor = 5, errno = 14, error message = 'Bad address', buf = 0x1555537c4000, total write size = 15969552, bytes this sub-write = 15969552, bytes actually written = 18446744073709551615, offset = 0
    major: Low-level I/O
    minor: Write failed
HDF5-DIAG: Error detected in HDF5 (1.10.7) thread 0:
  #000: /scratch/spack_cpu/job_21700923/spack-stage/spack-stage-hdf5-1.10.7-xexa2gll6hf6okdatgrxiwhcjs2uepc7/spack-src/src/H5Dio.c line 335 in H5Dwrite(): can't write data
    major: Dataset
    minor: Write failed
  #001: /scratch/spack_cpu/job_21700923/spack-stage/spack-stage-hdf5-1.10.7-xexa2gll6hf6okdatgrxiwhcjs2uepc7/spack-src/src/H5Dio.c line 813 in H5D__write(): can't write data
    major: Dataset
    minor: Write failed
  #002: /scratch/spack_cpu/job_21700923/spack-stage/spack-stage-hdf5-1.10.7-xexa2gll6hf6okdatgrxiwhcjs2uepc7/spack-src/src/H5Dcontig.c line 659 in H5D__contig_write(): contiguous write failed
    major: Dataset
    minor: Write failed
  #003: /scratch/spack_cpu/job_21700923/spack-stage/spack-stage-hdf5-1.10.7-xexa2gll6hf6okdatgrxiwhcjs2uepc7/spack-src/src/H5Dselect.c line 321 in H5D__select_write(): write error
    major: Dataspace
    minor: Write failed
  #004: /scratch/spack_cpu/job_21700923/spack-stage/spack-stage-hdf5-1.10.7-xexa2gll6hf6okdatgrxiwhcjs2uepc7/spack-src/src/H5Dselect.c line 230 in H5D__select_io(): write error
    major: Dataspace
    minor: Write failed
  #005: /scratch/spack_cpu/job_21700923/spack-stage/spack-stage-hdf5-1.10.7-xexa2gll6hf6okdatgrxiwhcjs2uepc7/spack-src/src/H5Dcontig.c line 1281 in H5D__contig_writevv(): can't perform vectorized sieve buffer write
    major: Dataset
    minor: Can't operate on object
  #006: /scratch/spack_cpu/job_21700923/spack-stage/spack-stage-hdf5-1.10.7-xexa2gll6hf6okdatgrxiwhcjs2uepc7/spack-src/src/H5VM.c line 1464 in H5VM_opvv(): can't perform operation
    major: Internal error (too specific to document in detail)
    minor: Can't operate on object
  #007: /scratch/spack_cpu/job_21700923/spack-stage/spack-stage-hdf5-1.10.7-xexa2gll6hf6okdatgrxiwhcjs2uepc7/spack-src/src/H5Dcontig.c line 1029 in H5D__contig_writevv_sieve_cb(): block write failed
    major: Dataset
    minor: Write failed
  #008: /scratch/spack_cpu/job_21700923/spack-stage/spack-stage-hdf5-1.10.7-xexa2gll6hf6okdatgrxiwhcjs2uepc7/spack-src/src/H5Fio.c line 161 in H5F_block_write(): write through page buffer failed
    major: Low-level I/O
    minor: Write failed
  #009: /scratch/spack_cpu/job_21700923/spack-stage/spack-stage-hdf5-1.10.7-xexa2gll6hf6okdatgrxiwhcjs2uepc7/spack-src/src/H5PB.c line 1032 in H5PB_write(): write through metadata accumulator failed
    major: Page Buffering
    minor: Write failed
  #010: /scratch/spack_cpu/job_21700923/spack-stage/spack-stage-hdf5-1.10.7-xexa2gll6hf6okdatgrxiwhcjs2uepc7/spack-src/src/H5Faccum.c line 824 in H5F__accum_write(): file write failed
    major: Low-level I/O
    minor: Write failed
  #011: /scratch/spack_cpu/job_21700923/spack-stage/spack-stage-hdf5-1.10.7-xexa2gll6hf6okdatgrxiwhcjs2uepc7/spack-src/src/H5FDint.c line 249 in H5FD_write(): driver write request failed
    major: Virtual File Layer
    minor: Write failed
  #012: /scratch/spack_cpu/job_21700923/spack-stage/spack-stage-hdf5-1.10.7-xexa2gll6hf6okdatgrxiwhcjs2uepc7/spack-src/src/H5FDsec2.c line 856 in H5FD__sec2_write(): file write failed: time = Wed Nov 19 08:15:10 2025
, filename = 'checkpoint.h5', file descriptor = 5, errno = 14, error message = 'Bad address', buf = 0x1555537c4000, total write size = 15969552, bytes this sub-write = 15969552, bytes actually written = 18446744073709551615, offset = 0
    major: Low-level I/O
    minor: Write failed
HDF5-DIAG: Error detected in HDF5 (1.10.7) thread 0:
  #000: /scratch/spack_cpu/job_21700923/spack-stage/spack-stage-hdf5-1.10.7-xexa2gll6hf6okdatgrxiwhcjs2uepc7/spack-src/src/H5Dio.c line 335 in H5Dwrite(): can't write data
    major: Dataset
    minor: Write failed
  #001: /scratch/spack_cpu/job_21700923/spack-stage/spack-stage-hdf5-1.10.7-xexa2gll6hf6okdatgrxiwhcjs2uepc7/spack-src/src/H5Dio.c line 813 in H5D__write(): can't write data
    major: Dataset
    minor: Write failed
  #002: /scratch/spack_cpu/job_21700923/spack-stage/spack-stage-hdf5-1.10.7-xexa2gll6hf6okdatgrxiwhcjs2uepc7/spack-src/src/H5Dcontig.c line 659 in H5D__contig_write(): contiguous write failed
    major: Dataset
    minor: Write failed
  #003: /scratch/spack_cpu/job_21700923/spack-stage/spack-stage-hdf5-1.10.7-xexa2gll6hf6okdatgrxiwhcjs2uepc7/spack-src/src/H5Dselect.c line 321 in H5D__select_write(): write error
    major: Dataspace
    minor: Write failed
  #004: /scratch/spack_cpu/job_21700923/spack-stage/spack-stage-hdf5-1.10.7-xexa2gll6hf6okdatgrxiwhcjs2uepc7/spack-src/src/H5Dselect.c line 230 in H5D__select_io(): write error
    major: Dataspace
    minor: Write failed
  #005: /scratch/spack_cpu/job_21700923/spack-stage/spack-stage-hdf5-1.10.7-xexa2gll6hf6okdatgrxiwhcjs2uepc7/spack-src/src/H5Dcontig.c line 1281 in H5D__contig_writevv(): can't perform vectorized sieve buffer write
    major: Dataset
    minor: Can't operate on object
  #006: /scratch/spack_cpu/job_21700923/spack-stage/spack-stage-hdf5-1.10.7-xexa2gll6hf6okdatgrxiwhcjs2uepc7/spack-src/src/H5VM.c line 1464 in H5VM_opvv(): can't perform operation
    major: Internal error (too specific to document in detail)
    minor: Can't operate on object
  #007: /scratch/spack_cpu/job_21700923/spack-stage/spack-stage-hdf5-1.10.7-xexa2gll6hf6okdatgrxiwhcjs2uepc7/spack-src/src/H5Dcontig.c line 1029 in H5D__contig_writevv_sieve_cb(): block write failed
    major: Dataset
    minor: Write failed
  #008: /scratch/spack_cpu/job_21700923/spack-stage/spack-stage-hdf5-1.10.7-xexa2gll6hf6okdatgrxiwhcjs2uepc7/spack-src/src/H5Fio.c line 161 in H5F_block_write(): write through page buffer failed
    major: Low-level I/O
    minor: Write failed
  #009: /scratch/spack_cpu/job_21700923/spack-stage/spack-stage-hdf5-1.10.7-xexa2gll6hf6okdatgrxiwhcjs2uepc7/spack-src/src/H5PB.c line 1032 in H5PB_write(): write through metadata accumulator failed
    major: Page Buffering
    minor: Write failed
  #010: /scratch/spack_cpu/job_21700923/spack-stage/spack-stage-hdf5-1.10.7-xexa2gll6hf6okdatgrxiwhcjs2uepc7/spack-src/src/H5Faccum.c line 824 in H5F__accum_write(): file write failed
    major: Low-level I/O
    minor: Write failed
  #011: /scratch/spack_cpu/job_21700923/spack-stage/spack-stage-hdf5-1.10.7-xexa2gll6hf6okdatgrxiwhcjs2uepc7/spack-src/src/H5FDint.c line 249 in H5FD_write(): driver write request failed
    major: Virtual File Layer
    minor: Write failed
  #012: /scratch/spack_cpu/job_21700923/spack-stage/spack-stage-hdf5-1.10.7-xexa2gll6hf6okdatgrxiwhcjs2uepc7/spack-src/src/H5FDsec2.c line 856 in H5FD__sec2_write(): file write failed: time = Wed Nov 19 08:15:18 2025
, filename = 'checkpoint.h5', file descriptor = 5, errno = 14, error message = 'Bad address', buf = 0x1555537c4000, total write size = 15969552, bytes this sub-write = 15969552, bytes actually written = 18446744073709551615, offset = 0
    major: Low-level I/O
    minor: Write failed
HDF5-DIAG: Error detected in HDF5 (1.10.7) thread 0:
  #000: /scratch/spack_cpu/job_21700923/spack-stage/spack-stage-hdf5-1.10.7-xexa2gll6hf6okdatgrxiwhcjs2uepc7/spack-src/src/H5Dio.c line 335 in H5Dwrite(): can't write data
    major: Dataset
    minor: Write failed
  #001: /scratch/spack_cpu/job_21700923/spack-stage/spack-stage-hdf5-1.10.7-xexa2gll6hf6okdatgrxiwhcjs2uepc7/spack-src/src/H5Dio.c line 813 in H5D__write(): can't write data
    major: Dataset
    minor: Write failed
  #002: /scratch/spack_cpu/job_21700923/spack-stage/spack-stage-hdf5-1.10.7-xexa2gll6hf6okdatgrxiwhcjs2uepc7/spack-src/src/H5Dcontig.c line 659 in H5D__contig_write(): contiguous write failed
    major: Dataset
    minor: Write failed
  #003: /scratch/spack_cpu/job_21700923/spack-stage/spack-stage-hdf5-1.10.7-xexa2gll6hf6okdatgrxiwhcjs2uepc7/spack-src/src/H5Dselect.c line 321 in H5D__select_write(): write error
    major: Dataspace
    minor: Write failed
  #004: /scratch/spack_cpu/job_21700923/spack-stage/spack-stage-hdf5-1.10.7-xexa2gll6hf6okdatgrxiwhcjs2uepc7/spack-src/src/H5Dselect.c line 230 in H5D__select_io(): write error
    major: Dataspace
    minor: Write failed
  #005: /scratch/spack_cpu/job_21700923/spack-stage/spack-stage-hdf5-1.10.7-xexa2gll6hf6okdatgrxiwhcjs2uepc7/spack-src/src/H5Dcontig.c line 1281 in H5D__contig_writevv(): can't perform vectorized sieve buffer write
    major: Dataset
    minor: Can't operate on object
  #006: /scratch/spack_cpu/job_21700923/spack-stage/spack-stage-hdf5-1.10.7-xexa2gll6hf6okdatgrxiwhcjs2uepc7/spack-src/src/H5VM.c line 1464 in H5VM_opvv(): can't perform operation
    major: Internal error (too specific to document in detail)
    minor: Can't operate on object
  #007: /scratch/spack_cpu/job_21700923/spack-stage/spack-stage-hdf5-1.10.7-xexa2gll6hf6okdatgrxiwhcjs2uepc7/spack-src/src/H5Dcontig.c line 1029 in H5D__contig_writevv_sieve_cb(): block write failed
    major: Dataset
    minor: Write failed
  #008: /scratch/spack_cpu/job_21700923/spack-stage/spack-stage-hdf5-1.10.7-xexa2gll6hf6okdatgrxiwhcjs2uepc7/spack-src/src/H5Fio.c line 161 in H5F_block_write(): write through page buffer failed
    major: Low-level I/O
    minor: Write failed
  #009: /scratch/spack_cpu/job_21700923/spack-stage/spack-stage-hdf5-1.10.7-xexa2gll6hf6okdatgrxiwhcjs2uepc7/spack-src/src/H5PB.c line 1032 in H5PB_write(): write through metadata accumulator failed
    major: Page Buffering
    minor: Write failed
  #010: /scratch/spack_cpu/job_21700923/spack-stage/spack-stage-hdf5-1.10.7-xexa2gll6hf6okdatgrxiwhcjs2uepc7/spack-src/src/H5Faccum.c line 824 in H5F__accum_write(): file write failed
    major: Low-level I/O
    minor: Write failed
  #011: /scratch/spack_cpu/job_21700923/spack-stage/spack-stage-hdf5-1.10.7-xexa2gll6hf6okdatgrxiwhcjs2uepc7/spack-src/src/H5FDint.c line 249 in H5FD_write(): driver write request failed
    major: Virtual File Layer
    minor: Write failed
  #012: /scratch/spack_cpu/job_21700923/spack-stage/spack-stage-hdf5-1.10.7-xexa2gll6hf6okdatgrxiwhcjs2uepc7/spack-src/src/H5FDsec2.c line 856 in H5FD__sec2_write(): file write failed: time = Wed Nov 19 08:15:27 2025
, filename = 'checkpoint.h5', file descriptor = 5, errno = 14, error message = 'Bad address', buf = 0x1555537c4000, total write size = 15969552, bytes this sub-write = 15969552, bytes actually written = 18446744073709551615, offset = 0
    major: Low-level I/O
    minor: Write failed
HDF5-DIAG: Error detected in HDF5 (1.10.7) thread 0:
  #000: /scratch/spack_cpu/job_21700923/spack-stage/spack-stage-hdf5-1.10.7-xexa2gll6hf6okdatgrxiwhcjs2uepc7/spack-src/src/H5Dio.c line 335 in H5Dwrite(): can't write data
    major: Dataset
    minor: Write failed
  #001: /scratch/spack_cpu/job_21700923/spack-stage/spack-stage-hdf5-1.10.7-xexa2gll6hf6okdatgrxiwhcjs2uepc7/spack-src/src/H5Dio.c line 813 in H5D__write(): can't write data
    major: Dataset
    minor: Write failed
  #002: /scratch/spack_cpu/job_21700923/spack-stage/spack-stage-hdf5-1.10.7-xexa2gll6hf6okdatgrxiwhcjs2uepc7/spack-src/src/H5Dcontig.c line 659 in H5D__contig_write(): contiguous write failed
    major: Dataset
    minor: Write failed
  #003: /scratch/spack_cpu/job_21700923/spack-stage/spack-stage-hdf5-1.10.7-xexa2gll6hf6okdatgrxiwhcjs2uepc7/spack-src/src/H5Dselect.c line 321 in H5D__select_write(): write error
    major: Dataspace
    minor: Write failed
  #004: /scratch/spack_cpu/job_21700923/spack-stage/spack-stage-hdf5-1.10.7-xexa2gll6hf6okdatgrxiwhcjs2uepc7/spack-src/src/H5Dselect.c line 230 in H5D__select_io(): write error
    major: Dataspace
    minor: Write failed
  #005: /scratch/spack_cpu/job_21700923/spack-stage/spack-stage-hdf5-1.10.7-xexa2gll6hf6okdatgrxiwhcjs2uepc7/spack-src/src/H5Dcontig.c line 1281 in H5D__contig_writevv(): can't perform vectorized sieve buffer write
    major: Dataset
    minor: Can't operate on object
  #006: /scratch/spack_cpu/job_21700923/spack-stage/spack-stage-hdf5-1.10.7-xexa2gll6hf6okdatgrxiwhcjs2uepc7/spack-src/src/H5VM.c line 1464 in H5VM_opvv(): can't perform operation
    major: Internal error (too specific to document in detail)
    minor: Can't operate on object
  #007: /scratch/spack_cpu/job_21700923/spack-stage/spack-stage-hdf5-1.10.7-xexa2gll6hf6okdatgrxiwhcjs2uepc7/spack-src/src/H5Dcontig.c line 1029 in H5D__contig_writevv_sieve_cb(): block write failed
    major: Dataset
    minor: Write failed
  #008: /scratch/spack_cpu/job_21700923/spack-stage/spack-stage-hdf5-1.10.7-xexa2gll6hf6okdatgrxiwhcjs2uepc7/spack-src/src/H5Fio.c line 161 in H5F_block_write(): write through page buffer failed
    major: Low-level I/O
    minor: Write failed
  #009: /scratch/spack_cpu/job_21700923/spack-stage/spack-stage-hdf5-1.10.7-xexa2gll6hf6okdatgrxiwhcjs2uepc7/spack-src/src/H5PB.c line 1032 in H5PB_write(): write through metadata accumulator failed
    major: Page Buffering
    minor: Write failed
  #010: /scratch/spack_cpu/job_21700923/spack-stage/spack-stage-hdf5-1.10.7-xexa2gll6hf6okdatgrxiwhcjs2uepc7/spack-src/src/H5Faccum.c line 824 in H5F__accum_write(): file write failed
    major: Low-level I/O
    minor: Write failed
  #011: /scratch/spack_cpu/job_21700923/spack-stage/spack-stage-hdf5-1.10.7-xexa2gll6hf6okdatgrxiwhcjs2uepc7/spack-src/src/H5FDint.c line 249 in H5FD_write(): driver write request failed
    major: Virtual File Layer
    minor: Write failed
  #012: /scratch/spack_cpu/job_21700923/spack-stage/spack-stage-hdf5-1.10.7-xexa2gll6hf6okdatgrxiwhcjs2uepc7/spack-src/src/H5FDsec2.c line 856 in H5FD__sec2_write(): file write failed: time = Wed Nov 19 08:15:35 2025
, filename = 'checkpoint.h5', file descriptor = 5, errno = 14, error message = 'Bad address', buf = 0x1555537c4000, total write size = 15969552, bytes this sub-write = 15969552, bytes actually written = 18446744073709551615, offset = 0
    major: Low-level I/O
    minor: Write failed
HDF5-DIAG: Error detected in HDF5 (1.10.7) thread 0:
  #000: /scratch/spack_cpu/job_21700923/spack-stage/spack-stage-hdf5-1.10.7-xexa2gll6hf6okdatgrxiwhcjs2uepc7/spack-src/src/H5Dio.c line 335 in H5Dwrite(): can't write data
    major: Dataset
    minor: Write failed
  #001: /scratch/spack_cpu/job_21700923/spack-stage/spack-stage-hdf5-1.10.7-xexa2gll6hf6okdatgrxiwhcjs2uepc7/spack-src/src/H5Dio.c line 813 in H5D__write(): can't write data
    major: Dataset
    minor: Write failed
  #002: /scratch/spack_cpu/job_21700923/spack-stage/spack-stage-hdf5-1.10.7-xexa2gll6hf6okdatgrxiwhcjs2uepc7/spack-src/src/H5Dcontig.c line 659 in H5D__contig_write(): contiguous write failed
    major: Dataset
    minor: Write failed
  #003: /scratch/spack_cpu/job_21700923/spack-stage/spack-stage-hdf5-1.10.7-xexa2gll6hf6okdatgrxiwhcjs2uepc7/spack-src/src/H5Dselect.c line 321 in H5D__select_write(): write error
    major: Dataspace
    minor: Write failed
  #004: /scratch/spack_cpu/job_21700923/spack-stage/spack-stage-hdf5-1.10.7-xexa2gll6hf6okdatgrxiwhcjs2uepc7/spack-src/src/H5Dselect.c line 230 in H5D__select_io(): write error
    major: Dataspace
    minor: Write failed
  #005: /scratch/spack_cpu/job_21700923/spack-stage/spack-stage-hdf5-1.10.7-xexa2gll6hf6okdatgrxiwhcjs2uepc7/spack-src/src/H5Dcontig.c line 1281 in H5D__contig_writevv(): can't perform vectorized sieve buffer write
    major: Dataset
    minor: Can't operate on object
  #006: /scratch/spack_cpu/job_21700923/spack-stage/spack-stage-hdf5-1.10.7-xexa2gll6hf6okdatgrxiwhcjs2uepc7/spack-src/src/H5VM.c line 1464 in H5VM_opvv(): can't perform operation
    major: Internal error (too specific to document in detail)
    minor: Can't operate on object
  #007: /scratch/spack_cpu/job_21700923/spack-stage/spack-stage-hdf5-1.10.7-xexa2gll6hf6okdatgrxiwhcjs2uepc7/spack-src/src/H5Dcontig.c line 1029 in H5D__contig_writevv_sieve_cb(): block write failed
    major: Dataset
    minor: Write failed
  #008: /scratch/spack_cpu/job_21700923/spack-stage/spack-stage-hdf5-1.10.7-xexa2gll6hf6okdatgrxiwhcjs2uepc7/spack-src/src/H5Fio.c line 161 in H5F_block_write(): write through page buffer failed
    major: Low-level I/O
    minor: Write failed
  #009: /scratch/spack_cpu/job_21700923/spack-stage/spack-stage-hdf5-1.10.7-xexa2gll6hf6okdatgrxiwhcjs2uepc7/spack-src/src/H5PB.c line 1032 in H5PB_write(): write through metadata accumulator failed
    major: Page Buffering
    minor: Write failed
  #010: /scratch/spack_cpu/job_21700923/spack-stage/spack-stage-hdf5-1.10.7-xexa2gll6hf6okdatgrxiwhcjs2uepc7/spack-src/src/H5Faccum.c line 824 in H5F__accum_write(): file write failed
    major: Low-level I/O
    minor: Write failed
  #011: /scratch/spack_cpu/job_21700923/spack-stage/spack-stage-hdf5-1.10.7-xexa2gll6hf6okdatgrxiwhcjs2uepc7/spack-src/src/H5FDint.c line 249 in H5FD_write(): driver write request failed
    major: Virtual File Layer
    minor: Write failed
  #012: /scratch/spack_cpu/job_21700923/spack-stage/spack-stage-hdf5-1.10.7-xexa2gll6hf6okdatgrxiwhcjs2uepc7/spack-src/src/H5FDsec2.c line 856 in H5FD__sec2_write(): file write failed: time = Wed Nov 19 08:15:44 2025
, filename = 'checkpoint.h5', file descriptor = 5, errno = 14, error message = 'Bad address', buf = 0x1555537c4000, total write size = 15969552, bytes this sub-write = 15969552, bytes actually written = 18446744073709551615, offset = 0
    major: Low-level I/O
    minor: Write failed
HDF5-DIAG: Error detected in HDF5 (1.10.7) thread 0:
  #000: /scratch/spack_cpu/job_21700923/spack-stage/spack-stage-hdf5-1.10.7-xexa2gll6hf6okdatgrxiwhcjs2uepc7/spack-src/src/H5Dio.c line 335 in H5Dwrite(): can't write data
    major: Dataset
    minor: Write failed
  #001: /scratch/spack_cpu/job_21700923/spack-stage/spack-stage-hdf5-1.10.7-xexa2gll6hf6okdatgrxiwhcjs2uepc7/spack-src/src/H5Dio.c line 813 in H5D__write(): can't write data
    major: Dataset
    minor: Write failed
  #002: /scratch/spack_cpu/job_21700923/spack-stage/spack-stage-hdf5-1.10.7-xexa2gll6hf6okdatgrxiwhcjs2uepc7/spack-src/src/H5Dcontig.c line 659 in H5D__contig_write(): contiguous write failed
    major: Dataset
    minor: Write failed
  #003: /scratch/spack_cpu/job_21700923/spack-stage/spack-stage-hdf5-1.10.7-xexa2gll6hf6okdatgrxiwhcjs2uepc7/spack-src/src/H5Dselect.c line 321 in H5D__select_write(): write error
    major: Dataspace
    minor: Write failed
  #004: /scratch/spack_cpu/job_21700923/spack-stage/spack-stage-hdf5-1.10.7-xexa2gll6hf6okdatgrxiwhcjs2uepc7/spack-src/src/H5Dselect.c line 230 in H5D__select_io(): write error
    major: Dataspace
    minor: Write failed
  #005: /scratch/spack_cpu/job_21700923/spack-stage/spack-stage-hdf5-1.10.7-xexa2gll6hf6okdatgrxiwhcjs2uepc7/spack-src/src/H5Dcontig.c line 1281 in H5D__contig_writevv(): can't perform vectorized sieve buffer write
    major: Dataset
    minor: Can't operate on object
  #006: /scratch/spack_cpu/job_21700923/spack-stage/spack-stage-hdf5-1.10.7-xexa2gll6hf6okdatgrxiwhcjs2uepc7/spack-src/src/H5VM.c line 1464 in H5VM_opvv(): can't perform operation
    major: Internal error (too specific to document in detail)
    minor: Can't operate on object
  #007: /scratch/spack_cpu/job_21700923/spack-stage/spack-stage-hdf5-1.10.7-xexa2gll6hf6okdatgrxiwhcjs2uepc7/spack-src/src/H5Dcontig.c line 1029 in H5D__contig_writevv_sieve_cb(): block write failed
    major: Dataset
    minor: Write failed
  #008: /scratch/spack_cpu/job_21700923/spack-stage/spack-stage-hdf5-1.10.7-xexa2gll6hf6okdatgrxiwhcjs2uepc7/spack-src/src/H5Fio.c line 161 in H5F_block_write(): write through page buffer failed
    major: Low-level I/O
    minor: Write failed
  #009: /scratch/spack_cpu/job_21700923/spack-stage/spack-stage-hdf5-1.10.7-xexa2gll6hf6okdatgrxiwhcjs2uepc7/spack-src/src/H5PB.c line 1032 in H5PB_write(): write through metadata accumulator failed
    major: Page Buffering
    minor: Write failed
  #010: /scratch/spack_cpu/job_21700923/spack-stage/spack-stage-hdf5-1.10.7-xexa2gll6hf6okdatgrxiwhcjs2uepc7/spack-src/src/H5Faccum.c line 824 in H5F__accum_write(): file write failed
    major: Low-level I/O
    minor: Write failed
  #011: /scratch/spack_cpu/job_21700923/spack-stage/spack-stage-hdf5-1.10.7-xexa2gll6hf6okdatgrxiwhcjs2uepc7/spack-src/src/H5FDint.c line 249 in H5FD_write(): driver write request failed
    major: Virtual File Layer
    minor: Write failed
  #012: /scratch/spack_cpu/job_21700923/spack-stage/spack-stage-hdf5-1.10.7-xexa2gll6hf6okdatgrxiwhcjs2uepc7/spack-src/src/H5FDsec2.c line 856 in H5FD__sec2_write(): file write failed: time = Wed Nov 19 08:15:53 2025
, filename = 'checkpoint.h5', file descriptor = 5, errno = 14, error message = 'Bad address', buf = 0x1555537c4000, total write size = 15969552, bytes this sub-write = 15969552, bytes actually written = 18446744073709551615, offset = 0
    major: Low-level I/O
    minor: Write failed
HDF5-DIAG: Error detected in HDF5 (1.10.7) thread 0:
  #000: /scratch/spack_cpu/job_21700923/spack-stage/spack-stage-hdf5-1.10.7-xexa2gll6hf6okdatgrxiwhcjs2uepc7/spack-src/src/H5Dio.c line 335 in H5Dwrite(): can't write data
    major: Dataset
    minor: Write failed
  #001: /scratch/spack_cpu/job_21700923/spack-stage/spack-stage-hdf5-1.10.7-xexa2gll6hf6okdatgrxiwhcjs2uepc7/spack-src/src/H5Dio.c line 813 in H5D__write(): can't write data
    major: Dataset
    minor: Write failed
  #002: /scratch/spack_cpu/job_21700923/spack-stage/spack-stage-hdf5-1.10.7-xexa2gll6hf6okdatgrxiwhcjs2uepc7/spack-src/src/H5Dcontig.c line 659 in H5D__contig_write(): contiguous write failed
    major: Dataset
    minor: Write failed
  #003: /scratch/spack_cpu/job_21700923/spack-stage/spack-stage-hdf5-1.10.7-xexa2gll6hf6okdatgrxiwhcjs2uepc7/spack-src/src/H5Dselect.c line 321 in H5D__select_write(): write error
    major: Dataspace
    minor: Write failed
  #004: /scratch/spack_cpu/job_21700923/spack-stage/spack-stage-hdf5-1.10.7-xexa2gll6hf6okdatgrxiwhcjs2uepc7/spack-src/src/H5Dselect.c line 230 in H5D__select_io(): write error
    major: Dataspace
    minor: Write failed
  #005: /scratch/spack_cpu/job_21700923/spack-stage/spack-stage-hdf5-1.10.7-xexa2gll6hf6okdatgrxiwhcjs2uepc7/spack-src/src/H5Dcontig.c line 1281 in H5D__contig_writevv(): can't perform vectorized sieve buffer write
    major: Dataset
    minor: Can't operate on object
  #006: /scratch/spack_cpu/job_21700923/spack-stage/spack-stage-hdf5-1.10.7-xexa2gll6hf6okdatgrxiwhcjs2uepc7/spack-src/src/H5VM.c line 1464 in H5VM_opvv(): can't perform operation
    major: Internal error (too specific to document in detail)
    minor: Can't operate on object
  #007: /scratch/spack_cpu/job_21700923/spack-stage/spack-stage-hdf5-1.10.7-xexa2gll6hf6okdatgrxiwhcjs2uepc7/spack-src/src/H5Dcontig.c line 1029 in H5D__contig_writevv_sieve_cb(): block write failed
    major: Dataset
    minor: Write failed
  #008: /scratch/spack_cpu/job_21700923/spack-stage/spack-stage-hdf5-1.10.7-xexa2gll6hf6okdatgrxiwhcjs2uepc7/spack-src/src/H5Fio.c line 161 in H5F_block_write(): write through page buffer failed
    major: Low-level I/O
    minor: Write failed
  #009: /scratch/spack_cpu/job_21700923/spack-stage/spack-stage-hdf5-1.10.7-xexa2gll6hf6okdatgrxiwhcjs2uepc7/spack-src/src/H5PB.c line 1032 in H5PB_write(): write through metadata accumulator failed
    major: Page Buffering
    minor: Write failed
  #010: /scratch/spack_cpu/job_21700923/spack-stage/spack-stage-hdf5-1.10.7-xexa2gll6hf6okdatgrxiwhcjs2uepc7/spack-src/src/H5Faccum.c line 824 in H5F__accum_write(): file write failed
    major: Low-level I/O
    minor: Write failed
  #011: /scratch/spack_cpu/job_21700923/spack-stage/spack-stage-hdf5-1.10.7-xexa2gll6hf6okdatgrxiwhcjs2uepc7/spack-src/src/H5FDint.c line 249 in H5FD_write(): driver write request failed
    major: Virtual File Layer
    minor: Write failed
  #012: /scratch/spack_cpu/job_21700923/spack-stage/spack-stage-hdf5-1.10.7-xexa2gll6hf6okdatgrxiwhcjs2uepc7/spack-src/src/H5FDsec2.c line 856 in H5FD__sec2_write(): file write failed: time = Wed Nov 19 08:16:01 2025
, filename = 'checkpoint.h5', file descriptor = 5, errno = 14, error message = 'Bad address', buf = 0x1555537c4000, total write size = 15969552, bytes this sub-write = 15969552, bytes actually written = 18446744073709551615, offset = 0
    major: Low-level I/O
    minor: Write failed
HDF5-DIAG: Error detected in HDF5 (1.10.7) thread 0:
  #000: /scratch/spack_cpu/job_21700923/spack-stage/spack-stage-hdf5-1.10.7-xexa2gll6hf6okdatgrxiwhcjs2uepc7/spack-src/src/H5Dio.c line 335 in H5Dwrite(): can't write data
    major: Dataset
    minor: Write failed
  #001: /scratch/spack_cpu/job_21700923/spack-stage/spack-stage-hdf5-1.10.7-xexa2gll6hf6okdatgrxiwhcjs2uepc7/spack-src/src/H5Dio.c line 813 in H5D__write(): can't write data
    major: Dataset
    minor: Write failed
  #002: /scratch/spack_cpu/job_21700923/spack-stage/spack-stage-hdf5-1.10.7-xexa2gll6hf6okdatgrxiwhcjs2uepc7/spack-src/src/H5Dcontig.c line 659 in H5D__contig_write(): contiguous write failed
    major: Dataset
    minor: Write failed
  #003: /scratch/spack_cpu/job_21700923/spack-stage/spack-stage-hdf5-1.10.7-xexa2gll6hf6okdatgrxiwhcjs2uepc7/spack-src/src/H5Dselect.c line 321 in H5D__select_write(): write error
    major: Dataspace
    minor: Write failed
  #004: /scratch/spack_cpu/job_21700923/spack-stage/spack-stage-hdf5-1.10.7-xexa2gll6hf6okdatgrxiwhcjs2uepc7/spack-src/src/H5Dselect.c line 230 in H5D__select_io(): write error
    major: Dataspace
    minor: Write failed
  #005: /scratch/spack_cpu/job_21700923/spack-stage/spack-stage-hdf5-1.10.7-xexa2gll6hf6okdatgrxiwhcjs2uepc7/spack-src/src/H5Dcontig.c line 1281 in H5D__contig_writevv(): can't perform vectorized sieve buffer write
    major: Dataset
    minor: Can't operate on object
  #006: /scratch/spack_cpu/job_21700923/spack-stage/spack-stage-hdf5-1.10.7-xexa2gll6hf6okdatgrxiwhcjs2uepc7/spack-src/src/H5VM.c line 1464 in H5VM_opvv(): can't perform operation
    major: Internal error (too specific to document in detail)
    minor: Can't operate on object
  #007: /scratch/spack_cpu/job_21700923/spack-stage/spack-stage-hdf5-1.10.7-xexa2gll6hf6okdatgrxiwhcjs2uepc7/spack-src/src/H5Dcontig.c line 1029 in H5D__contig_writevv_sieve_cb(): block write failed
    major: Dataset
    minor: Write failed
  #008: /scratch/spack_cpu/job_21700923/spack-stage/spack-stage-hdf5-1.10.7-xexa2gll6hf6okdatgrxiwhcjs2uepc7/spack-src/src/H5Fio.c line 161 in H5F_block_write(): write through page buffer failed
    major: Low-level I/O
    minor: Write failed
  #009: /scratch/spack_cpu/job_21700923/spack-stage/spack-stage-hdf5-1.10.7-xexa2gll6hf6okdatgrxiwhcjs2uepc7/spack-src/src/H5PB.c line 1032 in H5PB_write(): write through metadata accumulator failed
    major: Page Buffering
    minor: Write failed
  #010: /scratch/spack_cpu/job_21700923/spack-stage/spack-stage-hdf5-1.10.7-xexa2gll6hf6okdatgrxiwhcjs2uepc7/spack-src/src/H5Faccum.c line 824 in H5F__accum_write(): file write failed
    major: Low-level I/O
    minor: Write failed
  #011: /scratch/spack_cpu/job_21700923/spack-stage/spack-stage-hdf5-1.10.7-xexa2gll6hf6okdatgrxiwhcjs2uepc7/spack-src/src/H5FDint.c line 249 in H5FD_write(): driver write request failed
    major: Virtual File Layer
    minor: Write failed
  #012: /scratch/spack_cpu/job_21700923/spack-stage/spack-stage-hdf5-1.10.7-xexa2gll6hf6okdatgrxiwhcjs2uepc7/spack-src/src/H5FDsec2.c line 856 in H5FD__sec2_write(): file write failed: time = Wed Nov 19 08:16:10 2025
, filename = 'checkpoint.h5', file descriptor = 5, errno = 14, error message = 'Bad address', buf = 0x1555537c4000, total write size = 15969552, bytes this sub-write = 15969552, bytes actually written = 18446744073709551615, offset = 0
    major: Low-level I/O
    minor: Write failed
HDF5-DIAG: Error detected in HDF5 (1.10.7) thread 0:
  #000: /scratch/spack_cpu/job_21700923/spack-stage/spack-stage-hdf5-1.10.7-xexa2gll6hf6okdatgrxiwhcjs2uepc7/spack-src/src/H5Dio.c line 335 in H5Dwrite(): can't write data
    major: Dataset
    minor: Write failed
  #001: /scratch/spack_cpu/job_21700923/spack-stage/spack-stage-hdf5-1.10.7-xexa2gll6hf6okdatgrxiwhcjs2uepc7/spack-src/src/H5Dio.c line 813 in H5D__write(): can't write data
    major: Dataset
    minor: Write failed
  #002: /scratch/spack_cpu/job_21700923/spack-stage/spack-stage-hdf5-1.10.7-xexa2gll6hf6okdatgrxiwhcjs2uepc7/spack-src/src/H5Dcontig.c line 659 in H5D__contig_write(): contiguous write failed
    major: Dataset
    minor: Write failed
  #003: /scratch/spack_cpu/job_21700923/spack-stage/spack-stage-hdf5-1.10.7-xexa2gll6hf6okdatgrxiwhcjs2uepc7/spack-src/src/H5Dselect.c line 321 in H5D__select_write(): write error
    major: Dataspace
    minor: Write failed
  #004: /scratch/spack_cpu/job_21700923/spack-stage/spack-stage-hdf5-1.10.7-xexa2gll6hf6okdatgrxiwhcjs2uepc7/spack-src/src/H5Dselect.c line 230 in H5D__select_io(): write error
    major: Dataspace
    minor: Write failed
  #005: /scratch/spack_cpu/job_21700923/spack-stage/spack-stage-hdf5-1.10.7-xexa2gll6hf6okdatgrxiwhcjs2uepc7/spack-src/src/H5Dcontig.c line 1281 in H5D__contig_writevv(): can't perform vectorized sieve buffer write
    major: Dataset
    minor: Can't operate on object
  #006: /scratch/spack_cpu/job_21700923/spack-stage/spack-stage-hdf5-1.10.7-xexa2gll6hf6okdatgrxiwhcjs2uepc7/spack-src/src/H5VM.c line 1464 in H5VM_opvv(): can't perform operation
    major: Internal error (too specific to document in detail)
    minor: Can't operate on object
  #007: /scratch/spack_cpu/job_21700923/spack-stage/spack-stage-hdf5-1.10.7-xexa2gll6hf6okdatgrxiwhcjs2uepc7/spack-src/src/H5Dcontig.c line 1029 in H5D__contig_writevv_sieve_cb(): block write failed
    major: Dataset
    minor: Write failed
  #008: /scratch/spack_cpu/job_21700923/spack-stage/spack-stage-hdf5-1.10.7-xexa2gll6hf6okdatgrxiwhcjs2uepc7/spack-src/src/H5Fio.c line 161 in H5F_block_write(): write through page buffer failed
    major: Low-level I/O
    minor: Write failed
  #009: /scratch/spack_cpu/job_21700923/spack-stage/spack-stage-hdf5-1.10.7-xexa2gll6hf6okdatgrxiwhcjs2uepc7/spack-src/src/H5PB.c line 1032 in H5PB_write(): write through metadata accumulator failed
    major: Page Buffering
    minor: Write failed
  #010: /scratch/spack_cpu/job_21700923/spack-stage/spack-stage-hdf5-1.10.7-xexa2gll6hf6okdatgrxiwhcjs2uepc7/spack-src/src/H5Faccum.c line 824 in H5F__accum_write(): file write failed
    major: Low-level I/O
    minor: Write failed
  #011: /scratch/spack_cpu/job_21700923/spack-stage/spack-stage-hdf5-1.10.7-xexa2gll6hf6okdatgrxiwhcjs2uepc7/spack-src/src/H5FDint.c line 249 in H5FD_write(): driver write request failed
    major: Virtual File Layer
    minor: Write failed
  #012: /scratch/spack_cpu/job_21700923/spack-stage/spack-stage-hdf5-1.10.7-xexa2gll6hf6okdatgrxiwhcjs2uepc7/spack-src/src/H5FDsec2.c line 856 in H5FD__sec2_write(): file write failed: time = Wed Nov 19 08:16:18 2025
, filename = 'checkpoint.h5', file descriptor = 5, errno = 14, error message = 'Bad address', buf = 0x1555537c4000, total write size = 15969552, bytes this sub-write = 15969552, bytes actually written = 18446744073709551615, offset = 0
    major: Low-level I/O
    minor: Write failed
HDF5-DIAG: Error detected in HDF5 (1.10.7) thread 0:
  #000: /scratch/spack_cpu/job_21700923/spack-stage/spack-stage-hdf5-1.10.7-xexa2gll6hf6okdatgrxiwhcjs2uepc7/spack-src/src/H5Dio.c line 335 in H5Dwrite(): can't write data
    major: Dataset
    minor: Write failed
  #001: /scratch/spack_cpu/job_21700923/spack-stage/spack-stage-hdf5-1.10.7-xexa2gll6hf6okdatgrxiwhcjs2uepc7/spack-src/src/H5Dio.c line 813 in H5D__write(): can't write data
    major: Dataset
    minor: Write failed
  #002: /scratch/spack_cpu/job_21700923/spack-stage/spack-stage-hdf5-1.10.7-xexa2gll6hf6okdatgrxiwhcjs2uepc7/spack-src/src/H5Dcontig.c line 659 in H5D__contig_write(): contiguous write failed
    major: Dataset
    minor: Write failed
  #003: /scratch/spack_cpu/job_21700923/spack-stage/spack-stage-hdf5-1.10.7-xexa2gll6hf6okdatgrxiwhcjs2uepc7/spack-src/src/H5Dselect.c line 321 in H5D__select_write(): write error
    major: Dataspace
    minor: Write failed
  #004: /scratch/spack_cpu/job_21700923/spack-stage/spack-stage-hdf5-1.10.7-xexa2gll6hf6okdatgrxiwhcjs2uepc7/spack-src/src/H5Dselect.c line 230 in H5D__select_io(): write error
    major: Dataspace
    minor: Write failed
  #005: /scratch/spack_cpu/job_21700923/spack-stage/spack-stage-hdf5-1.10.7-xexa2gll6hf6okdatgrxiwhcjs2uepc7/spack-src/src/H5Dcontig.c line 1281 in H5D__contig_writevv(): can't perform vectorized sieve buffer write
    major: Dataset
    minor: Can't operate on object
  #006: /scratch/spack_cpu/job_21700923/spack-stage/spack-stage-hdf5-1.10.7-xexa2gll6hf6okdatgrxiwhcjs2uepc7/spack-src/src/H5VM.c line 1464 in H5VM_opvv(): can't perform operation
    major: Internal error (too specific to document in detail)
    minor: Can't operate on object
  #007: /scratch/spack_cpu/job_21700923/spack-stage/spack-stage-hdf5-1.10.7-xexa2gll6hf6okdatgrxiwhcjs2uepc7/spack-src/src/H5Dcontig.c line 1029 in H5D__contig_writevv_sieve_cb(): block write failed
    major: Dataset
    minor: Write failed
  #008: /scratch/spack_cpu/job_21700923/spack-stage/spack-stage-hdf5-1.10.7-xexa2gll6hf6okdatgrxiwhcjs2uepc7/spack-src/src/H5Fio.c line 161 in H5F_block_write(): write through page buffer failed
    major: Low-level I/O
    minor: Write failed
  #009: /scratch/spack_cpu/job_21700923/spack-stage/spack-stage-hdf5-1.10.7-xexa2gll6hf6okdatgrxiwhcjs2uepc7/spack-src/src/H5PB.c line 1032 in H5PB_write(): write through metadata accumulator failed
    major: Page Buffering
    minor: Write failed
  #010: /scratch/spack_cpu/job_21700923/spack-stage/spack-stage-hdf5-1.10.7-xexa2gll6hf6okdatgrxiwhcjs2uepc7/spack-src/src/H5Faccum.c line 824 in H5F__accum_write(): file write failed
    major: Low-level I/O
    minor: Write failed
  #011: /scratch/spack_cpu/job_21700923/spack-stage/spack-stage-hdf5-1.10.7-xexa2gll6hf6okdatgrxiwhcjs2uepc7/spack-src/src/H5FDint.c line 249 in H5FD_write(): driver write request failed
    major: Virtual File Layer
    minor: Write failed
  #012: /scratch/spack_cpu/job_21700923/spack-stage/spack-stage-hdf5-1.10.7-xexa2gll6hf6okdatgrxiwhcjs2uepc7/spack-src/src/H5FDsec2.c line 856 in H5FD__sec2_write(): file write failed: time = Wed Nov 19 08:16:27 2025
, filename = 'checkpoint.h5', file descriptor = 5, errno = 14, error message = 'Bad address', buf = 0x1555537c4000, total write size = 15969552, bytes this sub-write = 15969552, bytes actually written = 18446744073709551615, offset = 0
    major: Low-level I/O
    minor: Write failed
HDF5-DIAG: Error detected in HDF5 (1.10.7) thread 0:
  #000: /scratch/spack_cpu/job_21700923/spack-stage/spack-stage-hdf5-1.10.7-xexa2gll6hf6okdatgrxiwhcjs2uepc7/spack-src/src/H5Dio.c line 335 in H5Dwrite(): can't write data
    major: Dataset
    minor: Write failed
  #001: /scratch/spack_cpu/job_21700923/spack-stage/spack-stage-hdf5-1.10.7-xexa2gll6hf6okdatgrxiwhcjs2uepc7/spack-src/src/H5Dio.c line 813 in H5D__write(): can't write data
    major: Dataset
    minor: Write failed
  #002: /scratch/spack_cpu/job_21700923/spack-stage/spack-stage-hdf5-1.10.7-xexa2gll6hf6okdatgrxiwhcjs2uepc7/spack-src/src/H5Dcontig.c line 659 in H5D__contig_write(): contiguous write failed
    major: Dataset
    minor: Write failed
  #003: /scratch/spack_cpu/job_21700923/spack-stage/spack-stage-hdf5-1.10.7-xexa2gll6hf6okdatgrxiwhcjs2uepc7/spack-src/src/H5Dselect.c line 321 in H5D__select_write(): write error
    major: Dataspace
    minor: Write failed
  #004: /scratch/spack_cpu/job_21700923/spack-stage/spack-stage-hdf5-1.10.7-xexa2gll6hf6okdatgrxiwhcjs2uepc7/spack-src/src/H5Dselect.c line 230 in H5D__select_io(): write error
    major: Dataspace
    minor: Write failed
  #005: /scratch/spack_cpu/job_21700923/spack-stage/spack-stage-hdf5-1.10.7-xexa2gll6hf6okdatgrxiwhcjs2uepc7/spack-src/src/H5Dcontig.c line 1281 in H5D__contig_writevv(): can't perform vectorized sieve buffer write
    major: Dataset
    minor: Can't operate on object
  #006: /scratch/spack_cpu/job_21700923/spack-stage/spack-stage-hdf5-1.10.7-xexa2gll6hf6okdatgrxiwhcjs2uepc7/spack-src/src/H5VM.c line 1464 in H5VM_opvv(): can't perform operation
    major: Internal error (too specific to document in detail)
    minor: Can't operate on object
  #007: /scratch/spack_cpu/job_21700923/spack-stage/spack-stage-hdf5-1.10.7-xexa2gll6hf6okdatgrxiwhcjs2uepc7/spack-src/src/H5Dcontig.c line 1029 in H5D__contig_writevv_sieve_cb(): block write failed
    major: Dataset
    minor: Write failed
  #008: /scratch/spack_cpu/job_21700923/spack-stage/spack-stage-hdf5-1.10.7-xexa2gll6hf6okdatgrxiwhcjs2uepc7/spack-src/src/H5Fio.c line 161 in H5F_block_write(): write through page buffer failed
    major: Low-level I/O
    minor: Write failed
  #009: /scratch/spack_cpu/job_21700923/spack-stage/spack-stage-hdf5-1.10.7-xexa2gll6hf6okdatgrxiwhcjs2uepc7/spack-src/src/H5PB.c line 1032 in H5PB_write(): write through metadata accumulator failed
    major: Page Buffering
    minor: Write failed
  #010: /scratch/spack_cpu/job_21700923/spack-stage/spack-stage-hdf5-1.10.7-xexa2gll6hf6okdatgrxiwhcjs2uepc7/spack-src/src/H5Faccum.c line 824 in H5F__accum_write(): file write failed
    major: Low-level I/O
    minor: Write failed
  #011: /scratch/spack_cpu/job_21700923/spack-stage/spack-stage-hdf5-1.10.7-xexa2gll6hf6okdatgrxiwhcjs2uepc7/spack-src/src/H5FDint.c line 249 in H5FD_write(): driver write request failed
    major: Virtual File Layer
    minor: Write failed
  #012: /scratch/spack_cpu/job_21700923/spack-stage/spack-stage-hdf5-1.10.7-xexa2gll6hf6okdatgrxiwhcjs2uepc7/spack-src/src/H5FDsec2.c line 856 in H5FD__sec2_write(): file write failed: time = Wed Nov 19 08:16:36 2025
, filename = 'checkpoint.h5', file descriptor = 5, errno = 14, error message = 'Bad address', buf = 0x1555537c4000, total write size = 15969552, bytes this sub-write = 15969552, bytes actually written = 18446744073709551615, offset = 0
    major: Low-level I/O
    minor: Write failed
HDF5-DIAG: Error detected in HDF5 (1.10.7) thread 0:
  #000: /scratch/spack_cpu/job_21700923/spack-stage/spack-stage-hdf5-1.10.7-xexa2gll6hf6okdatgrxiwhcjs2uepc7/spack-src/src/H5Dio.c line 335 in H5Dwrite(): can't write data
    major: Dataset
    minor: Write failed
  #001: /scratch/spack_cpu/job_21700923/spack-stage/spack-stage-hdf5-1.10.7-xexa2gll6hf6okdatgrxiwhcjs2uepc7/spack-src/src/H5Dio.c line 813 in H5D__write(): can't write data
    major: Dataset
    minor: Write failed
  #002: /scratch/spack_cpu/job_21700923/spack-stage/spack-stage-hdf5-1.10.7-xexa2gll6hf6okdatgrxiwhcjs2uepc7/spack-src/src/H5Dcontig.c line 659 in H5D__contig_write(): contiguous write failed
    major: Dataset
    minor: Write failed
  #003: /scratch/spack_cpu/job_21700923/spack-stage/spack-stage-hdf5-1.10.7-xexa2gll6hf6okdatgrxiwhcjs2uepc7/spack-src/src/H5Dselect.c line 321 in H5D__select_write(): write error
    major: Dataspace
    minor: Write failed
  #004: /scratch/spack_cpu/job_21700923/spack-stage/spack-stage-hdf5-1.10.7-xexa2gll6hf6okdatgrxiwhcjs2uepc7/spack-src/src/H5Dselect.c line 230 in H5D__select_io(): write error
    major: Dataspace
    minor: Write failed
  #005: /scratch/spack_cpu/job_21700923/spack-stage/spack-stage-hdf5-1.10.7-xexa2gll6hf6okdatgrxiwhcjs2uepc7/spack-src/src/H5Dcontig.c line 1281 in H5D__contig_writevv(): can't perform vectorized sieve buffer write
    major: Dataset
    minor: Can't operate on object
  #006: /scratch/spack_cpu/job_21700923/spack-stage/spack-stage-hdf5-1.10.7-xexa2gll6hf6okdatgrxiwhcjs2uepc7/spack-src/src/H5VM.c line 1464 in H5VM_opvv(): can't perform operation
    major: Internal error (too specific to document in detail)
    minor: Can't operate on object
  #007: /scratch/spack_cpu/job_21700923/spack-stage/spack-stage-hdf5-1.10.7-xexa2gll6hf6okdatgrxiwhcjs2uepc7/spack-src/src/H5Dcontig.c line 1029 in H5D__contig_writevv_sieve_cb(): block write failed
    major: Dataset
    minor: Write failed
  #008: /scratch/spack_cpu/job_21700923/spack-stage/spack-stage-hdf5-1.10.7-xexa2gll6hf6okdatgrxiwhcjs2uepc7/spack-src/src/H5Fio.c line 161 in H5F_block_write(): write through page buffer failed
    major: Low-level I/O
    minor: Write failed
  #009: /scratch/spack_cpu/job_21700923/spack-stage/spack-stage-hdf5-1.10.7-xexa2gll6hf6okdatgrxiwhcjs2uepc7/spack-src/src/H5PB.c line 1032 in H5PB_write(): write through metadata accumulator failed
    major: Page Buffering
    minor: Write failed
  #010: /scratch/spack_cpu/job_21700923/spack-stage/spack-stage-hdf5-1.10.7-xexa2gll6hf6okdatgrxiwhcjs2uepc7/spack-src/src/H5Faccum.c line 824 in H5F__accum_write(): file write failed
    major: Low-level I/O
    minor: Write failed
  #011: /scratch/spack_cpu/job_21700923/spack-stage/spack-stage-hdf5-1.10.7-xexa2gll6hf6okdatgrxiwhcjs2uepc7/spack-src/src/H5FDint.c line 249 in H5FD_write(): driver write request failed
    major: Virtual File Layer
    minor: Write failed
  #012: /scratch/spack_cpu/job_21700923/spack-stage/spack-stage-hdf5-1.10.7-xexa2gll6hf6okdatgrxiwhcjs2uepc7/spack-src/src/H5FDsec2.c line 856 in H5FD__sec2_write(): file write failed: time = Wed Nov 19 08:16:45 2025
, filename = 'checkpoint.h5', file descriptor = 5, errno = 14, error message = 'Bad address', buf = 0x1555537c4000, total write size = 15969552, bytes this sub-write = 15969552, bytes actually written = 18446744073709551615, offset = 0
    major: Low-level I/O
    minor: Write failed
HDF5-DIAG: Error detected in HDF5 (1.10.7) thread 0:
  #000: /scratch/spack_cpu/job_21700923/spack-stage/spack-stage-hdf5-1.10.7-xexa2gll6hf6okdatgrxiwhcjs2uepc7/spack-src/src/H5Dio.c line 335 in H5Dwrite(): can't write data
    major: Dataset
    minor: Write failed
  #001: /scratch/spack_cpu/job_21700923/spack-stage/spack-stage-hdf5-1.10.7-xexa2gll6hf6okdatgrxiwhcjs2uepc7/spack-src/src/H5Dio.c line 813 in H5D__write(): can't write data
    major: Dataset
    minor: Write failed
  #002: /scratch/spack_cpu/job_21700923/spack-stage/spack-stage-hdf5-1.10.7-xexa2gll6hf6okdatgrxiwhcjs2uepc7/spack-src/src/H5Dcontig.c line 659 in H5D__contig_write(): contiguous write failed
    major: Dataset
    minor: Write failed
  #003: /scratch/spack_cpu/job_21700923/spack-stage/spack-stage-hdf5-1.10.7-xexa2gll6hf6okdatgrxiwhcjs2uepc7/spack-src/src/H5Dselect.c line 321 in H5D__select_write(): write error
    major: Dataspace
    minor: Write failed
  #004: /scratch/spack_cpu/job_21700923/spack-stage/spack-stage-hdf5-1.10.7-xexa2gll6hf6okdatgrxiwhcjs2uepc7/spack-src/src/H5Dselect.c line 230 in H5D__select_io(): write error
    major: Dataspace
    minor: Write failed
  #005: /scratch/spack_cpu/job_21700923/spack-stage/spack-stage-hdf5-1.10.7-xexa2gll6hf6okdatgrxiwhcjs2uepc7/spack-src/src/H5Dcontig.c line 1281 in H5D__contig_writevv(): can't perform vectorized sieve buffer write
    major: Dataset
    minor: Can't operate on object
  #006: /scratch/spack_cpu/job_21700923/spack-stage/spack-stage-hdf5-1.10.7-xexa2gll6hf6okdatgrxiwhcjs2uepc7/spack-src/src/H5VM.c line 1464 in H5VM_opvv(): can't perform operation
    major: Internal error (too specific to document in detail)
    minor: Can't operate on object
  #007: /scratch/spack_cpu/job_21700923/spack-stage/spack-stage-hdf5-1.10.7-xexa2gll6hf6okdatgrxiwhcjs2uepc7/spack-src/src/H5Dcontig.c line 1029 in H5D__contig_writevv_sieve_cb(): block write failed
    major: Dataset
    minor: Write failed
  #008: /scratch/spack_cpu/job_21700923/spack-stage/spack-stage-hdf5-1.10.7-xexa2gll6hf6okdatgrxiwhcjs2uepc7/spack-src/src/H5Fio.c line 161 in H5F_block_write(): write through page buffer failed
    major: Low-level I/O
    minor: Write failed
  #009: /scratch/spack_cpu/job_21700923/spack-stage/spack-stage-hdf5-1.10.7-xexa2gll6hf6okdatgrxiwhcjs2uepc7/spack-src/src/H5PB.c line 1032 in H5PB_write(): write through metadata accumulator failed
    major: Page Buffering
    minor: Write failed
  #010: /scratch/spack_cpu/job_21700923/spack-stage/spack-stage-hdf5-1.10.7-xexa2gll6hf6okdatgrxiwhcjs2uepc7/spack-src/src/H5Faccum.c line 824 in H5F__accum_write(): file write failed
    major: Low-level I/O
    minor: Write failed
  #011: /scratch/spack_cpu/job_21700923/spack-stage/spack-stage-hdf5-1.10.7-xexa2gll6hf6okdatgrxiwhcjs2uepc7/spack-src/src/H5FDint.c line 249 in H5FD_write(): driver write request failed
    major: Virtual File Layer
    minor: Write failed
  #012: /scratch/spack_cpu/job_21700923/spack-stage/spack-stage-hdf5-1.10.7-xexa2gll6hf6okdatgrxiwhcjs2uepc7/spack-src/src/H5FDsec2.c line 856 in H5FD__sec2_write(): file write failed: time = Wed Nov 19 08:16:53 2025
, filename = 'checkpoint.h5', file descriptor = 5, errno = 14, error message = 'Bad address', buf = 0x1555537c4000, total write size = 15969552, bytes this sub-write = 15969552, bytes actually written = 18446744073709551615, offset = 0
    major: Low-level I/O
    minor: Write failed
HDF5-DIAG: Error detected in HDF5 (1.10.7) thread 0:
  #000: /scratch/spack_cpu/job_21700923/spack-stage/spack-stage-hdf5-1.10.7-xexa2gll6hf6okdatgrxiwhcjs2uepc7/spack-src/src/H5Dio.c line 335 in H5Dwrite(): can't write data
    major: Dataset
    minor: Write failed
  #001: /scratch/spack_cpu/job_21700923/spack-stage/spack-stage-hdf5-1.10.7-xexa2gll6hf6okdatgrxiwhcjs2uepc7/spack-src/src/H5Dio.c line 813 in H5D__write(): can't write data
    major: Dataset
    minor: Write failed
  #002: /scratch/spack_cpu/job_21700923/spack-stage/spack-stage-hdf5-1.10.7-xexa2gll6hf6okdatgrxiwhcjs2uepc7/spack-src/src/H5Dcontig.c line 659 in H5D__contig_write(): contiguous write failed
    major: Dataset
    minor: Write failed
  #003: /scratch/spack_cpu/job_21700923/spack-stage/spack-stage-hdf5-1.10.7-xexa2gll6hf6okdatgrxiwhcjs2uepc7/spack-src/src/H5Dselect.c line 321 in H5D__select_write(): write error
    major: Dataspace
    minor: Write failed
  #004: /scratch/spack_cpu/job_21700923/spack-stage/spack-stage-hdf5-1.10.7-xexa2gll6hf6okdatgrxiwhcjs2uepc7/spack-src/src/H5Dselect.c line 230 in H5D__select_io(): write error
    major: Dataspace
    minor: Write failed
  #005: /scratch/spack_cpu/job_21700923/spack-stage/spack-stage-hdf5-1.10.7-xexa2gll6hf6okdatgrxiwhcjs2uepc7/spack-src/src/H5Dcontig.c line 1281 in H5D__contig_writevv(): can't perform vectorized sieve buffer write
    major: Dataset
    minor: Can't operate on object
  #006: /scratch/spack_cpu/job_21700923/spack-stage/spack-stage-hdf5-1.10.7-xexa2gll6hf6okdatgrxiwhcjs2uepc7/spack-src/src/H5VM.c line 1464 in H5VM_opvv(): can't perform operation
    major: Internal error (too specific to document in detail)
    minor: Can't operate on object
  #007: /scratch/spack_cpu/job_21700923/spack-stage/spack-stage-hdf5-1.10.7-xexa2gll6hf6okdatgrxiwhcjs2uepc7/spack-src/src/H5Dcontig.c line 1029 in H5D__contig_writevv_sieve_cb(): block write failed
    major: Dataset
    minor: Write failed
  #008: /scratch/spack_cpu/job_21700923/spack-stage/spack-stage-hdf5-1.10.7-xexa2gll6hf6okdatgrxiwhcjs2uepc7/spack-src/src/H5Fio.c line 161 in H5F_block_write(): write through page buffer failed
    major: Low-level I/O
    minor: Write failed
  #009: /scratch/spack_cpu/job_21700923/spack-stage/spack-stage-hdf5-1.10.7-xexa2gll6hf6okdatgrxiwhcjs2uepc7/spack-src/src/H5PB.c line 1032 in H5PB_write(): write through metadata accumulator failed
    major: Page Buffering
    minor: Write failed
  #010: /scratch/spack_cpu/job_21700923/spack-stage/spack-stage-hdf5-1.10.7-xexa2gll6hf6okdatgrxiwhcjs2uepc7/spack-src/src/H5Faccum.c line 824 in H5F__accum_write(): file write failed
    major: Low-level I/O
    minor: Write failed
  #011: /scratch/spack_cpu/job_21700923/spack-stage/spack-stage-hdf5-1.10.7-xexa2gll6hf6okdatgrxiwhcjs2uepc7/spack-src/src/H5FDint.c line 249 in H5FD_write(): driver write request failed
    major: Virtual File Layer
    minor: Write failed
  #012: /scratch/spack_cpu/job_21700923/spack-stage/spack-stage-hdf5-1.10.7-xexa2gll6hf6okdatgrxiwhcjs2uepc7/spack-src/src/H5FDsec2.c line 856 in H5FD__sec2_write(): file write failed: time = Wed Nov 19 08:17:02 2025
, filename = 'checkpoint.h5', file descriptor = 5, errno = 14, error message = 'Bad address', buf = 0x1555537c4000, total write size = 15969552, bytes this sub-write = 15969552, bytes actually written = 18446744073709551615, offset = 0
    major: Low-level I/O
    minor: Write failed
HDF5-DIAG: Error detected in HDF5 (1.10.7) thread 0:
  #000: /scratch/spack_cpu/job_21700923/spack-stage/spack-stage-hdf5-1.10.7-xexa2gll6hf6okdatgrxiwhcjs2uepc7/spack-src/src/H5Dio.c line 335 in H5Dwrite(): can't write data
    major: Dataset
    minor: Write failed
  #001: /scratch/spack_cpu/job_21700923/spack-stage/spack-stage-hdf5-1.10.7-xexa2gll6hf6okdatgrxiwhcjs2uepc7/spack-src/src/H5Dio.c line 813 in H5D__write(): can't write data
    major: Dataset
    minor: Write failed
  #002: /scratch/spack_cpu/job_21700923/spack-stage/spack-stage-hdf5-1.10.7-xexa2gll6hf6okdatgrxiwhcjs2uepc7/spack-src/src/H5Dcontig.c line 659 in H5D__contig_write(): contiguous write failed
    major: Dataset
    minor: Write failed
  #003: /scratch/spack_cpu/job_21700923/spack-stage/spack-stage-hdf5-1.10.7-xexa2gll6hf6okdatgrxiwhcjs2uepc7/spack-src/src/H5Dselect.c line 321 in H5D__select_write(): write error
    major: Dataspace
    minor: Write failed
  #004: /scratch/spack_cpu/job_21700923/spack-stage/spack-stage-hdf5-1.10.7-xexa2gll6hf6okdatgrxiwhcjs2uepc7/spack-src/src/H5Dselect.c line 230 in H5D__select_io(): write error
    major: Dataspace
    minor: Write failed
  #005: /scratch/spack_cpu/job_21700923/spack-stage/spack-stage-hdf5-1.10.7-xexa2gll6hf6okdatgrxiwhcjs2uepc7/spack-src/src/H5Dcontig.c line 1281 in H5D__contig_writevv(): can't perform vectorized sieve buffer write
    major: Dataset
    minor: Can't operate on object
  #006: /scratch/spack_cpu/job_21700923/spack-stage/spack-stage-hdf5-1.10.7-xexa2gll6hf6okdatgrxiwhcjs2uepc7/spack-src/src/H5VM.c line 1464 in H5VM_opvv(): can't perform operation
    major: Internal error (too specific to document in detail)
    minor: Can't operate on object
  #007: /scratch/spack_cpu/job_21700923/spack-stage/spack-stage-hdf5-1.10.7-xexa2gll6hf6okdatgrxiwhcjs2uepc7/spack-src/src/H5Dcontig.c line 1029 in H5D__contig_writevv_sieve_cb(): block write failed
    major: Dataset
    minor: Write failed
  #008: /scratch/spack_cpu/job_21700923/spack-stage/spack-stage-hdf5-1.10.7-xexa2gll6hf6okdatgrxiwhcjs2uepc7/spack-src/src/H5Fio.c line 161 in H5F_block_write(): write through page buffer failed
    major: Low-level I/O
    minor: Write failed
  #009: /scratch/spack_cpu/job_21700923/spack-stage/spack-stage-hdf5-1.10.7-xexa2gll6hf6okdatgrxiwhcjs2uepc7/spack-src/src/H5PB.c line 1032 in H5PB_write(): write through metadata accumulator failed
    major: Page Buffering
    minor: Write failed
  #010: /scratch/spack_cpu/job_21700923/spack-stage/spack-stage-hdf5-1.10.7-xexa2gll6hf6okdatgrxiwhcjs2uepc7/spack-src/src/H5Faccum.c line 824 in H5F__accum_write(): file write failed
    major: Low-level I/O
    minor: Write failed
  #011: /scratch/spack_cpu/job_21700923/spack-stage/spack-stage-hdf5-1.10.7-xexa2gll6hf6okdatgrxiwhcjs2uepc7/spack-src/src/H5FDint.c line 249 in H5FD_write(): driver write request failed
    major: Virtual File Layer
    minor: Write failed
  #012: /scratch/spack_cpu/job_21700923/spack-stage/spack-stage-hdf5-1.10.7-xexa2gll6hf6okdatgrxiwhcjs2uepc7/spack-src/src/H5FDsec2.c line 856 in H5FD__sec2_write(): file write failed: time = Wed Nov 19 08:17:10 2025
, filename = 'checkpoint.h5', file descriptor = 5, errno = 14, error message = 'Bad address', buf = 0x1555537c4000, total write size = 15969552, bytes this sub-write = 15969552, bytes actually written = 18446744073709551615, offset = 0
    major: Low-level I/O
    minor: Write failed
HDF5-DIAG: Error detected in HDF5 (1.10.7) thread 0:
  #000: /scratch/spack_cpu/job_21700923/spack-stage/spack-stage-hdf5-1.10.7-xexa2gll6hf6okdatgrxiwhcjs2uepc7/spack-src/src/H5Dio.c line 335 in H5Dwrite(): can't write data
    major: Dataset
    minor: Write failed
  #001: /scratch/spack_cpu/job_21700923/spack-stage/spack-stage-hdf5-1.10.7-xexa2gll6hf6okdatgrxiwhcjs2uepc7/spack-src/src/H5Dio.c line 813 in H5D__write(): can't write data
    major: Dataset
    minor: Write failed
  #002: /scratch/spack_cpu/job_21700923/spack-stage/spack-stage-hdf5-1.10.7-xexa2gll6hf6okdatgrxiwhcjs2uepc7/spack-src/src/H5Dcontig.c line 659 in H5D__contig_write(): contiguous write failed
    major: Dataset
    minor: Write failed
  #003: /scratch/spack_cpu/job_21700923/spack-stage/spack-stage-hdf5-1.10.7-xexa2gll6hf6okdatgrxiwhcjs2uepc7/spack-src/src/H5Dselect.c line 321 in H5D__select_write(): write error
    major: Dataspace
    minor: Write failed
  #004: /scratch/spack_cpu/job_21700923/spack-stage/spack-stage-hdf5-1.10.7-xexa2gll6hf6okdatgrxiwhcjs2uepc7/spack-src/src/H5Dselect.c line 230 in H5D__select_io(): write error
    major: Dataspace
    minor: Write failed
  #005: /scratch/spack_cpu/job_21700923/spack-stage/spack-stage-hdf5-1.10.7-xexa2gll6hf6okdatgrxiwhcjs2uepc7/spack-src/src/H5Dcontig.c line 1281 in H5D__contig_writevv(): can't perform vectorized sieve buffer write
    major: Dataset
    minor: Can't operate on object
  #006: /scratch/spack_cpu/job_21700923/spack-stage/spack-stage-hdf5-1.10.7-xexa2gll6hf6okdatgrxiwhcjs2uepc7/spack-src/src/H5VM.c line 1464 in H5VM_opvv(): can't perform operation
    major: Internal error (too specific to document in detail)
    minor: Can't operate on object
  #007: /scratch/spack_cpu/job_21700923/spack-stage/spack-stage-hdf5-1.10.7-xexa2gll6hf6okdatgrxiwhcjs2uepc7/spack-src/src/H5Dcontig.c line 1029 in H5D__contig_writevv_sieve_cb(): block write failed
    major: Dataset
    minor: Write failed
  #008: /scratch/spack_cpu/job_21700923/spack-stage/spack-stage-hdf5-1.10.7-xexa2gll6hf6okdatgrxiwhcjs2uepc7/spack-src/src/H5Fio.c line 161 in H5F_block_write(): write through page buffer failed
    major: Low-level I/O
    minor: Write failed
  #009: /scratch/spack_cpu/job_21700923/spack-stage/spack-stage-hdf5-1.10.7-xexa2gll6hf6okdatgrxiwhcjs2uepc7/spack-src/src/H5PB.c line 1032 in H5PB_write(): write through metadata accumulator failed
    major: Page Buffering
    minor: Write failed
  #010: /scratch/spack_cpu/job_21700923/spack-stage/spack-stage-hdf5-1.10.7-xexa2gll6hf6okdatgrxiwhcjs2uepc7/spack-src/src/H5Faccum.c line 824 in H5F__accum_write(): file write failed
    major: Low-level I/O
    minor: Write failed
  #011: /scratch/spack_cpu/job_21700923/spack-stage/spack-stage-hdf5-1.10.7-xexa2gll6hf6okdatgrxiwhcjs2uepc7/spack-src/src/H5FDint.c line 249 in H5FD_write(): driver write request failed
    major: Virtual File Layer
    minor: Write failed
  #012: /scratch/spack_cpu/job_21700923/spack-stage/spack-stage-hdf5-1.10.7-xexa2gll6hf6okdatgrxiwhcjs2uepc7/spack-src/src/H5FDsec2.c line 856 in H5FD__sec2_write(): file write failed: time = Wed Nov 19 08:17:19 2025
, filename = 'checkpoint.h5', file descriptor = 5, errno = 14, error message = 'Bad address', buf = 0x1555537c4000, total write size = 15969552, bytes this sub-write = 15969552, bytes actually written = 18446744073709551615, offset = 0
    major: Low-level I/O
    minor: Write failed
HDF5-DIAG: Error detected in HDF5 (1.10.7) thread 0:
  #000: /scratch/spack_cpu/job_21700923/spack-stage/spack-stage-hdf5-1.10.7-xexa2gll6hf6okdatgrxiwhcjs2uepc7/spack-src/src/H5Dio.c line 335 in H5Dwrite(): can't write data
    major: Dataset
    minor: Write failed
  #001: /scratch/spack_cpu/job_21700923/spack-stage/spack-stage-hdf5-1.10.7-xexa2gll6hf6okdatgrxiwhcjs2uepc7/spack-src/src/H5Dio.c line 813 in H5D__write(): can't write data
    major: Dataset
    minor: Write failed
  #002: /scratch/spack_cpu/job_21700923/spack-stage/spack-stage-hdf5-1.10.7-xexa2gll6hf6okdatgrxiwhcjs2uepc7/spack-src/src/H5Dcontig.c line 659 in H5D__contig_write(): contiguous write failed
    major: Dataset
    minor: Write failed
  #003: /scratch/spack_cpu/job_21700923/spack-stage/spack-stage-hdf5-1.10.7-xexa2gll6hf6okdatgrxiwhcjs2uepc7/spack-src/src/H5Dselect.c line 321 in H5D__select_write(): write error
    major: Dataspace
    minor: Write failed
  #004: /scratch/spack_cpu/job_21700923/spack-stage/spack-stage-hdf5-1.10.7-xexa2gll6hf6okdatgrxiwhcjs2uepc7/spack-src/src/H5Dselect.c line 230 in H5D__select_io(): write error
    major: Dataspace
    minor: Write failed
  #005: /scratch/spack_cpu/job_21700923/spack-stage/spack-stage-hdf5-1.10.7-xexa2gll6hf6okdatgrxiwhcjs2uepc7/spack-src/src/H5Dcontig.c line 1281 in H5D__contig_writevv(): can't perform vectorized sieve buffer write
    major: Dataset
    minor: Can't operate on object
  #006: /scratch/spack_cpu/job_21700923/spack-stage/spack-stage-hdf5-1.10.7-xexa2gll6hf6okdatgrxiwhcjs2uepc7/spack-src/src/H5VM.c line 1464 in H5VM_opvv(): can't perform operation
    major: Internal error (too specific to document in detail)
    minor: Can't operate on object
  #007: /scratch/spack_cpu/job_21700923/spack-stage/spack-stage-hdf5-1.10.7-xexa2gll6hf6okdatgrxiwhcjs2uepc7/spack-src/src/H5Dcontig.c line 1029 in H5D__contig_writevv_sieve_cb(): block write failed
    major: Dataset
    minor: Write failed
  #008: /scratch/spack_cpu/job_21700923/spack-stage/spack-stage-hdf5-1.10.7-xexa2gll6hf6okdatgrxiwhcjs2uepc7/spack-src/src/H5Fio.c line 161 in H5F_block_write(): write through page buffer failed
    major: Low-level I/O
    minor: Write failed
  #009: /scratch/spack_cpu/job_21700923/spack-stage/spack-stage-hdf5-1.10.7-xexa2gll6hf6okdatgrxiwhcjs2uepc7/spack-src/src/H5PB.c line 1032 in H5PB_write(): write through metadata accumulator failed
    major: Page Buffering
    minor: Write failed
  #010: /scratch/spack_cpu/job_21700923/spack-stage/spack-stage-hdf5-1.10.7-xexa2gll6hf6okdatgrxiwhcjs2uepc7/spack-src/src/H5Faccum.c line 824 in H5F__accum_write(): file write failed
    major: Low-level I/O
    minor: Write failed
  #011: /scratch/spack_cpu/job_21700923/spack-stage/spack-stage-hdf5-1.10.7-xexa2gll6hf6okdatgrxiwhcjs2uepc7/spack-src/src/H5FDint.c line 249 in H5FD_write(): driver write request failed
    major: Virtual File Layer
    minor: Write failed
  #012: /scratch/spack_cpu/job_21700923/spack-stage/spack-stage-hdf5-1.10.7-xexa2gll6hf6okdatgrxiwhcjs2uepc7/spack-src/src/H5FDsec2.c line 856 in H5FD__sec2_write(): file write failed: time = Wed Nov 19 08:17:27 2025
, filename = 'checkpoint.h5', file descriptor = 5, errno = 14, error message = 'Bad address', buf = 0x1555537c4000, total write size = 15969552, bytes this sub-write = 15969552, bytes actually written = 18446744073709551615, offset = 0
    major: Low-level I/O
    minor: Write failed
HDF5-DIAG: Error detected in HDF5 (1.10.7) thread 0:
  #000: /scratch/spack_cpu/job_21700923/spack-stage/spack-stage-hdf5-1.10.7-xexa2gll6hf6okdatgrxiwhcjs2uepc7/spack-src/src/H5Dio.c line 335 in H5Dwrite(): can't write data
    major: Dataset
    minor: Write failed
  #001: /scratch/spack_cpu/job_21700923/spack-stage/spack-stage-hdf5-1.10.7-xexa2gll6hf6okdatgrxiwhcjs2uepc7/spack-src/src/H5Dio.c line 813 in H5D__write(): can't write data
    major: Dataset
    minor: Write failed
  #002: /scratch/spack_cpu/job_21700923/spack-stage/spack-stage-hdf5-1.10.7-xexa2gll6hf6okdatgrxiwhcjs2uepc7/spack-src/src/H5Dcontig.c line 659 in H5D__contig_write(): contiguous write failed
    major: Dataset
    minor: Write failed
  #003: /scratch/spack_cpu/job_21700923/spack-stage/spack-stage-hdf5-1.10.7-xexa2gll6hf6okdatgrxiwhcjs2uepc7/spack-src/src/H5Dselect.c line 321 in H5D__select_write(): write error
    major: Dataspace
    minor: Write failed
  #004: /scratch/spack_cpu/job_21700923/spack-stage/spack-stage-hdf5-1.10.7-xexa2gll6hf6okdatgrxiwhcjs2uepc7/spack-src/src/H5Dselect.c line 230 in H5D__select_io(): write error
    major: Dataspace
    minor: Write failed
  #005: /scratch/spack_cpu/job_21700923/spack-stage/spack-stage-hdf5-1.10.7-xexa2gll6hf6okdatgrxiwhcjs2uepc7/spack-src/src/H5Dcontig.c line 1281 in H5D__contig_writevv(): can't perform vectorized sieve buffer write
    major: Dataset
    minor: Can't operate on object
  #006: /scratch/spack_cpu/job_21700923/spack-stage/spack-stage-hdf5-1.10.7-xexa2gll6hf6okdatgrxiwhcjs2uepc7/spack-src/src/H5VM.c line 1464 in H5VM_opvv(): can't perform operation
    major: Internal error (too specific to document in detail)
    minor: Can't operate on object
  #007: /scratch/spack_cpu/job_21700923/spack-stage/spack-stage-hdf5-1.10.7-xexa2gll6hf6okdatgrxiwhcjs2uepc7/spack-src/src/H5Dcontig.c line 1029 in H5D__contig_writevv_sieve_cb(): block write failed
    major: Dataset
    minor: Write failed
  #008: /scratch/spack_cpu/job_21700923/spack-stage/spack-stage-hdf5-1.10.7-xexa2gll6hf6okdatgrxiwhcjs2uepc7/spack-src/src/H5Fio.c line 161 in H5F_block_write(): write through page buffer failed
    major: Low-level I/O
    minor: Write failed
  #009: /scratch/spack_cpu/job_21700923/spack-stage/spack-stage-hdf5-1.10.7-xexa2gll6hf6okdatgrxiwhcjs2uepc7/spack-src/src/H5PB.c line 1032 in H5PB_write(): write through metadata accumulator failed
    major: Page Buffering
    minor: Write failed
  #010: /scratch/spack_cpu/job_21700923/spack-stage/spack-stage-hdf5-1.10.7-xexa2gll6hf6okdatgrxiwhcjs2uepc7/spack-src/src/H5Faccum.c line 824 in H5F__accum_write(): file write failed
    major: Low-level I/O
    minor: Write failed
  #011: /scratch/spack_cpu/job_21700923/spack-stage/spack-stage-hdf5-1.10.7-xexa2gll6hf6okdatgrxiwhcjs2uepc7/spack-src/src/H5FDint.c line 249 in H5FD_write(): driver write request failed
    major: Virtual File Layer
    minor: Write failed
  #012: /scratch/spack_cpu/job_21700923/spack-stage/spack-stage-hdf5-1.10.7-xexa2gll6hf6okdatgrxiwhcjs2uepc7/spack-src/src/H5FDsec2.c line 856 in H5FD__sec2_write(): file write failed: time = Wed Nov 19 08:17:36 2025
, filename = 'checkpoint.h5', file descriptor = 5, errno = 14, error message = 'Bad address', buf = 0x1555537c4000, total write size = 15969552, bytes this sub-write = 15969552, bytes actually written = 18446744073709551615, offset = 0
    major: Low-level I/O
    minor: Write failed
HDF5-DIAG: Error detected in HDF5 (1.10.7) thread 0:
  #000: /scratch/spack_cpu/job_21700923/spack-stage/spack-stage-hdf5-1.10.7-xexa2gll6hf6okdatgrxiwhcjs2uepc7/spack-src/src/H5Dio.c line 335 in H5Dwrite(): can't write data
    major: Dataset
    minor: Write failed
  #001: /scratch/spack_cpu/job_21700923/spack-stage/spack-stage-hdf5-1.10.7-xexa2gll6hf6okdatgrxiwhcjs2uepc7/spack-src/src/H5Dio.c line 813 in H5D__write(): can't write data
    major: Dataset
    minor: Write failed
  #002: /scratch/spack_cpu/job_21700923/spack-stage/spack-stage-hdf5-1.10.7-xexa2gll6hf6okdatgrxiwhcjs2uepc7/spack-src/src/H5Dcontig.c line 659 in H5D__contig_write(): contiguous write failed
    major: Dataset
    minor: Write failed
  #003: /scratch/spack_cpu/job_21700923/spack-stage/spack-stage-hdf5-1.10.7-xexa2gll6hf6okdatgrxiwhcjs2uepc7/spack-src/src/H5Dselect.c line 321 in H5D__select_write(): write error
    major: Dataspace
    minor: Write failed
  #004: /scratch/spack_cpu/job_21700923/spack-stage/spack-stage-hdf5-1.10.7-xexa2gll6hf6okdatgrxiwhcjs2uepc7/spack-src/src/H5Dselect.c line 230 in H5D__select_io(): write error
    major: Dataspace
    minor: Write failed
  #005: /scratch/spack_cpu/job_21700923/spack-stage/spack-stage-hdf5-1.10.7-xexa2gll6hf6okdatgrxiwhcjs2uepc7/spack-src/src/H5Dcontig.c line 1281 in H5D__contig_writevv(): can't perform vectorized sieve buffer write
    major: Dataset
    minor: Can't operate on object
  #006: /scratch/spack_cpu/job_21700923/spack-stage/spack-stage-hdf5-1.10.7-xexa2gll6hf6okdatgrxiwhcjs2uepc7/spack-src/src/H5VM.c line 1464 in H5VM_opvv(): can't perform operation
    major: Internal error (too specific to document in detail)
    minor: Can't operate on object
  #007: /scratch/spack_cpu/job_21700923/spack-stage/spack-stage-hdf5-1.10.7-xexa2gll6hf6okdatgrxiwhcjs2uepc7/spack-src/src/H5Dcontig.c line 1029 in H5D__contig_writevv_sieve_cb(): block write failed
    major: Dataset
    minor: Write failed
  #008: /scratch/spack_cpu/job_21700923/spack-stage/spack-stage-hdf5-1.10.7-xexa2gll6hf6okdatgrxiwhcjs2uepc7/spack-src/src/H5Fio.c line 161 in H5F_block_write(): write through page buffer failed
    major: Low-level I/O
    minor: Write failed
  #009: /scratch/spack_cpu/job_21700923/spack-stage/spack-stage-hdf5-1.10.7-xexa2gll6hf6okdatgrxiwhcjs2uepc7/spack-src/src/H5PB.c line 1032 in H5PB_write(): write through metadata accumulator failed
    major: Page Buffering
    minor: Write failed
  #010: /scratch/spack_cpu/job_21700923/spack-stage/spack-stage-hdf5-1.10.7-xexa2gll6hf6okdatgrxiwhcjs2uepc7/spack-src/src/H5Faccum.c line 824 in H5F__accum_write(): file write failed
    major: Low-level I/O
    minor: Write failed
  #011: /scratch/spack_cpu/job_21700923/spack-stage/spack-stage-hdf5-1.10.7-xexa2gll6hf6okdatgrxiwhcjs2uepc7/spack-src/src/H5FDint.c line 249 in H5FD_write(): driver write request failed
    major: Virtual File Layer
    minor: Write failed
  #012: /scratch/spack_cpu/job_21700923/spack-stage/spack-stage-hdf5-1.10.7-xexa2gll6hf6okdatgrxiwhcjs2uepc7/spack-src/src/H5FDsec2.c line 856 in H5FD__sec2_write(): file write failed: time = Wed Nov 19 08:17:44 2025
, filename = 'checkpoint.h5', file descriptor = 5, errno = 14, error message = 'Bad address', buf = 0x1555537c4000, total write size = 15969552, bytes this sub-write = 15969552, bytes actually written = 18446744073709551615, offset = 0
    major: Low-level I/O
    minor: Write failed
HDF5-DIAG: Error detected in HDF5 (1.10.7) thread 0:
  #000: /scratch/spack_cpu/job_21700923/spack-stage/spack-stage-hdf5-1.10.7-xexa2gll6hf6okdatgrxiwhcjs2uepc7/spack-src/src/H5Dio.c line 335 in H5Dwrite(): can't write data
    major: Dataset
    minor: Write failed
  #001: /scratch/spack_cpu/job_21700923/spack-stage/spack-stage-hdf5-1.10.7-xexa2gll6hf6okdatgrxiwhcjs2uepc7/spack-src/src/H5Dio.c line 813 in H5D__write(): can't write data
    major: Dataset
    minor: Write failed
  #002: /scratch/spack_cpu/job_21700923/spack-stage/spack-stage-hdf5-1.10.7-xexa2gll6hf6okdatgrxiwhcjs2uepc7/spack-src/src/H5Dcontig.c line 659 in H5D__contig_write(): contiguous write failed
    major: Dataset
    minor: Write failed
  #003: /scratch/spack_cpu/job_21700923/spack-stage/spack-stage-hdf5-1.10.7-xexa2gll6hf6okdatgrxiwhcjs2uepc7/spack-src/src/H5Dselect.c line 321 in H5D__select_write(): write error
    major: Dataspace
    minor: Write failed
  #004: /scratch/spack_cpu/job_21700923/spack-stage/spack-stage-hdf5-1.10.7-xexa2gll6hf6okdatgrxiwhcjs2uepc7/spack-src/src/H5Dselect.c line 230 in H5D__select_io(): write error
    major: Dataspace
    minor: Write failed
  #005: /scratch/spack_cpu/job_21700923/spack-stage/spack-stage-hdf5-1.10.7-xexa2gll6hf6okdatgrxiwhcjs2uepc7/spack-src/src/H5Dcontig.c line 1281 in H5D__contig_writevv(): can't perform vectorized sieve buffer write
    major: Dataset
    minor: Can't operate on object
  #006: /scratch/spack_cpu/job_21700923/spack-stage/spack-stage-hdf5-1.10.7-xexa2gll6hf6okdatgrxiwhcjs2uepc7/spack-src/src/H5VM.c line 1464 in H5VM_opvv(): can't perform operation
    major: Internal error (too specific to document in detail)
    minor: Can't operate on object
  #007: /scratch/spack_cpu/job_21700923/spack-stage/spack-stage-hdf5-1.10.7-xexa2gll6hf6okdatgrxiwhcjs2uepc7/spack-src/src/H5Dcontig.c line 1029 in H5D__contig_writevv_sieve_cb(): block write failed
    major: Dataset
    minor: Write failed
  #008: /scratch/spack_cpu/job_21700923/spack-stage/spack-stage-hdf5-1.10.7-xexa2gll6hf6okdatgrxiwhcjs2uepc7/spack-src/src/H5Fio.c line 161 in H5F_block_write(): write through page buffer failed
    major: Low-level I/O
    minor: Write failed
  #009: /scratch/spack_cpu/job_21700923/spack-stage/spack-stage-hdf5-1.10.7-xexa2gll6hf6okdatgrxiwhcjs2uepc7/spack-src/src/H5PB.c line 1032 in H5PB_write(): write through metadata accumulator failed
    major: Page Buffering
    minor: Write failed
  #010: /scratch/spack_cpu/job_21700923/spack-stage/spack-stage-hdf5-1.10.7-xexa2gll6hf6okdatgrxiwhcjs2uepc7/spack-src/src/H5Faccum.c line 824 in H5F__accum_write(): file write failed
    major: Low-level I/O
    minor: Write failed
  #011: /scratch/spack_cpu/job_21700923/spack-stage/spack-stage-hdf5-1.10.7-xexa2gll6hf6okdatgrxiwhcjs2uepc7/spack-src/src/H5FDint.c line 249 in H5FD_write(): driver write request failed
    major: Virtual File Layer
    minor: Write failed
  #012: /scratch/spack_cpu/job_21700923/spack-stage/spack-stage-hdf5-1.10.7-xexa2gll6hf6okdatgrxiwhcjs2uepc7/spack-src/src/H5FDsec2.c line 856 in H5FD__sec2_write(): file write failed: time = Wed Nov 19 08:17:53 2025
, filename = 'checkpoint.h5', file descriptor = 5, errno = 14, error message = 'Bad address', buf = 0x1555537c4000, total write size = 15969552, bytes this sub-write = 15969552, bytes actually written = 18446744073709551615, offset = 0
    major: Low-level I/O
    minor: Write failed
HDF5-DIAG: Error detected in HDF5 (1.10.7) thread 0:
  #000: /scratch/spack_cpu/job_21700923/spack-stage/spack-stage-hdf5-1.10.7-xexa2gll6hf6okdatgrxiwhcjs2uepc7/spack-src/src/H5Dio.c line 335 in H5Dwrite(): can't write data
    major: Dataset
    minor: Write failed
  #001: /scratch/spack_cpu/job_21700923/spack-stage/spack-stage-hdf5-1.10.7-xexa2gll6hf6okdatgrxiwhcjs2uepc7/spack-src/src/H5Dio.c line 813 in H5D__write(): can't write data
    major: Dataset
    minor: Write failed
  #002: /scratch/spack_cpu/job_21700923/spack-stage/spack-stage-hdf5-1.10.7-xexa2gll6hf6okdatgrxiwhcjs2uepc7/spack-src/src/H5Dcontig.c line 659 in H5D__contig_write(): contiguous write failed
    major: Dataset
    minor: Write failed
  #003: /scratch/spack_cpu/job_21700923/spack-stage/spack-stage-hdf5-1.10.7-xexa2gll6hf6okdatgrxiwhcjs2uepc7/spack-src/src/H5Dselect.c line 321 in H5D__select_write(): write error
    major: Dataspace
    minor: Write failed
  #004: /scratch/spack_cpu/job_21700923/spack-stage/spack-stage-hdf5-1.10.7-xexa2gll6hf6okdatgrxiwhcjs2uepc7/spack-src/src/H5Dselect.c line 230 in H5D__select_io(): write error
    major: Dataspace
    minor: Write failed
  #005: /scratch/spack_cpu/job_21700923/spack-stage/spack-stage-hdf5-1.10.7-xexa2gll6hf6okdatgrxiwhcjs2uepc7/spack-src/src/H5Dcontig.c line 1281 in H5D__contig_writevv(): can't perform vectorized sieve buffer write
    major: Dataset
    minor: Can't operate on object
  #006: /scratch/spack_cpu/job_21700923/spack-stage/spack-stage-hdf5-1.10.7-xexa2gll6hf6okdatgrxiwhcjs2uepc7/spack-src/src/H5VM.c line 1464 in H5VM_opvv(): can't perform operation
    major: Internal error (too specific to document in detail)
    minor: Can't operate on object
  #007: /scratch/spack_cpu/job_21700923/spack-stage/spack-stage-hdf5-1.10.7-xexa2gll6hf6okdatgrxiwhcjs2uepc7/spack-src/src/H5Dcontig.c line 1029 in H5D__contig_writevv_sieve_cb(): block write failed
    major: Dataset
    minor: Write failed
  #008: /scratch/spack_cpu/job_21700923/spack-stage/spack-stage-hdf5-1.10.7-xexa2gll6hf6okdatgrxiwhcjs2uepc7/spack-src/src/H5Fio.c line 161 in H5F_block_write(): write through page buffer failed
    major: Low-level I/O
    minor: Write failed
  #009: /scratch/spack_cpu/job_21700923/spack-stage/spack-stage-hdf5-1.10.7-xexa2gll6hf6okdatgrxiwhcjs2uepc7/spack-src/src/H5PB.c line 1032 in H5PB_write(): write through metadata accumulator failed
    major: Page Buffering
    minor: Write failed
  #010: /scratch/spack_cpu/job_21700923/spack-stage/spack-stage-hdf5-1.10.7-xexa2gll6hf6okdatgrxiwhcjs2uepc7/spack-src/src/H5Faccum.c line 824 in H5F__accum_write(): file write failed
    major: Low-level I/O
    minor: Write failed
  #011: /scratch/spack_cpu/job_21700923/spack-stage/spack-stage-hdf5-1.10.7-xexa2gll6hf6okdatgrxiwhcjs2uepc7/spack-src/src/H5FDint.c line 249 in H5FD_write(): driver write request failed
    major: Virtual File Layer
    minor: Write failed
  #012: /scratch/spack_cpu/job_21700923/spack-stage/spack-stage-hdf5-1.10.7-xexa2gll6hf6okdatgrxiwhcjs2uepc7/spack-src/src/H5FDsec2.c line 856 in H5FD__sec2_write(): file write failed: time = Wed Nov 19 08:18:01 2025
, filename = 'checkpoint.h5', file descriptor = 5, errno = 14, error message = 'Bad address', buf = 0x1555537c4000, total write size = 15969552, bytes this sub-write = 15969552, bytes actually written = 18446744073709551615, offset = 0
    major: Low-level I/O
    minor: Write failed
HDF5-DIAG: Error detected in HDF5 (1.10.7) thread 0:
  #000: /scratch/spack_cpu/job_21700923/spack-stage/spack-stage-hdf5-1.10.7-xexa2gll6hf6okdatgrxiwhcjs2uepc7/spack-src/src/H5Dio.c line 335 in H5Dwrite(): can't write data
    major: Dataset
    minor: Write failed
  #001: /scratch/spack_cpu/job_21700923/spack-stage/spack-stage-hdf5-1.10.7-xexa2gll6hf6okdatgrxiwhcjs2uepc7/spack-src/src/H5Dio.c line 813 in H5D__write(): can't write data
    major: Dataset
    minor: Write failed
  #002: /scratch/spack_cpu/job_21700923/spack-stage/spack-stage-hdf5-1.10.7-xexa2gll6hf6okdatgrxiwhcjs2uepc7/spack-src/src/H5Dcontig.c line 659 in H5D__contig_write(): contiguous write failed
    major: Dataset
    minor: Write failed
  #003: /scratch/spack_cpu/job_21700923/spack-stage/spack-stage-hdf5-1.10.7-xexa2gll6hf6okdatgrxiwhcjs2uepc7/spack-src/src/H5Dselect.c line 321 in H5D__select_write(): write error
    major: Dataspace
    minor: Write failed
  #004: /scratch/spack_cpu/job_21700923/spack-stage/spack-stage-hdf5-1.10.7-xexa2gll6hf6okdatgrxiwhcjs2uepc7/spack-src/src/H5Dselect.c line 230 in H5D__select_io(): write error
    major: Dataspace
    minor: Write failed
  #005: /scratch/spack_cpu/job_21700923/spack-stage/spack-stage-hdf5-1.10.7-xexa2gll6hf6okdatgrxiwhcjs2uepc7/spack-src/src/H5Dcontig.c line 1281 in H5D__contig_writevv(): can't perform vectorized sieve buffer write
    major: Dataset
    minor: Can't operate on object
  #006: /scratch/spack_cpu/job_21700923/spack-stage/spack-stage-hdf5-1.10.7-xexa2gll6hf6okdatgrxiwhcjs2uepc7/spack-src/src/H5VM.c line 1464 in H5VM_opvv(): can't perform operation
    major: Internal error (too specific to document in detail)
    minor: Can't operate on object
  #007: /scratch/spack_cpu/job_21700923/spack-stage/spack-stage-hdf5-1.10.7-xexa2gll6hf6okdatgrxiwhcjs2uepc7/spack-src/src/H5Dcontig.c line 1029 in H5D__contig_writevv_sieve_cb(): block write failed
    major: Dataset
    minor: Write failed
  #008: /scratch/spack_cpu/job_21700923/spack-stage/spack-stage-hdf5-1.10.7-xexa2gll6hf6okdatgrxiwhcjs2uepc7/spack-src/src/H5Fio.c line 161 in H5F_block_write(): write through page buffer failed
    major: Low-level I/O
    minor: Write failed
  #009: /scratch/spack_cpu/job_21700923/spack-stage/spack-stage-hdf5-1.10.7-xexa2gll6hf6okdatgrxiwhcjs2uepc7/spack-src/src/H5PB.c line 1032 in H5PB_write(): write through metadata accumulator failed
    major: Page Buffering
    minor: Write failed
  #010: /scratch/spack_cpu/job_21700923/spack-stage/spack-stage-hdf5-1.10.7-xexa2gll6hf6okdatgrxiwhcjs2uepc7/spack-src/src/H5Faccum.c line 824 in H5F__accum_write(): file write failed
    major: Low-level I/O
    minor: Write failed
  #011: /scratch/spack_cpu/job_21700923/spack-stage/spack-stage-hdf5-1.10.7-xexa2gll6hf6okdatgrxiwhcjs2uepc7/spack-src/src/H5FDint.c line 249 in H5FD_write(): driver write request failed
    major: Virtual File Layer
    minor: Write failed
  #012: /scratch/spack_cpu/job_21700923/spack-stage/spack-stage-hdf5-1.10.7-xexa2gll6hf6okdatgrxiwhcjs2uepc7/spack-src/src/H5FDsec2.c line 856 in H5FD__sec2_write(): file write failed: time = Wed Nov 19 08:18:09 2025
, filename = 'checkpoint.h5', file descriptor = 5, errno = 14, error message = 'Bad address', buf = 0x1555537c4000, total write size = 15969552, bytes this sub-write = 15969552, bytes actually written = 18446744073709551615, offset = 0
    major: Low-level I/O
    minor: Write failed
HDF5-DIAG: Error detected in HDF5 (1.10.7) thread 0:
  #000: /scratch/spack_cpu/job_21700923/spack-stage/spack-stage-hdf5-1.10.7-xexa2gll6hf6okdatgrxiwhcjs2uepc7/spack-src/src/H5Dio.c line 335 in H5Dwrite(): can't write data
    major: Dataset
    minor: Write failed
  #001: /scratch/spack_cpu/job_21700923/spack-stage/spack-stage-hdf5-1.10.7-xexa2gll6hf6okdatgrxiwhcjs2uepc7/spack-src/src/H5Dio.c line 813 in H5D__write(): can't write data
    major: Dataset
    minor: Write failed
  #002: /scratch/spack_cpu/job_21700923/spack-stage/spack-stage-hdf5-1.10.7-xexa2gll6hf6okdatgrxiwhcjs2uepc7/spack-src/src/H5Dcontig.c line 659 in H5D__contig_write(): contiguous write failed
    major: Dataset
    minor: Write failed
  #003: /scratch/spack_cpu/job_21700923/spack-stage/spack-stage-hdf5-1.10.7-xexa2gll6hf6okdatgrxiwhcjs2uepc7/spack-src/src/H5Dselect.c line 321 in H5D__select_write(): write error
    major: Dataspace
    minor: Write failed
  #004: /scratch/spack_cpu/job_21700923/spack-stage/spack-stage-hdf5-1.10.7-xexa2gll6hf6okdatgrxiwhcjs2uepc7/spack-src/src/H5Dselect.c line 230 in H5D__select_io(): write error
    major: Dataspace
    minor: Write failed
  #005: /scratch/spack_cpu/job_21700923/spack-stage/spack-stage-hdf5-1.10.7-xexa2gll6hf6okdatgrxiwhcjs2uepc7/spack-src/src/H5Dcontig.c line 1281 in H5D__contig_writevv(): can't perform vectorized sieve buffer write
    major: Dataset
    minor: Can't operate on object
  #006: /scratch/spack_cpu/job_21700923/spack-stage/spack-stage-hdf5-1.10.7-xexa2gll6hf6okdatgrxiwhcjs2uepc7/spack-src/src/H5VM.c line 1464 in H5VM_opvv(): can't perform operation
    major: Internal error (too specific to document in detail)
    minor: Can't operate on object
  #007: /scratch/spack_cpu/job_21700923/spack-stage/spack-stage-hdf5-1.10.7-xexa2gll6hf6okdatgrxiwhcjs2uepc7/spack-src/src/H5Dcontig.c line 1029 in H5D__contig_writevv_sieve_cb(): block write failed
    major: Dataset
    minor: Write failed
  #008: /scratch/spack_cpu/job_21700923/spack-stage/spack-stage-hdf5-1.10.7-xexa2gll6hf6okdatgrxiwhcjs2uepc7/spack-src/src/H5Fio.c line 161 in H5F_block_write(): write through page buffer failed
    major: Low-level I/O
    minor: Write failed
  #009: /scratch/spack_cpu/job_21700923/spack-stage/spack-stage-hdf5-1.10.7-xexa2gll6hf6okdatgrxiwhcjs2uepc7/spack-src/src/H5PB.c line 1032 in H5PB_write(): write through metadata accumulator failed
    major: Page Buffering
    minor: Write failed
  #010: /scratch/spack_cpu/job_21700923/spack-stage/spack-stage-hdf5-1.10.7-xexa2gll6hf6okdatgrxiwhcjs2uepc7/spack-src/src/H5Faccum.c line 824 in H5F__accum_write(): file write failed
    major: Low-level I/O
    minor: Write failed
  #011: /scratch/spack_cpu/job_21700923/spack-stage/spack-stage-hdf5-1.10.7-xexa2gll6hf6okdatgrxiwhcjs2uepc7/spack-src/src/H5FDint.c line 249 in H5FD_write(): driver write request failed
    major: Virtual File Layer
    minor: Write failed
  #012: /scratch/spack_cpu/job_21700923/spack-stage/spack-stage-hdf5-1.10.7-xexa2gll6hf6okdatgrxiwhcjs2uepc7/spack-src/src/H5FDsec2.c line 856 in H5FD__sec2_write(): file write failed: time = Wed Nov 19 08:18:18 2025
, filename = 'checkpoint.h5', file descriptor = 5, errno = 14, error message = 'Bad address', buf = 0x1555537c4000, total write size = 15969552, bytes this sub-write = 15969552, bytes actually written = 18446744073709551615, offset = 0
    major: Low-level I/O
    minor: Write failed
HDF5-DIAG: Error detected in HDF5 (1.10.7) thread 0:
  #000: /scratch/spack_cpu/job_21700923/spack-stage/spack-stage-hdf5-1.10.7-xexa2gll6hf6okdatgrxiwhcjs2uepc7/spack-src/src/H5Dio.c line 335 in H5Dwrite(): can't write data
    major: Dataset
    minor: Write failed
  #001: /scratch/spack_cpu/job_21700923/spack-stage/spack-stage-hdf5-1.10.7-xexa2gll6hf6okdatgrxiwhcjs2uepc7/spack-src/src/H5Dio.c line 813 in H5D__write(): can't write data
    major: Dataset
    minor: Write failed
  #002: /scratch/spack_cpu/job_21700923/spack-stage/spack-stage-hdf5-1.10.7-xexa2gll6hf6okdatgrxiwhcjs2uepc7/spack-src/src/H5Dcontig.c line 659 in H5D__contig_write(): contiguous write failed
    major: Dataset
    minor: Write failed
  #003: /scratch/spack_cpu/job_21700923/spack-stage/spack-stage-hdf5-1.10.7-xexa2gll6hf6okdatgrxiwhcjs2uepc7/spack-src/src/H5Dselect.c line 321 in H5D__select_write(): write error
    major: Dataspace
    minor: Write failed
  #004: /scratch/spack_cpu/job_21700923/spack-stage/spack-stage-hdf5-1.10.7-xexa2gll6hf6okdatgrxiwhcjs2uepc7/spack-src/src/H5Dselect.c line 230 in H5D__select_io(): write error
    major: Dataspace
    minor: Write failed
  #005: /scratch/spack_cpu/job_21700923/spack-stage/spack-stage-hdf5-1.10.7-xexa2gll6hf6okdatgrxiwhcjs2uepc7/spack-src/src/H5Dcontig.c line 1281 in H5D__contig_writevv(): can't perform vectorized sieve buffer write
    major: Dataset
    minor: Can't operate on object
  #006: /scratch/spack_cpu/job_21700923/spack-stage/spack-stage-hdf5-1.10.7-xexa2gll6hf6okdatgrxiwhcjs2uepc7/spack-src/src/H5VM.c line 1464 in H5VM_opvv(): can't perform operation
    major: Internal error (too specific to document in detail)
    minor: Can't operate on object
  #007: /scratch/spack_cpu/job_21700923/spack-stage/spack-stage-hdf5-1.10.7-xexa2gll6hf6okdatgrxiwhcjs2uepc7/spack-src/src/H5Dcontig.c line 1029 in H5D__contig_writevv_sieve_cb(): block write failed
    major: Dataset
    minor: Write failed
  #008: /scratch/spack_cpu/job_21700923/spack-stage/spack-stage-hdf5-1.10.7-xexa2gll6hf6okdatgrxiwhcjs2uepc7/spack-src/src/H5Fio.c line 161 in H5F_block_write(): write through page buffer failed
    major: Low-level I/O
    minor: Write failed
  #009: /scratch/spack_cpu/job_21700923/spack-stage/spack-stage-hdf5-1.10.7-xexa2gll6hf6okdatgrxiwhcjs2uepc7/spack-src/src/H5PB.c line 1032 in H5PB_write(): write through metadata accumulator failed
    major: Page Buffering
    minor: Write failed
  #010: /scratch/spack_cpu/job_21700923/spack-stage/spack-stage-hdf5-1.10.7-xexa2gll6hf6okdatgrxiwhcjs2uepc7/spack-src/src/H5Faccum.c line 824 in H5F__accum_write(): file write failed
    major: Low-level I/O
    minor: Write failed
  #011: /scratch/spack_cpu/job_21700923/spack-stage/spack-stage-hdf5-1.10.7-xexa2gll6hf6okdatgrxiwhcjs2uepc7/spack-src/src/H5FDint.c line 249 in H5FD_write(): driver write request failed
    major: Virtual File Layer
    minor: Write failed
  #012: /scratch/spack_cpu/job_21700923/spack-stage/spack-stage-hdf5-1.10.7-xexa2gll6hf6okdatgrxiwhcjs2uepc7/spack-src/src/H5FDsec2.c line 856 in H5FD__sec2_write(): file write failed: time = Wed Nov 19 08:18:26 2025
, filename = 'checkpoint.h5', file descriptor = 5, errno = 14, error message = 'Bad address', buf = 0x1555537c4000, total write size = 15969552, bytes this sub-write = 15969552, bytes actually written = 18446744073709551615, offset = 0
    major: Low-level I/O
    minor: Write failed
HDF5-DIAG: Error detected in HDF5 (1.10.7) thread 0:
  #000: /scratch/spack_cpu/job_21700923/spack-stage/spack-stage-hdf5-1.10.7-xexa2gll6hf6okdatgrxiwhcjs2uepc7/spack-src/src/H5Dio.c line 335 in H5Dwrite(): can't write data
    major: Dataset
    minor: Write failed
  #001: /scratch/spack_cpu/job_21700923/spack-stage/spack-stage-hdf5-1.10.7-xexa2gll6hf6okdatgrxiwhcjs2uepc7/spack-src/src/H5Dio.c line 813 in H5D__write(): can't write data
    major: Dataset
    minor: Write failed
  #002: /scratch/spack_cpu/job_21700923/spack-stage/spack-stage-hdf5-1.10.7-xexa2gll6hf6okdatgrxiwhcjs2uepc7/spack-src/src/H5Dcontig.c line 659 in H5D__contig_write(): contiguous write failed
    major: Dataset
    minor: Write failed
  #003: /scratch/spack_cpu/job_21700923/spack-stage/spack-stage-hdf5-1.10.7-xexa2gll6hf6okdatgrxiwhcjs2uepc7/spack-src/src/H5Dselect.c line 321 in H5D__select_write(): write error
    major: Dataspace
    minor: Write failed
  #004: /scratch/spack_cpu/job_21700923/spack-stage/spack-stage-hdf5-1.10.7-xexa2gll6hf6okdatgrxiwhcjs2uepc7/spack-src/src/H5Dselect.c line 230 in H5D__select_io(): write error
    major: Dataspace
    minor: Write failed
  #005: /scratch/spack_cpu/job_21700923/spack-stage/spack-stage-hdf5-1.10.7-xexa2gll6hf6okdatgrxiwhcjs2uepc7/spack-src/src/H5Dcontig.c line 1281 in H5D__contig_writevv(): can't perform vectorized sieve buffer write
    major: Dataset
    minor: Can't operate on object
  #006: /scratch/spack_cpu/job_21700923/spack-stage/spack-stage-hdf5-1.10.7-xexa2gll6hf6okdatgrxiwhcjs2uepc7/spack-src/src/H5VM.c line 1464 in H5VM_opvv(): can't perform operation
    major: Internal error (too specific to document in detail)
    minor: Can't operate on object
  #007: /scratch/spack_cpu/job_21700923/spack-stage/spack-stage-hdf5-1.10.7-xexa2gll6hf6okdatgrxiwhcjs2uepc7/spack-src/src/H5Dcontig.c line 1029 in H5D__contig_writevv_sieve_cb(): block write failed
    major: Dataset
    minor: Write failed
  #008: /scratch/spack_cpu/job_21700923/spack-stage/spack-stage-hdf5-1.10.7-xexa2gll6hf6okdatgrxiwhcjs2uepc7/spack-src/src/H5Fio.c line 161 in H5F_block_write(): write through page buffer failed
    major: Low-level I/O
    minor: Write failed
  #009: /scratch/spack_cpu/job_21700923/spack-stage/spack-stage-hdf5-1.10.7-xexa2gll6hf6okdatgrxiwhcjs2uepc7/spack-src/src/H5PB.c line 1032 in H5PB_write(): write through metadata accumulator failed
    major: Page Buffering
    minor: Write failed
  #010: /scratch/spack_cpu/job_21700923/spack-stage/spack-stage-hdf5-1.10.7-xexa2gll6hf6okdatgrxiwhcjs2uepc7/spack-src/src/H5Faccum.c line 824 in H5F__accum_write(): file write failed
    major: Low-level I/O
    minor: Write failed
  #011: /scratch/spack_cpu/job_21700923/spack-stage/spack-stage-hdf5-1.10.7-xexa2gll6hf6okdatgrxiwhcjs2uepc7/spack-src/src/H5FDint.c line 249 in H5FD_write(): driver write request failed
    major: Virtual File Layer
    minor: Write failed
  #012: /scratch/spack_cpu/job_21700923/spack-stage/spack-stage-hdf5-1.10.7-xexa2gll6hf6okdatgrxiwhcjs2uepc7/spack-src/src/H5FDsec2.c line 856 in H5FD__sec2_write(): file write failed: time = Wed Nov 19 08:18:34 2025
, filename = 'checkpoint.h5', file descriptor = 5, errno = 14, error message = 'Bad address', buf = 0x1555537c4000, total write size = 15969552, bytes this sub-write = 15969552, bytes actually written = 18446744073709551615, offset = 0
    major: Low-level I/O
    minor: Write failed
HDF5-DIAG: Error detected in HDF5 (1.10.7) thread 0:
  #000: /scratch/spack_cpu/job_21700923/spack-stage/spack-stage-hdf5-1.10.7-xexa2gll6hf6okdatgrxiwhcjs2uepc7/spack-src/src/H5Dio.c line 335 in H5Dwrite(): can't write data
    major: Dataset
    minor: Write failed
  #001: /scratch/spack_cpu/job_21700923/spack-stage/spack-stage-hdf5-1.10.7-xexa2gll6hf6okdatgrxiwhcjs2uepc7/spack-src/src/H5Dio.c line 813 in H5D__write(): can't write data
    major: Dataset
    minor: Write failed
  #002: /scratch/spack_cpu/job_21700923/spack-stage/spack-stage-hdf5-1.10.7-xexa2gll6hf6okdatgrxiwhcjs2uepc7/spack-src/src/H5Dcontig.c line 659 in H5D__contig_write(): contiguous write failed
    major: Dataset
    minor: Write failed
  #003: /scratch/spack_cpu/job_21700923/spack-stage/spack-stage-hdf5-1.10.7-xexa2gll6hf6okdatgrxiwhcjs2uepc7/spack-src/src/H5Dselect.c line 321 in H5D__select_write(): write error
    major: Dataspace
    minor: Write failed
  #004: /scratch/spack_cpu/job_21700923/spack-stage/spack-stage-hdf5-1.10.7-xexa2gll6hf6okdatgrxiwhcjs2uepc7/spack-src/src/H5Dselect.c line 230 in H5D__select_io(): write error
    major: Dataspace
    minor: Write failed
  #005: /scratch/spack_cpu/job_21700923/spack-stage/spack-stage-hdf5-1.10.7-xexa2gll6hf6okdatgrxiwhcjs2uepc7/spack-src/src/H5Dcontig.c line 1281 in H5D__contig_writevv(): can't perform vectorized sieve buffer write
    major: Dataset
    minor: Can't operate on object
  #006: /scratch/spack_cpu/job_21700923/spack-stage/spack-stage-hdf5-1.10.7-xexa2gll6hf6okdatgrxiwhcjs2uepc7/spack-src/src/H5VM.c line 1464 in H5VM_opvv(): can't perform operation
    major: Internal error (too specific to document in detail)
    minor: Can't operate on object
  #007: /scratch/spack_cpu/job_21700923/spack-stage/spack-stage-hdf5-1.10.7-xexa2gll6hf6okdatgrxiwhcjs2uepc7/spack-src/src/H5Dcontig.c line 1029 in H5D__contig_writevv_sieve_cb(): block write failed
    major: Dataset
    minor: Write failed
  #008: /scratch/spack_cpu/job_21700923/spack-stage/spack-stage-hdf5-1.10.7-xexa2gll6hf6okdatgrxiwhcjs2uepc7/spack-src/src/H5Fio.c line 161 in H5F_block_write(): write through page buffer failed
    major: Low-level I/O
    minor: Write failed
  #009: /scratch/spack_cpu/job_21700923/spack-stage/spack-stage-hdf5-1.10.7-xexa2gll6hf6okdatgrxiwhcjs2uepc7/spack-src/src/H5PB.c line 1032 in H5PB_write(): write through metadata accumulator failed
    major: Page Buffering
    minor: Write failed
  #010: /scratch/spack_cpu/job_21700923/spack-stage/spack-stage-hdf5-1.10.7-xexa2gll6hf6okdatgrxiwhcjs2uepc7/spack-src/src/H5Faccum.c line 824 in H5F__accum_write(): file write failed
    major: Low-level I/O
    minor: Write failed
  #011: /scratch/spack_cpu/job_21700923/spack-stage/spack-stage-hdf5-1.10.7-xexa2gll6hf6okdatgrxiwhcjs2uepc7/spack-src/src/H5FDint.c line 249 in H5FD_write(): driver write request failed
    major: Virtual File Layer
    minor: Write failed
  #012: /scratch/spack_cpu/job_21700923/spack-stage/spack-stage-hdf5-1.10.7-xexa2gll6hf6okdatgrxiwhcjs2uepc7/spack-src/src/H5FDsec2.c line 856 in H5FD__sec2_write(): file write failed: time = Wed Nov 19 08:18:42 2025
, filename = 'checkpoint.h5', file descriptor = 5, errno = 14, error message = 'Bad address', buf = 0x1555537c4000, total write size = 15969552, bytes this sub-write = 15969552, bytes actually written = 18446744073709551615, offset = 0
    major: Low-level I/O
    minor: Write failed
HDF5-DIAG: Error detected in HDF5 (1.10.7) thread 0:
  #000: /scratch/spack_cpu/job_21700923/spack-stage/spack-stage-hdf5-1.10.7-xexa2gll6hf6okdatgrxiwhcjs2uepc7/spack-src/src/H5Dio.c line 335 in H5Dwrite(): can't write data
    major: Dataset
    minor: Write failed
  #001: /scratch/spack_cpu/job_21700923/spack-stage/spack-stage-hdf5-1.10.7-xexa2gll6hf6okdatgrxiwhcjs2uepc7/spack-src/src/H5Dio.c line 813 in H5D__write(): can't write data
    major: Dataset
    minor: Write failed
  #002: /scratch/spack_cpu/job_21700923/spack-stage/spack-stage-hdf5-1.10.7-xexa2gll6hf6okdatgrxiwhcjs2uepc7/spack-src/src/H5Dcontig.c line 659 in H5D__contig_write(): contiguous write failed
    major: Dataset
    minor: Write failed
  #003: /scratch/spack_cpu/job_21700923/spack-stage/spack-stage-hdf5-1.10.7-xexa2gll6hf6okdatgrxiwhcjs2uepc7/spack-src/src/H5Dselect.c line 321 in H5D__select_write(): write error
    major: Dataspace
    minor: Write failed
  #004: /scratch/spack_cpu/job_21700923/spack-stage/spack-stage-hdf5-1.10.7-xexa2gll6hf6okdatgrxiwhcjs2uepc7/spack-src/src/H5Dselect.c line 230 in H5D__select_io(): write error
    major: Dataspace
    minor: Write failed
  #005: /scratch/spack_cpu/job_21700923/spack-stage/spack-stage-hdf5-1.10.7-xexa2gll6hf6okdatgrxiwhcjs2uepc7/spack-src/src/H5Dcontig.c line 1281 in H5D__contig_writevv(): can't perform vectorized sieve buffer write
    major: Dataset
    minor: Can't operate on object
  #006: /scratch/spack_cpu/job_21700923/spack-stage/spack-stage-hdf5-1.10.7-xexa2gll6hf6okdatgrxiwhcjs2uepc7/spack-src/src/H5VM.c line 1464 in H5VM_opvv(): can't perform operation
    major: Internal error (too specific to document in detail)
    minor: Can't operate on object
  #007: /scratch/spack_cpu/job_21700923/spack-stage/spack-stage-hdf5-1.10.7-xexa2gll6hf6okdatgrxiwhcjs2uepc7/spack-src/src/H5Dcontig.c line 1029 in H5D__contig_writevv_sieve_cb(): block write failed
    major: Dataset
    minor: Write failed
  #008: /scratch/spack_cpu/job_21700923/spack-stage/spack-stage-hdf5-1.10.7-xexa2gll6hf6okdatgrxiwhcjs2uepc7/spack-src/src/H5Fio.c line 161 in H5F_block_write(): write through page buffer failed
    major: Low-level I/O
    minor: Write failed
  #009: /scratch/spack_cpu/job_21700923/spack-stage/spack-stage-hdf5-1.10.7-xexa2gll6hf6okdatgrxiwhcjs2uepc7/spack-src/src/H5PB.c line 1032 in H5PB_write(): write through metadata accumulator failed
    major: Page Buffering
    minor: Write failed
  #010: /scratch/spack_cpu/job_21700923/spack-stage/spack-stage-hdf5-1.10.7-xexa2gll6hf6okdatgrxiwhcjs2uepc7/spack-src/src/H5Faccum.c line 824 in H5F__accum_write(): file write failed
    major: Low-level I/O
    minor: Write failed
  #011: /scratch/spack_cpu/job_21700923/spack-stage/spack-stage-hdf5-1.10.7-xexa2gll6hf6okdatgrxiwhcjs2uepc7/spack-src/src/H5FDint.c line 249 in H5FD_write(): driver write request failed
    major: Virtual File Layer
    minor: Write failed
  #012: /scratch/spack_cpu/job_21700923/spack-stage/spack-stage-hdf5-1.10.7-xexa2gll6hf6okdatgrxiwhcjs2uepc7/spack-src/src/H5FDsec2.c line 856 in H5FD__sec2_write(): file write failed: time = Wed Nov 19 08:18:51 2025
, filename = 'checkpoint.h5', file descriptor = 5, errno = 14, error message = 'Bad address', buf = 0x1555537c4000, total write size = 15969552, bytes this sub-write = 15969552, bytes actually written = 18446744073709551615, offset = 0
    major: Low-level I/O
    minor: Write failed
HDF5-DIAG: Error detected in HDF5 (1.10.7) thread 0:
  #000: /scratch/spack_cpu/job_21700923/spack-stage/spack-stage-hdf5-1.10.7-xexa2gll6hf6okdatgrxiwhcjs2uepc7/spack-src/src/H5Dio.c line 335 in H5Dwrite(): can't write data
    major: Dataset
    minor: Write failed
  #001: /scratch/spack_cpu/job_21700923/spack-stage/spack-stage-hdf5-1.10.7-xexa2gll6hf6okdatgrxiwhcjs2uepc7/spack-src/src/H5Dio.c line 813 in H5D__write(): can't write data
    major: Dataset
    minor: Write failed
  #002: /scratch/spack_cpu/job_21700923/spack-stage/spack-stage-hdf5-1.10.7-xexa2gll6hf6okdatgrxiwhcjs2uepc7/spack-src/src/H5Dcontig.c line 659 in H5D__contig_write(): contiguous write failed
    major: Dataset
    minor: Write failed
  #003: /scratch/spack_cpu/job_21700923/spack-stage/spack-stage-hdf5-1.10.7-xexa2gll6hf6okdatgrxiwhcjs2uepc7/spack-src/src/H5Dselect.c line 321 in H5D__select_write(): write error
    major: Dataspace
    minor: Write failed
  #004: /scratch/spack_cpu/job_21700923/spack-stage/spack-stage-hdf5-1.10.7-xexa2gll6hf6okdatgrxiwhcjs2uepc7/spack-src/src/H5Dselect.c line 230 in H5D__select_io(): write error
    major: Dataspace
    minor: Write failed
  #005: /scratch/spack_cpu/job_21700923/spack-stage/spack-stage-hdf5-1.10.7-xexa2gll6hf6okdatgrxiwhcjs2uepc7/spack-src/src/H5Dcontig.c line 1281 in H5D__contig_writevv(): can't perform vectorized sieve buffer write
    major: Dataset
    minor: Can't operate on object
  #006: /scratch/spack_cpu/job_21700923/spack-stage/spack-stage-hdf5-1.10.7-xexa2gll6hf6okdatgrxiwhcjs2uepc7/spack-src/src/H5VM.c line 1464 in H5VM_opvv(): can't perform operation
    major: Internal error (too specific to document in detail)
    minor: Can't operate on object
  #007: /scratch/spack_cpu/job_21700923/spack-stage/spack-stage-hdf5-1.10.7-xexa2gll6hf6okdatgrxiwhcjs2uepc7/spack-src/src/H5Dcontig.c line 1029 in H5D__contig_writevv_sieve_cb(): block write failed
    major: Dataset
    minor: Write failed
  #008: /scratch/spack_cpu/job_21700923/spack-stage/spack-stage-hdf5-1.10.7-xexa2gll6hf6okdatgrxiwhcjs2uepc7/spack-src/src/H5Fio.c line 161 in H5F_block_write(): write through page buffer failed
    major: Low-level I/O
    minor: Write failed
  #009: /scratch/spack_cpu/job_21700923/spack-stage/spack-stage-hdf5-1.10.7-xexa2gll6hf6okdatgrxiwhcjs2uepc7/spack-src/src/H5PB.c line 1032 in H5PB_write(): write through metadata accumulator failed
    major: Page Buffering
    minor: Write failed
  #010: /scratch/spack_cpu/job_21700923/spack-stage/spack-stage-hdf5-1.10.7-xexa2gll6hf6okdatgrxiwhcjs2uepc7/spack-src/src/H5Faccum.c line 824 in H5F__accum_write(): file write failed
    major: Low-level I/O
    minor: Write failed
  #011: /scratch/spack_cpu/job_21700923/spack-stage/spack-stage-hdf5-1.10.7-xexa2gll6hf6okdatgrxiwhcjs2uepc7/spack-src/src/H5FDint.c line 249 in H5FD_write(): driver write request failed
    major: Virtual File Layer
    minor: Write failed
  #012: /scratch/spack_cpu/job_21700923/spack-stage/spack-stage-hdf5-1.10.7-xexa2gll6hf6okdatgrxiwhcjs2uepc7/spack-src/src/H5FDsec2.c line 856 in H5FD__sec2_write(): file write failed: time = Wed Nov 19 08:18:59 2025
, filename = 'checkpoint.h5', file descriptor = 5, errno = 14, error message = 'Bad address', buf = 0x1555537c4000, total write size = 15969552, bytes this sub-write = 15969552, bytes actually written = 18446744073709551615, offset = 0
    major: Low-level I/O
    minor: Write failed
HDF5-DIAG: Error detected in HDF5 (1.10.7) thread 0:
  #000: /scratch/spack_cpu/job_21700923/spack-stage/spack-stage-hdf5-1.10.7-xexa2gll6hf6okdatgrxiwhcjs2uepc7/spack-src/src/H5Dio.c line 335 in H5Dwrite(): can't write data
    major: Dataset
    minor: Write failed
  #001: /scratch/spack_cpu/job_21700923/spack-stage/spack-stage-hdf5-1.10.7-xexa2gll6hf6okdatgrxiwhcjs2uepc7/spack-src/src/H5Dio.c line 813 in H5D__write(): can't write data
    major: Dataset
    minor: Write failed
  #002: /scratch/spack_cpu/job_21700923/spack-stage/spack-stage-hdf5-1.10.7-xexa2gll6hf6okdatgrxiwhcjs2uepc7/spack-src/src/H5Dcontig.c line 659 in H5D__contig_write(): contiguous write failed
    major: Dataset
    minor: Write failed
  #003: /scratch/spack_cpu/job_21700923/spack-stage/spack-stage-hdf5-1.10.7-xexa2gll6hf6okdatgrxiwhcjs2uepc7/spack-src/src/H5Dselect.c line 321 in H5D__select_write(): write error
    major: Dataspace
    minor: Write failed
  #004: /scratch/spack_cpu/job_21700923/spack-stage/spack-stage-hdf5-1.10.7-xexa2gll6hf6okdatgrxiwhcjs2uepc7/spack-src/src/H5Dselect.c line 230 in H5D__select_io(): write error
    major: Dataspace
    minor: Write failed
  #005: /scratch/spack_cpu/job_21700923/spack-stage/spack-stage-hdf5-1.10.7-xexa2gll6hf6okdatgrxiwhcjs2uepc7/spack-src/src/H5Dcontig.c line 1281 in H5D__contig_writevv(): can't perform vectorized sieve buffer write
    major: Dataset
    minor: Can't operate on object
  #006: /scratch/spack_cpu/job_21700923/spack-stage/spack-stage-hdf5-1.10.7-xexa2gll6hf6okdatgrxiwhcjs2uepc7/spack-src/src/H5VM.c line 1464 in H5VM_opvv(): can't perform operation
    major: Internal error (too specific to document in detail)
    minor: Can't operate on object
  #007: /scratch/spack_cpu/job_21700923/spack-stage/spack-stage-hdf5-1.10.7-xexa2gll6hf6okdatgrxiwhcjs2uepc7/spack-src/src/H5Dcontig.c line 1029 in H5D__contig_writevv_sieve_cb(): block write failed
    major: Dataset
    minor: Write failed
  #008: /scratch/spack_cpu/job_21700923/spack-stage/spack-stage-hdf5-1.10.7-xexa2gll6hf6okdatgrxiwhcjs2uepc7/spack-src/src/H5Fio.c line 161 in H5F_block_write(): write through page buffer failed
    major: Low-level I/O
    minor: Write failed
  #009: /scratch/spack_cpu/job_21700923/spack-stage/spack-stage-hdf5-1.10.7-xexa2gll6hf6okdatgrxiwhcjs2uepc7/spack-src/src/H5PB.c line 1032 in H5PB_write(): write through metadata accumulator failed
    major: Page Buffering
    minor: Write failed
  #010: /scratch/spack_cpu/job_21700923/spack-stage/spack-stage-hdf5-1.10.7-xexa2gll6hf6okdatgrxiwhcjs2uepc7/spack-src/src/H5Faccum.c line 824 in H5F__accum_write(): file write failed
    major: Low-level I/O
    minor: Write failed
  #011: /scratch/spack_cpu/job_21700923/spack-stage/spack-stage-hdf5-1.10.7-xexa2gll6hf6okdatgrxiwhcjs2uepc7/spack-src/src/H5FDint.c line 249 in H5FD_write(): driver write request failed
    major: Virtual File Layer
    minor: Write failed
  #012: /scratch/spack_cpu/job_21700923/spack-stage/spack-stage-hdf5-1.10.7-xexa2gll6hf6okdatgrxiwhcjs2uepc7/spack-src/src/H5FDsec2.c line 856 in H5FD__sec2_write(): file write failed: time = Wed Nov 19 08:19:07 2025
, filename = 'checkpoint.h5', file descriptor = 5, errno = 14, error message = 'Bad address', buf = 0x1555537c4000, total write size = 15969552, bytes this sub-write = 15969552, bytes actually written = 18446744073709551615, offset = 0
    major: Low-level I/O
    minor: Write failed
HDF5-DIAG: Error detected in HDF5 (1.10.7) thread 0:
  #000: /scratch/spack_cpu/job_21700923/spack-stage/spack-stage-hdf5-1.10.7-xexa2gll6hf6okdatgrxiwhcjs2uepc7/spack-src/src/H5Dio.c line 335 in H5Dwrite(): can't write data
    major: Dataset
    minor: Write failed
  #001: /scratch/spack_cpu/job_21700923/spack-stage/spack-stage-hdf5-1.10.7-xexa2gll6hf6okdatgrxiwhcjs2uepc7/spack-src/src/H5Dio.c line 813 in H5D__write(): can't write data
    major: Dataset
    minor: Write failed
  #002: /scratch/spack_cpu/job_21700923/spack-stage/spack-stage-hdf5-1.10.7-xexa2gll6hf6okdatgrxiwhcjs2uepc7/spack-src/src/H5Dcontig.c line 659 in H5D__contig_write(): contiguous write failed
    major: Dataset
    minor: Write failed
  #003: /scratch/spack_cpu/job_21700923/spack-stage/spack-stage-hdf5-1.10.7-xexa2gll6hf6okdatgrxiwhcjs2uepc7/spack-src/src/H5Dselect.c line 321 in H5D__select_write(): write error
    major: Dataspace
    minor: Write failed
  #004: /scratch/spack_cpu/job_21700923/spack-stage/spack-stage-hdf5-1.10.7-xexa2gll6hf6okdatgrxiwhcjs2uepc7/spack-src/src/H5Dselect.c line 230 in H5D__select_io(): write error
    major: Dataspace
    minor: Write failed
  #005: /scratch/spack_cpu/job_21700923/spack-stage/spack-stage-hdf5-1.10.7-xexa2gll6hf6okdatgrxiwhcjs2uepc7/spack-src/src/H5Dcontig.c line 1281 in H5D__contig_writevv(): can't perform vectorized sieve buffer write
    major: Dataset
    minor: Can't operate on object
  #006: /scratch/spack_cpu/job_21700923/spack-stage/spack-stage-hdf5-1.10.7-xexa2gll6hf6okdatgrxiwhcjs2uepc7/spack-src/src/H5VM.c line 1464 in H5VM_opvv(): can't perform operation
    major: Internal error (too specific to document in detail)
    minor: Can't operate on object
  #007: /scratch/spack_cpu/job_21700923/spack-stage/spack-stage-hdf5-1.10.7-xexa2gll6hf6okdatgrxiwhcjs2uepc7/spack-src/src/H5Dcontig.c line 1029 in H5D__contig_writevv_sieve_cb(): block write failed
    major: Dataset
    minor: Write failed
  #008: /scratch/spack_cpu/job_21700923/spack-stage/spack-stage-hdf5-1.10.7-xexa2gll6hf6okdatgrxiwhcjs2uepc7/spack-src/src/H5Fio.c line 161 in H5F_block_write(): write through page buffer failed
    major: Low-level I/O
    minor: Write failed
  #009: /scratch/spack_cpu/job_21700923/spack-stage/spack-stage-hdf5-1.10.7-xexa2gll6hf6okdatgrxiwhcjs2uepc7/spack-src/src/H5PB.c line 1032 in H5PB_write(): write through metadata accumulator failed
    major: Page Buffering
    minor: Write failed
  #010: /scratch/spack_cpu/job_21700923/spack-stage/spack-stage-hdf5-1.10.7-xexa2gll6hf6okdatgrxiwhcjs2uepc7/spack-src/src/H5Faccum.c line 824 in H5F__accum_write(): file write failed
    major: Low-level I/O
    minor: Write failed
  #011: /scratch/spack_cpu/job_21700923/spack-stage/spack-stage-hdf5-1.10.7-xexa2gll6hf6okdatgrxiwhcjs2uepc7/spack-src/src/H5FDint.c line 249 in H5FD_write(): driver write request failed
    major: Virtual File Layer
    minor: Write failed
  #012: /scratch/spack_cpu/job_21700923/spack-stage/spack-stage-hdf5-1.10.7-xexa2gll6hf6okdatgrxiwhcjs2uepc7/spack-src/src/H5FDsec2.c line 856 in H5FD__sec2_write(): file write failed: time = Wed Nov 19 08:19:16 2025
, filename = 'checkpoint.h5', file descriptor = 5, errno = 14, error message = 'Bad address', buf = 0x1555537c4000, total write size = 15969552, bytes this sub-write = 15969552, bytes actually written = 18446744073709551615, offset = 0
    major: Low-level I/O
    minor: Write failed
HDF5-DIAG: Error detected in HDF5 (1.10.7) thread 0:
  #000: /scratch/spack_cpu/job_21700923/spack-stage/spack-stage-hdf5-1.10.7-xexa2gll6hf6okdatgrxiwhcjs2uepc7/spack-src/src/H5Dio.c line 335 in H5Dwrite(): can't write data
    major: Dataset
    minor: Write failed
  #001: /scratch/spack_cpu/job_21700923/spack-stage/spack-stage-hdf5-1.10.7-xexa2gll6hf6okdatgrxiwhcjs2uepc7/spack-src/src/H5Dio.c line 813 in H5D__write(): can't write data
    major: Dataset
    minor: Write failed
  #002: /scratch/spack_cpu/job_21700923/spack-stage/spack-stage-hdf5-1.10.7-xexa2gll6hf6okdatgrxiwhcjs2uepc7/spack-src/src/H5Dcontig.c line 659 in H5D__contig_write(): contiguous write failed
    major: Dataset
    minor: Write failed
  #003: /scratch/spack_cpu/job_21700923/spack-stage/spack-stage-hdf5-1.10.7-xexa2gll6hf6okdatgrxiwhcjs2uepc7/spack-src/src/H5Dselect.c line 321 in H5D__select_write(): write error
    major: Dataspace
    minor: Write failed
  #004: /scratch/spack_cpu/job_21700923/spack-stage/spack-stage-hdf5-1.10.7-xexa2gll6hf6okdatgrxiwhcjs2uepc7/spack-src/src/H5Dselect.c line 230 in H5D__select_io(): write error
    major: Dataspace
    minor: Write failed
  #005: /scratch/spack_cpu/job_21700923/spack-stage/spack-stage-hdf5-1.10.7-xexa2gll6hf6okdatgrxiwhcjs2uepc7/spack-src/src/H5Dcontig.c line 1281 in H5D__contig_writevv(): can't perform vectorized sieve buffer write
    major: Dataset
    minor: Can't operate on object
  #006: /scratch/spack_cpu/job_21700923/spack-stage/spack-stage-hdf5-1.10.7-xexa2gll6hf6okdatgrxiwhcjs2uepc7/spack-src/src/H5VM.c line 1464 in H5VM_opvv(): can't perform operation
    major: Internal error (too specific to document in detail)
    minor: Can't operate on object
  #007: /scratch/spack_cpu/job_21700923/spack-stage/spack-stage-hdf5-1.10.7-xexa2gll6hf6okdatgrxiwhcjs2uepc7/spack-src/src/H5Dcontig.c line 1029 in H5D__contig_writevv_sieve_cb(): block write failed
    major: Dataset
    minor: Write failed
  #008: /scratch/spack_cpu/job_21700923/spack-stage/spack-stage-hdf5-1.10.7-xexa2gll6hf6okdatgrxiwhcjs2uepc7/spack-src/src/H5Fio.c line 161 in H5F_block_write(): write through page buffer failed
    major: Low-level I/O
    minor: Write failed
  #009: /scratch/spack_cpu/job_21700923/spack-stage/spack-stage-hdf5-1.10.7-xexa2gll6hf6okdatgrxiwhcjs2uepc7/spack-src/src/H5PB.c line 1032 in H5PB_write(): write through metadata accumulator failed
    major: Page Buffering
    minor: Write failed
  #010: /scratch/spack_cpu/job_21700923/spack-stage/spack-stage-hdf5-1.10.7-xexa2gll6hf6okdatgrxiwhcjs2uepc7/spack-src/src/H5Faccum.c line 824 in H5F__accum_write(): file write failed
    major: Low-level I/O
    minor: Write failed
  #011: /scratch/spack_cpu/job_21700923/spack-stage/spack-stage-hdf5-1.10.7-xexa2gll6hf6okdatgrxiwhcjs2uepc7/spack-src/src/H5FDint.c line 249 in H5FD_write(): driver write request failed
    major: Virtual File Layer
    minor: Write failed
  #012: /scratch/spack_cpu/job_21700923/spack-stage/spack-stage-hdf5-1.10.7-xexa2gll6hf6okdatgrxiwhcjs2uepc7/spack-src/src/H5FDsec2.c line 856 in H5FD__sec2_write(): file write failed: time = Wed Nov 19 08:19:24 2025
, filename = 'checkpoint.h5', file descriptor = 5, errno = 14, error message = 'Bad address', buf = 0x1555537c4000, total write size = 15969552, bytes this sub-write = 15969552, bytes actually written = 18446744073709551615, offset = 0
    major: Low-level I/O
    minor: Write failed
HDF5-DIAG: Error detected in HDF5 (1.10.7) thread 0:
  #000: /scratch/spack_cpu/job_21700923/spack-stage/spack-stage-hdf5-1.10.7-xexa2gll6hf6okdatgrxiwhcjs2uepc7/spack-src/src/H5Dio.c line 335 in H5Dwrite(): can't write data
    major: Dataset
    minor: Write failed
  #001: /scratch/spack_cpu/job_21700923/spack-stage/spack-stage-hdf5-1.10.7-xexa2gll6hf6okdatgrxiwhcjs2uepc7/spack-src/src/H5Dio.c line 813 in H5D__write(): can't write data
    major: Dataset
    minor: Write failed
  #002: /scratch/spack_cpu/job_21700923/spack-stage/spack-stage-hdf5-1.10.7-xexa2gll6hf6okdatgrxiwhcjs2uepc7/spack-src/src/H5Dcontig.c line 659 in H5D__contig_write(): contiguous write failed
    major: Dataset
    minor: Write failed
  #003: /scratch/spack_cpu/job_21700923/spack-stage/spack-stage-hdf5-1.10.7-xexa2gll6hf6okdatgrxiwhcjs2uepc7/spack-src/src/H5Dselect.c line 321 in H5D__select_write(): write error
    major: Dataspace
    minor: Write failed
  #004: /scratch/spack_cpu/job_21700923/spack-stage/spack-stage-hdf5-1.10.7-xexa2gll6hf6okdatgrxiwhcjs2uepc7/spack-src/src/H5Dselect.c line 230 in H5D__select_io(): write error
    major: Dataspace
    minor: Write failed
  #005: /scratch/spack_cpu/job_21700923/spack-stage/spack-stage-hdf5-1.10.7-xexa2gll6hf6okdatgrxiwhcjs2uepc7/spack-src/src/H5Dcontig.c line 1281 in H5D__contig_writevv(): can't perform vectorized sieve buffer write
    major: Dataset
    minor: Can't operate on object
  #006: /scratch/spack_cpu/job_21700923/spack-stage/spack-stage-hdf5-1.10.7-xexa2gll6hf6okdatgrxiwhcjs2uepc7/spack-src/src/H5VM.c line 1464 in H5VM_opvv(): can't perform operation
    major: Internal error (too specific to document in detail)
    minor: Can't operate on object
  #007: /scratch/spack_cpu/job_21700923/spack-stage/spack-stage-hdf5-1.10.7-xexa2gll6hf6okdatgrxiwhcjs2uepc7/spack-src/src/H5Dcontig.c line 1029 in H5D__contig_writevv_sieve_cb(): block write failed
    major: Dataset
    minor: Write failed
  #008: /scratch/spack_cpu/job_21700923/spack-stage/spack-stage-hdf5-1.10.7-xexa2gll6hf6okdatgrxiwhcjs2uepc7/spack-src/src/H5Fio.c line 161 in H5F_block_write(): write through page buffer failed
    major: Low-level I/O
    minor: Write failed
  #009: /scratch/spack_cpu/job_21700923/spack-stage/spack-stage-hdf5-1.10.7-xexa2gll6hf6okdatgrxiwhcjs2uepc7/spack-src/src/H5PB.c line 1032 in H5PB_write(): write through metadata accumulator failed
    major: Page Buffering
    minor: Write failed
  #010: /scratch/spack_cpu/job_21700923/spack-stage/spack-stage-hdf5-1.10.7-xexa2gll6hf6okdatgrxiwhcjs2uepc7/spack-src/src/H5Faccum.c line 824 in H5F__accum_write(): file write failed
    major: Low-level I/O
    minor: Write failed
  #011: /scratch/spack_cpu/job_21700923/spack-stage/spack-stage-hdf5-1.10.7-xexa2gll6hf6okdatgrxiwhcjs2uepc7/spack-src/src/H5FDint.c line 249 in H5FD_write(): driver write request failed
    major: Virtual File Layer
    minor: Write failed
  #012: /scratch/spack_cpu/job_21700923/spack-stage/spack-stage-hdf5-1.10.7-xexa2gll6hf6okdatgrxiwhcjs2uepc7/spack-src/src/H5FDsec2.c line 856 in H5FD__sec2_write(): file write failed: time = Wed Nov 19 08:19:33 2025
, filename = 'checkpoint.h5', file descriptor = 5, errno = 14, error message = 'Bad address', buf = 0x1555537c4000, total write size = 15969552, bytes this sub-write = 15969552, bytes actually written = 18446744073709551615, offset = 0
    major: Low-level I/O
    minor: Write failed
HDF5-DIAG: Error detected in HDF5 (1.10.7) thread 0:
  #000: /scratch/spack_cpu/job_21700923/spack-stage/spack-stage-hdf5-1.10.7-xexa2gll6hf6okdatgrxiwhcjs2uepc7/spack-src/src/H5Dio.c line 335 in H5Dwrite(): can't write data
    major: Dataset
    minor: Write failed
  #001: /scratch/spack_cpu/job_21700923/spack-stage/spack-stage-hdf5-1.10.7-xexa2gll6hf6okdatgrxiwhcjs2uepc7/spack-src/src/H5Dio.c line 813 in H5D__write(): can't write data
    major: Dataset
    minor: Write failed
  #002: /scratch/spack_cpu/job_21700923/spack-stage/spack-stage-hdf5-1.10.7-xexa2gll6hf6okdatgrxiwhcjs2uepc7/spack-src/src/H5Dcontig.c line 659 in H5D__contig_write(): contiguous write failed
    major: Dataset
    minor: Write failed
  #003: /scratch/spack_cpu/job_21700923/spack-stage/spack-stage-hdf5-1.10.7-xexa2gll6hf6okdatgrxiwhcjs2uepc7/spack-src/src/H5Dselect.c line 321 in H5D__select_write(): write error
    major: Dataspace
    minor: Write failed
  #004: /scratch/spack_cpu/job_21700923/spack-stage/spack-stage-hdf5-1.10.7-xexa2gll6hf6okdatgrxiwhcjs2uepc7/spack-src/src/H5Dselect.c line 230 in H5D__select_io(): write error
    major: Dataspace
    minor: Write failed
  #005: /scratch/spack_cpu/job_21700923/spack-stage/spack-stage-hdf5-1.10.7-xexa2gll6hf6okdatgrxiwhcjs2uepc7/spack-src/src/H5Dcontig.c line 1281 in H5D__contig_writevv(): can't perform vectorized sieve buffer write
    major: Dataset
    minor: Can't operate on object
  #006: /scratch/spack_cpu/job_21700923/spack-stage/spack-stage-hdf5-1.10.7-xexa2gll6hf6okdatgrxiwhcjs2uepc7/spack-src/src/H5VM.c line 1464 in H5VM_opvv(): can't perform operation
    major: Internal error (too specific to document in detail)
    minor: Can't operate on object
  #007: /scratch/spack_cpu/job_21700923/spack-stage/spack-stage-hdf5-1.10.7-xexa2gll6hf6okdatgrxiwhcjs2uepc7/spack-src/src/H5Dcontig.c line 1029 in H5D__contig_writevv_sieve_cb(): block write failed
    major: Dataset
    minor: Write failed
  #008: /scratch/spack_cpu/job_21700923/spack-stage/spack-stage-hdf5-1.10.7-xexa2gll6hf6okdatgrxiwhcjs2uepc7/spack-src/src/H5Fio.c line 161 in H5F_block_write(): write through page buffer failed
    major: Low-level I/O
    minor: Write failed
  #009: /scratch/spack_cpu/job_21700923/spack-stage/spack-stage-hdf5-1.10.7-xexa2gll6hf6okdatgrxiwhcjs2uepc7/spack-src/src/H5PB.c line 1032 in H5PB_write(): write through metadata accumulator failed
    major: Page Buffering
    minor: Write failed
  #010: /scratch/spack_cpu/job_21700923/spack-stage/spack-stage-hdf5-1.10.7-xexa2gll6hf6okdatgrxiwhcjs2uepc7/spack-src/src/H5Faccum.c line 824 in H5F__accum_write(): file write failed
    major: Low-level I/O
    minor: Write failed
  #011: /scratch/spack_cpu/job_21700923/spack-stage/spack-stage-hdf5-1.10.7-xexa2gll6hf6okdatgrxiwhcjs2uepc7/spack-src/src/H5FDint.c line 249 in H5FD_write(): driver write request failed
    major: Virtual File Layer
    minor: Write failed
  #012: /scratch/spack_cpu/job_21700923/spack-stage/spack-stage-hdf5-1.10.7-xexa2gll6hf6okdatgrxiwhcjs2uepc7/spack-src/src/H5FDsec2.c line 856 in H5FD__sec2_write(): file write failed: time = Wed Nov 19 08:19:42 2025
, filename = 'checkpoint.h5', file descriptor = 5, errno = 14, error message = 'Bad address', buf = 0x1555537c4000, total write size = 15969552, bytes this sub-write = 15969552, bytes actually written = 18446744073709551615, offset = 0
    major: Low-level I/O
    minor: Write failed
HDF5-DIAG: Error detected in HDF5 (1.10.7) thread 0:
  #000: /scratch/spack_cpu/job_21700923/spack-stage/spack-stage-hdf5-1.10.7-xexa2gll6hf6okdatgrxiwhcjs2uepc7/spack-src/src/H5Dio.c line 335 in H5Dwrite(): can't write data
    major: Dataset
    minor: Write failed
  #001: /scratch/spack_cpu/job_21700923/spack-stage/spack-stage-hdf5-1.10.7-xexa2gll6hf6okdatgrxiwhcjs2uepc7/spack-src/src/H5Dio.c line 813 in H5D__write(): can't write data
    major: Dataset
    minor: Write failed
  #002: /scratch/spack_cpu/job_21700923/spack-stage/spack-stage-hdf5-1.10.7-xexa2gll6hf6okdatgrxiwhcjs2uepc7/spack-src/src/H5Dcontig.c line 659 in H5D__contig_write(): contiguous write failed
    major: Dataset
    minor: Write failed
  #003: /scratch/spack_cpu/job_21700923/spack-stage/spack-stage-hdf5-1.10.7-xexa2gll6hf6okdatgrxiwhcjs2uepc7/spack-src/src/H5Dselect.c line 321 in H5D__select_write(): write error
    major: Dataspace
    minor: Write failed
  #004: /scratch/spack_cpu/job_21700923/spack-stage/spack-stage-hdf5-1.10.7-xexa2gll6hf6okdatgrxiwhcjs2uepc7/spack-src/src/H5Dselect.c line 230 in H5D__select_io(): write error
    major: Dataspace
    minor: Write failed
  #005: /scratch/spack_cpu/job_21700923/spack-stage/spack-stage-hdf5-1.10.7-xexa2gll6hf6okdatgrxiwhcjs2uepc7/spack-src/src/H5Dcontig.c line 1281 in H5D__contig_writevv(): can't perform vectorized sieve buffer write
    major: Dataset
    minor: Can't operate on object
  #006: /scratch/spack_cpu/job_21700923/spack-stage/spack-stage-hdf5-1.10.7-xexa2gll6hf6okdatgrxiwhcjs2uepc7/spack-src/src/H5VM.c line 1464 in H5VM_opvv(): can't perform operation
    major: Internal error (too specific to document in detail)
    minor: Can't operate on object
  #007: /scratch/spack_cpu/job_21700923/spack-stage/spack-stage-hdf5-1.10.7-xexa2gll6hf6okdatgrxiwhcjs2uepc7/spack-src/src/H5Dcontig.c line 1029 in H5D__contig_writevv_sieve_cb(): block write failed
    major: Dataset
    minor: Write failed
  #008: /scratch/spack_cpu/job_21700923/spack-stage/spack-stage-hdf5-1.10.7-xexa2gll6hf6okdatgrxiwhcjs2uepc7/spack-src/src/H5Fio.c line 161 in H5F_block_write(): write through page buffer failed
    major: Low-level I/O
    minor: Write failed
  #009: /scratch/spack_cpu/job_21700923/spack-stage/spack-stage-hdf5-1.10.7-xexa2gll6hf6okdatgrxiwhcjs2uepc7/spack-src/src/H5PB.c line 1032 in H5PB_write(): write through metadata accumulator failed
    major: Page Buffering
    minor: Write failed
  #010: /scratch/spack_cpu/job_21700923/spack-stage/spack-stage-hdf5-1.10.7-xexa2gll6hf6okdatgrxiwhcjs2uepc7/spack-src/src/H5Faccum.c line 824 in H5F__accum_write(): file write failed
    major: Low-level I/O
    minor: Write failed
  #011: /scratch/spack_cpu/job_21700923/spack-stage/spack-stage-hdf5-1.10.7-xexa2gll6hf6okdatgrxiwhcjs2uepc7/spack-src/src/H5FDint.c line 249 in H5FD_write(): driver write request failed
    major: Virtual File Layer
    minor: Write failed
  #012: /scratch/spack_cpu/job_21700923/spack-stage/spack-stage-hdf5-1.10.7-xexa2gll6hf6okdatgrxiwhcjs2uepc7/spack-src/src/H5FDsec2.c line 856 in H5FD__sec2_write(): file write failed: time = Wed Nov 19 08:19:50 2025
, filename = 'checkpoint.h5', file descriptor = 5, errno = 14, error message = 'Bad address', buf = 0x1555537c4000, total write size = 15969552, bytes this sub-write = 15969552, bytes actually written = 18446744073709551615, offset = 0
    major: Low-level I/O
    minor: Write failed
HDF5-DIAG: Error detected in HDF5 (1.10.7) thread 0:
  #000: /scratch/spack_cpu/job_21700923/spack-stage/spack-stage-hdf5-1.10.7-xexa2gll6hf6okdatgrxiwhcjs2uepc7/spack-src/src/H5Dio.c line 335 in H5Dwrite(): can't write data
    major: Dataset
    minor: Write failed
  #001: /scratch/spack_cpu/job_21700923/spack-stage/spack-stage-hdf5-1.10.7-xexa2gll6hf6okdatgrxiwhcjs2uepc7/spack-src/src/H5Dio.c line 813 in H5D__write(): can't write data
    major: Dataset
    minor: Write failed
  #002: /scratch/spack_cpu/job_21700923/spack-stage/spack-stage-hdf5-1.10.7-xexa2gll6hf6okdatgrxiwhcjs2uepc7/spack-src/src/H5Dcontig.c line 659 in H5D__contig_write(): contiguous write failed
    major: Dataset
    minor: Write failed
  #003: /scratch/spack_cpu/job_21700923/spack-stage/spack-stage-hdf5-1.10.7-xexa2gll6hf6okdatgrxiwhcjs2uepc7/spack-src/src/H5Dselect.c line 321 in H5D__select_write(): write error
    major: Dataspace
    minor: Write failed
  #004: /scratch/spack_cpu/job_21700923/spack-stage/spack-stage-hdf5-1.10.7-xexa2gll6hf6okdatgrxiwhcjs2uepc7/spack-src/src/H5Dselect.c line 230 in H5D__select_io(): write error
    major: Dataspace
    minor: Write failed
  #005: /scratch/spack_cpu/job_21700923/spack-stage/spack-stage-hdf5-1.10.7-xexa2gll6hf6okdatgrxiwhcjs2uepc7/spack-src/src/H5Dcontig.c line 1281 in H5D__contig_writevv(): can't perform vectorized sieve buffer write
    major: Dataset
    minor: Can't operate on object
  #006: /scratch/spack_cpu/job_21700923/spack-stage/spack-stage-hdf5-1.10.7-xexa2gll6hf6okdatgrxiwhcjs2uepc7/spack-src/src/H5VM.c line 1464 in H5VM_opvv(): can't perform operation
    major: Internal error (too specific to document in detail)
    minor: Can't operate on object
  #007: /scratch/spack_cpu/job_21700923/spack-stage/spack-stage-hdf5-1.10.7-xexa2gll6hf6okdatgrxiwhcjs2uepc7/spack-src/src/H5Dcontig.c line 1029 in H5D__contig_writevv_sieve_cb(): block write failed
    major: Dataset
    minor: Write failed
  #008: /scratch/spack_cpu/job_21700923/spack-stage/spack-stage-hdf5-1.10.7-xexa2gll6hf6okdatgrxiwhcjs2uepc7/spack-src/src/H5Fio.c line 161 in H5F_block_write(): write through page buffer failed
    major: Low-level I/O
    minor: Write failed
  #009: /scratch/spack_cpu/job_21700923/spack-stage/spack-stage-hdf5-1.10.7-xexa2gll6hf6okdatgrxiwhcjs2uepc7/spack-src/src/H5PB.c line 1032 in H5PB_write(): write through metadata accumulator failed
    major: Page Buffering
    minor: Write failed
  #010: /scratch/spack_cpu/job_21700923/spack-stage/spack-stage-hdf5-1.10.7-xexa2gll6hf6okdatgrxiwhcjs2uepc7/spack-src/src/H5Faccum.c line 824 in H5F__accum_write(): file write failed
    major: Low-level I/O
    minor: Write failed
  #011: /scratch/spack_cpu/job_21700923/spack-stage/spack-stage-hdf5-1.10.7-xexa2gll6hf6okdatgrxiwhcjs2uepc7/spack-src/src/H5FDint.c line 249 in H5FD_write(): driver write request failed
    major: Virtual File Layer
    minor: Write failed
  #012: /scratch/spack_cpu/job_21700923/spack-stage/spack-stage-hdf5-1.10.7-xexa2gll6hf6okdatgrxiwhcjs2uepc7/spack-src/src/H5FDsec2.c line 856 in H5FD__sec2_write(): file write failed: time = Wed Nov 19 08:19:59 2025
, filename = 'checkpoint.h5', file descriptor = 5, errno = 14, error message = 'Bad address', buf = 0x1555537c4000, total write size = 15969552, bytes this sub-write = 15969552, bytes actually written = 18446744073709551615, offset = 0
    major: Low-level I/O
    minor: Write failed
HDF5-DIAG: Error detected in HDF5 (1.10.7) thread 0:
  #000: /scratch/spack_cpu/job_21700923/spack-stage/spack-stage-hdf5-1.10.7-xexa2gll6hf6okdatgrxiwhcjs2uepc7/spack-src/src/H5Dio.c line 335 in H5Dwrite(): can't write data
    major: Dataset
    minor: Write failed
  #001: /scratch/spack_cpu/job_21700923/spack-stage/spack-stage-hdf5-1.10.7-xexa2gll6hf6okdatgrxiwhcjs2uepc7/spack-src/src/H5Dio.c line 813 in H5D__write(): can't write data
    major: Dataset
    minor: Write failed
  #002: /scratch/spack_cpu/job_21700923/spack-stage/spack-stage-hdf5-1.10.7-xexa2gll6hf6okdatgrxiwhcjs2uepc7/spack-src/src/H5Dcontig.c line 659 in H5D__contig_write(): contiguous write failed
    major: Dataset
    minor: Write failed
  #003: /scratch/spack_cpu/job_21700923/spack-stage/spack-stage-hdf5-1.10.7-xexa2gll6hf6okdatgrxiwhcjs2uepc7/spack-src/src/H5Dselect.c line 321 in H5D__select_write(): write error
    major: Dataspace
    minor: Write failed
  #004: /scratch/spack_cpu/job_21700923/spack-stage/spack-stage-hdf5-1.10.7-xexa2gll6hf6okdatgrxiwhcjs2uepc7/spack-src/src/H5Dselect.c line 230 in H5D__select_io(): write error
    major: Dataspace
    minor: Write failed
  #005: /scratch/spack_cpu/job_21700923/spack-stage/spack-stage-hdf5-1.10.7-xexa2gll6hf6okdatgrxiwhcjs2uepc7/spack-src/src/H5Dcontig.c line 1281 in H5D__contig_writevv(): can't perform vectorized sieve buffer write
    major: Dataset
    minor: Can't operate on object
  #006: /scratch/spack_cpu/job_21700923/spack-stage/spack-stage-hdf5-1.10.7-xexa2gll6hf6okdatgrxiwhcjs2uepc7/spack-src/src/H5VM.c line 1464 in H5VM_opvv(): can't perform operation
    major: Internal error (too specific to document in detail)
    minor: Can't operate on object
  #007: /scratch/spack_cpu/job_21700923/spack-stage/spack-stage-hdf5-1.10.7-xexa2gll6hf6okdatgrxiwhcjs2uepc7/spack-src/src/H5Dcontig.c line 1029 in H5D__contig_writevv_sieve_cb(): block write failed
    major: Dataset
    minor: Write failed
  #008: /scratch/spack_cpu/job_21700923/spack-stage/spack-stage-hdf5-1.10.7-xexa2gll6hf6okdatgrxiwhcjs2uepc7/spack-src/src/H5Fio.c line 161 in H5F_block_write(): write through page buffer failed
    major: Low-level I/O
    minor: Write failed
  #009: /scratch/spack_cpu/job_21700923/spack-stage/spack-stage-hdf5-1.10.7-xexa2gll6hf6okdatgrxiwhcjs2uepc7/spack-src/src/H5PB.c line 1032 in H5PB_write(): write through metadata accumulator failed
    major: Page Buffering
    minor: Write failed
  #010: /scratch/spack_cpu/job_21700923/spack-stage/spack-stage-hdf5-1.10.7-xexa2gll6hf6okdatgrxiwhcjs2uepc7/spack-src/src/H5Faccum.c line 824 in H5F__accum_write(): file write failed
    major: Low-level I/O
    minor: Write failed
  #011: /scratch/spack_cpu/job_21700923/spack-stage/spack-stage-hdf5-1.10.7-xexa2gll6hf6okdatgrxiwhcjs2uepc7/spack-src/src/H5FDint.c line 249 in H5FD_write(): driver write request failed
    major: Virtual File Layer
    minor: Write failed
  #012: /scratch/spack_cpu/job_21700923/spack-stage/spack-stage-hdf5-1.10.7-xexa2gll6hf6okdatgrxiwhcjs2uepc7/spack-src/src/H5FDsec2.c line 856 in H5FD__sec2_write(): file write failed: time = Wed Nov 19 08:20:07 2025
, filename = 'checkpoint.h5', file descriptor = 5, errno = 14, error message = 'Bad address', buf = 0x1555537c4000, total write size = 15969552, bytes this sub-write = 15969552, bytes actually written = 18446744073709551615, offset = 0
    major: Low-level I/O
    minor: Write failed
HDF5-DIAG: Error detected in HDF5 (1.10.7) thread 0:
  #000: /scratch/spack_cpu/job_21700923/spack-stage/spack-stage-hdf5-1.10.7-xexa2gll6hf6okdatgrxiwhcjs2uepc7/spack-src/src/H5Dio.c line 335 in H5Dwrite(): can't write data
    major: Dataset
    minor: Write failed
  #001: /scratch/spack_cpu/job_21700923/spack-stage/spack-stage-hdf5-1.10.7-xexa2gll6hf6okdatgrxiwhcjs2uepc7/spack-src/src/H5Dio.c line 813 in H5D__write(): can't write data
    major: Dataset
    minor: Write failed
  #002: /scratch/spack_cpu/job_21700923/spack-stage/spack-stage-hdf5-1.10.7-xexa2gll6hf6okdatgrxiwhcjs2uepc7/spack-src/src/H5Dcontig.c line 659 in H5D__contig_write(): contiguous write failed
    major: Dataset
    minor: Write failed
  #003: /scratch/spack_cpu/job_21700923/spack-stage/spack-stage-hdf5-1.10.7-xexa2gll6hf6okdatgrxiwhcjs2uepc7/spack-src/src/H5Dselect.c line 321 in H5D__select_write(): write error
    major: Dataspace
    minor: Write failed
  #004: /scratch/spack_cpu/job_21700923/spack-stage/spack-stage-hdf5-1.10.7-xexa2gll6hf6okdatgrxiwhcjs2uepc7/spack-src/src/H5Dselect.c line 230 in H5D__select_io(): write error
    major: Dataspace
    minor: Write failed
  #005: /scratch/spack_cpu/job_21700923/spack-stage/spack-stage-hdf5-1.10.7-xexa2gll6hf6okdatgrxiwhcjs2uepc7/spack-src/src/H5Dcontig.c line 1281 in H5D__contig_writevv(): can't perform vectorized sieve buffer write
    major: Dataset
    minor: Can't operate on object
  #006: /scratch/spack_cpu/job_21700923/spack-stage/spack-stage-hdf5-1.10.7-xexa2gll6hf6okdatgrxiwhcjs2uepc7/spack-src/src/H5VM.c line 1464 in H5VM_opvv(): can't perform operation
    major: Internal error (too specific to document in detail)
    minor: Can't operate on object
  #007: /scratch/spack_cpu/job_21700923/spack-stage/spack-stage-hdf5-1.10.7-xexa2gll6hf6okdatgrxiwhcjs2uepc7/spack-src/src/H5Dcontig.c line 1029 in H5D__contig_writevv_sieve_cb(): block write failed
    major: Dataset
    minor: Write failed
  #008: /scratch/spack_cpu/job_21700923/spack-stage/spack-stage-hdf5-1.10.7-xexa2gll6hf6okdatgrxiwhcjs2uepc7/spack-src/src/H5Fio.c line 161 in H5F_block_write(): write through page buffer failed
    major: Low-level I/O
    minor: Write failed
  #009: /scratch/spack_cpu/job_21700923/spack-stage/spack-stage-hdf5-1.10.7-xexa2gll6hf6okdatgrxiwhcjs2uepc7/spack-src/src/H5PB.c line 1032 in H5PB_write(): write through metadata accumulator failed
    major: Page Buffering
    minor: Write failed
  #010: /scratch/spack_cpu/job_21700923/spack-stage/spack-stage-hdf5-1.10.7-xexa2gll6hf6okdatgrxiwhcjs2uepc7/spack-src/src/H5Faccum.c line 824 in H5F__accum_write(): file write failed
    major: Low-level I/O
    minor: Write failed
  #011: /scratch/spack_cpu/job_21700923/spack-stage/spack-stage-hdf5-1.10.7-xexa2gll6hf6okdatgrxiwhcjs2uepc7/spack-src/src/H5FDint.c line 249 in H5FD_write(): driver write request failed
    major: Virtual File Layer
    minor: Write failed
  #012: /scratch/spack_cpu/job_21700923/spack-stage/spack-stage-hdf5-1.10.7-xexa2gll6hf6okdatgrxiwhcjs2uepc7/spack-src/src/H5FDsec2.c line 856 in H5FD__sec2_write(): file write failed: time = Wed Nov 19 08:20:16 2025
, filename = 'checkpoint.h5', file descriptor = 5, errno = 14, error message = 'Bad address', buf = 0x1555537c4000, total write size = 15969552, bytes this sub-write = 15969552, bytes actually written = 18446744073709551615, offset = 0
    major: Low-level I/O
    minor: Write failed
HDF5-DIAG: Error detected in HDF5 (1.10.7) thread 0:
  #000: /scratch/spack_cpu/job_21700923/spack-stage/spack-stage-hdf5-1.10.7-xexa2gll6hf6okdatgrxiwhcjs2uepc7/spack-src/src/H5Dio.c line 335 in H5Dwrite(): can't write data
    major: Dataset
    minor: Write failed
  #001: /scratch/spack_cpu/job_21700923/spack-stage/spack-stage-hdf5-1.10.7-xexa2gll6hf6okdatgrxiwhcjs2uepc7/spack-src/src/H5Dio.c line 813 in H5D__write(): can't write data
    major: Dataset
    minor: Write failed
  #002: /scratch/spack_cpu/job_21700923/spack-stage/spack-stage-hdf5-1.10.7-xexa2gll6hf6okdatgrxiwhcjs2uepc7/spack-src/src/H5Dcontig.c line 659 in H5D__contig_write(): contiguous write failed
    major: Dataset
    minor: Write failed
  #003: /scratch/spack_cpu/job_21700923/spack-stage/spack-stage-hdf5-1.10.7-xexa2gll6hf6okdatgrxiwhcjs2uepc7/spack-src/src/H5Dselect.c line 321 in H5D__select_write(): write error
    major: Dataspace
    minor: Write failed
  #004: /scratch/spack_cpu/job_21700923/spack-stage/spack-stage-hdf5-1.10.7-xexa2gll6hf6okdatgrxiwhcjs2uepc7/spack-src/src/H5Dselect.c line 230 in H5D__select_io(): write error
    major: Dataspace
    minor: Write failed
  #005: /scratch/spack_cpu/job_21700923/spack-stage/spack-stage-hdf5-1.10.7-xexa2gll6hf6okdatgrxiwhcjs2uepc7/spack-src/src/H5Dcontig.c line 1281 in H5D__contig_writevv(): can't perform vectorized sieve buffer write
    major: Dataset
    minor: Can't operate on object
  #006: /scratch/spack_cpu/job_21700923/spack-stage/spack-stage-hdf5-1.10.7-xexa2gll6hf6okdatgrxiwhcjs2uepc7/spack-src/src/H5VM.c line 1464 in H5VM_opvv(): can't perform operation
    major: Internal error (too specific to document in detail)
    minor: Can't operate on object
  #007: /scratch/spack_cpu/job_21700923/spack-stage/spack-stage-hdf5-1.10.7-xexa2gll6hf6okdatgrxiwhcjs2uepc7/spack-src/src/H5Dcontig.c line 1029 in H5D__contig_writevv_sieve_cb(): block write failed
    major: Dataset
    minor: Write failed
  #008: /scratch/spack_cpu/job_21700923/spack-stage/spack-stage-hdf5-1.10.7-xexa2gll6hf6okdatgrxiwhcjs2uepc7/spack-src/src/H5Fio.c line 161 in H5F_block_write(): write through page buffer failed
    major: Low-level I/O
    minor: Write failed
  #009: /scratch/spack_cpu/job_21700923/spack-stage/spack-stage-hdf5-1.10.7-xexa2gll6hf6okdatgrxiwhcjs2uepc7/spack-src/src/H5PB.c line 1032 in H5PB_write(): write through metadata accumulator failed
    major: Page Buffering
    minor: Write failed
  #010: /scratch/spack_cpu/job_21700923/spack-stage/spack-stage-hdf5-1.10.7-xexa2gll6hf6okdatgrxiwhcjs2uepc7/spack-src/src/H5Faccum.c line 824 in H5F__accum_write(): file write failed
    major: Low-level I/O
    minor: Write failed
  #011: /scratch/spack_cpu/job_21700923/spack-stage/spack-stage-hdf5-1.10.7-xexa2gll6hf6okdatgrxiwhcjs2uepc7/spack-src/src/H5FDint.c line 249 in H5FD_write(): driver write request failed
    major: Virtual File Layer
    minor: Write failed
  #012: /scratch/spack_cpu/job_21700923/spack-stage/spack-stage-hdf5-1.10.7-xexa2gll6hf6okdatgrxiwhcjs2uepc7/spack-src/src/H5FDsec2.c line 856 in H5FD__sec2_write(): file write failed: time = Wed Nov 19 08:20:24 2025
, filename = 'checkpoint.h5', file descriptor = 5, errno = 14, error message = 'Bad address', buf = 0x1555537c4000, total write size = 15969552, bytes this sub-write = 15969552, bytes actually written = 18446744073709551615, offset = 0
    major: Low-level I/O
    minor: Write failed
HDF5-DIAG: Error detected in HDF5 (1.10.7) thread 0:
  #000: /scratch/spack_cpu/job_21700923/spack-stage/spack-stage-hdf5-1.10.7-xexa2gll6hf6okdatgrxiwhcjs2uepc7/spack-src/src/H5Dio.c line 335 in H5Dwrite(): can't write data
    major: Dataset
    minor: Write failed
  #001: /scratch/spack_cpu/job_21700923/spack-stage/spack-stage-hdf5-1.10.7-xexa2gll6hf6okdatgrxiwhcjs2uepc7/spack-src/src/H5Dio.c line 813 in H5D__write(): can't write data
    major: Dataset
    minor: Write failed
  #002: /scratch/spack_cpu/job_21700923/spack-stage/spack-stage-hdf5-1.10.7-xexa2gll6hf6okdatgrxiwhcjs2uepc7/spack-src/src/H5Dcontig.c line 659 in H5D__contig_write(): contiguous write failed
    major: Dataset
    minor: Write failed
  #003: /scratch/spack_cpu/job_21700923/spack-stage/spack-stage-hdf5-1.10.7-xexa2gll6hf6okdatgrxiwhcjs2uepc7/spack-src/src/H5Dselect.c line 321 in H5D__select_write(): write error
    major: Dataspace
    minor: Write failed
  #004: /scratch/spack_cpu/job_21700923/spack-stage/spack-stage-hdf5-1.10.7-xexa2gll6hf6okdatgrxiwhcjs2uepc7/spack-src/src/H5Dselect.c line 230 in H5D__select_io(): write error
    major: Dataspace
    minor: Write failed
  #005: /scratch/spack_cpu/job_21700923/spack-stage/spack-stage-hdf5-1.10.7-xexa2gll6hf6okdatgrxiwhcjs2uepc7/spack-src/src/H5Dcontig.c line 1281 in H5D__contig_writevv(): can't perform vectorized sieve buffer write
    major: Dataset
    minor: Can't operate on object
  #006: /scratch/spack_cpu/job_21700923/spack-stage/spack-stage-hdf5-1.10.7-xexa2gll6hf6okdatgrxiwhcjs2uepc7/spack-src/src/H5VM.c line 1464 in H5VM_opvv(): can't perform operation
    major: Internal error (too specific to document in detail)
    minor: Can't operate on object
  #007: /scratch/spack_cpu/job_21700923/spack-stage/spack-stage-hdf5-1.10.7-xexa2gll6hf6okdatgrxiwhcjs2uepc7/spack-src/src/H5Dcontig.c line 1029 in H5D__contig_writevv_sieve_cb(): block write failed
    major: Dataset
    minor: Write failed
  #008: /scratch/spack_cpu/job_21700923/spack-stage/spack-stage-hdf5-1.10.7-xexa2gll6hf6okdatgrxiwhcjs2uepc7/spack-src/src/H5Fio.c line 161 in H5F_block_write(): write through page buffer failed
    major: Low-level I/O
    minor: Write failed
  #009: /scratch/spack_cpu/job_21700923/spack-stage/spack-stage-hdf5-1.10.7-xexa2gll6hf6okdatgrxiwhcjs2uepc7/spack-src/src/H5PB.c line 1032 in H5PB_write(): write through metadata accumulator failed
    major: Page Buffering
    minor: Write failed
  #010: /scratch/spack_cpu/job_21700923/spack-stage/spack-stage-hdf5-1.10.7-xexa2gll6hf6okdatgrxiwhcjs2uepc7/spack-src/src/H5Faccum.c line 824 in H5F__accum_write(): file write failed
    major: Low-level I/O
    minor: Write failed
  #011: /scratch/spack_cpu/job_21700923/spack-stage/spack-stage-hdf5-1.10.7-xexa2gll6hf6okdatgrxiwhcjs2uepc7/spack-src/src/H5FDint.c line 249 in H5FD_write(): driver write request failed
    major: Virtual File Layer
    minor: Write failed
  #012: /scratch/spack_cpu/job_21700923/spack-stage/spack-stage-hdf5-1.10.7-xexa2gll6hf6okdatgrxiwhcjs2uepc7/spack-src/src/H5FDsec2.c line 856 in H5FD__sec2_write(): file write failed: time = Wed Nov 19 08:20:33 2025
, filename = 'checkpoint.h5', file descriptor = 5, errno = 14, error message = 'Bad address', buf = 0x1555537c4000, total write size = 15969552, bytes this sub-write = 15969552, bytes actually written = 18446744073709551615, offset = 0
    major: Low-level I/O
    minor: Write failed
HDF5-DIAG: Error detected in HDF5 (1.10.7) thread 0:
  #000: /scratch/spack_cpu/job_21700923/spack-stage/spack-stage-hdf5-1.10.7-xexa2gll6hf6okdatgrxiwhcjs2uepc7/spack-src/src/H5Dio.c line 335 in H5Dwrite(): can't write data
    major: Dataset
    minor: Write failed
  #001: /scratch/spack_cpu/job_21700923/spack-stage/spack-stage-hdf5-1.10.7-xexa2gll6hf6okdatgrxiwhcjs2uepc7/spack-src/src/H5Dio.c line 813 in H5D__write(): can't write data
    major: Dataset
    minor: Write failed
  #002: /scratch/spack_cpu/job_21700923/spack-stage/spack-stage-hdf5-1.10.7-xexa2gll6hf6okdatgrxiwhcjs2uepc7/spack-src/src/H5Dcontig.c line 659 in H5D__contig_write(): contiguous write failed
    major: Dataset
    minor: Write failed
  #003: /scratch/spack_cpu/job_21700923/spack-stage/spack-stage-hdf5-1.10.7-xexa2gll6hf6okdatgrxiwhcjs2uepc7/spack-src/src/H5Dselect.c line 321 in H5D__select_write(): write error
    major: Dataspace
    minor: Write failed
  #004: /scratch/spack_cpu/job_21700923/spack-stage/spack-stage-hdf5-1.10.7-xexa2gll6hf6okdatgrxiwhcjs2uepc7/spack-src/src/H5Dselect.c line 230 in H5D__select_io(): write error
    major: Dataspace
    minor: Write failed
  #005: /scratch/spack_cpu/job_21700923/spack-stage/spack-stage-hdf5-1.10.7-xexa2gll6hf6okdatgrxiwhcjs2uepc7/spack-src/src/H5Dcontig.c line 1281 in H5D__contig_writevv(): can't perform vectorized sieve buffer write
    major: Dataset
    minor: Can't operate on object
  #006: /scratch/spack_cpu/job_21700923/spack-stage/spack-stage-hdf5-1.10.7-xexa2gll6hf6okdatgrxiwhcjs2uepc7/spack-src/src/H5VM.c line 1464 in H5VM_opvv(): can't perform operation
    major: Internal error (too specific to document in detail)
    minor: Can't operate on object
  #007: /scratch/spack_cpu/job_21700923/spack-stage/spack-stage-hdf5-1.10.7-xexa2gll6hf6okdatgrxiwhcjs2uepc7/spack-src/src/H5Dcontig.c line 1029 in H5D__contig_writevv_sieve_cb(): block write failed
    major: Dataset
    minor: Write failed
  #008: /scratch/spack_cpu/job_21700923/spack-stage/spack-stage-hdf5-1.10.7-xexa2gll6hf6okdatgrxiwhcjs2uepc7/spack-src/src/H5Fio.c line 161 in H5F_block_write(): write through page buffer failed
    major: Low-level I/O
    minor: Write failed
  #009: /scratch/spack_cpu/job_21700923/spack-stage/spack-stage-hdf5-1.10.7-xexa2gll6hf6okdatgrxiwhcjs2uepc7/spack-src/src/H5PB.c line 1032 in H5PB_write(): write through metadata accumulator failed
    major: Page Buffering
    minor: Write failed
  #010: /scratch/spack_cpu/job_21700923/spack-stage/spack-stage-hdf5-1.10.7-xexa2gll6hf6okdatgrxiwhcjs2uepc7/spack-src/src/H5Faccum.c line 824 in H5F__accum_write(): file write failed
    major: Low-level I/O
    minor: Write failed
  #011: /scratch/spack_cpu/job_21700923/spack-stage/spack-stage-hdf5-1.10.7-xexa2gll6hf6okdatgrxiwhcjs2uepc7/spack-src/src/H5FDint.c line 249 in H5FD_write(): driver write request failed
    major: Virtual File Layer
    minor: Write failed
  #012: /scratch/spack_cpu/job_21700923/spack-stage/spack-stage-hdf5-1.10.7-xexa2gll6hf6okdatgrxiwhcjs2uepc7/spack-src/src/H5FDsec2.c line 856 in H5FD__sec2_write(): file write failed: time = Wed Nov 19 08:20:41 2025
, filename = 'checkpoint.h5', file descriptor = 5, errno = 14, error message = 'Bad address', buf = 0x1555537c4000, total write size = 15969552, bytes this sub-write = 15969552, bytes actually written = 18446744073709551615, offset = 0
    major: Low-level I/O
    minor: Write failed
HDF5-DIAG: Error detected in HDF5 (1.10.7) thread 0:
  #000: /scratch/spack_cpu/job_21700923/spack-stage/spack-stage-hdf5-1.10.7-xexa2gll6hf6okdatgrxiwhcjs2uepc7/spack-src/src/H5Dio.c line 335 in H5Dwrite(): can't write data
    major: Dataset
    minor: Write failed
  #001: /scratch/spack_cpu/job_21700923/spack-stage/spack-stage-hdf5-1.10.7-xexa2gll6hf6okdatgrxiwhcjs2uepc7/spack-src/src/H5Dio.c line 813 in H5D__write(): can't write data
    major: Dataset
    minor: Write failed
  #002: /scratch/spack_cpu/job_21700923/spack-stage/spack-stage-hdf5-1.10.7-xexa2gll6hf6okdatgrxiwhcjs2uepc7/spack-src/src/H5Dcontig.c line 659 in H5D__contig_write(): contiguous write failed
    major: Dataset
    minor: Write failed
  #003: /scratch/spack_cpu/job_21700923/spack-stage/spack-stage-hdf5-1.10.7-xexa2gll6hf6okdatgrxiwhcjs2uepc7/spack-src/src/H5Dselect.c line 321 in H5D__select_write(): write error
    major: Dataspace
    minor: Write failed
  #004: /scratch/spack_cpu/job_21700923/spack-stage/spack-stage-hdf5-1.10.7-xexa2gll6hf6okdatgrxiwhcjs2uepc7/spack-src/src/H5Dselect.c line 230 in H5D__select_io(): write error
    major: Dataspace
    minor: Write failed
  #005: /scratch/spack_cpu/job_21700923/spack-stage/spack-stage-hdf5-1.10.7-xexa2gll6hf6okdatgrxiwhcjs2uepc7/spack-src/src/H5Dcontig.c line 1281 in H5D__contig_writevv(): can't perform vectorized sieve buffer write
    major: Dataset
    minor: Can't operate on object
  #006: /scratch/spack_cpu/job_21700923/spack-stage/spack-stage-hdf5-1.10.7-xexa2gll6hf6okdatgrxiwhcjs2uepc7/spack-src/src/H5VM.c line 1464 in H5VM_opvv(): can't perform operation
    major: Internal error (too specific to document in detail)
    minor: Can't operate on object
  #007: /scratch/spack_cpu/job_21700923/spack-stage/spack-stage-hdf5-1.10.7-xexa2gll6hf6okdatgrxiwhcjs2uepc7/spack-src/src/H5Dcontig.c line 1029 in H5D__contig_writevv_sieve_cb(): block write failed
    major: Dataset
    minor: Write failed
  #008: /scratch/spack_cpu/job_21700923/spack-stage/spack-stage-hdf5-1.10.7-xexa2gll6hf6okdatgrxiwhcjs2uepc7/spack-src/src/H5Fio.c line 161 in H5F_block_write(): write through page buffer failed
    major: Low-level I/O
    minor: Write failed
  #009: /scratch/spack_cpu/job_21700923/spack-stage/spack-stage-hdf5-1.10.7-xexa2gll6hf6okdatgrxiwhcjs2uepc7/spack-src/src/H5PB.c line 1032 in H5PB_write(): write through metadata accumulator failed
    major: Page Buffering
    minor: Write failed
  #010: /scratch/spack_cpu/job_21700923/spack-stage/spack-stage-hdf5-1.10.7-xexa2gll6hf6okdatgrxiwhcjs2uepc7/spack-src/src/H5Faccum.c line 824 in H5F__accum_write(): file write failed
    major: Low-level I/O
    minor: Write failed
  #011: /scratch/spack_cpu/job_21700923/spack-stage/spack-stage-hdf5-1.10.7-xexa2gll6hf6okdatgrxiwhcjs2uepc7/spack-src/src/H5FDint.c line 249 in H5FD_write(): driver write request failed
    major: Virtual File Layer
    minor: Write failed
  #012: /scratch/spack_cpu/job_21700923/spack-stage/spack-stage-hdf5-1.10.7-xexa2gll6hf6okdatgrxiwhcjs2uepc7/spack-src/src/H5FDsec2.c line 856 in H5FD__sec2_write(): file write failed: time = Wed Nov 19 08:20:50 2025
, filename = 'checkpoint.h5', file descriptor = 5, errno = 14, error message = 'Bad address', buf = 0x1555537c4000, total write size = 15969552, bytes this sub-write = 15969552, bytes actually written = 18446744073709551615, offset = 0
    major: Low-level I/O
    minor: Write failed
HDF5-DIAG: Error detected in HDF5 (1.10.7) thread 0:
  #000: /scratch/spack_cpu/job_21700923/spack-stage/spack-stage-hdf5-1.10.7-xexa2gll6hf6okdatgrxiwhcjs2uepc7/spack-src/src/H5Dio.c line 335 in H5Dwrite(): can't write data
    major: Dataset
    minor: Write failed
  #001: /scratch/spack_cpu/job_21700923/spack-stage/spack-stage-hdf5-1.10.7-xexa2gll6hf6okdatgrxiwhcjs2uepc7/spack-src/src/H5Dio.c line 813 in H5D__write(): can't write data
    major: Dataset
    minor: Write failed
  #002: /scratch/spack_cpu/job_21700923/spack-stage/spack-stage-hdf5-1.10.7-xexa2gll6hf6okdatgrxiwhcjs2uepc7/spack-src/src/H5Dcontig.c line 659 in H5D__contig_write(): contiguous write failed
    major: Dataset
    minor: Write failed
  #003: /scratch/spack_cpu/job_21700923/spack-stage/spack-stage-hdf5-1.10.7-xexa2gll6hf6okdatgrxiwhcjs2uepc7/spack-src/src/H5Dselect.c line 321 in H5D__select_write(): write error
    major: Dataspace
    minor: Write failed
  #004: /scratch/spack_cpu/job_21700923/spack-stage/spack-stage-hdf5-1.10.7-xexa2gll6hf6okdatgrxiwhcjs2uepc7/spack-src/src/H5Dselect.c line 230 in H5D__select_io(): write error
    major: Dataspace
    minor: Write failed
  #005: /scratch/spack_cpu/job_21700923/spack-stage/spack-stage-hdf5-1.10.7-xexa2gll6hf6okdatgrxiwhcjs2uepc7/spack-src/src/H5Dcontig.c line 1281 in H5D__contig_writevv(): can't perform vectorized sieve buffer write
    major: Dataset
    minor: Can't operate on object
  #006: /scratch/spack_cpu/job_21700923/spack-stage/spack-stage-hdf5-1.10.7-xexa2gll6hf6okdatgrxiwhcjs2uepc7/spack-src/src/H5VM.c line 1464 in H5VM_opvv(): can't perform operation
    major: Internal error (too specific to document in detail)
    minor: Can't operate on object
  #007: /scratch/spack_cpu/job_21700923/spack-stage/spack-stage-hdf5-1.10.7-xexa2gll6hf6okdatgrxiwhcjs2uepc7/spack-src/src/H5Dcontig.c line 1029 in H5D__contig_writevv_sieve_cb(): block write failed
    major: Dataset
    minor: Write failed
  #008: /scratch/spack_cpu/job_21700923/spack-stage/spack-stage-hdf5-1.10.7-xexa2gll6hf6okdatgrxiwhcjs2uepc7/spack-src/src/H5Fio.c line 161 in H5F_block_write(): write through page buffer failed
    major: Low-level I/O
    minor: Write failed
  #009: /scratch/spack_cpu/job_21700923/spack-stage/spack-stage-hdf5-1.10.7-xexa2gll6hf6okdatgrxiwhcjs2uepc7/spack-src/src/H5PB.c line 1032 in H5PB_write(): write through metadata accumulator failed
    major: Page Buffering
    minor: Write failed
  #010: /scratch/spack_cpu/job_21700923/spack-stage/spack-stage-hdf5-1.10.7-xexa2gll6hf6okdatgrxiwhcjs2uepc7/spack-src/src/H5Faccum.c line 824 in H5F__accum_write(): file write failed
    major: Low-level I/O
    minor: Write failed
  #011: /scratch/spack_cpu/job_21700923/spack-stage/spack-stage-hdf5-1.10.7-xexa2gll6hf6okdatgrxiwhcjs2uepc7/spack-src/src/H5FDint.c line 249 in H5FD_write(): driver write request failed
    major: Virtual File Layer
    minor: Write failed
  #012: /scratch/spack_cpu/job_21700923/spack-stage/spack-stage-hdf5-1.10.7-xexa2gll6hf6okdatgrxiwhcjs2uepc7/spack-src/src/H5FDsec2.c line 856 in H5FD__sec2_write(): file write failed: time = Wed Nov 19 08:20:58 2025
, filename = 'checkpoint.h5', file descriptor = 5, errno = 14, error message = 'Bad address', buf = 0x1555537c4000, total write size = 15969552, bytes this sub-write = 15969552, bytes actually written = 18446744073709551615, offset = 0
    major: Low-level I/O
    minor: Write failed
HDF5-DIAG: Error detected in HDF5 (1.10.7) thread 0:
  #000: /scratch/spack_cpu/job_21700923/spack-stage/spack-stage-hdf5-1.10.7-xexa2gll6hf6okdatgrxiwhcjs2uepc7/spack-src/src/H5Dio.c line 335 in H5Dwrite(): can't write data
    major: Dataset
    minor: Write failed
  #001: /scratch/spack_cpu/job_21700923/spack-stage/spack-stage-hdf5-1.10.7-xexa2gll6hf6okdatgrxiwhcjs2uepc7/spack-src/src/H5Dio.c line 813 in H5D__write(): can't write data
    major: Dataset
    minor: Write failed
  #002: /scratch/spack_cpu/job_21700923/spack-stage/spack-stage-hdf5-1.10.7-xexa2gll6hf6okdatgrxiwhcjs2uepc7/spack-src/src/H5Dcontig.c line 659 in H5D__contig_write(): contiguous write failed
    major: Dataset
    minor: Write failed
  #003: /scratch/spack_cpu/job_21700923/spack-stage/spack-stage-hdf5-1.10.7-xexa2gll6hf6okdatgrxiwhcjs2uepc7/spack-src/src/H5Dselect.c line 321 in H5D__select_write(): write error
    major: Dataspace
    minor: Write failed
  #004: /scratch/spack_cpu/job_21700923/spack-stage/spack-stage-hdf5-1.10.7-xexa2gll6hf6okdatgrxiwhcjs2uepc7/spack-src/src/H5Dselect.c line 230 in H5D__select_io(): write error
    major: Dataspace
    minor: Write failed
  #005: /scratch/spack_cpu/job_21700923/spack-stage/spack-stage-hdf5-1.10.7-xexa2gll6hf6okdatgrxiwhcjs2uepc7/spack-src/src/H5Dcontig.c line 1281 in H5D__contig_writevv(): can't perform vectorized sieve buffer write
    major: Dataset
    minor: Can't operate on object
  #006: /scratch/spack_cpu/job_21700923/spack-stage/spack-stage-hdf5-1.10.7-xexa2gll6hf6okdatgrxiwhcjs2uepc7/spack-src/src/H5VM.c line 1464 in H5VM_opvv(): can't perform operation
    major: Internal error (too specific to document in detail)
    minor: Can't operate on object
  #007: /scratch/spack_cpu/job_21700923/spack-stage/spack-stage-hdf5-1.10.7-xexa2gll6hf6okdatgrxiwhcjs2uepc7/spack-src/src/H5Dcontig.c line 1029 in H5D__contig_writevv_sieve_cb(): block write failed
    major: Dataset
    minor: Write failed
  #008: /scratch/spack_cpu/job_21700923/spack-stage/spack-stage-hdf5-1.10.7-xexa2gll6hf6okdatgrxiwhcjs2uepc7/spack-src/src/H5Fio.c line 161 in H5F_block_write(): write through page buffer failed
    major: Low-level I/O
    minor: Write failed
  #009: /scratch/spack_cpu/job_21700923/spack-stage/spack-stage-hdf5-1.10.7-xexa2gll6hf6okdatgrxiwhcjs2uepc7/spack-src/src/H5PB.c line 1032 in H5PB_write(): write through metadata accumulator failed
    major: Page Buffering
    minor: Write failed
  #010: /scratch/spack_cpu/job_21700923/spack-stage/spack-stage-hdf5-1.10.7-xexa2gll6hf6okdatgrxiwhcjs2uepc7/spack-src/src/H5Faccum.c line 824 in H5F__accum_write(): file write failed
    major: Low-level I/O
    minor: Write failed
  #011: /scratch/spack_cpu/job_21700923/spack-stage/spack-stage-hdf5-1.10.7-xexa2gll6hf6okdatgrxiwhcjs2uepc7/spack-src/src/H5FDint.c line 249 in H5FD_write(): driver write request failed
    major: Virtual File Layer
    minor: Write failed
  #012: /scratch/spack_cpu/job_21700923/spack-stage/spack-stage-hdf5-1.10.7-xexa2gll6hf6okdatgrxiwhcjs2uepc7/spack-src/src/H5FDsec2.c line 856 in H5FD__sec2_write(): file write failed: time = Wed Nov 19 08:21:06 2025
, filename = 'checkpoint.h5', file descriptor = 5, errno = 14, error message = 'Bad address', buf = 0x1555537c4000, total write size = 15969552, bytes this sub-write = 15969552, bytes actually written = 18446744073709551615, offset = 0
    major: Low-level I/O
    minor: Write failed
HDF5-DIAG: Error detected in HDF5 (1.10.7) thread 0:
  #000: /scratch/spack_cpu/job_21700923/spack-stage/spack-stage-hdf5-1.10.7-xexa2gll6hf6okdatgrxiwhcjs2uepc7/spack-src/src/H5Dio.c line 335 in H5Dwrite(): can't write data
    major: Dataset
    minor: Write failed
  #001: /scratch/spack_cpu/job_21700923/spack-stage/spack-stage-hdf5-1.10.7-xexa2gll6hf6okdatgrxiwhcjs2uepc7/spack-src/src/H5Dio.c line 813 in H5D__write(): can't write data
    major: Dataset
    minor: Write failed
  #002: /scratch/spack_cpu/job_21700923/spack-stage/spack-stage-hdf5-1.10.7-xexa2gll6hf6okdatgrxiwhcjs2uepc7/spack-src/src/H5Dcontig.c line 659 in H5D__contig_write(): contiguous write failed
    major: Dataset
    minor: Write failed
  #003: /scratch/spack_cpu/job_21700923/spack-stage/spack-stage-hdf5-1.10.7-xexa2gll6hf6okdatgrxiwhcjs2uepc7/spack-src/src/H5Dselect.c line 321 in H5D__select_write(): write error
    major: Dataspace
    minor: Write failed
  #004: /scratch/spack_cpu/job_21700923/spack-stage/spack-stage-hdf5-1.10.7-xexa2gll6hf6okdatgrxiwhcjs2uepc7/spack-src/src/H5Dselect.c line 230 in H5D__select_io(): write error
    major: Dataspace
    minor: Write failed
  #005: /scratch/spack_cpu/job_21700923/spack-stage/spack-stage-hdf5-1.10.7-xexa2gll6hf6okdatgrxiwhcjs2uepc7/spack-src/src/H5Dcontig.c line 1281 in H5D__contig_writevv(): can't perform vectorized sieve buffer write
    major: Dataset
    minor: Can't operate on object
  #006: /scratch/spack_cpu/job_21700923/spack-stage/spack-stage-hdf5-1.10.7-xexa2gll6hf6okdatgrxiwhcjs2uepc7/spack-src/src/H5VM.c line 1464 in H5VM_opvv(): can't perform operation
    major: Internal error (too specific to document in detail)
    minor: Can't operate on object
  #007: /scratch/spack_cpu/job_21700923/spack-stage/spack-stage-hdf5-1.10.7-xexa2gll6hf6okdatgrxiwhcjs2uepc7/spack-src/src/H5Dcontig.c line 1029 in H5D__contig_writevv_sieve_cb(): block write failed
    major: Dataset
    minor: Write failed
  #008: /scratch/spack_cpu/job_21700923/spack-stage/spack-stage-hdf5-1.10.7-xexa2gll6hf6okdatgrxiwhcjs2uepc7/spack-src/src/H5Fio.c line 161 in H5F_block_write(): write through page buffer failed
    major: Low-level I/O
    minor: Write failed
  #009: /scratch/spack_cpu/job_21700923/spack-stage/spack-stage-hdf5-1.10.7-xexa2gll6hf6okdatgrxiwhcjs2uepc7/spack-src/src/H5PB.c line 1032 in H5PB_write(): write through metadata accumulator failed
    major: Page Buffering
    minor: Write failed
  #010: /scratch/spack_cpu/job_21700923/spack-stage/spack-stage-hdf5-1.10.7-xexa2gll6hf6okdatgrxiwhcjs2uepc7/spack-src/src/H5Faccum.c line 824 in H5F__accum_write(): file write failed
    major: Low-level I/O
    minor: Write failed
  #011: /scratch/spack_cpu/job_21700923/spack-stage/spack-stage-hdf5-1.10.7-xexa2gll6hf6okdatgrxiwhcjs2uepc7/spack-src/src/H5FDint.c line 249 in H5FD_write(): driver write request failed
    major: Virtual File Layer
    minor: Write failed
  #012: /scratch/spack_cpu/job_21700923/spack-stage/spack-stage-hdf5-1.10.7-xexa2gll6hf6okdatgrxiwhcjs2uepc7/spack-src/src/H5FDsec2.c line 856 in H5FD__sec2_write(): file write failed: time = Wed Nov 19 08:21:14 2025
, filename = 'checkpoint.h5', file descriptor = 5, errno = 14, error message = 'Bad address', buf = 0x1555537c4000, total write size = 15969552, bytes this sub-write = 15969552, bytes actually written = 18446744073709551615, offset = 0
    major: Low-level I/O
    minor: Write failed
HDF5-DIAG: Error detected in HDF5 (1.10.7) thread 0:
  #000: /scratch/spack_cpu/job_21700923/spack-stage/spack-stage-hdf5-1.10.7-xexa2gll6hf6okdatgrxiwhcjs2uepc7/spack-src/src/H5Dio.c line 335 in H5Dwrite(): can't write data
    major: Dataset
    minor: Write failed
  #001: /scratch/spack_cpu/job_21700923/spack-stage/spack-stage-hdf5-1.10.7-xexa2gll6hf6okdatgrxiwhcjs2uepc7/spack-src/src/H5Dio.c line 813 in H5D__write(): can't write data
    major: Dataset
    minor: Write failed
  #002: /scratch/spack_cpu/job_21700923/spack-stage/spack-stage-hdf5-1.10.7-xexa2gll6hf6okdatgrxiwhcjs2uepc7/spack-src/src/H5Dcontig.c line 659 in H5D__contig_write(): contiguous write failed
    major: Dataset
    minor: Write failed
  #003: /scratch/spack_cpu/job_21700923/spack-stage/spack-stage-hdf5-1.10.7-xexa2gll6hf6okdatgrxiwhcjs2uepc7/spack-src/src/H5Dselect.c line 321 in H5D__select_write(): write error
    major: Dataspace
    minor: Write failed
  #004: /scratch/spack_cpu/job_21700923/spack-stage/spack-stage-hdf5-1.10.7-xexa2gll6hf6okdatgrxiwhcjs2uepc7/spack-src/src/H5Dselect.c line 230 in H5D__select_io(): write error
    major: Dataspace
    minor: Write failed
  #005: /scratch/spack_cpu/job_21700923/spack-stage/spack-stage-hdf5-1.10.7-xexa2gll6hf6okdatgrxiwhcjs2uepc7/spack-src/src/H5Dcontig.c line 1281 in H5D__contig_writevv(): can't perform vectorized sieve buffer write
    major: Dataset
    minor: Can't operate on object
  #006: /scratch/spack_cpu/job_21700923/spack-stage/spack-stage-hdf5-1.10.7-xexa2gll6hf6okdatgrxiwhcjs2uepc7/spack-src/src/H5VM.c line 1464 in H5VM_opvv(): can't perform operation
    major: Internal error (too specific to document in detail)
    minor: Can't operate on object
  #007: /scratch/spack_cpu/job_21700923/spack-stage/spack-stage-hdf5-1.10.7-xexa2gll6hf6okdatgrxiwhcjs2uepc7/spack-src/src/H5Dcontig.c line 1029 in H5D__contig_writevv_sieve_cb(): block write failed
    major: Dataset
    minor: Write failed
  #008: /scratch/spack_cpu/job_21700923/spack-stage/spack-stage-hdf5-1.10.7-xexa2gll6hf6okdatgrxiwhcjs2uepc7/spack-src/src/H5Fio.c line 161 in H5F_block_write(): write through page buffer failed
    major: Low-level I/O
    minor: Write failed
  #009: /scratch/spack_cpu/job_21700923/spack-stage/spack-stage-hdf5-1.10.7-xexa2gll6hf6okdatgrxiwhcjs2uepc7/spack-src/src/H5PB.c line 1032 in H5PB_write(): write through metadata accumulator failed
    major: Page Buffering
    minor: Write failed
  #010: /scratch/spack_cpu/job_21700923/spack-stage/spack-stage-hdf5-1.10.7-xexa2gll6hf6okdatgrxiwhcjs2uepc7/spack-src/src/H5Faccum.c line 824 in H5F__accum_write(): file write failed
    major: Low-level I/O
    minor: Write failed
  #011: /scratch/spack_cpu/job_21700923/spack-stage/spack-stage-hdf5-1.10.7-xexa2gll6hf6okdatgrxiwhcjs2uepc7/spack-src/src/H5FDint.c line 249 in H5FD_write(): driver write request failed
    major: Virtual File Layer
    minor: Write failed
  #012: /scratch/spack_cpu/job_21700923/spack-stage/spack-stage-hdf5-1.10.7-xexa2gll6hf6okdatgrxiwhcjs2uepc7/spack-src/src/H5FDsec2.c line 856 in H5FD__sec2_write(): file write failed: time = Wed Nov 19 08:21:23 2025
, filename = 'checkpoint.h5', file descriptor = 5, errno = 14, error message = 'Bad address', buf = 0x1555537c4000, total write size = 15969552, bytes this sub-write = 15969552, bytes actually written = 18446744073709551615, offset = 0
    major: Low-level I/O
    minor: Write failed
HDF5-DIAG: Error detected in HDF5 (1.10.7) thread 0:
  #000: /scratch/spack_cpu/job_21700923/spack-stage/spack-stage-hdf5-1.10.7-xexa2gll6hf6okdatgrxiwhcjs2uepc7/spack-src/src/H5Dio.c line 335 in H5Dwrite(): can't write data
    major: Dataset
    minor: Write failed
  #001: /scratch/spack_cpu/job_21700923/spack-stage/spack-stage-hdf5-1.10.7-xexa2gll6hf6okdatgrxiwhcjs2uepc7/spack-src/src/H5Dio.c line 813 in H5D__write(): can't write data
    major: Dataset
    minor: Write failed
  #002: /scratch/spack_cpu/job_21700923/spack-stage/spack-stage-hdf5-1.10.7-xexa2gll6hf6okdatgrxiwhcjs2uepc7/spack-src/src/H5Dcontig.c line 659 in H5D__contig_write(): contiguous write failed
    major: Dataset
    minor: Write failed
  #003: /scratch/spack_cpu/job_21700923/spack-stage/spack-stage-hdf5-1.10.7-xexa2gll6hf6okdatgrxiwhcjs2uepc7/spack-src/src/H5Dselect.c line 321 in H5D__select_write(): write error
    major: Dataspace
    minor: Write failed
  #004: /scratch/spack_cpu/job_21700923/spack-stage/spack-stage-hdf5-1.10.7-xexa2gll6hf6okdatgrxiwhcjs2uepc7/spack-src/src/H5Dselect.c line 230 in H5D__select_io(): write error
    major: Dataspace
    minor: Write failed
  #005: /scratch/spack_cpu/job_21700923/spack-stage/spack-stage-hdf5-1.10.7-xexa2gll6hf6okdatgrxiwhcjs2uepc7/spack-src/src/H5Dcontig.c line 1281 in H5D__contig_writevv(): can't perform vectorized sieve buffer write
    major: Dataset
    minor: Can't operate on object
  #006: /scratch/spack_cpu/job_21700923/spack-stage/spack-stage-hdf5-1.10.7-xexa2gll6hf6okdatgrxiwhcjs2uepc7/spack-src/src/H5VM.c line 1464 in H5VM_opvv(): can't perform operation
    major: Internal error (too specific to document in detail)
    minor: Can't operate on object
  #007: /scratch/spack_cpu/job_21700923/spack-stage/spack-stage-hdf5-1.10.7-xexa2gll6hf6okdatgrxiwhcjs2uepc7/spack-src/src/H5Dcontig.c line 1029 in H5D__contig_writevv_sieve_cb(): block write failed
    major: Dataset
    minor: Write failed
  #008: /scratch/spack_cpu/job_21700923/spack-stage/spack-stage-hdf5-1.10.7-xexa2gll6hf6okdatgrxiwhcjs2uepc7/spack-src/src/H5Fio.c line 161 in H5F_block_write(): write through page buffer failed
    major: Low-level I/O
    minor: Write failed
  #009: /scratch/spack_cpu/job_21700923/spack-stage/spack-stage-hdf5-1.10.7-xexa2gll6hf6okdatgrxiwhcjs2uepc7/spack-src/src/H5PB.c line 1032 in H5PB_write(): write through metadata accumulator failed
    major: Page Buffering
    minor: Write failed
  #010: /scratch/spack_cpu/job_21700923/spack-stage/spack-stage-hdf5-1.10.7-xexa2gll6hf6okdatgrxiwhcjs2uepc7/spack-src/src/H5Faccum.c line 824 in H5F__accum_write(): file write failed
    major: Low-level I/O
    minor: Write failed
  #011: /scratch/spack_cpu/job_21700923/spack-stage/spack-stage-hdf5-1.10.7-xexa2gll6hf6okdatgrxiwhcjs2uepc7/spack-src/src/H5FDint.c line 249 in H5FD_write(): driver write request failed
    major: Virtual File Layer
    minor: Write failed
  #012: /scratch/spack_cpu/job_21700923/spack-stage/spack-stage-hdf5-1.10.7-xexa2gll6hf6okdatgrxiwhcjs2uepc7/spack-src/src/H5FDsec2.c line 856 in H5FD__sec2_write(): file write failed: time = Wed Nov 19 08:21:31 2025
, filename = 'checkpoint.h5', file descriptor = 5, errno = 14, error message = 'Bad address', buf = 0x1555537c4000, total write size = 15969552, bytes this sub-write = 15969552, bytes actually written = 18446744073709551615, offset = 0
    major: Low-level I/O
    minor: Write failed
HDF5-DIAG: Error detected in HDF5 (1.10.7) thread 0:
  #000: /scratch/spack_cpu/job_21700923/spack-stage/spack-stage-hdf5-1.10.7-xexa2gll6hf6okdatgrxiwhcjs2uepc7/spack-src/src/H5Dio.c line 335 in H5Dwrite(): can't write data
    major: Dataset
    minor: Write failed
  #001: /scratch/spack_cpu/job_21700923/spack-stage/spack-stage-hdf5-1.10.7-xexa2gll6hf6okdatgrxiwhcjs2uepc7/spack-src/src/H5Dio.c line 813 in H5D__write(): can't write data
    major: Dataset
    minor: Write failed
  #002: /scratch/spack_cpu/job_21700923/spack-stage/spack-stage-hdf5-1.10.7-xexa2gll6hf6okdatgrxiwhcjs2uepc7/spack-src/src/H5Dcontig.c line 659 in H5D__contig_write(): contiguous write failed
    major: Dataset
    minor: Write failed
  #003: /scratch/spack_cpu/job_21700923/spack-stage/spack-stage-hdf5-1.10.7-xexa2gll6hf6okdatgrxiwhcjs2uepc7/spack-src/src/H5Dselect.c line 321 in H5D__select_write(): write error
    major: Dataspace
    minor: Write failed
  #004: /scratch/spack_cpu/job_21700923/spack-stage/spack-stage-hdf5-1.10.7-xexa2gll6hf6okdatgrxiwhcjs2uepc7/spack-src/src/H5Dselect.c line 230 in H5D__select_io(): write error
    major: Dataspace
    minor: Write failed
  #005: /scratch/spack_cpu/job_21700923/spack-stage/spack-stage-hdf5-1.10.7-xexa2gll6hf6okdatgrxiwhcjs2uepc7/spack-src/src/H5Dcontig.c line 1281 in H5D__contig_writevv(): can't perform vectorized sieve buffer write
    major: Dataset
    minor: Can't operate on object
  #006: /scratch/spack_cpu/job_21700923/spack-stage/spack-stage-hdf5-1.10.7-xexa2gll6hf6okdatgrxiwhcjs2uepc7/spack-src/src/H5VM.c line 1464 in H5VM_opvv(): can't perform operation
    major: Internal error (too specific to document in detail)
    minor: Can't operate on object
  #007: /scratch/spack_cpu/job_21700923/spack-stage/spack-stage-hdf5-1.10.7-xexa2gll6hf6okdatgrxiwhcjs2uepc7/spack-src/src/H5Dcontig.c line 1029 in H5D__contig_writevv_sieve_cb(): block write failed
    major: Dataset
    minor: Write failed
  #008: /scratch/spack_cpu/job_21700923/spack-stage/spack-stage-hdf5-1.10.7-xexa2gll6hf6okdatgrxiwhcjs2uepc7/spack-src/src/H5Fio.c line 161 in H5F_block_write(): write through page buffer failed
    major: Low-level I/O
    minor: Write failed
  #009: /scratch/spack_cpu/job_21700923/spack-stage/spack-stage-hdf5-1.10.7-xexa2gll6hf6okdatgrxiwhcjs2uepc7/spack-src/src/H5PB.c line 1032 in H5PB_write(): write through metadata accumulator failed
    major: Page Buffering
    minor: Write failed
  #010: /scratch/spack_cpu/job_21700923/spack-stage/spack-stage-hdf5-1.10.7-xexa2gll6hf6okdatgrxiwhcjs2uepc7/spack-src/src/H5Faccum.c line 824 in H5F__accum_write(): file write failed
    major: Low-level I/O
    minor: Write failed
  #011: /scratch/spack_cpu/job_21700923/spack-stage/spack-stage-hdf5-1.10.7-xexa2gll6hf6okdatgrxiwhcjs2uepc7/spack-src/src/H5FDint.c line 249 in H5FD_write(): driver write request failed
    major: Virtual File Layer
    minor: Write failed
  #012: /scratch/spack_cpu/job_21700923/spack-stage/spack-stage-hdf5-1.10.7-xexa2gll6hf6okdatgrxiwhcjs2uepc7/spack-src/src/H5FDsec2.c line 856 in H5FD__sec2_write(): file write failed: time = Wed Nov 19 08:21:39 2025
, filename = 'checkpoint.h5', file descriptor = 5, errno = 14, error message = 'Bad address', buf = 0x1555537c4000, total write size = 15969552, bytes this sub-write = 15969552, bytes actually written = 18446744073709551615, offset = 0
    major: Low-level I/O
    minor: Write failed
HDF5-DIAG: Error detected in HDF5 (1.10.7) thread 0:
  #000: /scratch/spack_cpu/job_21700923/spack-stage/spack-stage-hdf5-1.10.7-xexa2gll6hf6okdatgrxiwhcjs2uepc7/spack-src/src/H5Dio.c line 335 in H5Dwrite(): can't write data
    major: Dataset
    minor: Write failed
  #001: /scratch/spack_cpu/job_21700923/spack-stage/spack-stage-hdf5-1.10.7-xexa2gll6hf6okdatgrxiwhcjs2uepc7/spack-src/src/H5Dio.c line 813 in H5D__write(): can't write data
    major: Dataset
    minor: Write failed
  #002: /scratch/spack_cpu/job_21700923/spack-stage/spack-stage-hdf5-1.10.7-xexa2gll6hf6okdatgrxiwhcjs2uepc7/spack-src/src/H5Dcontig.c line 659 in H5D__contig_write(): contiguous write failed
    major: Dataset
    minor: Write failed
  #003: /scratch/spack_cpu/job_21700923/spack-stage/spack-stage-hdf5-1.10.7-xexa2gll6hf6okdatgrxiwhcjs2uepc7/spack-src/src/H5Dselect.c line 321 in H5D__select_write(): write error
    major: Dataspace
    minor: Write failed
  #004: /scratch/spack_cpu/job_21700923/spack-stage/spack-stage-hdf5-1.10.7-xexa2gll6hf6okdatgrxiwhcjs2uepc7/spack-src/src/H5Dselect.c line 230 in H5D__select_io(): write error
    major: Dataspace
    minor: Write failed
  #005: /scratch/spack_cpu/job_21700923/spack-stage/spack-stage-hdf5-1.10.7-xexa2gll6hf6okdatgrxiwhcjs2uepc7/spack-src/src/H5Dcontig.c line 1281 in H5D__contig_writevv(): can't perform vectorized sieve buffer write
    major: Dataset
    minor: Can't operate on object
  #006: /scratch/spack_cpu/job_21700923/spack-stage/spack-stage-hdf5-1.10.7-xexa2gll6hf6okdatgrxiwhcjs2uepc7/spack-src/src/H5VM.c line 1464 in H5VM_opvv(): can't perform operation
    major: Internal error (too specific to document in detail)
    minor: Can't operate on object
  #007: /scratch/spack_cpu/job_21700923/spack-stage/spack-stage-hdf5-1.10.7-xexa2gll6hf6okdatgrxiwhcjs2uepc7/spack-src/src/H5Dcontig.c line 1029 in H5D__contig_writevv_sieve_cb(): block write failed
    major: Dataset
    minor: Write failed
  #008: /scratch/spack_cpu/job_21700923/spack-stage/spack-stage-hdf5-1.10.7-xexa2gll6hf6okdatgrxiwhcjs2uepc7/spack-src/src/H5Fio.c line 161 in H5F_block_write(): write through page buffer failed
    major: Low-level I/O
    minor: Write failed
  #009: /scratch/spack_cpu/job_21700923/spack-stage/spack-stage-hdf5-1.10.7-xexa2gll6hf6okdatgrxiwhcjs2uepc7/spack-src/src/H5PB.c line 1032 in H5PB_write(): write through metadata accumulator failed
    major: Page Buffering
    minor: Write failed
  #010: /scratch/spack_cpu/job_21700923/spack-stage/spack-stage-hdf5-1.10.7-xexa2gll6hf6okdatgrxiwhcjs2uepc7/spack-src/src/H5Faccum.c line 824 in H5F__accum_write(): file write failed
    major: Low-level I/O
    minor: Write failed
  #011: /scratch/spack_cpu/job_21700923/spack-stage/spack-stage-hdf5-1.10.7-xexa2gll6hf6okdatgrxiwhcjs2uepc7/spack-src/src/H5FDint.c line 249 in H5FD_write(): driver write request failed
    major: Virtual File Layer
    minor: Write failed
  #012: /scratch/spack_cpu/job_21700923/spack-stage/spack-stage-hdf5-1.10.7-xexa2gll6hf6okdatgrxiwhcjs2uepc7/spack-src/src/H5FDsec2.c line 856 in H5FD__sec2_write(): file write failed: time = Wed Nov 19 08:21:48 2025
, filename = 'checkpoint.h5', file descriptor = 5, errno = 14, error message = 'Bad address', buf = 0x1555537c4000, total write size = 15969552, bytes this sub-write = 15969552, bytes actually written = 18446744073709551615, offset = 0
    major: Low-level I/O
    minor: Write failed
HDF5-DIAG: Error detected in HDF5 (1.10.7) thread 0:
  #000: /scratch/spack_cpu/job_21700923/spack-stage/spack-stage-hdf5-1.10.7-xexa2gll6hf6okdatgrxiwhcjs2uepc7/spack-src/src/H5Dio.c line 335 in H5Dwrite(): can't write data
    major: Dataset
    minor: Write failed
  #001: /scratch/spack_cpu/job_21700923/spack-stage/spack-stage-hdf5-1.10.7-xexa2gll6hf6okdatgrxiwhcjs2uepc7/spack-src/src/H5Dio.c line 813 in H5D__write(): can't write data
    major: Dataset
    minor: Write failed
  #002: /scratch/spack_cpu/job_21700923/spack-stage/spack-stage-hdf5-1.10.7-xexa2gll6hf6okdatgrxiwhcjs2uepc7/spack-src/src/H5Dcontig.c line 659 in H5D__contig_write(): contiguous write failed
    major: Dataset
    minor: Write failed
  #003: /scratch/spack_cpu/job_21700923/spack-stage/spack-stage-hdf5-1.10.7-xexa2gll6hf6okdatgrxiwhcjs2uepc7/spack-src/src/H5Dselect.c line 321 in H5D__select_write(): write error
    major: Dataspace
    minor: Write failed
  #004: /scratch/spack_cpu/job_21700923/spack-stage/spack-stage-hdf5-1.10.7-xexa2gll6hf6okdatgrxiwhcjs2uepc7/spack-src/src/H5Dselect.c line 230 in H5D__select_io(): write error
    major: Dataspace
    minor: Write failed
  #005: /scratch/spack_cpu/job_21700923/spack-stage/spack-stage-hdf5-1.10.7-xexa2gll6hf6okdatgrxiwhcjs2uepc7/spack-src/src/H5Dcontig.c line 1281 in H5D__contig_writevv(): can't perform vectorized sieve buffer write
    major: Dataset
    minor: Can't operate on object
  #006: /scratch/spack_cpu/job_21700923/spack-stage/spack-stage-hdf5-1.10.7-xexa2gll6hf6okdatgrxiwhcjs2uepc7/spack-src/src/H5VM.c line 1464 in H5VM_opvv(): can't perform operation
    major: Internal error (too specific to document in detail)
    minor: Can't operate on object
  #007: /scratch/spack_cpu/job_21700923/spack-stage/spack-stage-hdf5-1.10.7-xexa2gll6hf6okdatgrxiwhcjs2uepc7/spack-src/src/H5Dcontig.c line 1029 in H5D__contig_writevv_sieve_cb(): block write failed
    major: Dataset
    minor: Write failed
  #008: /scratch/spack_cpu/job_21700923/spack-stage/spack-stage-hdf5-1.10.7-xexa2gll6hf6okdatgrxiwhcjs2uepc7/spack-src/src/H5Fio.c line 161 in H5F_block_write(): write through page buffer failed
    major: Low-level I/O
    minor: Write failed
  #009: /scratch/spack_cpu/job_21700923/spack-stage/spack-stage-hdf5-1.10.7-xexa2gll6hf6okdatgrxiwhcjs2uepc7/spack-src/src/H5PB.c line 1032 in H5PB_write(): write through metadata accumulator failed
    major: Page Buffering
    minor: Write failed
  #010: /scratch/spack_cpu/job_21700923/spack-stage/spack-stage-hdf5-1.10.7-xexa2gll6hf6okdatgrxiwhcjs2uepc7/spack-src/src/H5Faccum.c line 824 in H5F__accum_write(): file write failed
    major: Low-level I/O
    minor: Write failed
  #011: /scratch/spack_cpu/job_21700923/spack-stage/spack-stage-hdf5-1.10.7-xexa2gll6hf6okdatgrxiwhcjs2uepc7/spack-src/src/H5FDint.c line 249 in H5FD_write(): driver write request failed
    major: Virtual File Layer
    minor: Write failed
  #012: /scratch/spack_cpu/job_21700923/spack-stage/spack-stage-hdf5-1.10.7-xexa2gll6hf6okdatgrxiwhcjs2uepc7/spack-src/src/H5FDsec2.c line 856 in H5FD__sec2_write(): file write failed: time = Wed Nov 19 08:21:56 2025
, filename = 'checkpoint.h5', file descriptor = 5, errno = 14, error message = 'Bad address', buf = 0x1555537c4000, total write size = 15969552, bytes this sub-write = 15969552, bytes actually written = 18446744073709551615, offset = 0
    major: Low-level I/O
    minor: Write failed
HDF5-DIAG: Error detected in HDF5 (1.10.7) thread 0:
  #000: /scratch/spack_cpu/job_21700923/spack-stage/spack-stage-hdf5-1.10.7-xexa2gll6hf6okdatgrxiwhcjs2uepc7/spack-src/src/H5Dio.c line 335 in H5Dwrite(): can't write data
    major: Dataset
    minor: Write failed
  #001: /scratch/spack_cpu/job_21700923/spack-stage/spack-stage-hdf5-1.10.7-xexa2gll6hf6okdatgrxiwhcjs2uepc7/spack-src/src/H5Dio.c line 813 in H5D__write(): can't write data
    major: Dataset
    minor: Write failed
  #002: /scratch/spack_cpu/job_21700923/spack-stage/spack-stage-hdf5-1.10.7-xexa2gll6hf6okdatgrxiwhcjs2uepc7/spack-src/src/H5Dcontig.c line 659 in H5D__contig_write(): contiguous write failed
    major: Dataset
    minor: Write failed
  #003: /scratch/spack_cpu/job_21700923/spack-stage/spack-stage-hdf5-1.10.7-xexa2gll6hf6okdatgrxiwhcjs2uepc7/spack-src/src/H5Dselect.c line 321 in H5D__select_write(): write error
    major: Dataspace
    minor: Write failed
  #004: /scratch/spack_cpu/job_21700923/spack-stage/spack-stage-hdf5-1.10.7-xexa2gll6hf6okdatgrxiwhcjs2uepc7/spack-src/src/H5Dselect.c line 230 in H5D__select_io(): write error
    major: Dataspace
    minor: Write failed
  #005: /scratch/spack_cpu/job_21700923/spack-stage/spack-stage-hdf5-1.10.7-xexa2gll6hf6okdatgrxiwhcjs2uepc7/spack-src/src/H5Dcontig.c line 1281 in H5D__contig_writevv(): can't perform vectorized sieve buffer write
    major: Dataset
    minor: Can't operate on object
  #006: /scratch/spack_cpu/job_21700923/spack-stage/spack-stage-hdf5-1.10.7-xexa2gll6hf6okdatgrxiwhcjs2uepc7/spack-src/src/H5VM.c line 1464 in H5VM_opvv(): can't perform operation
    major: Internal error (too specific to document in detail)
    minor: Can't operate on object
  #007: /scratch/spack_cpu/job_21700923/spack-stage/spack-stage-hdf5-1.10.7-xexa2gll6hf6okdatgrxiwhcjs2uepc7/spack-src/src/H5Dcontig.c line 1029 in H5D__contig_writevv_sieve_cb(): block write failed
    major: Dataset
    minor: Write failed
  #008: /scratch/spack_cpu/job_21700923/spack-stage/spack-stage-hdf5-1.10.7-xexa2gll6hf6okdatgrxiwhcjs2uepc7/spack-src/src/H5Fio.c line 161 in H5F_block_write(): write through page buffer failed
    major: Low-level I/O
    minor: Write failed
  #009: /scratch/spack_cpu/job_21700923/spack-stage/spack-stage-hdf5-1.10.7-xexa2gll6hf6okdatgrxiwhcjs2uepc7/spack-src/src/H5PB.c line 1032 in H5PB_write(): write through metadata accumulator failed
    major: Page Buffering
    minor: Write failed
  #010: /scratch/spack_cpu/job_21700923/spack-stage/spack-stage-hdf5-1.10.7-xexa2gll6hf6okdatgrxiwhcjs2uepc7/spack-src/src/H5Faccum.c line 824 in H5F__accum_write(): file write failed
    major: Low-level I/O
    minor: Write failed
  #011: /scratch/spack_cpu/job_21700923/spack-stage/spack-stage-hdf5-1.10.7-xexa2gll6hf6okdatgrxiwhcjs2uepc7/spack-src/src/H5FDint.c line 249 in H5FD_write(): driver write request failed
    major: Virtual File Layer
    minor: Write failed
  #012: /scratch/spack_cpu/job_21700923/spack-stage/spack-stage-hdf5-1.10.7-xexa2gll6hf6okdatgrxiwhcjs2uepc7/spack-src/src/H5FDsec2.c line 856 in H5FD__sec2_write(): file write failed: time = Wed Nov 19 08:22:04 2025
, filename = 'checkpoint.h5', file descriptor = 5, errno = 14, error message = 'Bad address', buf = 0x1555537c4000, total write size = 15969552, bytes this sub-write = 15969552, bytes actually written = 18446744073709551615, offset = 0
    major: Low-level I/O
    minor: Write failed
HDF5-DIAG: Error detected in HDF5 (1.10.7) thread 0:
  #000: /scratch/spack_cpu/job_21700923/spack-stage/spack-stage-hdf5-1.10.7-xexa2gll6hf6okdatgrxiwhcjs2uepc7/spack-src/src/H5Dio.c line 335 in H5Dwrite(): can't write data
    major: Dataset
    minor: Write failed
  #001: /scratch/spack_cpu/job_21700923/spack-stage/spack-stage-hdf5-1.10.7-xexa2gll6hf6okdatgrxiwhcjs2uepc7/spack-src/src/H5Dio.c line 813 in H5D__write(): can't write data
    major: Dataset
    minor: Write failed
  #002: /scratch/spack_cpu/job_21700923/spack-stage/spack-stage-hdf5-1.10.7-xexa2gll6hf6okdatgrxiwhcjs2uepc7/spack-src/src/H5Dcontig.c line 659 in H5D__contig_write(): contiguous write failed
    major: Dataset
    minor: Write failed
  #003: /scratch/spack_cpu/job_21700923/spack-stage/spack-stage-hdf5-1.10.7-xexa2gll6hf6okdatgrxiwhcjs2uepc7/spack-src/src/H5Dselect.c line 321 in H5D__select_write(): write error
    major: Dataspace
    minor: Write failed
  #004: /scratch/spack_cpu/job_21700923/spack-stage/spack-stage-hdf5-1.10.7-xexa2gll6hf6okdatgrxiwhcjs2uepc7/spack-src/src/H5Dselect.c line 230 in H5D__select_io(): write error
    major: Dataspace
    minor: Write failed
  #005: /scratch/spack_cpu/job_21700923/spack-stage/spack-stage-hdf5-1.10.7-xexa2gll6hf6okdatgrxiwhcjs2uepc7/spack-src/src/H5Dcontig.c line 1281 in H5D__contig_writevv(): can't perform vectorized sieve buffer write
    major: Dataset
    minor: Can't operate on object
  #006: /scratch/spack_cpu/job_21700923/spack-stage/spack-stage-hdf5-1.10.7-xexa2gll6hf6okdatgrxiwhcjs2uepc7/spack-src/src/H5VM.c line 1464 in H5VM_opvv(): can't perform operation
    major: Internal error (too specific to document in detail)
    minor: Can't operate on object
  #007: /scratch/spack_cpu/job_21700923/spack-stage/spack-stage-hdf5-1.10.7-xexa2gll6hf6okdatgrxiwhcjs2uepc7/spack-src/src/H5Dcontig.c line 1029 in H5D__contig_writevv_sieve_cb(): block write failed
    major: Dataset
    minor: Write failed
  #008: /scratch/spack_cpu/job_21700923/spack-stage/spack-stage-hdf5-1.10.7-xexa2gll6hf6okdatgrxiwhcjs2uepc7/spack-src/src/H5Fio.c line 161 in H5F_block_write(): write through page buffer failed
    major: Low-level I/O
    minor: Write failed
  #009: /scratch/spack_cpu/job_21700923/spack-stage/spack-stage-hdf5-1.10.7-xexa2gll6hf6okdatgrxiwhcjs2uepc7/spack-src/src/H5PB.c line 1032 in H5PB_write(): write through metadata accumulator failed
    major: Page Buffering
    minor: Write failed
  #010: /scratch/spack_cpu/job_21700923/spack-stage/spack-stage-hdf5-1.10.7-xexa2gll6hf6okdatgrxiwhcjs2uepc7/spack-src/src/H5Faccum.c line 824 in H5F__accum_write(): file write failed
    major: Low-level I/O
    minor: Write failed
  #011: /scratch/spack_cpu/job_21700923/spack-stage/spack-stage-hdf5-1.10.7-xexa2gll6hf6okdatgrxiwhcjs2uepc7/spack-src/src/H5FDint.c line 249 in H5FD_write(): driver write request failed
    major: Virtual File Layer
    minor: Write failed
  #012: /scratch/spack_cpu/job_21700923/spack-stage/spack-stage-hdf5-1.10.7-xexa2gll6hf6okdatgrxiwhcjs2uepc7/spack-src/src/H5FDsec2.c line 856 in H5FD__sec2_write(): file write failed: time = Wed Nov 19 08:22:13 2025
, filename = 'checkpoint.h5', file descriptor = 5, errno = 14, error message = 'Bad address', buf = 0x1555537c4000, total write size = 15969552, bytes this sub-write = 15969552, bytes actually written = 18446744073709551615, offset = 0
    major: Low-level I/O
    minor: Write failed
HDF5-DIAG: Error detected in HDF5 (1.10.7) thread 0:
  #000: /scratch/spack_cpu/job_21700923/spack-stage/spack-stage-hdf5-1.10.7-xexa2gll6hf6okdatgrxiwhcjs2uepc7/spack-src/src/H5Dio.c line 335 in H5Dwrite(): can't write data
    major: Dataset
    minor: Write failed
  #001: /scratch/spack_cpu/job_21700923/spack-stage/spack-stage-hdf5-1.10.7-xexa2gll6hf6okdatgrxiwhcjs2uepc7/spack-src/src/H5Dio.c line 813 in H5D__write(): can't write data
    major: Dataset
    minor: Write failed
  #002: /scratch/spack_cpu/job_21700923/spack-stage/spack-stage-hdf5-1.10.7-xexa2gll6hf6okdatgrxiwhcjs2uepc7/spack-src/src/H5Dcontig.c line 659 in H5D__contig_write(): contiguous write failed
    major: Dataset
    minor: Write failed
  #003: /scratch/spack_cpu/job_21700923/spack-stage/spack-stage-hdf5-1.10.7-xexa2gll6hf6okdatgrxiwhcjs2uepc7/spack-src/src/H5Dselect.c line 321 in H5D__select_write(): write error
    major: Dataspace
    minor: Write failed
  #004: /scratch/spack_cpu/job_21700923/spack-stage/spack-stage-hdf5-1.10.7-xexa2gll6hf6okdatgrxiwhcjs2uepc7/spack-src/src/H5Dselect.c line 230 in H5D__select_io(): write error
    major: Dataspace
    minor: Write failed
  #005: /scratch/spack_cpu/job_21700923/spack-stage/spack-stage-hdf5-1.10.7-xexa2gll6hf6okdatgrxiwhcjs2uepc7/spack-src/src/H5Dcontig.c line 1281 in H5D__contig_writevv(): can't perform vectorized sieve buffer write
    major: Dataset
    minor: Can't operate on object
  #006: /scratch/spack_cpu/job_21700923/spack-stage/spack-stage-hdf5-1.10.7-xexa2gll6hf6okdatgrxiwhcjs2uepc7/spack-src/src/H5VM.c line 1464 in H5VM_opvv(): can't perform operation
    major: Internal error (too specific to document in detail)
    minor: Can't operate on object
  #007: /scratch/spack_cpu/job_21700923/spack-stage/spack-stage-hdf5-1.10.7-xexa2gll6hf6okdatgrxiwhcjs2uepc7/spack-src/src/H5Dcontig.c line 1029 in H5D__contig_writevv_sieve_cb(): block write failed
    major: Dataset
    minor: Write failed
  #008: /scratch/spack_cpu/job_21700923/spack-stage/spack-stage-hdf5-1.10.7-xexa2gll6hf6okdatgrxiwhcjs2uepc7/spack-src/src/H5Fio.c line 161 in H5F_block_write(): write through page buffer failed
    major: Low-level I/O
    minor: Write failed
  #009: /scratch/spack_cpu/job_21700923/spack-stage/spack-stage-hdf5-1.10.7-xexa2gll6hf6okdatgrxiwhcjs2uepc7/spack-src/src/H5PB.c line 1032 in H5PB_write(): write through metadata accumulator failed
    major: Page Buffering
    minor: Write failed
  #010: /scratch/spack_cpu/job_21700923/spack-stage/spack-stage-hdf5-1.10.7-xexa2gll6hf6okdatgrxiwhcjs2uepc7/spack-src/src/H5Faccum.c line 824 in H5F__accum_write(): file write failed
    major: Low-level I/O
    minor: Write failed
  #011: /scratch/spack_cpu/job_21700923/spack-stage/spack-stage-hdf5-1.10.7-xexa2gll6hf6okdatgrxiwhcjs2uepc7/spack-src/src/H5FDint.c line 249 in H5FD_write(): driver write request failed
    major: Virtual File Layer
    minor: Write failed
  #012: /scratch/spack_cpu/job_21700923/spack-stage/spack-stage-hdf5-1.10.7-xexa2gll6hf6okdatgrxiwhcjs2uepc7/spack-src/src/H5FDsec2.c line 856 in H5FD__sec2_write(): file write failed: time = Wed Nov 19 08:22:21 2025
, filename = 'checkpoint.h5', file descriptor = 5, errno = 14, error message = 'Bad address', buf = 0x1555537c4000, total write size = 15969552, bytes this sub-write = 15969552, bytes actually written = 18446744073709551615, offset = 0
    major: Low-level I/O
    minor: Write failed
HDF5-DIAG: Error detected in HDF5 (1.10.7) thread 0:
  #000: /scratch/spack_cpu/job_21700923/spack-stage/spack-stage-hdf5-1.10.7-xexa2gll6hf6okdatgrxiwhcjs2uepc7/spack-src/src/H5Dio.c line 335 in H5Dwrite(): can't write data
    major: Dataset
    minor: Write failed
  #001: /scratch/spack_cpu/job_21700923/spack-stage/spack-stage-hdf5-1.10.7-xexa2gll6hf6okdatgrxiwhcjs2uepc7/spack-src/src/H5Dio.c line 813 in H5D__write(): can't write data
    major: Dataset
    minor: Write failed
  #002: /scratch/spack_cpu/job_21700923/spack-stage/spack-stage-hdf5-1.10.7-xexa2gll6hf6okdatgrxiwhcjs2uepc7/spack-src/src/H5Dcontig.c line 659 in H5D__contig_write(): contiguous write failed
    major: Dataset
    minor: Write failed
  #003: /scratch/spack_cpu/job_21700923/spack-stage/spack-stage-hdf5-1.10.7-xexa2gll6hf6okdatgrxiwhcjs2uepc7/spack-src/src/H5Dselect.c line 321 in H5D__select_write(): write error
    major: Dataspace
    minor: Write failed
  #004: /scratch/spack_cpu/job_21700923/spack-stage/spack-stage-hdf5-1.10.7-xexa2gll6hf6okdatgrxiwhcjs2uepc7/spack-src/src/H5Dselect.c line 230 in H5D__select_io(): write error
    major: Dataspace
    minor: Write failed
  #005: /scratch/spack_cpu/job_21700923/spack-stage/spack-stage-hdf5-1.10.7-xexa2gll6hf6okdatgrxiwhcjs2uepc7/spack-src/src/H5Dcontig.c line 1281 in H5D__contig_writevv(): can't perform vectorized sieve buffer write
    major: Dataset
    minor: Can't operate on object
  #006: /scratch/spack_cpu/job_21700923/spack-stage/spack-stage-hdf5-1.10.7-xexa2gll6hf6okdatgrxiwhcjs2uepc7/spack-src/src/H5VM.c line 1464 in H5VM_opvv(): can't perform operation
    major: Internal error (too specific to document in detail)
    minor: Can't operate on object
  #007: /scratch/spack_cpu/job_21700923/spack-stage/spack-stage-hdf5-1.10.7-xexa2gll6hf6okdatgrxiwhcjs2uepc7/spack-src/src/H5Dcontig.c line 1029 in H5D__contig_writevv_sieve_cb(): block write failed
    major: Dataset
    minor: Write failed
  #008: /scratch/spack_cpu/job_21700923/spack-stage/spack-stage-hdf5-1.10.7-xexa2gll6hf6okdatgrxiwhcjs2uepc7/spack-src/src/H5Fio.c line 161 in H5F_block_write(): write through page buffer failed
    major: Low-level I/O
    minor: Write failed
  #009: /scratch/spack_cpu/job_21700923/spack-stage/spack-stage-hdf5-1.10.7-xexa2gll6hf6okdatgrxiwhcjs2uepc7/spack-src/src/H5PB.c line 1032 in H5PB_write(): write through metadata accumulator failed
    major: Page Buffering
    minor: Write failed
  #010: /scratch/spack_cpu/job_21700923/spack-stage/spack-stage-hdf5-1.10.7-xexa2gll6hf6okdatgrxiwhcjs2uepc7/spack-src/src/H5Faccum.c line 824 in H5F__accum_write(): file write failed
    major: Low-level I/O
    minor: Write failed
  #011: /scratch/spack_cpu/job_21700923/spack-stage/spack-stage-hdf5-1.10.7-xexa2gll6hf6okdatgrxiwhcjs2uepc7/spack-src/src/H5FDint.c line 249 in H5FD_write(): driver write request failed
    major: Virtual File Layer
    minor: Write failed
  #012: /scratch/spack_cpu/job_21700923/spack-stage/spack-stage-hdf5-1.10.7-xexa2gll6hf6okdatgrxiwhcjs2uepc7/spack-src/src/H5FDsec2.c line 856 in H5FD__sec2_write(): file write failed: time = Wed Nov 19 08:22:31 2025
, filename = 'checkpoint.h5', file descriptor = 5, errno = 14, error message = 'Bad address', buf = 0x1555537c4000, total write size = 15969552, bytes this sub-write = 15969552, bytes actually written = 18446744073709551615, offset = 0
    major: Low-level I/O
    minor: Write failed
HDF5-DIAG: Error detected in HDF5 (1.10.7) thread 0:
  #000: /scratch/spack_cpu/job_21700923/spack-stage/spack-stage-hdf5-1.10.7-xexa2gll6hf6okdatgrxiwhcjs2uepc7/spack-src/src/H5Dio.c line 335 in H5Dwrite(): can't write data
    major: Dataset
    minor: Write failed
  #001: /scratch/spack_cpu/job_21700923/spack-stage/spack-stage-hdf5-1.10.7-xexa2gll6hf6okdatgrxiwhcjs2uepc7/spack-src/src/H5Dio.c line 813 in H5D__write(): can't write data
    major: Dataset
    minor: Write failed
  #002: /scratch/spack_cpu/job_21700923/spack-stage/spack-stage-hdf5-1.10.7-xexa2gll6hf6okdatgrxiwhcjs2uepc7/spack-src/src/H5Dcontig.c line 659 in H5D__contig_write(): contiguous write failed
    major: Dataset
    minor: Write failed
  #003: /scratch/spack_cpu/job_21700923/spack-stage/spack-stage-hdf5-1.10.7-xexa2gll6hf6okdatgrxiwhcjs2uepc7/spack-src/src/H5Dselect.c line 321 in H5D__select_write(): write error
    major: Dataspace
    minor: Write failed
  #004: /scratch/spack_cpu/job_21700923/spack-stage/spack-stage-hdf5-1.10.7-xexa2gll6hf6okdatgrxiwhcjs2uepc7/spack-src/src/H5Dselect.c line 230 in H5D__select_io(): write error
    major: Dataspace
    minor: Write failed
  #005: /scratch/spack_cpu/job_21700923/spack-stage/spack-stage-hdf5-1.10.7-xexa2gll6hf6okdatgrxiwhcjs2uepc7/spack-src/src/H5Dcontig.c line 1281 in H5D__contig_writevv(): can't perform vectorized sieve buffer write
    major: Dataset
    minor: Can't operate on object
  #006: /scratch/spack_cpu/job_21700923/spack-stage/spack-stage-hdf5-1.10.7-xexa2gll6hf6okdatgrxiwhcjs2uepc7/spack-src/src/H5VM.c line 1464 in H5VM_opvv(): can't perform operation
    major: Internal error (too specific to document in detail)
    minor: Can't operate on object
  #007: /scratch/spack_cpu/job_21700923/spack-stage/spack-stage-hdf5-1.10.7-xexa2gll6hf6okdatgrxiwhcjs2uepc7/spack-src/src/H5Dcontig.c line 1029 in H5D__contig_writevv_sieve_cb(): block write failed
    major: Dataset
    minor: Write failed
  #008: /scratch/spack_cpu/job_21700923/spack-stage/spack-stage-hdf5-1.10.7-xexa2gll6hf6okdatgrxiwhcjs2uepc7/spack-src/src/H5Fio.c line 161 in H5F_block_write(): write through page buffer failed
    major: Low-level I/O
    minor: Write failed
  #009: /scratch/spack_cpu/job_21700923/spack-stage/spack-stage-hdf5-1.10.7-xexa2gll6hf6okdatgrxiwhcjs2uepc7/spack-src/src/H5PB.c line 1032 in H5PB_write(): write through metadata accumulator failed
    major: Page Buffering
    minor: Write failed
  #010: /scratch/spack_cpu/job_21700923/spack-stage/spack-stage-hdf5-1.10.7-xexa2gll6hf6okdatgrxiwhcjs2uepc7/spack-src/src/H5Faccum.c line 824 in H5F__accum_write(): file write failed
    major: Low-level I/O
    minor: Write failed
  #011: /scratch/spack_cpu/job_21700923/spack-stage/spack-stage-hdf5-1.10.7-xexa2gll6hf6okdatgrxiwhcjs2uepc7/spack-src/src/H5FDint.c line 249 in H5FD_write(): driver write request failed
    major: Virtual File Layer
    minor: Write failed
  #012: /scratch/spack_cpu/job_21700923/spack-stage/spack-stage-hdf5-1.10.7-xexa2gll6hf6okdatgrxiwhcjs2uepc7/spack-src/src/H5FDsec2.c line 856 in H5FD__sec2_write(): file write failed: time = Wed Nov 19 08:22:39 2025
, filename = 'checkpoint.h5', file descriptor = 5, errno = 14, error message = 'Bad address', buf = 0x1555537c4000, total write size = 15969552, bytes this sub-write = 15969552, bytes actually written = 18446744073709551615, offset = 0
    major: Low-level I/O
    minor: Write failed
HDF5-DIAG: Error detected in HDF5 (1.10.7) thread 0:
  #000: /scratch/spack_cpu/job_21700923/spack-stage/spack-stage-hdf5-1.10.7-xexa2gll6hf6okdatgrxiwhcjs2uepc7/spack-src/src/H5Dio.c line 335 in H5Dwrite(): can't write data
    major: Dataset
    minor: Write failed
  #001: /scratch/spack_cpu/job_21700923/spack-stage/spack-stage-hdf5-1.10.7-xexa2gll6hf6okdatgrxiwhcjs2uepc7/spack-src/src/H5Dio.c line 813 in H5D__write(): can't write data
    major: Dataset
    minor: Write failed
  #002: /scratch/spack_cpu/job_21700923/spack-stage/spack-stage-hdf5-1.10.7-xexa2gll6hf6okdatgrxiwhcjs2uepc7/spack-src/src/H5Dcontig.c line 659 in H5D__contig_write(): contiguous write failed
    major: Dataset
    minor: Write failed
  #003: /scratch/spack_cpu/job_21700923/spack-stage/spack-stage-hdf5-1.10.7-xexa2gll6hf6okdatgrxiwhcjs2uepc7/spack-src/src/H5Dselect.c line 321 in H5D__select_write(): write error
    major: Dataspace
    minor: Write failed
  #004: /scratch/spack_cpu/job_21700923/spack-stage/spack-stage-hdf5-1.10.7-xexa2gll6hf6okdatgrxiwhcjs2uepc7/spack-src/src/H5Dselect.c line 230 in H5D__select_io(): write error
    major: Dataspace
    minor: Write failed
  #005: /scratch/spack_cpu/job_21700923/spack-stage/spack-stage-hdf5-1.10.7-xexa2gll6hf6okdatgrxiwhcjs2uepc7/spack-src/src/H5Dcontig.c line 1281 in H5D__contig_writevv(): can't perform vectorized sieve buffer write
    major: Dataset
    minor: Can't operate on object
  #006: /scratch/spack_cpu/job_21700923/spack-stage/spack-stage-hdf5-1.10.7-xexa2gll6hf6okdatgrxiwhcjs2uepc7/spack-src/src/H5VM.c line 1464 in H5VM_opvv(): can't perform operation
    major: Internal error (too specific to document in detail)
    minor: Can't operate on object
  #007: /scratch/spack_cpu/job_21700923/spack-stage/spack-stage-hdf5-1.10.7-xexa2gll6hf6okdatgrxiwhcjs2uepc7/spack-src/src/H5Dcontig.c line 1029 in H5D__contig_writevv_sieve_cb(): block write failed
    major: Dataset
    minor: Write failed
  #008: /scratch/spack_cpu/job_21700923/spack-stage/spack-stage-hdf5-1.10.7-xexa2gll6hf6okdatgrxiwhcjs2uepc7/spack-src/src/H5Fio.c line 161 in H5F_block_write(): write through page buffer failed
    major: Low-level I/O
    minor: Write failed
  #009: /scratch/spack_cpu/job_21700923/spack-stage/spack-stage-hdf5-1.10.7-xexa2gll6hf6okdatgrxiwhcjs2uepc7/spack-src/src/H5PB.c line 1032 in H5PB_write(): write through metadata accumulator failed
    major: Page Buffering
    minor: Write failed
  #010: /scratch/spack_cpu/job_21700923/spack-stage/spack-stage-hdf5-1.10.7-xexa2gll6hf6okdatgrxiwhcjs2uepc7/spack-src/src/H5Faccum.c line 824 in H5F__accum_write(): file write failed
    major: Low-level I/O
    minor: Write failed
  #011: /scratch/spack_cpu/job_21700923/spack-stage/spack-stage-hdf5-1.10.7-xexa2gll6hf6okdatgrxiwhcjs2uepc7/spack-src/src/H5FDint.c line 249 in H5FD_write(): driver write request failed
    major: Virtual File Layer
    minor: Write failed
  #012: /scratch/spack_cpu/job_21700923/spack-stage/spack-stage-hdf5-1.10.7-xexa2gll6hf6okdatgrxiwhcjs2uepc7/spack-src/src/H5FDsec2.c line 856 in H5FD__sec2_write(): file write failed: time = Wed Nov 19 08:22:47 2025
, filename = 'checkpoint.h5', file descriptor = 5, errno = 14, error message = 'Bad address', buf = 0x1555537c4000, total write size = 15969552, bytes this sub-write = 15969552, bytes actually written = 18446744073709551615, offset = 0
    major: Low-level I/O
    minor: Write failed
HDF5-DIAG: Error detected in HDF5 (1.10.7) thread 0:
  #000: /scratch/spack_cpu/job_21700923/spack-stage/spack-stage-hdf5-1.10.7-xexa2gll6hf6okdatgrxiwhcjs2uepc7/spack-src/src/H5Dio.c line 335 in H5Dwrite(): can't write data
    major: Dataset
    minor: Write failed
  #001: /scratch/spack_cpu/job_21700923/spack-stage/spack-stage-hdf5-1.10.7-xexa2gll6hf6okdatgrxiwhcjs2uepc7/spack-src/src/H5Dio.c line 813 in H5D__write(): can't write data
    major: Dataset
    minor: Write failed
  #002: /scratch/spack_cpu/job_21700923/spack-stage/spack-stage-hdf5-1.10.7-xexa2gll6hf6okdatgrxiwhcjs2uepc7/spack-src/src/H5Dcontig.c line 659 in H5D__contig_write(): contiguous write failed
    major: Dataset
    minor: Write failed
  #003: /scratch/spack_cpu/job_21700923/spack-stage/spack-stage-hdf5-1.10.7-xexa2gll6hf6okdatgrxiwhcjs2uepc7/spack-src/src/H5Dselect.c line 321 in H5D__select_write(): write error
    major: Dataspace
    minor: Write failed
  #004: /scratch/spack_cpu/job_21700923/spack-stage/spack-stage-hdf5-1.10.7-xexa2gll6hf6okdatgrxiwhcjs2uepc7/spack-src/src/H5Dselect.c line 230 in H5D__select_io(): write error
    major: Dataspace
    minor: Write failed
  #005: /scratch/spack_cpu/job_21700923/spack-stage/spack-stage-hdf5-1.10.7-xexa2gll6hf6okdatgrxiwhcjs2uepc7/spack-src/src/H5Dcontig.c line 1281 in H5D__contig_writevv(): can't perform vectorized sieve buffer write
    major: Dataset
    minor: Can't operate on object
  #006: /scratch/spack_cpu/job_21700923/spack-stage/spack-stage-hdf5-1.10.7-xexa2gll6hf6okdatgrxiwhcjs2uepc7/spack-src/src/H5VM.c line 1464 in H5VM_opvv(): can't perform operation
    major: Internal error (too specific to document in detail)
    minor: Can't operate on object
  #007: /scratch/spack_cpu/job_21700923/spack-stage/spack-stage-hdf5-1.10.7-xexa2gll6hf6okdatgrxiwhcjs2uepc7/spack-src/src/H5Dcontig.c line 1029 in H5D__contig_writevv_sieve_cb(): block write failed
    major: Dataset
    minor: Write failed
  #008: /scratch/spack_cpu/job_21700923/spack-stage/spack-stage-hdf5-1.10.7-xexa2gll6hf6okdatgrxiwhcjs2uepc7/spack-src/src/H5Fio.c line 161 in H5F_block_write(): write through page buffer failed
    major: Low-level I/O
    minor: Write failed
  #009: /scratch/spack_cpu/job_21700923/spack-stage/spack-stage-hdf5-1.10.7-xexa2gll6hf6okdatgrxiwhcjs2uepc7/spack-src/src/H5PB.c line 1032 in H5PB_write(): write through metadata accumulator failed
    major: Page Buffering
    minor: Write failed
  #010: /scratch/spack_cpu/job_21700923/spack-stage/spack-stage-hdf5-1.10.7-xexa2gll6hf6okdatgrxiwhcjs2uepc7/spack-src/src/H5Faccum.c line 824 in H5F__accum_write(): file write failed
    major: Low-level I/O
    minor: Write failed
  #011: /scratch/spack_cpu/job_21700923/spack-stage/spack-stage-hdf5-1.10.7-xexa2gll6hf6okdatgrxiwhcjs2uepc7/spack-src/src/H5FDint.c line 249 in H5FD_write(): driver write request failed
    major: Virtual File Layer
    minor: Write failed
  #012: /scratch/spack_cpu/job_21700923/spack-stage/spack-stage-hdf5-1.10.7-xexa2gll6hf6okdatgrxiwhcjs2uepc7/spack-src/src/H5FDsec2.c line 856 in H5FD__sec2_write(): file write failed: time = Wed Nov 19 08:22:56 2025
, filename = 'checkpoint.h5', file descriptor = 5, errno = 14, error message = 'Bad address', buf = 0x1555537c4000, total write size = 15969552, bytes this sub-write = 15969552, bytes actually written = 18446744073709551615, offset = 0
    major: Low-level I/O
    minor: Write failed
HDF5-DIAG: Error detected in HDF5 (1.10.7) thread 0:
  #000: /scratch/spack_cpu/job_21700923/spack-stage/spack-stage-hdf5-1.10.7-xexa2gll6hf6okdatgrxiwhcjs2uepc7/spack-src/src/H5Dio.c line 335 in H5Dwrite(): can't write data
    major: Dataset
    minor: Write failed
  #001: /scratch/spack_cpu/job_21700923/spack-stage/spack-stage-hdf5-1.10.7-xexa2gll6hf6okdatgrxiwhcjs2uepc7/spack-src/src/H5Dio.c line 813 in H5D__write(): can't write data
    major: Dataset
    minor: Write failed
  #002: /scratch/spack_cpu/job_21700923/spack-stage/spack-stage-hdf5-1.10.7-xexa2gll6hf6okdatgrxiwhcjs2uepc7/spack-src/src/H5Dcontig.c line 659 in H5D__contig_write(): contiguous write failed
    major: Dataset
    minor: Write failed
  #003: /scratch/spack_cpu/job_21700923/spack-stage/spack-stage-hdf5-1.10.7-xexa2gll6hf6okdatgrxiwhcjs2uepc7/spack-src/src/H5Dselect.c line 321 in H5D__select_write(): write error
    major: Dataspace
    minor: Write failed
  #004: /scratch/spack_cpu/job_21700923/spack-stage/spack-stage-hdf5-1.10.7-xexa2gll6hf6okdatgrxiwhcjs2uepc7/spack-src/src/H5Dselect.c line 230 in H5D__select_io(): write error
    major: Dataspace
    minor: Write failed
  #005: /scratch/spack_cpu/job_21700923/spack-stage/spack-stage-hdf5-1.10.7-xexa2gll6hf6okdatgrxiwhcjs2uepc7/spack-src/src/H5Dcontig.c line 1281 in H5D__contig_writevv(): can't perform vectorized sieve buffer write
    major: Dataset
    minor: Can't operate on object
  #006: /scratch/spack_cpu/job_21700923/spack-stage/spack-stage-hdf5-1.10.7-xexa2gll6hf6okdatgrxiwhcjs2uepc7/spack-src/src/H5VM.c line 1464 in H5VM_opvv(): can't perform operation
    major: Internal error (too specific to document in detail)
    minor: Can't operate on object
  #007: /scratch/spack_cpu/job_21700923/spack-stage/spack-stage-hdf5-1.10.7-xexa2gll6hf6okdatgrxiwhcjs2uepc7/spack-src/src/H5Dcontig.c line 1029 in H5D__contig_writevv_sieve_cb(): block write failed
    major: Dataset
    minor: Write failed
  #008: /scratch/spack_cpu/job_21700923/spack-stage/spack-stage-hdf5-1.10.7-xexa2gll6hf6okdatgrxiwhcjs2uepc7/spack-src/src/H5Fio.c line 161 in H5F_block_write(): write through page buffer failed
    major: Low-level I/O
    minor: Write failed
  #009: /scratch/spack_cpu/job_21700923/spack-stage/spack-stage-hdf5-1.10.7-xexa2gll6hf6okdatgrxiwhcjs2uepc7/spack-src/src/H5PB.c line 1032 in H5PB_write(): write through metadata accumulator failed
    major: Page Buffering
    minor: Write failed
  #010: /scratch/spack_cpu/job_21700923/spack-stage/spack-stage-hdf5-1.10.7-xexa2gll6hf6okdatgrxiwhcjs2uepc7/spack-src/src/H5Faccum.c line 824 in H5F__accum_write(): file write failed
    major: Low-level I/O
    minor: Write failed
  #011: /scratch/spack_cpu/job_21700923/spack-stage/spack-stage-hdf5-1.10.7-xexa2gll6hf6okdatgrxiwhcjs2uepc7/spack-src/src/H5FDint.c line 249 in H5FD_write(): driver write request failed
    major: Virtual File Layer
    minor: Write failed
  #012: /scratch/spack_cpu/job_21700923/spack-stage/spack-stage-hdf5-1.10.7-xexa2gll6hf6okdatgrxiwhcjs2uepc7/spack-src/src/H5FDsec2.c line 856 in H5FD__sec2_write(): file write failed: time = Wed Nov 19 08:23:04 2025
, filename = 'checkpoint.h5', file descriptor = 5, errno = 14, error message = 'Bad address', buf = 0x1555537c4000, total write size = 15969552, bytes this sub-write = 15969552, bytes actually written = 18446744073709551615, offset = 0
    major: Low-level I/O
    minor: Write failed
HDF5-DIAG: Error detected in HDF5 (1.10.7) thread 0:
  #000: /scratch/spack_cpu/job_21700923/spack-stage/spack-stage-hdf5-1.10.7-xexa2gll6hf6okdatgrxiwhcjs2uepc7/spack-src/src/H5Dio.c line 335 in H5Dwrite(): can't write data
    major: Dataset
    minor: Write failed
  #001: /scratch/spack_cpu/job_21700923/spack-stage/spack-stage-hdf5-1.10.7-xexa2gll6hf6okdatgrxiwhcjs2uepc7/spack-src/src/H5Dio.c line 813 in H5D__write(): can't write data
    major: Dataset
    minor: Write failed
  #002: /scratch/spack_cpu/job_21700923/spack-stage/spack-stage-hdf5-1.10.7-xexa2gll6hf6okdatgrxiwhcjs2uepc7/spack-src/src/H5Dcontig.c line 659 in H5D__contig_write(): contiguous write failed
    major: Dataset
    minor: Write failed
  #003: /scratch/spack_cpu/job_21700923/spack-stage/spack-stage-hdf5-1.10.7-xexa2gll6hf6okdatgrxiwhcjs2uepc7/spack-src/src/H5Dselect.c line 321 in H5D__select_write(): write error
    major: Dataspace
    minor: Write failed
  #004: /scratch/spack_cpu/job_21700923/spack-stage/spack-stage-hdf5-1.10.7-xexa2gll6hf6okdatgrxiwhcjs2uepc7/spack-src/src/H5Dselect.c line 230 in H5D__select_io(): write error
    major: Dataspace
    minor: Write failed
  #005: /scratch/spack_cpu/job_21700923/spack-stage/spack-stage-hdf5-1.10.7-xexa2gll6hf6okdatgrxiwhcjs2uepc7/spack-src/src/H5Dcontig.c line 1281 in H5D__contig_writevv(): can't perform vectorized sieve buffer write
    major: Dataset
    minor: Can't operate on object
  #006: /scratch/spack_cpu/job_21700923/spack-stage/spack-stage-hdf5-1.10.7-xexa2gll6hf6okdatgrxiwhcjs2uepc7/spack-src/src/H5VM.c line 1464 in H5VM_opvv(): can't perform operation
    major: Internal error (too specific to document in detail)
    minor: Can't operate on object
  #007: /scratch/spack_cpu/job_21700923/spack-stage/spack-stage-hdf5-1.10.7-xexa2gll6hf6okdatgrxiwhcjs2uepc7/spack-src/src/H5Dcontig.c line 1029 in H5D__contig_writevv_sieve_cb(): block write failed
    major: Dataset
    minor: Write failed
  #008: /scratch/spack_cpu/job_21700923/spack-stage/spack-stage-hdf5-1.10.7-xexa2gll6hf6okdatgrxiwhcjs2uepc7/spack-src/src/H5Fio.c line 161 in H5F_block_write(): write through page buffer failed
    major: Low-level I/O
    minor: Write failed
  #009: /scratch/spack_cpu/job_21700923/spack-stage/spack-stage-hdf5-1.10.7-xexa2gll6hf6okdatgrxiwhcjs2uepc7/spack-src/src/H5PB.c line 1032 in H5PB_write(): write through metadata accumulator failed
    major: Page Buffering
    minor: Write failed
  #010: /scratch/spack_cpu/job_21700923/spack-stage/spack-stage-hdf5-1.10.7-xexa2gll6hf6okdatgrxiwhcjs2uepc7/spack-src/src/H5Faccum.c line 824 in H5F__accum_write(): file write failed
    major: Low-level I/O
    minor: Write failed
  #011: /scratch/spack_cpu/job_21700923/spack-stage/spack-stage-hdf5-1.10.7-xexa2gll6hf6okdatgrxiwhcjs2uepc7/spack-src/src/H5FDint.c line 249 in H5FD_write(): driver write request failed
    major: Virtual File Layer
    minor: Write failed
  #012: /scratch/spack_cpu/job_21700923/spack-stage/spack-stage-hdf5-1.10.7-xexa2gll6hf6okdatgrxiwhcjs2uepc7/spack-src/src/H5FDsec2.c line 856 in H5FD__sec2_write(): file write failed: time = Wed Nov 19 08:23:12 2025
, filename = 'checkpoint.h5', file descriptor = 5, errno = 14, error message = 'Bad address', buf = 0x1555537c4000, total write size = 15969552, bytes this sub-write = 15969552, bytes actually written = 18446744073709551615, offset = 0
    major: Low-level I/O
    minor: Write failed
HDF5-DIAG: Error detected in HDF5 (1.10.7) thread 0:
  #000: /scratch/spack_cpu/job_21700923/spack-stage/spack-stage-hdf5-1.10.7-xexa2gll6hf6okdatgrxiwhcjs2uepc7/spack-src/src/H5Dio.c line 335 in H5Dwrite(): can't write data
    major: Dataset
    minor: Write failed
  #001: /scratch/spack_cpu/job_21700923/spack-stage/spack-stage-hdf5-1.10.7-xexa2gll6hf6okdatgrxiwhcjs2uepc7/spack-src/src/H5Dio.c line 813 in H5D__write(): can't write data
    major: Dataset
    minor: Write failed
  #002: /scratch/spack_cpu/job_21700923/spack-stage/spack-stage-hdf5-1.10.7-xexa2gll6hf6okdatgrxiwhcjs2uepc7/spack-src/src/H5Dcontig.c line 659 in H5D__contig_write(): contiguous write failed
    major: Dataset
    minor: Write failed
  #003: /scratch/spack_cpu/job_21700923/spack-stage/spack-stage-hdf5-1.10.7-xexa2gll6hf6okdatgrxiwhcjs2uepc7/spack-src/src/H5Dselect.c line 321 in H5D__select_write(): write error
    major: Dataspace
    minor: Write failed
  #004: /scratch/spack_cpu/job_21700923/spack-stage/spack-stage-hdf5-1.10.7-xexa2gll6hf6okdatgrxiwhcjs2uepc7/spack-src/src/H5Dselect.c line 230 in H5D__select_io(): write error
    major: Dataspace
    minor: Write failed
  #005: /scratch/spack_cpu/job_21700923/spack-stage/spack-stage-hdf5-1.10.7-xexa2gll6hf6okdatgrxiwhcjs2uepc7/spack-src/src/H5Dcontig.c line 1281 in H5D__contig_writevv(): can't perform vectorized sieve buffer write
    major: Dataset
    minor: Can't operate on object
  #006: /scratch/spack_cpu/job_21700923/spack-stage/spack-stage-hdf5-1.10.7-xexa2gll6hf6okdatgrxiwhcjs2uepc7/spack-src/src/H5VM.c line 1464 in H5VM_opvv(): can't perform operation
    major: Internal error (too specific to document in detail)
    minor: Can't operate on object
  #007: /scratch/spack_cpu/job_21700923/spack-stage/spack-stage-hdf5-1.10.7-xexa2gll6hf6okdatgrxiwhcjs2uepc7/spack-src/src/H5Dcontig.c line 1029 in H5D__contig_writevv_sieve_cb(): block write failed
    major: Dataset
    minor: Write failed
  #008: /scratch/spack_cpu/job_21700923/spack-stage/spack-stage-hdf5-1.10.7-xexa2gll6hf6okdatgrxiwhcjs2uepc7/spack-src/src/H5Fio.c line 161 in H5F_block_write(): write through page buffer failed
    major: Low-level I/O
    minor: Write failed
  #009: /scratch/spack_cpu/job_21700923/spack-stage/spack-stage-hdf5-1.10.7-xexa2gll6hf6okdatgrxiwhcjs2uepc7/spack-src/src/H5PB.c line 1032 in H5PB_write(): write through metadata accumulator failed
    major: Page Buffering
    minor: Write failed
  #010: /scratch/spack_cpu/job_21700923/spack-stage/spack-stage-hdf5-1.10.7-xexa2gll6hf6okdatgrxiwhcjs2uepc7/spack-src/src/H5Faccum.c line 824 in H5F__accum_write(): file write failed
    major: Low-level I/O
    minor: Write failed
  #011: /scratch/spack_cpu/job_21700923/spack-stage/spack-stage-hdf5-1.10.7-xexa2gll6hf6okdatgrxiwhcjs2uepc7/spack-src/src/H5FDint.c line 249 in H5FD_write(): driver write request failed
    major: Virtual File Layer
    minor: Write failed
  #012: /scratch/spack_cpu/job_21700923/spack-stage/spack-stage-hdf5-1.10.7-xexa2gll6hf6okdatgrxiwhcjs2uepc7/spack-src/src/H5FDsec2.c line 856 in H5FD__sec2_write(): file write failed: time = Wed Nov 19 08:23:20 2025
, filename = 'checkpoint.h5', file descriptor = 5, errno = 14, error message = 'Bad address', buf = 0x1555537c4000, total write size = 15969552, bytes this sub-write = 15969552, bytes actually written = 18446744073709551615, offset = 0
    major: Low-level I/O
    minor: Write failed
HDF5-DIAG: Error detected in HDF5 (1.10.7) thread 0:
  #000: /scratch/spack_cpu/job_21700923/spack-stage/spack-stage-hdf5-1.10.7-xexa2gll6hf6okdatgrxiwhcjs2uepc7/spack-src/src/H5Dio.c line 335 in H5Dwrite(): can't write data
    major: Dataset
    minor: Write failed
  #001: /scratch/spack_cpu/job_21700923/spack-stage/spack-stage-hdf5-1.10.7-xexa2gll6hf6okdatgrxiwhcjs2uepc7/spack-src/src/H5Dio.c line 813 in H5D__write(): can't write data
    major: Dataset
    minor: Write failed
  #002: /scratch/spack_cpu/job_21700923/spack-stage/spack-stage-hdf5-1.10.7-xexa2gll6hf6okdatgrxiwhcjs2uepc7/spack-src/src/H5Dcontig.c line 659 in H5D__contig_write(): contiguous write failed
    major: Dataset
    minor: Write failed
  #003: /scratch/spack_cpu/job_21700923/spack-stage/spack-stage-hdf5-1.10.7-xexa2gll6hf6okdatgrxiwhcjs2uepc7/spack-src/src/H5Dselect.c line 321 in H5D__select_write(): write error
    major: Dataspace
    minor: Write failed
  #004: /scratch/spack_cpu/job_21700923/spack-stage/spack-stage-hdf5-1.10.7-xexa2gll6hf6okdatgrxiwhcjs2uepc7/spack-src/src/H5Dselect.c line 230 in H5D__select_io(): write error
    major: Dataspace
    minor: Write failed
  #005: /scratch/spack_cpu/job_21700923/spack-stage/spack-stage-hdf5-1.10.7-xexa2gll6hf6okdatgrxiwhcjs2uepc7/spack-src/src/H5Dcontig.c line 1281 in H5D__contig_writevv(): can't perform vectorized sieve buffer write
    major: Dataset
    minor: Can't operate on object
  #006: /scratch/spack_cpu/job_21700923/spack-stage/spack-stage-hdf5-1.10.7-xexa2gll6hf6okdatgrxiwhcjs2uepc7/spack-src/src/H5VM.c line 1464 in H5VM_opvv(): can't perform operation
    major: Internal error (too specific to document in detail)
    minor: Can't operate on object
  #007: /scratch/spack_cpu/job_21700923/spack-stage/spack-stage-hdf5-1.10.7-xexa2gll6hf6okdatgrxiwhcjs2uepc7/spack-src/src/H5Dcontig.c line 1029 in H5D__contig_writevv_sieve_cb(): block write failed
    major: Dataset
    minor: Write failed
  #008: /scratch/spack_cpu/job_21700923/spack-stage/spack-stage-hdf5-1.10.7-xexa2gll6hf6okdatgrxiwhcjs2uepc7/spack-src/src/H5Fio.c line 161 in H5F_block_write(): write through page buffer failed
    major: Low-level I/O
    minor: Write failed
  #009: /scratch/spack_cpu/job_21700923/spack-stage/spack-stage-hdf5-1.10.7-xexa2gll6hf6okdatgrxiwhcjs2uepc7/spack-src/src/H5PB.c line 1032 in H5PB_write(): write through metadata accumulator failed
    major: Page Buffering
    minor: Write failed
  #010: /scratch/spack_cpu/job_21700923/spack-stage/spack-stage-hdf5-1.10.7-xexa2gll6hf6okdatgrxiwhcjs2uepc7/spack-src/src/H5Faccum.c line 824 in H5F__accum_write(): file write failed
    major: Low-level I/O
    minor: Write failed
  #011: /scratch/spack_cpu/job_21700923/spack-stage/spack-stage-hdf5-1.10.7-xexa2gll6hf6okdatgrxiwhcjs2uepc7/spack-src/src/H5FDint.c line 249 in H5FD_write(): driver write request failed
    major: Virtual File Layer
    minor: Write failed
  #012: /scratch/spack_cpu/job_21700923/spack-stage/spack-stage-hdf5-1.10.7-xexa2gll6hf6okdatgrxiwhcjs2uepc7/spack-src/src/H5FDsec2.c line 856 in H5FD__sec2_write(): file write failed: time = Wed Nov 19 08:23:29 2025
, filename = 'checkpoint.h5', file descriptor = 5, errno = 14, error message = 'Bad address', buf = 0x1555537c4000, total write size = 15969552, bytes this sub-write = 15969552, bytes actually written = 18446744073709551615, offset = 0
    major: Low-level I/O
    minor: Write failed
HDF5-DIAG: Error detected in HDF5 (1.10.7) thread 0:
  #000: /scratch/spack_cpu/job_21700923/spack-stage/spack-stage-hdf5-1.10.7-xexa2gll6hf6okdatgrxiwhcjs2uepc7/spack-src/src/H5Dio.c line 335 in H5Dwrite(): can't write data
    major: Dataset
    minor: Write failed
  #001: /scratch/spack_cpu/job_21700923/spack-stage/spack-stage-hdf5-1.10.7-xexa2gll6hf6okdatgrxiwhcjs2uepc7/spack-src/src/H5Dio.c line 813 in H5D__write(): can't write data
    major: Dataset
    minor: Write failed
  #002: /scratch/spack_cpu/job_21700923/spack-stage/spack-stage-hdf5-1.10.7-xexa2gll6hf6okdatgrxiwhcjs2uepc7/spack-src/src/H5Dcontig.c line 659 in H5D__contig_write(): contiguous write failed
    major: Dataset
    minor: Write failed
  #003: /scratch/spack_cpu/job_21700923/spack-stage/spack-stage-hdf5-1.10.7-xexa2gll6hf6okdatgrxiwhcjs2uepc7/spack-src/src/H5Dselect.c line 321 in H5D__select_write(): write error
    major: Dataspace
    minor: Write failed
  #004: /scratch/spack_cpu/job_21700923/spack-stage/spack-stage-hdf5-1.10.7-xexa2gll6hf6okdatgrxiwhcjs2uepc7/spack-src/src/H5Dselect.c line 230 in H5D__select_io(): write error
    major: Dataspace
    minor: Write failed
  #005: /scratch/spack_cpu/job_21700923/spack-stage/spack-stage-hdf5-1.10.7-xexa2gll6hf6okdatgrxiwhcjs2uepc7/spack-src/src/H5Dcontig.c line 1281 in H5D__contig_writevv(): can't perform vectorized sieve buffer write
    major: Dataset
    minor: Can't operate on object
  #006: /scratch/spack_cpu/job_21700923/spack-stage/spack-stage-hdf5-1.10.7-xexa2gll6hf6okdatgrxiwhcjs2uepc7/spack-src/src/H5VM.c line 1464 in H5VM_opvv(): can't perform operation
    major: Internal error (too specific to document in detail)
    minor: Can't operate on object
  #007: /scratch/spack_cpu/job_21700923/spack-stage/spack-stage-hdf5-1.10.7-xexa2gll6hf6okdatgrxiwhcjs2uepc7/spack-src/src/H5Dcontig.c line 1029 in H5D__contig_writevv_sieve_cb(): block write failed
    major: Dataset
    minor: Write failed
  #008: /scratch/spack_cpu/job_21700923/spack-stage/spack-stage-hdf5-1.10.7-xexa2gll6hf6okdatgrxiwhcjs2uepc7/spack-src/src/H5Fio.c line 161 in H5F_block_write(): write through page buffer failed
    major: Low-level I/O
    minor: Write failed
  #009: /scratch/spack_cpu/job_21700923/spack-stage/spack-stage-hdf5-1.10.7-xexa2gll6hf6okdatgrxiwhcjs2uepc7/spack-src/src/H5PB.c line 1032 in H5PB_write(): write through metadata accumulator failed
    major: Page Buffering
    minor: Write failed
  #010: /scratch/spack_cpu/job_21700923/spack-stage/spack-stage-hdf5-1.10.7-xexa2gll6hf6okdatgrxiwhcjs2uepc7/spack-src/src/H5Faccum.c line 824 in H5F__accum_write(): file write failed
    major: Low-level I/O
    minor: Write failed
  #011: /scratch/spack_cpu/job_21700923/spack-stage/spack-stage-hdf5-1.10.7-xexa2gll6hf6okdatgrxiwhcjs2uepc7/spack-src/src/H5FDint.c line 249 in H5FD_write(): driver write request failed
    major: Virtual File Layer
    minor: Write failed
  #012: /scratch/spack_cpu/job_21700923/spack-stage/spack-stage-hdf5-1.10.7-xexa2gll6hf6okdatgrxiwhcjs2uepc7/spack-src/src/H5FDsec2.c line 856 in H5FD__sec2_write(): file write failed: time = Wed Nov 19 08:23:37 2025
, filename = 'checkpoint.h5', file descriptor = 5, errno = 14, error message = 'Bad address', buf = 0x1555537c4000, total write size = 15969552, bytes this sub-write = 15969552, bytes actually written = 18446744073709551615, offset = 0
    major: Low-level I/O
    minor: Write failed
HDF5-DIAG: Error detected in HDF5 (1.10.7) thread 0:
  #000: /scratch/spack_cpu/job_21700923/spack-stage/spack-stage-hdf5-1.10.7-xexa2gll6hf6okdatgrxiwhcjs2uepc7/spack-src/src/H5Dio.c line 335 in H5Dwrite(): can't write data
    major: Dataset
    minor: Write failed
  #001: /scratch/spack_cpu/job_21700923/spack-stage/spack-stage-hdf5-1.10.7-xexa2gll6hf6okdatgrxiwhcjs2uepc7/spack-src/src/H5Dio.c line 813 in H5D__write(): can't write data
    major: Dataset
    minor: Write failed
  #002: /scratch/spack_cpu/job_21700923/spack-stage/spack-stage-hdf5-1.10.7-xexa2gll6hf6okdatgrxiwhcjs2uepc7/spack-src/src/H5Dcontig.c line 659 in H5D__contig_write(): contiguous write failed
    major: Dataset
    minor: Write failed
  #003: /scratch/spack_cpu/job_21700923/spack-stage/spack-stage-hdf5-1.10.7-xexa2gll6hf6okdatgrxiwhcjs2uepc7/spack-src/src/H5Dselect.c line 321 in H5D__select_write(): write error
    major: Dataspace
    minor: Write failed
  #004: /scratch/spack_cpu/job_21700923/spack-stage/spack-stage-hdf5-1.10.7-xexa2gll6hf6okdatgrxiwhcjs2uepc7/spack-src/src/H5Dselect.c line 230 in H5D__select_io(): write error
    major: Dataspace
    minor: Write failed
  #005: /scratch/spack_cpu/job_21700923/spack-stage/spack-stage-hdf5-1.10.7-xexa2gll6hf6okdatgrxiwhcjs2uepc7/spack-src/src/H5Dcontig.c line 1281 in H5D__contig_writevv(): can't perform vectorized sieve buffer write
    major: Dataset
    minor: Can't operate on object
  #006: /scratch/spack_cpu/job_21700923/spack-stage/spack-stage-hdf5-1.10.7-xexa2gll6hf6okdatgrxiwhcjs2uepc7/spack-src/src/H5VM.c line 1464 in H5VM_opvv(): can't perform operation
    major: Internal error (too specific to document in detail)
    minor: Can't operate on object
  #007: /scratch/spack_cpu/job_21700923/spack-stage/spack-stage-hdf5-1.10.7-xexa2gll6hf6okdatgrxiwhcjs2uepc7/spack-src/src/H5Dcontig.c line 1029 in H5D__contig_writevv_sieve_cb(): block write failed
    major: Dataset
    minor: Write failed
  #008: /scratch/spack_cpu/job_21700923/spack-stage/spack-stage-hdf5-1.10.7-xexa2gll6hf6okdatgrxiwhcjs2uepc7/spack-src/src/H5Fio.c line 161 in H5F_block_write(): write through page buffer failed
    major: Low-level I/O
    minor: Write failed
  #009: /scratch/spack_cpu/job_21700923/spack-stage/spack-stage-hdf5-1.10.7-xexa2gll6hf6okdatgrxiwhcjs2uepc7/spack-src/src/H5PB.c line 1032 in H5PB_write(): write through metadata accumulator failed
    major: Page Buffering
    minor: Write failed
  #010: /scratch/spack_cpu/job_21700923/spack-stage/spack-stage-hdf5-1.10.7-xexa2gll6hf6okdatgrxiwhcjs2uepc7/spack-src/src/H5Faccum.c line 824 in H5F__accum_write(): file write failed
    major: Low-level I/O
    minor: Write failed
  #011: /scratch/spack_cpu/job_21700923/spack-stage/spack-stage-hdf5-1.10.7-xexa2gll6hf6okdatgrxiwhcjs2uepc7/spack-src/src/H5FDint.c line 249 in H5FD_write(): driver write request failed
    major: Virtual File Layer
    minor: Write failed
  #012: /scratch/spack_cpu/job_21700923/spack-stage/spack-stage-hdf5-1.10.7-xexa2gll6hf6okdatgrxiwhcjs2uepc7/spack-src/src/H5FDsec2.c line 856 in H5FD__sec2_write(): file write failed: time = Wed Nov 19 08:23:45 2025
, filename = 'checkpoint.h5', file descriptor = 5, errno = 14, error message = 'Bad address', buf = 0x1555537c4000, total write size = 15969552, bytes this sub-write = 15969552, bytes actually written = 18446744073709551615, offset = 0
    major: Low-level I/O
    minor: Write failed
HDF5-DIAG: Error detected in HDF5 (1.10.7) thread 0:
  #000: /scratch/spack_cpu/job_21700923/spack-stage/spack-stage-hdf5-1.10.7-xexa2gll6hf6okdatgrxiwhcjs2uepc7/spack-src/src/H5Dio.c line 335 in H5Dwrite(): can't write data
    major: Dataset
    minor: Write failed
  #001: /scratch/spack_cpu/job_21700923/spack-stage/spack-stage-hdf5-1.10.7-xexa2gll6hf6okdatgrxiwhcjs2uepc7/spack-src/src/H5Dio.c line 813 in H5D__write(): can't write data
    major: Dataset
    minor: Write failed
  #002: /scratch/spack_cpu/job_21700923/spack-stage/spack-stage-hdf5-1.10.7-xexa2gll6hf6okdatgrxiwhcjs2uepc7/spack-src/src/H5Dcontig.c line 659 in H5D__contig_write(): contiguous write failed
    major: Dataset
    minor: Write failed
  #003: /scratch/spack_cpu/job_21700923/spack-stage/spack-stage-hdf5-1.10.7-xexa2gll6hf6okdatgrxiwhcjs2uepc7/spack-src/src/H5Dselect.c line 321 in H5D__select_write(): write error
    major: Dataspace
    minor: Write failed
  #004: /scratch/spack_cpu/job_21700923/spack-stage/spack-stage-hdf5-1.10.7-xexa2gll6hf6okdatgrxiwhcjs2uepc7/spack-src/src/H5Dselect.c line 230 in H5D__select_io(): write error
    major: Dataspace
    minor: Write failed
  #005: /scratch/spack_cpu/job_21700923/spack-stage/spack-stage-hdf5-1.10.7-xexa2gll6hf6okdatgrxiwhcjs2uepc7/spack-src/src/H5Dcontig.c line 1281 in H5D__contig_writevv(): can't perform vectorized sieve buffer write
    major: Dataset
    minor: Can't operate on object
  #006: /scratch/spack_cpu/job_21700923/spack-stage/spack-stage-hdf5-1.10.7-xexa2gll6hf6okdatgrxiwhcjs2uepc7/spack-src/src/H5VM.c line 1464 in H5VM_opvv(): can't perform operation
    major: Internal error (too specific to document in detail)
    minor: Can't operate on object
  #007: /scratch/spack_cpu/job_21700923/spack-stage/spack-stage-hdf5-1.10.7-xexa2gll6hf6okdatgrxiwhcjs2uepc7/spack-src/src/H5Dcontig.c line 1029 in H5D__contig_writevv_sieve_cb(): block write failed
    major: Dataset
    minor: Write failed
  #008: /scratch/spack_cpu/job_21700923/spack-stage/spack-stage-hdf5-1.10.7-xexa2gll6hf6okdatgrxiwhcjs2uepc7/spack-src/src/H5Fio.c line 161 in H5F_block_write(): write through page buffer failed
    major: Low-level I/O
    minor: Write failed
  #009: /scratch/spack_cpu/job_21700923/spack-stage/spack-stage-hdf5-1.10.7-xexa2gll6hf6okdatgrxiwhcjs2uepc7/spack-src/src/H5PB.c line 1032 in H5PB_write(): write through metadata accumulator failed
    major: Page Buffering
    minor: Write failed
  #010: /scratch/spack_cpu/job_21700923/spack-stage/spack-stage-hdf5-1.10.7-xexa2gll6hf6okdatgrxiwhcjs2uepc7/spack-src/src/H5Faccum.c line 824 in H5F__accum_write(): file write failed
    major: Low-level I/O
    minor: Write failed
  #011: /scratch/spack_cpu/job_21700923/spack-stage/spack-stage-hdf5-1.10.7-xexa2gll6hf6okdatgrxiwhcjs2uepc7/spack-src/src/H5FDint.c line 249 in H5FD_write(): driver write request failed
    major: Virtual File Layer
    minor: Write failed
  #012: /scratch/spack_cpu/job_21700923/spack-stage/spack-stage-hdf5-1.10.7-xexa2gll6hf6okdatgrxiwhcjs2uepc7/spack-src/src/H5FDsec2.c line 856 in H5FD__sec2_write(): file write failed: time = Wed Nov 19 08:23:54 2025
, filename = 'checkpoint.h5', file descriptor = 5, errno = 14, error message = 'Bad address', buf = 0x1555537c4000, total write size = 15969552, bytes this sub-write = 15969552, bytes actually written = 18446744073709551615, offset = 0
    major: Low-level I/O
    minor: Write failed
HDF5-DIAG: Error detected in HDF5 (1.10.7) thread 0:
  #000: /scratch/spack_cpu/job_21700923/spack-stage/spack-stage-hdf5-1.10.7-xexa2gll6hf6okdatgrxiwhcjs2uepc7/spack-src/src/H5Dio.c line 335 in H5Dwrite(): can't write data
    major: Dataset
    minor: Write failed
  #001: /scratch/spack_cpu/job_21700923/spack-stage/spack-stage-hdf5-1.10.7-xexa2gll6hf6okdatgrxiwhcjs2uepc7/spack-src/src/H5Dio.c line 813 in H5D__write(): can't write data
    major: Dataset
    minor: Write failed
  #002: /scratch/spack_cpu/job_21700923/spack-stage/spack-stage-hdf5-1.10.7-xexa2gll6hf6okdatgrxiwhcjs2uepc7/spack-src/src/H5Dcontig.c line 659 in H5D__contig_write(): contiguous write failed
    major: Dataset
    minor: Write failed
  #003: /scratch/spack_cpu/job_21700923/spack-stage/spack-stage-hdf5-1.10.7-xexa2gll6hf6okdatgrxiwhcjs2uepc7/spack-src/src/H5Dselect.c line 321 in H5D__select_write(): write error
    major: Dataspace
    minor: Write failed
  #004: /scratch/spack_cpu/job_21700923/spack-stage/spack-stage-hdf5-1.10.7-xexa2gll6hf6okdatgrxiwhcjs2uepc7/spack-src/src/H5Dselect.c line 230 in H5D__select_io(): write error
    major: Dataspace
    minor: Write failed
  #005: /scratch/spack_cpu/job_21700923/spack-stage/spack-stage-hdf5-1.10.7-xexa2gll6hf6okdatgrxiwhcjs2uepc7/spack-src/src/H5Dcontig.c line 1281 in H5D__contig_writevv(): can't perform vectorized sieve buffer write
    major: Dataset
    minor: Can't operate on object
  #006: /scratch/spack_cpu/job_21700923/spack-stage/spack-stage-hdf5-1.10.7-xexa2gll6hf6okdatgrxiwhcjs2uepc7/spack-src/src/H5VM.c line 1464 in H5VM_opvv(): can't perform operation
    major: Internal error (too specific to document in detail)
    minor: Can't operate on object
  #007: /scratch/spack_cpu/job_21700923/spack-stage/spack-stage-hdf5-1.10.7-xexa2gll6hf6okdatgrxiwhcjs2uepc7/spack-src/src/H5Dcontig.c line 1029 in H5D__contig_writevv_sieve_cb(): block write failed
    major: Dataset
    minor: Write failed
  #008: /scratch/spack_cpu/job_21700923/spack-stage/spack-stage-hdf5-1.10.7-xexa2gll6hf6okdatgrxiwhcjs2uepc7/spack-src/src/H5Fio.c line 161 in H5F_block_write(): write through page buffer failed
    major: Low-level I/O
    minor: Write failed
  #009: /scratch/spack_cpu/job_21700923/spack-stage/spack-stage-hdf5-1.10.7-xexa2gll6hf6okdatgrxiwhcjs2uepc7/spack-src/src/H5PB.c line 1032 in H5PB_write(): write through metadata accumulator failed
    major: Page Buffering
    minor: Write failed
  #010: /scratch/spack_cpu/job_21700923/spack-stage/spack-stage-hdf5-1.10.7-xexa2gll6hf6okdatgrxiwhcjs2uepc7/spack-src/src/H5Faccum.c line 824 in H5F__accum_write(): file write failed
    major: Low-level I/O
    minor: Write failed
  #011: /scratch/spack_cpu/job_21700923/spack-stage/spack-stage-hdf5-1.10.7-xexa2gll6hf6okdatgrxiwhcjs2uepc7/spack-src/src/H5FDint.c line 249 in H5FD_write(): driver write request failed
    major: Virtual File Layer
    minor: Write failed
  #012: /scratch/spack_cpu/job_21700923/spack-stage/spack-stage-hdf5-1.10.7-xexa2gll6hf6okdatgrxiwhcjs2uepc7/spack-src/src/H5FDsec2.c line 856 in H5FD__sec2_write(): file write failed: time = Wed Nov 19 08:24:02 2025
, filename = 'checkpoint.h5', file descriptor = 5, errno = 14, error message = 'Bad address', buf = 0x1555537c4000, total write size = 15969552, bytes this sub-write = 15969552, bytes actually written = 18446744073709551615, offset = 0
    major: Low-level I/O
    minor: Write failed
HDF5-DIAG: Error detected in HDF5 (1.10.7) thread 0:
  #000: /scratch/spack_cpu/job_21700923/spack-stage/spack-stage-hdf5-1.10.7-xexa2gll6hf6okdatgrxiwhcjs2uepc7/spack-src/src/H5Dio.c line 335 in H5Dwrite(): can't write data
    major: Dataset
    minor: Write failed
  #001: /scratch/spack_cpu/job_21700923/spack-stage/spack-stage-hdf5-1.10.7-xexa2gll6hf6okdatgrxiwhcjs2uepc7/spack-src/src/H5Dio.c line 813 in H5D__write(): can't write data
    major: Dataset
    minor: Write failed
  #002: /scratch/spack_cpu/job_21700923/spack-stage/spack-stage-hdf5-1.10.7-xexa2gll6hf6okdatgrxiwhcjs2uepc7/spack-src/src/H5Dcontig.c line 659 in H5D__contig_write(): contiguous write failed
    major: Dataset
    minor: Write failed
  #003: /scratch/spack_cpu/job_21700923/spack-stage/spack-stage-hdf5-1.10.7-xexa2gll6hf6okdatgrxiwhcjs2uepc7/spack-src/src/H5Dselect.c line 321 in H5D__select_write(): write error
    major: Dataspace
    minor: Write failed
  #004: /scratch/spack_cpu/job_21700923/spack-stage/spack-stage-hdf5-1.10.7-xexa2gll6hf6okdatgrxiwhcjs2uepc7/spack-src/src/H5Dselect.c line 230 in H5D__select_io(): write error
    major: Dataspace
    minor: Write failed
  #005: /scratch/spack_cpu/job_21700923/spack-stage/spack-stage-hdf5-1.10.7-xexa2gll6hf6okdatgrxiwhcjs2uepc7/spack-src/src/H5Dcontig.c line 1281 in H5D__contig_writevv(): can't perform vectorized sieve buffer write
    major: Dataset
    minor: Can't operate on object
  #006: /scratch/spack_cpu/job_21700923/spack-stage/spack-stage-hdf5-1.10.7-xexa2gll6hf6okdatgrxiwhcjs2uepc7/spack-src/src/H5VM.c line 1464 in H5VM_opvv(): can't perform operation
    major: Internal error (too specific to document in detail)
    minor: Can't operate on object
  #007: /scratch/spack_cpu/job_21700923/spack-stage/spack-stage-hdf5-1.10.7-xexa2gll6hf6okdatgrxiwhcjs2uepc7/spack-src/src/H5Dcontig.c line 1029 in H5D__contig_writevv_sieve_cb(): block write failed
    major: Dataset
    minor: Write failed
  #008: /scratch/spack_cpu/job_21700923/spack-stage/spack-stage-hdf5-1.10.7-xexa2gll6hf6okdatgrxiwhcjs2uepc7/spack-src/src/H5Fio.c line 161 in H5F_block_write(): write through page buffer failed
    major: Low-level I/O
    minor: Write failed
  #009: /scratch/spack_cpu/job_21700923/spack-stage/spack-stage-hdf5-1.10.7-xexa2gll6hf6okdatgrxiwhcjs2uepc7/spack-src/src/H5PB.c line 1032 in H5PB_write(): write through metadata accumulator failed
    major: Page Buffering
    minor: Write failed
  #010: /scratch/spack_cpu/job_21700923/spack-stage/spack-stage-hdf5-1.10.7-xexa2gll6hf6okdatgrxiwhcjs2uepc7/spack-src/src/H5Faccum.c line 824 in H5F__accum_write(): file write failed
    major: Low-level I/O
    minor: Write failed
  #011: /scratch/spack_cpu/job_21700923/spack-stage/spack-stage-hdf5-1.10.7-xexa2gll6hf6okdatgrxiwhcjs2uepc7/spack-src/src/H5FDint.c line 249 in H5FD_write(): driver write request failed
    major: Virtual File Layer
    minor: Write failed
  #012: /scratch/spack_cpu/job_21700923/spack-stage/spack-stage-hdf5-1.10.7-xexa2gll6hf6okdatgrxiwhcjs2uepc7/spack-src/src/H5FDsec2.c line 856 in H5FD__sec2_write(): file write failed: time = Wed Nov 19 08:24:10 2025
, filename = 'checkpoint.h5', file descriptor = 5, errno = 14, error message = 'Bad address', buf = 0x1555537c4000, total write size = 15969552, bytes this sub-write = 15969552, bytes actually written = 18446744073709551615, offset = 0
    major: Low-level I/O
    minor: Write failed
HDF5-DIAG: Error detected in HDF5 (1.10.7) thread 0:
  #000: /scratch/spack_cpu/job_21700923/spack-stage/spack-stage-hdf5-1.10.7-xexa2gll6hf6okdatgrxiwhcjs2uepc7/spack-src/src/H5Dio.c line 335 in H5Dwrite(): can't write data
    major: Dataset
    minor: Write failed
  #001: /scratch/spack_cpu/job_21700923/spack-stage/spack-stage-hdf5-1.10.7-xexa2gll6hf6okdatgrxiwhcjs2uepc7/spack-src/src/H5Dio.c line 813 in H5D__write(): can't write data
    major: Dataset
    minor: Write failed
  #002: /scratch/spack_cpu/job_21700923/spack-stage/spack-stage-hdf5-1.10.7-xexa2gll6hf6okdatgrxiwhcjs2uepc7/spack-src/src/H5Dcontig.c line 659 in H5D__contig_write(): contiguous write failed
    major: Dataset
    minor: Write failed
  #003: /scratch/spack_cpu/job_21700923/spack-stage/spack-stage-hdf5-1.10.7-xexa2gll6hf6okdatgrxiwhcjs2uepc7/spack-src/src/H5Dselect.c line 321 in H5D__select_write(): write error
    major: Dataspace
    minor: Write failed
  #004: /scratch/spack_cpu/job_21700923/spack-stage/spack-stage-hdf5-1.10.7-xexa2gll6hf6okdatgrxiwhcjs2uepc7/spack-src/src/H5Dselect.c line 230 in H5D__select_io(): write error
    major: Dataspace
    minor: Write failed
  #005: /scratch/spack_cpu/job_21700923/spack-stage/spack-stage-hdf5-1.10.7-xexa2gll6hf6okdatgrxiwhcjs2uepc7/spack-src/src/H5Dcontig.c line 1281 in H5D__contig_writevv(): can't perform vectorized sieve buffer write
    major: Dataset
    minor: Can't operate on object
  #006: /scratch/spack_cpu/job_21700923/spack-stage/spack-stage-hdf5-1.10.7-xexa2gll6hf6okdatgrxiwhcjs2uepc7/spack-src/src/H5VM.c line 1464 in H5VM_opvv(): can't perform operation
    major: Internal error (too specific to document in detail)
    minor: Can't operate on object
  #007: /scratch/spack_cpu/job_21700923/spack-stage/spack-stage-hdf5-1.10.7-xexa2gll6hf6okdatgrxiwhcjs2uepc7/spack-src/src/H5Dcontig.c line 1029 in H5D__contig_writevv_sieve_cb(): block write failed
    major: Dataset
    minor: Write failed
  #008: /scratch/spack_cpu/job_21700923/spack-stage/spack-stage-hdf5-1.10.7-xexa2gll6hf6okdatgrxiwhcjs2uepc7/spack-src/src/H5Fio.c line 161 in H5F_block_write(): write through page buffer failed
    major: Low-level I/O
    minor: Write failed
  #009: /scratch/spack_cpu/job_21700923/spack-stage/spack-stage-hdf5-1.10.7-xexa2gll6hf6okdatgrxiwhcjs2uepc7/spack-src/src/H5PB.c line 1032 in H5PB_write(): write through metadata accumulator failed
    major: Page Buffering
    minor: Write failed
  #010: /scratch/spack_cpu/job_21700923/spack-stage/spack-stage-hdf5-1.10.7-xexa2gll6hf6okdatgrxiwhcjs2uepc7/spack-src/src/H5Faccum.c line 824 in H5F__accum_write(): file write failed
    major: Low-level I/O
    minor: Write failed
  #011: /scratch/spack_cpu/job_21700923/spack-stage/spack-stage-hdf5-1.10.7-xexa2gll6hf6okdatgrxiwhcjs2uepc7/spack-src/src/H5FDint.c line 249 in H5FD_write(): driver write request failed
    major: Virtual File Layer
    minor: Write failed
  #012: /scratch/spack_cpu/job_21700923/spack-stage/spack-stage-hdf5-1.10.7-xexa2gll6hf6okdatgrxiwhcjs2uepc7/spack-src/src/H5FDsec2.c line 856 in H5FD__sec2_write(): file write failed: time = Wed Nov 19 08:24:18 2025
, filename = 'checkpoint.h5', file descriptor = 5, errno = 14, error message = 'Bad address', buf = 0x1555537c4000, total write size = 15969552, bytes this sub-write = 15969552, bytes actually written = 18446744073709551615, offset = 0
    major: Low-level I/O
    minor: Write failed
HDF5-DIAG: Error detected in HDF5 (1.10.7) thread 0:
  #000: /scratch/spack_cpu/job_21700923/spack-stage/spack-stage-hdf5-1.10.7-xexa2gll6hf6okdatgrxiwhcjs2uepc7/spack-src/src/H5Dio.c line 335 in H5Dwrite(): can't write data
    major: Dataset
    minor: Write failed
  #001: /scratch/spack_cpu/job_21700923/spack-stage/spack-stage-hdf5-1.10.7-xexa2gll6hf6okdatgrxiwhcjs2uepc7/spack-src/src/H5Dio.c line 813 in H5D__write(): can't write data
    major: Dataset
    minor: Write failed
  #002: /scratch/spack_cpu/job_21700923/spack-stage/spack-stage-hdf5-1.10.7-xexa2gll6hf6okdatgrxiwhcjs2uepc7/spack-src/src/H5Dcontig.c line 659 in H5D__contig_write(): contiguous write failed
    major: Dataset
    minor: Write failed
  #003: /scratch/spack_cpu/job_21700923/spack-stage/spack-stage-hdf5-1.10.7-xexa2gll6hf6okdatgrxiwhcjs2uepc7/spack-src/src/H5Dselect.c line 321 in H5D__select_write(): write error
    major: Dataspace
    minor: Write failed
  #004: /scratch/spack_cpu/job_21700923/spack-stage/spack-stage-hdf5-1.10.7-xexa2gll6hf6okdatgrxiwhcjs2uepc7/spack-src/src/H5Dselect.c line 230 in H5D__select_io(): write error
    major: Dataspace
    minor: Write failed
  #005: /scratch/spack_cpu/job_21700923/spack-stage/spack-stage-hdf5-1.10.7-xexa2gll6hf6okdatgrxiwhcjs2uepc7/spack-src/src/H5Dcontig.c line 1281 in H5D__contig_writevv(): can't perform vectorized sieve buffer write
    major: Dataset
    minor: Can't operate on object
  #006: /scratch/spack_cpu/job_21700923/spack-stage/spack-stage-hdf5-1.10.7-xexa2gll6hf6okdatgrxiwhcjs2uepc7/spack-src/src/H5VM.c line 1464 in H5VM_opvv(): can't perform operation
    major: Internal error (too specific to document in detail)
    minor: Can't operate on object
  #007: /scratch/spack_cpu/job_21700923/spack-stage/spack-stage-hdf5-1.10.7-xexa2gll6hf6okdatgrxiwhcjs2uepc7/spack-src/src/H5Dcontig.c line 1029 in H5D__contig_writevv_sieve_cb(): block write failed
    major: Dataset
    minor: Write failed
  #008: /scratch/spack_cpu/job_21700923/spack-stage/spack-stage-hdf5-1.10.7-xexa2gll6hf6okdatgrxiwhcjs2uepc7/spack-src/src/H5Fio.c line 161 in H5F_block_write(): write through page buffer failed
    major: Low-level I/O
    minor: Write failed
  #009: /scratch/spack_cpu/job_21700923/spack-stage/spack-stage-hdf5-1.10.7-xexa2gll6hf6okdatgrxiwhcjs2uepc7/spack-src/src/H5PB.c line 1032 in H5PB_write(): write through metadata accumulator failed
    major: Page Buffering
    minor: Write failed
  #010: /scratch/spack_cpu/job_21700923/spack-stage/spack-stage-hdf5-1.10.7-xexa2gll6hf6okdatgrxiwhcjs2uepc7/spack-src/src/H5Faccum.c line 824 in H5F__accum_write(): file write failed
    major: Low-level I/O
    minor: Write failed
  #011: /scratch/spack_cpu/job_21700923/spack-stage/spack-stage-hdf5-1.10.7-xexa2gll6hf6okdatgrxiwhcjs2uepc7/spack-src/src/H5FDint.c line 249 in H5FD_write(): driver write request failed
    major: Virtual File Layer
    minor: Write failed
  #012: /scratch/spack_cpu/job_21700923/spack-stage/spack-stage-hdf5-1.10.7-xexa2gll6hf6okdatgrxiwhcjs2uepc7/spack-src/src/H5FDsec2.c line 856 in H5FD__sec2_write(): file write failed: time = Wed Nov 19 08:24:26 2025
, filename = 'checkpoint.h5', file descriptor = 5, errno = 14, error message = 'Bad address', buf = 0x1555537c4000, total write size = 15969552, bytes this sub-write = 15969552, bytes actually written = 18446744073709551615, offset = 0
    major: Low-level I/O
    minor: Write failed
HDF5-DIAG: Error detected in HDF5 (1.10.7) thread 0:
  #000: /scratch/spack_cpu/job_21700923/spack-stage/spack-stage-hdf5-1.10.7-xexa2gll6hf6okdatgrxiwhcjs2uepc7/spack-src/src/H5Dio.c line 335 in H5Dwrite(): can't write data
    major: Dataset
    minor: Write failed
  #001: /scratch/spack_cpu/job_21700923/spack-stage/spack-stage-hdf5-1.10.7-xexa2gll6hf6okdatgrxiwhcjs2uepc7/spack-src/src/H5Dio.c line 813 in H5D__write(): can't write data
    major: Dataset
    minor: Write failed
  #002: /scratch/spack_cpu/job_21700923/spack-stage/spack-stage-hdf5-1.10.7-xexa2gll6hf6okdatgrxiwhcjs2uepc7/spack-src/src/H5Dcontig.c line 659 in H5D__contig_write(): contiguous write failed
    major: Dataset
    minor: Write failed
  #003: /scratch/spack_cpu/job_21700923/spack-stage/spack-stage-hdf5-1.10.7-xexa2gll6hf6okdatgrxiwhcjs2uepc7/spack-src/src/H5Dselect.c line 321 in H5D__select_write(): write error
    major: Dataspace
    minor: Write failed
  #004: /scratch/spack_cpu/job_21700923/spack-stage/spack-stage-hdf5-1.10.7-xexa2gll6hf6okdatgrxiwhcjs2uepc7/spack-src/src/H5Dselect.c line 230 in H5D__select_io(): write error
    major: Dataspace
    minor: Write failed
  #005: /scratch/spack_cpu/job_21700923/spack-stage/spack-stage-hdf5-1.10.7-xexa2gll6hf6okdatgrxiwhcjs2uepc7/spack-src/src/H5Dcontig.c line 1281 in H5D__contig_writevv(): can't perform vectorized sieve buffer write
    major: Dataset
    minor: Can't operate on object
  #006: /scratch/spack_cpu/job_21700923/spack-stage/spack-stage-hdf5-1.10.7-xexa2gll6hf6okdatgrxiwhcjs2uepc7/spack-src/src/H5VM.c line 1464 in H5VM_opvv(): can't perform operation
    major: Internal error (too specific to document in detail)
    minor: Can't operate on object
  #007: /scratch/spack_cpu/job_21700923/spack-stage/spack-stage-hdf5-1.10.7-xexa2gll6hf6okdatgrxiwhcjs2uepc7/spack-src/src/H5Dcontig.c line 1029 in H5D__contig_writevv_sieve_cb(): block write failed
    major: Dataset
    minor: Write failed
  #008: /scratch/spack_cpu/job_21700923/spack-stage/spack-stage-hdf5-1.10.7-xexa2gll6hf6okdatgrxiwhcjs2uepc7/spack-src/src/H5Fio.c line 161 in H5F_block_write(): write through page buffer failed
    major: Low-level I/O
    minor: Write failed
  #009: /scratch/spack_cpu/job_21700923/spack-stage/spack-stage-hdf5-1.10.7-xexa2gll6hf6okdatgrxiwhcjs2uepc7/spack-src/src/H5PB.c line 1032 in H5PB_write(): write through metadata accumulator failed
    major: Page Buffering
    minor: Write failed
  #010: /scratch/spack_cpu/job_21700923/spack-stage/spack-stage-hdf5-1.10.7-xexa2gll6hf6okdatgrxiwhcjs2uepc7/spack-src/src/H5Faccum.c line 824 in H5F__accum_write(): file write failed
    major: Low-level I/O
    minor: Write failed
  #011: /scratch/spack_cpu/job_21700923/spack-stage/spack-stage-hdf5-1.10.7-xexa2gll6hf6okdatgrxiwhcjs2uepc7/spack-src/src/H5FDint.c line 249 in H5FD_write(): driver write request failed
    major: Virtual File Layer
    minor: Write failed
  #012: /scratch/spack_cpu/job_21700923/spack-stage/spack-stage-hdf5-1.10.7-xexa2gll6hf6okdatgrxiwhcjs2uepc7/spack-src/src/H5FDsec2.c line 856 in H5FD__sec2_write(): file write failed: time = Wed Nov 19 08:24:35 2025
, filename = 'checkpoint.h5', file descriptor = 5, errno = 14, error message = 'Bad address', buf = 0x1555537c4000, total write size = 15969552, bytes this sub-write = 15969552, bytes actually written = 18446744073709551615, offset = 0
    major: Low-level I/O
    minor: Write failed
HDF5-DIAG: Error detected in HDF5 (1.10.7) thread 0:
  #000: /scratch/spack_cpu/job_21700923/spack-stage/spack-stage-hdf5-1.10.7-xexa2gll6hf6okdatgrxiwhcjs2uepc7/spack-src/src/H5Dio.c line 335 in H5Dwrite(): can't write data
    major: Dataset
    minor: Write failed
  #001: /scratch/spack_cpu/job_21700923/spack-stage/spack-stage-hdf5-1.10.7-xexa2gll6hf6okdatgrxiwhcjs2uepc7/spack-src/src/H5Dio.c line 813 in H5D__write(): can't write data
    major: Dataset
    minor: Write failed
  #002: /scratch/spack_cpu/job_21700923/spack-stage/spack-stage-hdf5-1.10.7-xexa2gll6hf6okdatgrxiwhcjs2uepc7/spack-src/src/H5Dcontig.c line 659 in H5D__contig_write(): contiguous write failed
    major: Dataset
    minor: Write failed
  #003: /scratch/spack_cpu/job_21700923/spack-stage/spack-stage-hdf5-1.10.7-xexa2gll6hf6okdatgrxiwhcjs2uepc7/spack-src/src/H5Dselect.c line 321 in H5D__select_write(): write error
    major: Dataspace
    minor: Write failed
  #004: /scratch/spack_cpu/job_21700923/spack-stage/spack-stage-hdf5-1.10.7-xexa2gll6hf6okdatgrxiwhcjs2uepc7/spack-src/src/H5Dselect.c line 230 in H5D__select_io(): write error
    major: Dataspace
    minor: Write failed
  #005: /scratch/spack_cpu/job_21700923/spack-stage/spack-stage-hdf5-1.10.7-xexa2gll6hf6okdatgrxiwhcjs2uepc7/spack-src/src/H5Dcontig.c line 1281 in H5D__contig_writevv(): can't perform vectorized sieve buffer write
    major: Dataset
    minor: Can't operate on object
  #006: /scratch/spack_cpu/job_21700923/spack-stage/spack-stage-hdf5-1.10.7-xexa2gll6hf6okdatgrxiwhcjs2uepc7/spack-src/src/H5VM.c line 1464 in H5VM_opvv(): can't perform operation
    major: Internal error (too specific to document in detail)
    minor: Can't operate on object
  #007: /scratch/spack_cpu/job_21700923/spack-stage/spack-stage-hdf5-1.10.7-xexa2gll6hf6okdatgrxiwhcjs2uepc7/spack-src/src/H5Dcontig.c line 1029 in H5D__contig_writevv_sieve_cb(): block write failed
    major: Dataset
    minor: Write failed
  #008: /scratch/spack_cpu/job_21700923/spack-stage/spack-stage-hdf5-1.10.7-xexa2gll6hf6okdatgrxiwhcjs2uepc7/spack-src/src/H5Fio.c line 161 in H5F_block_write(): write through page buffer failed
    major: Low-level I/O
    minor: Write failed
  #009: /scratch/spack_cpu/job_21700923/spack-stage/spack-stage-hdf5-1.10.7-xexa2gll6hf6okdatgrxiwhcjs2uepc7/spack-src/src/H5PB.c line 1032 in H5PB_write(): write through metadata accumulator failed
    major: Page Buffering
    minor: Write failed
  #010: /scratch/spack_cpu/job_21700923/spack-stage/spack-stage-hdf5-1.10.7-xexa2gll6hf6okdatgrxiwhcjs2uepc7/spack-src/src/H5Faccum.c line 824 in H5F__accum_write(): file write failed
    major: Low-level I/O
    minor: Write failed
  #011: /scratch/spack_cpu/job_21700923/spack-stage/spack-stage-hdf5-1.10.7-xexa2gll6hf6okdatgrxiwhcjs2uepc7/spack-src/src/H5FDint.c line 249 in H5FD_write(): driver write request failed
    major: Virtual File Layer
    minor: Write failed
  #012: /scratch/spack_cpu/job_21700923/spack-stage/spack-stage-hdf5-1.10.7-xexa2gll6hf6okdatgrxiwhcjs2uepc7/spack-src/src/H5FDsec2.c line 856 in H5FD__sec2_write(): file write failed: time = Wed Nov 19 08:24:43 2025
, filename = 'checkpoint.h5', file descriptor = 5, errno = 14, error message = 'Bad address', buf = 0x1555537c4000, total write size = 15969552, bytes this sub-write = 15969552, bytes actually written = 18446744073709551615, offset = 0
    major: Low-level I/O
    minor: Write failed
HDF5-DIAG: Error detected in HDF5 (1.10.7) thread 0:
  #000: /scratch/spack_cpu/job_21700923/spack-stage/spack-stage-hdf5-1.10.7-xexa2gll6hf6okdatgrxiwhcjs2uepc7/spack-src/src/H5Dio.c line 335 in H5Dwrite(): can't write data
    major: Dataset
    minor: Write failed
  #001: /scratch/spack_cpu/job_21700923/spack-stage/spack-stage-hdf5-1.10.7-xexa2gll6hf6okdatgrxiwhcjs2uepc7/spack-src/src/H5Dio.c line 813 in H5D__write(): can't write data
    major: Dataset
    minor: Write failed
  #002: /scratch/spack_cpu/job_21700923/spack-stage/spack-stage-hdf5-1.10.7-xexa2gll6hf6okdatgrxiwhcjs2uepc7/spack-src/src/H5Dcontig.c line 659 in H5D__contig_write(): contiguous write failed
    major: Dataset
    minor: Write failed
  #003: /scratch/spack_cpu/job_21700923/spack-stage/spack-stage-hdf5-1.10.7-xexa2gll6hf6okdatgrxiwhcjs2uepc7/spack-src/src/H5Dselect.c line 321 in H5D__select_write(): write error
    major: Dataspace
    minor: Write failed
  #004: /scratch/spack_cpu/job_21700923/spack-stage/spack-stage-hdf5-1.10.7-xexa2gll6hf6okdatgrxiwhcjs2uepc7/spack-src/src/H5Dselect.c line 230 in H5D__select_io(): write error
    major: Dataspace
    minor: Write failed
  #005: /scratch/spack_cpu/job_21700923/spack-stage/spack-stage-hdf5-1.10.7-xexa2gll6hf6okdatgrxiwhcjs2uepc7/spack-src/src/H5Dcontig.c line 1281 in H5D__contig_writevv(): can't perform vectorized sieve buffer write
    major: Dataset
    minor: Can't operate on object
  #006: /scratch/spack_cpu/job_21700923/spack-stage/spack-stage-hdf5-1.10.7-xexa2gll6hf6okdatgrxiwhcjs2uepc7/spack-src/src/H5VM.c line 1464 in H5VM_opvv(): can't perform operation
    major: Internal error (too specific to document in detail)
    minor: Can't operate on object
  #007: /scratch/spack_cpu/job_21700923/spack-stage/spack-stage-hdf5-1.10.7-xexa2gll6hf6okdatgrxiwhcjs2uepc7/spack-src/src/H5Dcontig.c line 1029 in H5D__contig_writevv_sieve_cb(): block write failed
    major: Dataset
    minor: Write failed
  #008: /scratch/spack_cpu/job_21700923/spack-stage/spack-stage-hdf5-1.10.7-xexa2gll6hf6okdatgrxiwhcjs2uepc7/spack-src/src/H5Fio.c line 161 in H5F_block_write(): write through page buffer failed
    major: Low-level I/O
    minor: Write failed
  #009: /scratch/spack_cpu/job_21700923/spack-stage/spack-stage-hdf5-1.10.7-xexa2gll6hf6okdatgrxiwhcjs2uepc7/spack-src/src/H5PB.c line 1032 in H5PB_write(): write through metadata accumulator failed
    major: Page Buffering
    minor: Write failed
  #010: /scratch/spack_cpu/job_21700923/spack-stage/spack-stage-hdf5-1.10.7-xexa2gll6hf6okdatgrxiwhcjs2uepc7/spack-src/src/H5Faccum.c line 824 in H5F__accum_write(): file write failed
    major: Low-level I/O
    minor: Write failed
  #011: /scratch/spack_cpu/job_21700923/spack-stage/spack-stage-hdf5-1.10.7-xexa2gll6hf6okdatgrxiwhcjs2uepc7/spack-src/src/H5FDint.c line 249 in H5FD_write(): driver write request failed
    major: Virtual File Layer
    minor: Write failed
  #012: /scratch/spack_cpu/job_21700923/spack-stage/spack-stage-hdf5-1.10.7-xexa2gll6hf6okdatgrxiwhcjs2uepc7/spack-src/src/H5FDsec2.c line 856 in H5FD__sec2_write(): file write failed: time = Wed Nov 19 08:24:52 2025
, filename = 'checkpoint.h5', file descriptor = 5, errno = 14, error message = 'Bad address', buf = 0x1555537c4000, total write size = 15969552, bytes this sub-write = 15969552, bytes actually written = 18446744073709551615, offset = 0
    major: Low-level I/O
    minor: Write failed
HDF5-DIAG: Error detected in HDF5 (1.10.7) thread 0:
  #000: /scratch/spack_cpu/job_21700923/spack-stage/spack-stage-hdf5-1.10.7-xexa2gll6hf6okdatgrxiwhcjs2uepc7/spack-src/src/H5Dio.c line 335 in H5Dwrite(): can't write data
    major: Dataset
    minor: Write failed
  #001: /scratch/spack_cpu/job_21700923/spack-stage/spack-stage-hdf5-1.10.7-xexa2gll6hf6okdatgrxiwhcjs2uepc7/spack-src/src/H5Dio.c line 813 in H5D__write(): can't write data
    major: Dataset
    minor: Write failed
  #002: /scratch/spack_cpu/job_21700923/spack-stage/spack-stage-hdf5-1.10.7-xexa2gll6hf6okdatgrxiwhcjs2uepc7/spack-src/src/H5Dcontig.c line 659 in H5D__contig_write(): contiguous write failed
    major: Dataset
    minor: Write failed
  #003: /scratch/spack_cpu/job_21700923/spack-stage/spack-stage-hdf5-1.10.7-xexa2gll6hf6okdatgrxiwhcjs2uepc7/spack-src/src/H5Dselect.c line 321 in H5D__select_write(): write error
    major: Dataspace
    minor: Write failed
  #004: /scratch/spack_cpu/job_21700923/spack-stage/spack-stage-hdf5-1.10.7-xexa2gll6hf6okdatgrxiwhcjs2uepc7/spack-src/src/H5Dselect.c line 230 in H5D__select_io(): write error
    major: Dataspace
    minor: Write failed
  #005: /scratch/spack_cpu/job_21700923/spack-stage/spack-stage-hdf5-1.10.7-xexa2gll6hf6okdatgrxiwhcjs2uepc7/spack-src/src/H5Dcontig.c line 1281 in H5D__contig_writevv(): can't perform vectorized sieve buffer write
    major: Dataset
    minor: Can't operate on object
  #006: /scratch/spack_cpu/job_21700923/spack-stage/spack-stage-hdf5-1.10.7-xexa2gll6hf6okdatgrxiwhcjs2uepc7/spack-src/src/H5VM.c line 1464 in H5VM_opvv(): can't perform operation
    major: Internal error (too specific to document in detail)
    minor: Can't operate on object
  #007: /scratch/spack_cpu/job_21700923/spack-stage/spack-stage-hdf5-1.10.7-xexa2gll6hf6okdatgrxiwhcjs2uepc7/spack-src/src/H5Dcontig.c line 1029 in H5D__contig_writevv_sieve_cb(): block write failed
    major: Dataset
    minor: Write failed
  #008: /scratch/spack_cpu/job_21700923/spack-stage/spack-stage-hdf5-1.10.7-xexa2gll6hf6okdatgrxiwhcjs2uepc7/spack-src/src/H5Fio.c line 161 in H5F_block_write(): write through page buffer failed
    major: Low-level I/O
    minor: Write failed
  #009: /scratch/spack_cpu/job_21700923/spack-stage/spack-stage-hdf5-1.10.7-xexa2gll6hf6okdatgrxiwhcjs2uepc7/spack-src/src/H5PB.c line 1032 in H5PB_write(): write through metadata accumulator failed
    major: Page Buffering
    minor: Write failed
  #010: /scratch/spack_cpu/job_21700923/spack-stage/spack-stage-hdf5-1.10.7-xexa2gll6hf6okdatgrxiwhcjs2uepc7/spack-src/src/H5Faccum.c line 824 in H5F__accum_write(): file write failed
    major: Low-level I/O
    minor: Write failed
  #011: /scratch/spack_cpu/job_21700923/spack-stage/spack-stage-hdf5-1.10.7-xexa2gll6hf6okdatgrxiwhcjs2uepc7/spack-src/src/H5FDint.c line 249 in H5FD_write(): driver write request failed
    major: Virtual File Layer
    minor: Write failed
  #012: /scratch/spack_cpu/job_21700923/spack-stage/spack-stage-hdf5-1.10.7-xexa2gll6hf6okdatgrxiwhcjs2uepc7/spack-src/src/H5FDsec2.c line 856 in H5FD__sec2_write(): file write failed: time = Wed Nov 19 08:25:00 2025
, filename = 'checkpoint.h5', file descriptor = 5, errno = 14, error message = 'Bad address', buf = 0x1555537c4000, total write size = 15969552, bytes this sub-write = 15969552, bytes actually written = 18446744073709551615, offset = 0
    major: Low-level I/O
    minor: Write failed
HDF5-DIAG: Error detected in HDF5 (1.10.7) thread 0:
  #000: /scratch/spack_cpu/job_21700923/spack-stage/spack-stage-hdf5-1.10.7-xexa2gll6hf6okdatgrxiwhcjs2uepc7/spack-src/src/H5Dio.c line 335 in H5Dwrite(): can't write data
    major: Dataset
    minor: Write failed
  #001: /scratch/spack_cpu/job_21700923/spack-stage/spack-stage-hdf5-1.10.7-xexa2gll6hf6okdatgrxiwhcjs2uepc7/spack-src/src/H5Dio.c line 813 in H5D__write(): can't write data
    major: Dataset
    minor: Write failed
  #002: /scratch/spack_cpu/job_21700923/spack-stage/spack-stage-hdf5-1.10.7-xexa2gll6hf6okdatgrxiwhcjs2uepc7/spack-src/src/H5Dcontig.c line 659 in H5D__contig_write(): contiguous write failed
    major: Dataset
    minor: Write failed
  #003: /scratch/spack_cpu/job_21700923/spack-stage/spack-stage-hdf5-1.10.7-xexa2gll6hf6okdatgrxiwhcjs2uepc7/spack-src/src/H5Dselect.c line 321 in H5D__select_write(): write error
    major: Dataspace
    minor: Write failed
  #004: /scratch/spack_cpu/job_21700923/spack-stage/spack-stage-hdf5-1.10.7-xexa2gll6hf6okdatgrxiwhcjs2uepc7/spack-src/src/H5Dselect.c line 230 in H5D__select_io(): write error
    major: Dataspace
    minor: Write failed
  #005: /scratch/spack_cpu/job_21700923/spack-stage/spack-stage-hdf5-1.10.7-xexa2gll6hf6okdatgrxiwhcjs2uepc7/spack-src/src/H5Dcontig.c line 1281 in H5D__contig_writevv(): can't perform vectorized sieve buffer write
    major: Dataset
    minor: Can't operate on object
  #006: /scratch/spack_cpu/job_21700923/spack-stage/spack-stage-hdf5-1.10.7-xexa2gll6hf6okdatgrxiwhcjs2uepc7/spack-src/src/H5VM.c line 1464 in H5VM_opvv(): can't perform operation
    major: Internal error (too specific to document in detail)
    minor: Can't operate on object
  #007: /scratch/spack_cpu/job_21700923/spack-stage/spack-stage-hdf5-1.10.7-xexa2gll6hf6okdatgrxiwhcjs2uepc7/spack-src/src/H5Dcontig.c line 1029 in H5D__contig_writevv_sieve_cb(): block write failed
    major: Dataset
    minor: Write failed
  #008: /scratch/spack_cpu/job_21700923/spack-stage/spack-stage-hdf5-1.10.7-xexa2gll6hf6okdatgrxiwhcjs2uepc7/spack-src/src/H5Fio.c line 161 in H5F_block_write(): write through page buffer failed
    major: Low-level I/O
    minor: Write failed
  #009: /scratch/spack_cpu/job_21700923/spack-stage/spack-stage-hdf5-1.10.7-xexa2gll6hf6okdatgrxiwhcjs2uepc7/spack-src/src/H5PB.c line 1032 in H5PB_write(): write through metadata accumulator failed
    major: Page Buffering
    minor: Write failed
  #010: /scratch/spack_cpu/job_21700923/spack-stage/spack-stage-hdf5-1.10.7-xexa2gll6hf6okdatgrxiwhcjs2uepc7/spack-src/src/H5Faccum.c line 824 in H5F__accum_write(): file write failed
    major: Low-level I/O
    minor: Write failed
  #011: /scratch/spack_cpu/job_21700923/spack-stage/spack-stage-hdf5-1.10.7-xexa2gll6hf6okdatgrxiwhcjs2uepc7/spack-src/src/H5FDint.c line 249 in H5FD_write(): driver write request failed
    major: Virtual File Layer
    minor: Write failed
  #012: /scratch/spack_cpu/job_21700923/spack-stage/spack-stage-hdf5-1.10.7-xexa2gll6hf6okdatgrxiwhcjs2uepc7/spack-src/src/H5FDsec2.c line 856 in H5FD__sec2_write(): file write failed: time = Wed Nov 19 08:25:08 2025
, filename = 'checkpoint.h5', file descriptor = 5, errno = 14, error message = 'Bad address', buf = 0x1555537c4000, total write size = 15969552, bytes this sub-write = 15969552, bytes actually written = 18446744073709551615, offset = 0
    major: Low-level I/O
    minor: Write failed
HDF5-DIAG: Error detected in HDF5 (1.10.7) thread 0:
  #000: /scratch/spack_cpu/job_21700923/spack-stage/spack-stage-hdf5-1.10.7-xexa2gll6hf6okdatgrxiwhcjs2uepc7/spack-src/src/H5Dio.c line 335 in H5Dwrite(): can't write data
    major: Dataset
    minor: Write failed
  #001: /scratch/spack_cpu/job_21700923/spack-stage/spack-stage-hdf5-1.10.7-xexa2gll6hf6okdatgrxiwhcjs2uepc7/spack-src/src/H5Dio.c line 813 in H5D__write(): can't write data
    major: Dataset
    minor: Write failed
  #002: /scratch/spack_cpu/job_21700923/spack-stage/spack-stage-hdf5-1.10.7-xexa2gll6hf6okdatgrxiwhcjs2uepc7/spack-src/src/H5Dcontig.c line 659 in H5D__contig_write(): contiguous write failed
    major: Dataset
    minor: Write failed
  #003: /scratch/spack_cpu/job_21700923/spack-stage/spack-stage-hdf5-1.10.7-xexa2gll6hf6okdatgrxiwhcjs2uepc7/spack-src/src/H5Dselect.c line 321 in H5D__select_write(): write error
    major: Dataspace
    minor: Write failed
  #004: /scratch/spack_cpu/job_21700923/spack-stage/spack-stage-hdf5-1.10.7-xexa2gll6hf6okdatgrxiwhcjs2uepc7/spack-src/src/H5Dselect.c line 230 in H5D__select_io(): write error
    major: Dataspace
    minor: Write failed
  #005: /scratch/spack_cpu/job_21700923/spack-stage/spack-stage-hdf5-1.10.7-xexa2gll6hf6okdatgrxiwhcjs2uepc7/spack-src/src/H5Dcontig.c line 1281 in H5D__contig_writevv(): can't perform vectorized sieve buffer write
    major: Dataset
    minor: Can't operate on object
  #006: /scratch/spack_cpu/job_21700923/spack-stage/spack-stage-hdf5-1.10.7-xexa2gll6hf6okdatgrxiwhcjs2uepc7/spack-src/src/H5VM.c line 1464 in H5VM_opvv(): can't perform operation
    major: Internal error (too specific to document in detail)
    minor: Can't operate on object
  #007: /scratch/spack_cpu/job_21700923/spack-stage/spack-stage-hdf5-1.10.7-xexa2gll6hf6okdatgrxiwhcjs2uepc7/spack-src/src/H5Dcontig.c line 1029 in H5D__contig_writevv_sieve_cb(): block write failed
    major: Dataset
    minor: Write failed
  #008: /scratch/spack_cpu/job_21700923/spack-stage/spack-stage-hdf5-1.10.7-xexa2gll6hf6okdatgrxiwhcjs2uepc7/spack-src/src/H5Fio.c line 161 in H5F_block_write(): write through page buffer failed
    major: Low-level I/O
    minor: Write failed
  #009: /scratch/spack_cpu/job_21700923/spack-stage/spack-stage-hdf5-1.10.7-xexa2gll6hf6okdatgrxiwhcjs2uepc7/spack-src/src/H5PB.c line 1032 in H5PB_write(): write through metadata accumulator failed
    major: Page Buffering
    minor: Write failed
  #010: /scratch/spack_cpu/job_21700923/spack-stage/spack-stage-hdf5-1.10.7-xexa2gll6hf6okdatgrxiwhcjs2uepc7/spack-src/src/H5Faccum.c line 824 in H5F__accum_write(): file write failed
    major: Low-level I/O
    minor: Write failed
  #011: /scratch/spack_cpu/job_21700923/spack-stage/spack-stage-hdf5-1.10.7-xexa2gll6hf6okdatgrxiwhcjs2uepc7/spack-src/src/H5FDint.c line 249 in H5FD_write(): driver write request failed
    major: Virtual File Layer
    minor: Write failed
  #012: /scratch/spack_cpu/job_21700923/spack-stage/spack-stage-hdf5-1.10.7-xexa2gll6hf6okdatgrxiwhcjs2uepc7/spack-src/src/H5FDsec2.c line 856 in H5FD__sec2_write(): file write failed: time = Wed Nov 19 08:25:16 2025
, filename = 'checkpoint.h5', file descriptor = 5, errno = 14, error message = 'Bad address', buf = 0x1555537c4000, total write size = 15969552, bytes this sub-write = 15969552, bytes actually written = 18446744073709551615, offset = 0
    major: Low-level I/O
    minor: Write failed
HDF5-DIAG: Error detected in HDF5 (1.10.7) thread 0:
  #000: /scratch/spack_cpu/job_21700923/spack-stage/spack-stage-hdf5-1.10.7-xexa2gll6hf6okdatgrxiwhcjs2uepc7/spack-src/src/H5Dio.c line 335 in H5Dwrite(): can't write data
    major: Dataset
    minor: Write failed
  #001: /scratch/spack_cpu/job_21700923/spack-stage/spack-stage-hdf5-1.10.7-xexa2gll6hf6okdatgrxiwhcjs2uepc7/spack-src/src/H5Dio.c line 813 in H5D__write(): can't write data
    major: Dataset
    minor: Write failed
  #002: /scratch/spack_cpu/job_21700923/spack-stage/spack-stage-hdf5-1.10.7-xexa2gll6hf6okdatgrxiwhcjs2uepc7/spack-src/src/H5Dcontig.c line 659 in H5D__contig_write(): contiguous write failed
    major: Dataset
    minor: Write failed
  #003: /scratch/spack_cpu/job_21700923/spack-stage/spack-stage-hdf5-1.10.7-xexa2gll6hf6okdatgrxiwhcjs2uepc7/spack-src/src/H5Dselect.c line 321 in H5D__select_write(): write error
    major: Dataspace
    minor: Write failed
  #004: /scratch/spack_cpu/job_21700923/spack-stage/spack-stage-hdf5-1.10.7-xexa2gll6hf6okdatgrxiwhcjs2uepc7/spack-src/src/H5Dselect.c line 230 in H5D__select_io(): write error
    major: Dataspace
    minor: Write failed
  #005: /scratch/spack_cpu/job_21700923/spack-stage/spack-stage-hdf5-1.10.7-xexa2gll6hf6okdatgrxiwhcjs2uepc7/spack-src/src/H5Dcontig.c line 1281 in H5D__contig_writevv(): can't perform vectorized sieve buffer write
    major: Dataset
    minor: Can't operate on object
  #006: /scratch/spack_cpu/job_21700923/spack-stage/spack-stage-hdf5-1.10.7-xexa2gll6hf6okdatgrxiwhcjs2uepc7/spack-src/src/H5VM.c line 1464 in H5VM_opvv(): can't perform operation
    major: Internal error (too specific to document in detail)
    minor: Can't operate on object
  #007: /scratch/spack_cpu/job_21700923/spack-stage/spack-stage-hdf5-1.10.7-xexa2gll6hf6okdatgrxiwhcjs2uepc7/spack-src/src/H5Dcontig.c line 1029 in H5D__contig_writevv_sieve_cb(): block write failed
    major: Dataset
    minor: Write failed
  #008: /scratch/spack_cpu/job_21700923/spack-stage/spack-stage-hdf5-1.10.7-xexa2gll6hf6okdatgrxiwhcjs2uepc7/spack-src/src/H5Fio.c line 161 in H5F_block_write(): write through page buffer failed
    major: Low-level I/O
    minor: Write failed
  #009: /scratch/spack_cpu/job_21700923/spack-stage/spack-stage-hdf5-1.10.7-xexa2gll6hf6okdatgrxiwhcjs2uepc7/spack-src/src/H5PB.c line 1032 in H5PB_write(): write through metadata accumulator failed
    major: Page Buffering
    minor: Write failed
  #010: /scratch/spack_cpu/job_21700923/spack-stage/spack-stage-hdf5-1.10.7-xexa2gll6hf6okdatgrxiwhcjs2uepc7/spack-src/src/H5Faccum.c line 824 in H5F__accum_write(): file write failed
    major: Low-level I/O
    minor: Write failed
  #011: /scratch/spack_cpu/job_21700923/spack-stage/spack-stage-hdf5-1.10.7-xexa2gll6hf6okdatgrxiwhcjs2uepc7/spack-src/src/H5FDint.c line 249 in H5FD_write(): driver write request failed
    major: Virtual File Layer
    minor: Write failed
  #012: /scratch/spack_cpu/job_21700923/spack-stage/spack-stage-hdf5-1.10.7-xexa2gll6hf6okdatgrxiwhcjs2uepc7/spack-src/src/H5FDsec2.c line 856 in H5FD__sec2_write(): file write failed: time = Wed Nov 19 08:25:24 2025
, filename = 'checkpoint.h5', file descriptor = 5, errno = 14, error message = 'Bad address', buf = 0x1555537c4000, total write size = 15969552, bytes this sub-write = 15969552, bytes actually written = 18446744073709551615, offset = 0
    major: Low-level I/O
    minor: Write failed
HDF5-DIAG: Error detected in HDF5 (1.10.7) thread 0:
  #000: /scratch/spack_cpu/job_21700923/spack-stage/spack-stage-hdf5-1.10.7-xexa2gll6hf6okdatgrxiwhcjs2uepc7/spack-src/src/H5Dio.c line 335 in H5Dwrite(): can't write data
    major: Dataset
    minor: Write failed
  #001: /scratch/spack_cpu/job_21700923/spack-stage/spack-stage-hdf5-1.10.7-xexa2gll6hf6okdatgrxiwhcjs2uepc7/spack-src/src/H5Dio.c line 813 in H5D__write(): can't write data
    major: Dataset
    minor: Write failed
  #002: /scratch/spack_cpu/job_21700923/spack-stage/spack-stage-hdf5-1.10.7-xexa2gll6hf6okdatgrxiwhcjs2uepc7/spack-src/src/H5Dcontig.c line 659 in H5D__contig_write(): contiguous write failed
    major: Dataset
    minor: Write failed
  #003: /scratch/spack_cpu/job_21700923/spack-stage/spack-stage-hdf5-1.10.7-xexa2gll6hf6okdatgrxiwhcjs2uepc7/spack-src/src/H5Dselect.c line 321 in H5D__select_write(): write error
    major: Dataspace
    minor: Write failed
  #004: /scratch/spack_cpu/job_21700923/spack-stage/spack-stage-hdf5-1.10.7-xexa2gll6hf6okdatgrxiwhcjs2uepc7/spack-src/src/H5Dselect.c line 230 in H5D__select_io(): write error
    major: Dataspace
    minor: Write failed
  #005: /scratch/spack_cpu/job_21700923/spack-stage/spack-stage-hdf5-1.10.7-xexa2gll6hf6okdatgrxiwhcjs2uepc7/spack-src/src/H5Dcontig.c line 1281 in H5D__contig_writevv(): can't perform vectorized sieve buffer write
    major: Dataset
    minor: Can't operate on object
  #006: /scratch/spack_cpu/job_21700923/spack-stage/spack-stage-hdf5-1.10.7-xexa2gll6hf6okdatgrxiwhcjs2uepc7/spack-src/src/H5VM.c line 1464 in H5VM_opvv(): can't perform operation
    major: Internal error (too specific to document in detail)
    minor: Can't operate on object
  #007: /scratch/spack_cpu/job_21700923/spack-stage/spack-stage-hdf5-1.10.7-xexa2gll6hf6okdatgrxiwhcjs2uepc7/spack-src/src/H5Dcontig.c line 1029 in H5D__contig_writevv_sieve_cb(): block write failed
    major: Dataset
    minor: Write failed
  #008: /scratch/spack_cpu/job_21700923/spack-stage/spack-stage-hdf5-1.10.7-xexa2gll6hf6okdatgrxiwhcjs2uepc7/spack-src/src/H5Fio.c line 161 in H5F_block_write(): write through page buffer failed
    major: Low-level I/O
    minor: Write failed
  #009: /scratch/spack_cpu/job_21700923/spack-stage/spack-stage-hdf5-1.10.7-xexa2gll6hf6okdatgrxiwhcjs2uepc7/spack-src/src/H5PB.c line 1032 in H5PB_write(): write through metadata accumulator failed
    major: Page Buffering
    minor: Write failed
  #010: /scratch/spack_cpu/job_21700923/spack-stage/spack-stage-hdf5-1.10.7-xexa2gll6hf6okdatgrxiwhcjs2uepc7/spack-src/src/H5Faccum.c line 824 in H5F__accum_write(): file write failed
    major: Low-level I/O
    minor: Write failed
  #011: /scratch/spack_cpu/job_21700923/spack-stage/spack-stage-hdf5-1.10.7-xexa2gll6hf6okdatgrxiwhcjs2uepc7/spack-src/src/H5FDint.c line 249 in H5FD_write(): driver write request failed
    major: Virtual File Layer
    minor: Write failed
  #012: /scratch/spack_cpu/job_21700923/spack-stage/spack-stage-hdf5-1.10.7-xexa2gll6hf6okdatgrxiwhcjs2uepc7/spack-src/src/H5FDsec2.c line 856 in H5FD__sec2_write(): file write failed: time = Wed Nov 19 08:25:32 2025
, filename = 'checkpoint.h5', file descriptor = 5, errno = 14, error message = 'Bad address', buf = 0x1555537c4000, total write size = 15969552, bytes this sub-write = 15969552, bytes actually written = 18446744073709551615, offset = 0
    major: Low-level I/O
    minor: Write failed
HDF5-DIAG: Error detected in HDF5 (1.10.7) thread 0:
  #000: /scratch/spack_cpu/job_21700923/spack-stage/spack-stage-hdf5-1.10.7-xexa2gll6hf6okdatgrxiwhcjs2uepc7/spack-src/src/H5Dio.c line 335 in H5Dwrite(): can't write data
    major: Dataset
    minor: Write failed
  #001: /scratch/spack_cpu/job_21700923/spack-stage/spack-stage-hdf5-1.10.7-xexa2gll6hf6okdatgrxiwhcjs2uepc7/spack-src/src/H5Dio.c line 813 in H5D__write(): can't write data
    major: Dataset
    minor: Write failed
  #002: /scratch/spack_cpu/job_21700923/spack-stage/spack-stage-hdf5-1.10.7-xexa2gll6hf6okdatgrxiwhcjs2uepc7/spack-src/src/H5Dcontig.c line 659 in H5D__contig_write(): contiguous write failed
    major: Dataset
    minor: Write failed
  #003: /scratch/spack_cpu/job_21700923/spack-stage/spack-stage-hdf5-1.10.7-xexa2gll6hf6okdatgrxiwhcjs2uepc7/spack-src/src/H5Dselect.c line 321 in H5D__select_write(): write error
    major: Dataspace
    minor: Write failed
  #004: /scratch/spack_cpu/job_21700923/spack-stage/spack-stage-hdf5-1.10.7-xexa2gll6hf6okdatgrxiwhcjs2uepc7/spack-src/src/H5Dselect.c line 230 in H5D__select_io(): write error
    major: Dataspace
    minor: Write failed
  #005: /scratch/spack_cpu/job_21700923/spack-stage/spack-stage-hdf5-1.10.7-xexa2gll6hf6okdatgrxiwhcjs2uepc7/spack-src/src/H5Dcontig.c line 1281 in H5D__contig_writevv(): can't perform vectorized sieve buffer write
    major: Dataset
    minor: Can't operate on object
  #006: /scratch/spack_cpu/job_21700923/spack-stage/spack-stage-hdf5-1.10.7-xexa2gll6hf6okdatgrxiwhcjs2uepc7/spack-src/src/H5VM.c line 1464 in H5VM_opvv(): can't perform operation
    major: Internal error (too specific to document in detail)
    minor: Can't operate on object
  #007: /scratch/spack_cpu/job_21700923/spack-stage/spack-stage-hdf5-1.10.7-xexa2gll6hf6okdatgrxiwhcjs2uepc7/spack-src/src/H5Dcontig.c line 1029 in H5D__contig_writevv_sieve_cb(): block write failed
    major: Dataset
    minor: Write failed
  #008: /scratch/spack_cpu/job_21700923/spack-stage/spack-stage-hdf5-1.10.7-xexa2gll6hf6okdatgrxiwhcjs2uepc7/spack-src/src/H5Fio.c line 161 in H5F_block_write(): write through page buffer failed
    major: Low-level I/O
    minor: Write failed
  #009: /scratch/spack_cpu/job_21700923/spack-stage/spack-stage-hdf5-1.10.7-xexa2gll6hf6okdatgrxiwhcjs2uepc7/spack-src/src/H5PB.c line 1032 in H5PB_write(): write through metadata accumulator failed
    major: Page Buffering
    minor: Write failed
  #010: /scratch/spack_cpu/job_21700923/spack-stage/spack-stage-hdf5-1.10.7-xexa2gll6hf6okdatgrxiwhcjs2uepc7/spack-src/src/H5Faccum.c line 824 in H5F__accum_write(): file write failed
    major: Low-level I/O
    minor: Write failed
  #011: /scratch/spack_cpu/job_21700923/spack-stage/spack-stage-hdf5-1.10.7-xexa2gll6hf6okdatgrxiwhcjs2uepc7/spack-src/src/H5FDint.c line 249 in H5FD_write(): driver write request failed
    major: Virtual File Layer
    minor: Write failed
  #012: /scratch/spack_cpu/job_21700923/spack-stage/spack-stage-hdf5-1.10.7-xexa2gll6hf6okdatgrxiwhcjs2uepc7/spack-src/src/H5FDsec2.c line 856 in H5FD__sec2_write(): file write failed: time = Wed Nov 19 08:25:40 2025
, filename = 'checkpoint.h5', file descriptor = 5, errno = 14, error message = 'Bad address', buf = 0x1555537c4000, total write size = 15969552, bytes this sub-write = 15969552, bytes actually written = 18446744073709551615, offset = 0
    major: Low-level I/O
    minor: Write failed
HDF5-DIAG: Error detected in HDF5 (1.10.7) thread 0:
  #000: /scratch/spack_cpu/job_21700923/spack-stage/spack-stage-hdf5-1.10.7-xexa2gll6hf6okdatgrxiwhcjs2uepc7/spack-src/src/H5Dio.c line 335 in H5Dwrite(): can't write data
    major: Dataset
    minor: Write failed
  #001: /scratch/spack_cpu/job_21700923/spack-stage/spack-stage-hdf5-1.10.7-xexa2gll6hf6okdatgrxiwhcjs2uepc7/spack-src/src/H5Dio.c line 813 in H5D__write(): can't write data
    major: Dataset
    minor: Write failed
  #002: /scratch/spack_cpu/job_21700923/spack-stage/spack-stage-hdf5-1.10.7-xexa2gll6hf6okdatgrxiwhcjs2uepc7/spack-src/src/H5Dcontig.c line 659 in H5D__contig_write(): contiguous write failed
    major: Dataset
    minor: Write failed
  #003: /scratch/spack_cpu/job_21700923/spack-stage/spack-stage-hdf5-1.10.7-xexa2gll6hf6okdatgrxiwhcjs2uepc7/spack-src/src/H5Dselect.c line 321 in H5D__select_write(): write error
    major: Dataspace
    minor: Write failed
  #004: /scratch/spack_cpu/job_21700923/spack-stage/spack-stage-hdf5-1.10.7-xexa2gll6hf6okdatgrxiwhcjs2uepc7/spack-src/src/H5Dselect.c line 230 in H5D__select_io(): write error
    major: Dataspace
    minor: Write failed
  #005: /scratch/spack_cpu/job_21700923/spack-stage/spack-stage-hdf5-1.10.7-xexa2gll6hf6okdatgrxiwhcjs2uepc7/spack-src/src/H5Dcontig.c line 1281 in H5D__contig_writevv(): can't perform vectorized sieve buffer write
    major: Dataset
    minor: Can't operate on object
  #006: /scratch/spack_cpu/job_21700923/spack-stage/spack-stage-hdf5-1.10.7-xexa2gll6hf6okdatgrxiwhcjs2uepc7/spack-src/src/H5VM.c line 1464 in H5VM_opvv(): can't perform operation
    major: Internal error (too specific to document in detail)
    minor: Can't operate on object
  #007: /scratch/spack_cpu/job_21700923/spack-stage/spack-stage-hdf5-1.10.7-xexa2gll6hf6okdatgrxiwhcjs2uepc7/spack-src/src/H5Dcontig.c line 1029 in H5D__contig_writevv_sieve_cb(): block write failed
    major: Dataset
    minor: Write failed
  #008: /scratch/spack_cpu/job_21700923/spack-stage/spack-stage-hdf5-1.10.7-xexa2gll6hf6okdatgrxiwhcjs2uepc7/spack-src/src/H5Fio.c line 161 in H5F_block_write(): write through page buffer failed
    major: Low-level I/O
    minor: Write failed
  #009: /scratch/spack_cpu/job_21700923/spack-stage/spack-stage-hdf5-1.10.7-xexa2gll6hf6okdatgrxiwhcjs2uepc7/spack-src/src/H5PB.c line 1032 in H5PB_write(): write through metadata accumulator failed
    major: Page Buffering
    minor: Write failed
  #010: /scratch/spack_cpu/job_21700923/spack-stage/spack-stage-hdf5-1.10.7-xexa2gll6hf6okdatgrxiwhcjs2uepc7/spack-src/src/H5Faccum.c line 824 in H5F__accum_write(): file write failed
    major: Low-level I/O
    minor: Write failed
  #011: /scratch/spack_cpu/job_21700923/spack-stage/spack-stage-hdf5-1.10.7-xexa2gll6hf6okdatgrxiwhcjs2uepc7/spack-src/src/H5FDint.c line 249 in H5FD_write(): driver write request failed
    major: Virtual File Layer
    minor: Write failed
  #012: /scratch/spack_cpu/job_21700923/spack-stage/spack-stage-hdf5-1.10.7-xexa2gll6hf6okdatgrxiwhcjs2uepc7/spack-src/src/H5FDsec2.c line 856 in H5FD__sec2_write(): file write failed: time = Wed Nov 19 08:25:48 2025
, filename = 'checkpoint.h5', file descriptor = 5, errno = 14, error message = 'Bad address', buf = 0x1555537c4000, total write size = 15969552, bytes this sub-write = 15969552, bytes actually written = 18446744073709551615, offset = 0
    major: Low-level I/O
    minor: Write failed
HDF5-DIAG: Error detected in HDF5 (1.10.7) thread 0:
  #000: /scratch/spack_cpu/job_21700923/spack-stage/spack-stage-hdf5-1.10.7-xexa2gll6hf6okdatgrxiwhcjs2uepc7/spack-src/src/H5Dio.c line 335 in H5Dwrite(): can't write data
    major: Dataset
    minor: Write failed
  #001: /scratch/spack_cpu/job_21700923/spack-stage/spack-stage-hdf5-1.10.7-xexa2gll6hf6okdatgrxiwhcjs2uepc7/spack-src/src/H5Dio.c line 813 in H5D__write(): can't write data
    major: Dataset
    minor: Write failed
  #002: /scratch/spack_cpu/job_21700923/spack-stage/spack-stage-hdf5-1.10.7-xexa2gll6hf6okdatgrxiwhcjs2uepc7/spack-src/src/H5Dcontig.c line 659 in H5D__contig_write(): contiguous write failed
    major: Dataset
    minor: Write failed
  #003: /scratch/spack_cpu/job_21700923/spack-stage/spack-stage-hdf5-1.10.7-xexa2gll6hf6okdatgrxiwhcjs2uepc7/spack-src/src/H5Dselect.c line 321 in H5D__select_write(): write error
    major: Dataspace
    minor: Write failed
  #004: /scratch/spack_cpu/job_21700923/spack-stage/spack-stage-hdf5-1.10.7-xexa2gll6hf6okdatgrxiwhcjs2uepc7/spack-src/src/H5Dselect.c line 230 in H5D__select_io(): write error
    major: Dataspace
    minor: Write failed
  #005: /scratch/spack_cpu/job_21700923/spack-stage/spack-stage-hdf5-1.10.7-xexa2gll6hf6okdatgrxiwhcjs2uepc7/spack-src/src/H5Dcontig.c line 1281 in H5D__contig_writevv(): can't perform vectorized sieve buffer write
    major: Dataset
    minor: Can't operate on object
  #006: /scratch/spack_cpu/job_21700923/spack-stage/spack-stage-hdf5-1.10.7-xexa2gll6hf6okdatgrxiwhcjs2uepc7/spack-src/src/H5VM.c line 1464 in H5VM_opvv(): can't perform operation
    major: Internal error (too specific to document in detail)
    minor: Can't operate on object
  #007: /scratch/spack_cpu/job_21700923/spack-stage/spack-stage-hdf5-1.10.7-xexa2gll6hf6okdatgrxiwhcjs2uepc7/spack-src/src/H5Dcontig.c line 1029 in H5D__contig_writevv_sieve_cb(): block write failed
    major: Dataset
    minor: Write failed
  #008: /scratch/spack_cpu/job_21700923/spack-stage/spack-stage-hdf5-1.10.7-xexa2gll6hf6okdatgrxiwhcjs2uepc7/spack-src/src/H5Fio.c line 161 in H5F_block_write(): write through page buffer failed
    major: Low-level I/O
    minor: Write failed
  #009: /scratch/spack_cpu/job_21700923/spack-stage/spack-stage-hdf5-1.10.7-xexa2gll6hf6okdatgrxiwhcjs2uepc7/spack-src/src/H5PB.c line 1032 in H5PB_write(): write through metadata accumulator failed
    major: Page Buffering
    minor: Write failed
  #010: /scratch/spack_cpu/job_21700923/spack-stage/spack-stage-hdf5-1.10.7-xexa2gll6hf6okdatgrxiwhcjs2uepc7/spack-src/src/H5Faccum.c line 824 in H5F__accum_write(): file write failed
    major: Low-level I/O
    minor: Write failed
  #011: /scratch/spack_cpu/job_21700923/spack-stage/spack-stage-hdf5-1.10.7-xexa2gll6hf6okdatgrxiwhcjs2uepc7/spack-src/src/H5FDint.c line 249 in H5FD_write(): driver write request failed
    major: Virtual File Layer
    minor: Write failed
  #012: /scratch/spack_cpu/job_21700923/spack-stage/spack-stage-hdf5-1.10.7-xexa2gll6hf6okdatgrxiwhcjs2uepc7/spack-src/src/H5FDsec2.c line 856 in H5FD__sec2_write(): file write failed: time = Wed Nov 19 08:25:56 2025
, filename = 'checkpoint.h5', file descriptor = 5, errno = 14, error message = 'Bad address', buf = 0x1555537c4000, total write size = 15969552, bytes this sub-write = 15969552, bytes actually written = 18446744073709551615, offset = 0
    major: Low-level I/O
    minor: Write failed
HDF5-DIAG: Error detected in HDF5 (1.10.7) thread 0:
  #000: /scratch/spack_cpu/job_21700923/spack-stage/spack-stage-hdf5-1.10.7-xexa2gll6hf6okdatgrxiwhcjs2uepc7/spack-src/src/H5Dio.c line 335 in H5Dwrite(): can't write data
    major: Dataset
    minor: Write failed
  #001: /scratch/spack_cpu/job_21700923/spack-stage/spack-stage-hdf5-1.10.7-xexa2gll6hf6okdatgrxiwhcjs2uepc7/spack-src/src/H5Dio.c line 813 in H5D__write(): can't write data
    major: Dataset
    minor: Write failed
  #002: /scratch/spack_cpu/job_21700923/spack-stage/spack-stage-hdf5-1.10.7-xexa2gll6hf6okdatgrxiwhcjs2uepc7/spack-src/src/H5Dcontig.c line 659 in H5D__contig_write(): contiguous write failed
    major: Dataset
    minor: Write failed
  #003: /scratch/spack_cpu/job_21700923/spack-stage/spack-stage-hdf5-1.10.7-xexa2gll6hf6okdatgrxiwhcjs2uepc7/spack-src/src/H5Dselect.c line 321 in H5D__select_write(): write error
    major: Dataspace
    minor: Write failed
  #004: /scratch/spack_cpu/job_21700923/spack-stage/spack-stage-hdf5-1.10.7-xexa2gll6hf6okdatgrxiwhcjs2uepc7/spack-src/src/H5Dselect.c line 230 in H5D__select_io(): write error
    major: Dataspace
    minor: Write failed
  #005: /scratch/spack_cpu/job_21700923/spack-stage/spack-stage-hdf5-1.10.7-xexa2gll6hf6okdatgrxiwhcjs2uepc7/spack-src/src/H5Dcontig.c line 1281 in H5D__contig_writevv(): can't perform vectorized sieve buffer write
    major: Dataset
    minor: Can't operate on object
  #006: /scratch/spack_cpu/job_21700923/spack-stage/spack-stage-hdf5-1.10.7-xexa2gll6hf6okdatgrxiwhcjs2uepc7/spack-src/src/H5VM.c line 1464 in H5VM_opvv(): can't perform operation
    major: Internal error (too specific to document in detail)
    minor: Can't operate on object
  #007: /scratch/spack_cpu/job_21700923/spack-stage/spack-stage-hdf5-1.10.7-xexa2gll6hf6okdatgrxiwhcjs2uepc7/spack-src/src/H5Dcontig.c line 1029 in H5D__contig_writevv_sieve_cb(): block write failed
    major: Dataset
    minor: Write failed
  #008: /scratch/spack_cpu/job_21700923/spack-stage/spack-stage-hdf5-1.10.7-xexa2gll6hf6okdatgrxiwhcjs2uepc7/spack-src/src/H5Fio.c line 161 in H5F_block_write(): write through page buffer failed
    major: Low-level I/O
    minor: Write failed
  #009: /scratch/spack_cpu/job_21700923/spack-stage/spack-stage-hdf5-1.10.7-xexa2gll6hf6okdatgrxiwhcjs2uepc7/spack-src/src/H5PB.c line 1032 in H5PB_write(): write through metadata accumulator failed
    major: Page Buffering
    minor: Write failed
  #010: /scratch/spack_cpu/job_21700923/spack-stage/spack-stage-hdf5-1.10.7-xexa2gll6hf6okdatgrxiwhcjs2uepc7/spack-src/src/H5Faccum.c line 824 in H5F__accum_write(): file write failed
    major: Low-level I/O
    minor: Write failed
  #011: /scratch/spack_cpu/job_21700923/spack-stage/spack-stage-hdf5-1.10.7-xexa2gll6hf6okdatgrxiwhcjs2uepc7/spack-src/src/H5FDint.c line 249 in H5FD_write(): driver write request failed
    major: Virtual File Layer
    minor: Write failed
  #012: /scratch/spack_cpu/job_21700923/spack-stage/spack-stage-hdf5-1.10.7-xexa2gll6hf6okdatgrxiwhcjs2uepc7/spack-src/src/H5FDsec2.c line 856 in H5FD__sec2_write(): file write failed: time = Wed Nov 19 08:26:05 2025
, filename = 'checkpoint.h5', file descriptor = 5, errno = 14, error message = 'Bad address', buf = 0x1555537c4000, total write size = 15969552, bytes this sub-write = 15969552, bytes actually written = 18446744073709551615, offset = 0
    major: Low-level I/O
    minor: Write failed
HDF5-DIAG: Error detected in HDF5 (1.10.7) thread 0:
  #000: /scratch/spack_cpu/job_21700923/spack-stage/spack-stage-hdf5-1.10.7-xexa2gll6hf6okdatgrxiwhcjs2uepc7/spack-src/src/H5Dio.c line 335 in H5Dwrite(): can't write data
    major: Dataset
    minor: Write failed
  #001: /scratch/spack_cpu/job_21700923/spack-stage/spack-stage-hdf5-1.10.7-xexa2gll6hf6okdatgrxiwhcjs2uepc7/spack-src/src/H5Dio.c line 813 in H5D__write(): can't write data
    major: Dataset
    minor: Write failed
  #002: /scratch/spack_cpu/job_21700923/spack-stage/spack-stage-hdf5-1.10.7-xexa2gll6hf6okdatgrxiwhcjs2uepc7/spack-src/src/H5Dcontig.c line 659 in H5D__contig_write(): contiguous write failed
    major: Dataset
    minor: Write failed
  #003: /scratch/spack_cpu/job_21700923/spack-stage/spack-stage-hdf5-1.10.7-xexa2gll6hf6okdatgrxiwhcjs2uepc7/spack-src/src/H5Dselect.c line 321 in H5D__select_write(): write error
    major: Dataspace
    minor: Write failed
  #004: /scratch/spack_cpu/job_21700923/spack-stage/spack-stage-hdf5-1.10.7-xexa2gll6hf6okdatgrxiwhcjs2uepc7/spack-src/src/H5Dselect.c line 230 in H5D__select_io(): write error
    major: Dataspace
    minor: Write failed
  #005: /scratch/spack_cpu/job_21700923/spack-stage/spack-stage-hdf5-1.10.7-xexa2gll6hf6okdatgrxiwhcjs2uepc7/spack-src/src/H5Dcontig.c line 1281 in H5D__contig_writevv(): can't perform vectorized sieve buffer write
    major: Dataset
    minor: Can't operate on object
  #006: /scratch/spack_cpu/job_21700923/spack-stage/spack-stage-hdf5-1.10.7-xexa2gll6hf6okdatgrxiwhcjs2uepc7/spack-src/src/H5VM.c line 1464 in H5VM_opvv(): can't perform operation
    major: Internal error (too specific to document in detail)
    minor: Can't operate on object
  #007: /scratch/spack_cpu/job_21700923/spack-stage/spack-stage-hdf5-1.10.7-xexa2gll6hf6okdatgrxiwhcjs2uepc7/spack-src/src/H5Dcontig.c line 1029 in H5D__contig_writevv_sieve_cb(): block write failed
    major: Dataset
    minor: Write failed
  #008: /scratch/spack_cpu/job_21700923/spack-stage/spack-stage-hdf5-1.10.7-xexa2gll6hf6okdatgrxiwhcjs2uepc7/spack-src/src/H5Fio.c line 161 in H5F_block_write(): write through page buffer failed
    major: Low-level I/O
    minor: Write failed
  #009: /scratch/spack_cpu/job_21700923/spack-stage/spack-stage-hdf5-1.10.7-xexa2gll6hf6okdatgrxiwhcjs2uepc7/spack-src/src/H5PB.c line 1032 in H5PB_write(): write through metadata accumulator failed
    major: Page Buffering
    minor: Write failed
  #010: /scratch/spack_cpu/job_21700923/spack-stage/spack-stage-hdf5-1.10.7-xexa2gll6hf6okdatgrxiwhcjs2uepc7/spack-src/src/H5Faccum.c line 824 in H5F__accum_write(): file write failed
    major: Low-level I/O
    minor: Write failed
  #011: /scratch/spack_cpu/job_21700923/spack-stage/spack-stage-hdf5-1.10.7-xexa2gll6hf6okdatgrxiwhcjs2uepc7/spack-src/src/H5FDint.c line 249 in H5FD_write(): driver write request failed
    major: Virtual File Layer
    minor: Write failed
  #012: /scratch/spack_cpu/job_21700923/spack-stage/spack-stage-hdf5-1.10.7-xexa2gll6hf6okdatgrxiwhcjs2uepc7/spack-src/src/H5FDsec2.c line 856 in H5FD__sec2_write(): file write failed: time = Wed Nov 19 08:26:13 2025
, filename = 'checkpoint.h5', file descriptor = 5, errno = 14, error message = 'Bad address', buf = 0x1555537c4000, total write size = 15969552, bytes this sub-write = 15969552, bytes actually written = 18446744073709551615, offset = 0
    major: Low-level I/O
    minor: Write failed
HDF5-DIAG: Error detected in HDF5 (1.10.7) thread 0:
  #000: /scratch/spack_cpu/job_21700923/spack-stage/spack-stage-hdf5-1.10.7-xexa2gll6hf6okdatgrxiwhcjs2uepc7/spack-src/src/H5Dio.c line 335 in H5Dwrite(): can't write data
    major: Dataset
    minor: Write failed
  #001: /scratch/spack_cpu/job_21700923/spack-stage/spack-stage-hdf5-1.10.7-xexa2gll6hf6okdatgrxiwhcjs2uepc7/spack-src/src/H5Dio.c line 813 in H5D__write(): can't write data
    major: Dataset
    minor: Write failed
  #002: /scratch/spack_cpu/job_21700923/spack-stage/spack-stage-hdf5-1.10.7-xexa2gll6hf6okdatgrxiwhcjs2uepc7/spack-src/src/H5Dcontig.c line 659 in H5D__contig_write(): contiguous write failed
    major: Dataset
    minor: Write failed
  #003: /scratch/spack_cpu/job_21700923/spack-stage/spack-stage-hdf5-1.10.7-xexa2gll6hf6okdatgrxiwhcjs2uepc7/spack-src/src/H5Dselect.c line 321 in H5D__select_write(): write error
    major: Dataspace
    minor: Write failed
  #004: /scratch/spack_cpu/job_21700923/spack-stage/spack-stage-hdf5-1.10.7-xexa2gll6hf6okdatgrxiwhcjs2uepc7/spack-src/src/H5Dselect.c line 230 in H5D__select_io(): write error
    major: Dataspace
    minor: Write failed
  #005: /scratch/spack_cpu/job_21700923/spack-stage/spack-stage-hdf5-1.10.7-xexa2gll6hf6okdatgrxiwhcjs2uepc7/spack-src/src/H5Dcontig.c line 1281 in H5D__contig_writevv(): can't perform vectorized sieve buffer write
    major: Dataset
    minor: Can't operate on object
  #006: /scratch/spack_cpu/job_21700923/spack-stage/spack-stage-hdf5-1.10.7-xexa2gll6hf6okdatgrxiwhcjs2uepc7/spack-src/src/H5VM.c line 1464 in H5VM_opvv(): can't perform operation
    major: Internal error (too specific to document in detail)
    minor: Can't operate on object
  #007: /scratch/spack_cpu/job_21700923/spack-stage/spack-stage-hdf5-1.10.7-xexa2gll6hf6okdatgrxiwhcjs2uepc7/spack-src/src/H5Dcontig.c line 1029 in H5D__contig_writevv_sieve_cb(): block write failed
    major: Dataset
    minor: Write failed
  #008: /scratch/spack_cpu/job_21700923/spack-stage/spack-stage-hdf5-1.10.7-xexa2gll6hf6okdatgrxiwhcjs2uepc7/spack-src/src/H5Fio.c line 161 in H5F_block_write(): write through page buffer failed
    major: Low-level I/O
    minor: Write failed
  #009: /scratch/spack_cpu/job_21700923/spack-stage/spack-stage-hdf5-1.10.7-xexa2gll6hf6okdatgrxiwhcjs2uepc7/spack-src/src/H5PB.c line 1032 in H5PB_write(): write through metadata accumulator failed
    major: Page Buffering
    minor: Write failed
  #010: /scratch/spack_cpu/job_21700923/spack-stage/spack-stage-hdf5-1.10.7-xexa2gll6hf6okdatgrxiwhcjs2uepc7/spack-src/src/H5Faccum.c line 824 in H5F__accum_write(): file write failed
    major: Low-level I/O
    minor: Write failed
  #011: /scratch/spack_cpu/job_21700923/spack-stage/spack-stage-hdf5-1.10.7-xexa2gll6hf6okdatgrxiwhcjs2uepc7/spack-src/src/H5FDint.c line 249 in H5FD_write(): driver write request failed
    major: Virtual File Layer
    minor: Write failed
  #012: /scratch/spack_cpu/job_21700923/spack-stage/spack-stage-hdf5-1.10.7-xexa2gll6hf6okdatgrxiwhcjs2uepc7/spack-src/src/H5FDsec2.c line 856 in H5FD__sec2_write(): file write failed: time = Wed Nov 19 08:26:21 2025
, filename = 'checkpoint.h5', file descriptor = 5, errno = 14, error message = 'Bad address', buf = 0x1555537c4000, total write size = 15969552, bytes this sub-write = 15969552, bytes actually written = 18446744073709551615, offset = 0
    major: Low-level I/O
    minor: Write failed
HDF5-DIAG: Error detected in HDF5 (1.10.7) thread 0:
  #000: /scratch/spack_cpu/job_21700923/spack-stage/spack-stage-hdf5-1.10.7-xexa2gll6hf6okdatgrxiwhcjs2uepc7/spack-src/src/H5Dio.c line 335 in H5Dwrite(): can't write data
    major: Dataset
    minor: Write failed
  #001: /scratch/spack_cpu/job_21700923/spack-stage/spack-stage-hdf5-1.10.7-xexa2gll6hf6okdatgrxiwhcjs2uepc7/spack-src/src/H5Dio.c line 813 in H5D__write(): can't write data
    major: Dataset
    minor: Write failed
  #002: /scratch/spack_cpu/job_21700923/spack-stage/spack-stage-hdf5-1.10.7-xexa2gll6hf6okdatgrxiwhcjs2uepc7/spack-src/src/H5Dcontig.c line 659 in H5D__contig_write(): contiguous write failed
    major: Dataset
    minor: Write failed
  #003: /scratch/spack_cpu/job_21700923/spack-stage/spack-stage-hdf5-1.10.7-xexa2gll6hf6okdatgrxiwhcjs2uepc7/spack-src/src/H5Dselect.c line 321 in H5D__select_write(): write error
    major: Dataspace
    minor: Write failed
  #004: /scratch/spack_cpu/job_21700923/spack-stage/spack-stage-hdf5-1.10.7-xexa2gll6hf6okdatgrxiwhcjs2uepc7/spack-src/src/H5Dselect.c line 230 in H5D__select_io(): write error
    major: Dataspace
    minor: Write failed
  #005: /scratch/spack_cpu/job_21700923/spack-stage/spack-stage-hdf5-1.10.7-xexa2gll6hf6okdatgrxiwhcjs2uepc7/spack-src/src/H5Dcontig.c line 1281 in H5D__contig_writevv(): can't perform vectorized sieve buffer write
    major: Dataset
    minor: Can't operate on object
  #006: /scratch/spack_cpu/job_21700923/spack-stage/spack-stage-hdf5-1.10.7-xexa2gll6hf6okdatgrxiwhcjs2uepc7/spack-src/src/H5VM.c line 1464 in H5VM_opvv(): can't perform operation
    major: Internal error (too specific to document in detail)
    minor: Can't operate on object
  #007: /scratch/spack_cpu/job_21700923/spack-stage/spack-stage-hdf5-1.10.7-xexa2gll6hf6okdatgrxiwhcjs2uepc7/spack-src/src/H5Dcontig.c line 1029 in H5D__contig_writevv_sieve_cb(): block write failed
    major: Dataset
    minor: Write failed
  #008: /scratch/spack_cpu/job_21700923/spack-stage/spack-stage-hdf5-1.10.7-xexa2gll6hf6okdatgrxiwhcjs2uepc7/spack-src/src/H5Fio.c line 161 in H5F_block_write(): write through page buffer failed
    major: Low-level I/O
    minor: Write failed
  #009: /scratch/spack_cpu/job_21700923/spack-stage/spack-stage-hdf5-1.10.7-xexa2gll6hf6okdatgrxiwhcjs2uepc7/spack-src/src/H5PB.c line 1032 in H5PB_write(): write through metadata accumulator failed
    major: Page Buffering
    minor: Write failed
  #010: /scratch/spack_cpu/job_21700923/spack-stage/spack-stage-hdf5-1.10.7-xexa2gll6hf6okdatgrxiwhcjs2uepc7/spack-src/src/H5Faccum.c line 824 in H5F__accum_write(): file write failed
    major: Low-level I/O
    minor: Write failed
  #011: /scratch/spack_cpu/job_21700923/spack-stage/spack-stage-hdf5-1.10.7-xexa2gll6hf6okdatgrxiwhcjs2uepc7/spack-src/src/H5FDint.c line 249 in H5FD_write(): driver write request failed
    major: Virtual File Layer
    minor: Write failed
  #012: /scratch/spack_cpu/job_21700923/spack-stage/spack-stage-hdf5-1.10.7-xexa2gll6hf6okdatgrxiwhcjs2uepc7/spack-src/src/H5FDsec2.c line 856 in H5FD__sec2_write(): file write failed: time = Wed Nov 19 08:26:29 2025
, filename = 'checkpoint.h5', file descriptor = 5, errno = 14, error message = 'Bad address', buf = 0x1555537c4000, total write size = 15969552, bytes this sub-write = 15969552, bytes actually written = 18446744073709551615, offset = 0
    major: Low-level I/O
    minor: Write failed
HDF5-DIAG: Error detected in HDF5 (1.10.7) thread 0:
  #000: /scratch/spack_cpu/job_21700923/spack-stage/spack-stage-hdf5-1.10.7-xexa2gll6hf6okdatgrxiwhcjs2uepc7/spack-src/src/H5Dio.c line 335 in H5Dwrite(): can't write data
    major: Dataset
    minor: Write failed
  #001: /scratch/spack_cpu/job_21700923/spack-stage/spack-stage-hdf5-1.10.7-xexa2gll6hf6okdatgrxiwhcjs2uepc7/spack-src/src/H5Dio.c line 813 in H5D__write(): can't write data
    major: Dataset
    minor: Write failed
  #002: /scratch/spack_cpu/job_21700923/spack-stage/spack-stage-hdf5-1.10.7-xexa2gll6hf6okdatgrxiwhcjs2uepc7/spack-src/src/H5Dcontig.c line 659 in H5D__contig_write(): contiguous write failed
    major: Dataset
    minor: Write failed
  #003: /scratch/spack_cpu/job_21700923/spack-stage/spack-stage-hdf5-1.10.7-xexa2gll6hf6okdatgrxiwhcjs2uepc7/spack-src/src/H5Dselect.c line 321 in H5D__select_write(): write error
    major: Dataspace
    minor: Write failed
  #004: /scratch/spack_cpu/job_21700923/spack-stage/spack-stage-hdf5-1.10.7-xexa2gll6hf6okdatgrxiwhcjs2uepc7/spack-src/src/H5Dselect.c line 230 in H5D__select_io(): write error
    major: Dataspace
    minor: Write failed
  #005: /scratch/spack_cpu/job_21700923/spack-stage/spack-stage-hdf5-1.10.7-xexa2gll6hf6okdatgrxiwhcjs2uepc7/spack-src/src/H5Dcontig.c line 1281 in H5D__contig_writevv(): can't perform vectorized sieve buffer write
    major: Dataset
    minor: Can't operate on object
  #006: /scratch/spack_cpu/job_21700923/spack-stage/spack-stage-hdf5-1.10.7-xexa2gll6hf6okdatgrxiwhcjs2uepc7/spack-src/src/H5VM.c line 1464 in H5VM_opvv(): can't perform operation
    major: Internal error (too specific to document in detail)
    minor: Can't operate on object
  #007: /scratch/spack_cpu/job_21700923/spack-stage/spack-stage-hdf5-1.10.7-xexa2gll6hf6okdatgrxiwhcjs2uepc7/spack-src/src/H5Dcontig.c line 1029 in H5D__contig_writevv_sieve_cb(): block write failed
    major: Dataset
    minor: Write failed
  #008: /scratch/spack_cpu/job_21700923/spack-stage/spack-stage-hdf5-1.10.7-xexa2gll6hf6okdatgrxiwhcjs2uepc7/spack-src/src/H5Fio.c line 161 in H5F_block_write(): write through page buffer failed
    major: Low-level I/O
    minor: Write failed
  #009: /scratch/spack_cpu/job_21700923/spack-stage/spack-stage-hdf5-1.10.7-xexa2gll6hf6okdatgrxiwhcjs2uepc7/spack-src/src/H5PB.c line 1032 in H5PB_write(): write through metadata accumulator failed
    major: Page Buffering
    minor: Write failed
  #010: /scratch/spack_cpu/job_21700923/spack-stage/spack-stage-hdf5-1.10.7-xexa2gll6hf6okdatgrxiwhcjs2uepc7/spack-src/src/H5Faccum.c line 824 in H5F__accum_write(): file write failed
    major: Low-level I/O
    minor: Write failed
  #011: /scratch/spack_cpu/job_21700923/spack-stage/spack-stage-hdf5-1.10.7-xexa2gll6hf6okdatgrxiwhcjs2uepc7/spack-src/src/H5FDint.c line 249 in H5FD_write(): driver write request failed
    major: Virtual File Layer
    minor: Write failed
  #012: /scratch/spack_cpu/job_21700923/spack-stage/spack-stage-hdf5-1.10.7-xexa2gll6hf6okdatgrxiwhcjs2uepc7/spack-src/src/H5FDsec2.c line 856 in H5FD__sec2_write(): file write failed: time = Wed Nov 19 08:26:37 2025
, filename = 'checkpoint.h5', file descriptor = 5, errno = 14, error message = 'Bad address', buf = 0x1555537c4000, total write size = 15969552, bytes this sub-write = 15969552, bytes actually written = 18446744073709551615, offset = 0
    major: Low-level I/O
    minor: Write failed
HDF5-DIAG: Error detected in HDF5 (1.10.7) thread 0:
  #000: /scratch/spack_cpu/job_21700923/spack-stage/spack-stage-hdf5-1.10.7-xexa2gll6hf6okdatgrxiwhcjs2uepc7/spack-src/src/H5Dio.c line 335 in H5Dwrite(): can't write data
    major: Dataset
    minor: Write failed
  #001: /scratch/spack_cpu/job_21700923/spack-stage/spack-stage-hdf5-1.10.7-xexa2gll6hf6okdatgrxiwhcjs2uepc7/spack-src/src/H5Dio.c line 813 in H5D__write(): can't write data
    major: Dataset
    minor: Write failed
  #002: /scratch/spack_cpu/job_21700923/spack-stage/spack-stage-hdf5-1.10.7-xexa2gll6hf6okdatgrxiwhcjs2uepc7/spack-src/src/H5Dcontig.c line 659 in H5D__contig_write(): contiguous write failed
    major: Dataset
    minor: Write failed
  #003: /scratch/spack_cpu/job_21700923/spack-stage/spack-stage-hdf5-1.10.7-xexa2gll6hf6okdatgrxiwhcjs2uepc7/spack-src/src/H5Dselect.c line 321 in H5D__select_write(): write error
    major: Dataspace
    minor: Write failed
  #004: /scratch/spack_cpu/job_21700923/spack-stage/spack-stage-hdf5-1.10.7-xexa2gll6hf6okdatgrxiwhcjs2uepc7/spack-src/src/H5Dselect.c line 230 in H5D__select_io(): write error
    major: Dataspace
    minor: Write failed
  #005: /scratch/spack_cpu/job_21700923/spack-stage/spack-stage-hdf5-1.10.7-xexa2gll6hf6okdatgrxiwhcjs2uepc7/spack-src/src/H5Dcontig.c line 1281 in H5D__contig_writevv(): can't perform vectorized sieve buffer write
    major: Dataset
    minor: Can't operate on object
  #006: /scratch/spack_cpu/job_21700923/spack-stage/spack-stage-hdf5-1.10.7-xexa2gll6hf6okdatgrxiwhcjs2uepc7/spack-src/src/H5VM.c line 1464 in H5VM_opvv(): can't perform operation
    major: Internal error (too specific to document in detail)
    minor: Can't operate on object
  #007: /scratch/spack_cpu/job_21700923/spack-stage/spack-stage-hdf5-1.10.7-xexa2gll6hf6okdatgrxiwhcjs2uepc7/spack-src/src/H5Dcontig.c line 1029 in H5D__contig_writevv_sieve_cb(): block write failed
    major: Dataset
    minor: Write failed
  #008: /scratch/spack_cpu/job_21700923/spack-stage/spack-stage-hdf5-1.10.7-xexa2gll6hf6okdatgrxiwhcjs2uepc7/spack-src/src/H5Fio.c line 161 in H5F_block_write(): write through page buffer failed
    major: Low-level I/O
    minor: Write failed
  #009: /scratch/spack_cpu/job_21700923/spack-stage/spack-stage-hdf5-1.10.7-xexa2gll6hf6okdatgrxiwhcjs2uepc7/spack-src/src/H5PB.c line 1032 in H5PB_write(): write through metadata accumulator failed
    major: Page Buffering
    minor: Write failed
  #010: /scratch/spack_cpu/job_21700923/spack-stage/spack-stage-hdf5-1.10.7-xexa2gll6hf6okdatgrxiwhcjs2uepc7/spack-src/src/H5Faccum.c line 824 in H5F__accum_write(): file write failed
    major: Low-level I/O
    minor: Write failed
  #011: /scratch/spack_cpu/job_21700923/spack-stage/spack-stage-hdf5-1.10.7-xexa2gll6hf6okdatgrxiwhcjs2uepc7/spack-src/src/H5FDint.c line 249 in H5FD_write(): driver write request failed
    major: Virtual File Layer
    minor: Write failed
  #012: /scratch/spack_cpu/job_21700923/spack-stage/spack-stage-hdf5-1.10.7-xexa2gll6hf6okdatgrxiwhcjs2uepc7/spack-src/src/H5FDsec2.c line 856 in H5FD__sec2_write(): file write failed: time = Wed Nov 19 08:26:45 2025
, filename = 'checkpoint.h5', file descriptor = 5, errno = 14, error message = 'Bad address', buf = 0x1555537c4000, total write size = 15969552, bytes this sub-write = 15969552, bytes actually written = 18446744073709551615, offset = 0
    major: Low-level I/O
    minor: Write failed
HDF5-DIAG: Error detected in HDF5 (1.10.7) thread 0:
  #000: /scratch/spack_cpu/job_21700923/spack-stage/spack-stage-hdf5-1.10.7-xexa2gll6hf6okdatgrxiwhcjs2uepc7/spack-src/src/H5Dio.c line 335 in H5Dwrite(): can't write data
    major: Dataset
    minor: Write failed
  #001: /scratch/spack_cpu/job_21700923/spack-stage/spack-stage-hdf5-1.10.7-xexa2gll6hf6okdatgrxiwhcjs2uepc7/spack-src/src/H5Dio.c line 813 in H5D__write(): can't write data
    major: Dataset
    minor: Write failed
  #002: /scratch/spack_cpu/job_21700923/spack-stage/spack-stage-hdf5-1.10.7-xexa2gll6hf6okdatgrxiwhcjs2uepc7/spack-src/src/H5Dcontig.c line 659 in H5D__contig_write(): contiguous write failed
    major: Dataset
    minor: Write failed
  #003: /scratch/spack_cpu/job_21700923/spack-stage/spack-stage-hdf5-1.10.7-xexa2gll6hf6okdatgrxiwhcjs2uepc7/spack-src/src/H5Dselect.c line 321 in H5D__select_write(): write error
    major: Dataspace
    minor: Write failed
  #004: /scratch/spack_cpu/job_21700923/spack-stage/spack-stage-hdf5-1.10.7-xexa2gll6hf6okdatgrxiwhcjs2uepc7/spack-src/src/H5Dselect.c line 230 in H5D__select_io(): write error
    major: Dataspace
    minor: Write failed
  #005: /scratch/spack_cpu/job_21700923/spack-stage/spack-stage-hdf5-1.10.7-xexa2gll6hf6okdatgrxiwhcjs2uepc7/spack-src/src/H5Dcontig.c line 1281 in H5D__contig_writevv(): can't perform vectorized sieve buffer write
    major: Dataset
    minor: Can't operate on object
  #006: /scratch/spack_cpu/job_21700923/spack-stage/spack-stage-hdf5-1.10.7-xexa2gll6hf6okdatgrxiwhcjs2uepc7/spack-src/src/H5VM.c line 1464 in H5VM_opvv(): can't perform operation
    major: Internal error (too specific to document in detail)
    minor: Can't operate on object
  #007: /scratch/spack_cpu/job_21700923/spack-stage/spack-stage-hdf5-1.10.7-xexa2gll6hf6okdatgrxiwhcjs2uepc7/spack-src/src/H5Dcontig.c line 1029 in H5D__contig_writevv_sieve_cb(): block write failed
    major: Dataset
    minor: Write failed
  #008: /scratch/spack_cpu/job_21700923/spack-stage/spack-stage-hdf5-1.10.7-xexa2gll6hf6okdatgrxiwhcjs2uepc7/spack-src/src/H5Fio.c line 161 in H5F_block_write(): write through page buffer failed
    major: Low-level I/O
    minor: Write failed
  #009: /scratch/spack_cpu/job_21700923/spack-stage/spack-stage-hdf5-1.10.7-xexa2gll6hf6okdatgrxiwhcjs2uepc7/spack-src/src/H5PB.c line 1032 in H5PB_write(): write through metadata accumulator failed
    major: Page Buffering
    minor: Write failed
  #010: /scratch/spack_cpu/job_21700923/spack-stage/spack-stage-hdf5-1.10.7-xexa2gll6hf6okdatgrxiwhcjs2uepc7/spack-src/src/H5Faccum.c line 824 in H5F__accum_write(): file write failed
    major: Low-level I/O
    minor: Write failed
  #011: /scratch/spack_cpu/job_21700923/spack-stage/spack-stage-hdf5-1.10.7-xexa2gll6hf6okdatgrxiwhcjs2uepc7/spack-src/src/H5FDint.c line 249 in H5FD_write(): driver write request failed
    major: Virtual File Layer
    minor: Write failed
  #012: /scratch/spack_cpu/job_21700923/spack-stage/spack-stage-hdf5-1.10.7-xexa2gll6hf6okdatgrxiwhcjs2uepc7/spack-src/src/H5FDsec2.c line 856 in H5FD__sec2_write(): file write failed: time = Wed Nov 19 08:26:54 2025
, filename = 'checkpoint.h5', file descriptor = 5, errno = 14, error message = 'Bad address', buf = 0x1555537c4000, total write size = 15969552, bytes this sub-write = 15969552, bytes actually written = 18446744073709551615, offset = 0
    major: Low-level I/O
    minor: Write failed
HDF5-DIAG: Error detected in HDF5 (1.10.7) thread 0:
  #000: /scratch/spack_cpu/job_21700923/spack-stage/spack-stage-hdf5-1.10.7-xexa2gll6hf6okdatgrxiwhcjs2uepc7/spack-src/src/H5Dio.c line 335 in H5Dwrite(): can't write data
    major: Dataset
    minor: Write failed
  #001: /scratch/spack_cpu/job_21700923/spack-stage/spack-stage-hdf5-1.10.7-xexa2gll6hf6okdatgrxiwhcjs2uepc7/spack-src/src/H5Dio.c line 813 in H5D__write(): can't write data
    major: Dataset
    minor: Write failed
  #002: /scratch/spack_cpu/job_21700923/spack-stage/spack-stage-hdf5-1.10.7-xexa2gll6hf6okdatgrxiwhcjs2uepc7/spack-src/src/H5Dcontig.c line 659 in H5D__contig_write(): contiguous write failed
    major: Dataset
    minor: Write failed
  #003: /scratch/spack_cpu/job_21700923/spack-stage/spack-stage-hdf5-1.10.7-xexa2gll6hf6okdatgrxiwhcjs2uepc7/spack-src/src/H5Dselect.c line 321 in H5D__select_write(): write error
    major: Dataspace
    minor: Write failed
  #004: /scratch/spack_cpu/job_21700923/spack-stage/spack-stage-hdf5-1.10.7-xexa2gll6hf6okdatgrxiwhcjs2uepc7/spack-src/src/H5Dselect.c line 230 in H5D__select_io(): write error
    major: Dataspace
    minor: Write failed
  #005: /scratch/spack_cpu/job_21700923/spack-stage/spack-stage-hdf5-1.10.7-xexa2gll6hf6okdatgrxiwhcjs2uepc7/spack-src/src/H5Dcontig.c line 1281 in H5D__contig_writevv(): can't perform vectorized sieve buffer write
    major: Dataset
    minor: Can't operate on object
  #006: /scratch/spack_cpu/job_21700923/spack-stage/spack-stage-hdf5-1.10.7-xexa2gll6hf6okdatgrxiwhcjs2uepc7/spack-src/src/H5VM.c line 1464 in H5VM_opvv(): can't perform operation
    major: Internal error (too specific to document in detail)
    minor: Can't operate on object
  #007: /scratch/spack_cpu/job_21700923/spack-stage/spack-stage-hdf5-1.10.7-xexa2gll6hf6okdatgrxiwhcjs2uepc7/spack-src/src/H5Dcontig.c line 1029 in H5D__contig_writevv_sieve_cb(): block write failed
    major: Dataset
    minor: Write failed
  #008: /scratch/spack_cpu/job_21700923/spack-stage/spack-stage-hdf5-1.10.7-xexa2gll6hf6okdatgrxiwhcjs2uepc7/spack-src/src/H5Fio.c line 161 in H5F_block_write(): write through page buffer failed
    major: Low-level I/O
    minor: Write failed
  #009: /scratch/spack_cpu/job_21700923/spack-stage/spack-stage-hdf5-1.10.7-xexa2gll6hf6okdatgrxiwhcjs2uepc7/spack-src/src/H5PB.c line 1032 in H5PB_write(): write through metadata accumulator failed
    major: Page Buffering
    minor: Write failed
  #010: /scratch/spack_cpu/job_21700923/spack-stage/spack-stage-hdf5-1.10.7-xexa2gll6hf6okdatgrxiwhcjs2uepc7/spack-src/src/H5Faccum.c line 824 in H5F__accum_write(): file write failed
    major: Low-level I/O
    minor: Write failed
  #011: /scratch/spack_cpu/job_21700923/spack-stage/spack-stage-hdf5-1.10.7-xexa2gll6hf6okdatgrxiwhcjs2uepc7/spack-src/src/H5FDint.c line 249 in H5FD_write(): driver write request failed
    major: Virtual File Layer
    minor: Write failed
  #012: /scratch/spack_cpu/job_21700923/spack-stage/spack-stage-hdf5-1.10.7-xexa2gll6hf6okdatgrxiwhcjs2uepc7/spack-src/src/H5FDsec2.c line 856 in H5FD__sec2_write(): file write failed: time = Wed Nov 19 08:27:02 2025
, filename = 'checkpoint.h5', file descriptor = 5, errno = 14, error message = 'Bad address', buf = 0x1555537c4000, total write size = 15969552, bytes this sub-write = 15969552, bytes actually written = 18446744073709551615, offset = 0
    major: Low-level I/O
    minor: Write failed
HDF5-DIAG: Error detected in HDF5 (1.10.7) thread 0:
  #000: /scratch/spack_cpu/job_21700923/spack-stage/spack-stage-hdf5-1.10.7-xexa2gll6hf6okdatgrxiwhcjs2uepc7/spack-src/src/H5Dio.c line 335 in H5Dwrite(): can't write data
    major: Dataset
    minor: Write failed
  #001: /scratch/spack_cpu/job_21700923/spack-stage/spack-stage-hdf5-1.10.7-xexa2gll6hf6okdatgrxiwhcjs2uepc7/spack-src/src/H5Dio.c line 813 in H5D__write(): can't write data
    major: Dataset
    minor: Write failed
  #002: /scratch/spack_cpu/job_21700923/spack-stage/spack-stage-hdf5-1.10.7-xexa2gll6hf6okdatgrxiwhcjs2uepc7/spack-src/src/H5Dcontig.c line 659 in H5D__contig_write(): contiguous write failed
    major: Dataset
    minor: Write failed
  #003: /scratch/spack_cpu/job_21700923/spack-stage/spack-stage-hdf5-1.10.7-xexa2gll6hf6okdatgrxiwhcjs2uepc7/spack-src/src/H5Dselect.c line 321 in H5D__select_write(): write error
    major: Dataspace
    minor: Write failed
  #004: /scratch/spack_cpu/job_21700923/spack-stage/spack-stage-hdf5-1.10.7-xexa2gll6hf6okdatgrxiwhcjs2uepc7/spack-src/src/H5Dselect.c line 230 in H5D__select_io(): write error
    major: Dataspace
    minor: Write failed
  #005: /scratch/spack_cpu/job_21700923/spack-stage/spack-stage-hdf5-1.10.7-xexa2gll6hf6okdatgrxiwhcjs2uepc7/spack-src/src/H5Dcontig.c line 1281 in H5D__contig_writevv(): can't perform vectorized sieve buffer write
    major: Dataset
    minor: Can't operate on object
  #006: /scratch/spack_cpu/job_21700923/spack-stage/spack-stage-hdf5-1.10.7-xexa2gll6hf6okdatgrxiwhcjs2uepc7/spack-src/src/H5VM.c line 1464 in H5VM_opvv(): can't perform operation
    major: Internal error (too specific to document in detail)
    minor: Can't operate on object
  #007: /scratch/spack_cpu/job_21700923/spack-stage/spack-stage-hdf5-1.10.7-xexa2gll6hf6okdatgrxiwhcjs2uepc7/spack-src/src/H5Dcontig.c line 1029 in H5D__contig_writevv_sieve_cb(): block write failed
    major: Dataset
    minor: Write failed
  #008: /scratch/spack_cpu/job_21700923/spack-stage/spack-stage-hdf5-1.10.7-xexa2gll6hf6okdatgrxiwhcjs2uepc7/spack-src/src/H5Fio.c line 161 in H5F_block_write(): write through page buffer failed
    major: Low-level I/O
    minor: Write failed
  #009: /scratch/spack_cpu/job_21700923/spack-stage/spack-stage-hdf5-1.10.7-xexa2gll6hf6okdatgrxiwhcjs2uepc7/spack-src/src/H5PB.c line 1032 in H5PB_write(): write through metadata accumulator failed
    major: Page Buffering
    minor: Write failed
  #010: /scratch/spack_cpu/job_21700923/spack-stage/spack-stage-hdf5-1.10.7-xexa2gll6hf6okdatgrxiwhcjs2uepc7/spack-src/src/H5Faccum.c line 824 in H5F__accum_write(): file write failed
    major: Low-level I/O
    minor: Write failed
  #011: /scratch/spack_cpu/job_21700923/spack-stage/spack-stage-hdf5-1.10.7-xexa2gll6hf6okdatgrxiwhcjs2uepc7/spack-src/src/H5FDint.c line 249 in H5FD_write(): driver write request failed
    major: Virtual File Layer
    minor: Write failed
  #012: /scratch/spack_cpu/job_21700923/spack-stage/spack-stage-hdf5-1.10.7-xexa2gll6hf6okdatgrxiwhcjs2uepc7/spack-src/src/H5FDsec2.c line 856 in H5FD__sec2_write(): file write failed: time = Wed Nov 19 08:27:10 2025
, filename = 'checkpoint.h5', file descriptor = 5, errno = 14, error message = 'Bad address', buf = 0x1555537c4000, total write size = 15969552, bytes this sub-write = 15969552, bytes actually written = 18446744073709551615, offset = 0
    major: Low-level I/O
    minor: Write failed
HDF5-DIAG: Error detected in HDF5 (1.10.7) thread 0:
  #000: /scratch/spack_cpu/job_21700923/spack-stage/spack-stage-hdf5-1.10.7-xexa2gll6hf6okdatgrxiwhcjs2uepc7/spack-src/src/H5Dio.c line 335 in H5Dwrite(): can't write data
    major: Dataset
    minor: Write failed
  #001: /scratch/spack_cpu/job_21700923/spack-stage/spack-stage-hdf5-1.10.7-xexa2gll6hf6okdatgrxiwhcjs2uepc7/spack-src/src/H5Dio.c line 813 in H5D__write(): can't write data
    major: Dataset
    minor: Write failed
  #002: /scratch/spack_cpu/job_21700923/spack-stage/spack-stage-hdf5-1.10.7-xexa2gll6hf6okdatgrxiwhcjs2uepc7/spack-src/src/H5Dcontig.c line 659 in H5D__contig_write(): contiguous write failed
    major: Dataset
    minor: Write failed
  #003: /scratch/spack_cpu/job_21700923/spack-stage/spack-stage-hdf5-1.10.7-xexa2gll6hf6okdatgrxiwhcjs2uepc7/spack-src/src/H5Dselect.c line 321 in H5D__select_write(): write error
    major: Dataspace
    minor: Write failed
  #004: /scratch/spack_cpu/job_21700923/spack-stage/spack-stage-hdf5-1.10.7-xexa2gll6hf6okdatgrxiwhcjs2uepc7/spack-src/src/H5Dselect.c line 230 in H5D__select_io(): write error
    major: Dataspace
    minor: Write failed
  #005: /scratch/spack_cpu/job_21700923/spack-stage/spack-stage-hdf5-1.10.7-xexa2gll6hf6okdatgrxiwhcjs2uepc7/spack-src/src/H5Dcontig.c line 1281 in H5D__contig_writevv(): can't perform vectorized sieve buffer write
    major: Dataset
    minor: Can't operate on object
  #006: /scratch/spack_cpu/job_21700923/spack-stage/spack-stage-hdf5-1.10.7-xexa2gll6hf6okdatgrxiwhcjs2uepc7/spack-src/src/H5VM.c line 1464 in H5VM_opvv(): can't perform operation
    major: Internal error (too specific to document in detail)
    minor: Can't operate on object
  #007: /scratch/spack_cpu/job_21700923/spack-stage/spack-stage-hdf5-1.10.7-xexa2gll6hf6okdatgrxiwhcjs2uepc7/spack-src/src/H5Dcontig.c line 1029 in H5D__contig_writevv_sieve_cb(): block write failed
    major: Dataset
    minor: Write failed
  #008: /scratch/spack_cpu/job_21700923/spack-stage/spack-stage-hdf5-1.10.7-xexa2gll6hf6okdatgrxiwhcjs2uepc7/spack-src/src/H5Fio.c line 161 in H5F_block_write(): write through page buffer failed
    major: Low-level I/O
    minor: Write failed
  #009: /scratch/spack_cpu/job_21700923/spack-stage/spack-stage-hdf5-1.10.7-xexa2gll6hf6okdatgrxiwhcjs2uepc7/spack-src/src/H5PB.c line 1032 in H5PB_write(): write through metadata accumulator failed
    major: Page Buffering
    minor: Write failed
  #010: /scratch/spack_cpu/job_21700923/spack-stage/spack-stage-hdf5-1.10.7-xexa2gll6hf6okdatgrxiwhcjs2uepc7/spack-src/src/H5Faccum.c line 824 in H5F__accum_write(): file write failed
    major: Low-level I/O
    minor: Write failed
  #011: /scratch/spack_cpu/job_21700923/spack-stage/spack-stage-hdf5-1.10.7-xexa2gll6hf6okdatgrxiwhcjs2uepc7/spack-src/src/H5FDint.c line 249 in H5FD_write(): driver write request failed
    major: Virtual File Layer
    minor: Write failed
  #012: /scratch/spack_cpu/job_21700923/spack-stage/spack-stage-hdf5-1.10.7-xexa2gll6hf6okdatgrxiwhcjs2uepc7/spack-src/src/H5FDsec2.c line 856 in H5FD__sec2_write(): file write failed: time = Wed Nov 19 08:27:18 2025
, filename = 'checkpoint.h5', file descriptor = 5, errno = 14, error message = 'Bad address', buf = 0x1555537c4000, total write size = 15969552, bytes this sub-write = 15969552, bytes actually written = 18446744073709551615, offset = 0
    major: Low-level I/O
    minor: Write failed
HDF5-DIAG: Error detected in HDF5 (1.10.7) thread 0:
  #000: /scratch/spack_cpu/job_21700923/spack-stage/spack-stage-hdf5-1.10.7-xexa2gll6hf6okdatgrxiwhcjs2uepc7/spack-src/src/H5Dio.c line 335 in H5Dwrite(): can't write data
    major: Dataset
    minor: Write failed
  #001: /scratch/spack_cpu/job_21700923/spack-stage/spack-stage-hdf5-1.10.7-xexa2gll6hf6okdatgrxiwhcjs2uepc7/spack-src/src/H5Dio.c line 813 in H5D__write(): can't write data
    major: Dataset
    minor: Write failed
  #002: /scratch/spack_cpu/job_21700923/spack-stage/spack-stage-hdf5-1.10.7-xexa2gll6hf6okdatgrxiwhcjs2uepc7/spack-src/src/H5Dcontig.c line 659 in H5D__contig_write(): contiguous write failed
    major: Dataset
    minor: Write failed
  #003: /scratch/spack_cpu/job_21700923/spack-stage/spack-stage-hdf5-1.10.7-xexa2gll6hf6okdatgrxiwhcjs2uepc7/spack-src/src/H5Dselect.c line 321 in H5D__select_write(): write error
    major: Dataspace
    minor: Write failed
  #004: /scratch/spack_cpu/job_21700923/spack-stage/spack-stage-hdf5-1.10.7-xexa2gll6hf6okdatgrxiwhcjs2uepc7/spack-src/src/H5Dselect.c line 230 in H5D__select_io(): write error
    major: Dataspace
    minor: Write failed
  #005: /scratch/spack_cpu/job_21700923/spack-stage/spack-stage-hdf5-1.10.7-xexa2gll6hf6okdatgrxiwhcjs2uepc7/spack-src/src/H5Dcontig.c line 1281 in H5D__contig_writevv(): can't perform vectorized sieve buffer write
    major: Dataset
    minor: Can't operate on object
  #006: /scratch/spack_cpu/job_21700923/spack-stage/spack-stage-hdf5-1.10.7-xexa2gll6hf6okdatgrxiwhcjs2uepc7/spack-src/src/H5VM.c line 1464 in H5VM_opvv(): can't perform operation
    major: Internal error (too specific to document in detail)
    minor: Can't operate on object
  #007: /scratch/spack_cpu/job_21700923/spack-stage/spack-stage-hdf5-1.10.7-xexa2gll6hf6okdatgrxiwhcjs2uepc7/spack-src/src/H5Dcontig.c line 1029 in H5D__contig_writevv_sieve_cb(): block write failed
    major: Dataset
    minor: Write failed
  #008: /scratch/spack_cpu/job_21700923/spack-stage/spack-stage-hdf5-1.10.7-xexa2gll6hf6okdatgrxiwhcjs2uepc7/spack-src/src/H5Fio.c line 161 in H5F_block_write(): write through page buffer failed
    major: Low-level I/O
    minor: Write failed
  #009: /scratch/spack_cpu/job_21700923/spack-stage/spack-stage-hdf5-1.10.7-xexa2gll6hf6okdatgrxiwhcjs2uepc7/spack-src/src/H5PB.c line 1032 in H5PB_write(): write through metadata accumulator failed
    major: Page Buffering
    minor: Write failed
  #010: /scratch/spack_cpu/job_21700923/spack-stage/spack-stage-hdf5-1.10.7-xexa2gll6hf6okdatgrxiwhcjs2uepc7/spack-src/src/H5Faccum.c line 824 in H5F__accum_write(): file write failed
    major: Low-level I/O
    minor: Write failed
  #011: /scratch/spack_cpu/job_21700923/spack-stage/spack-stage-hdf5-1.10.7-xexa2gll6hf6okdatgrxiwhcjs2uepc7/spack-src/src/H5FDint.c line 249 in H5FD_write(): driver write request failed
    major: Virtual File Layer
    minor: Write failed
  #012: /scratch/spack_cpu/job_21700923/spack-stage/spack-stage-hdf5-1.10.7-xexa2gll6hf6okdatgrxiwhcjs2uepc7/spack-src/src/H5FDsec2.c line 856 in H5FD__sec2_write(): file write failed: time = Wed Nov 19 08:27:26 2025
, filename = 'checkpoint.h5', file descriptor = 5, errno = 14, error message = 'Bad address', buf = 0x1555537c4000, total write size = 15969552, bytes this sub-write = 15969552, bytes actually written = 18446744073709551615, offset = 0
    major: Low-level I/O
    minor: Write failed
HDF5-DIAG: Error detected in HDF5 (1.10.7) thread 0:
  #000: /scratch/spack_cpu/job_21700923/spack-stage/spack-stage-hdf5-1.10.7-xexa2gll6hf6okdatgrxiwhcjs2uepc7/spack-src/src/H5Dio.c line 335 in H5Dwrite(): can't write data
    major: Dataset
    minor: Write failed
  #001: /scratch/spack_cpu/job_21700923/spack-stage/spack-stage-hdf5-1.10.7-xexa2gll6hf6okdatgrxiwhcjs2uepc7/spack-src/src/H5Dio.c line 813 in H5D__write(): can't write data
    major: Dataset
    minor: Write failed
  #002: /scratch/spack_cpu/job_21700923/spack-stage/spack-stage-hdf5-1.10.7-xexa2gll6hf6okdatgrxiwhcjs2uepc7/spack-src/src/H5Dcontig.c line 659 in H5D__contig_write(): contiguous write failed
    major: Dataset
    minor: Write failed
  #003: /scratch/spack_cpu/job_21700923/spack-stage/spack-stage-hdf5-1.10.7-xexa2gll6hf6okdatgrxiwhcjs2uepc7/spack-src/src/H5Dselect.c line 321 in H5D__select_write(): write error
    major: Dataspace
    minor: Write failed
  #004: /scratch/spack_cpu/job_21700923/spack-stage/spack-stage-hdf5-1.10.7-xexa2gll6hf6okdatgrxiwhcjs2uepc7/spack-src/src/H5Dselect.c line 230 in H5D__select_io(): write error
    major: Dataspace
    minor: Write failed
  #005: /scratch/spack_cpu/job_21700923/spack-stage/spack-stage-hdf5-1.10.7-xexa2gll6hf6okdatgrxiwhcjs2uepc7/spack-src/src/H5Dcontig.c line 1281 in H5D__contig_writevv(): can't perform vectorized sieve buffer write
    major: Dataset
    minor: Can't operate on object
  #006: /scratch/spack_cpu/job_21700923/spack-stage/spack-stage-hdf5-1.10.7-xexa2gll6hf6okdatgrxiwhcjs2uepc7/spack-src/src/H5VM.c line 1464 in H5VM_opvv(): can't perform operation
    major: Internal error (too specific to document in detail)
    minor: Can't operate on object
  #007: /scratch/spack_cpu/job_21700923/spack-stage/spack-stage-hdf5-1.10.7-xexa2gll6hf6okdatgrxiwhcjs2uepc7/spack-src/src/H5Dcontig.c line 1029 in H5D__contig_writevv_sieve_cb(): block write failed
    major: Dataset
    minor: Write failed
  #008: /scratch/spack_cpu/job_21700923/spack-stage/spack-stage-hdf5-1.10.7-xexa2gll6hf6okdatgrxiwhcjs2uepc7/spack-src/src/H5Fio.c line 161 in H5F_block_write(): write through page buffer failed
    major: Low-level I/O
    minor: Write failed
  #009: /scratch/spack_cpu/job_21700923/spack-stage/spack-stage-hdf5-1.10.7-xexa2gll6hf6okdatgrxiwhcjs2uepc7/spack-src/src/H5PB.c line 1032 in H5PB_write(): write through metadata accumulator failed
    major: Page Buffering
    minor: Write failed
  #010: /scratch/spack_cpu/job_21700923/spack-stage/spack-stage-hdf5-1.10.7-xexa2gll6hf6okdatgrxiwhcjs2uepc7/spack-src/src/H5Faccum.c line 824 in H5F__accum_write(): file write failed
    major: Low-level I/O
    minor: Write failed
  #011: /scratch/spack_cpu/job_21700923/spack-stage/spack-stage-hdf5-1.10.7-xexa2gll6hf6okdatgrxiwhcjs2uepc7/spack-src/src/H5FDint.c line 249 in H5FD_write(): driver write request failed
    major: Virtual File Layer
    minor: Write failed
  #012: /scratch/spack_cpu/job_21700923/spack-stage/spack-stage-hdf5-1.10.7-xexa2gll6hf6okdatgrxiwhcjs2uepc7/spack-src/src/H5FDsec2.c line 856 in H5FD__sec2_write(): file write failed: time = Wed Nov 19 08:27:34 2025
, filename = 'checkpoint.h5', file descriptor = 5, errno = 14, error message = 'Bad address', buf = 0x1555537c4000, total write size = 15969552, bytes this sub-write = 15969552, bytes actually written = 18446744073709551615, offset = 0
    major: Low-level I/O
    minor: Write failed
HDF5-DIAG: Error detected in HDF5 (1.10.7) thread 0:
  #000: /scratch/spack_cpu/job_21700923/spack-stage/spack-stage-hdf5-1.10.7-xexa2gll6hf6okdatgrxiwhcjs2uepc7/spack-src/src/H5Dio.c line 335 in H5Dwrite(): can't write data
    major: Dataset
    minor: Write failed
  #001: /scratch/spack_cpu/job_21700923/spack-stage/spack-stage-hdf5-1.10.7-xexa2gll6hf6okdatgrxiwhcjs2uepc7/spack-src/src/H5Dio.c line 813 in H5D__write(): can't write data
    major: Dataset
    minor: Write failed
  #002: /scratch/spack_cpu/job_21700923/spack-stage/spack-stage-hdf5-1.10.7-xexa2gll6hf6okdatgrxiwhcjs2uepc7/spack-src/src/H5Dcontig.c line 659 in H5D__contig_write(): contiguous write failed
    major: Dataset
    minor: Write failed
  #003: /scratch/spack_cpu/job_21700923/spack-stage/spack-stage-hdf5-1.10.7-xexa2gll6hf6okdatgrxiwhcjs2uepc7/spack-src/src/H5Dselect.c line 321 in H5D__select_write(): write error
    major: Dataspace
    minor: Write failed
  #004: /scratch/spack_cpu/job_21700923/spack-stage/spack-stage-hdf5-1.10.7-xexa2gll6hf6okdatgrxiwhcjs2uepc7/spack-src/src/H5Dselect.c line 230 in H5D__select_io(): write error
    major: Dataspace
    minor: Write failed
  #005: /scratch/spack_cpu/job_21700923/spack-stage/spack-stage-hdf5-1.10.7-xexa2gll6hf6okdatgrxiwhcjs2uepc7/spack-src/src/H5Dcontig.c line 1281 in H5D__contig_writevv(): can't perform vectorized sieve buffer write
    major: Dataset
    minor: Can't operate on object
  #006: /scratch/spack_cpu/job_21700923/spack-stage/spack-stage-hdf5-1.10.7-xexa2gll6hf6okdatgrxiwhcjs2uepc7/spack-src/src/H5VM.c line 1464 in H5VM_opvv(): can't perform operation
    major: Internal error (too specific to document in detail)
    minor: Can't operate on object
  #007: /scratch/spack_cpu/job_21700923/spack-stage/spack-stage-hdf5-1.10.7-xexa2gll6hf6okdatgrxiwhcjs2uepc7/spack-src/src/H5Dcontig.c line 1029 in H5D__contig_writevv_sieve_cb(): block write failed
    major: Dataset
    minor: Write failed
  #008: /scratch/spack_cpu/job_21700923/spack-stage/spack-stage-hdf5-1.10.7-xexa2gll6hf6okdatgrxiwhcjs2uepc7/spack-src/src/H5Fio.c line 161 in H5F_block_write(): write through page buffer failed
    major: Low-level I/O
    minor: Write failed
  #009: /scratch/spack_cpu/job_21700923/spack-stage/spack-stage-hdf5-1.10.7-xexa2gll6hf6okdatgrxiwhcjs2uepc7/spack-src/src/H5PB.c line 1032 in H5PB_write(): write through metadata accumulator failed
    major: Page Buffering
    minor: Write failed
  #010: /scratch/spack_cpu/job_21700923/spack-stage/spack-stage-hdf5-1.10.7-xexa2gll6hf6okdatgrxiwhcjs2uepc7/spack-src/src/H5Faccum.c line 824 in H5F__accum_write(): file write failed
    major: Low-level I/O
    minor: Write failed
  #011: /scratch/spack_cpu/job_21700923/spack-stage/spack-stage-hdf5-1.10.7-xexa2gll6hf6okdatgrxiwhcjs2uepc7/spack-src/src/H5FDint.c line 249 in H5FD_write(): driver write request failed
    major: Virtual File Layer
    minor: Write failed
  #012: /scratch/spack_cpu/job_21700923/spack-stage/spack-stage-hdf5-1.10.7-xexa2gll6hf6okdatgrxiwhcjs2uepc7/spack-src/src/H5FDsec2.c line 856 in H5FD__sec2_write(): file write failed: time = Wed Nov 19 08:27:42 2025
, filename = 'checkpoint.h5', file descriptor = 5, errno = 14, error message = 'Bad address', buf = 0x1555537c4000, total write size = 15969552, bytes this sub-write = 15969552, bytes actually written = 18446744073709551615, offset = 0
    major: Low-level I/O
    minor: Write failed
HDF5-DIAG: Error detected in HDF5 (1.10.7) thread 0:
  #000: /scratch/spack_cpu/job_21700923/spack-stage/spack-stage-hdf5-1.10.7-xexa2gll6hf6okdatgrxiwhcjs2uepc7/spack-src/src/H5Dio.c line 335 in H5Dwrite(): can't write data
    major: Dataset
    minor: Write failed
  #001: /scratch/spack_cpu/job_21700923/spack-stage/spack-stage-hdf5-1.10.7-xexa2gll6hf6okdatgrxiwhcjs2uepc7/spack-src/src/H5Dio.c line 813 in H5D__write(): can't write data
    major: Dataset
    minor: Write failed
  #002: /scratch/spack_cpu/job_21700923/spack-stage/spack-stage-hdf5-1.10.7-xexa2gll6hf6okdatgrxiwhcjs2uepc7/spack-src/src/H5Dcontig.c line 659 in H5D__contig_write(): contiguous write failed
    major: Dataset
    minor: Write failed
  #003: /scratch/spack_cpu/job_21700923/spack-stage/spack-stage-hdf5-1.10.7-xexa2gll6hf6okdatgrxiwhcjs2uepc7/spack-src/src/H5Dselect.c line 321 in H5D__select_write(): write error
    major: Dataspace
    minor: Write failed
  #004: /scratch/spack_cpu/job_21700923/spack-stage/spack-stage-hdf5-1.10.7-xexa2gll6hf6okdatgrxiwhcjs2uepc7/spack-src/src/H5Dselect.c line 230 in H5D__select_io(): write error
    major: Dataspace
    minor: Write failed
  #005: /scratch/spack_cpu/job_21700923/spack-stage/spack-stage-hdf5-1.10.7-xexa2gll6hf6okdatgrxiwhcjs2uepc7/spack-src/src/H5Dcontig.c line 1281 in H5D__contig_writevv(): can't perform vectorized sieve buffer write
    major: Dataset
    minor: Can't operate on object
  #006: /scratch/spack_cpu/job_21700923/spack-stage/spack-stage-hdf5-1.10.7-xexa2gll6hf6okdatgrxiwhcjs2uepc7/spack-src/src/H5VM.c line 1464 in H5VM_opvv(): can't perform operation
    major: Internal error (too specific to document in detail)
    minor: Can't operate on object
  #007: /scratch/spack_cpu/job_21700923/spack-stage/spack-stage-hdf5-1.10.7-xexa2gll6hf6okdatgrxiwhcjs2uepc7/spack-src/src/H5Dcontig.c line 1029 in H5D__contig_writevv_sieve_cb(): block write failed
    major: Dataset
    minor: Write failed
  #008: /scratch/spack_cpu/job_21700923/spack-stage/spack-stage-hdf5-1.10.7-xexa2gll6hf6okdatgrxiwhcjs2uepc7/spack-src/src/H5Fio.c line 161 in H5F_block_write(): write through page buffer failed
    major: Low-level I/O
    minor: Write failed
  #009: /scratch/spack_cpu/job_21700923/spack-stage/spack-stage-hdf5-1.10.7-xexa2gll6hf6okdatgrxiwhcjs2uepc7/spack-src/src/H5PB.c line 1032 in H5PB_write(): write through metadata accumulator failed
    major: Page Buffering
    minor: Write failed
  #010: /scratch/spack_cpu/job_21700923/spack-stage/spack-stage-hdf5-1.10.7-xexa2gll6hf6okdatgrxiwhcjs2uepc7/spack-src/src/H5Faccum.c line 824 in H5F__accum_write(): file write failed
    major: Low-level I/O
    minor: Write failed
  #011: /scratch/spack_cpu/job_21700923/spack-stage/spack-stage-hdf5-1.10.7-xexa2gll6hf6okdatgrxiwhcjs2uepc7/spack-src/src/H5FDint.c line 249 in H5FD_write(): driver write request failed
    major: Virtual File Layer
    minor: Write failed
  #012: /scratch/spack_cpu/job_21700923/spack-stage/spack-stage-hdf5-1.10.7-xexa2gll6hf6okdatgrxiwhcjs2uepc7/spack-src/src/H5FDsec2.c line 856 in H5FD__sec2_write(): file write failed: time = Wed Nov 19 08:27:50 2025
, filename = 'checkpoint.h5', file descriptor = 5, errno = 14, error message = 'Bad address', buf = 0x1555537c4000, total write size = 15969552, bytes this sub-write = 15969552, bytes actually written = 18446744073709551615, offset = 0
    major: Low-level I/O
    minor: Write failed
HDF5-DIAG: Error detected in HDF5 (1.10.7) thread 0:
  #000: /scratch/spack_cpu/job_21700923/spack-stage/spack-stage-hdf5-1.10.7-xexa2gll6hf6okdatgrxiwhcjs2uepc7/spack-src/src/H5Dio.c line 335 in H5Dwrite(): can't write data
    major: Dataset
    minor: Write failed
  #001: /scratch/spack_cpu/job_21700923/spack-stage/spack-stage-hdf5-1.10.7-xexa2gll6hf6okdatgrxiwhcjs2uepc7/spack-src/src/H5Dio.c line 813 in H5D__write(): can't write data
    major: Dataset
    minor: Write failed
  #002: /scratch/spack_cpu/job_21700923/spack-stage/spack-stage-hdf5-1.10.7-xexa2gll6hf6okdatgrxiwhcjs2uepc7/spack-src/src/H5Dcontig.c line 659 in H5D__contig_write(): contiguous write failed
    major: Dataset
    minor: Write failed
  #003: /scratch/spack_cpu/job_21700923/spack-stage/spack-stage-hdf5-1.10.7-xexa2gll6hf6okdatgrxiwhcjs2uepc7/spack-src/src/H5Dselect.c line 321 in H5D__select_write(): write error
    major: Dataspace
    minor: Write failed
  #004: /scratch/spack_cpu/job_21700923/spack-stage/spack-stage-hdf5-1.10.7-xexa2gll6hf6okdatgrxiwhcjs2uepc7/spack-src/src/H5Dselect.c line 230 in H5D__select_io(): write error
    major: Dataspace
    minor: Write failed
  #005: /scratch/spack_cpu/job_21700923/spack-stage/spack-stage-hdf5-1.10.7-xexa2gll6hf6okdatgrxiwhcjs2uepc7/spack-src/src/H5Dcontig.c line 1281 in H5D__contig_writevv(): can't perform vectorized sieve buffer write
    major: Dataset
    minor: Can't operate on object
  #006: /scratch/spack_cpu/job_21700923/spack-stage/spack-stage-hdf5-1.10.7-xexa2gll6hf6okdatgrxiwhcjs2uepc7/spack-src/src/H5VM.c line 1464 in H5VM_opvv(): can't perform operation
    major: Internal error (too specific to document in detail)
    minor: Can't operate on object
  #007: /scratch/spack_cpu/job_21700923/spack-stage/spack-stage-hdf5-1.10.7-xexa2gll6hf6okdatgrxiwhcjs2uepc7/spack-src/src/H5Dcontig.c line 1029 in H5D__contig_writevv_sieve_cb(): block write failed
    major: Dataset
    minor: Write failed
  #008: /scratch/spack_cpu/job_21700923/spack-stage/spack-stage-hdf5-1.10.7-xexa2gll6hf6okdatgrxiwhcjs2uepc7/spack-src/src/H5Fio.c line 161 in H5F_block_write(): write through page buffer failed
    major: Low-level I/O
    minor: Write failed
  #009: /scratch/spack_cpu/job_21700923/spack-stage/spack-stage-hdf5-1.10.7-xexa2gll6hf6okdatgrxiwhcjs2uepc7/spack-src/src/H5PB.c line 1032 in H5PB_write(): write through metadata accumulator failed
    major: Page Buffering
    minor: Write failed
  #010: /scratch/spack_cpu/job_21700923/spack-stage/spack-stage-hdf5-1.10.7-xexa2gll6hf6okdatgrxiwhcjs2uepc7/spack-src/src/H5Faccum.c line 824 in H5F__accum_write(): file write failed
    major: Low-level I/O
    minor: Write failed
  #011: /scratch/spack_cpu/job_21700923/spack-stage/spack-stage-hdf5-1.10.7-xexa2gll6hf6okdatgrxiwhcjs2uepc7/spack-src/src/H5FDint.c line 249 in H5FD_write(): driver write request failed
    major: Virtual File Layer
    minor: Write failed
  #012: /scratch/spack_cpu/job_21700923/spack-stage/spack-stage-hdf5-1.10.7-xexa2gll6hf6okdatgrxiwhcjs2uepc7/spack-src/src/H5FDsec2.c line 856 in H5FD__sec2_write(): file write failed: time = Wed Nov 19 08:27:58 2025
, filename = 'checkpoint.h5', file descriptor = 5, errno = 14, error message = 'Bad address', buf = 0x1555537c4000, total write size = 15969552, bytes this sub-write = 15969552, bytes actually written = 18446744073709551615, offset = 0
    major: Low-level I/O
    minor: Write failed
HDF5-DIAG: Error detected in HDF5 (1.10.7) thread 0:
  #000: /scratch/spack_cpu/job_21700923/spack-stage/spack-stage-hdf5-1.10.7-xexa2gll6hf6okdatgrxiwhcjs2uepc7/spack-src/src/H5Dio.c line 335 in H5Dwrite(): can't write data
    major: Dataset
    minor: Write failed
  #001: /scratch/spack_cpu/job_21700923/spack-stage/spack-stage-hdf5-1.10.7-xexa2gll6hf6okdatgrxiwhcjs2uepc7/spack-src/src/H5Dio.c line 813 in H5D__write(): can't write data
    major: Dataset
    minor: Write failed
  #002: /scratch/spack_cpu/job_21700923/spack-stage/spack-stage-hdf5-1.10.7-xexa2gll6hf6okdatgrxiwhcjs2uepc7/spack-src/src/H5Dcontig.c line 659 in H5D__contig_write(): contiguous write failed
    major: Dataset
    minor: Write failed
  #003: /scratch/spack_cpu/job_21700923/spack-stage/spack-stage-hdf5-1.10.7-xexa2gll6hf6okdatgrxiwhcjs2uepc7/spack-src/src/H5Dselect.c line 321 in H5D__select_write(): write error
    major: Dataspace
    minor: Write failed
  #004: /scratch/spack_cpu/job_21700923/spack-stage/spack-stage-hdf5-1.10.7-xexa2gll6hf6okdatgrxiwhcjs2uepc7/spack-src/src/H5Dselect.c line 230 in H5D__select_io(): write error
    major: Dataspace
    minor: Write failed
  #005: /scratch/spack_cpu/job_21700923/spack-stage/spack-stage-hdf5-1.10.7-xexa2gll6hf6okdatgrxiwhcjs2uepc7/spack-src/src/H5Dcontig.c line 1281 in H5D__contig_writevv(): can't perform vectorized sieve buffer write
    major: Dataset
    minor: Can't operate on object
  #006: /scratch/spack_cpu/job_21700923/spack-stage/spack-stage-hdf5-1.10.7-xexa2gll6hf6okdatgrxiwhcjs2uepc7/spack-src/src/H5VM.c line 1464 in H5VM_opvv(): can't perform operation
    major: Internal error (too specific to document in detail)
    minor: Can't operate on object
  #007: /scratch/spack_cpu/job_21700923/spack-stage/spack-stage-hdf5-1.10.7-xexa2gll6hf6okdatgrxiwhcjs2uepc7/spack-src/src/H5Dcontig.c line 1029 in H5D__contig_writevv_sieve_cb(): block write failed
    major: Dataset
    minor: Write failed
  #008: /scratch/spack_cpu/job_21700923/spack-stage/spack-stage-hdf5-1.10.7-xexa2gll6hf6okdatgrxiwhcjs2uepc7/spack-src/src/H5Fio.c line 161 in H5F_block_write(): write through page buffer failed
    major: Low-level I/O
    minor: Write failed
  #009: /scratch/spack_cpu/job_21700923/spack-stage/spack-stage-hdf5-1.10.7-xexa2gll6hf6okdatgrxiwhcjs2uepc7/spack-src/src/H5PB.c line 1032 in H5PB_write(): write through metadata accumulator failed
    major: Page Buffering
    minor: Write failed
  #010: /scratch/spack_cpu/job_21700923/spack-stage/spack-stage-hdf5-1.10.7-xexa2gll6hf6okdatgrxiwhcjs2uepc7/spack-src/src/H5Faccum.c line 824 in H5F__accum_write(): file write failed
    major: Low-level I/O
    minor: Write failed
  #011: /scratch/spack_cpu/job_21700923/spack-stage/spack-stage-hdf5-1.10.7-xexa2gll6hf6okdatgrxiwhcjs2uepc7/spack-src/src/H5FDint.c line 249 in H5FD_write(): driver write request failed
    major: Virtual File Layer
    minor: Write failed
  #012: /scratch/spack_cpu/job_21700923/spack-stage/spack-stage-hdf5-1.10.7-xexa2gll6hf6okdatgrxiwhcjs2uepc7/spack-src/src/H5FDsec2.c line 856 in H5FD__sec2_write(): file write failed: time = Wed Nov 19 08:28:07 2025
, filename = 'checkpoint.h5', file descriptor = 5, errno = 14, error message = 'Bad address', buf = 0x1555537c4000, total write size = 15969552, bytes this sub-write = 15969552, bytes actually written = 18446744073709551615, offset = 0
    major: Low-level I/O
    minor: Write failed
HDF5-DIAG: Error detected in HDF5 (1.10.7) thread 0:
  #000: /scratch/spack_cpu/job_21700923/spack-stage/spack-stage-hdf5-1.10.7-xexa2gll6hf6okdatgrxiwhcjs2uepc7/spack-src/src/H5Dio.c line 335 in H5Dwrite(): can't write data
    major: Dataset
    minor: Write failed
  #001: /scratch/spack_cpu/job_21700923/spack-stage/spack-stage-hdf5-1.10.7-xexa2gll6hf6okdatgrxiwhcjs2uepc7/spack-src/src/H5Dio.c line 813 in H5D__write(): can't write data
    major: Dataset
    minor: Write failed
  #002: /scratch/spack_cpu/job_21700923/spack-stage/spack-stage-hdf5-1.10.7-xexa2gll6hf6okdatgrxiwhcjs2uepc7/spack-src/src/H5Dcontig.c line 659 in H5D__contig_write(): contiguous write failed
    major: Dataset
    minor: Write failed
  #003: /scratch/spack_cpu/job_21700923/spack-stage/spack-stage-hdf5-1.10.7-xexa2gll6hf6okdatgrxiwhcjs2uepc7/spack-src/src/H5Dselect.c line 321 in H5D__select_write(): write error
    major: Dataspace
    minor: Write failed
  #004: /scratch/spack_cpu/job_21700923/spack-stage/spack-stage-hdf5-1.10.7-xexa2gll6hf6okdatgrxiwhcjs2uepc7/spack-src/src/H5Dselect.c line 230 in H5D__select_io(): write error
    major: Dataspace
    minor: Write failed
  #005: /scratch/spack_cpu/job_21700923/spack-stage/spack-stage-hdf5-1.10.7-xexa2gll6hf6okdatgrxiwhcjs2uepc7/spack-src/src/H5Dcontig.c line 1281 in H5D__contig_writevv(): can't perform vectorized sieve buffer write
    major: Dataset
    minor: Can't operate on object
  #006: /scratch/spack_cpu/job_21700923/spack-stage/spack-stage-hdf5-1.10.7-xexa2gll6hf6okdatgrxiwhcjs2uepc7/spack-src/src/H5VM.c line 1464 in H5VM_opvv(): can't perform operation
    major: Internal error (too specific to document in detail)
    minor: Can't operate on object
  #007: /scratch/spack_cpu/job_21700923/spack-stage/spack-stage-hdf5-1.10.7-xexa2gll6hf6okdatgrxiwhcjs2uepc7/spack-src/src/H5Dcontig.c line 1029 in H5D__contig_writevv_sieve_cb(): block write failed
    major: Dataset
    minor: Write failed
  #008: /scratch/spack_cpu/job_21700923/spack-stage/spack-stage-hdf5-1.10.7-xexa2gll6hf6okdatgrxiwhcjs2uepc7/spack-src/src/H5Fio.c line 161 in H5F_block_write(): write through page buffer failed
    major: Low-level I/O
    minor: Write failed
  #009: /scratch/spack_cpu/job_21700923/spack-stage/spack-stage-hdf5-1.10.7-xexa2gll6hf6okdatgrxiwhcjs2uepc7/spack-src/src/H5PB.c line 1032 in H5PB_write(): write through metadata accumulator failed
    major: Page Buffering
    minor: Write failed
  #010: /scratch/spack_cpu/job_21700923/spack-stage/spack-stage-hdf5-1.10.7-xexa2gll6hf6okdatgrxiwhcjs2uepc7/spack-src/src/H5Faccum.c line 824 in H5F__accum_write(): file write failed
    major: Low-level I/O
    minor: Write failed
  #011: /scratch/spack_cpu/job_21700923/spack-stage/spack-stage-hdf5-1.10.7-xexa2gll6hf6okdatgrxiwhcjs2uepc7/spack-src/src/H5FDint.c line 249 in H5FD_write(): driver write request failed
    major: Virtual File Layer
    minor: Write failed
  #012: /scratch/spack_cpu/job_21700923/spack-stage/spack-stage-hdf5-1.10.7-xexa2gll6hf6okdatgrxiwhcjs2uepc7/spack-src/src/H5FDsec2.c line 856 in H5FD__sec2_write(): file write failed: time = Wed Nov 19 08:28:15 2025
, filename = 'checkpoint.h5', file descriptor = 5, errno = 14, error message = 'Bad address', buf = 0x1555537c4000, total write size = 15969552, bytes this sub-write = 15969552, bytes actually written = 18446744073709551615, offset = 0
    major: Low-level I/O
    minor: Write failed
HDF5-DIAG: Error detected in HDF5 (1.10.7) thread 0:
  #000: /scratch/spack_cpu/job_21700923/spack-stage/spack-stage-hdf5-1.10.7-xexa2gll6hf6okdatgrxiwhcjs2uepc7/spack-src/src/H5Dio.c line 335 in H5Dwrite(): can't write data
    major: Dataset
    minor: Write failed
  #001: /scratch/spack_cpu/job_21700923/spack-stage/spack-stage-hdf5-1.10.7-xexa2gll6hf6okdatgrxiwhcjs2uepc7/spack-src/src/H5Dio.c line 813 in H5D__write(): can't write data
    major: Dataset
    minor: Write failed
  #002: /scratch/spack_cpu/job_21700923/spack-stage/spack-stage-hdf5-1.10.7-xexa2gll6hf6okdatgrxiwhcjs2uepc7/spack-src/src/H5Dcontig.c line 659 in H5D__contig_write(): contiguous write failed
    major: Dataset
    minor: Write failed
  #003: /scratch/spack_cpu/job_21700923/spack-stage/spack-stage-hdf5-1.10.7-xexa2gll6hf6okdatgrxiwhcjs2uepc7/spack-src/src/H5Dselect.c line 321 in H5D__select_write(): write error
    major: Dataspace
    minor: Write failed
  #004: /scratch/spack_cpu/job_21700923/spack-stage/spack-stage-hdf5-1.10.7-xexa2gll6hf6okdatgrxiwhcjs2uepc7/spack-src/src/H5Dselect.c line 230 in H5D__select_io(): write error
    major: Dataspace
    minor: Write failed
  #005: /scratch/spack_cpu/job_21700923/spack-stage/spack-stage-hdf5-1.10.7-xexa2gll6hf6okdatgrxiwhcjs2uepc7/spack-src/src/H5Dcontig.c line 1281 in H5D__contig_writevv(): can't perform vectorized sieve buffer write
    major: Dataset
    minor: Can't operate on object
  #006: /scratch/spack_cpu/job_21700923/spack-stage/spack-stage-hdf5-1.10.7-xexa2gll6hf6okdatgrxiwhcjs2uepc7/spack-src/src/H5VM.c line 1464 in H5VM_opvv(): can't perform operation
    major: Internal error (too specific to document in detail)
    minor: Can't operate on object
  #007: /scratch/spack_cpu/job_21700923/spack-stage/spack-stage-hdf5-1.10.7-xexa2gll6hf6okdatgrxiwhcjs2uepc7/spack-src/src/H5Dcontig.c line 1029 in H5D__contig_writevv_sieve_cb(): block write failed
    major: Dataset
    minor: Write failed
  #008: /scratch/spack_cpu/job_21700923/spack-stage/spack-stage-hdf5-1.10.7-xexa2gll6hf6okdatgrxiwhcjs2uepc7/spack-src/src/H5Fio.c line 161 in H5F_block_write(): write through page buffer failed
    major: Low-level I/O
    minor: Write failed
  #009: /scratch/spack_cpu/job_21700923/spack-stage/spack-stage-hdf5-1.10.7-xexa2gll6hf6okdatgrxiwhcjs2uepc7/spack-src/src/H5PB.c line 1032 in H5PB_write(): write through metadata accumulator failed
    major: Page Buffering
    minor: Write failed
  #010: /scratch/spack_cpu/job_21700923/spack-stage/spack-stage-hdf5-1.10.7-xexa2gll6hf6okdatgrxiwhcjs2uepc7/spack-src/src/H5Faccum.c line 824 in H5F__accum_write(): file write failed
    major: Low-level I/O
    minor: Write failed
  #011: /scratch/spack_cpu/job_21700923/spack-stage/spack-stage-hdf5-1.10.7-xexa2gll6hf6okdatgrxiwhcjs2uepc7/spack-src/src/H5FDint.c line 249 in H5FD_write(): driver write request failed
    major: Virtual File Layer
    minor: Write failed
  #012: /scratch/spack_cpu/job_21700923/spack-stage/spack-stage-hdf5-1.10.7-xexa2gll6hf6okdatgrxiwhcjs2uepc7/spack-src/src/H5FDsec2.c line 856 in H5FD__sec2_write(): file write failed: time = Wed Nov 19 08:28:23 2025
, filename = 'checkpoint.h5', file descriptor = 5, errno = 14, error message = 'Bad address', buf = 0x1555537c4000, total write size = 15969552, bytes this sub-write = 15969552, bytes actually written = 18446744073709551615, offset = 0
    major: Low-level I/O
    minor: Write failed
HDF5-DIAG: Error detected in HDF5 (1.10.7) thread 0:
  #000: /scratch/spack_cpu/job_21700923/spack-stage/spack-stage-hdf5-1.10.7-xexa2gll6hf6okdatgrxiwhcjs2uepc7/spack-src/src/H5Dio.c line 335 in H5Dwrite(): can't write data
    major: Dataset
    minor: Write failed
  #001: /scratch/spack_cpu/job_21700923/spack-stage/spack-stage-hdf5-1.10.7-xexa2gll6hf6okdatgrxiwhcjs2uepc7/spack-src/src/H5Dio.c line 813 in H5D__write(): can't write data
    major: Dataset
    minor: Write failed
  #002: /scratch/spack_cpu/job_21700923/spack-stage/spack-stage-hdf5-1.10.7-xexa2gll6hf6okdatgrxiwhcjs2uepc7/spack-src/src/H5Dcontig.c line 659 in H5D__contig_write(): contiguous write failed
    major: Dataset
    minor: Write failed
  #003: /scratch/spack_cpu/job_21700923/spack-stage/spack-stage-hdf5-1.10.7-xexa2gll6hf6okdatgrxiwhcjs2uepc7/spack-src/src/H5Dselect.c line 321 in H5D__select_write(): write error
    major: Dataspace
    minor: Write failed
  #004: /scratch/spack_cpu/job_21700923/spack-stage/spack-stage-hdf5-1.10.7-xexa2gll6hf6okdatgrxiwhcjs2uepc7/spack-src/src/H5Dselect.c line 230 in H5D__select_io(): write error
    major: Dataspace
    minor: Write failed
  #005: /scratch/spack_cpu/job_21700923/spack-stage/spack-stage-hdf5-1.10.7-xexa2gll6hf6okdatgrxiwhcjs2uepc7/spack-src/src/H5Dcontig.c line 1281 in H5D__contig_writevv(): can't perform vectorized sieve buffer write
    major: Dataset
    minor: Can't operate on object
  #006: /scratch/spack_cpu/job_21700923/spack-stage/spack-stage-hdf5-1.10.7-xexa2gll6hf6okdatgrxiwhcjs2uepc7/spack-src/src/H5VM.c line 1464 in H5VM_opvv(): can't perform operation
    major: Internal error (too specific to document in detail)
    minor: Can't operate on object
  #007: /scratch/spack_cpu/job_21700923/spack-stage/spack-stage-hdf5-1.10.7-xexa2gll6hf6okdatgrxiwhcjs2uepc7/spack-src/src/H5Dcontig.c line 1029 in H5D__contig_writevv_sieve_cb(): block write failed
    major: Dataset
    minor: Write failed
  #008: /scratch/spack_cpu/job_21700923/spack-stage/spack-stage-hdf5-1.10.7-xexa2gll6hf6okdatgrxiwhcjs2uepc7/spack-src/src/H5Fio.c line 161 in H5F_block_write(): write through page buffer failed
    major: Low-level I/O
    minor: Write failed
  #009: /scratch/spack_cpu/job_21700923/spack-stage/spack-stage-hdf5-1.10.7-xexa2gll6hf6okdatgrxiwhcjs2uepc7/spack-src/src/H5PB.c line 1032 in H5PB_write(): write through metadata accumulator failed
    major: Page Buffering
    minor: Write failed
  #010: /scratch/spack_cpu/job_21700923/spack-stage/spack-stage-hdf5-1.10.7-xexa2gll6hf6okdatgrxiwhcjs2uepc7/spack-src/src/H5Faccum.c line 824 in H5F__accum_write(): file write failed
    major: Low-level I/O
    minor: Write failed
  #011: /scratch/spack_cpu/job_21700923/spack-stage/spack-stage-hdf5-1.10.7-xexa2gll6hf6okdatgrxiwhcjs2uepc7/spack-src/src/H5FDint.c line 249 in H5FD_write(): driver write request failed
    major: Virtual File Layer
    minor: Write failed
  #012: /scratch/spack_cpu/job_21700923/spack-stage/spack-stage-hdf5-1.10.7-xexa2gll6hf6okdatgrxiwhcjs2uepc7/spack-src/src/H5FDsec2.c line 856 in H5FD__sec2_write(): file write failed: time = Wed Nov 19 08:28:30 2025
, filename = 'checkpoint.h5', file descriptor = 5, errno = 14, error message = 'Bad address', buf = 0x1555537c4000, total write size = 15969552, bytes this sub-write = 15969552, bytes actually written = 18446744073709551615, offset = 0
    major: Low-level I/O
    minor: Write failed
HDF5-DIAG: Error detected in HDF5 (1.10.7) thread 0:
  #000: /scratch/spack_cpu/job_21700923/spack-stage/spack-stage-hdf5-1.10.7-xexa2gll6hf6okdatgrxiwhcjs2uepc7/spack-src/src/H5Dio.c line 335 in H5Dwrite(): can't write data
    major: Dataset
    minor: Write failed
  #001: /scratch/spack_cpu/job_21700923/spack-stage/spack-stage-hdf5-1.10.7-xexa2gll6hf6okdatgrxiwhcjs2uepc7/spack-src/src/H5Dio.c line 813 in H5D__write(): can't write data
    major: Dataset
    minor: Write failed
  #002: /scratch/spack_cpu/job_21700923/spack-stage/spack-stage-hdf5-1.10.7-xexa2gll6hf6okdatgrxiwhcjs2uepc7/spack-src/src/H5Dcontig.c line 659 in H5D__contig_write(): contiguous write failed
    major: Dataset
    minor: Write failed
  #003: /scratch/spack_cpu/job_21700923/spack-stage/spack-stage-hdf5-1.10.7-xexa2gll6hf6okdatgrxiwhcjs2uepc7/spack-src/src/H5Dselect.c line 321 in H5D__select_write(): write error
    major: Dataspace
    minor: Write failed
  #004: /scratch/spack_cpu/job_21700923/spack-stage/spack-stage-hdf5-1.10.7-xexa2gll6hf6okdatgrxiwhcjs2uepc7/spack-src/src/H5Dselect.c line 230 in H5D__select_io(): write error
    major: Dataspace
    minor: Write failed
  #005: /scratch/spack_cpu/job_21700923/spack-stage/spack-stage-hdf5-1.10.7-xexa2gll6hf6okdatgrxiwhcjs2uepc7/spack-src/src/H5Dcontig.c line 1281 in H5D__contig_writevv(): can't perform vectorized sieve buffer write
    major: Dataset
    minor: Can't operate on object
  #006: /scratch/spack_cpu/job_21700923/spack-stage/spack-stage-hdf5-1.10.7-xexa2gll6hf6okdatgrxiwhcjs2uepc7/spack-src/src/H5VM.c line 1464 in H5VM_opvv(): can't perform operation
    major: Internal error (too specific to document in detail)
    minor: Can't operate on object
  #007: /scratch/spack_cpu/job_21700923/spack-stage/spack-stage-hdf5-1.10.7-xexa2gll6hf6okdatgrxiwhcjs2uepc7/spack-src/src/H5Dcontig.c line 1029 in H5D__contig_writevv_sieve_cb(): block write failed
    major: Dataset
    minor: Write failed
  #008: /scratch/spack_cpu/job_21700923/spack-stage/spack-stage-hdf5-1.10.7-xexa2gll6hf6okdatgrxiwhcjs2uepc7/spack-src/src/H5Fio.c line 161 in H5F_block_write(): write through page buffer failed
    major: Low-level I/O
    minor: Write failed
  #009: /scratch/spack_cpu/job_21700923/spack-stage/spack-stage-hdf5-1.10.7-xexa2gll6hf6okdatgrxiwhcjs2uepc7/spack-src/src/H5PB.c line 1032 in H5PB_write(): write through metadata accumulator failed
    major: Page Buffering
    minor: Write failed
  #010: /scratch/spack_cpu/job_21700923/spack-stage/spack-stage-hdf5-1.10.7-xexa2gll6hf6okdatgrxiwhcjs2uepc7/spack-src/src/H5Faccum.c line 824 in H5F__accum_write(): file write failed
    major: Low-level I/O
    minor: Write failed
  #011: /scratch/spack_cpu/job_21700923/spack-stage/spack-stage-hdf5-1.10.7-xexa2gll6hf6okdatgrxiwhcjs2uepc7/spack-src/src/H5FDint.c line 249 in H5FD_write(): driver write request failed
    major: Virtual File Layer
    minor: Write failed
  #012: /scratch/spack_cpu/job_21700923/spack-stage/spack-stage-hdf5-1.10.7-xexa2gll6hf6okdatgrxiwhcjs2uepc7/spack-src/src/H5FDsec2.c line 856 in H5FD__sec2_write(): file write failed: time = Wed Nov 19 08:28:39 2025
, filename = 'checkpoint.h5', file descriptor = 5, errno = 14, error message = 'Bad address', buf = 0x1555537c4000, total write size = 15969552, bytes this sub-write = 15969552, bytes actually written = 18446744073709551615, offset = 0
    major: Low-level I/O
    minor: Write failed
HDF5-DIAG: Error detected in HDF5 (1.10.7) thread 0:
  #000: /scratch/spack_cpu/job_21700923/spack-stage/spack-stage-hdf5-1.10.7-xexa2gll6hf6okdatgrxiwhcjs2uepc7/spack-src/src/H5Dio.c line 335 in H5Dwrite(): can't write data
    major: Dataset
    minor: Write failed
  #001: /scratch/spack_cpu/job_21700923/spack-stage/spack-stage-hdf5-1.10.7-xexa2gll6hf6okdatgrxiwhcjs2uepc7/spack-src/src/H5Dio.c line 813 in H5D__write(): can't write data
    major: Dataset
    minor: Write failed
  #002: /scratch/spack_cpu/job_21700923/spack-stage/spack-stage-hdf5-1.10.7-xexa2gll6hf6okdatgrxiwhcjs2uepc7/spack-src/src/H5Dcontig.c line 659 in H5D__contig_write(): contiguous write failed
    major: Dataset
    minor: Write failed
  #003: /scratch/spack_cpu/job_21700923/spack-stage/spack-stage-hdf5-1.10.7-xexa2gll6hf6okdatgrxiwhcjs2uepc7/spack-src/src/H5Dselect.c line 321 in H5D__select_write(): write error
    major: Dataspace
    minor: Write failed
  #004: /scratch/spack_cpu/job_21700923/spack-stage/spack-stage-hdf5-1.10.7-xexa2gll6hf6okdatgrxiwhcjs2uepc7/spack-src/src/H5Dselect.c line 230 in H5D__select_io(): write error
    major: Dataspace
    minor: Write failed
  #005: /scratch/spack_cpu/job_21700923/spack-stage/spack-stage-hdf5-1.10.7-xexa2gll6hf6okdatgrxiwhcjs2uepc7/spack-src/src/H5Dcontig.c line 1281 in H5D__contig_writevv(): can't perform vectorized sieve buffer write
    major: Dataset
    minor: Can't operate on object
  #006: /scratch/spack_cpu/job_21700923/spack-stage/spack-stage-hdf5-1.10.7-xexa2gll6hf6okdatgrxiwhcjs2uepc7/spack-src/src/H5VM.c line 1464 in H5VM_opvv(): can't perform operation
    major: Internal error (too specific to document in detail)
    minor: Can't operate on object
  #007: /scratch/spack_cpu/job_21700923/spack-stage/spack-stage-hdf5-1.10.7-xexa2gll6hf6okdatgrxiwhcjs2uepc7/spack-src/src/H5Dcontig.c line 1029 in H5D__contig_writevv_sieve_cb(): block write failed
    major: Dataset
    minor: Write failed
  #008: /scratch/spack_cpu/job_21700923/spack-stage/spack-stage-hdf5-1.10.7-xexa2gll6hf6okdatgrxiwhcjs2uepc7/spack-src/src/H5Fio.c line 161 in H5F_block_write(): write through page buffer failed
    major: Low-level I/O
    minor: Write failed
  #009: /scratch/spack_cpu/job_21700923/spack-stage/spack-stage-hdf5-1.10.7-xexa2gll6hf6okdatgrxiwhcjs2uepc7/spack-src/src/H5PB.c line 1032 in H5PB_write(): write through metadata accumulator failed
    major: Page Buffering
    minor: Write failed
  #010: /scratch/spack_cpu/job_21700923/spack-stage/spack-stage-hdf5-1.10.7-xexa2gll6hf6okdatgrxiwhcjs2uepc7/spack-src/src/H5Faccum.c line 824 in H5F__accum_write(): file write failed
    major: Low-level I/O
    minor: Write failed
  #011: /scratch/spack_cpu/job_21700923/spack-stage/spack-stage-hdf5-1.10.7-xexa2gll6hf6okdatgrxiwhcjs2uepc7/spack-src/src/H5FDint.c line 249 in H5FD_write(): driver write request failed
    major: Virtual File Layer
    minor: Write failed
  #012: /scratch/spack_cpu/job_21700923/spack-stage/spack-stage-hdf5-1.10.7-xexa2gll6hf6okdatgrxiwhcjs2uepc7/spack-src/src/H5FDsec2.c line 856 in H5FD__sec2_write(): file write failed: time = Wed Nov 19 08:28:46 2025
, filename = 'checkpoint.h5', file descriptor = 5, errno = 14, error message = 'Bad address', buf = 0x1555537c4000, total write size = 15969552, bytes this sub-write = 15969552, bytes actually written = 18446744073709551615, offset = 0
    major: Low-level I/O
    minor: Write failed
HDF5-DIAG: Error detected in HDF5 (1.10.7) thread 0:
  #000: /scratch/spack_cpu/job_21700923/spack-stage/spack-stage-hdf5-1.10.7-xexa2gll6hf6okdatgrxiwhcjs2uepc7/spack-src/src/H5Dio.c line 335 in H5Dwrite(): can't write data
    major: Dataset
    minor: Write failed
  #001: /scratch/spack_cpu/job_21700923/spack-stage/spack-stage-hdf5-1.10.7-xexa2gll6hf6okdatgrxiwhcjs2uepc7/spack-src/src/H5Dio.c line 813 in H5D__write(): can't write data
    major: Dataset
    minor: Write failed
  #002: /scratch/spack_cpu/job_21700923/spack-stage/spack-stage-hdf5-1.10.7-xexa2gll6hf6okdatgrxiwhcjs2uepc7/spack-src/src/H5Dcontig.c line 659 in H5D__contig_write(): contiguous write failed
    major: Dataset
    minor: Write failed
  #003: /scratch/spack_cpu/job_21700923/spack-stage/spack-stage-hdf5-1.10.7-xexa2gll6hf6okdatgrxiwhcjs2uepc7/spack-src/src/H5Dselect.c line 321 in H5D__select_write(): write error
    major: Dataspace
    minor: Write failed
  #004: /scratch/spack_cpu/job_21700923/spack-stage/spack-stage-hdf5-1.10.7-xexa2gll6hf6okdatgrxiwhcjs2uepc7/spack-src/src/H5Dselect.c line 230 in H5D__select_io(): write error
    major: Dataspace
    minor: Write failed
  #005: /scratch/spack_cpu/job_21700923/spack-stage/spack-stage-hdf5-1.10.7-xexa2gll6hf6okdatgrxiwhcjs2uepc7/spack-src/src/H5Dcontig.c line 1281 in H5D__contig_writevv(): can't perform vectorized sieve buffer write
    major: Dataset
    minor: Can't operate on object
  #006: /scratch/spack_cpu/job_21700923/spack-stage/spack-stage-hdf5-1.10.7-xexa2gll6hf6okdatgrxiwhcjs2uepc7/spack-src/src/H5VM.c line 1464 in H5VM_opvv(): can't perform operation
    major: Internal error (too specific to document in detail)
    minor: Can't operate on object
  #007: /scratch/spack_cpu/job_21700923/spack-stage/spack-stage-hdf5-1.10.7-xexa2gll6hf6okdatgrxiwhcjs2uepc7/spack-src/src/H5Dcontig.c line 1029 in H5D__contig_writevv_sieve_cb(): block write failed
    major: Dataset
    minor: Write failed
  #008: /scratch/spack_cpu/job_21700923/spack-stage/spack-stage-hdf5-1.10.7-xexa2gll6hf6okdatgrxiwhcjs2uepc7/spack-src/src/H5Fio.c line 161 in H5F_block_write(): write through page buffer failed
    major: Low-level I/O
    minor: Write failed
  #009: /scratch/spack_cpu/job_21700923/spack-stage/spack-stage-hdf5-1.10.7-xexa2gll6hf6okdatgrxiwhcjs2uepc7/spack-src/src/H5PB.c line 1032 in H5PB_write(): write through metadata accumulator failed
    major: Page Buffering
    minor: Write failed
  #010: /scratch/spack_cpu/job_21700923/spack-stage/spack-stage-hdf5-1.10.7-xexa2gll6hf6okdatgrxiwhcjs2uepc7/spack-src/src/H5Faccum.c line 824 in H5F__accum_write(): file write failed
    major: Low-level I/O
    minor: Write failed
  #011: /scratch/spack_cpu/job_21700923/spack-stage/spack-stage-hdf5-1.10.7-xexa2gll6hf6okdatgrxiwhcjs2uepc7/spack-src/src/H5FDint.c line 249 in H5FD_write(): driver write request failed
    major: Virtual File Layer
    minor: Write failed
  #012: /scratch/spack_cpu/job_21700923/spack-stage/spack-stage-hdf5-1.10.7-xexa2gll6hf6okdatgrxiwhcjs2uepc7/spack-src/src/H5FDsec2.c line 856 in H5FD__sec2_write(): file write failed: time = Wed Nov 19 08:28:55 2025
, filename = 'checkpoint.h5', file descriptor = 5, errno = 14, error message = 'Bad address', buf = 0x1555537c4000, total write size = 15969552, bytes this sub-write = 15969552, bytes actually written = 18446744073709551615, offset = 0
    major: Low-level I/O
    minor: Write failed
HDF5-DIAG: Error detected in HDF5 (1.10.7) thread 0:
  #000: /scratch/spack_cpu/job_21700923/spack-stage/spack-stage-hdf5-1.10.7-xexa2gll6hf6okdatgrxiwhcjs2uepc7/spack-src/src/H5Dio.c line 335 in H5Dwrite(): can't write data
    major: Dataset
    minor: Write failed
  #001: /scratch/spack_cpu/job_21700923/spack-stage/spack-stage-hdf5-1.10.7-xexa2gll6hf6okdatgrxiwhcjs2uepc7/spack-src/src/H5Dio.c line 813 in H5D__write(): can't write data
    major: Dataset
    minor: Write failed
  #002: /scratch/spack_cpu/job_21700923/spack-stage/spack-stage-hdf5-1.10.7-xexa2gll6hf6okdatgrxiwhcjs2uepc7/spack-src/src/H5Dcontig.c line 659 in H5D__contig_write(): contiguous write failed
    major: Dataset
    minor: Write failed
  #003: /scratch/spack_cpu/job_21700923/spack-stage/spack-stage-hdf5-1.10.7-xexa2gll6hf6okdatgrxiwhcjs2uepc7/spack-src/src/H5Dselect.c line 321 in H5D__select_write(): write error
    major: Dataspace
    minor: Write failed
  #004: /scratch/spack_cpu/job_21700923/spack-stage/spack-stage-hdf5-1.10.7-xexa2gll6hf6okdatgrxiwhcjs2uepc7/spack-src/src/H5Dselect.c line 230 in H5D__select_io(): write error
    major: Dataspace
    minor: Write failed
  #005: /scratch/spack_cpu/job_21700923/spack-stage/spack-stage-hdf5-1.10.7-xexa2gll6hf6okdatgrxiwhcjs2uepc7/spack-src/src/H5Dcontig.c line 1281 in H5D__contig_writevv(): can't perform vectorized sieve buffer write
    major: Dataset
    minor: Can't operate on object
  #006: /scratch/spack_cpu/job_21700923/spack-stage/spack-stage-hdf5-1.10.7-xexa2gll6hf6okdatgrxiwhcjs2uepc7/spack-src/src/H5VM.c line 1464 in H5VM_opvv(): can't perform operation
    major: Internal error (too specific to document in detail)
    minor: Can't operate on object
  #007: /scratch/spack_cpu/job_21700923/spack-stage/spack-stage-hdf5-1.10.7-xexa2gll6hf6okdatgrxiwhcjs2uepc7/spack-src/src/H5Dcontig.c line 1029 in H5D__contig_writevv_sieve_cb(): block write failed
    major: Dataset
    minor: Write failed
  #008: /scratch/spack_cpu/job_21700923/spack-stage/spack-stage-hdf5-1.10.7-xexa2gll6hf6okdatgrxiwhcjs2uepc7/spack-src/src/H5Fio.c line 161 in H5F_block_write(): write through page buffer failed
    major: Low-level I/O
    minor: Write failed
  #009: /scratch/spack_cpu/job_21700923/spack-stage/spack-stage-hdf5-1.10.7-xexa2gll6hf6okdatgrxiwhcjs2uepc7/spack-src/src/H5PB.c line 1032 in H5PB_write(): write through metadata accumulator failed
    major: Page Buffering
    minor: Write failed
  #010: /scratch/spack_cpu/job_21700923/spack-stage/spack-stage-hdf5-1.10.7-xexa2gll6hf6okdatgrxiwhcjs2uepc7/spack-src/src/H5Faccum.c line 824 in H5F__accum_write(): file write failed
    major: Low-level I/O
    minor: Write failed
  #011: /scratch/spack_cpu/job_21700923/spack-stage/spack-stage-hdf5-1.10.7-xexa2gll6hf6okdatgrxiwhcjs2uepc7/spack-src/src/H5FDint.c line 249 in H5FD_write(): driver write request failed
    major: Virtual File Layer
    minor: Write failed
  #012: /scratch/spack_cpu/job_21700923/spack-stage/spack-stage-hdf5-1.10.7-xexa2gll6hf6okdatgrxiwhcjs2uepc7/spack-src/src/H5FDsec2.c line 856 in H5FD__sec2_write(): file write failed: time = Wed Nov 19 08:29:02 2025
, filename = 'checkpoint.h5', file descriptor = 5, errno = 14, error message = 'Bad address', buf = 0x1555537c4000, total write size = 15969552, bytes this sub-write = 15969552, bytes actually written = 18446744073709551615, offset = 0
    major: Low-level I/O
    minor: Write failed
HDF5-DIAG: Error detected in HDF5 (1.10.7) thread 0:
  #000: /scratch/spack_cpu/job_21700923/spack-stage/spack-stage-hdf5-1.10.7-xexa2gll6hf6okdatgrxiwhcjs2uepc7/spack-src/src/H5Dio.c line 335 in H5Dwrite(): can't write data
    major: Dataset
    minor: Write failed
  #001: /scratch/spack_cpu/job_21700923/spack-stage/spack-stage-hdf5-1.10.7-xexa2gll6hf6okdatgrxiwhcjs2uepc7/spack-src/src/H5Dio.c line 813 in H5D__write(): can't write data
    major: Dataset
    minor: Write failed
  #002: /scratch/spack_cpu/job_21700923/spack-stage/spack-stage-hdf5-1.10.7-xexa2gll6hf6okdatgrxiwhcjs2uepc7/spack-src/src/H5Dcontig.c line 659 in H5D__contig_write(): contiguous write failed
    major: Dataset
    minor: Write failed
  #003: /scratch/spack_cpu/job_21700923/spack-stage/spack-stage-hdf5-1.10.7-xexa2gll6hf6okdatgrxiwhcjs2uepc7/spack-src/src/H5Dselect.c line 321 in H5D__select_write(): write error
    major: Dataspace
    minor: Write failed
  #004: /scratch/spack_cpu/job_21700923/spack-stage/spack-stage-hdf5-1.10.7-xexa2gll6hf6okdatgrxiwhcjs2uepc7/spack-src/src/H5Dselect.c line 230 in H5D__select_io(): write error
    major: Dataspace
    minor: Write failed
  #005: /scratch/spack_cpu/job_21700923/spack-stage/spack-stage-hdf5-1.10.7-xexa2gll6hf6okdatgrxiwhcjs2uepc7/spack-src/src/H5Dcontig.c line 1281 in H5D__contig_writevv(): can't perform vectorized sieve buffer write
    major: Dataset
    minor: Can't operate on object
  #006: /scratch/spack_cpu/job_21700923/spack-stage/spack-stage-hdf5-1.10.7-xexa2gll6hf6okdatgrxiwhcjs2uepc7/spack-src/src/H5VM.c line 1464 in H5VM_opvv(): can't perform operation
    major: Internal error (too specific to document in detail)
    minor: Can't operate on object
  #007: /scratch/spack_cpu/job_21700923/spack-stage/spack-stage-hdf5-1.10.7-xexa2gll6hf6okdatgrxiwhcjs2uepc7/spack-src/src/H5Dcontig.c line 1029 in H5D__contig_writevv_sieve_cb(): block write failed
    major: Dataset
    minor: Write failed
  #008: /scratch/spack_cpu/job_21700923/spack-stage/spack-stage-hdf5-1.10.7-xexa2gll6hf6okdatgrxiwhcjs2uepc7/spack-src/src/H5Fio.c line 161 in H5F_block_write(): write through page buffer failed
    major: Low-level I/O
    minor: Write failed
  #009: /scratch/spack_cpu/job_21700923/spack-stage/spack-stage-hdf5-1.10.7-xexa2gll6hf6okdatgrxiwhcjs2uepc7/spack-src/src/H5PB.c line 1032 in H5PB_write(): write through metadata accumulator failed
    major: Page Buffering
    minor: Write failed
  #010: /scratch/spack_cpu/job_21700923/spack-stage/spack-stage-hdf5-1.10.7-xexa2gll6hf6okdatgrxiwhcjs2uepc7/spack-src/src/H5Faccum.c line 824 in H5F__accum_write(): file write failed
    major: Low-level I/O
    minor: Write failed
  #011: /scratch/spack_cpu/job_21700923/spack-stage/spack-stage-hdf5-1.10.7-xexa2gll6hf6okdatgrxiwhcjs2uepc7/spack-src/src/H5FDint.c line 249 in H5FD_write(): driver write request failed
    major: Virtual File Layer
    minor: Write failed
  #012: /scratch/spack_cpu/job_21700923/spack-stage/spack-stage-hdf5-1.10.7-xexa2gll6hf6okdatgrxiwhcjs2uepc7/spack-src/src/H5FDsec2.c line 856 in H5FD__sec2_write(): file write failed: time = Wed Nov 19 08:29:10 2025
, filename = 'checkpoint.h5', file descriptor = 5, errno = 14, error message = 'Bad address', buf = 0x1555537c4000, total write size = 15969552, bytes this sub-write = 15969552, bytes actually written = 18446744073709551615, offset = 0
    major: Low-level I/O
    minor: Write failed
HDF5-DIAG: Error detected in HDF5 (1.10.7) thread 0:
  #000: /scratch/spack_cpu/job_21700923/spack-stage/spack-stage-hdf5-1.10.7-xexa2gll6hf6okdatgrxiwhcjs2uepc7/spack-src/src/H5Dio.c line 335 in H5Dwrite(): can't write data
    major: Dataset
    minor: Write failed
  #001: /scratch/spack_cpu/job_21700923/spack-stage/spack-stage-hdf5-1.10.7-xexa2gll6hf6okdatgrxiwhcjs2uepc7/spack-src/src/H5Dio.c line 813 in H5D__write(): can't write data
    major: Dataset
    minor: Write failed
  #002: /scratch/spack_cpu/job_21700923/spack-stage/spack-stage-hdf5-1.10.7-xexa2gll6hf6okdatgrxiwhcjs2uepc7/spack-src/src/H5Dcontig.c line 659 in H5D__contig_write(): contiguous write failed
    major: Dataset
    minor: Write failed
  #003: /scratch/spack_cpu/job_21700923/spack-stage/spack-stage-hdf5-1.10.7-xexa2gll6hf6okdatgrxiwhcjs2uepc7/spack-src/src/H5Dselect.c line 321 in H5D__select_write(): write error
    major: Dataspace
    minor: Write failed
  #004: /scratch/spack_cpu/job_21700923/spack-stage/spack-stage-hdf5-1.10.7-xexa2gll6hf6okdatgrxiwhcjs2uepc7/spack-src/src/H5Dselect.c line 230 in H5D__select_io(): write error
    major: Dataspace
    minor: Write failed
  #005: /scratch/spack_cpu/job_21700923/spack-stage/spack-stage-hdf5-1.10.7-xexa2gll6hf6okdatgrxiwhcjs2uepc7/spack-src/src/H5Dcontig.c line 1281 in H5D__contig_writevv(): can't perform vectorized sieve buffer write
    major: Dataset
    minor: Can't operate on object
  #006: /scratch/spack_cpu/job_21700923/spack-stage/spack-stage-hdf5-1.10.7-xexa2gll6hf6okdatgrxiwhcjs2uepc7/spack-src/src/H5VM.c line 1464 in H5VM_opvv(): can't perform operation
    major: Internal error (too specific to document in detail)
    minor: Can't operate on object
  #007: /scratch/spack_cpu/job_21700923/spack-stage/spack-stage-hdf5-1.10.7-xexa2gll6hf6okdatgrxiwhcjs2uepc7/spack-src/src/H5Dcontig.c line 1029 in H5D__contig_writevv_sieve_cb(): block write failed
    major: Dataset
    minor: Write failed
  #008: /scratch/spack_cpu/job_21700923/spack-stage/spack-stage-hdf5-1.10.7-xexa2gll6hf6okdatgrxiwhcjs2uepc7/spack-src/src/H5Fio.c line 161 in H5F_block_write(): write through page buffer failed
    major: Low-level I/O
    minor: Write failed
  #009: /scratch/spack_cpu/job_21700923/spack-stage/spack-stage-hdf5-1.10.7-xexa2gll6hf6okdatgrxiwhcjs2uepc7/spack-src/src/H5PB.c line 1032 in H5PB_write(): write through metadata accumulator failed
    major: Page Buffering
    minor: Write failed
  #010: /scratch/spack_cpu/job_21700923/spack-stage/spack-stage-hdf5-1.10.7-xexa2gll6hf6okdatgrxiwhcjs2uepc7/spack-src/src/H5Faccum.c line 824 in H5F__accum_write(): file write failed
    major: Low-level I/O
    minor: Write failed
  #011: /scratch/spack_cpu/job_21700923/spack-stage/spack-stage-hdf5-1.10.7-xexa2gll6hf6okdatgrxiwhcjs2uepc7/spack-src/src/H5FDint.c line 249 in H5FD_write(): driver write request failed
    major: Virtual File Layer
    minor: Write failed
  #012: /scratch/spack_cpu/job_21700923/spack-stage/spack-stage-hdf5-1.10.7-xexa2gll6hf6okdatgrxiwhcjs2uepc7/spack-src/src/H5FDsec2.c line 856 in H5FD__sec2_write(): file write failed: time = Wed Nov 19 08:29:18 2025
, filename = 'checkpoint.h5', file descriptor = 5, errno = 14, error message = 'Bad address', buf = 0x1555537c4000, total write size = 15969552, bytes this sub-write = 15969552, bytes actually written = 18446744073709551615, offset = 0
    major: Low-level I/O
    minor: Write failed
HDF5-DIAG: Error detected in HDF5 (1.10.7) thread 0:
  #000: /scratch/spack_cpu/job_21700923/spack-stage/spack-stage-hdf5-1.10.7-xexa2gll6hf6okdatgrxiwhcjs2uepc7/spack-src/src/H5Dio.c line 335 in H5Dwrite(): can't write data
    major: Dataset
    minor: Write failed
  #001: /scratch/spack_cpu/job_21700923/spack-stage/spack-stage-hdf5-1.10.7-xexa2gll6hf6okdatgrxiwhcjs2uepc7/spack-src/src/H5Dio.c line 813 in H5D__write(): can't write data
    major: Dataset
    minor: Write failed
  #002: /scratch/spack_cpu/job_21700923/spack-stage/spack-stage-hdf5-1.10.7-xexa2gll6hf6okdatgrxiwhcjs2uepc7/spack-src/src/H5Dcontig.c line 659 in H5D__contig_write(): contiguous write failed
    major: Dataset
    minor: Write failed
  #003: /scratch/spack_cpu/job_21700923/spack-stage/spack-stage-hdf5-1.10.7-xexa2gll6hf6okdatgrxiwhcjs2uepc7/spack-src/src/H5Dselect.c line 321 in H5D__select_write(): write error
    major: Dataspace
    minor: Write failed
  #004: /scratch/spack_cpu/job_21700923/spack-stage/spack-stage-hdf5-1.10.7-xexa2gll6hf6okdatgrxiwhcjs2uepc7/spack-src/src/H5Dselect.c line 230 in H5D__select_io(): write error
    major: Dataspace
    minor: Write failed
  #005: /scratch/spack_cpu/job_21700923/spack-stage/spack-stage-hdf5-1.10.7-xexa2gll6hf6okdatgrxiwhcjs2uepc7/spack-src/src/H5Dcontig.c line 1281 in H5D__contig_writevv(): can't perform vectorized sieve buffer write
    major: Dataset
    minor: Can't operate on object
  #006: /scratch/spack_cpu/job_21700923/spack-stage/spack-stage-hdf5-1.10.7-xexa2gll6hf6okdatgrxiwhcjs2uepc7/spack-src/src/H5VM.c line 1464 in H5VM_opvv(): can't perform operation
    major: Internal error (too specific to document in detail)
    minor: Can't operate on object
  #007: /scratch/spack_cpu/job_21700923/spack-stage/spack-stage-hdf5-1.10.7-xexa2gll6hf6okdatgrxiwhcjs2uepc7/spack-src/src/H5Dcontig.c line 1029 in H5D__contig_writevv_sieve_cb(): block write failed
    major: Dataset
    minor: Write failed
  #008: /scratch/spack_cpu/job_21700923/spack-stage/spack-stage-hdf5-1.10.7-xexa2gll6hf6okdatgrxiwhcjs2uepc7/spack-src/src/H5Fio.c line 161 in H5F_block_write(): write through page buffer failed
    major: Low-level I/O
    minor: Write failed
  #009: /scratch/spack_cpu/job_21700923/spack-stage/spack-stage-hdf5-1.10.7-xexa2gll6hf6okdatgrxiwhcjs2uepc7/spack-src/src/H5PB.c line 1032 in H5PB_write(): write through metadata accumulator failed
    major: Page Buffering
    minor: Write failed
  #010: /scratch/spack_cpu/job_21700923/spack-stage/spack-stage-hdf5-1.10.7-xexa2gll6hf6okdatgrxiwhcjs2uepc7/spack-src/src/H5Faccum.c line 824 in H5F__accum_write(): file write failed
    major: Low-level I/O
    minor: Write failed
  #011: /scratch/spack_cpu/job_21700923/spack-stage/spack-stage-hdf5-1.10.7-xexa2gll6hf6okdatgrxiwhcjs2uepc7/spack-src/src/H5FDint.c line 249 in H5FD_write(): driver write request failed
    major: Virtual File Layer
    minor: Write failed
  #012: /scratch/spack_cpu/job_21700923/spack-stage/spack-stage-hdf5-1.10.7-xexa2gll6hf6okdatgrxiwhcjs2uepc7/spack-src/src/H5FDsec2.c line 856 in H5FD__sec2_write(): file write failed: time = Wed Nov 19 08:29:26 2025
, filename = 'checkpoint.h5', file descriptor = 5, errno = 14, error message = 'Bad address', buf = 0x1555537c4000, total write size = 15969552, bytes this sub-write = 15969552, bytes actually written = 18446744073709551615, offset = 0
    major: Low-level I/O
    minor: Write failed
HDF5-DIAG: Error detected in HDF5 (1.10.7) thread 0:
  #000: /scratch/spack_cpu/job_21700923/spack-stage/spack-stage-hdf5-1.10.7-xexa2gll6hf6okdatgrxiwhcjs2uepc7/spack-src/src/H5Dio.c line 335 in H5Dwrite(): can't write data
    major: Dataset
    minor: Write failed
  #001: /scratch/spack_cpu/job_21700923/spack-stage/spack-stage-hdf5-1.10.7-xexa2gll6hf6okdatgrxiwhcjs2uepc7/spack-src/src/H5Dio.c line 813 in H5D__write(): can't write data
    major: Dataset
    minor: Write failed
  #002: /scratch/spack_cpu/job_21700923/spack-stage/spack-stage-hdf5-1.10.7-xexa2gll6hf6okdatgrxiwhcjs2uepc7/spack-src/src/H5Dcontig.c line 659 in H5D__contig_write(): contiguous write failed
    major: Dataset
    minor: Write failed
  #003: /scratch/spack_cpu/job_21700923/spack-stage/spack-stage-hdf5-1.10.7-xexa2gll6hf6okdatgrxiwhcjs2uepc7/spack-src/src/H5Dselect.c line 321 in H5D__select_write(): write error
    major: Dataspace
    minor: Write failed
  #004: /scratch/spack_cpu/job_21700923/spack-stage/spack-stage-hdf5-1.10.7-xexa2gll6hf6okdatgrxiwhcjs2uepc7/spack-src/src/H5Dselect.c line 230 in H5D__select_io(): write error
    major: Dataspace
    minor: Write failed
  #005: /scratch/spack_cpu/job_21700923/spack-stage/spack-stage-hdf5-1.10.7-xexa2gll6hf6okdatgrxiwhcjs2uepc7/spack-src/src/H5Dcontig.c line 1281 in H5D__contig_writevv(): can't perform vectorized sieve buffer write
    major: Dataset
    minor: Can't operate on object
  #006: /scratch/spack_cpu/job_21700923/spack-stage/spack-stage-hdf5-1.10.7-xexa2gll6hf6okdatgrxiwhcjs2uepc7/spack-src/src/H5VM.c line 1464 in H5VM_opvv(): can't perform operation
    major: Internal error (too specific to document in detail)
    minor: Can't operate on object
  #007: /scratch/spack_cpu/job_21700923/spack-stage/spack-stage-hdf5-1.10.7-xexa2gll6hf6okdatgrxiwhcjs2uepc7/spack-src/src/H5Dcontig.c line 1029 in H5D__contig_writevv_sieve_cb(): block write failed
    major: Dataset
    minor: Write failed
  #008: /scratch/spack_cpu/job_21700923/spack-stage/spack-stage-hdf5-1.10.7-xexa2gll6hf6okdatgrxiwhcjs2uepc7/spack-src/src/H5Fio.c line 161 in H5F_block_write(): write through page buffer failed
    major: Low-level I/O
    minor: Write failed
  #009: /scratch/spack_cpu/job_21700923/spack-stage/spack-stage-hdf5-1.10.7-xexa2gll6hf6okdatgrxiwhcjs2uepc7/spack-src/src/H5PB.c line 1032 in H5PB_write(): write through metadata accumulator failed
    major: Page Buffering
    minor: Write failed
  #010: /scratch/spack_cpu/job_21700923/spack-stage/spack-stage-hdf5-1.10.7-xexa2gll6hf6okdatgrxiwhcjs2uepc7/spack-src/src/H5Faccum.c line 824 in H5F__accum_write(): file write failed
    major: Low-level I/O
    minor: Write failed
  #011: /scratch/spack_cpu/job_21700923/spack-stage/spack-stage-hdf5-1.10.7-xexa2gll6hf6okdatgrxiwhcjs2uepc7/spack-src/src/H5FDint.c line 249 in H5FD_write(): driver write request failed
    major: Virtual File Layer
    minor: Write failed
  #012: /scratch/spack_cpu/job_21700923/spack-stage/spack-stage-hdf5-1.10.7-xexa2gll6hf6okdatgrxiwhcjs2uepc7/spack-src/src/H5FDsec2.c line 856 in H5FD__sec2_write(): file write failed: time = Wed Nov 19 08:29:34 2025
, filename = 'checkpoint.h5', file descriptor = 5, errno = 14, error message = 'Bad address', buf = 0x1555537c4000, total write size = 15969552, bytes this sub-write = 15969552, bytes actually written = 18446744073709551615, offset = 0
    major: Low-level I/O
    minor: Write failed
HDF5-DIAG: Error detected in HDF5 (1.10.7) thread 0:
  #000: /scratch/spack_cpu/job_21700923/spack-stage/spack-stage-hdf5-1.10.7-xexa2gll6hf6okdatgrxiwhcjs2uepc7/spack-src/src/H5Dio.c line 335 in H5Dwrite(): can't write data
    major: Dataset
    minor: Write failed
  #001: /scratch/spack_cpu/job_21700923/spack-stage/spack-stage-hdf5-1.10.7-xexa2gll6hf6okdatgrxiwhcjs2uepc7/spack-src/src/H5Dio.c line 813 in H5D__write(): can't write data
    major: Dataset
    minor: Write failed
  #002: /scratch/spack_cpu/job_21700923/spack-stage/spack-stage-hdf5-1.10.7-xexa2gll6hf6okdatgrxiwhcjs2uepc7/spack-src/src/H5Dcontig.c line 659 in H5D__contig_write(): contiguous write failed
    major: Dataset
    minor: Write failed
  #003: /scratch/spack_cpu/job_21700923/spack-stage/spack-stage-hdf5-1.10.7-xexa2gll6hf6okdatgrxiwhcjs2uepc7/spack-src/src/H5Dselect.c line 321 in H5D__select_write(): write error
    major: Dataspace
    minor: Write failed
  #004: /scratch/spack_cpu/job_21700923/spack-stage/spack-stage-hdf5-1.10.7-xexa2gll6hf6okdatgrxiwhcjs2uepc7/spack-src/src/H5Dselect.c line 230 in H5D__select_io(): write error
    major: Dataspace
    minor: Write failed
  #005: /scratch/spack_cpu/job_21700923/spack-stage/spack-stage-hdf5-1.10.7-xexa2gll6hf6okdatgrxiwhcjs2uepc7/spack-src/src/H5Dcontig.c line 1281 in H5D__contig_writevv(): can't perform vectorized sieve buffer write
    major: Dataset
    minor: Can't operate on object
  #006: /scratch/spack_cpu/job_21700923/spack-stage/spack-stage-hdf5-1.10.7-xexa2gll6hf6okdatgrxiwhcjs2uepc7/spack-src/src/H5VM.c line 1464 in H5VM_opvv(): can't perform operation
    major: Internal error (too specific to document in detail)
    minor: Can't operate on object
  #007: /scratch/spack_cpu/job_21700923/spack-stage/spack-stage-hdf5-1.10.7-xexa2gll6hf6okdatgrxiwhcjs2uepc7/spack-src/src/H5Dcontig.c line 1029 in H5D__contig_writevv_sieve_cb(): block write failed
    major: Dataset
    minor: Write failed
  #008: /scratch/spack_cpu/job_21700923/spack-stage/spack-stage-hdf5-1.10.7-xexa2gll6hf6okdatgrxiwhcjs2uepc7/spack-src/src/H5Fio.c line 161 in H5F_block_write(): write through page buffer failed
    major: Low-level I/O
    minor: Write failed
  #009: /scratch/spack_cpu/job_21700923/spack-stage/spack-stage-hdf5-1.10.7-xexa2gll6hf6okdatgrxiwhcjs2uepc7/spack-src/src/H5PB.c line 1032 in H5PB_write(): write through metadata accumulator failed
    major: Page Buffering
    minor: Write failed
  #010: /scratch/spack_cpu/job_21700923/spack-stage/spack-stage-hdf5-1.10.7-xexa2gll6hf6okdatgrxiwhcjs2uepc7/spack-src/src/H5Faccum.c line 824 in H5F__accum_write(): file write failed
    major: Low-level I/O
    minor: Write failed
  #011: /scratch/spack_cpu/job_21700923/spack-stage/spack-stage-hdf5-1.10.7-xexa2gll6hf6okdatgrxiwhcjs2uepc7/spack-src/src/H5FDint.c line 249 in H5FD_write(): driver write request failed
    major: Virtual File Layer
    minor: Write failed
  #012: /scratch/spack_cpu/job_21700923/spack-stage/spack-stage-hdf5-1.10.7-xexa2gll6hf6okdatgrxiwhcjs2uepc7/spack-src/src/H5FDsec2.c line 856 in H5FD__sec2_write(): file write failed: time = Wed Nov 19 08:29:43 2025
, filename = 'checkpoint.h5', file descriptor = 5, errno = 14, error message = 'Bad address', buf = 0x1555537c4000, total write size = 15969552, bytes this sub-write = 15969552, bytes actually written = 18446744073709551615, offset = 0
    major: Low-level I/O
    minor: Write failed
HDF5-DIAG: Error detected in HDF5 (1.10.7) thread 0:
  #000: /scratch/spack_cpu/job_21700923/spack-stage/spack-stage-hdf5-1.10.7-xexa2gll6hf6okdatgrxiwhcjs2uepc7/spack-src/src/H5Dio.c line 335 in H5Dwrite(): can't write data
    major: Dataset
    minor: Write failed
  #001: /scratch/spack_cpu/job_21700923/spack-stage/spack-stage-hdf5-1.10.7-xexa2gll6hf6okdatgrxiwhcjs2uepc7/spack-src/src/H5Dio.c line 813 in H5D__write(): can't write data
    major: Dataset
    minor: Write failed
  #002: /scratch/spack_cpu/job_21700923/spack-stage/spack-stage-hdf5-1.10.7-xexa2gll6hf6okdatgrxiwhcjs2uepc7/spack-src/src/H5Dcontig.c line 659 in H5D__contig_write(): contiguous write failed
    major: Dataset
    minor: Write failed
  #003: /scratch/spack_cpu/job_21700923/spack-stage/spack-stage-hdf5-1.10.7-xexa2gll6hf6okdatgrxiwhcjs2uepc7/spack-src/src/H5Dselect.c line 321 in H5D__select_write(): write error
    major: Dataspace
    minor: Write failed
  #004: /scratch/spack_cpu/job_21700923/spack-stage/spack-stage-hdf5-1.10.7-xexa2gll6hf6okdatgrxiwhcjs2uepc7/spack-src/src/H5Dselect.c line 230 in H5D__select_io(): write error
    major: Dataspace
    minor: Write failed
  #005: /scratch/spack_cpu/job_21700923/spack-stage/spack-stage-hdf5-1.10.7-xexa2gll6hf6okdatgrxiwhcjs2uepc7/spack-src/src/H5Dcontig.c line 1281 in H5D__contig_writevv(): can't perform vectorized sieve buffer write
    major: Dataset
    minor: Can't operate on object
  #006: /scratch/spack_cpu/job_21700923/spack-stage/spack-stage-hdf5-1.10.7-xexa2gll6hf6okdatgrxiwhcjs2uepc7/spack-src/src/H5VM.c line 1464 in H5VM_opvv(): can't perform operation
    major: Internal error (too specific to document in detail)
    minor: Can't operate on object
  #007: /scratch/spack_cpu/job_21700923/spack-stage/spack-stage-hdf5-1.10.7-xexa2gll6hf6okdatgrxiwhcjs2uepc7/spack-src/src/H5Dcontig.c line 1029 in H5D__contig_writevv_sieve_cb(): block write failed
    major: Dataset
    minor: Write failed
  #008: /scratch/spack_cpu/job_21700923/spack-stage/spack-stage-hdf5-1.10.7-xexa2gll6hf6okdatgrxiwhcjs2uepc7/spack-src/src/H5Fio.c line 161 in H5F_block_write(): write through page buffer failed
    major: Low-level I/O
    minor: Write failed
  #009: /scratch/spack_cpu/job_21700923/spack-stage/spack-stage-hdf5-1.10.7-xexa2gll6hf6okdatgrxiwhcjs2uepc7/spack-src/src/H5PB.c line 1032 in H5PB_write(): write through metadata accumulator failed
    major: Page Buffering
    minor: Write failed
  #010: /scratch/spack_cpu/job_21700923/spack-stage/spack-stage-hdf5-1.10.7-xexa2gll6hf6okdatgrxiwhcjs2uepc7/spack-src/src/H5Faccum.c line 824 in H5F__accum_write(): file write failed
    major: Low-level I/O
    minor: Write failed
  #011: /scratch/spack_cpu/job_21700923/spack-stage/spack-stage-hdf5-1.10.7-xexa2gll6hf6okdatgrxiwhcjs2uepc7/spack-src/src/H5FDint.c line 249 in H5FD_write(): driver write request failed
    major: Virtual File Layer
    minor: Write failed
  #012: /scratch/spack_cpu/job_21700923/spack-stage/spack-stage-hdf5-1.10.7-xexa2gll6hf6okdatgrxiwhcjs2uepc7/spack-src/src/H5FDsec2.c line 856 in H5FD__sec2_write(): file write failed: time = Wed Nov 19 08:29:51 2025
, filename = 'checkpoint.h5', file descriptor = 5, errno = 14, error message = 'Bad address', buf = 0x1555537c4000, total write size = 15969552, bytes this sub-write = 15969552, bytes actually written = 18446744073709551615, offset = 0
    major: Low-level I/O
    minor: Write failed
HDF5-DIAG: Error detected in HDF5 (1.10.7) thread 0:
  #000: /scratch/spack_cpu/job_21700923/spack-stage/spack-stage-hdf5-1.10.7-xexa2gll6hf6okdatgrxiwhcjs2uepc7/spack-src/src/H5Dio.c line 335 in H5Dwrite(): can't write data
    major: Dataset
    minor: Write failed
  #001: /scratch/spack_cpu/job_21700923/spack-stage/spack-stage-hdf5-1.10.7-xexa2gll6hf6okdatgrxiwhcjs2uepc7/spack-src/src/H5Dio.c line 813 in H5D__write(): can't write data
    major: Dataset
    minor: Write failed
  #002: /scratch/spack_cpu/job_21700923/spack-stage/spack-stage-hdf5-1.10.7-xexa2gll6hf6okdatgrxiwhcjs2uepc7/spack-src/src/H5Dcontig.c line 659 in H5D__contig_write(): contiguous write failed
    major: Dataset
    minor: Write failed
  #003: /scratch/spack_cpu/job_21700923/spack-stage/spack-stage-hdf5-1.10.7-xexa2gll6hf6okdatgrxiwhcjs2uepc7/spack-src/src/H5Dselect.c line 321 in H5D__select_write(): write error
    major: Dataspace
    minor: Write failed
  #004: /scratch/spack_cpu/job_21700923/spack-stage/spack-stage-hdf5-1.10.7-xexa2gll6hf6okdatgrxiwhcjs2uepc7/spack-src/src/H5Dselect.c line 230 in H5D__select_io(): write error
    major: Dataspace
    minor: Write failed
  #005: /scratch/spack_cpu/job_21700923/spack-stage/spack-stage-hdf5-1.10.7-xexa2gll6hf6okdatgrxiwhcjs2uepc7/spack-src/src/H5Dcontig.c line 1281 in H5D__contig_writevv(): can't perform vectorized sieve buffer write
    major: Dataset
    minor: Can't operate on object
  #006: /scratch/spack_cpu/job_21700923/spack-stage/spack-stage-hdf5-1.10.7-xexa2gll6hf6okdatgrxiwhcjs2uepc7/spack-src/src/H5VM.c line 1464 in H5VM_opvv(): can't perform operation
    major: Internal error (too specific to document in detail)
    minor: Can't operate on object
  #007: /scratch/spack_cpu/job_21700923/spack-stage/spack-stage-hdf5-1.10.7-xexa2gll6hf6okdatgrxiwhcjs2uepc7/spack-src/src/H5Dcontig.c line 1029 in H5D__contig_writevv_sieve_cb(): block write failed
    major: Dataset
    minor: Write failed
  #008: /scratch/spack_cpu/job_21700923/spack-stage/spack-stage-hdf5-1.10.7-xexa2gll6hf6okdatgrxiwhcjs2uepc7/spack-src/src/H5Fio.c line 161 in H5F_block_write(): write through page buffer failed
    major: Low-level I/O
    minor: Write failed
  #009: /scratch/spack_cpu/job_21700923/spack-stage/spack-stage-hdf5-1.10.7-xexa2gll6hf6okdatgrxiwhcjs2uepc7/spack-src/src/H5PB.c line 1032 in H5PB_write(): write through metadata accumulator failed
    major: Page Buffering
    minor: Write failed
  #010: /scratch/spack_cpu/job_21700923/spack-stage/spack-stage-hdf5-1.10.7-xexa2gll6hf6okdatgrxiwhcjs2uepc7/spack-src/src/H5Faccum.c line 824 in H5F__accum_write(): file write failed
    major: Low-level I/O
    minor: Write failed
  #011: /scratch/spack_cpu/job_21700923/spack-stage/spack-stage-hdf5-1.10.7-xexa2gll6hf6okdatgrxiwhcjs2uepc7/spack-src/src/H5FDint.c line 249 in H5FD_write(): driver write request failed
    major: Virtual File Layer
    minor: Write failed
  #012: /scratch/spack_cpu/job_21700923/spack-stage/spack-stage-hdf5-1.10.7-xexa2gll6hf6okdatgrxiwhcjs2uepc7/spack-src/src/H5FDsec2.c line 856 in H5FD__sec2_write(): file write failed: time = Wed Nov 19 08:29:59 2025
, filename = 'checkpoint.h5', file descriptor = 5, errno = 14, error message = 'Bad address', buf = 0x1555537c4000, total write size = 15969552, bytes this sub-write = 15969552, bytes actually written = 18446744073709551615, offset = 0
    major: Low-level I/O
    minor: Write failed
HDF5-DIAG: Error detected in HDF5 (1.10.7) thread 0:
  #000: /scratch/spack_cpu/job_21700923/spack-stage/spack-stage-hdf5-1.10.7-xexa2gll6hf6okdatgrxiwhcjs2uepc7/spack-src/src/H5Dio.c line 335 in H5Dwrite(): can't write data
    major: Dataset
    minor: Write failed
  #001: /scratch/spack_cpu/job_21700923/spack-stage/spack-stage-hdf5-1.10.7-xexa2gll6hf6okdatgrxiwhcjs2uepc7/spack-src/src/H5Dio.c line 813 in H5D__write(): can't write data
    major: Dataset
    minor: Write failed
  #002: /scratch/spack_cpu/job_21700923/spack-stage/spack-stage-hdf5-1.10.7-xexa2gll6hf6okdatgrxiwhcjs2uepc7/spack-src/src/H5Dcontig.c line 659 in H5D__contig_write(): contiguous write failed
    major: Dataset
    minor: Write failed
  #003: /scratch/spack_cpu/job_21700923/spack-stage/spack-stage-hdf5-1.10.7-xexa2gll6hf6okdatgrxiwhcjs2uepc7/spack-src/src/H5Dselect.c line 321 in H5D__select_write(): write error
    major: Dataspace
    minor: Write failed
  #004: /scratch/spack_cpu/job_21700923/spack-stage/spack-stage-hdf5-1.10.7-xexa2gll6hf6okdatgrxiwhcjs2uepc7/spack-src/src/H5Dselect.c line 230 in H5D__select_io(): write error
    major: Dataspace
    minor: Write failed
  #005: /scratch/spack_cpu/job_21700923/spack-stage/spack-stage-hdf5-1.10.7-xexa2gll6hf6okdatgrxiwhcjs2uepc7/spack-src/src/H5Dcontig.c line 1281 in H5D__contig_writevv(): can't perform vectorized sieve buffer write
    major: Dataset
    minor: Can't operate on object
  #006: /scratch/spack_cpu/job_21700923/spack-stage/spack-stage-hdf5-1.10.7-xexa2gll6hf6okdatgrxiwhcjs2uepc7/spack-src/src/H5VM.c line 1464 in H5VM_opvv(): can't perform operation
    major: Internal error (too specific to document in detail)
    minor: Can't operate on object
  #007: /scratch/spack_cpu/job_21700923/spack-stage/spack-stage-hdf5-1.10.7-xexa2gll6hf6okdatgrxiwhcjs2uepc7/spack-src/src/H5Dcontig.c line 1029 in H5D__contig_writevv_sieve_cb(): block write failed
    major: Dataset
    minor: Write failed
  #008: /scratch/spack_cpu/job_21700923/spack-stage/spack-stage-hdf5-1.10.7-xexa2gll6hf6okdatgrxiwhcjs2uepc7/spack-src/src/H5Fio.c line 161 in H5F_block_write(): write through page buffer failed
    major: Low-level I/O
    minor: Write failed
  #009: /scratch/spack_cpu/job_21700923/spack-stage/spack-stage-hdf5-1.10.7-xexa2gll6hf6okdatgrxiwhcjs2uepc7/spack-src/src/H5PB.c line 1032 in H5PB_write(): write through metadata accumulator failed
    major: Page Buffering
    minor: Write failed
  #010: /scratch/spack_cpu/job_21700923/spack-stage/spack-stage-hdf5-1.10.7-xexa2gll6hf6okdatgrxiwhcjs2uepc7/spack-src/src/H5Faccum.c line 824 in H5F__accum_write(): file write failed
    major: Low-level I/O
    minor: Write failed
  #011: /scratch/spack_cpu/job_21700923/spack-stage/spack-stage-hdf5-1.10.7-xexa2gll6hf6okdatgrxiwhcjs2uepc7/spack-src/src/H5FDint.c line 249 in H5FD_write(): driver write request failed
    major: Virtual File Layer
    minor: Write failed
  #012: /scratch/spack_cpu/job_21700923/spack-stage/spack-stage-hdf5-1.10.7-xexa2gll6hf6okdatgrxiwhcjs2uepc7/spack-src/src/H5FDsec2.c line 856 in H5FD__sec2_write(): file write failed: time = Wed Nov 19 08:30:27 2025
, filename = 'checkpoint.h5', file descriptor = 5, errno = 14, error message = 'Bad address', buf = 0x1555537c4000, total write size = 15969552, bytes this sub-write = 15969552, bytes actually written = 18446744073709551615, offset = 0
    major: Low-level I/O
    minor: Write failed
HDF5-DIAG: Error detected in HDF5 (1.10.7) thread 0:
  #000: /scratch/spack_cpu/job_21700923/spack-stage/spack-stage-hdf5-1.10.7-xexa2gll6hf6okdatgrxiwhcjs2uepc7/spack-src/src/H5Dio.c line 335 in H5Dwrite(): can't write data
    major: Dataset
    minor: Write failed
  #001: /scratch/spack_cpu/job_21700923/spack-stage/spack-stage-hdf5-1.10.7-xexa2gll6hf6okdatgrxiwhcjs2uepc7/spack-src/src/H5Dio.c line 813 in H5D__write(): can't write data
    major: Dataset
    minor: Write failed
  #002: /scratch/spack_cpu/job_21700923/spack-stage/spack-stage-hdf5-1.10.7-xexa2gll6hf6okdatgrxiwhcjs2uepc7/spack-src/src/H5Dcontig.c line 659 in H5D__contig_write(): contiguous write failed
    major: Dataset
    minor: Write failed
  #003: /scratch/spack_cpu/job_21700923/spack-stage/spack-stage-hdf5-1.10.7-xexa2gll6hf6okdatgrxiwhcjs2uepc7/spack-src/src/H5Dselect.c line 321 in H5D__select_write(): write error
    major: Dataspace
    minor: Write failed
  #004: /scratch/spack_cpu/job_21700923/spack-stage/spack-stage-hdf5-1.10.7-xexa2gll6hf6okdatgrxiwhcjs2uepc7/spack-src/src/H5Dselect.c line 230 in H5D__select_io(): write error
    major: Dataspace
    minor: Write failed
  #005: /scratch/spack_cpu/job_21700923/spack-stage/spack-stage-hdf5-1.10.7-xexa2gll6hf6okdatgrxiwhcjs2uepc7/spack-src/src/H5Dcontig.c line 1281 in H5D__contig_writevv(): can't perform vectorized sieve buffer write
    major: Dataset
    minor: Can't operate on object
  #006: /scratch/spack_cpu/job_21700923/spack-stage/spack-stage-hdf5-1.10.7-xexa2gll6hf6okdatgrxiwhcjs2uepc7/spack-src/src/H5VM.c line 1464 in H5VM_opvv(): can't perform operation
    major: Internal error (too specific to document in detail)
    minor: Can't operate on object
  #007: /scratch/spack_cpu/job_21700923/spack-stage/spack-stage-hdf5-1.10.7-xexa2gll6hf6okdatgrxiwhcjs2uepc7/spack-src/src/H5Dcontig.c line 1029 in H5D__contig_writevv_sieve_cb(): block write failed
    major: Dataset
    minor: Write failed
  #008: /scratch/spack_cpu/job_21700923/spack-stage/spack-stage-hdf5-1.10.7-xexa2gll6hf6okdatgrxiwhcjs2uepc7/spack-src/src/H5Fio.c line 161 in H5F_block_write(): write through page buffer failed
    major: Low-level I/O
    minor: Write failed
  #009: /scratch/spack_cpu/job_21700923/spack-stage/spack-stage-hdf5-1.10.7-xexa2gll6hf6okdatgrxiwhcjs2uepc7/spack-src/src/H5PB.c line 1032 in H5PB_write(): write through metadata accumulator failed
    major: Page Buffering
    minor: Write failed
  #010: /scratch/spack_cpu/job_21700923/spack-stage/spack-stage-hdf5-1.10.7-xexa2gll6hf6okdatgrxiwhcjs2uepc7/spack-src/src/H5Faccum.c line 824 in H5F__accum_write(): file write failed
    major: Low-level I/O
    minor: Write failed
  #011: /scratch/spack_cpu/job_21700923/spack-stage/spack-stage-hdf5-1.10.7-xexa2gll6hf6okdatgrxiwhcjs2uepc7/spack-src/src/H5FDint.c line 249 in H5FD_write(): driver write request failed
    major: Virtual File Layer
    minor: Write failed
  #012: /scratch/spack_cpu/job_21700923/spack-stage/spack-stage-hdf5-1.10.7-xexa2gll6hf6okdatgrxiwhcjs2uepc7/spack-src/src/H5FDsec2.c line 856 in H5FD__sec2_write(): file write failed: time = Wed Nov 19 08:30:37 2025
, filename = 'checkpoint.h5', file descriptor = 5, errno = 14, error message = 'Bad address', buf = 0x1555537c4000, total write size = 15969552, bytes this sub-write = 15969552, bytes actually written = 18446744073709551615, offset = 0
    major: Low-level I/O
    minor: Write failed
HDF5-DIAG: Error detected in HDF5 (1.10.7) thread 0:
  #000: /scratch/spack_cpu/job_21700923/spack-stage/spack-stage-hdf5-1.10.7-xexa2gll6hf6okdatgrxiwhcjs2uepc7/spack-src/src/H5Dio.c line 335 in H5Dwrite(): can't write data
    major: Dataset
    minor: Write failed
  #001: /scratch/spack_cpu/job_21700923/spack-stage/spack-stage-hdf5-1.10.7-xexa2gll6hf6okdatgrxiwhcjs2uepc7/spack-src/src/H5Dio.c line 813 in H5D__write(): can't write data
    major: Dataset
    minor: Write failed
  #002: /scratch/spack_cpu/job_21700923/spack-stage/spack-stage-hdf5-1.10.7-xexa2gll6hf6okdatgrxiwhcjs2uepc7/spack-src/src/H5Dcontig.c line 659 in H5D__contig_write(): contiguous write failed
    major: Dataset
    minor: Write failed
  #003: /scratch/spack_cpu/job_21700923/spack-stage/spack-stage-hdf5-1.10.7-xexa2gll6hf6okdatgrxiwhcjs2uepc7/spack-src/src/H5Dselect.c line 321 in H5D__select_write(): write error
    major: Dataspace
    minor: Write failed
  #004: /scratch/spack_cpu/job_21700923/spack-stage/spack-stage-hdf5-1.10.7-xexa2gll6hf6okdatgrxiwhcjs2uepc7/spack-src/src/H5Dselect.c line 230 in H5D__select_io(): write error
    major: Dataspace
    minor: Write failed
  #005: /scratch/spack_cpu/job_21700923/spack-stage/spack-stage-hdf5-1.10.7-xexa2gll6hf6okdatgrxiwhcjs2uepc7/spack-src/src/H5Dcontig.c line 1281 in H5D__contig_writevv(): can't perform vectorized sieve buffer write
    major: Dataset
    minor: Can't operate on object
  #006: /scratch/spack_cpu/job_21700923/spack-stage/spack-stage-hdf5-1.10.7-xexa2gll6hf6okdatgrxiwhcjs2uepc7/spack-src/src/H5VM.c line 1464 in H5VM_opvv(): can't perform operation
    major: Internal error (too specific to document in detail)
    minor: Can't operate on object
  #007: /scratch/spack_cpu/job_21700923/spack-stage/spack-stage-hdf5-1.10.7-xexa2gll6hf6okdatgrxiwhcjs2uepc7/spack-src/src/H5Dcontig.c line 1029 in H5D__contig_writevv_sieve_cb(): block write failed
    major: Dataset
    minor: Write failed
  #008: /scratch/spack_cpu/job_21700923/spack-stage/spack-stage-hdf5-1.10.7-xexa2gll6hf6okdatgrxiwhcjs2uepc7/spack-src/src/H5Fio.c line 161 in H5F_block_write(): write through page buffer failed
    major: Low-level I/O
    minor: Write failed
  #009: /scratch/spack_cpu/job_21700923/spack-stage/spack-stage-hdf5-1.10.7-xexa2gll6hf6okdatgrxiwhcjs2uepc7/spack-src/src/H5PB.c line 1032 in H5PB_write(): write through metadata accumulator failed
    major: Page Buffering
    minor: Write failed
  #010: /scratch/spack_cpu/job_21700923/spack-stage/spack-stage-hdf5-1.10.7-xexa2gll6hf6okdatgrxiwhcjs2uepc7/spack-src/src/H5Faccum.c line 824 in H5F__accum_write(): file write failed
    major: Low-level I/O
    minor: Write failed
  #011: /scratch/spack_cpu/job_21700923/spack-stage/spack-stage-hdf5-1.10.7-xexa2gll6hf6okdatgrxiwhcjs2uepc7/spack-src/src/H5FDint.c line 249 in H5FD_write(): driver write request failed
    major: Virtual File Layer
    minor: Write failed
  #012: /scratch/spack_cpu/job_21700923/spack-stage/spack-stage-hdf5-1.10.7-xexa2gll6hf6okdatgrxiwhcjs2uepc7/spack-src/src/H5FDsec2.c line 856 in H5FD__sec2_write(): file write failed: time = Wed Nov 19 08:30:45 2025
, filename = 'checkpoint.h5', file descriptor = 5, errno = 14, error message = 'Bad address', buf = 0x1555537c4000, total write size = 15969552, bytes this sub-write = 15969552, bytes actually written = 18446744073709551615, offset = 0
    major: Low-level I/O
    minor: Write failed
HDF5-DIAG: Error detected in HDF5 (1.10.7) thread 0:
  #000: /scratch/spack_cpu/job_21700923/spack-stage/spack-stage-hdf5-1.10.7-xexa2gll6hf6okdatgrxiwhcjs2uepc7/spack-src/src/H5Dio.c line 335 in H5Dwrite(): can't write data
    major: Dataset
    minor: Write failed
  #001: /scratch/spack_cpu/job_21700923/spack-stage/spack-stage-hdf5-1.10.7-xexa2gll6hf6okdatgrxiwhcjs2uepc7/spack-src/src/H5Dio.c line 813 in H5D__write(): can't write data
    major: Dataset
    minor: Write failed
  #002: /scratch/spack_cpu/job_21700923/spack-stage/spack-stage-hdf5-1.10.7-xexa2gll6hf6okdatgrxiwhcjs2uepc7/spack-src/src/H5Dcontig.c line 659 in H5D__contig_write(): contiguous write failed
    major: Dataset
    minor: Write failed
  #003: /scratch/spack_cpu/job_21700923/spack-stage/spack-stage-hdf5-1.10.7-xexa2gll6hf6okdatgrxiwhcjs2uepc7/spack-src/src/H5Dselect.c line 321 in H5D__select_write(): write error
    major: Dataspace
    minor: Write failed
  #004: /scratch/spack_cpu/job_21700923/spack-stage/spack-stage-hdf5-1.10.7-xexa2gll6hf6okdatgrxiwhcjs2uepc7/spack-src/src/H5Dselect.c line 230 in H5D__select_io(): write error
    major: Dataspace
    minor: Write failed
  #005: /scratch/spack_cpu/job_21700923/spack-stage/spack-stage-hdf5-1.10.7-xexa2gll6hf6okdatgrxiwhcjs2uepc7/spack-src/src/H5Dcontig.c line 1281 in H5D__contig_writevv(): can't perform vectorized sieve buffer write
    major: Dataset
    minor: Can't operate on object
  #006: /scratch/spack_cpu/job_21700923/spack-stage/spack-stage-hdf5-1.10.7-xexa2gll6hf6okdatgrxiwhcjs2uepc7/spack-src/src/H5VM.c line 1464 in H5VM_opvv(): can't perform operation
    major: Internal error (too specific to document in detail)
    minor: Can't operate on object
  #007: /scratch/spack_cpu/job_21700923/spack-stage/spack-stage-hdf5-1.10.7-xexa2gll6hf6okdatgrxiwhcjs2uepc7/spack-src/src/H5Dcontig.c line 1029 in H5D__contig_writevv_sieve_cb(): block write failed
    major: Dataset
    minor: Write failed
  #008: /scratch/spack_cpu/job_21700923/spack-stage/spack-stage-hdf5-1.10.7-xexa2gll6hf6okdatgrxiwhcjs2uepc7/spack-src/src/H5Fio.c line 161 in H5F_block_write(): write through page buffer failed
    major: Low-level I/O
    minor: Write failed
  #009: /scratch/spack_cpu/job_21700923/spack-stage/spack-stage-hdf5-1.10.7-xexa2gll6hf6okdatgrxiwhcjs2uepc7/spack-src/src/H5PB.c line 1032 in H5PB_write(): write through metadata accumulator failed
    major: Page Buffering
    minor: Write failed
  #010: /scratch/spack_cpu/job_21700923/spack-stage/spack-stage-hdf5-1.10.7-xexa2gll6hf6okdatgrxiwhcjs2uepc7/spack-src/src/H5Faccum.c line 824 in H5F__accum_write(): file write failed
    major: Low-level I/O
    minor: Write failed
  #011: /scratch/spack_cpu/job_21700923/spack-stage/spack-stage-hdf5-1.10.7-xexa2gll6hf6okdatgrxiwhcjs2uepc7/spack-src/src/H5FDint.c line 249 in H5FD_write(): driver write request failed
    major: Virtual File Layer
    minor: Write failed
  #012: /scratch/spack_cpu/job_21700923/spack-stage/spack-stage-hdf5-1.10.7-xexa2gll6hf6okdatgrxiwhcjs2uepc7/spack-src/src/H5FDsec2.c line 856 in H5FD__sec2_write(): file write failed: time = Wed Nov 19 08:30:52 2025
, filename = 'checkpoint.h5', file descriptor = 5, errno = 14, error message = 'Bad address', buf = 0x1555537c4000, total write size = 15969552, bytes this sub-write = 15969552, bytes actually written = 18446744073709551615, offset = 0
    major: Low-level I/O
    minor: Write failed
HDF5-DIAG: Error detected in HDF5 (1.10.7) thread 0:
  #000: /scratch/spack_cpu/job_21700923/spack-stage/spack-stage-hdf5-1.10.7-xexa2gll6hf6okdatgrxiwhcjs2uepc7/spack-src/src/H5Dio.c line 335 in H5Dwrite(): can't write data
    major: Dataset
    minor: Write failed
  #001: /scratch/spack_cpu/job_21700923/spack-stage/spack-stage-hdf5-1.10.7-xexa2gll6hf6okdatgrxiwhcjs2uepc7/spack-src/src/H5Dio.c line 813 in H5D__write(): can't write data
    major: Dataset
    minor: Write failed
  #002: /scratch/spack_cpu/job_21700923/spack-stage/spack-stage-hdf5-1.10.7-xexa2gll6hf6okdatgrxiwhcjs2uepc7/spack-src/src/H5Dcontig.c line 659 in H5D__contig_write(): contiguous write failed
    major: Dataset
    minor: Write failed
  #003: /scratch/spack_cpu/job_21700923/spack-stage/spack-stage-hdf5-1.10.7-xexa2gll6hf6okdatgrxiwhcjs2uepc7/spack-src/src/H5Dselect.c line 321 in H5D__select_write(): write error
    major: Dataspace
    minor: Write failed
  #004: /scratch/spack_cpu/job_21700923/spack-stage/spack-stage-hdf5-1.10.7-xexa2gll6hf6okdatgrxiwhcjs2uepc7/spack-src/src/H5Dselect.c line 230 in H5D__select_io(): write error
    major: Dataspace
    minor: Write failed
  #005: /scratch/spack_cpu/job_21700923/spack-stage/spack-stage-hdf5-1.10.7-xexa2gll6hf6okdatgrxiwhcjs2uepc7/spack-src/src/H5Dcontig.c line 1281 in H5D__contig_writevv(): can't perform vectorized sieve buffer write
    major: Dataset
    minor: Can't operate on object
  #006: /scratch/spack_cpu/job_21700923/spack-stage/spack-stage-hdf5-1.10.7-xexa2gll6hf6okdatgrxiwhcjs2uepc7/spack-src/src/H5VM.c line 1464 in H5VM_opvv(): can't perform operation
    major: Internal error (too specific to document in detail)
    minor: Can't operate on object
  #007: /scratch/spack_cpu/job_21700923/spack-stage/spack-stage-hdf5-1.10.7-xexa2gll6hf6okdatgrxiwhcjs2uepc7/spack-src/src/H5Dcontig.c line 1029 in H5D__contig_writevv_sieve_cb(): block write failed
    major: Dataset
    minor: Write failed
  #008: /scratch/spack_cpu/job_21700923/spack-stage/spack-stage-hdf5-1.10.7-xexa2gll6hf6okdatgrxiwhcjs2uepc7/spack-src/src/H5Fio.c line 161 in H5F_block_write(): write through page buffer failed
    major: Low-level I/O
    minor: Write failed
  #009: /scratch/spack_cpu/job_21700923/spack-stage/spack-stage-hdf5-1.10.7-xexa2gll6hf6okdatgrxiwhcjs2uepc7/spack-src/src/H5PB.c line 1032 in H5PB_write(): write through metadata accumulator failed
    major: Page Buffering
    minor: Write failed
  #010: /scratch/spack_cpu/job_21700923/spack-stage/spack-stage-hdf5-1.10.7-xexa2gll6hf6okdatgrxiwhcjs2uepc7/spack-src/src/H5Faccum.c line 824 in H5F__accum_write(): file write failed
    major: Low-level I/O
    minor: Write failed
  #011: /scratch/spack_cpu/job_21700923/spack-stage/spack-stage-hdf5-1.10.7-xexa2gll6hf6okdatgrxiwhcjs2uepc7/spack-src/src/H5FDint.c line 249 in H5FD_write(): driver write request failed
    major: Virtual File Layer
    minor: Write failed
  #012: /scratch/spack_cpu/job_21700923/spack-stage/spack-stage-hdf5-1.10.7-xexa2gll6hf6okdatgrxiwhcjs2uepc7/spack-src/src/H5FDsec2.c line 856 in H5FD__sec2_write(): file write failed: time = Wed Nov 19 08:31:00 2025
, filename = 'checkpoint.h5', file descriptor = 5, errno = 14, error message = 'Bad address', buf = 0x1555537c4000, total write size = 15969552, bytes this sub-write = 15969552, bytes actually written = 18446744073709551615, offset = 0
    major: Low-level I/O
    minor: Write failed
HDF5-DIAG: Error detected in HDF5 (1.10.7) thread 0:
  #000: /scratch/spack_cpu/job_21700923/spack-stage/spack-stage-hdf5-1.10.7-xexa2gll6hf6okdatgrxiwhcjs2uepc7/spack-src/src/H5Dio.c line 335 in H5Dwrite(): can't write data
    major: Dataset
    minor: Write failed
  #001: /scratch/spack_cpu/job_21700923/spack-stage/spack-stage-hdf5-1.10.7-xexa2gll6hf6okdatgrxiwhcjs2uepc7/spack-src/src/H5Dio.c line 813 in H5D__write(): can't write data
    major: Dataset
    minor: Write failed
  #002: /scratch/spack_cpu/job_21700923/spack-stage/spack-stage-hdf5-1.10.7-xexa2gll6hf6okdatgrxiwhcjs2uepc7/spack-src/src/H5Dcontig.c line 659 in H5D__contig_write(): contiguous write failed
    major: Dataset
    minor: Write failed
  #003: /scratch/spack_cpu/job_21700923/spack-stage/spack-stage-hdf5-1.10.7-xexa2gll6hf6okdatgrxiwhcjs2uepc7/spack-src/src/H5Dselect.c line 321 in H5D__select_write(): write error
    major: Dataspace
    minor: Write failed
  #004: /scratch/spack_cpu/job_21700923/spack-stage/spack-stage-hdf5-1.10.7-xexa2gll6hf6okdatgrxiwhcjs2uepc7/spack-src/src/H5Dselect.c line 230 in H5D__select_io(): write error
    major: Dataspace
    minor: Write failed
  #005: /scratch/spack_cpu/job_21700923/spack-stage/spack-stage-hdf5-1.10.7-xexa2gll6hf6okdatgrxiwhcjs2uepc7/spack-src/src/H5Dcontig.c line 1281 in H5D__contig_writevv(): can't perform vectorized sieve buffer write
    major: Dataset
    minor: Can't operate on object
  #006: /scratch/spack_cpu/job_21700923/spack-stage/spack-stage-hdf5-1.10.7-xexa2gll6hf6okdatgrxiwhcjs2uepc7/spack-src/src/H5VM.c line 1464 in H5VM_opvv(): can't perform operation
    major: Internal error (too specific to document in detail)
    minor: Can't operate on object
  #007: /scratch/spack_cpu/job_21700923/spack-stage/spack-stage-hdf5-1.10.7-xexa2gll6hf6okdatgrxiwhcjs2uepc7/spack-src/src/H5Dcontig.c line 1029 in H5D__contig_writevv_sieve_cb(): block write failed
    major: Dataset
    minor: Write failed
  #008: /scratch/spack_cpu/job_21700923/spack-stage/spack-stage-hdf5-1.10.7-xexa2gll6hf6okdatgrxiwhcjs2uepc7/spack-src/src/H5Fio.c line 161 in H5F_block_write(): write through page buffer failed
    major: Low-level I/O
    minor: Write failed
  #009: /scratch/spack_cpu/job_21700923/spack-stage/spack-stage-hdf5-1.10.7-xexa2gll6hf6okdatgrxiwhcjs2uepc7/spack-src/src/H5PB.c line 1032 in H5PB_write(): write through metadata accumulator failed
    major: Page Buffering
    minor: Write failed
  #010: /scratch/spack_cpu/job_21700923/spack-stage/spack-stage-hdf5-1.10.7-xexa2gll6hf6okdatgrxiwhcjs2uepc7/spack-src/src/H5Faccum.c line 824 in H5F__accum_write(): file write failed
    major: Low-level I/O
    minor: Write failed
  #011: /scratch/spack_cpu/job_21700923/spack-stage/spack-stage-hdf5-1.10.7-xexa2gll6hf6okdatgrxiwhcjs2uepc7/spack-src/src/H5FDint.c line 249 in H5FD_write(): driver write request failed
    major: Virtual File Layer
    minor: Write failed
  #012: /scratch/spack_cpu/job_21700923/spack-stage/spack-stage-hdf5-1.10.7-xexa2gll6hf6okdatgrxiwhcjs2uepc7/spack-src/src/H5FDsec2.c line 856 in H5FD__sec2_write(): file write failed: time = Wed Nov 19 08:31:08 2025
, filename = 'checkpoint.h5', file descriptor = 5, errno = 14, error message = 'Bad address', buf = 0x1555537c4000, total write size = 15969552, bytes this sub-write = 15969552, bytes actually written = 18446744073709551615, offset = 0
    major: Low-level I/O
    minor: Write failed
HDF5-DIAG: Error detected in HDF5 (1.10.7) thread 0:
  #000: /scratch/spack_cpu/job_21700923/spack-stage/spack-stage-hdf5-1.10.7-xexa2gll6hf6okdatgrxiwhcjs2uepc7/spack-src/src/H5Dio.c line 335 in H5Dwrite(): can't write data
    major: Dataset
    minor: Write failed
  #001: /scratch/spack_cpu/job_21700923/spack-stage/spack-stage-hdf5-1.10.7-xexa2gll6hf6okdatgrxiwhcjs2uepc7/spack-src/src/H5Dio.c line 813 in H5D__write(): can't write data
    major: Dataset
    minor: Write failed
  #002: /scratch/spack_cpu/job_21700923/spack-stage/spack-stage-hdf5-1.10.7-xexa2gll6hf6okdatgrxiwhcjs2uepc7/spack-src/src/H5Dcontig.c line 659 in H5D__contig_write(): contiguous write failed
    major: Dataset
    minor: Write failed
  #003: /scratch/spack_cpu/job_21700923/spack-stage/spack-stage-hdf5-1.10.7-xexa2gll6hf6okdatgrxiwhcjs2uepc7/spack-src/src/H5Dselect.c line 321 in H5D__select_write(): write error
    major: Dataspace
    minor: Write failed
  #004: /scratch/spack_cpu/job_21700923/spack-stage/spack-stage-hdf5-1.10.7-xexa2gll6hf6okdatgrxiwhcjs2uepc7/spack-src/src/H5Dselect.c line 230 in H5D__select_io(): write error
    major: Dataspace
    minor: Write failed
  #005: /scratch/spack_cpu/job_21700923/spack-stage/spack-stage-hdf5-1.10.7-xexa2gll6hf6okdatgrxiwhcjs2uepc7/spack-src/src/H5Dcontig.c line 1281 in H5D__contig_writevv(): can't perform vectorized sieve buffer write
    major: Dataset
    minor: Can't operate on object
  #006: /scratch/spack_cpu/job_21700923/spack-stage/spack-stage-hdf5-1.10.7-xexa2gll6hf6okdatgrxiwhcjs2uepc7/spack-src/src/H5VM.c line 1464 in H5VM_opvv(): can't perform operation
    major: Internal error (too specific to document in detail)
    minor: Can't operate on object
  #007: /scratch/spack_cpu/job_21700923/spack-stage/spack-stage-hdf5-1.10.7-xexa2gll6hf6okdatgrxiwhcjs2uepc7/spack-src/src/H5Dcontig.c line 1029 in H5D__contig_writevv_sieve_cb(): block write failed
    major: Dataset
    minor: Write failed
  #008: /scratch/spack_cpu/job_21700923/spack-stage/spack-stage-hdf5-1.10.7-xexa2gll6hf6okdatgrxiwhcjs2uepc7/spack-src/src/H5Fio.c line 161 in H5F_block_write(): write through page buffer failed
    major: Low-level I/O
    minor: Write failed
  #009: /scratch/spack_cpu/job_21700923/spack-stage/spack-stage-hdf5-1.10.7-xexa2gll6hf6okdatgrxiwhcjs2uepc7/spack-src/src/H5PB.c line 1032 in H5PB_write(): write through metadata accumulator failed
    major: Page Buffering
    minor: Write failed
  #010: /scratch/spack_cpu/job_21700923/spack-stage/spack-stage-hdf5-1.10.7-xexa2gll6hf6okdatgrxiwhcjs2uepc7/spack-src/src/H5Faccum.c line 824 in H5F__accum_write(): file write failed
    major: Low-level I/O
    minor: Write failed
  #011: /scratch/spack_cpu/job_21700923/spack-stage/spack-stage-hdf5-1.10.7-xexa2gll6hf6okdatgrxiwhcjs2uepc7/spack-src/src/H5FDint.c line 249 in H5FD_write(): driver write request failed
    major: Virtual File Layer
    minor: Write failed
  #012: /scratch/spack_cpu/job_21700923/spack-stage/spack-stage-hdf5-1.10.7-xexa2gll6hf6okdatgrxiwhcjs2uepc7/spack-src/src/H5FDsec2.c line 856 in H5FD__sec2_write(): file write failed: time = Wed Nov 19 08:31:16 2025
, filename = 'checkpoint.h5', file descriptor = 5, errno = 14, error message = 'Bad address', buf = 0x1555537c4000, total write size = 15969552, bytes this sub-write = 15969552, bytes actually written = 18446744073709551615, offset = 0
    major: Low-level I/O
    minor: Write failed
HDF5-DIAG: Error detected in HDF5 (1.10.7) thread 0:
  #000: /scratch/spack_cpu/job_21700923/spack-stage/spack-stage-hdf5-1.10.7-xexa2gll6hf6okdatgrxiwhcjs2uepc7/spack-src/src/H5Dio.c line 335 in H5Dwrite(): can't write data
    major: Dataset
    minor: Write failed
  #001: /scratch/spack_cpu/job_21700923/spack-stage/spack-stage-hdf5-1.10.7-xexa2gll6hf6okdatgrxiwhcjs2uepc7/spack-src/src/H5Dio.c line 813 in H5D__write(): can't write data
    major: Dataset
    minor: Write failed
  #002: /scratch/spack_cpu/job_21700923/spack-stage/spack-stage-hdf5-1.10.7-xexa2gll6hf6okdatgrxiwhcjs2uepc7/spack-src/src/H5Dcontig.c line 659 in H5D__contig_write(): contiguous write failed
    major: Dataset
    minor: Write failed
  #003: /scratch/spack_cpu/job_21700923/spack-stage/spack-stage-hdf5-1.10.7-xexa2gll6hf6okdatgrxiwhcjs2uepc7/spack-src/src/H5Dselect.c line 321 in H5D__select_write(): write error
    major: Dataspace
    minor: Write failed
  #004: /scratch/spack_cpu/job_21700923/spack-stage/spack-stage-hdf5-1.10.7-xexa2gll6hf6okdatgrxiwhcjs2uepc7/spack-src/src/H5Dselect.c line 230 in H5D__select_io(): write error
    major: Dataspace
    minor: Write failed
  #005: /scratch/spack_cpu/job_21700923/spack-stage/spack-stage-hdf5-1.10.7-xexa2gll6hf6okdatgrxiwhcjs2uepc7/spack-src/src/H5Dcontig.c line 1281 in H5D__contig_writevv(): can't perform vectorized sieve buffer write
    major: Dataset
    minor: Can't operate on object
  #006: /scratch/spack_cpu/job_21700923/spack-stage/spack-stage-hdf5-1.10.7-xexa2gll6hf6okdatgrxiwhcjs2uepc7/spack-src/src/H5VM.c line 1464 in H5VM_opvv(): can't perform operation
    major: Internal error (too specific to document in detail)
    minor: Can't operate on object
  #007: /scratch/spack_cpu/job_21700923/spack-stage/spack-stage-hdf5-1.10.7-xexa2gll6hf6okdatgrxiwhcjs2uepc7/spack-src/src/H5Dcontig.c line 1029 in H5D__contig_writevv_sieve_cb(): block write failed
    major: Dataset
    minor: Write failed
  #008: /scratch/spack_cpu/job_21700923/spack-stage/spack-stage-hdf5-1.10.7-xexa2gll6hf6okdatgrxiwhcjs2uepc7/spack-src/src/H5Fio.c line 161 in H5F_block_write(): write through page buffer failed
    major: Low-level I/O
    minor: Write failed
  #009: /scratch/spack_cpu/job_21700923/spack-stage/spack-stage-hdf5-1.10.7-xexa2gll6hf6okdatgrxiwhcjs2uepc7/spack-src/src/H5PB.c line 1032 in H5PB_write(): write through metadata accumulator failed
    major: Page Buffering
    minor: Write failed
  #010: /scratch/spack_cpu/job_21700923/spack-stage/spack-stage-hdf5-1.10.7-xexa2gll6hf6okdatgrxiwhcjs2uepc7/spack-src/src/H5Faccum.c line 824 in H5F__accum_write(): file write failed
    major: Low-level I/O
    minor: Write failed
  #011: /scratch/spack_cpu/job_21700923/spack-stage/spack-stage-hdf5-1.10.7-xexa2gll6hf6okdatgrxiwhcjs2uepc7/spack-src/src/H5FDint.c line 249 in H5FD_write(): driver write request failed
    major: Virtual File Layer
    minor: Write failed
  #012: /scratch/spack_cpu/job_21700923/spack-stage/spack-stage-hdf5-1.10.7-xexa2gll6hf6okdatgrxiwhcjs2uepc7/spack-src/src/H5FDsec2.c line 856 in H5FD__sec2_write(): file write failed: time = Wed Nov 19 08:31:24 2025
, filename = 'checkpoint.h5', file descriptor = 5, errno = 14, error message = 'Bad address', buf = 0x1555537c4000, total write size = 15969552, bytes this sub-write = 15969552, bytes actually written = 18446744073709551615, offset = 0
    major: Low-level I/O
    minor: Write failed
HDF5-DIAG: Error detected in HDF5 (1.10.7) thread 0:
  #000: /scratch/spack_cpu/job_21700923/spack-stage/spack-stage-hdf5-1.10.7-xexa2gll6hf6okdatgrxiwhcjs2uepc7/spack-src/src/H5Dio.c line 335 in H5Dwrite(): can't write data
    major: Dataset
    minor: Write failed
  #001: /scratch/spack_cpu/job_21700923/spack-stage/spack-stage-hdf5-1.10.7-xexa2gll6hf6okdatgrxiwhcjs2uepc7/spack-src/src/H5Dio.c line 813 in H5D__write(): can't write data
    major: Dataset
    minor: Write failed
  #002: /scratch/spack_cpu/job_21700923/spack-stage/spack-stage-hdf5-1.10.7-xexa2gll6hf6okdatgrxiwhcjs2uepc7/spack-src/src/H5Dcontig.c line 659 in H5D__contig_write(): contiguous write failed
    major: Dataset
    minor: Write failed
  #003: /scratch/spack_cpu/job_21700923/spack-stage/spack-stage-hdf5-1.10.7-xexa2gll6hf6okdatgrxiwhcjs2uepc7/spack-src/src/H5Dselect.c line 321 in H5D__select_write(): write error
    major: Dataspace
    minor: Write failed
  #004: /scratch/spack_cpu/job_21700923/spack-stage/spack-stage-hdf5-1.10.7-xexa2gll6hf6okdatgrxiwhcjs2uepc7/spack-src/src/H5Dselect.c line 230 in H5D__select_io(): write error
    major: Dataspace
    minor: Write failed
  #005: /scratch/spack_cpu/job_21700923/spack-stage/spack-stage-hdf5-1.10.7-xexa2gll6hf6okdatgrxiwhcjs2uepc7/spack-src/src/H5Dcontig.c line 1281 in H5D__contig_writevv(): can't perform vectorized sieve buffer write
    major: Dataset
    minor: Can't operate on object
  #006: /scratch/spack_cpu/job_21700923/spack-stage/spack-stage-hdf5-1.10.7-xexa2gll6hf6okdatgrxiwhcjs2uepc7/spack-src/src/H5VM.c line 1464 in H5VM_opvv(): can't perform operation
    major: Internal error (too specific to document in detail)
    minor: Can't operate on object
  #007: /scratch/spack_cpu/job_21700923/spack-stage/spack-stage-hdf5-1.10.7-xexa2gll6hf6okdatgrxiwhcjs2uepc7/spack-src/src/H5Dcontig.c line 1029 in H5D__contig_writevv_sieve_cb(): block write failed
    major: Dataset
    minor: Write failed
  #008: /scratch/spack_cpu/job_21700923/spack-stage/spack-stage-hdf5-1.10.7-xexa2gll6hf6okdatgrxiwhcjs2uepc7/spack-src/src/H5Fio.c line 161 in H5F_block_write(): write through page buffer failed
    major: Low-level I/O
    minor: Write failed
  #009: /scratch/spack_cpu/job_21700923/spack-stage/spack-stage-hdf5-1.10.7-xexa2gll6hf6okdatgrxiwhcjs2uepc7/spack-src/src/H5PB.c line 1032 in H5PB_write(): write through metadata accumulator failed
    major: Page Buffering
    minor: Write failed
  #010: /scratch/spack_cpu/job_21700923/spack-stage/spack-stage-hdf5-1.10.7-xexa2gll6hf6okdatgrxiwhcjs2uepc7/spack-src/src/H5Faccum.c line 824 in H5F__accum_write(): file write failed
    major: Low-level I/O
    minor: Write failed
  #011: /scratch/spack_cpu/job_21700923/spack-stage/spack-stage-hdf5-1.10.7-xexa2gll6hf6okdatgrxiwhcjs2uepc7/spack-src/src/H5FDint.c line 249 in H5FD_write(): driver write request failed
    major: Virtual File Layer
    minor: Write failed
  #012: /scratch/spack_cpu/job_21700923/spack-stage/spack-stage-hdf5-1.10.7-xexa2gll6hf6okdatgrxiwhcjs2uepc7/spack-src/src/H5FDsec2.c line 856 in H5FD__sec2_write(): file write failed: time = Wed Nov 19 08:31:32 2025
, filename = 'checkpoint.h5', file descriptor = 5, errno = 14, error message = 'Bad address', buf = 0x1555537c4000, total write size = 15969552, bytes this sub-write = 15969552, bytes actually written = 18446744073709551615, offset = 0
    major: Low-level I/O
    minor: Write failed
HDF5-DIAG: Error detected in HDF5 (1.10.7) thread 0:
  #000: /scratch/spack_cpu/job_21700923/spack-stage/spack-stage-hdf5-1.10.7-xexa2gll6hf6okdatgrxiwhcjs2uepc7/spack-src/src/H5Dio.c line 335 in H5Dwrite(): can't write data
    major: Dataset
    minor: Write failed
  #001: /scratch/spack_cpu/job_21700923/spack-stage/spack-stage-hdf5-1.10.7-xexa2gll6hf6okdatgrxiwhcjs2uepc7/spack-src/src/H5Dio.c line 813 in H5D__write(): can't write data
    major: Dataset
    minor: Write failed
  #002: /scratch/spack_cpu/job_21700923/spack-stage/spack-stage-hdf5-1.10.7-xexa2gll6hf6okdatgrxiwhcjs2uepc7/spack-src/src/H5Dcontig.c line 659 in H5D__contig_write(): contiguous write failed
    major: Dataset
    minor: Write failed
  #003: /scratch/spack_cpu/job_21700923/spack-stage/spack-stage-hdf5-1.10.7-xexa2gll6hf6okdatgrxiwhcjs2uepc7/spack-src/src/H5Dselect.c line 321 in H5D__select_write(): write error
    major: Dataspace
    minor: Write failed
  #004: /scratch/spack_cpu/job_21700923/spack-stage/spack-stage-hdf5-1.10.7-xexa2gll6hf6okdatgrxiwhcjs2uepc7/spack-src/src/H5Dselect.c line 230 in H5D__select_io(): write error
    major: Dataspace
    minor: Write failed
  #005: /scratch/spack_cpu/job_21700923/spack-stage/spack-stage-hdf5-1.10.7-xexa2gll6hf6okdatgrxiwhcjs2uepc7/spack-src/src/H5Dcontig.c line 1281 in H5D__contig_writevv(): can't perform vectorized sieve buffer write
    major: Dataset
    minor: Can't operate on object
  #006: /scratch/spack_cpu/job_21700923/spack-stage/spack-stage-hdf5-1.10.7-xexa2gll6hf6okdatgrxiwhcjs2uepc7/spack-src/src/H5VM.c line 1464 in H5VM_opvv(): can't perform operation
    major: Internal error (too specific to document in detail)
    minor: Can't operate on object
  #007: /scratch/spack_cpu/job_21700923/spack-stage/spack-stage-hdf5-1.10.7-xexa2gll6hf6okdatgrxiwhcjs2uepc7/spack-src/src/H5Dcontig.c line 1029 in H5D__contig_writevv_sieve_cb(): block write failed
    major: Dataset
    minor: Write failed
  #008: /scratch/spack_cpu/job_21700923/spack-stage/spack-stage-hdf5-1.10.7-xexa2gll6hf6okdatgrxiwhcjs2uepc7/spack-src/src/H5Fio.c line 161 in H5F_block_write(): write through page buffer failed
    major: Low-level I/O
    minor: Write failed
  #009: /scratch/spack_cpu/job_21700923/spack-stage/spack-stage-hdf5-1.10.7-xexa2gll6hf6okdatgrxiwhcjs2uepc7/spack-src/src/H5PB.c line 1032 in H5PB_write(): write through metadata accumulator failed
    major: Page Buffering
    minor: Write failed
  #010: /scratch/spack_cpu/job_21700923/spack-stage/spack-stage-hdf5-1.10.7-xexa2gll6hf6okdatgrxiwhcjs2uepc7/spack-src/src/H5Faccum.c line 824 in H5F__accum_write(): file write failed
    major: Low-level I/O
    minor: Write failed
  #011: /scratch/spack_cpu/job_21700923/spack-stage/spack-stage-hdf5-1.10.7-xexa2gll6hf6okdatgrxiwhcjs2uepc7/spack-src/src/H5FDint.c line 249 in H5FD_write(): driver write request failed
    major: Virtual File Layer
    minor: Write failed
  #012: /scratch/spack_cpu/job_21700923/spack-stage/spack-stage-hdf5-1.10.7-xexa2gll6hf6okdatgrxiwhcjs2uepc7/spack-src/src/H5FDsec2.c line 856 in H5FD__sec2_write(): file write failed: time = Wed Nov 19 08:31:40 2025
, filename = 'checkpoint.h5', file descriptor = 5, errno = 14, error message = 'Bad address', buf = 0x1555537c4000, total write size = 15969552, bytes this sub-write = 15969552, bytes actually written = 18446744073709551615, offset = 0
    major: Low-level I/O
    minor: Write failed
HDF5-DIAG: Error detected in HDF5 (1.10.7) thread 0:
  #000: /scratch/spack_cpu/job_21700923/spack-stage/spack-stage-hdf5-1.10.7-xexa2gll6hf6okdatgrxiwhcjs2uepc7/spack-src/src/H5Dio.c line 335 in H5Dwrite(): can't write data
    major: Dataset
    minor: Write failed
  #001: /scratch/spack_cpu/job_21700923/spack-stage/spack-stage-hdf5-1.10.7-xexa2gll6hf6okdatgrxiwhcjs2uepc7/spack-src/src/H5Dio.c line 813 in H5D__write(): can't write data
    major: Dataset
    minor: Write failed
  #002: /scratch/spack_cpu/job_21700923/spack-stage/spack-stage-hdf5-1.10.7-xexa2gll6hf6okdatgrxiwhcjs2uepc7/spack-src/src/H5Dcontig.c line 659 in H5D__contig_write(): contiguous write failed
    major: Dataset
    minor: Write failed
  #003: /scratch/spack_cpu/job_21700923/spack-stage/spack-stage-hdf5-1.10.7-xexa2gll6hf6okdatgrxiwhcjs2uepc7/spack-src/src/H5Dselect.c line 321 in H5D__select_write(): write error
    major: Dataspace
    minor: Write failed
  #004: /scratch/spack_cpu/job_21700923/spack-stage/spack-stage-hdf5-1.10.7-xexa2gll6hf6okdatgrxiwhcjs2uepc7/spack-src/src/H5Dselect.c line 230 in H5D__select_io(): write error
    major: Dataspace
    minor: Write failed
  #005: /scratch/spack_cpu/job_21700923/spack-stage/spack-stage-hdf5-1.10.7-xexa2gll6hf6okdatgrxiwhcjs2uepc7/spack-src/src/H5Dcontig.c line 1281 in H5D__contig_writevv(): can't perform vectorized sieve buffer write
    major: Dataset
    minor: Can't operate on object
  #006: /scratch/spack_cpu/job_21700923/spack-stage/spack-stage-hdf5-1.10.7-xexa2gll6hf6okdatgrxiwhcjs2uepc7/spack-src/src/H5VM.c line 1464 in H5VM_opvv(): can't perform operation
    major: Internal error (too specific to document in detail)
    minor: Can't operate on object
  #007: /scratch/spack_cpu/job_21700923/spack-stage/spack-stage-hdf5-1.10.7-xexa2gll6hf6okdatgrxiwhcjs2uepc7/spack-src/src/H5Dcontig.c line 1029 in H5D__contig_writevv_sieve_cb(): block write failed
    major: Dataset
    minor: Write failed
  #008: /scratch/spack_cpu/job_21700923/spack-stage/spack-stage-hdf5-1.10.7-xexa2gll6hf6okdatgrxiwhcjs2uepc7/spack-src/src/H5Fio.c line 161 in H5F_block_write(): write through page buffer failed
    major: Low-level I/O
    minor: Write failed
  #009: /scratch/spack_cpu/job_21700923/spack-stage/spack-stage-hdf5-1.10.7-xexa2gll6hf6okdatgrxiwhcjs2uepc7/spack-src/src/H5PB.c line 1032 in H5PB_write(): write through metadata accumulator failed
    major: Page Buffering
    minor: Write failed
  #010: /scratch/spack_cpu/job_21700923/spack-stage/spack-stage-hdf5-1.10.7-xexa2gll6hf6okdatgrxiwhcjs2uepc7/spack-src/src/H5Faccum.c line 824 in H5F__accum_write(): file write failed
    major: Low-level I/O
    minor: Write failed
  #011: /scratch/spack_cpu/job_21700923/spack-stage/spack-stage-hdf5-1.10.7-xexa2gll6hf6okdatgrxiwhcjs2uepc7/spack-src/src/H5FDint.c line 249 in H5FD_write(): driver write request failed
    major: Virtual File Layer
    minor: Write failed
  #012: /scratch/spack_cpu/job_21700923/spack-stage/spack-stage-hdf5-1.10.7-xexa2gll6hf6okdatgrxiwhcjs2uepc7/spack-src/src/H5FDsec2.c line 856 in H5FD__sec2_write(): file write failed: time = Wed Nov 19 08:31:48 2025
, filename = 'checkpoint.h5', file descriptor = 5, errno = 14, error message = 'Bad address', buf = 0x1555537c4000, total write size = 15969552, bytes this sub-write = 15969552, bytes actually written = 18446744073709551615, offset = 0
    major: Low-level I/O
    minor: Write failed
HDF5-DIAG: Error detected in HDF5 (1.10.7) thread 0:
  #000: /scratch/spack_cpu/job_21700923/spack-stage/spack-stage-hdf5-1.10.7-xexa2gll6hf6okdatgrxiwhcjs2uepc7/spack-src/src/H5Dio.c line 335 in H5Dwrite(): can't write data
    major: Dataset
    minor: Write failed
  #001: /scratch/spack_cpu/job_21700923/spack-stage/spack-stage-hdf5-1.10.7-xexa2gll6hf6okdatgrxiwhcjs2uepc7/spack-src/src/H5Dio.c line 813 in H5D__write(): can't write data
    major: Dataset
    minor: Write failed
  #002: /scratch/spack_cpu/job_21700923/spack-stage/spack-stage-hdf5-1.10.7-xexa2gll6hf6okdatgrxiwhcjs2uepc7/spack-src/src/H5Dcontig.c line 659 in H5D__contig_write(): contiguous write failed
    major: Dataset
    minor: Write failed
  #003: /scratch/spack_cpu/job_21700923/spack-stage/spack-stage-hdf5-1.10.7-xexa2gll6hf6okdatgrxiwhcjs2uepc7/spack-src/src/H5Dselect.c line 321 in H5D__select_write(): write error
    major: Dataspace
    minor: Write failed
  #004: /scratch/spack_cpu/job_21700923/spack-stage/spack-stage-hdf5-1.10.7-xexa2gll6hf6okdatgrxiwhcjs2uepc7/spack-src/src/H5Dselect.c line 230 in H5D__select_io(): write error
    major: Dataspace
    minor: Write failed
  #005: /scratch/spack_cpu/job_21700923/spack-stage/spack-stage-hdf5-1.10.7-xexa2gll6hf6okdatgrxiwhcjs2uepc7/spack-src/src/H5Dcontig.c line 1281 in H5D__contig_writevv(): can't perform vectorized sieve buffer write
    major: Dataset
    minor: Can't operate on object
  #006: /scratch/spack_cpu/job_21700923/spack-stage/spack-stage-hdf5-1.10.7-xexa2gll6hf6okdatgrxiwhcjs2uepc7/spack-src/src/H5VM.c line 1464 in H5VM_opvv(): can't perform operation
    major: Internal error (too specific to document in detail)
    minor: Can't operate on object
  #007: /scratch/spack_cpu/job_21700923/spack-stage/spack-stage-hdf5-1.10.7-xexa2gll6hf6okdatgrxiwhcjs2uepc7/spack-src/src/H5Dcontig.c line 1029 in H5D__contig_writevv_sieve_cb(): block write failed
    major: Dataset
    minor: Write failed
  #008: /scratch/spack_cpu/job_21700923/spack-stage/spack-stage-hdf5-1.10.7-xexa2gll6hf6okdatgrxiwhcjs2uepc7/spack-src/src/H5Fio.c line 161 in H5F_block_write(): write through page buffer failed
    major: Low-level I/O
    minor: Write failed
  #009: /scratch/spack_cpu/job_21700923/spack-stage/spack-stage-hdf5-1.10.7-xexa2gll6hf6okdatgrxiwhcjs2uepc7/spack-src/src/H5PB.c line 1032 in H5PB_write(): write through metadata accumulator failed
    major: Page Buffering
    minor: Write failed
  #010: /scratch/spack_cpu/job_21700923/spack-stage/spack-stage-hdf5-1.10.7-xexa2gll6hf6okdatgrxiwhcjs2uepc7/spack-src/src/H5Faccum.c line 824 in H5F__accum_write(): file write failed
    major: Low-level I/O
    minor: Write failed
  #011: /scratch/spack_cpu/job_21700923/spack-stage/spack-stage-hdf5-1.10.7-xexa2gll6hf6okdatgrxiwhcjs2uepc7/spack-src/src/H5FDint.c line 249 in H5FD_write(): driver write request failed
    major: Virtual File Layer
    minor: Write failed
  #012: /scratch/spack_cpu/job_21700923/spack-stage/spack-stage-hdf5-1.10.7-xexa2gll6hf6okdatgrxiwhcjs2uepc7/spack-src/src/H5FDsec2.c line 856 in H5FD__sec2_write(): file write failed: time = Wed Nov 19 08:31:55 2025
, filename = 'checkpoint.h5', file descriptor = 5, errno = 14, error message = 'Bad address', buf = 0x1555537c4000, total write size = 15969552, bytes this sub-write = 15969552, bytes actually written = 18446744073709551615, offset = 0
    major: Low-level I/O
    minor: Write failed
HDF5-DIAG: Error detected in HDF5 (1.10.7) thread 0:
  #000: /scratch/spack_cpu/job_21700923/spack-stage/spack-stage-hdf5-1.10.7-xexa2gll6hf6okdatgrxiwhcjs2uepc7/spack-src/src/H5Dio.c line 335 in H5Dwrite(): can't write data
    major: Dataset
    minor: Write failed
  #001: /scratch/spack_cpu/job_21700923/spack-stage/spack-stage-hdf5-1.10.7-xexa2gll6hf6okdatgrxiwhcjs2uepc7/spack-src/src/H5Dio.c line 813 in H5D__write(): can't write data
    major: Dataset
    minor: Write failed
  #002: /scratch/spack_cpu/job_21700923/spack-stage/spack-stage-hdf5-1.10.7-xexa2gll6hf6okdatgrxiwhcjs2uepc7/spack-src/src/H5Dcontig.c line 659 in H5D__contig_write(): contiguous write failed
    major: Dataset
    minor: Write failed
  #003: /scratch/spack_cpu/job_21700923/spack-stage/spack-stage-hdf5-1.10.7-xexa2gll6hf6okdatgrxiwhcjs2uepc7/spack-src/src/H5Dselect.c line 321 in H5D__select_write(): write error
    major: Dataspace
    minor: Write failed
  #004: /scratch/spack_cpu/job_21700923/spack-stage/spack-stage-hdf5-1.10.7-xexa2gll6hf6okdatgrxiwhcjs2uepc7/spack-src/src/H5Dselect.c line 230 in H5D__select_io(): write error
    major: Dataspace
    minor: Write failed
  #005: /scratch/spack_cpu/job_21700923/spack-stage/spack-stage-hdf5-1.10.7-xexa2gll6hf6okdatgrxiwhcjs2uepc7/spack-src/src/H5Dcontig.c line 1281 in H5D__contig_writevv(): can't perform vectorized sieve buffer write
    major: Dataset
    minor: Can't operate on object
  #006: /scratch/spack_cpu/job_21700923/spack-stage/spack-stage-hdf5-1.10.7-xexa2gll6hf6okdatgrxiwhcjs2uepc7/spack-src/src/H5VM.c line 1464 in H5VM_opvv(): can't perform operation
    major: Internal error (too specific to document in detail)
    minor: Can't operate on object
  #007: /scratch/spack_cpu/job_21700923/spack-stage/spack-stage-hdf5-1.10.7-xexa2gll6hf6okdatgrxiwhcjs2uepc7/spack-src/src/H5Dcontig.c line 1029 in H5D__contig_writevv_sieve_cb(): block write failed
    major: Dataset
    minor: Write failed
  #008: /scratch/spack_cpu/job_21700923/spack-stage/spack-stage-hdf5-1.10.7-xexa2gll6hf6okdatgrxiwhcjs2uepc7/spack-src/src/H5Fio.c line 161 in H5F_block_write(): write through page buffer failed
    major: Low-level I/O
    minor: Write failed
  #009: /scratch/spack_cpu/job_21700923/spack-stage/spack-stage-hdf5-1.10.7-xexa2gll6hf6okdatgrxiwhcjs2uepc7/spack-src/src/H5PB.c line 1032 in H5PB_write(): write through metadata accumulator failed
    major: Page Buffering
    minor: Write failed
  #010: /scratch/spack_cpu/job_21700923/spack-stage/spack-stage-hdf5-1.10.7-xexa2gll6hf6okdatgrxiwhcjs2uepc7/spack-src/src/H5Faccum.c line 824 in H5F__accum_write(): file write failed
    major: Low-level I/O
    minor: Write failed
  #011: /scratch/spack_cpu/job_21700923/spack-stage/spack-stage-hdf5-1.10.7-xexa2gll6hf6okdatgrxiwhcjs2uepc7/spack-src/src/H5FDint.c line 249 in H5FD_write(): driver write request failed
    major: Virtual File Layer
    minor: Write failed
  #012: /scratch/spack_cpu/job_21700923/spack-stage/spack-stage-hdf5-1.10.7-xexa2gll6hf6okdatgrxiwhcjs2uepc7/spack-src/src/H5FDsec2.c line 856 in H5FD__sec2_write(): file write failed: time = Wed Nov 19 08:32:03 2025
, filename = 'checkpoint.h5', file descriptor = 5, errno = 14, error message = 'Bad address', buf = 0x1555537c4000, total write size = 15969552, bytes this sub-write = 15969552, bytes actually written = 18446744073709551615, offset = 0
    major: Low-level I/O
    minor: Write failed
HDF5-DIAG: Error detected in HDF5 (1.10.7) thread 0:
  #000: /scratch/spack_cpu/job_21700923/spack-stage/spack-stage-hdf5-1.10.7-xexa2gll6hf6okdatgrxiwhcjs2uepc7/spack-src/src/H5Dio.c line 335 in H5Dwrite(): can't write data
    major: Dataset
    minor: Write failed
  #001: /scratch/spack_cpu/job_21700923/spack-stage/spack-stage-hdf5-1.10.7-xexa2gll6hf6okdatgrxiwhcjs2uepc7/spack-src/src/H5Dio.c line 813 in H5D__write(): can't write data
    major: Dataset
    minor: Write failed
  #002: /scratch/spack_cpu/job_21700923/spack-stage/spack-stage-hdf5-1.10.7-xexa2gll6hf6okdatgrxiwhcjs2uepc7/spack-src/src/H5Dcontig.c line 659 in H5D__contig_write(): contiguous write failed
    major: Dataset
    minor: Write failed
  #003: /scratch/spack_cpu/job_21700923/spack-stage/spack-stage-hdf5-1.10.7-xexa2gll6hf6okdatgrxiwhcjs2uepc7/spack-src/src/H5Dselect.c line 321 in H5D__select_write(): write error
    major: Dataspace
    minor: Write failed
  #004: /scratch/spack_cpu/job_21700923/spack-stage/spack-stage-hdf5-1.10.7-xexa2gll6hf6okdatgrxiwhcjs2uepc7/spack-src/src/H5Dselect.c line 230 in H5D__select_io(): write error
    major: Dataspace
    minor: Write failed
  #005: /scratch/spack_cpu/job_21700923/spack-stage/spack-stage-hdf5-1.10.7-xexa2gll6hf6okdatgrxiwhcjs2uepc7/spack-src/src/H5Dcontig.c line 1281 in H5D__contig_writevv(): can't perform vectorized sieve buffer write
    major: Dataset
    minor: Can't operate on object
  #006: /scratch/spack_cpu/job_21700923/spack-stage/spack-stage-hdf5-1.10.7-xexa2gll6hf6okdatgrxiwhcjs2uepc7/spack-src/src/H5VM.c line 1464 in H5VM_opvv(): can't perform operation
    major: Internal error (too specific to document in detail)
    minor: Can't operate on object
  #007: /scratch/spack_cpu/job_21700923/spack-stage/spack-stage-hdf5-1.10.7-xexa2gll6hf6okdatgrxiwhcjs2uepc7/spack-src/src/H5Dcontig.c line 1029 in H5D__contig_writevv_sieve_cb(): block write failed
    major: Dataset
    minor: Write failed
  #008: /scratch/spack_cpu/job_21700923/spack-stage/spack-stage-hdf5-1.10.7-xexa2gll6hf6okdatgrxiwhcjs2uepc7/spack-src/src/H5Fio.c line 161 in H5F_block_write(): write through page buffer failed
    major: Low-level I/O
    minor: Write failed
  #009: /scratch/spack_cpu/job_21700923/spack-stage/spack-stage-hdf5-1.10.7-xexa2gll6hf6okdatgrxiwhcjs2uepc7/spack-src/src/H5PB.c line 1032 in H5PB_write(): write through metadata accumulator failed
    major: Page Buffering
    minor: Write failed
  #010: /scratch/spack_cpu/job_21700923/spack-stage/spack-stage-hdf5-1.10.7-xexa2gll6hf6okdatgrxiwhcjs2uepc7/spack-src/src/H5Faccum.c line 824 in H5F__accum_write(): file write failed
    major: Low-level I/O
    minor: Write failed
  #011: /scratch/spack_cpu/job_21700923/spack-stage/spack-stage-hdf5-1.10.7-xexa2gll6hf6okdatgrxiwhcjs2uepc7/spack-src/src/H5FDint.c line 249 in H5FD_write(): driver write request failed
    major: Virtual File Layer
    minor: Write failed
  #012: /scratch/spack_cpu/job_21700923/spack-stage/spack-stage-hdf5-1.10.7-xexa2gll6hf6okdatgrxiwhcjs2uepc7/spack-src/src/H5FDsec2.c line 856 in H5FD__sec2_write(): file write failed: time = Wed Nov 19 08:32:11 2025
, filename = 'checkpoint.h5', file descriptor = 5, errno = 14, error message = 'Bad address', buf = 0x1555537c4000, total write size = 15969552, bytes this sub-write = 15969552, bytes actually written = 18446744073709551615, offset = 0
    major: Low-level I/O
    minor: Write failed
HDF5-DIAG: Error detected in HDF5 (1.10.7) thread 0:
  #000: /scratch/spack_cpu/job_21700923/spack-stage/spack-stage-hdf5-1.10.7-xexa2gll6hf6okdatgrxiwhcjs2uepc7/spack-src/src/H5Dio.c line 335 in H5Dwrite(): can't write data
    major: Dataset
    minor: Write failed
  #001: /scratch/spack_cpu/job_21700923/spack-stage/spack-stage-hdf5-1.10.7-xexa2gll6hf6okdatgrxiwhcjs2uepc7/spack-src/src/H5Dio.c line 813 in H5D__write(): can't write data
    major: Dataset
    minor: Write failed
  #002: /scratch/spack_cpu/job_21700923/spack-stage/spack-stage-hdf5-1.10.7-xexa2gll6hf6okdatgrxiwhcjs2uepc7/spack-src/src/H5Dcontig.c line 659 in H5D__contig_write(): contiguous write failed
    major: Dataset
    minor: Write failed
  #003: /scratch/spack_cpu/job_21700923/spack-stage/spack-stage-hdf5-1.10.7-xexa2gll6hf6okdatgrxiwhcjs2uepc7/spack-src/src/H5Dselect.c line 321 in H5D__select_write(): write error
    major: Dataspace
    minor: Write failed
  #004: /scratch/spack_cpu/job_21700923/spack-stage/spack-stage-hdf5-1.10.7-xexa2gll6hf6okdatgrxiwhcjs2uepc7/spack-src/src/H5Dselect.c line 230 in H5D__select_io(): write error
    major: Dataspace
    minor: Write failed
  #005: /scratch/spack_cpu/job_21700923/spack-stage/spack-stage-hdf5-1.10.7-xexa2gll6hf6okdatgrxiwhcjs2uepc7/spack-src/src/H5Dcontig.c line 1281 in H5D__contig_writevv(): can't perform vectorized sieve buffer write
    major: Dataset
    minor: Can't operate on object
  #006: /scratch/spack_cpu/job_21700923/spack-stage/spack-stage-hdf5-1.10.7-xexa2gll6hf6okdatgrxiwhcjs2uepc7/spack-src/src/H5VM.c line 1464 in H5VM_opvv(): can't perform operation
    major: Internal error (too specific to document in detail)
    minor: Can't operate on object
  #007: /scratch/spack_cpu/job_21700923/spack-stage/spack-stage-hdf5-1.10.7-xexa2gll6hf6okdatgrxiwhcjs2uepc7/spack-src/src/H5Dcontig.c line 1029 in H5D__contig_writevv_sieve_cb(): block write failed
    major: Dataset
    minor: Write failed
  #008: /scratch/spack_cpu/job_21700923/spack-stage/spack-stage-hdf5-1.10.7-xexa2gll6hf6okdatgrxiwhcjs2uepc7/spack-src/src/H5Fio.c line 161 in H5F_block_write(): write through page buffer failed
    major: Low-level I/O
    minor: Write failed
  #009: /scratch/spack_cpu/job_21700923/spack-stage/spack-stage-hdf5-1.10.7-xexa2gll6hf6okdatgrxiwhcjs2uepc7/spack-src/src/H5PB.c line 1032 in H5PB_write(): write through metadata accumulator failed
    major: Page Buffering
    minor: Write failed
  #010: /scratch/spack_cpu/job_21700923/spack-stage/spack-stage-hdf5-1.10.7-xexa2gll6hf6okdatgrxiwhcjs2uepc7/spack-src/src/H5Faccum.c line 824 in H5F__accum_write(): file write failed
    major: Low-level I/O
    minor: Write failed
  #011: /scratch/spack_cpu/job_21700923/spack-stage/spack-stage-hdf5-1.10.7-xexa2gll6hf6okdatgrxiwhcjs2uepc7/spack-src/src/H5FDint.c line 249 in H5FD_write(): driver write request failed
    major: Virtual File Layer
    minor: Write failed
  #012: /scratch/spack_cpu/job_21700923/spack-stage/spack-stage-hdf5-1.10.7-xexa2gll6hf6okdatgrxiwhcjs2uepc7/spack-src/src/H5FDsec2.c line 856 in H5FD__sec2_write(): file write failed: time = Wed Nov 19 08:32:19 2025
, filename = 'checkpoint.h5', file descriptor = 5, errno = 14, error message = 'Bad address', buf = 0x1555537c4000, total write size = 15969552, bytes this sub-write = 15969552, bytes actually written = 18446744073709551615, offset = 0
    major: Low-level I/O
    minor: Write failed
HDF5-DIAG: Error detected in HDF5 (1.10.7) thread 0:
  #000: /scratch/spack_cpu/job_21700923/spack-stage/spack-stage-hdf5-1.10.7-xexa2gll6hf6okdatgrxiwhcjs2uepc7/spack-src/src/H5Dio.c line 335 in H5Dwrite(): can't write data
    major: Dataset
    minor: Write failed
  #001: /scratch/spack_cpu/job_21700923/spack-stage/spack-stage-hdf5-1.10.7-xexa2gll6hf6okdatgrxiwhcjs2uepc7/spack-src/src/H5Dio.c line 813 in H5D__write(): can't write data
    major: Dataset
    minor: Write failed
  #002: /scratch/spack_cpu/job_21700923/spack-stage/spack-stage-hdf5-1.10.7-xexa2gll6hf6okdatgrxiwhcjs2uepc7/spack-src/src/H5Dcontig.c line 659 in H5D__contig_write(): contiguous write failed
    major: Dataset
    minor: Write failed
  #003: /scratch/spack_cpu/job_21700923/spack-stage/spack-stage-hdf5-1.10.7-xexa2gll6hf6okdatgrxiwhcjs2uepc7/spack-src/src/H5Dselect.c line 321 in H5D__select_write(): write error
    major: Dataspace
    minor: Write failed
  #004: /scratch/spack_cpu/job_21700923/spack-stage/spack-stage-hdf5-1.10.7-xexa2gll6hf6okdatgrxiwhcjs2uepc7/spack-src/src/H5Dselect.c line 230 in H5D__select_io(): write error
    major: Dataspace
    minor: Write failed
  #005: /scratch/spack_cpu/job_21700923/spack-stage/spack-stage-hdf5-1.10.7-xexa2gll6hf6okdatgrxiwhcjs2uepc7/spack-src/src/H5Dcontig.c line 1281 in H5D__contig_writevv(): can't perform vectorized sieve buffer write
    major: Dataset
    minor: Can't operate on object
  #006: /scratch/spack_cpu/job_21700923/spack-stage/spack-stage-hdf5-1.10.7-xexa2gll6hf6okdatgrxiwhcjs2uepc7/spack-src/src/H5VM.c line 1464 in H5VM_opvv(): can't perform operation
    major: Internal error (too specific to document in detail)
    minor: Can't operate on object
  #007: /scratch/spack_cpu/job_21700923/spack-stage/spack-stage-hdf5-1.10.7-xexa2gll6hf6okdatgrxiwhcjs2uepc7/spack-src/src/H5Dcontig.c line 1029 in H5D__contig_writevv_sieve_cb(): block write failed
    major: Dataset
    minor: Write failed
  #008: /scratch/spack_cpu/job_21700923/spack-stage/spack-stage-hdf5-1.10.7-xexa2gll6hf6okdatgrxiwhcjs2uepc7/spack-src/src/H5Fio.c line 161 in H5F_block_write(): write through page buffer failed
    major: Low-level I/O
    minor: Write failed
  #009: /scratch/spack_cpu/job_21700923/spack-stage/spack-stage-hdf5-1.10.7-xexa2gll6hf6okdatgrxiwhcjs2uepc7/spack-src/src/H5PB.c line 1032 in H5PB_write(): write through metadata accumulator failed
    major: Page Buffering
    minor: Write failed
  #010: /scratch/spack_cpu/job_21700923/spack-stage/spack-stage-hdf5-1.10.7-xexa2gll6hf6okdatgrxiwhcjs2uepc7/spack-src/src/H5Faccum.c line 824 in H5F__accum_write(): file write failed
    major: Low-level I/O
    minor: Write failed
  #011: /scratch/spack_cpu/job_21700923/spack-stage/spack-stage-hdf5-1.10.7-xexa2gll6hf6okdatgrxiwhcjs2uepc7/spack-src/src/H5FDint.c line 249 in H5FD_write(): driver write request failed
    major: Virtual File Layer
    minor: Write failed
  #012: /scratch/spack_cpu/job_21700923/spack-stage/spack-stage-hdf5-1.10.7-xexa2gll6hf6okdatgrxiwhcjs2uepc7/spack-src/src/H5FDsec2.c line 856 in H5FD__sec2_write(): file write failed: time = Wed Nov 19 08:32:27 2025
, filename = 'checkpoint.h5', file descriptor = 5, errno = 14, error message = 'Bad address', buf = 0x1555537c4000, total write size = 15969552, bytes this sub-write = 15969552, bytes actually written = 18446744073709551615, offset = 0
    major: Low-level I/O
    minor: Write failed
HDF5-DIAG: Error detected in HDF5 (1.10.7) thread 0:
  #000: /scratch/spack_cpu/job_21700923/spack-stage/spack-stage-hdf5-1.10.7-xexa2gll6hf6okdatgrxiwhcjs2uepc7/spack-src/src/H5Dio.c line 335 in H5Dwrite(): can't write data
    major: Dataset
    minor: Write failed
  #001: /scratch/spack_cpu/job_21700923/spack-stage/spack-stage-hdf5-1.10.7-xexa2gll6hf6okdatgrxiwhcjs2uepc7/spack-src/src/H5Dio.c line 813 in H5D__write(): can't write data
    major: Dataset
    minor: Write failed
  #002: /scratch/spack_cpu/job_21700923/spack-stage/spack-stage-hdf5-1.10.7-xexa2gll6hf6okdatgrxiwhcjs2uepc7/spack-src/src/H5Dcontig.c line 659 in H5D__contig_write(): contiguous write failed
    major: Dataset
    minor: Write failed
  #003: /scratch/spack_cpu/job_21700923/spack-stage/spack-stage-hdf5-1.10.7-xexa2gll6hf6okdatgrxiwhcjs2uepc7/spack-src/src/H5Dselect.c line 321 in H5D__select_write(): write error
    major: Dataspace
    minor: Write failed
  #004: /scratch/spack_cpu/job_21700923/spack-stage/spack-stage-hdf5-1.10.7-xexa2gll6hf6okdatgrxiwhcjs2uepc7/spack-src/src/H5Dselect.c line 230 in H5D__select_io(): write error
    major: Dataspace
    minor: Write failed
  #005: /scratch/spack_cpu/job_21700923/spack-stage/spack-stage-hdf5-1.10.7-xexa2gll6hf6okdatgrxiwhcjs2uepc7/spack-src/src/H5Dcontig.c line 1281 in H5D__contig_writevv(): can't perform vectorized sieve buffer write
    major: Dataset
    minor: Can't operate on object
  #006: /scratch/spack_cpu/job_21700923/spack-stage/spack-stage-hdf5-1.10.7-xexa2gll6hf6okdatgrxiwhcjs2uepc7/spack-src/src/H5VM.c line 1464 in H5VM_opvv(): can't perform operation
    major: Internal error (too specific to document in detail)
    minor: Can't operate on object
  #007: /scratch/spack_cpu/job_21700923/spack-stage/spack-stage-hdf5-1.10.7-xexa2gll6hf6okdatgrxiwhcjs2uepc7/spack-src/src/H5Dcontig.c line 1029 in H5D__contig_writevv_sieve_cb(): block write failed
    major: Dataset
    minor: Write failed
  #008: /scratch/spack_cpu/job_21700923/spack-stage/spack-stage-hdf5-1.10.7-xexa2gll6hf6okdatgrxiwhcjs2uepc7/spack-src/src/H5Fio.c line 161 in H5F_block_write(): write through page buffer failed
    major: Low-level I/O
    minor: Write failed
  #009: /scratch/spack_cpu/job_21700923/spack-stage/spack-stage-hdf5-1.10.7-xexa2gll6hf6okdatgrxiwhcjs2uepc7/spack-src/src/H5PB.c line 1032 in H5PB_write(): write through metadata accumulator failed
    major: Page Buffering
    minor: Write failed
  #010: /scratch/spack_cpu/job_21700923/spack-stage/spack-stage-hdf5-1.10.7-xexa2gll6hf6okdatgrxiwhcjs2uepc7/spack-src/src/H5Faccum.c line 824 in H5F__accum_write(): file write failed
    major: Low-level I/O
    minor: Write failed
  #011: /scratch/spack_cpu/job_21700923/spack-stage/spack-stage-hdf5-1.10.7-xexa2gll6hf6okdatgrxiwhcjs2uepc7/spack-src/src/H5FDint.c line 249 in H5FD_write(): driver write request failed
    major: Virtual File Layer
    minor: Write failed
  #012: /scratch/spack_cpu/job_21700923/spack-stage/spack-stage-hdf5-1.10.7-xexa2gll6hf6okdatgrxiwhcjs2uepc7/spack-src/src/H5FDsec2.c line 856 in H5FD__sec2_write(): file write failed: time = Wed Nov 19 08:32:50 2025
, filename = 'checkpoint.h5', file descriptor = 5, errno = 14, error message = 'Bad address', buf = 0x1555537c4000, total write size = 15969552, bytes this sub-write = 15969552, bytes actually written = 18446744073709551615, offset = 0
    major: Low-level I/O
    minor: Write failed
HDF5-DIAG: Error detected in HDF5 (1.10.7) thread 0:
  #000: /scratch/spack_cpu/job_21700923/spack-stage/spack-stage-hdf5-1.10.7-xexa2gll6hf6okdatgrxiwhcjs2uepc7/spack-src/src/H5Dio.c line 335 in H5Dwrite(): can't write data
    major: Dataset
    minor: Write failed
  #001: /scratch/spack_cpu/job_21700923/spack-stage/spack-stage-hdf5-1.10.7-xexa2gll6hf6okdatgrxiwhcjs2uepc7/spack-src/src/H5Dio.c line 813 in H5D__write(): can't write data
    major: Dataset
    minor: Write failed
  #002: /scratch/spack_cpu/job_21700923/spack-stage/spack-stage-hdf5-1.10.7-xexa2gll6hf6okdatgrxiwhcjs2uepc7/spack-src/src/H5Dcontig.c line 659 in H5D__contig_write(): contiguous write failed
    major: Dataset
    minor: Write failed
  #003: /scratch/spack_cpu/job_21700923/spack-stage/spack-stage-hdf5-1.10.7-xexa2gll6hf6okdatgrxiwhcjs2uepc7/spack-src/src/H5Dselect.c line 321 in H5D__select_write(): write error
    major: Dataspace
    minor: Write failed
  #004: /scratch/spack_cpu/job_21700923/spack-stage/spack-stage-hdf5-1.10.7-xexa2gll6hf6okdatgrxiwhcjs2uepc7/spack-src/src/H5Dselect.c line 230 in H5D__select_io(): write error
    major: Dataspace
    minor: Write failed
  #005: /scratch/spack_cpu/job_21700923/spack-stage/spack-stage-hdf5-1.10.7-xexa2gll6hf6okdatgrxiwhcjs2uepc7/spack-src/src/H5Dcontig.c line 1281 in H5D__contig_writevv(): can't perform vectorized sieve buffer write
    major: Dataset
    minor: Can't operate on object
  #006: /scratch/spack_cpu/job_21700923/spack-stage/spack-stage-hdf5-1.10.7-xexa2gll6hf6okdatgrxiwhcjs2uepc7/spack-src/src/H5VM.c line 1464 in H5VM_opvv(): can't perform operation
    major: Internal error (too specific to document in detail)
    minor: Can't operate on object
  #007: /scratch/spack_cpu/job_21700923/spack-stage/spack-stage-hdf5-1.10.7-xexa2gll6hf6okdatgrxiwhcjs2uepc7/spack-src/src/H5Dcontig.c line 1029 in H5D__contig_writevv_sieve_cb(): block write failed
    major: Dataset
    minor: Write failed
  #008: /scratch/spack_cpu/job_21700923/spack-stage/spack-stage-hdf5-1.10.7-xexa2gll6hf6okdatgrxiwhcjs2uepc7/spack-src/src/H5Fio.c line 161 in H5F_block_write(): write through page buffer failed
    major: Low-level I/O
    minor: Write failed
  #009: /scratch/spack_cpu/job_21700923/spack-stage/spack-stage-hdf5-1.10.7-xexa2gll6hf6okdatgrxiwhcjs2uepc7/spack-src/src/H5PB.c line 1032 in H5PB_write(): write through metadata accumulator failed
    major: Page Buffering
    minor: Write failed
  #010: /scratch/spack_cpu/job_21700923/spack-stage/spack-stage-hdf5-1.10.7-xexa2gll6hf6okdatgrxiwhcjs2uepc7/spack-src/src/H5Faccum.c line 824 in H5F__accum_write(): file write failed
    major: Low-level I/O
    minor: Write failed
  #011: /scratch/spack_cpu/job_21700923/spack-stage/spack-stage-hdf5-1.10.7-xexa2gll6hf6okdatgrxiwhcjs2uepc7/spack-src/src/H5FDint.c line 249 in H5FD_write(): driver write request failed
    major: Virtual File Layer
    minor: Write failed
  #012: /scratch/spack_cpu/job_21700923/spack-stage/spack-stage-hdf5-1.10.7-xexa2gll6hf6okdatgrxiwhcjs2uepc7/spack-src/src/H5FDsec2.c line 856 in H5FD__sec2_write(): file write failed: time = Wed Nov 19 08:32:59 2025
, filename = 'checkpoint.h5', file descriptor = 5, errno = 14, error message = 'Bad address', buf = 0x1555537c4000, total write size = 15969552, bytes this sub-write = 15969552, bytes actually written = 18446744073709551615, offset = 0
    major: Low-level I/O
    minor: Write failed
HDF5-DIAG: Error detected in HDF5 (1.10.7) thread 0:
  #000: /scratch/spack_cpu/job_21700923/spack-stage/spack-stage-hdf5-1.10.7-xexa2gll6hf6okdatgrxiwhcjs2uepc7/spack-src/src/H5Dio.c line 335 in H5Dwrite(): can't write data
    major: Dataset
    minor: Write failed
  #001: /scratch/spack_cpu/job_21700923/spack-stage/spack-stage-hdf5-1.10.7-xexa2gll6hf6okdatgrxiwhcjs2uepc7/spack-src/src/H5Dio.c line 813 in H5D__write(): can't write data
    major: Dataset
    minor: Write failed
  #002: /scratch/spack_cpu/job_21700923/spack-stage/spack-stage-hdf5-1.10.7-xexa2gll6hf6okdatgrxiwhcjs2uepc7/spack-src/src/H5Dcontig.c line 659 in H5D__contig_write(): contiguous write failed
    major: Dataset
    minor: Write failed
  #003: /scratch/spack_cpu/job_21700923/spack-stage/spack-stage-hdf5-1.10.7-xexa2gll6hf6okdatgrxiwhcjs2uepc7/spack-src/src/H5Dselect.c line 321 in H5D__select_write(): write error
    major: Dataspace
    minor: Write failed
  #004: /scratch/spack_cpu/job_21700923/spack-stage/spack-stage-hdf5-1.10.7-xexa2gll6hf6okdatgrxiwhcjs2uepc7/spack-src/src/H5Dselect.c line 230 in H5D__select_io(): write error
    major: Dataspace
    minor: Write failed
  #005: /scratch/spack_cpu/job_21700923/spack-stage/spack-stage-hdf5-1.10.7-xexa2gll6hf6okdatgrxiwhcjs2uepc7/spack-src/src/H5Dcontig.c line 1281 in H5D__contig_writevv(): can't perform vectorized sieve buffer write
    major: Dataset
    minor: Can't operate on object
  #006: /scratch/spack_cpu/job_21700923/spack-stage/spack-stage-hdf5-1.10.7-xexa2gll6hf6okdatgrxiwhcjs2uepc7/spack-src/src/H5VM.c line 1464 in H5VM_opvv(): can't perform operation
    major: Internal error (too specific to document in detail)
    minor: Can't operate on object
  #007: /scratch/spack_cpu/job_21700923/spack-stage/spack-stage-hdf5-1.10.7-xexa2gll6hf6okdatgrxiwhcjs2uepc7/spack-src/src/H5Dcontig.c line 1029 in H5D__contig_writevv_sieve_cb(): block write failed
    major: Dataset
    minor: Write failed
  #008: /scratch/spack_cpu/job_21700923/spack-stage/spack-stage-hdf5-1.10.7-xexa2gll6hf6okdatgrxiwhcjs2uepc7/spack-src/src/H5Fio.c line 161 in H5F_block_write(): write through page buffer failed
    major: Low-level I/O
    minor: Write failed
  #009: /scratch/spack_cpu/job_21700923/spack-stage/spack-stage-hdf5-1.10.7-xexa2gll6hf6okdatgrxiwhcjs2uepc7/spack-src/src/H5PB.c line 1032 in H5PB_write(): write through metadata accumulator failed
    major: Page Buffering
    minor: Write failed
  #010: /scratch/spack_cpu/job_21700923/spack-stage/spack-stage-hdf5-1.10.7-xexa2gll6hf6okdatgrxiwhcjs2uepc7/spack-src/src/H5Faccum.c line 824 in H5F__accum_write(): file write failed
    major: Low-level I/O
    minor: Write failed
  #011: /scratch/spack_cpu/job_21700923/spack-stage/spack-stage-hdf5-1.10.7-xexa2gll6hf6okdatgrxiwhcjs2uepc7/spack-src/src/H5FDint.c line 249 in H5FD_write(): driver write request failed
    major: Virtual File Layer
    minor: Write failed
  #012: /scratch/spack_cpu/job_21700923/spack-stage/spack-stage-hdf5-1.10.7-xexa2gll6hf6okdatgrxiwhcjs2uepc7/spack-src/src/H5FDsec2.c line 856 in H5FD__sec2_write(): file write failed: time = Wed Nov 19 08:33:06 2025
, filename = 'checkpoint.h5', file descriptor = 5, errno = 14, error message = 'Bad address', buf = 0x1555537c4000, total write size = 15969552, bytes this sub-write = 15969552, bytes actually written = 18446744073709551615, offset = 0
    major: Low-level I/O
    minor: Write failed
HDF5-DIAG: Error detected in HDF5 (1.10.7) thread 0:
  #000: /scratch/spack_cpu/job_21700923/spack-stage/spack-stage-hdf5-1.10.7-xexa2gll6hf6okdatgrxiwhcjs2uepc7/spack-src/src/H5Dio.c line 335 in H5Dwrite(): can't write data
    major: Dataset
    minor: Write failed
  #001: /scratch/spack_cpu/job_21700923/spack-stage/spack-stage-hdf5-1.10.7-xexa2gll6hf6okdatgrxiwhcjs2uepc7/spack-src/src/H5Dio.c line 813 in H5D__write(): can't write data
    major: Dataset
    minor: Write failed
  #002: /scratch/spack_cpu/job_21700923/spack-stage/spack-stage-hdf5-1.10.7-xexa2gll6hf6okdatgrxiwhcjs2uepc7/spack-src/src/H5Dcontig.c line 659 in H5D__contig_write(): contiguous write failed
    major: Dataset
    minor: Write failed
  #003: /scratch/spack_cpu/job_21700923/spack-stage/spack-stage-hdf5-1.10.7-xexa2gll6hf6okdatgrxiwhcjs2uepc7/spack-src/src/H5Dselect.c line 321 in H5D__select_write(): write error
    major: Dataspace
    minor: Write failed
  #004: /scratch/spack_cpu/job_21700923/spack-stage/spack-stage-hdf5-1.10.7-xexa2gll6hf6okdatgrxiwhcjs2uepc7/spack-src/src/H5Dselect.c line 230 in H5D__select_io(): write error
    major: Dataspace
    minor: Write failed
  #005: /scratch/spack_cpu/job_21700923/spack-stage/spack-stage-hdf5-1.10.7-xexa2gll6hf6okdatgrxiwhcjs2uepc7/spack-src/src/H5Dcontig.c line 1281 in H5D__contig_writevv(): can't perform vectorized sieve buffer write
    major: Dataset
    minor: Can't operate on object
  #006: /scratch/spack_cpu/job_21700923/spack-stage/spack-stage-hdf5-1.10.7-xexa2gll6hf6okdatgrxiwhcjs2uepc7/spack-src/src/H5VM.c line 1464 in H5VM_opvv(): can't perform operation
    major: Internal error (too specific to document in detail)
    minor: Can't operate on object
  #007: /scratch/spack_cpu/job_21700923/spack-stage/spack-stage-hdf5-1.10.7-xexa2gll6hf6okdatgrxiwhcjs2uepc7/spack-src/src/H5Dcontig.c line 1029 in H5D__contig_writevv_sieve_cb(): block write failed
    major: Dataset
    minor: Write failed
  #008: /scratch/spack_cpu/job_21700923/spack-stage/spack-stage-hdf5-1.10.7-xexa2gll6hf6okdatgrxiwhcjs2uepc7/spack-src/src/H5Fio.c line 161 in H5F_block_write(): write through page buffer failed
    major: Low-level I/O
    minor: Write failed
  #009: /scratch/spack_cpu/job_21700923/spack-stage/spack-stage-hdf5-1.10.7-xexa2gll6hf6okdatgrxiwhcjs2uepc7/spack-src/src/H5PB.c line 1032 in H5PB_write(): write through metadata accumulator failed
    major: Page Buffering
    minor: Write failed
  #010: /scratch/spack_cpu/job_21700923/spack-stage/spack-stage-hdf5-1.10.7-xexa2gll6hf6okdatgrxiwhcjs2uepc7/spack-src/src/H5Faccum.c line 824 in H5F__accum_write(): file write failed
    major: Low-level I/O
    minor: Write failed
  #011: /scratch/spack_cpu/job_21700923/spack-stage/spack-stage-hdf5-1.10.7-xexa2gll6hf6okdatgrxiwhcjs2uepc7/spack-src/src/H5FDint.c line 249 in H5FD_write(): driver write request failed
    major: Virtual File Layer
    minor: Write failed
  #012: /scratch/spack_cpu/job_21700923/spack-stage/spack-stage-hdf5-1.10.7-xexa2gll6hf6okdatgrxiwhcjs2uepc7/spack-src/src/H5FDsec2.c line 856 in H5FD__sec2_write(): file write failed: time = Wed Nov 19 08:33:14 2025
, filename = 'checkpoint.h5', file descriptor = 5, errno = 14, error message = 'Bad address', buf = 0x1555537c4000, total write size = 15969552, bytes this sub-write = 15969552, bytes actually written = 18446744073709551615, offset = 0
    major: Low-level I/O
    minor: Write failed
HDF5-DIAG: Error detected in HDF5 (1.10.7) thread 0:
  #000: /scratch/spack_cpu/job_21700923/spack-stage/spack-stage-hdf5-1.10.7-xexa2gll6hf6okdatgrxiwhcjs2uepc7/spack-src/src/H5Dio.c line 335 in H5Dwrite(): can't write data
    major: Dataset
    minor: Write failed
  #001: /scratch/spack_cpu/job_21700923/spack-stage/spack-stage-hdf5-1.10.7-xexa2gll6hf6okdatgrxiwhcjs2uepc7/spack-src/src/H5Dio.c line 813 in H5D__write(): can't write data
    major: Dataset
    minor: Write failed
  #002: /scratch/spack_cpu/job_21700923/spack-stage/spack-stage-hdf5-1.10.7-xexa2gll6hf6okdatgrxiwhcjs2uepc7/spack-src/src/H5Dcontig.c line 659 in H5D__contig_write(): contiguous write failed
    major: Dataset
    minor: Write failed
  #003: /scratch/spack_cpu/job_21700923/spack-stage/spack-stage-hdf5-1.10.7-xexa2gll6hf6okdatgrxiwhcjs2uepc7/spack-src/src/H5Dselect.c line 321 in H5D__select_write(): write error
    major: Dataspace
    minor: Write failed
  #004: /scratch/spack_cpu/job_21700923/spack-stage/spack-stage-hdf5-1.10.7-xexa2gll6hf6okdatgrxiwhcjs2uepc7/spack-src/src/H5Dselect.c line 230 in H5D__select_io(): write error
    major: Dataspace
    minor: Write failed
  #005: /scratch/spack_cpu/job_21700923/spack-stage/spack-stage-hdf5-1.10.7-xexa2gll6hf6okdatgrxiwhcjs2uepc7/spack-src/src/H5Dcontig.c line 1281 in H5D__contig_writevv(): can't perform vectorized sieve buffer write
    major: Dataset
    minor: Can't operate on object
  #006: /scratch/spack_cpu/job_21700923/spack-stage/spack-stage-hdf5-1.10.7-xexa2gll6hf6okdatgrxiwhcjs2uepc7/spack-src/src/H5VM.c line 1464 in H5VM_opvv(): can't perform operation
    major: Internal error (too specific to document in detail)
    minor: Can't operate on object
  #007: /scratch/spack_cpu/job_21700923/spack-stage/spack-stage-hdf5-1.10.7-xexa2gll6hf6okdatgrxiwhcjs2uepc7/spack-src/src/H5Dcontig.c line 1029 in H5D__contig_writevv_sieve_cb(): block write failed
    major: Dataset
    minor: Write failed
  #008: /scratch/spack_cpu/job_21700923/spack-stage/spack-stage-hdf5-1.10.7-xexa2gll6hf6okdatgrxiwhcjs2uepc7/spack-src/src/H5Fio.c line 161 in H5F_block_write(): write through page buffer failed
    major: Low-level I/O
    minor: Write failed
  #009: /scratch/spack_cpu/job_21700923/spack-stage/spack-stage-hdf5-1.10.7-xexa2gll6hf6okdatgrxiwhcjs2uepc7/spack-src/src/H5PB.c line 1032 in H5PB_write(): write through metadata accumulator failed
    major: Page Buffering
    minor: Write failed
  #010: /scratch/spack_cpu/job_21700923/spack-stage/spack-stage-hdf5-1.10.7-xexa2gll6hf6okdatgrxiwhcjs2uepc7/spack-src/src/H5Faccum.c line 824 in H5F__accum_write(): file write failed
    major: Low-level I/O
    minor: Write failed
  #011: /scratch/spack_cpu/job_21700923/spack-stage/spack-stage-hdf5-1.10.7-xexa2gll6hf6okdatgrxiwhcjs2uepc7/spack-src/src/H5FDint.c line 249 in H5FD_write(): driver write request failed
    major: Virtual File Layer
    minor: Write failed
  #012: /scratch/spack_cpu/job_21700923/spack-stage/spack-stage-hdf5-1.10.7-xexa2gll6hf6okdatgrxiwhcjs2uepc7/spack-src/src/H5FDsec2.c line 856 in H5FD__sec2_write(): file write failed: time = Wed Nov 19 08:33:21 2025
, filename = 'checkpoint.h5', file descriptor = 5, errno = 14, error message = 'Bad address', buf = 0x1555537c4000, total write size = 15969552, bytes this sub-write = 15969552, bytes actually written = 18446744073709551615, offset = 0
    major: Low-level I/O
    minor: Write failed
HDF5-DIAG: Error detected in HDF5 (1.10.7) thread 0:
  #000: /scratch/spack_cpu/job_21700923/spack-stage/spack-stage-hdf5-1.10.7-xexa2gll6hf6okdatgrxiwhcjs2uepc7/spack-src/src/H5Dio.c line 335 in H5Dwrite(): can't write data
    major: Dataset
    minor: Write failed
  #001: /scratch/spack_cpu/job_21700923/spack-stage/spack-stage-hdf5-1.10.7-xexa2gll6hf6okdatgrxiwhcjs2uepc7/spack-src/src/H5Dio.c line 813 in H5D__write(): can't write data
    major: Dataset
    minor: Write failed
  #002: /scratch/spack_cpu/job_21700923/spack-stage/spack-stage-hdf5-1.10.7-xexa2gll6hf6okdatgrxiwhcjs2uepc7/spack-src/src/H5Dcontig.c line 659 in H5D__contig_write(): contiguous write failed
    major: Dataset
    minor: Write failed
  #003: /scratch/spack_cpu/job_21700923/spack-stage/spack-stage-hdf5-1.10.7-xexa2gll6hf6okdatgrxiwhcjs2uepc7/spack-src/src/H5Dselect.c line 321 in H5D__select_write(): write error
    major: Dataspace
    minor: Write failed
  #004: /scratch/spack_cpu/job_21700923/spack-stage/spack-stage-hdf5-1.10.7-xexa2gll6hf6okdatgrxiwhcjs2uepc7/spack-src/src/H5Dselect.c line 230 in H5D__select_io(): write error
    major: Dataspace
    minor: Write failed
  #005: /scratch/spack_cpu/job_21700923/spack-stage/spack-stage-hdf5-1.10.7-xexa2gll6hf6okdatgrxiwhcjs2uepc7/spack-src/src/H5Dcontig.c line 1281 in H5D__contig_writevv(): can't perform vectorized sieve buffer write
    major: Dataset
    minor: Can't operate on object
  #006: /scratch/spack_cpu/job_21700923/spack-stage/spack-stage-hdf5-1.10.7-xexa2gll6hf6okdatgrxiwhcjs2uepc7/spack-src/src/H5VM.c line 1464 in H5VM_opvv(): can't perform operation
    major: Internal error (too specific to document in detail)
    minor: Can't operate on object
  #007: /scratch/spack_cpu/job_21700923/spack-stage/spack-stage-hdf5-1.10.7-xexa2gll6hf6okdatgrxiwhcjs2uepc7/spack-src/src/H5Dcontig.c line 1029 in H5D__contig_writevv_sieve_cb(): block write failed
    major: Dataset
    minor: Write failed
  #008: /scratch/spack_cpu/job_21700923/spack-stage/spack-stage-hdf5-1.10.7-xexa2gll6hf6okdatgrxiwhcjs2uepc7/spack-src/src/H5Fio.c line 161 in H5F_block_write(): write through page buffer failed
    major: Low-level I/O
    minor: Write failed
  #009: /scratch/spack_cpu/job_21700923/spack-stage/spack-stage-hdf5-1.10.7-xexa2gll6hf6okdatgrxiwhcjs2uepc7/spack-src/src/H5PB.c line 1032 in H5PB_write(): write through metadata accumulator failed
    major: Page Buffering
    minor: Write failed
  #010: /scratch/spack_cpu/job_21700923/spack-stage/spack-stage-hdf5-1.10.7-xexa2gll6hf6okdatgrxiwhcjs2uepc7/spack-src/src/H5Faccum.c line 824 in H5F__accum_write(): file write failed
    major: Low-level I/O
    minor: Write failed
  #011: /scratch/spack_cpu/job_21700923/spack-stage/spack-stage-hdf5-1.10.7-xexa2gll6hf6okdatgrxiwhcjs2uepc7/spack-src/src/H5FDint.c line 249 in H5FD_write(): driver write request failed
    major: Virtual File Layer
    minor: Write failed
  #012: /scratch/spack_cpu/job_21700923/spack-stage/spack-stage-hdf5-1.10.7-xexa2gll6hf6okdatgrxiwhcjs2uepc7/spack-src/src/H5FDsec2.c line 856 in H5FD__sec2_write(): file write failed: time = Wed Nov 19 08:33:29 2025
, filename = 'checkpoint.h5', file descriptor = 5, errno = 14, error message = 'Bad address', buf = 0x1555537c4000, total write size = 15969552, bytes this sub-write = 15969552, bytes actually written = 18446744073709551615, offset = 0
    major: Low-level I/O
    minor: Write failed
HDF5-DIAG: Error detected in HDF5 (1.10.7) thread 0:
  #000: /scratch/spack_cpu/job_21700923/spack-stage/spack-stage-hdf5-1.10.7-xexa2gll6hf6okdatgrxiwhcjs2uepc7/spack-src/src/H5Dio.c line 335 in H5Dwrite(): can't write data
    major: Dataset
    minor: Write failed
  #001: /scratch/spack_cpu/job_21700923/spack-stage/spack-stage-hdf5-1.10.7-xexa2gll6hf6okdatgrxiwhcjs2uepc7/spack-src/src/H5Dio.c line 813 in H5D__write(): can't write data
    major: Dataset
    minor: Write failed
  #002: /scratch/spack_cpu/job_21700923/spack-stage/spack-stage-hdf5-1.10.7-xexa2gll6hf6okdatgrxiwhcjs2uepc7/spack-src/src/H5Dcontig.c line 659 in H5D__contig_write(): contiguous write failed
    major: Dataset
    minor: Write failed
  #003: /scratch/spack_cpu/job_21700923/spack-stage/spack-stage-hdf5-1.10.7-xexa2gll6hf6okdatgrxiwhcjs2uepc7/spack-src/src/H5Dselect.c line 321 in H5D__select_write(): write error
    major: Dataspace
    minor: Write failed
  #004: /scratch/spack_cpu/job_21700923/spack-stage/spack-stage-hdf5-1.10.7-xexa2gll6hf6okdatgrxiwhcjs2uepc7/spack-src/src/H5Dselect.c line 230 in H5D__select_io(): write error
    major: Dataspace
    minor: Write failed
  #005: /scratch/spack_cpu/job_21700923/spack-stage/spack-stage-hdf5-1.10.7-xexa2gll6hf6okdatgrxiwhcjs2uepc7/spack-src/src/H5Dcontig.c line 1281 in H5D__contig_writevv(): can't perform vectorized sieve buffer write
    major: Dataset
    minor: Can't operate on object
  #006: /scratch/spack_cpu/job_21700923/spack-stage/spack-stage-hdf5-1.10.7-xexa2gll6hf6okdatgrxiwhcjs2uepc7/spack-src/src/H5VM.c line 1464 in H5VM_opvv(): can't perform operation
    major: Internal error (too specific to document in detail)
    minor: Can't operate on object
  #007: /scratch/spack_cpu/job_21700923/spack-stage/spack-stage-hdf5-1.10.7-xexa2gll6hf6okdatgrxiwhcjs2uepc7/spack-src/src/H5Dcontig.c line 1029 in H5D__contig_writevv_sieve_cb(): block write failed
    major: Dataset
    minor: Write failed
  #008: /scratch/spack_cpu/job_21700923/spack-stage/spack-stage-hdf5-1.10.7-xexa2gll6hf6okdatgrxiwhcjs2uepc7/spack-src/src/H5Fio.c line 161 in H5F_block_write(): write through page buffer failed
    major: Low-level I/O
    minor: Write failed
  #009: /scratch/spack_cpu/job_21700923/spack-stage/spack-stage-hdf5-1.10.7-xexa2gll6hf6okdatgrxiwhcjs2uepc7/spack-src/src/H5PB.c line 1032 in H5PB_write(): write through metadata accumulator failed
    major: Page Buffering
    minor: Write failed
  #010: /scratch/spack_cpu/job_21700923/spack-stage/spack-stage-hdf5-1.10.7-xexa2gll6hf6okdatgrxiwhcjs2uepc7/spack-src/src/H5Faccum.c line 824 in H5F__accum_write(): file write failed
    major: Low-level I/O
    minor: Write failed
  #011: /scratch/spack_cpu/job_21700923/spack-stage/spack-stage-hdf5-1.10.7-xexa2gll6hf6okdatgrxiwhcjs2uepc7/spack-src/src/H5FDint.c line 249 in H5FD_write(): driver write request failed
    major: Virtual File Layer
    minor: Write failed
  #012: /scratch/spack_cpu/job_21700923/spack-stage/spack-stage-hdf5-1.10.7-xexa2gll6hf6okdatgrxiwhcjs2uepc7/spack-src/src/H5FDsec2.c line 856 in H5FD__sec2_write(): file write failed: time = Wed Nov 19 08:33:37 2025
, filename = 'checkpoint.h5', file descriptor = 5, errno = 14, error message = 'Bad address', buf = 0x1555537c4000, total write size = 15969552, bytes this sub-write = 15969552, bytes actually written = 18446744073709551615, offset = 0
    major: Low-level I/O
    minor: Write failed
HDF5-DIAG: Error detected in HDF5 (1.10.7) thread 0:
  #000: /scratch/spack_cpu/job_21700923/spack-stage/spack-stage-hdf5-1.10.7-xexa2gll6hf6okdatgrxiwhcjs2uepc7/spack-src/src/H5Dio.c line 335 in H5Dwrite(): can't write data
    major: Dataset
    minor: Write failed
  #001: /scratch/spack_cpu/job_21700923/spack-stage/spack-stage-hdf5-1.10.7-xexa2gll6hf6okdatgrxiwhcjs2uepc7/spack-src/src/H5Dio.c line 813 in H5D__write(): can't write data
    major: Dataset
    minor: Write failed
  #002: /scratch/spack_cpu/job_21700923/spack-stage/spack-stage-hdf5-1.10.7-xexa2gll6hf6okdatgrxiwhcjs2uepc7/spack-src/src/H5Dcontig.c line 659 in H5D__contig_write(): contiguous write failed
    major: Dataset
    minor: Write failed
  #003: /scratch/spack_cpu/job_21700923/spack-stage/spack-stage-hdf5-1.10.7-xexa2gll6hf6okdatgrxiwhcjs2uepc7/spack-src/src/H5Dselect.c line 321 in H5D__select_write(): write error
    major: Dataspace
    minor: Write failed
  #004: /scratch/spack_cpu/job_21700923/spack-stage/spack-stage-hdf5-1.10.7-xexa2gll6hf6okdatgrxiwhcjs2uepc7/spack-src/src/H5Dselect.c line 230 in H5D__select_io(): write error
    major: Dataspace
    minor: Write failed
  #005: /scratch/spack_cpu/job_21700923/spack-stage/spack-stage-hdf5-1.10.7-xexa2gll6hf6okdatgrxiwhcjs2uepc7/spack-src/src/H5Dcontig.c line 1281 in H5D__contig_writevv(): can't perform vectorized sieve buffer write
    major: Dataset
    minor: Can't operate on object
  #006: /scratch/spack_cpu/job_21700923/spack-stage/spack-stage-hdf5-1.10.7-xexa2gll6hf6okdatgrxiwhcjs2uepc7/spack-src/src/H5VM.c line 1464 in H5VM_opvv(): can't perform operation
    major: Internal error (too specific to document in detail)
    minor: Can't operate on object
  #007: /scratch/spack_cpu/job_21700923/spack-stage/spack-stage-hdf5-1.10.7-xexa2gll6hf6okdatgrxiwhcjs2uepc7/spack-src/src/H5Dcontig.c line 1029 in H5D__contig_writevv_sieve_cb(): block write failed
    major: Dataset
    minor: Write failed
  #008: /scratch/spack_cpu/job_21700923/spack-stage/spack-stage-hdf5-1.10.7-xexa2gll6hf6okdatgrxiwhcjs2uepc7/spack-src/src/H5Fio.c line 161 in H5F_block_write(): write through page buffer failed
    major: Low-level I/O
    minor: Write failed
  #009: /scratch/spack_cpu/job_21700923/spack-stage/spack-stage-hdf5-1.10.7-xexa2gll6hf6okdatgrxiwhcjs2uepc7/spack-src/src/H5PB.c line 1032 in H5PB_write(): write through metadata accumulator failed
    major: Page Buffering
    minor: Write failed
  #010: /scratch/spack_cpu/job_21700923/spack-stage/spack-stage-hdf5-1.10.7-xexa2gll6hf6okdatgrxiwhcjs2uepc7/spack-src/src/H5Faccum.c line 824 in H5F__accum_write(): file write failed
    major: Low-level I/O
    minor: Write failed
  #011: /scratch/spack_cpu/job_21700923/spack-stage/spack-stage-hdf5-1.10.7-xexa2gll6hf6okdatgrxiwhcjs2uepc7/spack-src/src/H5FDint.c line 249 in H5FD_write(): driver write request failed
    major: Virtual File Layer
    minor: Write failed
  #012: /scratch/spack_cpu/job_21700923/spack-stage/spack-stage-hdf5-1.10.7-xexa2gll6hf6okdatgrxiwhcjs2uepc7/spack-src/src/H5FDsec2.c line 856 in H5FD__sec2_write(): file write failed: time = Wed Nov 19 08:33:44 2025
, filename = 'checkpoint.h5', file descriptor = 5, errno = 14, error message = 'Bad address', buf = 0x1555537c4000, total write size = 15969552, bytes this sub-write = 15969552, bytes actually written = 18446744073709551615, offset = 0
    major: Low-level I/O
    minor: Write failed
HDF5-DIAG: Error detected in HDF5 (1.10.7) thread 0:
  #000: /scratch/spack_cpu/job_21700923/spack-stage/spack-stage-hdf5-1.10.7-xexa2gll6hf6okdatgrxiwhcjs2uepc7/spack-src/src/H5Dio.c line 335 in H5Dwrite(): can't write data
    major: Dataset
    minor: Write failed
  #001: /scratch/spack_cpu/job_21700923/spack-stage/spack-stage-hdf5-1.10.7-xexa2gll6hf6okdatgrxiwhcjs2uepc7/spack-src/src/H5Dio.c line 813 in H5D__write(): can't write data
    major: Dataset
    minor: Write failed
  #002: /scratch/spack_cpu/job_21700923/spack-stage/spack-stage-hdf5-1.10.7-xexa2gll6hf6okdatgrxiwhcjs2uepc7/spack-src/src/H5Dcontig.c line 659 in H5D__contig_write(): contiguous write failed
    major: Dataset
    minor: Write failed
  #003: /scratch/spack_cpu/job_21700923/spack-stage/spack-stage-hdf5-1.10.7-xexa2gll6hf6okdatgrxiwhcjs2uepc7/spack-src/src/H5Dselect.c line 321 in H5D__select_write(): write error
    major: Dataspace
    minor: Write failed
  #004: /scratch/spack_cpu/job_21700923/spack-stage/spack-stage-hdf5-1.10.7-xexa2gll6hf6okdatgrxiwhcjs2uepc7/spack-src/src/H5Dselect.c line 230 in H5D__select_io(): write error
    major: Dataspace
    minor: Write failed
  #005: /scratch/spack_cpu/job_21700923/spack-stage/spack-stage-hdf5-1.10.7-xexa2gll6hf6okdatgrxiwhcjs2uepc7/spack-src/src/H5Dcontig.c line 1281 in H5D__contig_writevv(): can't perform vectorized sieve buffer write
    major: Dataset
    minor: Can't operate on object
  #006: /scratch/spack_cpu/job_21700923/spack-stage/spack-stage-hdf5-1.10.7-xexa2gll6hf6okdatgrxiwhcjs2uepc7/spack-src/src/H5VM.c line 1464 in H5VM_opvv(): can't perform operation
    major: Internal error (too specific to document in detail)
    minor: Can't operate on object
  #007: /scratch/spack_cpu/job_21700923/spack-stage/spack-stage-hdf5-1.10.7-xexa2gll6hf6okdatgrxiwhcjs2uepc7/spack-src/src/H5Dcontig.c line 1029 in H5D__contig_writevv_sieve_cb(): block write failed
    major: Dataset
    minor: Write failed
  #008: /scratch/spack_cpu/job_21700923/spack-stage/spack-stage-hdf5-1.10.7-xexa2gll6hf6okdatgrxiwhcjs2uepc7/spack-src/src/H5Fio.c line 161 in H5F_block_write(): write through page buffer failed
    major: Low-level I/O
    minor: Write failed
  #009: /scratch/spack_cpu/job_21700923/spack-stage/spack-stage-hdf5-1.10.7-xexa2gll6hf6okdatgrxiwhcjs2uepc7/spack-src/src/H5PB.c line 1032 in H5PB_write(): write through metadata accumulator failed
    major: Page Buffering
    minor: Write failed
  #010: /scratch/spack_cpu/job_21700923/spack-stage/spack-stage-hdf5-1.10.7-xexa2gll6hf6okdatgrxiwhcjs2uepc7/spack-src/src/H5Faccum.c line 824 in H5F__accum_write(): file write failed
    major: Low-level I/O
    minor: Write failed
  #011: /scratch/spack_cpu/job_21700923/spack-stage/spack-stage-hdf5-1.10.7-xexa2gll6hf6okdatgrxiwhcjs2uepc7/spack-src/src/H5FDint.c line 249 in H5FD_write(): driver write request failed
    major: Virtual File Layer
    minor: Write failed
  #012: /scratch/spack_cpu/job_21700923/spack-stage/spack-stage-hdf5-1.10.7-xexa2gll6hf6okdatgrxiwhcjs2uepc7/spack-src/src/H5FDsec2.c line 856 in H5FD__sec2_write(): file write failed: time = Wed Nov 19 08:33:52 2025
, filename = 'checkpoint.h5', file descriptor = 5, errno = 14, error message = 'Bad address', buf = 0x1555537c4000, total write size = 15969552, bytes this sub-write = 15969552, bytes actually written = 18446744073709551615, offset = 0
    major: Low-level I/O
    minor: Write failed
HDF5-DIAG: Error detected in HDF5 (1.10.7) thread 0:
  #000: /scratch/spack_cpu/job_21700923/spack-stage/spack-stage-hdf5-1.10.7-xexa2gll6hf6okdatgrxiwhcjs2uepc7/spack-src/src/H5Dio.c line 335 in H5Dwrite(): can't write data
    major: Dataset
    minor: Write failed
  #001: /scratch/spack_cpu/job_21700923/spack-stage/spack-stage-hdf5-1.10.7-xexa2gll6hf6okdatgrxiwhcjs2uepc7/spack-src/src/H5Dio.c line 813 in H5D__write(): can't write data
    major: Dataset
    minor: Write failed
  #002: /scratch/spack_cpu/job_21700923/spack-stage/spack-stage-hdf5-1.10.7-xexa2gll6hf6okdatgrxiwhcjs2uepc7/spack-src/src/H5Dcontig.c line 659 in H5D__contig_write(): contiguous write failed
    major: Dataset
    minor: Write failed
  #003: /scratch/spack_cpu/job_21700923/spack-stage/spack-stage-hdf5-1.10.7-xexa2gll6hf6okdatgrxiwhcjs2uepc7/spack-src/src/H5Dselect.c line 321 in H5D__select_write(): write error
    major: Dataspace
    minor: Write failed
  #004: /scratch/spack_cpu/job_21700923/spack-stage/spack-stage-hdf5-1.10.7-xexa2gll6hf6okdatgrxiwhcjs2uepc7/spack-src/src/H5Dselect.c line 230 in H5D__select_io(): write error
    major: Dataspace
    minor: Write failed
  #005: /scratch/spack_cpu/job_21700923/spack-stage/spack-stage-hdf5-1.10.7-xexa2gll6hf6okdatgrxiwhcjs2uepc7/spack-src/src/H5Dcontig.c line 1281 in H5D__contig_writevv(): can't perform vectorized sieve buffer write
    major: Dataset
    minor: Can't operate on object
  #006: /scratch/spack_cpu/job_21700923/spack-stage/spack-stage-hdf5-1.10.7-xexa2gll6hf6okdatgrxiwhcjs2uepc7/spack-src/src/H5VM.c line 1464 in H5VM_opvv(): can't perform operation
    major: Internal error (too specific to document in detail)
    minor: Can't operate on object
  #007: /scratch/spack_cpu/job_21700923/spack-stage/spack-stage-hdf5-1.10.7-xexa2gll6hf6okdatgrxiwhcjs2uepc7/spack-src/src/H5Dcontig.c line 1029 in H5D__contig_writevv_sieve_cb(): block write failed
    major: Dataset
    minor: Write failed
  #008: /scratch/spack_cpu/job_21700923/spack-stage/spack-stage-hdf5-1.10.7-xexa2gll6hf6okdatgrxiwhcjs2uepc7/spack-src/src/H5Fio.c line 161 in H5F_block_write(): write through page buffer failed
    major: Low-level I/O
    minor: Write failed
  #009: /scratch/spack_cpu/job_21700923/spack-stage/spack-stage-hdf5-1.10.7-xexa2gll6hf6okdatgrxiwhcjs2uepc7/spack-src/src/H5PB.c line 1032 in H5PB_write(): write through metadata accumulator failed
    major: Page Buffering
    minor: Write failed
  #010: /scratch/spack_cpu/job_21700923/spack-stage/spack-stage-hdf5-1.10.7-xexa2gll6hf6okdatgrxiwhcjs2uepc7/spack-src/src/H5Faccum.c line 824 in H5F__accum_write(): file write failed
    major: Low-level I/O
    minor: Write failed
  #011: /scratch/spack_cpu/job_21700923/spack-stage/spack-stage-hdf5-1.10.7-xexa2gll6hf6okdatgrxiwhcjs2uepc7/spack-src/src/H5FDint.c line 249 in H5FD_write(): driver write request failed
    major: Virtual File Layer
    minor: Write failed
  #012: /scratch/spack_cpu/job_21700923/spack-stage/spack-stage-hdf5-1.10.7-xexa2gll6hf6okdatgrxiwhcjs2uepc7/spack-src/src/H5FDsec2.c line 856 in H5FD__sec2_write(): file write failed: time = Wed Nov 19 08:33:59 2025
, filename = 'checkpoint.h5', file descriptor = 5, errno = 14, error message = 'Bad address', buf = 0x1555537c4000, total write size = 15969552, bytes this sub-write = 15969552, bytes actually written = 18446744073709551615, offset = 0
    major: Low-level I/O
    minor: Write failed
HDF5-DIAG: Error detected in HDF5 (1.10.7) thread 0:
  #000: /scratch/spack_cpu/job_21700923/spack-stage/spack-stage-hdf5-1.10.7-xexa2gll6hf6okdatgrxiwhcjs2uepc7/spack-src/src/H5Dio.c line 335 in H5Dwrite(): can't write data
    major: Dataset
    minor: Write failed
  #001: /scratch/spack_cpu/job_21700923/spack-stage/spack-stage-hdf5-1.10.7-xexa2gll6hf6okdatgrxiwhcjs2uepc7/spack-src/src/H5Dio.c line 813 in H5D__write(): can't write data
    major: Dataset
    minor: Write failed
  #002: /scratch/spack_cpu/job_21700923/spack-stage/spack-stage-hdf5-1.10.7-xexa2gll6hf6okdatgrxiwhcjs2uepc7/spack-src/src/H5Dcontig.c line 659 in H5D__contig_write(): contiguous write failed
    major: Dataset
    minor: Write failed
  #003: /scratch/spack_cpu/job_21700923/spack-stage/spack-stage-hdf5-1.10.7-xexa2gll6hf6okdatgrxiwhcjs2uepc7/spack-src/src/H5Dselect.c line 321 in H5D__select_write(): write error
    major: Dataspace
    minor: Write failed
  #004: /scratch/spack_cpu/job_21700923/spack-stage/spack-stage-hdf5-1.10.7-xexa2gll6hf6okdatgrxiwhcjs2uepc7/spack-src/src/H5Dselect.c line 230 in H5D__select_io(): write error
    major: Dataspace
    minor: Write failed
  #005: /scratch/spack_cpu/job_21700923/spack-stage/spack-stage-hdf5-1.10.7-xexa2gll6hf6okdatgrxiwhcjs2uepc7/spack-src/src/H5Dcontig.c line 1281 in H5D__contig_writevv(): can't perform vectorized sieve buffer write
    major: Dataset
    minor: Can't operate on object
  #006: /scratch/spack_cpu/job_21700923/spack-stage/spack-stage-hdf5-1.10.7-xexa2gll6hf6okdatgrxiwhcjs2uepc7/spack-src/src/H5VM.c line 1464 in H5VM_opvv(): can't perform operation
    major: Internal error (too specific to document in detail)
    minor: Can't operate on object
  #007: /scratch/spack_cpu/job_21700923/spack-stage/spack-stage-hdf5-1.10.7-xexa2gll6hf6okdatgrxiwhcjs2uepc7/spack-src/src/H5Dcontig.c line 1029 in H5D__contig_writevv_sieve_cb(): block write failed
    major: Dataset
    minor: Write failed
  #008: /scratch/spack_cpu/job_21700923/spack-stage/spack-stage-hdf5-1.10.7-xexa2gll6hf6okdatgrxiwhcjs2uepc7/spack-src/src/H5Fio.c line 161 in H5F_block_write(): write through page buffer failed
    major: Low-level I/O
    minor: Write failed
  #009: /scratch/spack_cpu/job_21700923/spack-stage/spack-stage-hdf5-1.10.7-xexa2gll6hf6okdatgrxiwhcjs2uepc7/spack-src/src/H5PB.c line 1032 in H5PB_write(): write through metadata accumulator failed
    major: Page Buffering
    minor: Write failed
  #010: /scratch/spack_cpu/job_21700923/spack-stage/spack-stage-hdf5-1.10.7-xexa2gll6hf6okdatgrxiwhcjs2uepc7/spack-src/src/H5Faccum.c line 824 in H5F__accum_write(): file write failed
    major: Low-level I/O
    minor: Write failed
  #011: /scratch/spack_cpu/job_21700923/spack-stage/spack-stage-hdf5-1.10.7-xexa2gll6hf6okdatgrxiwhcjs2uepc7/spack-src/src/H5FDint.c line 249 in H5FD_write(): driver write request failed
    major: Virtual File Layer
    minor: Write failed
  #012: /scratch/spack_cpu/job_21700923/spack-stage/spack-stage-hdf5-1.10.7-xexa2gll6hf6okdatgrxiwhcjs2uepc7/spack-src/src/H5FDsec2.c line 856 in H5FD__sec2_write(): file write failed: time = Wed Nov 19 08:34:07 2025
, filename = 'checkpoint.h5', file descriptor = 5, errno = 14, error message = 'Bad address', buf = 0x1555537c4000, total write size = 15969552, bytes this sub-write = 15969552, bytes actually written = 18446744073709551615, offset = 0
    major: Low-level I/O
    minor: Write failed
HDF5-DIAG: Error detected in HDF5 (1.10.7) thread 0:
  #000: /scratch/spack_cpu/job_21700923/spack-stage/spack-stage-hdf5-1.10.7-xexa2gll6hf6okdatgrxiwhcjs2uepc7/spack-src/src/H5Dio.c line 335 in H5Dwrite(): can't write data
    major: Dataset
    minor: Write failed
  #001: /scratch/spack_cpu/job_21700923/spack-stage/spack-stage-hdf5-1.10.7-xexa2gll6hf6okdatgrxiwhcjs2uepc7/spack-src/src/H5Dio.c line 813 in H5D__write(): can't write data
    major: Dataset
    minor: Write failed
  #002: /scratch/spack_cpu/job_21700923/spack-stage/spack-stage-hdf5-1.10.7-xexa2gll6hf6okdatgrxiwhcjs2uepc7/spack-src/src/H5Dcontig.c line 659 in H5D__contig_write(): contiguous write failed
    major: Dataset
    minor: Write failed
  #003: /scratch/spack_cpu/job_21700923/spack-stage/spack-stage-hdf5-1.10.7-xexa2gll6hf6okdatgrxiwhcjs2uepc7/spack-src/src/H5Dselect.c line 321 in H5D__select_write(): write error
    major: Dataspace
    minor: Write failed
  #004: /scratch/spack_cpu/job_21700923/spack-stage/spack-stage-hdf5-1.10.7-xexa2gll6hf6okdatgrxiwhcjs2uepc7/spack-src/src/H5Dselect.c line 230 in H5D__select_io(): write error
    major: Dataspace
    minor: Write failed
  #005: /scratch/spack_cpu/job_21700923/spack-stage/spack-stage-hdf5-1.10.7-xexa2gll6hf6okdatgrxiwhcjs2uepc7/spack-src/src/H5Dcontig.c line 1281 in H5D__contig_writevv(): can't perform vectorized sieve buffer write
    major: Dataset
    minor: Can't operate on object
  #006: /scratch/spack_cpu/job_21700923/spack-stage/spack-stage-hdf5-1.10.7-xexa2gll6hf6okdatgrxiwhcjs2uepc7/spack-src/src/H5VM.c line 1464 in H5VM_opvv(): can't perform operation
    major: Internal error (too specific to document in detail)
    minor: Can't operate on object
  #007: /scratch/spack_cpu/job_21700923/spack-stage/spack-stage-hdf5-1.10.7-xexa2gll6hf6okdatgrxiwhcjs2uepc7/spack-src/src/H5Dcontig.c line 1029 in H5D__contig_writevv_sieve_cb(): block write failed
    major: Dataset
    minor: Write failed
  #008: /scratch/spack_cpu/job_21700923/spack-stage/spack-stage-hdf5-1.10.7-xexa2gll6hf6okdatgrxiwhcjs2uepc7/spack-src/src/H5Fio.c line 161 in H5F_block_write(): write through page buffer failed
    major: Low-level I/O
    minor: Write failed
  #009: /scratch/spack_cpu/job_21700923/spack-stage/spack-stage-hdf5-1.10.7-xexa2gll6hf6okdatgrxiwhcjs2uepc7/spack-src/src/H5PB.c line 1032 in H5PB_write(): write through metadata accumulator failed
    major: Page Buffering
    minor: Write failed
  #010: /scratch/spack_cpu/job_21700923/spack-stage/spack-stage-hdf5-1.10.7-xexa2gll6hf6okdatgrxiwhcjs2uepc7/spack-src/src/H5Faccum.c line 824 in H5F__accum_write(): file write failed
    major: Low-level I/O
    minor: Write failed
  #011: /scratch/spack_cpu/job_21700923/spack-stage/spack-stage-hdf5-1.10.7-xexa2gll6hf6okdatgrxiwhcjs2uepc7/spack-src/src/H5FDint.c line 249 in H5FD_write(): driver write request failed
    major: Virtual File Layer
    minor: Write failed
  #012: /scratch/spack_cpu/job_21700923/spack-stage/spack-stage-hdf5-1.10.7-xexa2gll6hf6okdatgrxiwhcjs2uepc7/spack-src/src/H5FDsec2.c line 856 in H5FD__sec2_write(): file write failed: time = Wed Nov 19 08:34:15 2025
, filename = 'checkpoint.h5', file descriptor = 5, errno = 14, error message = 'Bad address', buf = 0x1555537c4000, total write size = 15969552, bytes this sub-write = 15969552, bytes actually written = 18446744073709551615, offset = 0
    major: Low-level I/O
    minor: Write failed
HDF5-DIAG: Error detected in HDF5 (1.10.7) thread 0:
  #000: /scratch/spack_cpu/job_21700923/spack-stage/spack-stage-hdf5-1.10.7-xexa2gll6hf6okdatgrxiwhcjs2uepc7/spack-src/src/H5Dio.c line 335 in H5Dwrite(): can't write data
    major: Dataset
    minor: Write failed
  #001: /scratch/spack_cpu/job_21700923/spack-stage/spack-stage-hdf5-1.10.7-xexa2gll6hf6okdatgrxiwhcjs2uepc7/spack-src/src/H5Dio.c line 813 in H5D__write(): can't write data
    major: Dataset
    minor: Write failed
  #002: /scratch/spack_cpu/job_21700923/spack-stage/spack-stage-hdf5-1.10.7-xexa2gll6hf6okdatgrxiwhcjs2uepc7/spack-src/src/H5Dcontig.c line 659 in H5D__contig_write(): contiguous write failed
    major: Dataset
    minor: Write failed
  #003: /scratch/spack_cpu/job_21700923/spack-stage/spack-stage-hdf5-1.10.7-xexa2gll6hf6okdatgrxiwhcjs2uepc7/spack-src/src/H5Dselect.c line 321 in H5D__select_write(): write error
    major: Dataspace
    minor: Write failed
  #004: /scratch/spack_cpu/job_21700923/spack-stage/spack-stage-hdf5-1.10.7-xexa2gll6hf6okdatgrxiwhcjs2uepc7/spack-src/src/H5Dselect.c line 230 in H5D__select_io(): write error
    major: Dataspace
    minor: Write failed
  #005: /scratch/spack_cpu/job_21700923/spack-stage/spack-stage-hdf5-1.10.7-xexa2gll6hf6okdatgrxiwhcjs2uepc7/spack-src/src/H5Dcontig.c line 1281 in H5D__contig_writevv(): can't perform vectorized sieve buffer write
    major: Dataset
    minor: Can't operate on object
  #006: /scratch/spack_cpu/job_21700923/spack-stage/spack-stage-hdf5-1.10.7-xexa2gll6hf6okdatgrxiwhcjs2uepc7/spack-src/src/H5VM.c line 1464 in H5VM_opvv(): can't perform operation
    major: Internal error (too specific to document in detail)
    minor: Can't operate on object
  #007: /scratch/spack_cpu/job_21700923/spack-stage/spack-stage-hdf5-1.10.7-xexa2gll6hf6okdatgrxiwhcjs2uepc7/spack-src/src/H5Dcontig.c line 1029 in H5D__contig_writevv_sieve_cb(): block write failed
    major: Dataset
    minor: Write failed
  #008: /scratch/spack_cpu/job_21700923/spack-stage/spack-stage-hdf5-1.10.7-xexa2gll6hf6okdatgrxiwhcjs2uepc7/spack-src/src/H5Fio.c line 161 in H5F_block_write(): write through page buffer failed
    major: Low-level I/O
    minor: Write failed
  #009: /scratch/spack_cpu/job_21700923/spack-stage/spack-stage-hdf5-1.10.7-xexa2gll6hf6okdatgrxiwhcjs2uepc7/spack-src/src/H5PB.c line 1032 in H5PB_write(): write through metadata accumulator failed
    major: Page Buffering
    minor: Write failed
  #010: /scratch/spack_cpu/job_21700923/spack-stage/spack-stage-hdf5-1.10.7-xexa2gll6hf6okdatgrxiwhcjs2uepc7/spack-src/src/H5Faccum.c line 824 in H5F__accum_write(): file write failed
    major: Low-level I/O
    minor: Write failed
  #011: /scratch/spack_cpu/job_21700923/spack-stage/spack-stage-hdf5-1.10.7-xexa2gll6hf6okdatgrxiwhcjs2uepc7/spack-src/src/H5FDint.c line 249 in H5FD_write(): driver write request failed
    major: Virtual File Layer
    minor: Write failed
  #012: /scratch/spack_cpu/job_21700923/spack-stage/spack-stage-hdf5-1.10.7-xexa2gll6hf6okdatgrxiwhcjs2uepc7/spack-src/src/H5FDsec2.c line 856 in H5FD__sec2_write(): file write failed: time = Wed Nov 19 08:34:23 2025
, filename = 'checkpoint.h5', file descriptor = 5, errno = 14, error message = 'Bad address', buf = 0x1555537c4000, total write size = 15969552, bytes this sub-write = 15969552, bytes actually written = 18446744073709551615, offset = 0
    major: Low-level I/O
    minor: Write failed
HDF5-DIAG: Error detected in HDF5 (1.10.7) thread 0:
  #000: /scratch/spack_cpu/job_21700923/spack-stage/spack-stage-hdf5-1.10.7-xexa2gll6hf6okdatgrxiwhcjs2uepc7/spack-src/src/H5Dio.c line 335 in H5Dwrite(): can't write data
    major: Dataset
    minor: Write failed
  #001: /scratch/spack_cpu/job_21700923/spack-stage/spack-stage-hdf5-1.10.7-xexa2gll6hf6okdatgrxiwhcjs2uepc7/spack-src/src/H5Dio.c line 813 in H5D__write(): can't write data
    major: Dataset
    minor: Write failed
  #002: /scratch/spack_cpu/job_21700923/spack-stage/spack-stage-hdf5-1.10.7-xexa2gll6hf6okdatgrxiwhcjs2uepc7/spack-src/src/H5Dcontig.c line 659 in H5D__contig_write(): contiguous write failed
    major: Dataset
    minor: Write failed
  #003: /scratch/spack_cpu/job_21700923/spack-stage/spack-stage-hdf5-1.10.7-xexa2gll6hf6okdatgrxiwhcjs2uepc7/spack-src/src/H5Dselect.c line 321 in H5D__select_write(): write error
    major: Dataspace
    minor: Write failed
  #004: /scratch/spack_cpu/job_21700923/spack-stage/spack-stage-hdf5-1.10.7-xexa2gll6hf6okdatgrxiwhcjs2uepc7/spack-src/src/H5Dselect.c line 230 in H5D__select_io(): write error
    major: Dataspace
    minor: Write failed
  #005: /scratch/spack_cpu/job_21700923/spack-stage/spack-stage-hdf5-1.10.7-xexa2gll6hf6okdatgrxiwhcjs2uepc7/spack-src/src/H5Dcontig.c line 1281 in H5D__contig_writevv(): can't perform vectorized sieve buffer write
    major: Dataset
    minor: Can't operate on object
  #006: /scratch/spack_cpu/job_21700923/spack-stage/spack-stage-hdf5-1.10.7-xexa2gll6hf6okdatgrxiwhcjs2uepc7/spack-src/src/H5VM.c line 1464 in H5VM_opvv(): can't perform operation
    major: Internal error (too specific to document in detail)
    minor: Can't operate on object
  #007: /scratch/spack_cpu/job_21700923/spack-stage/spack-stage-hdf5-1.10.7-xexa2gll6hf6okdatgrxiwhcjs2uepc7/spack-src/src/H5Dcontig.c line 1029 in H5D__contig_writevv_sieve_cb(): block write failed
    major: Dataset
    minor: Write failed
  #008: /scratch/spack_cpu/job_21700923/spack-stage/spack-stage-hdf5-1.10.7-xexa2gll6hf6okdatgrxiwhcjs2uepc7/spack-src/src/H5Fio.c line 161 in H5F_block_write(): write through page buffer failed
    major: Low-level I/O
    minor: Write failed
  #009: /scratch/spack_cpu/job_21700923/spack-stage/spack-stage-hdf5-1.10.7-xexa2gll6hf6okdatgrxiwhcjs2uepc7/spack-src/src/H5PB.c line 1032 in H5PB_write(): write through metadata accumulator failed
    major: Page Buffering
    minor: Write failed
  #010: /scratch/spack_cpu/job_21700923/spack-stage/spack-stage-hdf5-1.10.7-xexa2gll6hf6okdatgrxiwhcjs2uepc7/spack-src/src/H5Faccum.c line 824 in H5F__accum_write(): file write failed
    major: Low-level I/O
    minor: Write failed
  #011: /scratch/spack_cpu/job_21700923/spack-stage/spack-stage-hdf5-1.10.7-xexa2gll6hf6okdatgrxiwhcjs2uepc7/spack-src/src/H5FDint.c line 249 in H5FD_write(): driver write request failed
    major: Virtual File Layer
    minor: Write failed
  #012: /scratch/spack_cpu/job_21700923/spack-stage/spack-stage-hdf5-1.10.7-xexa2gll6hf6okdatgrxiwhcjs2uepc7/spack-src/src/H5FDsec2.c line 856 in H5FD__sec2_write(): file write failed: time = Wed Nov 19 08:34:31 2025
, filename = 'checkpoint.h5', file descriptor = 5, errno = 14, error message = 'Bad address', buf = 0x1555537c4000, total write size = 15969552, bytes this sub-write = 15969552, bytes actually written = 18446744073709551615, offset = 0
    major: Low-level I/O
    minor: Write failed
HDF5-DIAG: Error detected in HDF5 (1.10.7) thread 0:
  #000: /scratch/spack_cpu/job_21700923/spack-stage/spack-stage-hdf5-1.10.7-xexa2gll6hf6okdatgrxiwhcjs2uepc7/spack-src/src/H5Dio.c line 335 in H5Dwrite(): can't write data
    major: Dataset
    minor: Write failed
  #001: /scratch/spack_cpu/job_21700923/spack-stage/spack-stage-hdf5-1.10.7-xexa2gll6hf6okdatgrxiwhcjs2uepc7/spack-src/src/H5Dio.c line 813 in H5D__write(): can't write data
    major: Dataset
    minor: Write failed
  #002: /scratch/spack_cpu/job_21700923/spack-stage/spack-stage-hdf5-1.10.7-xexa2gll6hf6okdatgrxiwhcjs2uepc7/spack-src/src/H5Dcontig.c line 659 in H5D__contig_write(): contiguous write failed
    major: Dataset
    minor: Write failed
  #003: /scratch/spack_cpu/job_21700923/spack-stage/spack-stage-hdf5-1.10.7-xexa2gll6hf6okdatgrxiwhcjs2uepc7/spack-src/src/H5Dselect.c line 321 in H5D__select_write(): write error
    major: Dataspace
    minor: Write failed
  #004: /scratch/spack_cpu/job_21700923/spack-stage/spack-stage-hdf5-1.10.7-xexa2gll6hf6okdatgrxiwhcjs2uepc7/spack-src/src/H5Dselect.c line 230 in H5D__select_io(): write error
    major: Dataspace
    minor: Write failed
  #005: /scratch/spack_cpu/job_21700923/spack-stage/spack-stage-hdf5-1.10.7-xexa2gll6hf6okdatgrxiwhcjs2uepc7/spack-src/src/H5Dcontig.c line 1281 in H5D__contig_writevv(): can't perform vectorized sieve buffer write
    major: Dataset
    minor: Can't operate on object
  #006: /scratch/spack_cpu/job_21700923/spack-stage/spack-stage-hdf5-1.10.7-xexa2gll6hf6okdatgrxiwhcjs2uepc7/spack-src/src/H5VM.c line 1464 in H5VM_opvv(): can't perform operation
    major: Internal error (too specific to document in detail)
    minor: Can't operate on object
  #007: /scratch/spack_cpu/job_21700923/spack-stage/spack-stage-hdf5-1.10.7-xexa2gll6hf6okdatgrxiwhcjs2uepc7/spack-src/src/H5Dcontig.c line 1029 in H5D__contig_writevv_sieve_cb(): block write failed
    major: Dataset
    minor: Write failed
  #008: /scratch/spack_cpu/job_21700923/spack-stage/spack-stage-hdf5-1.10.7-xexa2gll6hf6okdatgrxiwhcjs2uepc7/spack-src/src/H5Fio.c line 161 in H5F_block_write(): write through page buffer failed
    major: Low-level I/O
    minor: Write failed
  #009: /scratch/spack_cpu/job_21700923/spack-stage/spack-stage-hdf5-1.10.7-xexa2gll6hf6okdatgrxiwhcjs2uepc7/spack-src/src/H5PB.c line 1032 in H5PB_write(): write through metadata accumulator failed
    major: Page Buffering
    minor: Write failed
  #010: /scratch/spack_cpu/job_21700923/spack-stage/spack-stage-hdf5-1.10.7-xexa2gll6hf6okdatgrxiwhcjs2uepc7/spack-src/src/H5Faccum.c line 824 in H5F__accum_write(): file write failed
    major: Low-level I/O
    minor: Write failed
  #011: /scratch/spack_cpu/job_21700923/spack-stage/spack-stage-hdf5-1.10.7-xexa2gll6hf6okdatgrxiwhcjs2uepc7/spack-src/src/H5FDint.c line 249 in H5FD_write(): driver write request failed
    major: Virtual File Layer
    minor: Write failed
  #012: /scratch/spack_cpu/job_21700923/spack-stage/spack-stage-hdf5-1.10.7-xexa2gll6hf6okdatgrxiwhcjs2uepc7/spack-src/src/H5FDsec2.c line 856 in H5FD__sec2_write(): file write failed: time = Wed Nov 19 08:34:39 2025
, filename = 'checkpoint.h5', file descriptor = 5, errno = 14, error message = 'Bad address', buf = 0x1555537c4000, total write size = 15969552, bytes this sub-write = 15969552, bytes actually written = 18446744073709551615, offset = 0
    major: Low-level I/O
    minor: Write failed
HDF5-DIAG: Error detected in HDF5 (1.10.7) thread 0:
  #000: /scratch/spack_cpu/job_21700923/spack-stage/spack-stage-hdf5-1.10.7-xexa2gll6hf6okdatgrxiwhcjs2uepc7/spack-src/src/H5Dio.c line 335 in H5Dwrite(): can't write data
    major: Dataset
    minor: Write failed
  #001: /scratch/spack_cpu/job_21700923/spack-stage/spack-stage-hdf5-1.10.7-xexa2gll6hf6okdatgrxiwhcjs2uepc7/spack-src/src/H5Dio.c line 813 in H5D__write(): can't write data
    major: Dataset
    minor: Write failed
  #002: /scratch/spack_cpu/job_21700923/spack-stage/spack-stage-hdf5-1.10.7-xexa2gll6hf6okdatgrxiwhcjs2uepc7/spack-src/src/H5Dcontig.c line 659 in H5D__contig_write(): contiguous write failed
    major: Dataset
    minor: Write failed
  #003: /scratch/spack_cpu/job_21700923/spack-stage/spack-stage-hdf5-1.10.7-xexa2gll6hf6okdatgrxiwhcjs2uepc7/spack-src/src/H5Dselect.c line 321 in H5D__select_write(): write error
    major: Dataspace
    minor: Write failed
  #004: /scratch/spack_cpu/job_21700923/spack-stage/spack-stage-hdf5-1.10.7-xexa2gll6hf6okdatgrxiwhcjs2uepc7/spack-src/src/H5Dselect.c line 230 in H5D__select_io(): write error
    major: Dataspace
    minor: Write failed
  #005: /scratch/spack_cpu/job_21700923/spack-stage/spack-stage-hdf5-1.10.7-xexa2gll6hf6okdatgrxiwhcjs2uepc7/spack-src/src/H5Dcontig.c line 1281 in H5D__contig_writevv(): can't perform vectorized sieve buffer write
    major: Dataset
    minor: Can't operate on object
  #006: /scratch/spack_cpu/job_21700923/spack-stage/spack-stage-hdf5-1.10.7-xexa2gll6hf6okdatgrxiwhcjs2uepc7/spack-src/src/H5VM.c line 1464 in H5VM_opvv(): can't perform operation
    major: Internal error (too specific to document in detail)
    minor: Can't operate on object
  #007: /scratch/spack_cpu/job_21700923/spack-stage/spack-stage-hdf5-1.10.7-xexa2gll6hf6okdatgrxiwhcjs2uepc7/spack-src/src/H5Dcontig.c line 1029 in H5D__contig_writevv_sieve_cb(): block write failed
    major: Dataset
    minor: Write failed
  #008: /scratch/spack_cpu/job_21700923/spack-stage/spack-stage-hdf5-1.10.7-xexa2gll6hf6okdatgrxiwhcjs2uepc7/spack-src/src/H5Fio.c line 161 in H5F_block_write(): write through page buffer failed
    major: Low-level I/O
    minor: Write failed
  #009: /scratch/spack_cpu/job_21700923/spack-stage/spack-stage-hdf5-1.10.7-xexa2gll6hf6okdatgrxiwhcjs2uepc7/spack-src/src/H5PB.c line 1032 in H5PB_write(): write through metadata accumulator failed
    major: Page Buffering
    minor: Write failed
  #010: /scratch/spack_cpu/job_21700923/spack-stage/spack-stage-hdf5-1.10.7-xexa2gll6hf6okdatgrxiwhcjs2uepc7/spack-src/src/H5Faccum.c line 824 in H5F__accum_write(): file write failed
    major: Low-level I/O
    minor: Write failed
  #011: /scratch/spack_cpu/job_21700923/spack-stage/spack-stage-hdf5-1.10.7-xexa2gll6hf6okdatgrxiwhcjs2uepc7/spack-src/src/H5FDint.c line 249 in H5FD_write(): driver write request failed
    major: Virtual File Layer
    minor: Write failed
  #012: /scratch/spack_cpu/job_21700923/spack-stage/spack-stage-hdf5-1.10.7-xexa2gll6hf6okdatgrxiwhcjs2uepc7/spack-src/src/H5FDsec2.c line 856 in H5FD__sec2_write(): file write failed: time = Wed Nov 19 08:34:46 2025
, filename = 'checkpoint.h5', file descriptor = 5, errno = 14, error message = 'Bad address', buf = 0x1555537c4000, total write size = 15969552, bytes this sub-write = 15969552, bytes actually written = 18446744073709551615, offset = 0
    major: Low-level I/O
    minor: Write failed
HDF5-DIAG: Error detected in HDF5 (1.10.7) thread 0:
  #000: /scratch/spack_cpu/job_21700923/spack-stage/spack-stage-hdf5-1.10.7-xexa2gll6hf6okdatgrxiwhcjs2uepc7/spack-src/src/H5Dio.c line 335 in H5Dwrite(): can't write data
    major: Dataset
    minor: Write failed
  #001: /scratch/spack_cpu/job_21700923/spack-stage/spack-stage-hdf5-1.10.7-xexa2gll6hf6okdatgrxiwhcjs2uepc7/spack-src/src/H5Dio.c line 813 in H5D__write(): can't write data
    major: Dataset
    minor: Write failed
  #002: /scratch/spack_cpu/job_21700923/spack-stage/spack-stage-hdf5-1.10.7-xexa2gll6hf6okdatgrxiwhcjs2uepc7/spack-src/src/H5Dcontig.c line 659 in H5D__contig_write(): contiguous write failed
    major: Dataset
    minor: Write failed
  #003: /scratch/spack_cpu/job_21700923/spack-stage/spack-stage-hdf5-1.10.7-xexa2gll6hf6okdatgrxiwhcjs2uepc7/spack-src/src/H5Dselect.c line 321 in H5D__select_write(): write error
    major: Dataspace
    minor: Write failed
  #004: /scratch/spack_cpu/job_21700923/spack-stage/spack-stage-hdf5-1.10.7-xexa2gll6hf6okdatgrxiwhcjs2uepc7/spack-src/src/H5Dselect.c line 230 in H5D__select_io(): write error
    major: Dataspace
    minor: Write failed
  #005: /scratch/spack_cpu/job_21700923/spack-stage/spack-stage-hdf5-1.10.7-xexa2gll6hf6okdatgrxiwhcjs2uepc7/spack-src/src/H5Dcontig.c line 1281 in H5D__contig_writevv(): can't perform vectorized sieve buffer write
    major: Dataset
    minor: Can't operate on object
  #006: /scratch/spack_cpu/job_21700923/spack-stage/spack-stage-hdf5-1.10.7-xexa2gll6hf6okdatgrxiwhcjs2uepc7/spack-src/src/H5VM.c line 1464 in H5VM_opvv(): can't perform operation
    major: Internal error (too specific to document in detail)
    minor: Can't operate on object
  #007: /scratch/spack_cpu/job_21700923/spack-stage/spack-stage-hdf5-1.10.7-xexa2gll6hf6okdatgrxiwhcjs2uepc7/spack-src/src/H5Dcontig.c line 1029 in H5D__contig_writevv_sieve_cb(): block write failed
    major: Dataset
    minor: Write failed
  #008: /scratch/spack_cpu/job_21700923/spack-stage/spack-stage-hdf5-1.10.7-xexa2gll6hf6okdatgrxiwhcjs2uepc7/spack-src/src/H5Fio.c line 161 in H5F_block_write(): write through page buffer failed
    major: Low-level I/O
    minor: Write failed
  #009: /scratch/spack_cpu/job_21700923/spack-stage/spack-stage-hdf5-1.10.7-xexa2gll6hf6okdatgrxiwhcjs2uepc7/spack-src/src/H5PB.c line 1032 in H5PB_write(): write through metadata accumulator failed
    major: Page Buffering
    minor: Write failed
  #010: /scratch/spack_cpu/job_21700923/spack-stage/spack-stage-hdf5-1.10.7-xexa2gll6hf6okdatgrxiwhcjs2uepc7/spack-src/src/H5Faccum.c line 824 in H5F__accum_write(): file write failed
    major: Low-level I/O
    minor: Write failed
  #011: /scratch/spack_cpu/job_21700923/spack-stage/spack-stage-hdf5-1.10.7-xexa2gll6hf6okdatgrxiwhcjs2uepc7/spack-src/src/H5FDint.c line 249 in H5FD_write(): driver write request failed
    major: Virtual File Layer
    minor: Write failed
  #012: /scratch/spack_cpu/job_21700923/spack-stage/spack-stage-hdf5-1.10.7-xexa2gll6hf6okdatgrxiwhcjs2uepc7/spack-src/src/H5FDsec2.c line 856 in H5FD__sec2_write(): file write failed: time = Wed Nov 19 08:34:54 2025
, filename = 'checkpoint.h5', file descriptor = 5, errno = 14, error message = 'Bad address', buf = 0x1555537c4000, total write size = 15969552, bytes this sub-write = 15969552, bytes actually written = 18446744073709551615, offset = 0
    major: Low-level I/O
    minor: Write failed
HDF5-DIAG: Error detected in HDF5 (1.10.7) thread 0:
  #000: /scratch/spack_cpu/job_21700923/spack-stage/spack-stage-hdf5-1.10.7-xexa2gll6hf6okdatgrxiwhcjs2uepc7/spack-src/src/H5Dio.c line 335 in H5Dwrite(): can't write data
    major: Dataset
    minor: Write failed
  #001: /scratch/spack_cpu/job_21700923/spack-stage/spack-stage-hdf5-1.10.7-xexa2gll6hf6okdatgrxiwhcjs2uepc7/spack-src/src/H5Dio.c line 813 in H5D__write(): can't write data
    major: Dataset
    minor: Write failed
  #002: /scratch/spack_cpu/job_21700923/spack-stage/spack-stage-hdf5-1.10.7-xexa2gll6hf6okdatgrxiwhcjs2uepc7/spack-src/src/H5Dcontig.c line 659 in H5D__contig_write(): contiguous write failed
    major: Dataset
    minor: Write failed
  #003: /scratch/spack_cpu/job_21700923/spack-stage/spack-stage-hdf5-1.10.7-xexa2gll6hf6okdatgrxiwhcjs2uepc7/spack-src/src/H5Dselect.c line 321 in H5D__select_write(): write error
    major: Dataspace
    minor: Write failed
  #004: /scratch/spack_cpu/job_21700923/spack-stage/spack-stage-hdf5-1.10.7-xexa2gll6hf6okdatgrxiwhcjs2uepc7/spack-src/src/H5Dselect.c line 230 in H5D__select_io(): write error
    major: Dataspace
    minor: Write failed
  #005: /scratch/spack_cpu/job_21700923/spack-stage/spack-stage-hdf5-1.10.7-xexa2gll6hf6okdatgrxiwhcjs2uepc7/spack-src/src/H5Dcontig.c line 1281 in H5D__contig_writevv(): can't perform vectorized sieve buffer write
    major: Dataset
    minor: Can't operate on object
  #006: /scratch/spack_cpu/job_21700923/spack-stage/spack-stage-hdf5-1.10.7-xexa2gll6hf6okdatgrxiwhcjs2uepc7/spack-src/src/H5VM.c line 1464 in H5VM_opvv(): can't perform operation
    major: Internal error (too specific to document in detail)
    minor: Can't operate on object
  #007: /scratch/spack_cpu/job_21700923/spack-stage/spack-stage-hdf5-1.10.7-xexa2gll6hf6okdatgrxiwhcjs2uepc7/spack-src/src/H5Dcontig.c line 1029 in H5D__contig_writevv_sieve_cb(): block write failed
    major: Dataset
    minor: Write failed
  #008: /scratch/spack_cpu/job_21700923/spack-stage/spack-stage-hdf5-1.10.7-xexa2gll6hf6okdatgrxiwhcjs2uepc7/spack-src/src/H5Fio.c line 161 in H5F_block_write(): write through page buffer failed
    major: Low-level I/O
    minor: Write failed
  #009: /scratch/spack_cpu/job_21700923/spack-stage/spack-stage-hdf5-1.10.7-xexa2gll6hf6okdatgrxiwhcjs2uepc7/spack-src/src/H5PB.c line 1032 in H5PB_write(): write through metadata accumulator failed
    major: Page Buffering
    minor: Write failed
  #010: /scratch/spack_cpu/job_21700923/spack-stage/spack-stage-hdf5-1.10.7-xexa2gll6hf6okdatgrxiwhcjs2uepc7/spack-src/src/H5Faccum.c line 824 in H5F__accum_write(): file write failed
    major: Low-level I/O
    minor: Write failed
  #011: /scratch/spack_cpu/job_21700923/spack-stage/spack-stage-hdf5-1.10.7-xexa2gll6hf6okdatgrxiwhcjs2uepc7/spack-src/src/H5FDint.c line 249 in H5FD_write(): driver write request failed
    major: Virtual File Layer
    minor: Write failed
  #012: /scratch/spack_cpu/job_21700923/spack-stage/spack-stage-hdf5-1.10.7-xexa2gll6hf6okdatgrxiwhcjs2uepc7/spack-src/src/H5FDsec2.c line 856 in H5FD__sec2_write(): file write failed: time = Wed Nov 19 08:35:01 2025
, filename = 'checkpoint.h5', file descriptor = 5, errno = 14, error message = 'Bad address', buf = 0x1555537c4000, total write size = 15969552, bytes this sub-write = 15969552, bytes actually written = 18446744073709551615, offset = 0
    major: Low-level I/O
    minor: Write failed
HDF5-DIAG: Error detected in HDF5 (1.10.7) thread 0:
  #000: /scratch/spack_cpu/job_21700923/spack-stage/spack-stage-hdf5-1.10.7-xexa2gll6hf6okdatgrxiwhcjs2uepc7/spack-src/src/H5Dio.c line 335 in H5Dwrite(): can't write data
    major: Dataset
    minor: Write failed
  #001: /scratch/spack_cpu/job_21700923/spack-stage/spack-stage-hdf5-1.10.7-xexa2gll6hf6okdatgrxiwhcjs2uepc7/spack-src/src/H5Dio.c line 813 in H5D__write(): can't write data
    major: Dataset
    minor: Write failed
  #002: /scratch/spack_cpu/job_21700923/spack-stage/spack-stage-hdf5-1.10.7-xexa2gll6hf6okdatgrxiwhcjs2uepc7/spack-src/src/H5Dcontig.c line 659 in H5D__contig_write(): contiguous write failed
    major: Dataset
    minor: Write failed
  #003: /scratch/spack_cpu/job_21700923/spack-stage/spack-stage-hdf5-1.10.7-xexa2gll6hf6okdatgrxiwhcjs2uepc7/spack-src/src/H5Dselect.c line 321 in H5D__select_write(): write error
    major: Dataspace
    minor: Write failed
  #004: /scratch/spack_cpu/job_21700923/spack-stage/spack-stage-hdf5-1.10.7-xexa2gll6hf6okdatgrxiwhcjs2uepc7/spack-src/src/H5Dselect.c line 230 in H5D__select_io(): write error
    major: Dataspace
    minor: Write failed
  #005: /scratch/spack_cpu/job_21700923/spack-stage/spack-stage-hdf5-1.10.7-xexa2gll6hf6okdatgrxiwhcjs2uepc7/spack-src/src/H5Dcontig.c line 1281 in H5D__contig_writevv(): can't perform vectorized sieve buffer write
    major: Dataset
    minor: Can't operate on object
  #006: /scratch/spack_cpu/job_21700923/spack-stage/spack-stage-hdf5-1.10.7-xexa2gll6hf6okdatgrxiwhcjs2uepc7/spack-src/src/H5VM.c line 1464 in H5VM_opvv(): can't perform operation
    major: Internal error (too specific to document in detail)
    minor: Can't operate on object
  #007: /scratch/spack_cpu/job_21700923/spack-stage/spack-stage-hdf5-1.10.7-xexa2gll6hf6okdatgrxiwhcjs2uepc7/spack-src/src/H5Dcontig.c line 1029 in H5D__contig_writevv_sieve_cb(): block write failed
    major: Dataset
    minor: Write failed
  #008: /scratch/spack_cpu/job_21700923/spack-stage/spack-stage-hdf5-1.10.7-xexa2gll6hf6okdatgrxiwhcjs2uepc7/spack-src/src/H5Fio.c line 161 in H5F_block_write(): write through page buffer failed
    major: Low-level I/O
    minor: Write failed
  #009: /scratch/spack_cpu/job_21700923/spack-stage/spack-stage-hdf5-1.10.7-xexa2gll6hf6okdatgrxiwhcjs2uepc7/spack-src/src/H5PB.c line 1032 in H5PB_write(): write through metadata accumulator failed
    major: Page Buffering
    minor: Write failed
  #010: /scratch/spack_cpu/job_21700923/spack-stage/spack-stage-hdf5-1.10.7-xexa2gll6hf6okdatgrxiwhcjs2uepc7/spack-src/src/H5Faccum.c line 824 in H5F__accum_write(): file write failed
    major: Low-level I/O
    minor: Write failed
  #011: /scratch/spack_cpu/job_21700923/spack-stage/spack-stage-hdf5-1.10.7-xexa2gll6hf6okdatgrxiwhcjs2uepc7/spack-src/src/H5FDint.c line 249 in H5FD_write(): driver write request failed
    major: Virtual File Layer
    minor: Write failed
  #012: /scratch/spack_cpu/job_21700923/spack-stage/spack-stage-hdf5-1.10.7-xexa2gll6hf6okdatgrxiwhcjs2uepc7/spack-src/src/H5FDsec2.c line 856 in H5FD__sec2_write(): file write failed: time = Wed Nov 19 08:35:10 2025
, filename = 'checkpoint.h5', file descriptor = 5, errno = 14, error message = 'Bad address', buf = 0x1555537c4000, total write size = 15969552, bytes this sub-write = 15969552, bytes actually written = 18446744073709551615, offset = 0
    major: Low-level I/O
    minor: Write failed
HDF5-DIAG: Error detected in HDF5 (1.10.7) thread 0:
  #000: /scratch/spack_cpu/job_21700923/spack-stage/spack-stage-hdf5-1.10.7-xexa2gll6hf6okdatgrxiwhcjs2uepc7/spack-src/src/H5Dio.c line 335 in H5Dwrite(): can't write data
    major: Dataset
    minor: Write failed
  #001: /scratch/spack_cpu/job_21700923/spack-stage/spack-stage-hdf5-1.10.7-xexa2gll6hf6okdatgrxiwhcjs2uepc7/spack-src/src/H5Dio.c line 813 in H5D__write(): can't write data
    major: Dataset
    minor: Write failed
  #002: /scratch/spack_cpu/job_21700923/spack-stage/spack-stage-hdf5-1.10.7-xexa2gll6hf6okdatgrxiwhcjs2uepc7/spack-src/src/H5Dcontig.c line 659 in H5D__contig_write(): contiguous write failed
    major: Dataset
    minor: Write failed
  #003: /scratch/spack_cpu/job_21700923/spack-stage/spack-stage-hdf5-1.10.7-xexa2gll6hf6okdatgrxiwhcjs2uepc7/spack-src/src/H5Dselect.c line 321 in H5D__select_write(): write error
    major: Dataspace
    minor: Write failed
  #004: /scratch/spack_cpu/job_21700923/spack-stage/spack-stage-hdf5-1.10.7-xexa2gll6hf6okdatgrxiwhcjs2uepc7/spack-src/src/H5Dselect.c line 230 in H5D__select_io(): write error
    major: Dataspace
    minor: Write failed
  #005: /scratch/spack_cpu/job_21700923/spack-stage/spack-stage-hdf5-1.10.7-xexa2gll6hf6okdatgrxiwhcjs2uepc7/spack-src/src/H5Dcontig.c line 1281 in H5D__contig_writevv(): can't perform vectorized sieve buffer write
    major: Dataset
    minor: Can't operate on object
  #006: /scratch/spack_cpu/job_21700923/spack-stage/spack-stage-hdf5-1.10.7-xexa2gll6hf6okdatgrxiwhcjs2uepc7/spack-src/src/H5VM.c line 1464 in H5VM_opvv(): can't perform operation
    major: Internal error (too specific to document in detail)
    minor: Can't operate on object
  #007: /scratch/spack_cpu/job_21700923/spack-stage/spack-stage-hdf5-1.10.7-xexa2gll6hf6okdatgrxiwhcjs2uepc7/spack-src/src/H5Dcontig.c line 1029 in H5D__contig_writevv_sieve_cb(): block write failed
    major: Dataset
    minor: Write failed
  #008: /scratch/spack_cpu/job_21700923/spack-stage/spack-stage-hdf5-1.10.7-xexa2gll6hf6okdatgrxiwhcjs2uepc7/spack-src/src/H5Fio.c line 161 in H5F_block_write(): write through page buffer failed
    major: Low-level I/O
    minor: Write failed
  #009: /scratch/spack_cpu/job_21700923/spack-stage/spack-stage-hdf5-1.10.7-xexa2gll6hf6okdatgrxiwhcjs2uepc7/spack-src/src/H5PB.c line 1032 in H5PB_write(): write through metadata accumulator failed
    major: Page Buffering
    minor: Write failed
  #010: /scratch/spack_cpu/job_21700923/spack-stage/spack-stage-hdf5-1.10.7-xexa2gll6hf6okdatgrxiwhcjs2uepc7/spack-src/src/H5Faccum.c line 824 in H5F__accum_write(): file write failed
    major: Low-level I/O
    minor: Write failed
  #011: /scratch/spack_cpu/job_21700923/spack-stage/spack-stage-hdf5-1.10.7-xexa2gll6hf6okdatgrxiwhcjs2uepc7/spack-src/src/H5FDint.c line 249 in H5FD_write(): driver write request failed
    major: Virtual File Layer
    minor: Write failed
  #012: /scratch/spack_cpu/job_21700923/spack-stage/spack-stage-hdf5-1.10.7-xexa2gll6hf6okdatgrxiwhcjs2uepc7/spack-src/src/H5FDsec2.c line 856 in H5FD__sec2_write(): file write failed: time = Wed Nov 19 08:35:18 2025
, filename = 'checkpoint.h5', file descriptor = 5, errno = 14, error message = 'Bad address', buf = 0x1555537c4000, total write size = 15969552, bytes this sub-write = 15969552, bytes actually written = 18446744073709551615, offset = 0
    major: Low-level I/O
    minor: Write failed
HDF5-DIAG: Error detected in HDF5 (1.10.7) thread 0:
  #000: /scratch/spack_cpu/job_21700923/spack-stage/spack-stage-hdf5-1.10.7-xexa2gll6hf6okdatgrxiwhcjs2uepc7/spack-src/src/H5Dio.c line 335 in H5Dwrite(): can't write data
    major: Dataset
    minor: Write failed
  #001: /scratch/spack_cpu/job_21700923/spack-stage/spack-stage-hdf5-1.10.7-xexa2gll6hf6okdatgrxiwhcjs2uepc7/spack-src/src/H5Dio.c line 813 in H5D__write(): can't write data
    major: Dataset
    minor: Write failed
  #002: /scratch/spack_cpu/job_21700923/spack-stage/spack-stage-hdf5-1.10.7-xexa2gll6hf6okdatgrxiwhcjs2uepc7/spack-src/src/H5Dcontig.c line 659 in H5D__contig_write(): contiguous write failed
    major: Dataset
    minor: Write failed
  #003: /scratch/spack_cpu/job_21700923/spack-stage/spack-stage-hdf5-1.10.7-xexa2gll6hf6okdatgrxiwhcjs2uepc7/spack-src/src/H5Dselect.c line 321 in H5D__select_write(): write error
    major: Dataspace
    minor: Write failed
  #004: /scratch/spack_cpu/job_21700923/spack-stage/spack-stage-hdf5-1.10.7-xexa2gll6hf6okdatgrxiwhcjs2uepc7/spack-src/src/H5Dselect.c line 230 in H5D__select_io(): write error
    major: Dataspace
    minor: Write failed
  #005: /scratch/spack_cpu/job_21700923/spack-stage/spack-stage-hdf5-1.10.7-xexa2gll6hf6okdatgrxiwhcjs2uepc7/spack-src/src/H5Dcontig.c line 1281 in H5D__contig_writevv(): can't perform vectorized sieve buffer write
    major: Dataset
    minor: Can't operate on object
  #006: /scratch/spack_cpu/job_21700923/spack-stage/spack-stage-hdf5-1.10.7-xexa2gll6hf6okdatgrxiwhcjs2uepc7/spack-src/src/H5VM.c line 1464 in H5VM_opvv(): can't perform operation
    major: Internal error (too specific to document in detail)
    minor: Can't operate on object
  #007: /scratch/spack_cpu/job_21700923/spack-stage/spack-stage-hdf5-1.10.7-xexa2gll6hf6okdatgrxiwhcjs2uepc7/spack-src/src/H5Dcontig.c line 1029 in H5D__contig_writevv_sieve_cb(): block write failed
    major: Dataset
    minor: Write failed
  #008: /scratch/spack_cpu/job_21700923/spack-stage/spack-stage-hdf5-1.10.7-xexa2gll6hf6okdatgrxiwhcjs2uepc7/spack-src/src/H5Fio.c line 161 in H5F_block_write(): write through page buffer failed
    major: Low-level I/O
    minor: Write failed
  #009: /scratch/spack_cpu/job_21700923/spack-stage/spack-stage-hdf5-1.10.7-xexa2gll6hf6okdatgrxiwhcjs2uepc7/spack-src/src/H5PB.c line 1032 in H5PB_write(): write through metadata accumulator failed
    major: Page Buffering
    minor: Write failed
  #010: /scratch/spack_cpu/job_21700923/spack-stage/spack-stage-hdf5-1.10.7-xexa2gll6hf6okdatgrxiwhcjs2uepc7/spack-src/src/H5Faccum.c line 824 in H5F__accum_write(): file write failed
    major: Low-level I/O
    minor: Write failed
  #011: /scratch/spack_cpu/job_21700923/spack-stage/spack-stage-hdf5-1.10.7-xexa2gll6hf6okdatgrxiwhcjs2uepc7/spack-src/src/H5FDint.c line 249 in H5FD_write(): driver write request failed
    major: Virtual File Layer
    minor: Write failed
  #012: /scratch/spack_cpu/job_21700923/spack-stage/spack-stage-hdf5-1.10.7-xexa2gll6hf6okdatgrxiwhcjs2uepc7/spack-src/src/H5FDsec2.c line 856 in H5FD__sec2_write(): file write failed: time = Wed Nov 19 08:35:26 2025
, filename = 'checkpoint.h5', file descriptor = 5, errno = 14, error message = 'Bad address', buf = 0x1555537c4000, total write size = 15969552, bytes this sub-write = 15969552, bytes actually written = 18446744073709551615, offset = 0
    major: Low-level I/O
    minor: Write failed
HDF5-DIAG: Error detected in HDF5 (1.10.7) thread 0:
  #000: /scratch/spack_cpu/job_21700923/spack-stage/spack-stage-hdf5-1.10.7-xexa2gll6hf6okdatgrxiwhcjs2uepc7/spack-src/src/H5Dio.c line 335 in H5Dwrite(): can't write data
    major: Dataset
    minor: Write failed
  #001: /scratch/spack_cpu/job_21700923/spack-stage/spack-stage-hdf5-1.10.7-xexa2gll6hf6okdatgrxiwhcjs2uepc7/spack-src/src/H5Dio.c line 813 in H5D__write(): can't write data
    major: Dataset
    minor: Write failed
  #002: /scratch/spack_cpu/job_21700923/spack-stage/spack-stage-hdf5-1.10.7-xexa2gll6hf6okdatgrxiwhcjs2uepc7/spack-src/src/H5Dcontig.c line 659 in H5D__contig_write(): contiguous write failed
    major: Dataset
    minor: Write failed
  #003: /scratch/spack_cpu/job_21700923/spack-stage/spack-stage-hdf5-1.10.7-xexa2gll6hf6okdatgrxiwhcjs2uepc7/spack-src/src/H5Dselect.c line 321 in H5D__select_write(): write error
    major: Dataspace
    minor: Write failed
  #004: /scratch/spack_cpu/job_21700923/spack-stage/spack-stage-hdf5-1.10.7-xexa2gll6hf6okdatgrxiwhcjs2uepc7/spack-src/src/H5Dselect.c line 230 in H5D__select_io(): write error
    major: Dataspace
    minor: Write failed
  #005: /scratch/spack_cpu/job_21700923/spack-stage/spack-stage-hdf5-1.10.7-xexa2gll6hf6okdatgrxiwhcjs2uepc7/spack-src/src/H5Dcontig.c line 1281 in H5D__contig_writevv(): can't perform vectorized sieve buffer write
    major: Dataset
    minor: Can't operate on object
  #006: /scratch/spack_cpu/job_21700923/spack-stage/spack-stage-hdf5-1.10.7-xexa2gll6hf6okdatgrxiwhcjs2uepc7/spack-src/src/H5VM.c line 1464 in H5VM_opvv(): can't perform operation
    major: Internal error (too specific to document in detail)
    minor: Can't operate on object
  #007: /scratch/spack_cpu/job_21700923/spack-stage/spack-stage-hdf5-1.10.7-xexa2gll6hf6okdatgrxiwhcjs2uepc7/spack-src/src/H5Dcontig.c line 1029 in H5D__contig_writevv_sieve_cb(): block write failed
    major: Dataset
    minor: Write failed
  #008: /scratch/spack_cpu/job_21700923/spack-stage/spack-stage-hdf5-1.10.7-xexa2gll6hf6okdatgrxiwhcjs2uepc7/spack-src/src/H5Fio.c line 161 in H5F_block_write(): write through page buffer failed
    major: Low-level I/O
    minor: Write failed
  #009: /scratch/spack_cpu/job_21700923/spack-stage/spack-stage-hdf5-1.10.7-xexa2gll6hf6okdatgrxiwhcjs2uepc7/spack-src/src/H5PB.c line 1032 in H5PB_write(): write through metadata accumulator failed
    major: Page Buffering
    minor: Write failed
  #010: /scratch/spack_cpu/job_21700923/spack-stage/spack-stage-hdf5-1.10.7-xexa2gll6hf6okdatgrxiwhcjs2uepc7/spack-src/src/H5Faccum.c line 824 in H5F__accum_write(): file write failed
    major: Low-level I/O
    minor: Write failed
  #011: /scratch/spack_cpu/job_21700923/spack-stage/spack-stage-hdf5-1.10.7-xexa2gll6hf6okdatgrxiwhcjs2uepc7/spack-src/src/H5FDint.c line 249 in H5FD_write(): driver write request failed
    major: Virtual File Layer
    minor: Write failed
  #012: /scratch/spack_cpu/job_21700923/spack-stage/spack-stage-hdf5-1.10.7-xexa2gll6hf6okdatgrxiwhcjs2uepc7/spack-src/src/H5FDsec2.c line 856 in H5FD__sec2_write(): file write failed: time = Wed Nov 19 08:35:33 2025
, filename = 'checkpoint.h5', file descriptor = 5, errno = 14, error message = 'Bad address', buf = 0x1555537c4000, total write size = 15969552, bytes this sub-write = 15969552, bytes actually written = 18446744073709551615, offset = 0
    major: Low-level I/O
    minor: Write failed
HDF5-DIAG: Error detected in HDF5 (1.10.7) thread 0:
  #000: /scratch/spack_cpu/job_21700923/spack-stage/spack-stage-hdf5-1.10.7-xexa2gll6hf6okdatgrxiwhcjs2uepc7/spack-src/src/H5Dio.c line 335 in H5Dwrite(): can't write data
    major: Dataset
    minor: Write failed
  #001: /scratch/spack_cpu/job_21700923/spack-stage/spack-stage-hdf5-1.10.7-xexa2gll6hf6okdatgrxiwhcjs2uepc7/spack-src/src/H5Dio.c line 813 in H5D__write(): can't write data
    major: Dataset
    minor: Write failed
  #002: /scratch/spack_cpu/job_21700923/spack-stage/spack-stage-hdf5-1.10.7-xexa2gll6hf6okdatgrxiwhcjs2uepc7/spack-src/src/H5Dcontig.c line 659 in H5D__contig_write(): contiguous write failed
    major: Dataset
    minor: Write failed
  #003: /scratch/spack_cpu/job_21700923/spack-stage/spack-stage-hdf5-1.10.7-xexa2gll6hf6okdatgrxiwhcjs2uepc7/spack-src/src/H5Dselect.c line 321 in H5D__select_write(): write error
    major: Dataspace
    minor: Write failed
  #004: /scratch/spack_cpu/job_21700923/spack-stage/spack-stage-hdf5-1.10.7-xexa2gll6hf6okdatgrxiwhcjs2uepc7/spack-src/src/H5Dselect.c line 230 in H5D__select_io(): write error
    major: Dataspace
    minor: Write failed
  #005: /scratch/spack_cpu/job_21700923/spack-stage/spack-stage-hdf5-1.10.7-xexa2gll6hf6okdatgrxiwhcjs2uepc7/spack-src/src/H5Dcontig.c line 1281 in H5D__contig_writevv(): can't perform vectorized sieve buffer write
    major: Dataset
    minor: Can't operate on object
  #006: /scratch/spack_cpu/job_21700923/spack-stage/spack-stage-hdf5-1.10.7-xexa2gll6hf6okdatgrxiwhcjs2uepc7/spack-src/src/H5VM.c line 1464 in H5VM_opvv(): can't perform operation
    major: Internal error (too specific to document in detail)
    minor: Can't operate on object
  #007: /scratch/spack_cpu/job_21700923/spack-stage/spack-stage-hdf5-1.10.7-xexa2gll6hf6okdatgrxiwhcjs2uepc7/spack-src/src/H5Dcontig.c line 1029 in H5D__contig_writevv_sieve_cb(): block write failed
    major: Dataset
    minor: Write failed
  #008: /scratch/spack_cpu/job_21700923/spack-stage/spack-stage-hdf5-1.10.7-xexa2gll6hf6okdatgrxiwhcjs2uepc7/spack-src/src/H5Fio.c line 161 in H5F_block_write(): write through page buffer failed
    major: Low-level I/O
    minor: Write failed
  #009: /scratch/spack_cpu/job_21700923/spack-stage/spack-stage-hdf5-1.10.7-xexa2gll6hf6okdatgrxiwhcjs2uepc7/spack-src/src/H5PB.c line 1032 in H5PB_write(): write through metadata accumulator failed
    major: Page Buffering
    minor: Write failed
  #010: /scratch/spack_cpu/job_21700923/spack-stage/spack-stage-hdf5-1.10.7-xexa2gll6hf6okdatgrxiwhcjs2uepc7/spack-src/src/H5Faccum.c line 824 in H5F__accum_write(): file write failed
    major: Low-level I/O
    minor: Write failed
  #011: /scratch/spack_cpu/job_21700923/spack-stage/spack-stage-hdf5-1.10.7-xexa2gll6hf6okdatgrxiwhcjs2uepc7/spack-src/src/H5FDint.c line 249 in H5FD_write(): driver write request failed
    major: Virtual File Layer
    minor: Write failed
  #012: /scratch/spack_cpu/job_21700923/spack-stage/spack-stage-hdf5-1.10.7-xexa2gll6hf6okdatgrxiwhcjs2uepc7/spack-src/src/H5FDsec2.c line 856 in H5FD__sec2_write(): file write failed: time = Wed Nov 19 08:35:42 2025
, filename = 'checkpoint.h5', file descriptor = 5, errno = 14, error message = 'Bad address', buf = 0x1555537c4000, total write size = 15969552, bytes this sub-write = 15969552, bytes actually written = 18446744073709551615, offset = 0
    major: Low-level I/O
    minor: Write failed
HDF5-DIAG: Error detected in HDF5 (1.10.7) thread 0:
  #000: /scratch/spack_cpu/job_21700923/spack-stage/spack-stage-hdf5-1.10.7-xexa2gll6hf6okdatgrxiwhcjs2uepc7/spack-src/src/H5Dio.c line 335 in H5Dwrite(): can't write data
    major: Dataset
    minor: Write failed
  #001: /scratch/spack_cpu/job_21700923/spack-stage/spack-stage-hdf5-1.10.7-xexa2gll6hf6okdatgrxiwhcjs2uepc7/spack-src/src/H5Dio.c line 813 in H5D__write(): can't write data
    major: Dataset
    minor: Write failed
  #002: /scratch/spack_cpu/job_21700923/spack-stage/spack-stage-hdf5-1.10.7-xexa2gll6hf6okdatgrxiwhcjs2uepc7/spack-src/src/H5Dcontig.c line 659 in H5D__contig_write(): contiguous write failed
    major: Dataset
    minor: Write failed
  #003: /scratch/spack_cpu/job_21700923/spack-stage/spack-stage-hdf5-1.10.7-xexa2gll6hf6okdatgrxiwhcjs2uepc7/spack-src/src/H5Dselect.c line 321 in H5D__select_write(): write error
    major: Dataspace
    minor: Write failed
  #004: /scratch/spack_cpu/job_21700923/spack-stage/spack-stage-hdf5-1.10.7-xexa2gll6hf6okdatgrxiwhcjs2uepc7/spack-src/src/H5Dselect.c line 230 in H5D__select_io(): write error
    major: Dataspace
    minor: Write failed
  #005: /scratch/spack_cpu/job_21700923/spack-stage/spack-stage-hdf5-1.10.7-xexa2gll6hf6okdatgrxiwhcjs2uepc7/spack-src/src/H5Dcontig.c line 1281 in H5D__contig_writevv(): can't perform vectorized sieve buffer write
    major: Dataset
    minor: Can't operate on object
  #006: /scratch/spack_cpu/job_21700923/spack-stage/spack-stage-hdf5-1.10.7-xexa2gll6hf6okdatgrxiwhcjs2uepc7/spack-src/src/H5VM.c line 1464 in H5VM_opvv(): can't perform operation
    major: Internal error (too specific to document in detail)
    minor: Can't operate on object
  #007: /scratch/spack_cpu/job_21700923/spack-stage/spack-stage-hdf5-1.10.7-xexa2gll6hf6okdatgrxiwhcjs2uepc7/spack-src/src/H5Dcontig.c line 1029 in H5D__contig_writevv_sieve_cb(): block write failed
    major: Dataset
    minor: Write failed
  #008: /scratch/spack_cpu/job_21700923/spack-stage/spack-stage-hdf5-1.10.7-xexa2gll6hf6okdatgrxiwhcjs2uepc7/spack-src/src/H5Fio.c line 161 in H5F_block_write(): write through page buffer failed
    major: Low-level I/O
    minor: Write failed
  #009: /scratch/spack_cpu/job_21700923/spack-stage/spack-stage-hdf5-1.10.7-xexa2gll6hf6okdatgrxiwhcjs2uepc7/spack-src/src/H5PB.c line 1032 in H5PB_write(): write through metadata accumulator failed
    major: Page Buffering
    minor: Write failed
  #010: /scratch/spack_cpu/job_21700923/spack-stage/spack-stage-hdf5-1.10.7-xexa2gll6hf6okdatgrxiwhcjs2uepc7/spack-src/src/H5Faccum.c line 824 in H5F__accum_write(): file write failed
    major: Low-level I/O
    minor: Write failed
  #011: /scratch/spack_cpu/job_21700923/spack-stage/spack-stage-hdf5-1.10.7-xexa2gll6hf6okdatgrxiwhcjs2uepc7/spack-src/src/H5FDint.c line 249 in H5FD_write(): driver write request failed
    major: Virtual File Layer
    minor: Write failed
  #012: /scratch/spack_cpu/job_21700923/spack-stage/spack-stage-hdf5-1.10.7-xexa2gll6hf6okdatgrxiwhcjs2uepc7/spack-src/src/H5FDsec2.c line 856 in H5FD__sec2_write(): file write failed: time = Wed Nov 19 08:35:49 2025
, filename = 'checkpoint.h5', file descriptor = 5, errno = 14, error message = 'Bad address', buf = 0x1555537c4000, total write size = 15969552, bytes this sub-write = 15969552, bytes actually written = 18446744073709551615, offset = 0
    major: Low-level I/O
    minor: Write failed
Simulation time: 27.1 min
