Resetting modules to system default. Reseting $MODULEPATH back to system default. All extra directories will be removed from $MODULEPATH.
Total Mass: 5.9469e+11
Boyd ZL0: 224.971
kI: 5.4137e-07
kD: 831.352
kT: 1e+09
HDF5-DIAG: Error detected in HDF5 (1.10.7) thread 0:
  #000: /scratch/spack_cpu/job_21700923/spack-stage/spack-stage-hdf5-1.10.7-xexa2gll6hf6okdatgrxiwhcjs2uepc7/spack-src/src/H5Dio.c line 335 in H5Dwrite(): can't write data
    major: Dataset
    minor: Write failed
  #001: /scratch/spack_cpu/job_21700923/spack-stage/spack-stage-hdf5-1.10.7-xexa2gll6hf6okdatgrxiwhcjs2uepc7/spack-src/src/H5Dio.c line 813 in H5D__write(): can't write data
    major: Dataset
    minor: Write failed
  #002: /scratch/spack_cpu/job_21700923/spack-stage/spack-stage-hdf5-1.10.7-xexa2gll6hf6okdatgrxiwhcjs2uepc7/spack-src/src/H5Dcontig.c line 659 in H5D__contig_write(): contiguous write failed
    major: Dataset
    minor: Write failed
  #003: /scratch/spack_cpu/job_21700923/spack-stage/spack-stage-hdf5-1.10.7-xexa2gll6hf6okdatgrxiwhcjs2uepc7/spack-src/src/H5Dselect.c line 321 in H5D__select_write(): write error
    major: Dataspace
    minor: Write failed
  #004: /scratch/spack_cpu/job_21700923/spack-stage/spack-stage-hdf5-1.10.7-xexa2gll6hf6okdatgrxiwhcjs2uepc7/spack-src/src/H5Dselect.c line 230 in H5D__select_io(): write error
    major: Dataspace
    minor: Write failed
  #005: /scratch/spack_cpu/job_21700923/spack-stage/spack-stage-hdf5-1.10.7-xexa2gll6hf6okdatgrxiwhcjs2uepc7/spack-src/src/H5Dcontig.c line 1281 in H5D__contig_writevv(): can't perform vectorized sieve buffer write
    major: Dataset
    minor: Can't operate on object
  #006: /scratch/spack_cpu/job_21700923/spack-stage/spack-stage-hdf5-1.10.7-xexa2gll6hf6okdatgrxiwhcjs2uepc7/spack-src/src/H5VM.c line 1464 in H5VM_opvv(): can't perform operation
    major: Internal error (too specific to document in detail)
    minor: Can't operate on object
  #007: /scratch/spack_cpu/job_21700923/spack-stage/spack-stage-hdf5-1.10.7-xexa2gll6hf6okdatgrxiwhcjs2uepc7/spack-src/src/H5Dcontig.c line 1029 in H5D__contig_writevv_sieve_cb(): block write failed
    major: Dataset
    minor: Write failed
  #008: /scratch/spack_cpu/job_21700923/spack-stage/spack-stage-hdf5-1.10.7-xexa2gll6hf6okdatgrxiwhcjs2uepc7/spack-src/src/H5Fio.c line 161 in H5F_block_write(): write through page buffer failed
    major: Low-level I/O
    minor: Write failed
  #009: /scratch/spack_cpu/job_21700923/spack-stage/spack-stage-hdf5-1.10.7-xexa2gll6hf6okdatgrxiwhcjs2uepc7/spack-src/src/H5PB.c line 1032 in H5PB_write(): write through metadata accumulator failed
    major: Page Buffering
    minor: Write failed
  #010: /scratch/spack_cpu/job_21700923/spack-stage/spack-stage-hdf5-1.10.7-xexa2gll6hf6okdatgrxiwhcjs2uepc7/spack-src/src/H5Faccum.c line 824 in H5F__accum_write(): file write failed
    major: Low-level I/O
    minor: Write failed
  #011: /scratch/spack_cpu/job_21700923/spack-stage/spack-stage-hdf5-1.10.7-xexa2gll6hf6okdatgrxiwhcjs2uepc7/spack-src/src/H5FDint.c line 249 in H5FD_write(): driver write request failed
    major: Virtual File Layer
    minor: Write failed
  #012: /scratch/spack_cpu/job_21700923/spack-stage/spack-stage-hdf5-1.10.7-xexa2gll6hf6okdatgrxiwhcjs2uepc7/spack-src/src/H5FDsec2.c line 856 in H5FD__sec2_write(): file write failed: time = Wed Nov 19 08:08:44 2025
, filename = 'checkpoint.h5', file descriptor = 5, errno = 14, error message = 'Bad address', buf = 0x1555537c4000, total write size = 15969552, bytes this sub-write = 15969552, bytes actually written = 18446744073709551615, offset = 0
    major: Low-level I/O
    minor: Write failed
HDF5-DIAG: Error detected in HDF5 (1.10.7) thread 0:
  #000: /scratch/spack_cpu/job_21700923/spack-stage/spack-stage-hdf5-1.10.7-xexa2gll6hf6okdatgrxiwhcjs2uepc7/spack-src/src/H5Dio.c line 335 in H5Dwrite(): can't write data
    major: Dataset
    minor: Write failed
  #001: /scratch/spack_cpu/job_21700923/spack-stage/spack-stage-hdf5-1.10.7-xexa2gll6hf6okdatgrxiwhcjs2uepc7/spack-src/src/H5Dio.c line 813 in H5D__write(): can't write data
    major: Dataset
    minor: Write failed
  #002: /scratch/spack_cpu/job_21700923/spack-stage/spack-stage-hdf5-1.10.7-xexa2gll6hf6okdatgrxiwhcjs2uepc7/spack-src/src/H5Dcontig.c line 659 in H5D__contig_write(): contiguous write failed
    major: Dataset
    minor: Write failed
  #003: /scratch/spack_cpu/job_21700923/spack-stage/spack-stage-hdf5-1.10.7-xexa2gll6hf6okdatgrxiwhcjs2uepc7/spack-src/src/H5Dselect.c line 321 in H5D__select_write(): write error
    major: Dataspace
    minor: Write failed
  #004: /scratch/spack_cpu/job_21700923/spack-stage/spack-stage-hdf5-1.10.7-xexa2gll6hf6okdatgrxiwhcjs2uepc7/spack-src/src/H5Dselect.c line 230 in H5D__select_io(): write error
    major: Dataspace
    minor: Write failed
  #005: /scratch/spack_cpu/job_21700923/spack-stage/spack-stage-hdf5-1.10.7-xexa2gll6hf6okdatgrxiwhcjs2uepc7/spack-src/src/H5Dcontig.c line 1281 in H5D__contig_writevv(): can't perform vectorized sieve buffer write
    major: Dataset
    minor: Can't operate on object
  #006: /scratch/spack_cpu/job_21700923/spack-stage/spack-stage-hdf5-1.10.7-xexa2gll6hf6okdatgrxiwhcjs2uepc7/spack-src/src/H5VM.c line 1464 in H5VM_opvv(): can't perform operation
    major: Internal error (too specific to document in detail)
    minor: Can't operate on object
  #007: /scratch/spack_cpu/job_21700923/spack-stage/spack-stage-hdf5-1.10.7-xexa2gll6hf6okdatgrxiwhcjs2uepc7/spack-src/src/H5Dcontig.c line 1029 in H5D__contig_writevv_sieve_cb(): block write failed
    major: Dataset
    minor: Write failed
  #008: /scratch/spack_cpu/job_21700923/spack-stage/spack-stage-hdf5-1.10.7-xexa2gll6hf6okdatgrxiwhcjs2uepc7/spack-src/src/H5Fio.c line 161 in H5F_block_write(): write through page buffer failed
    major: Low-level I/O
    minor: Write failed
  #009: /scratch/spack_cpu/job_21700923/spack-stage/spack-stage-hdf5-1.10.7-xexa2gll6hf6okdatgrxiwhcjs2uepc7/spack-src/src/H5PB.c line 1032 in H5PB_write(): write through metadata accumulator failed
    major: Page Buffering
    minor: Write failed
  #010: /scratch/spack_cpu/job_21700923/spack-stage/spack-stage-hdf5-1.10.7-xexa2gll6hf6okdatgrxiwhcjs2uepc7/spack-src/src/H5Faccum.c line 824 in H5F__accum_write(): file write failed
    major: Low-level I/O
    minor: Write failed
  #011: /scratch/spack_cpu/job_21700923/spack-stage/spack-stage-hdf5-1.10.7-xexa2gll6hf6okdatgrxiwhcjs2uepc7/spack-src/src/H5FDint.c line 249 in H5FD_write(): driver write request failed
    major: Virtual File Layer
    minor: Write failed
  #012: /scratch/spack_cpu/job_21700923/spack-stage/spack-stage-hdf5-1.10.7-xexa2gll6hf6okdatgrxiwhcjs2uepc7/spack-src/src/H5FDsec2.c line 856 in H5FD__sec2_write(): file write failed: time = Wed Nov 19 08:11:36 2025
, filename = 'checkpoint.h5', file descriptor = 5, errno = 14, error message = 'Bad address', buf = 0x1555537c4000, total write size = 15969552, bytes this sub-write = 15969552, bytes actually written = 18446744073709551615, offset = 0
    major: Low-level I/O
    minor: Write failed
HDF5-DIAG: Error detected in HDF5 (1.10.7) thread 0:
  #000: /scratch/spack_cpu/job_21700923/spack-stage/spack-stage-hdf5-1.10.7-xexa2gll6hf6okdatgrxiwhcjs2uepc7/spack-src/src/H5Dio.c line 335 in H5Dwrite(): can't write data
    major: Dataset
    minor: Write failed
  #001: /scratch/spack_cpu/job_21700923/spack-stage/spack-stage-hdf5-1.10.7-xexa2gll6hf6okdatgrxiwhcjs2uepc7/spack-src/src/H5Dio.c line 813 in H5D__write(): can't write data
    major: Dataset
    minor: Write failed
  #002: /scratch/spack_cpu/job_21700923/spack-stage/spack-stage-hdf5-1.10.7-xexa2gll6hf6okdatgrxiwhcjs2uepc7/spack-src/src/H5Dcontig.c line 659 in H5D__contig_write(): contiguous write failed
    major: Dataset
    minor: Write failed
  #003: /scratch/spack_cpu/job_21700923/spack-stage/spack-stage-hdf5-1.10.7-xexa2gll6hf6okdatgrxiwhcjs2uepc7/spack-src/src/H5Dselect.c line 321 in H5D__select_write(): write error
    major: Dataspace
    minor: Write failed
  #004: /scratch/spack_cpu/job_21700923/spack-stage/spack-stage-hdf5-1.10.7-xexa2gll6hf6okdatgrxiwhcjs2uepc7/spack-src/src/H5Dselect.c line 230 in H5D__select_io(): write error
    major: Dataspace
    minor: Write failed
  #005: /scratch/spack_cpu/job_21700923/spack-stage/spack-stage-hdf5-1.10.7-xexa2gll6hf6okdatgrxiwhcjs2uepc7/spack-src/src/H5Dcontig.c line 1281 in H5D__contig_writevv(): can't perform vectorized sieve buffer write
    major: Dataset
    minor: Can't operate on object
  #006: /scratch/spack_cpu/job_21700923/spack-stage/spack-stage-hdf5-1.10.7-xexa2gll6hf6okdatgrxiwhcjs2uepc7/spack-src/src/H5VM.c line 1464 in H5VM_opvv(): can't perform operation
    major: Internal error (too specific to document in detail)
    minor: Can't operate on object
  #007: /scratch/spack_cpu/job_21700923/spack-stage/spack-stage-hdf5-1.10.7-xexa2gll6hf6okdatgrxiwhcjs2uepc7/spack-src/src/H5Dcontig.c line 1029 in H5D__contig_writevv_sieve_cb(): block write failed
    major: Dataset
    minor: Write failed
  #008: /scratch/spack_cpu/job_21700923/spack-stage/spack-stage-hdf5-1.10.7-xexa2gll6hf6okdatgrxiwhcjs2uepc7/spack-src/src/H5Fio.c line 161 in H5F_block_write(): write through page buffer failed
    major: Low-level I/O
    minor: Write failed
  #009: /scratch/spack_cpu/job_21700923/spack-stage/spack-stage-hdf5-1.10.7-xexa2gll6hf6okdatgrxiwhcjs2uepc7/spack-src/src/H5PB.c line 1032 in H5PB_write(): write through metadata accumulator failed
    major: Page Buffering
    minor: Write failed
  #010: /scratch/spack_cpu/job_21700923/spack-stage/spack-stage-hdf5-1.10.7-xexa2gll6hf6okdatgrxiwhcjs2uepc7/spack-src/src/H5Faccum.c line 824 in H5F__accum_write(): file write failed
    major: Low-level I/O
    minor: Write failed
  #011: /scratch/spack_cpu/job_21700923/spack-stage/spack-stage-hdf5-1.10.7-xexa2gll6hf6okdatgrxiwhcjs2uepc7/spack-src/src/H5FDint.c line 249 in H5FD_write(): driver write request failed
    major: Virtual File Layer
    minor: Write failed
  #012: /scratch/spack_cpu/job_21700923/spack-stage/spack-stage-hdf5-1.10.7-xexa2gll6hf6okdatgrxiwhcjs2uepc7/spack-src/src/H5FDsec2.c line 856 in H5FD__sec2_write(): file write failed: time = Wed Nov 19 08:13:54 2025
, filename = 'checkpoint.h5', file descriptor = 5, errno = 14, error message = 'Bad address', buf = 0x1555537c4000, total write size = 15969552, bytes this sub-write = 15969552, bytes actually written = 18446744073709551615, offset = 0
    major: Low-level I/O
    minor: Write failed
HDF5-DIAG: Error detected in HDF5 (1.10.7) thread 0:
  #000: /scratch/spack_cpu/job_21700923/spack-stage/spack-stage-hdf5-1.10.7-xexa2gll6hf6okdatgrxiwhcjs2uepc7/spack-src/src/H5Dio.c line 335 in H5Dwrite(): can't write data
    major: Dataset
    minor: Write failed
  #001: /scratch/spack_cpu/job_21700923/spack-stage/spack-stage-hdf5-1.10.7-xexa2gll6hf6okdatgrxiwhcjs2uepc7/spack-src/src/H5Dio.c line 813 in H5D__write(): can't write data
    major: Dataset
    minor: Write failed
  #002: /scratch/spack_cpu/job_21700923/spack-stage/spack-stage-hdf5-1.10.7-xexa2gll6hf6okdatgrxiwhcjs2uepc7/spack-src/src/H5Dcontig.c line 659 in H5D__contig_write(): contiguous write failed
    major: Dataset
    minor: Write failed
  #003: /scratch/spack_cpu/job_21700923/spack-stage/spack-stage-hdf5-1.10.7-xexa2gll6hf6okdatgrxiwhcjs2uepc7/spack-src/src/H5Dselect.c line 321 in H5D__select_write(): write error
    major: Dataspace
    minor: Write failed
  #004: /scratch/spack_cpu/job_21700923/spack-stage/spack-stage-hdf5-1.10.7-xexa2gll6hf6okdatgrxiwhcjs2uepc7/spack-src/src/H5Dselect.c line 230 in H5D__select_io(): write error
    major: Dataspace
    minor: Write failed
  #005: /scratch/spack_cpu/job_21700923/spack-stage/spack-stage-hdf5-1.10.7-xexa2gll6hf6okdatgrxiwhcjs2uepc7/spack-src/src/H5Dcontig.c line 1281 in H5D__contig_writevv(): can't perform vectorized sieve buffer write
    major: Dataset
    minor: Can't operate on object
  #006: /scratch/spack_cpu/job_21700923/spack-stage/spack-stage-hdf5-1.10.7-xexa2gll6hf6okdatgrxiwhcjs2uepc7/spack-src/src/H5VM.c line 1464 in H5VM_opvv(): can't perform operation
    major: Internal error (too specific to document in detail)
    minor: Can't operate on object
  #007: /scratch/spack_cpu/job_21700923/spack-stage/spack-stage-hdf5-1.10.7-xexa2gll6hf6okdatgrxiwhcjs2uepc7/spack-src/src/H5Dcontig.c line 1029 in H5D__contig_writevv_sieve_cb(): block write failed
    major: Dataset
    minor: Write failed
  #008: /scratch/spack_cpu/job_21700923/spack-stage/spack-stage-hdf5-1.10.7-xexa2gll6hf6okdatgrxiwhcjs2uepc7/spack-src/src/H5Fio.c line 161 in H5F_block_write(): write through page buffer failed
    major: Low-level I/O
    minor: Write failed
  #009: /scratch/spack_cpu/job_21700923/spack-stage/spack-stage-hdf5-1.10.7-xexa2gll6hf6okdatgrxiwhcjs2uepc7/spack-src/src/H5PB.c line 1032 in H5PB_write(): write through metadata accumulator failed
    major: Page Buffering
    minor: Write failed
  #010: /scratch/spack_cpu/job_21700923/spack-stage/spack-stage-hdf5-1.10.7-xexa2gll6hf6okdatgrxiwhcjs2uepc7/spack-src/src/H5Faccum.c line 824 in H5F__accum_write(): file write failed
    major: Low-level I/O
    minor: Write failed
  #011: /scratch/spack_cpu/job_21700923/spack-stage/spack-stage-hdf5-1.10.7-xexa2gll6hf6okdatgrxiwhcjs2uepc7/spack-src/src/H5FDint.c line 249 in H5FD_write(): driver write request failed
    major: Virtual File Layer
    minor: Write failed
  #012: /scratch/spack_cpu/job_21700923/spack-stage/spack-stage-hdf5-1.10.7-xexa2gll6hf6okdatgrxiwhcjs2uepc7/spack-src/src/H5FDsec2.c line 856 in H5FD__sec2_write(): file write failed: time = Wed Nov 19 08:16:10 2025
, filename = 'checkpoint.h5', file descriptor = 5, errno = 14, error message = 'Bad address', buf = 0x1555537c4000, total write size = 15969552, bytes this sub-write = 15969552, bytes actually written = 18446744073709551615, offset = 0
    major: Low-level I/O
    minor: Write failed
HDF5-DIAG: Error detected in HDF5 (1.10.7) thread 0:
  #000: /scratch/spack_cpu/job_21700923/spack-stage/spack-stage-hdf5-1.10.7-xexa2gll6hf6okdatgrxiwhcjs2uepc7/spack-src/src/H5Dio.c line 335 in H5Dwrite(): can't write data
    major: Dataset
    minor: Write failed
  #001: /scratch/spack_cpu/job_21700923/spack-stage/spack-stage-hdf5-1.10.7-xexa2gll6hf6okdatgrxiwhcjs2uepc7/spack-src/src/H5Dio.c line 813 in H5D__write(): can't write data
    major: Dataset
    minor: Write failed
  #002: /scratch/spack_cpu/job_21700923/spack-stage/spack-stage-hdf5-1.10.7-xexa2gll6hf6okdatgrxiwhcjs2uepc7/spack-src/src/H5Dcontig.c line 659 in H5D__contig_write(): contiguous write failed
    major: Dataset
    minor: Write failed
  #003: /scratch/spack_cpu/job_21700923/spack-stage/spack-stage-hdf5-1.10.7-xexa2gll6hf6okdatgrxiwhcjs2uepc7/spack-src/src/H5Dselect.c line 321 in H5D__select_write(): write error
    major: Dataspace
    minor: Write failed
  #004: /scratch/spack_cpu/job_21700923/spack-stage/spack-stage-hdf5-1.10.7-xexa2gll6hf6okdatgrxiwhcjs2uepc7/spack-src/src/H5Dselect.c line 230 in H5D__select_io(): write error
    major: Dataspace
    minor: Write failed
  #005: /scratch/spack_cpu/job_21700923/spack-stage/spack-stage-hdf5-1.10.7-xexa2gll6hf6okdatgrxiwhcjs2uepc7/spack-src/src/H5Dcontig.c line 1281 in H5D__contig_writevv(): can't perform vectorized sieve buffer write
    major: Dataset
    minor: Can't operate on object
  #006: /scratch/spack_cpu/job_21700923/spack-stage/spack-stage-hdf5-1.10.7-xexa2gll6hf6okdatgrxiwhcjs2uepc7/spack-src/src/H5VM.c line 1464 in H5VM_opvv(): can't perform operation
    major: Internal error (too specific to document in detail)
    minor: Can't operate on object
  #007: /scratch/spack_cpu/job_21700923/spack-stage/spack-stage-hdf5-1.10.7-xexa2gll6hf6okdatgrxiwhcjs2uepc7/spack-src/src/H5Dcontig.c line 1029 in H5D__contig_writevv_sieve_cb(): block write failed
    major: Dataset
    minor: Write failed
  #008: /scratch/spack_cpu/job_21700923/spack-stage/spack-stage-hdf5-1.10.7-xexa2gll6hf6okdatgrxiwhcjs2uepc7/spack-src/src/H5Fio.c line 161 in H5F_block_write(): write through page buffer failed
    major: Low-level I/O
    minor: Write failed
  #009: /scratch/spack_cpu/job_21700923/spack-stage/spack-stage-hdf5-1.10.7-xexa2gll6hf6okdatgrxiwhcjs2uepc7/spack-src/src/H5PB.c line 1032 in H5PB_write(): write through metadata accumulator failed
    major: Page Buffering
    minor: Write failed
  #010: /scratch/spack_cpu/job_21700923/spack-stage/spack-stage-hdf5-1.10.7-xexa2gll6hf6okdatgrxiwhcjs2uepc7/spack-src/src/H5Faccum.c line 824 in H5F__accum_write(): file write failed
    major: Low-level I/O
    minor: Write failed
  #011: /scratch/spack_cpu/job_21700923/spack-stage/spack-stage-hdf5-1.10.7-xexa2gll6hf6okdatgrxiwhcjs2uepc7/spack-src/src/H5FDint.c line 249 in H5FD_write(): driver write request failed
    major: Virtual File Layer
    minor: Write failed
  #012: /scratch/spack_cpu/job_21700923/spack-stage/spack-stage-hdf5-1.10.7-xexa2gll6hf6okdatgrxiwhcjs2uepc7/spack-src/src/H5FDsec2.c line 856 in H5FD__sec2_write(): file write failed: time = Wed Nov 19 08:18:21 2025
, filename = 'checkpoint.h5', file descriptor = 5, errno = 14, error message = 'Bad address', buf = 0x1555537c4000, total write size = 15969552, bytes this sub-write = 15969552, bytes actually written = 18446744073709551615, offset = 0
    major: Low-level I/O
    minor: Write failed
HDF5-DIAG: Error detected in HDF5 (1.10.7) thread 0:
  #000: /scratch/spack_cpu/job_21700923/spack-stage/spack-stage-hdf5-1.10.7-xexa2gll6hf6okdatgrxiwhcjs2uepc7/spack-src/src/H5Dio.c line 335 in H5Dwrite(): can't write data
    major: Dataset
    minor: Write failed
  #001: /scratch/spack_cpu/job_21700923/spack-stage/spack-stage-hdf5-1.10.7-xexa2gll6hf6okdatgrxiwhcjs2uepc7/spack-src/src/H5Dio.c line 813 in H5D__write(): can't write data
    major: Dataset
    minor: Write failed
  #002: /scratch/spack_cpu/job_21700923/spack-stage/spack-stage-hdf5-1.10.7-xexa2gll6hf6okdatgrxiwhcjs2uepc7/spack-src/src/H5Dcontig.c line 659 in H5D__contig_write(): contiguous write failed
    major: Dataset
    minor: Write failed
  #003: /scratch/spack_cpu/job_21700923/spack-stage/spack-stage-hdf5-1.10.7-xexa2gll6hf6okdatgrxiwhcjs2uepc7/spack-src/src/H5Dselect.c line 321 in H5D__select_write(): write error
    major: Dataspace
    minor: Write failed
  #004: /scratch/spack_cpu/job_21700923/spack-stage/spack-stage-hdf5-1.10.7-xexa2gll6hf6okdatgrxiwhcjs2uepc7/spack-src/src/H5Dselect.c line 230 in H5D__select_io(): write error
    major: Dataspace
    minor: Write failed
  #005: /scratch/spack_cpu/job_21700923/spack-stage/spack-stage-hdf5-1.10.7-xexa2gll6hf6okdatgrxiwhcjs2uepc7/spack-src/src/H5Dcontig.c line 1281 in H5D__contig_writevv(): can't perform vectorized sieve buffer write
    major: Dataset
    minor: Can't operate on object
  #006: /scratch/spack_cpu/job_21700923/spack-stage/spack-stage-hdf5-1.10.7-xexa2gll6hf6okdatgrxiwhcjs2uepc7/spack-src/src/H5VM.c line 1464 in H5VM_opvv(): can't perform operation
    major: Internal error (too specific to document in detail)
    minor: Can't operate on object
  #007: /scratch/spack_cpu/job_21700923/spack-stage/spack-stage-hdf5-1.10.7-xexa2gll6hf6okdatgrxiwhcjs2uepc7/spack-src/src/H5Dcontig.c line 1029 in H5D__contig_writevv_sieve_cb(): block write failed
    major: Dataset
    minor: Write failed
  #008: /scratch/spack_cpu/job_21700923/spack-stage/spack-stage-hdf5-1.10.7-xexa2gll6hf6okdatgrxiwhcjs2uepc7/spack-src/src/H5Fio.c line 161 in H5F_block_write(): write through page buffer failed
    major: Low-level I/O
    minor: Write failed
  #009: /scratch/spack_cpu/job_21700923/spack-stage/spack-stage-hdf5-1.10.7-xexa2gll6hf6okdatgrxiwhcjs2uepc7/spack-src/src/H5PB.c line 1032 in H5PB_write(): write through metadata accumulator failed
    major: Page Buffering
    minor: Write failed
  #010: /scratch/spack_cpu/job_21700923/spack-stage/spack-stage-hdf5-1.10.7-xexa2gll6hf6okdatgrxiwhcjs2uepc7/spack-src/src/H5Faccum.c line 824 in H5F__accum_write(): file write failed
    major: Low-level I/O
    minor: Write failed
  #011: /scratch/spack_cpu/job_21700923/spack-stage/spack-stage-hdf5-1.10.7-xexa2gll6hf6okdatgrxiwhcjs2uepc7/spack-src/src/H5FDint.c line 249 in H5FD_write(): driver write request failed
    major: Virtual File Layer
    minor: Write failed
  #012: /scratch/spack_cpu/job_21700923/spack-stage/spack-stage-hdf5-1.10.7-xexa2gll6hf6okdatgrxiwhcjs2uepc7/spack-src/src/H5FDsec2.c line 856 in H5FD__sec2_write(): file write failed: time = Wed Nov 19 08:20:33 2025
, filename = 'checkpoint.h5', file descriptor = 5, errno = 14, error message = 'Bad address', buf = 0x1555537c4000, total write size = 15969552, bytes this sub-write = 15969552, bytes actually written = 18446744073709551615, offset = 0
    major: Low-level I/O
    minor: Write failed
HDF5-DIAG: Error detected in HDF5 (1.10.7) thread 0:
  #000: /scratch/spack_cpu/job_21700923/spack-stage/spack-stage-hdf5-1.10.7-xexa2gll6hf6okdatgrxiwhcjs2uepc7/spack-src/src/H5Dio.c line 335 in H5Dwrite(): can't write data
    major: Dataset
    minor: Write failed
  #001: /scratch/spack_cpu/job_21700923/spack-stage/spack-stage-hdf5-1.10.7-xexa2gll6hf6okdatgrxiwhcjs2uepc7/spack-src/src/H5Dio.c line 813 in H5D__write(): can't write data
    major: Dataset
    minor: Write failed
  #002: /scratch/spack_cpu/job_21700923/spack-stage/spack-stage-hdf5-1.10.7-xexa2gll6hf6okdatgrxiwhcjs2uepc7/spack-src/src/H5Dcontig.c line 659 in H5D__contig_write(): contiguous write failed
    major: Dataset
    minor: Write failed
  #003: /scratch/spack_cpu/job_21700923/spack-stage/spack-stage-hdf5-1.10.7-xexa2gll6hf6okdatgrxiwhcjs2uepc7/spack-src/src/H5Dselect.c line 321 in H5D__select_write(): write error
    major: Dataspace
    minor: Write failed
  #004: /scratch/spack_cpu/job_21700923/spack-stage/spack-stage-hdf5-1.10.7-xexa2gll6hf6okdatgrxiwhcjs2uepc7/spack-src/src/H5Dselect.c line 230 in H5D__select_io(): write error
    major: Dataspace
    minor: Write failed
  #005: /scratch/spack_cpu/job_21700923/spack-stage/spack-stage-hdf5-1.10.7-xexa2gll6hf6okdatgrxiwhcjs2uepc7/spack-src/src/H5Dcontig.c line 1281 in H5D__contig_writevv(): can't perform vectorized sieve buffer write
    major: Dataset
    minor: Can't operate on object
  #006: /scratch/spack_cpu/job_21700923/spack-stage/spack-stage-hdf5-1.10.7-xexa2gll6hf6okdatgrxiwhcjs2uepc7/spack-src/src/H5VM.c line 1464 in H5VM_opvv(): can't perform operation
    major: Internal error (too specific to document in detail)
    minor: Can't operate on object
  #007: /scratch/spack_cpu/job_21700923/spack-stage/spack-stage-hdf5-1.10.7-xexa2gll6hf6okdatgrxiwhcjs2uepc7/spack-src/src/H5Dcontig.c line 1029 in H5D__contig_writevv_sieve_cb(): block write failed
    major: Dataset
    minor: Write failed
  #008: /scratch/spack_cpu/job_21700923/spack-stage/spack-stage-hdf5-1.10.7-xexa2gll6hf6okdatgrxiwhcjs2uepc7/spack-src/src/H5Fio.c line 161 in H5F_block_write(): write through page buffer failed
    major: Low-level I/O
    minor: Write failed
  #009: /scratch/spack_cpu/job_21700923/spack-stage/spack-stage-hdf5-1.10.7-xexa2gll6hf6okdatgrxiwhcjs2uepc7/spack-src/src/H5PB.c line 1032 in H5PB_write(): write through metadata accumulator failed
    major: Page Buffering
    minor: Write failed
  #010: /scratch/spack_cpu/job_21700923/spack-stage/spack-stage-hdf5-1.10.7-xexa2gll6hf6okdatgrxiwhcjs2uepc7/spack-src/src/H5Faccum.c line 824 in H5F__accum_write(): file write failed
    major: Low-level I/O
    minor: Write failed
  #011: /scratch/spack_cpu/job_21700923/spack-stage/spack-stage-hdf5-1.10.7-xexa2gll6hf6okdatgrxiwhcjs2uepc7/spack-src/src/H5FDint.c line 249 in H5FD_write(): driver write request failed
    major: Virtual File Layer
    minor: Write failed
  #012: /scratch/spack_cpu/job_21700923/spack-stage/spack-stage-hdf5-1.10.7-xexa2gll6hf6okdatgrxiwhcjs2uepc7/spack-src/src/H5FDsec2.c line 856 in H5FD__sec2_write(): file write failed: time = Wed Nov 19 08:22:45 2025
, filename = 'checkpoint.h5', file descriptor = 5, errno = 14, error message = 'Bad address', buf = 0x1555537c4000, total write size = 15969552, bytes this sub-write = 15969552, bytes actually written = 18446744073709551615, offset = 0
    major: Low-level I/O
    minor: Write failed
HDF5-DIAG: Error detected in HDF5 (1.10.7) thread 0:
  #000: /scratch/spack_cpu/job_21700923/spack-stage/spack-stage-hdf5-1.10.7-xexa2gll6hf6okdatgrxiwhcjs2uepc7/spack-src/src/H5Dio.c line 335 in H5Dwrite(): can't write data
    major: Dataset
    minor: Write failed
  #001: /scratch/spack_cpu/job_21700923/spack-stage/spack-stage-hdf5-1.10.7-xexa2gll6hf6okdatgrxiwhcjs2uepc7/spack-src/src/H5Dio.c line 813 in H5D__write(): can't write data
    major: Dataset
    minor: Write failed
  #002: /scratch/spack_cpu/job_21700923/spack-stage/spack-stage-hdf5-1.10.7-xexa2gll6hf6okdatgrxiwhcjs2uepc7/spack-src/src/H5Dcontig.c line 659 in H5D__contig_write(): contiguous write failed
    major: Dataset
    minor: Write failed
  #003: /scratch/spack_cpu/job_21700923/spack-stage/spack-stage-hdf5-1.10.7-xexa2gll6hf6okdatgrxiwhcjs2uepc7/spack-src/src/H5Dselect.c line 321 in H5D__select_write(): write error
    major: Dataspace
    minor: Write failed
  #004: /scratch/spack_cpu/job_21700923/spack-stage/spack-stage-hdf5-1.10.7-xexa2gll6hf6okdatgrxiwhcjs2uepc7/spack-src/src/H5Dselect.c line 230 in H5D__select_io(): write error
    major: Dataspace
    minor: Write failed
  #005: /scratch/spack_cpu/job_21700923/spack-stage/spack-stage-hdf5-1.10.7-xexa2gll6hf6okdatgrxiwhcjs2uepc7/spack-src/src/H5Dcontig.c line 1281 in H5D__contig_writevv(): can't perform vectorized sieve buffer write
    major: Dataset
    minor: Can't operate on object
  #006: /scratch/spack_cpu/job_21700923/spack-stage/spack-stage-hdf5-1.10.7-xexa2gll6hf6okdatgrxiwhcjs2uepc7/spack-src/src/H5VM.c line 1464 in H5VM_opvv(): can't perform operation
    major: Internal error (too specific to document in detail)
    minor: Can't operate on object
  #007: /scratch/spack_cpu/job_21700923/spack-stage/spack-stage-hdf5-1.10.7-xexa2gll6hf6okdatgrxiwhcjs2uepc7/spack-src/src/H5Dcontig.c line 1029 in H5D__contig_writevv_sieve_cb(): block write failed
    major: Dataset
    minor: Write failed
  #008: /scratch/spack_cpu/job_21700923/spack-stage/spack-stage-hdf5-1.10.7-xexa2gll6hf6okdatgrxiwhcjs2uepc7/spack-src/src/H5Fio.c line 161 in H5F_block_write(): write through page buffer failed
    major: Low-level I/O
    minor: Write failed
  #009: /scratch/spack_cpu/job_21700923/spack-stage/spack-stage-hdf5-1.10.7-xexa2gll6hf6okdatgrxiwhcjs2uepc7/spack-src/src/H5PB.c line 1032 in H5PB_write(): write through metadata accumulator failed
    major: Page Buffering
    minor: Write failed
  #010: /scratch/spack_cpu/job_21700923/spack-stage/spack-stage-hdf5-1.10.7-xexa2gll6hf6okdatgrxiwhcjs2uepc7/spack-src/src/H5Faccum.c line 824 in H5F__accum_write(): file write failed
    major: Low-level I/O
    minor: Write failed
  #011: /scratch/spack_cpu/job_21700923/spack-stage/spack-stage-hdf5-1.10.7-xexa2gll6hf6okdatgrxiwhcjs2uepc7/spack-src/src/H5FDint.c line 249 in H5FD_write(): driver write request failed
    major: Virtual File Layer
    minor: Write failed
  #012: /scratch/spack_cpu/job_21700923/spack-stage/spack-stage-hdf5-1.10.7-xexa2gll6hf6okdatgrxiwhcjs2uepc7/spack-src/src/H5FDsec2.c line 856 in H5FD__sec2_write(): file write failed: time = Wed Nov 19 08:24:56 2025
, filename = 'checkpoint.h5', file descriptor = 5, errno = 14, error message = 'Bad address', buf = 0x1555537c4000, total write size = 15969552, bytes this sub-write = 15969552, bytes actually written = 18446744073709551615, offset = 0
    major: Low-level I/O
    minor: Write failed
HDF5-DIAG: Error detected in HDF5 (1.10.7) thread 0:
  #000: /scratch/spack_cpu/job_21700923/spack-stage/spack-stage-hdf5-1.10.7-xexa2gll6hf6okdatgrxiwhcjs2uepc7/spack-src/src/H5Dio.c line 335 in H5Dwrite(): can't write data
    major: Dataset
    minor: Write failed
  #001: /scratch/spack_cpu/job_21700923/spack-stage/spack-stage-hdf5-1.10.7-xexa2gll6hf6okdatgrxiwhcjs2uepc7/spack-src/src/H5Dio.c line 813 in H5D__write(): can't write data
    major: Dataset
    minor: Write failed
  #002: /scratch/spack_cpu/job_21700923/spack-stage/spack-stage-hdf5-1.10.7-xexa2gll6hf6okdatgrxiwhcjs2uepc7/spack-src/src/H5Dcontig.c line 659 in H5D__contig_write(): contiguous write failed
    major: Dataset
    minor: Write failed
  #003: /scratch/spack_cpu/job_21700923/spack-stage/spack-stage-hdf5-1.10.7-xexa2gll6hf6okdatgrxiwhcjs2uepc7/spack-src/src/H5Dselect.c line 321 in H5D__select_write(): write error
    major: Dataspace
    minor: Write failed
  #004: /scratch/spack_cpu/job_21700923/spack-stage/spack-stage-hdf5-1.10.7-xexa2gll6hf6okdatgrxiwhcjs2uepc7/spack-src/src/H5Dselect.c line 230 in H5D__select_io(): write error
    major: Dataspace
    minor: Write failed
  #005: /scratch/spack_cpu/job_21700923/spack-stage/spack-stage-hdf5-1.10.7-xexa2gll6hf6okdatgrxiwhcjs2uepc7/spack-src/src/H5Dcontig.c line 1281 in H5D__contig_writevv(): can't perform vectorized sieve buffer write
    major: Dataset
    minor: Can't operate on object
  #006: /scratch/spack_cpu/job_21700923/spack-stage/spack-stage-hdf5-1.10.7-xexa2gll6hf6okdatgrxiwhcjs2uepc7/spack-src/src/H5VM.c line 1464 in H5VM_opvv(): can't perform operation
    major: Internal error (too specific to document in detail)
    minor: Can't operate on object
  #007: /scratch/spack_cpu/job_21700923/spack-stage/spack-stage-hdf5-1.10.7-xexa2gll6hf6okdatgrxiwhcjs2uepc7/spack-src/src/H5Dcontig.c line 1029 in H5D__contig_writevv_sieve_cb(): block write failed
    major: Dataset
    minor: Write failed
  #008: /scratch/spack_cpu/job_21700923/spack-stage/spack-stage-hdf5-1.10.7-xexa2gll6hf6okdatgrxiwhcjs2uepc7/spack-src/src/H5Fio.c line 161 in H5F_block_write(): write through page buffer failed
    major: Low-level I/O
    minor: Write failed
  #009: /scratch/spack_cpu/job_21700923/spack-stage/spack-stage-hdf5-1.10.7-xexa2gll6hf6okdatgrxiwhcjs2uepc7/spack-src/src/H5PB.c line 1032 in H5PB_write(): write through metadata accumulator failed
    major: Page Buffering
    minor: Write failed
  #010: /scratch/spack_cpu/job_21700923/spack-stage/spack-stage-hdf5-1.10.7-xexa2gll6hf6okdatgrxiwhcjs2uepc7/spack-src/src/H5Faccum.c line 824 in H5F__accum_write(): file write failed
    major: Low-level I/O
    minor: Write failed
  #011: /scratch/spack_cpu/job_21700923/spack-stage/spack-stage-hdf5-1.10.7-xexa2gll6hf6okdatgrxiwhcjs2uepc7/spack-src/src/H5FDint.c line 249 in H5FD_write(): driver write request failed
    major: Virtual File Layer
    minor: Write failed
  #012: /scratch/spack_cpu/job_21700923/spack-stage/spack-stage-hdf5-1.10.7-xexa2gll6hf6okdatgrxiwhcjs2uepc7/spack-src/src/H5FDsec2.c line 856 in H5FD__sec2_write(): file write failed: time = Wed Nov 19 08:27:07 2025
, filename = 'checkpoint.h5', file descriptor = 5, errno = 14, error message = 'Bad address', buf = 0x1555537c4000, total write size = 15969552, bytes this sub-write = 15969552, bytes actually written = 18446744073709551615, offset = 0
    major: Low-level I/O
    minor: Write failed
HDF5-DIAG: Error detected in HDF5 (1.10.7) thread 0:
  #000: /scratch/spack_cpu/job_21700923/spack-stage/spack-stage-hdf5-1.10.7-xexa2gll6hf6okdatgrxiwhcjs2uepc7/spack-src/src/H5Dio.c line 335 in H5Dwrite(): can't write data
    major: Dataset
    minor: Write failed
  #001: /scratch/spack_cpu/job_21700923/spack-stage/spack-stage-hdf5-1.10.7-xexa2gll6hf6okdatgrxiwhcjs2uepc7/spack-src/src/H5Dio.c line 813 in H5D__write(): can't write data
    major: Dataset
    minor: Write failed
  #002: /scratch/spack_cpu/job_21700923/spack-stage/spack-stage-hdf5-1.10.7-xexa2gll6hf6okdatgrxiwhcjs2uepc7/spack-src/src/H5Dcontig.c line 659 in H5D__contig_write(): contiguous write failed
    major: Dataset
    minor: Write failed
  #003: /scratch/spack_cpu/job_21700923/spack-stage/spack-stage-hdf5-1.10.7-xexa2gll6hf6okdatgrxiwhcjs2uepc7/spack-src/src/H5Dselect.c line 321 in H5D__select_write(): write error
    major: Dataspace
    minor: Write failed
  #004: /scratch/spack_cpu/job_21700923/spack-stage/spack-stage-hdf5-1.10.7-xexa2gll6hf6okdatgrxiwhcjs2uepc7/spack-src/src/H5Dselect.c line 230 in H5D__select_io(): write error
    major: Dataspace
    minor: Write failed
  #005: /scratch/spack_cpu/job_21700923/spack-stage/spack-stage-hdf5-1.10.7-xexa2gll6hf6okdatgrxiwhcjs2uepc7/spack-src/src/H5Dcontig.c line 1281 in H5D__contig_writevv(): can't perform vectorized sieve buffer write
    major: Dataset
    minor: Can't operate on object
  #006: /scratch/spack_cpu/job_21700923/spack-stage/spack-stage-hdf5-1.10.7-xexa2gll6hf6okdatgrxiwhcjs2uepc7/spack-src/src/H5VM.c line 1464 in H5VM_opvv(): can't perform operation
    major: Internal error (too specific to document in detail)
    minor: Can't operate on object
  #007: /scratch/spack_cpu/job_21700923/spack-stage/spack-stage-hdf5-1.10.7-xexa2gll6hf6okdatgrxiwhcjs2uepc7/spack-src/src/H5Dcontig.c line 1029 in H5D__contig_writevv_sieve_cb(): block write failed
    major: Dataset
    minor: Write failed
  #008: /scratch/spack_cpu/job_21700923/spack-stage/spack-stage-hdf5-1.10.7-xexa2gll6hf6okdatgrxiwhcjs2uepc7/spack-src/src/H5Fio.c line 161 in H5F_block_write(): write through page buffer failed
    major: Low-level I/O
    minor: Write failed
  #009: /scratch/spack_cpu/job_21700923/spack-stage/spack-stage-hdf5-1.10.7-xexa2gll6hf6okdatgrxiwhcjs2uepc7/spack-src/src/H5PB.c line 1032 in H5PB_write(): write through metadata accumulator failed
    major: Page Buffering
    minor: Write failed
  #010: /scratch/spack_cpu/job_21700923/spack-stage/spack-stage-hdf5-1.10.7-xexa2gll6hf6okdatgrxiwhcjs2uepc7/spack-src/src/H5Faccum.c line 824 in H5F__accum_write(): file write failed
    major: Low-level I/O
    minor: Write failed
  #011: /scratch/spack_cpu/job_21700923/spack-stage/spack-stage-hdf5-1.10.7-xexa2gll6hf6okdatgrxiwhcjs2uepc7/spack-src/src/H5FDint.c line 249 in H5FD_write(): driver write request failed
    major: Virtual File Layer
    minor: Write failed
  #012: /scratch/spack_cpu/job_21700923/spack-stage/spack-stage-hdf5-1.10.7-xexa2gll6hf6okdatgrxiwhcjs2uepc7/spack-src/src/H5FDsec2.c line 856 in H5FD__sec2_write(): file write failed: time = Wed Nov 19 08:29:21 2025
, filename = 'checkpoint.h5', file descriptor = 5, errno = 14, error message = 'Bad address', buf = 0x1555537c4000, total write size = 15969552, bytes this sub-write = 15969552, bytes actually written = 18446744073709551615, offset = 0
    major: Low-level I/O
    minor: Write failed
HDF5-DIAG: Error detected in HDF5 (1.10.7) thread 0:
  #000: /scratch/spack_cpu/job_21700923/spack-stage/spack-stage-hdf5-1.10.7-xexa2gll6hf6okdatgrxiwhcjs2uepc7/spack-src/src/H5Dio.c line 335 in H5Dwrite(): can't write data
    major: Dataset
    minor: Write failed
  #001: /scratch/spack_cpu/job_21700923/spack-stage/spack-stage-hdf5-1.10.7-xexa2gll6hf6okdatgrxiwhcjs2uepc7/spack-src/src/H5Dio.c line 813 in H5D__write(): can't write data
    major: Dataset
    minor: Write failed
  #002: /scratch/spack_cpu/job_21700923/spack-stage/spack-stage-hdf5-1.10.7-xexa2gll6hf6okdatgrxiwhcjs2uepc7/spack-src/src/H5Dcontig.c line 659 in H5D__contig_write(): contiguous write failed
    major: Dataset
    minor: Write failed
  #003: /scratch/spack_cpu/job_21700923/spack-stage/spack-stage-hdf5-1.10.7-xexa2gll6hf6okdatgrxiwhcjs2uepc7/spack-src/src/H5Dselect.c line 321 in H5D__select_write(): write error
    major: Dataspace
    minor: Write failed
  #004: /scratch/spack_cpu/job_21700923/spack-stage/spack-stage-hdf5-1.10.7-xexa2gll6hf6okdatgrxiwhcjs2uepc7/spack-src/src/H5Dselect.c line 230 in H5D__select_io(): write error
    major: Dataspace
    minor: Write failed
  #005: /scratch/spack_cpu/job_21700923/spack-stage/spack-stage-hdf5-1.10.7-xexa2gll6hf6okdatgrxiwhcjs2uepc7/spack-src/src/H5Dcontig.c line 1281 in H5D__contig_writevv(): can't perform vectorized sieve buffer write
    major: Dataset
    minor: Can't operate on object
  #006: /scratch/spack_cpu/job_21700923/spack-stage/spack-stage-hdf5-1.10.7-xexa2gll6hf6okdatgrxiwhcjs2uepc7/spack-src/src/H5VM.c line 1464 in H5VM_opvv(): can't perform operation
    major: Internal error (too specific to document in detail)
    minor: Can't operate on object
  #007: /scratch/spack_cpu/job_21700923/spack-stage/spack-stage-hdf5-1.10.7-xexa2gll6hf6okdatgrxiwhcjs2uepc7/spack-src/src/H5Dcontig.c line 1029 in H5D__contig_writevv_sieve_cb(): block write failed
    major: Dataset
    minor: Write failed
  #008: /scratch/spack_cpu/job_21700923/spack-stage/spack-stage-hdf5-1.10.7-xexa2gll6hf6okdatgrxiwhcjs2uepc7/spack-src/src/H5Fio.c line 161 in H5F_block_write(): write through page buffer failed
    major: Low-level I/O
    minor: Write failed
  #009: /scratch/spack_cpu/job_21700923/spack-stage/spack-stage-hdf5-1.10.7-xexa2gll6hf6okdatgrxiwhcjs2uepc7/spack-src/src/H5PB.c line 1032 in H5PB_write(): write through metadata accumulator failed
    major: Page Buffering
    minor: Write failed
  #010: /scratch/spack_cpu/job_21700923/spack-stage/spack-stage-hdf5-1.10.7-xexa2gll6hf6okdatgrxiwhcjs2uepc7/spack-src/src/H5Faccum.c line 824 in H5F__accum_write(): file write failed
    major: Low-level I/O
    minor: Write failed
  #011: /scratch/spack_cpu/job_21700923/spack-stage/spack-stage-hdf5-1.10.7-xexa2gll6hf6okdatgrxiwhcjs2uepc7/spack-src/src/H5FDint.c line 249 in H5FD_write(): driver write request failed
    major: Virtual File Layer
    minor: Write failed
  #012: /scratch/spack_cpu/job_21700923/spack-stage/spack-stage-hdf5-1.10.7-xexa2gll6hf6okdatgrxiwhcjs2uepc7/spack-src/src/H5FDsec2.c line 856 in H5FD__sec2_write(): file write failed: time = Wed Nov 19 08:31:31 2025
, filename = 'checkpoint.h5', file descriptor = 5, errno = 14, error message = 'Bad address', buf = 0x1555537c4000, total write size = 15969552, bytes this sub-write = 15969552, bytes actually written = 18446744073709551615, offset = 0
    major: Low-level I/O
    minor: Write failed
HDF5-DIAG: Error detected in HDF5 (1.10.7) thread 0:
  #000: /scratch/spack_cpu/job_21700923/spack-stage/spack-stage-hdf5-1.10.7-xexa2gll6hf6okdatgrxiwhcjs2uepc7/spack-src/src/H5Dio.c line 335 in H5Dwrite(): can't write data
    major: Dataset
    minor: Write failed
  #001: /scratch/spack_cpu/job_21700923/spack-stage/spack-stage-hdf5-1.10.7-xexa2gll6hf6okdatgrxiwhcjs2uepc7/spack-src/src/H5Dio.c line 813 in H5D__write(): can't write data
    major: Dataset
    minor: Write failed
  #002: /scratch/spack_cpu/job_21700923/spack-stage/spack-stage-hdf5-1.10.7-xexa2gll6hf6okdatgrxiwhcjs2uepc7/spack-src/src/H5Dcontig.c line 659 in H5D__contig_write(): contiguous write failed
    major: Dataset
    minor: Write failed
  #003: /scratch/spack_cpu/job_21700923/spack-stage/spack-stage-hdf5-1.10.7-xexa2gll6hf6okdatgrxiwhcjs2uepc7/spack-src/src/H5Dselect.c line 321 in H5D__select_write(): write error
    major: Dataspace
    minor: Write failed
  #004: /scratch/spack_cpu/job_21700923/spack-stage/spack-stage-hdf5-1.10.7-xexa2gll6hf6okdatgrxiwhcjs2uepc7/spack-src/src/H5Dselect.c line 230 in H5D__select_io(): write error
    major: Dataspace
    minor: Write failed
  #005: /scratch/spack_cpu/job_21700923/spack-stage/spack-stage-hdf5-1.10.7-xexa2gll6hf6okdatgrxiwhcjs2uepc7/spack-src/src/H5Dcontig.c line 1281 in H5D__contig_writevv(): can't perform vectorized sieve buffer write
    major: Dataset
    minor: Can't operate on object
  #006: /scratch/spack_cpu/job_21700923/spack-stage/spack-stage-hdf5-1.10.7-xexa2gll6hf6okdatgrxiwhcjs2uepc7/spack-src/src/H5VM.c line 1464 in H5VM_opvv(): can't perform operation
    major: Internal error (too specific to document in detail)
    minor: Can't operate on object
  #007: /scratch/spack_cpu/job_21700923/spack-stage/spack-stage-hdf5-1.10.7-xexa2gll6hf6okdatgrxiwhcjs2uepc7/spack-src/src/H5Dcontig.c line 1029 in H5D__contig_writevv_sieve_cb(): block write failed
    major: Dataset
    minor: Write failed
  #008: /scratch/spack_cpu/job_21700923/spack-stage/spack-stage-hdf5-1.10.7-xexa2gll6hf6okdatgrxiwhcjs2uepc7/spack-src/src/H5Fio.c line 161 in H5F_block_write(): write through page buffer failed
    major: Low-level I/O
    minor: Write failed
  #009: /scratch/spack_cpu/job_21700923/spack-stage/spack-stage-hdf5-1.10.7-xexa2gll6hf6okdatgrxiwhcjs2uepc7/spack-src/src/H5PB.c line 1032 in H5PB_write(): write through metadata accumulator failed
    major: Page Buffering
    minor: Write failed
  #010: /scratch/spack_cpu/job_21700923/spack-stage/spack-stage-hdf5-1.10.7-xexa2gll6hf6okdatgrxiwhcjs2uepc7/spack-src/src/H5Faccum.c line 824 in H5F__accum_write(): file write failed
    major: Low-level I/O
    minor: Write failed
  #011: /scratch/spack_cpu/job_21700923/spack-stage/spack-stage-hdf5-1.10.7-xexa2gll6hf6okdatgrxiwhcjs2uepc7/spack-src/src/H5FDint.c line 249 in H5FD_write(): driver write request failed
    major: Virtual File Layer
    minor: Write failed
  #012: /scratch/spack_cpu/job_21700923/spack-stage/spack-stage-hdf5-1.10.7-xexa2gll6hf6okdatgrxiwhcjs2uepc7/spack-src/src/H5FDsec2.c line 856 in H5FD__sec2_write(): file write failed: time = Wed Nov 19 08:33:44 2025
, filename = 'checkpoint.h5', file descriptor = 5, errno = 14, error message = 'Bad address', buf = 0x1555537c4000, total write size = 15969552, bytes this sub-write = 15969552, bytes actually written = 18446744073709551615, offset = 0
    major: Low-level I/O
    minor: Write failed
HDF5-DIAG: Error detected in HDF5 (1.10.7) thread 0:
  #000: /scratch/spack_cpu/job_21700923/spack-stage/spack-stage-hdf5-1.10.7-xexa2gll6hf6okdatgrxiwhcjs2uepc7/spack-src/src/H5Dio.c line 335 in H5Dwrite(): can't write data
    major: Dataset
    minor: Write failed
  #001: /scratch/spack_cpu/job_21700923/spack-stage/spack-stage-hdf5-1.10.7-xexa2gll6hf6okdatgrxiwhcjs2uepc7/spack-src/src/H5Dio.c line 813 in H5D__write(): can't write data
    major: Dataset
    minor: Write failed
  #002: /scratch/spack_cpu/job_21700923/spack-stage/spack-stage-hdf5-1.10.7-xexa2gll6hf6okdatgrxiwhcjs2uepc7/spack-src/src/H5Dcontig.c line 659 in H5D__contig_write(): contiguous write failed
    major: Dataset
    minor: Write failed
  #003: /scratch/spack_cpu/job_21700923/spack-stage/spack-stage-hdf5-1.10.7-xexa2gll6hf6okdatgrxiwhcjs2uepc7/spack-src/src/H5Dselect.c line 321 in H5D__select_write(): write error
    major: Dataspace
    minor: Write failed
  #004: /scratch/spack_cpu/job_21700923/spack-stage/spack-stage-hdf5-1.10.7-xexa2gll6hf6okdatgrxiwhcjs2uepc7/spack-src/src/H5Dselect.c line 230 in H5D__select_io(): write error
    major: Dataspace
    minor: Write failed
  #005: /scratch/spack_cpu/job_21700923/spack-stage/spack-stage-hdf5-1.10.7-xexa2gll6hf6okdatgrxiwhcjs2uepc7/spack-src/src/H5Dcontig.c line 1281 in H5D__contig_writevv(): can't perform vectorized sieve buffer write
    major: Dataset
    minor: Can't operate on object
  #006: /scratch/spack_cpu/job_21700923/spack-stage/spack-stage-hdf5-1.10.7-xexa2gll6hf6okdatgrxiwhcjs2uepc7/spack-src/src/H5VM.c line 1464 in H5VM_opvv(): can't perform operation
    major: Internal error (too specific to document in detail)
    minor: Can't operate on object
  #007: /scratch/spack_cpu/job_21700923/spack-stage/spack-stage-hdf5-1.10.7-xexa2gll6hf6okdatgrxiwhcjs2uepc7/spack-src/src/H5Dcontig.c line 1029 in H5D__contig_writevv_sieve_cb(): block write failed
    major: Dataset
    minor: Write failed
  #008: /scratch/spack_cpu/job_21700923/spack-stage/spack-stage-hdf5-1.10.7-xexa2gll6hf6okdatgrxiwhcjs2uepc7/spack-src/src/H5Fio.c line 161 in H5F_block_write(): write through page buffer failed
    major: Low-level I/O
    minor: Write failed
  #009: /scratch/spack_cpu/job_21700923/spack-stage/spack-stage-hdf5-1.10.7-xexa2gll6hf6okdatgrxiwhcjs2uepc7/spack-src/src/H5PB.c line 1032 in H5PB_write(): write through metadata accumulator failed
    major: Page Buffering
    minor: Write failed
  #010: /scratch/spack_cpu/job_21700923/spack-stage/spack-stage-hdf5-1.10.7-xexa2gll6hf6okdatgrxiwhcjs2uepc7/spack-src/src/H5Faccum.c line 824 in H5F__accum_write(): file write failed
    major: Low-level I/O
    minor: Write failed
  #011: /scratch/spack_cpu/job_21700923/spack-stage/spack-stage-hdf5-1.10.7-xexa2gll6hf6okdatgrxiwhcjs2uepc7/spack-src/src/H5FDint.c line 249 in H5FD_write(): driver write request failed
    major: Virtual File Layer
    minor: Write failed
  #012: /scratch/spack_cpu/job_21700923/spack-stage/spack-stage-hdf5-1.10.7-xexa2gll6hf6okdatgrxiwhcjs2uepc7/spack-src/src/H5FDsec2.c line 856 in H5FD__sec2_write(): file write failed: time = Wed Nov 19 08:35:55 2025
, filename = 'checkpoint.h5', file descriptor = 5, errno = 14, error message = 'Bad address', buf = 0x1555537c4000, total write size = 15969552, bytes this sub-write = 15969552, bytes actually written = 18446744073709551615, offset = 0
    major: Low-level I/O
    minor: Write failed
HDF5-DIAG: Error detected in HDF5 (1.10.7) thread 0:
  #000: /scratch/spack_cpu/job_21700923/spack-stage/spack-stage-hdf5-1.10.7-xexa2gll6hf6okdatgrxiwhcjs2uepc7/spack-src/src/H5Dio.c line 335 in H5Dwrite(): can't write data
    major: Dataset
    minor: Write failed
  #001: /scratch/spack_cpu/job_21700923/spack-stage/spack-stage-hdf5-1.10.7-xexa2gll6hf6okdatgrxiwhcjs2uepc7/spack-src/src/H5Dio.c line 813 in H5D__write(): can't write data
    major: Dataset
    minor: Write failed
  #002: /scratch/spack_cpu/job_21700923/spack-stage/spack-stage-hdf5-1.10.7-xexa2gll6hf6okdatgrxiwhcjs2uepc7/spack-src/src/H5Dcontig.c line 659 in H5D__contig_write(): contiguous write failed
    major: Dataset
    minor: Write failed
  #003: /scratch/spack_cpu/job_21700923/spack-stage/spack-stage-hdf5-1.10.7-xexa2gll6hf6okdatgrxiwhcjs2uepc7/spack-src/src/H5Dselect.c line 321 in H5D__select_write(): write error
    major: Dataspace
    minor: Write failed
  #004: /scratch/spack_cpu/job_21700923/spack-stage/spack-stage-hdf5-1.10.7-xexa2gll6hf6okdatgrxiwhcjs2uepc7/spack-src/src/H5Dselect.c line 230 in H5D__select_io(): write error
    major: Dataspace
    minor: Write failed
  #005: /scratch/spack_cpu/job_21700923/spack-stage/spack-stage-hdf5-1.10.7-xexa2gll6hf6okdatgrxiwhcjs2uepc7/spack-src/src/H5Dcontig.c line 1281 in H5D__contig_writevv(): can't perform vectorized sieve buffer write
    major: Dataset
    minor: Can't operate on object
  #006: /scratch/spack_cpu/job_21700923/spack-stage/spack-stage-hdf5-1.10.7-xexa2gll6hf6okdatgrxiwhcjs2uepc7/spack-src/src/H5VM.c line 1464 in H5VM_opvv(): can't perform operation
    major: Internal error (too specific to document in detail)
    minor: Can't operate on object
  #007: /scratch/spack_cpu/job_21700923/spack-stage/spack-stage-hdf5-1.10.7-xexa2gll6hf6okdatgrxiwhcjs2uepc7/spack-src/src/H5Dcontig.c line 1029 in H5D__contig_writevv_sieve_cb(): block write failed
    major: Dataset
    minor: Write failed
  #008: /scratch/spack_cpu/job_21700923/spack-stage/spack-stage-hdf5-1.10.7-xexa2gll6hf6okdatgrxiwhcjs2uepc7/spack-src/src/H5Fio.c line 161 in H5F_block_write(): write through page buffer failed
    major: Low-level I/O
    minor: Write failed
  #009: /scratch/spack_cpu/job_21700923/spack-stage/spack-stage-hdf5-1.10.7-xexa2gll6hf6okdatgrxiwhcjs2uepc7/spack-src/src/H5PB.c line 1032 in H5PB_write(): write through metadata accumulator failed
    major: Page Buffering
    minor: Write failed
  #010: /scratch/spack_cpu/job_21700923/spack-stage/spack-stage-hdf5-1.10.7-xexa2gll6hf6okdatgrxiwhcjs2uepc7/spack-src/src/H5Faccum.c line 824 in H5F__accum_write(): file write failed
    major: Low-level I/O
    minor: Write failed
  #011: /scratch/spack_cpu/job_21700923/spack-stage/spack-stage-hdf5-1.10.7-xexa2gll6hf6okdatgrxiwhcjs2uepc7/spack-src/src/H5FDint.c line 249 in H5FD_write(): driver write request failed
    major: Virtual File Layer
    minor: Write failed
  #012: /scratch/spack_cpu/job_21700923/spack-stage/spack-stage-hdf5-1.10.7-xexa2gll6hf6okdatgrxiwhcjs2uepc7/spack-src/src/H5FDsec2.c line 856 in H5FD__sec2_write(): file write failed: time = Wed Nov 19 08:38:07 2025
, filename = 'checkpoint.h5', file descriptor = 5, errno = 14, error message = 'Bad address', buf = 0x1555537c4000, total write size = 15969552, bytes this sub-write = 15969552, bytes actually written = 18446744073709551615, offset = 0
    major: Low-level I/O
    minor: Write failed
HDF5-DIAG: Error detected in HDF5 (1.10.7) thread 0:
  #000: /scratch/spack_cpu/job_21700923/spack-stage/spack-stage-hdf5-1.10.7-xexa2gll6hf6okdatgrxiwhcjs2uepc7/spack-src/src/H5Dio.c line 335 in H5Dwrite(): can't write data
    major: Dataset
    minor: Write failed
  #001: /scratch/spack_cpu/job_21700923/spack-stage/spack-stage-hdf5-1.10.7-xexa2gll6hf6okdatgrxiwhcjs2uepc7/spack-src/src/H5Dio.c line 813 in H5D__write(): can't write data
    major: Dataset
    minor: Write failed
  #002: /scratch/spack_cpu/job_21700923/spack-stage/spack-stage-hdf5-1.10.7-xexa2gll6hf6okdatgrxiwhcjs2uepc7/spack-src/src/H5Dcontig.c line 659 in H5D__contig_write(): contiguous write failed
    major: Dataset
    minor: Write failed
  #003: /scratch/spack_cpu/job_21700923/spack-stage/spack-stage-hdf5-1.10.7-xexa2gll6hf6okdatgrxiwhcjs2uepc7/spack-src/src/H5Dselect.c line 321 in H5D__select_write(): write error
    major: Dataspace
    minor: Write failed
  #004: /scratch/spack_cpu/job_21700923/spack-stage/spack-stage-hdf5-1.10.7-xexa2gll6hf6okdatgrxiwhcjs2uepc7/spack-src/src/H5Dselect.c line 230 in H5D__select_io(): write error
    major: Dataspace
    minor: Write failed
  #005: /scratch/spack_cpu/job_21700923/spack-stage/spack-stage-hdf5-1.10.7-xexa2gll6hf6okdatgrxiwhcjs2uepc7/spack-src/src/H5Dcontig.c line 1281 in H5D__contig_writevv(): can't perform vectorized sieve buffer write
    major: Dataset
    minor: Can't operate on object
  #006: /scratch/spack_cpu/job_21700923/spack-stage/spack-stage-hdf5-1.10.7-xexa2gll6hf6okdatgrxiwhcjs2uepc7/spack-src/src/H5VM.c line 1464 in H5VM_opvv(): can't perform operation
    major: Internal error (too specific to document in detail)
    minor: Can't operate on object
  #007: /scratch/spack_cpu/job_21700923/spack-stage/spack-stage-hdf5-1.10.7-xexa2gll6hf6okdatgrxiwhcjs2uepc7/spack-src/src/H5Dcontig.c line 1029 in H5D__contig_writevv_sieve_cb(): block write failed
    major: Dataset
    minor: Write failed
  #008: /scratch/spack_cpu/job_21700923/spack-stage/spack-stage-hdf5-1.10.7-xexa2gll6hf6okdatgrxiwhcjs2uepc7/spack-src/src/H5Fio.c line 161 in H5F_block_write(): write through page buffer failed
    major: Low-level I/O
    minor: Write failed
  #009: /scratch/spack_cpu/job_21700923/spack-stage/spack-stage-hdf5-1.10.7-xexa2gll6hf6okdatgrxiwhcjs2uepc7/spack-src/src/H5PB.c line 1032 in H5PB_write(): write through metadata accumulator failed
    major: Page Buffering
    minor: Write failed
  #010: /scratch/spack_cpu/job_21700923/spack-stage/spack-stage-hdf5-1.10.7-xexa2gll6hf6okdatgrxiwhcjs2uepc7/spack-src/src/H5Faccum.c line 824 in H5F__accum_write(): file write failed
    major: Low-level I/O
    minor: Write failed
  #011: /scratch/spack_cpu/job_21700923/spack-stage/spack-stage-hdf5-1.10.7-xexa2gll6hf6okdatgrxiwhcjs2uepc7/spack-src/src/H5FDint.c line 249 in H5FD_write(): driver write request failed
    major: Virtual File Layer
    minor: Write failed
  #012: /scratch/spack_cpu/job_21700923/spack-stage/spack-stage-hdf5-1.10.7-xexa2gll6hf6okdatgrxiwhcjs2uepc7/spack-src/src/H5FDsec2.c line 856 in H5FD__sec2_write(): file write failed: time = Wed Nov 19 08:40:20 2025
, filename = 'checkpoint.h5', file descriptor = 5, errno = 14, error message = 'Bad address', buf = 0x1555537c4000, total write size = 15969552, bytes this sub-write = 15969552, bytes actually written = 18446744073709551615, offset = 0
    major: Low-level I/O
    minor: Write failed
HDF5-DIAG: Error detected in HDF5 (1.10.7) thread 0:
  #000: /scratch/spack_cpu/job_21700923/spack-stage/spack-stage-hdf5-1.10.7-xexa2gll6hf6okdatgrxiwhcjs2uepc7/spack-src/src/H5Dio.c line 335 in H5Dwrite(): can't write data
    major: Dataset
    minor: Write failed
  #001: /scratch/spack_cpu/job_21700923/spack-stage/spack-stage-hdf5-1.10.7-xexa2gll6hf6okdatgrxiwhcjs2uepc7/spack-src/src/H5Dio.c line 813 in H5D__write(): can't write data
    major: Dataset
    minor: Write failed
  #002: /scratch/spack_cpu/job_21700923/spack-stage/spack-stage-hdf5-1.10.7-xexa2gll6hf6okdatgrxiwhcjs2uepc7/spack-src/src/H5Dcontig.c line 659 in H5D__contig_write(): contiguous write failed
    major: Dataset
    minor: Write failed
  #003: /scratch/spack_cpu/job_21700923/spack-stage/spack-stage-hdf5-1.10.7-xexa2gll6hf6okdatgrxiwhcjs2uepc7/spack-src/src/H5Dselect.c line 321 in H5D__select_write(): write error
    major: Dataspace
    minor: Write failed
  #004: /scratch/spack_cpu/job_21700923/spack-stage/spack-stage-hdf5-1.10.7-xexa2gll6hf6okdatgrxiwhcjs2uepc7/spack-src/src/H5Dselect.c line 230 in H5D__select_io(): write error
    major: Dataspace
    minor: Write failed
  #005: /scratch/spack_cpu/job_21700923/spack-stage/spack-stage-hdf5-1.10.7-xexa2gll6hf6okdatgrxiwhcjs2uepc7/spack-src/src/H5Dcontig.c line 1281 in H5D__contig_writevv(): can't perform vectorized sieve buffer write
    major: Dataset
    minor: Can't operate on object
  #006: /scratch/spack_cpu/job_21700923/spack-stage/spack-stage-hdf5-1.10.7-xexa2gll6hf6okdatgrxiwhcjs2uepc7/spack-src/src/H5VM.c line 1464 in H5VM_opvv(): can't perform operation
    major: Internal error (too specific to document in detail)
    minor: Can't operate on object
  #007: /scratch/spack_cpu/job_21700923/spack-stage/spack-stage-hdf5-1.10.7-xexa2gll6hf6okdatgrxiwhcjs2uepc7/spack-src/src/H5Dcontig.c line 1029 in H5D__contig_writevv_sieve_cb(): block write failed
    major: Dataset
    minor: Write failed
  #008: /scratch/spack_cpu/job_21700923/spack-stage/spack-stage-hdf5-1.10.7-xexa2gll6hf6okdatgrxiwhcjs2uepc7/spack-src/src/H5Fio.c line 161 in H5F_block_write(): write through page buffer failed
    major: Low-level I/O
    minor: Write failed
  #009: /scratch/spack_cpu/job_21700923/spack-stage/spack-stage-hdf5-1.10.7-xexa2gll6hf6okdatgrxiwhcjs2uepc7/spack-src/src/H5PB.c line 1032 in H5PB_write(): write through metadata accumulator failed
    major: Page Buffering
    minor: Write failed
  #010: /scratch/spack_cpu/job_21700923/spack-stage/spack-stage-hdf5-1.10.7-xexa2gll6hf6okdatgrxiwhcjs2uepc7/spack-src/src/H5Faccum.c line 824 in H5F__accum_write(): file write failed
    major: Low-level I/O
    minor: Write failed
  #011: /scratch/spack_cpu/job_21700923/spack-stage/spack-stage-hdf5-1.10.7-xexa2gll6hf6okdatgrxiwhcjs2uepc7/spack-src/src/H5FDint.c line 249 in H5FD_write(): driver write request failed
    major: Virtual File Layer
    minor: Write failed
  #012: /scratch/spack_cpu/job_21700923/spack-stage/spack-stage-hdf5-1.10.7-xexa2gll6hf6okdatgrxiwhcjs2uepc7/spack-src/src/H5FDsec2.c line 856 in H5FD__sec2_write(): file write failed: time = Wed Nov 19 08:42:29 2025
, filename = 'checkpoint.h5', file descriptor = 5, errno = 14, error message = 'Bad address', buf = 0x1555537c4000, total write size = 15969552, bytes this sub-write = 15969552, bytes actually written = 18446744073709551615, offset = 0
    major: Low-level I/O
    minor: Write failed
HDF5-DIAG: Error detected in HDF5 (1.10.7) thread 0:
  #000: /scratch/spack_cpu/job_21700923/spack-stage/spack-stage-hdf5-1.10.7-xexa2gll6hf6okdatgrxiwhcjs2uepc7/spack-src/src/H5Dio.c line 335 in H5Dwrite(): can't write data
    major: Dataset
    minor: Write failed
  #001: /scratch/spack_cpu/job_21700923/spack-stage/spack-stage-hdf5-1.10.7-xexa2gll6hf6okdatgrxiwhcjs2uepc7/spack-src/src/H5Dio.c line 813 in H5D__write(): can't write data
    major: Dataset
    minor: Write failed
  #002: /scratch/spack_cpu/job_21700923/spack-stage/spack-stage-hdf5-1.10.7-xexa2gll6hf6okdatgrxiwhcjs2uepc7/spack-src/src/H5Dcontig.c line 659 in H5D__contig_write(): contiguous write failed
    major: Dataset
    minor: Write failed
  #003: /scratch/spack_cpu/job_21700923/spack-stage/spack-stage-hdf5-1.10.7-xexa2gll6hf6okdatgrxiwhcjs2uepc7/spack-src/src/H5Dselect.c line 321 in H5D__select_write(): write error
    major: Dataspace
    minor: Write failed
  #004: /scratch/spack_cpu/job_21700923/spack-stage/spack-stage-hdf5-1.10.7-xexa2gll6hf6okdatgrxiwhcjs2uepc7/spack-src/src/H5Dselect.c line 230 in H5D__select_io(): write error
    major: Dataspace
    minor: Write failed
  #005: /scratch/spack_cpu/job_21700923/spack-stage/spack-stage-hdf5-1.10.7-xexa2gll6hf6okdatgrxiwhcjs2uepc7/spack-src/src/H5Dcontig.c line 1281 in H5D__contig_writevv(): can't perform vectorized sieve buffer write
    major: Dataset
    minor: Can't operate on object
  #006: /scratch/spack_cpu/job_21700923/spack-stage/spack-stage-hdf5-1.10.7-xexa2gll6hf6okdatgrxiwhcjs2uepc7/spack-src/src/H5VM.c line 1464 in H5VM_opvv(): can't perform operation
    major: Internal error (too specific to document in detail)
    minor: Can't operate on object
  #007: /scratch/spack_cpu/job_21700923/spack-stage/spack-stage-hdf5-1.10.7-xexa2gll6hf6okdatgrxiwhcjs2uepc7/spack-src/src/H5Dcontig.c line 1029 in H5D__contig_writevv_sieve_cb(): block write failed
    major: Dataset
    minor: Write failed
  #008: /scratch/spack_cpu/job_21700923/spack-stage/spack-stage-hdf5-1.10.7-xexa2gll6hf6okdatgrxiwhcjs2uepc7/spack-src/src/H5Fio.c line 161 in H5F_block_write(): write through page buffer failed
    major: Low-level I/O
    minor: Write failed
  #009: /scratch/spack_cpu/job_21700923/spack-stage/spack-stage-hdf5-1.10.7-xexa2gll6hf6okdatgrxiwhcjs2uepc7/spack-src/src/H5PB.c line 1032 in H5PB_write(): write through metadata accumulator failed
    major: Page Buffering
    minor: Write failed
  #010: /scratch/spack_cpu/job_21700923/spack-stage/spack-stage-hdf5-1.10.7-xexa2gll6hf6okdatgrxiwhcjs2uepc7/spack-src/src/H5Faccum.c line 824 in H5F__accum_write(): file write failed
    major: Low-level I/O
    minor: Write failed
  #011: /scratch/spack_cpu/job_21700923/spack-stage/spack-stage-hdf5-1.10.7-xexa2gll6hf6okdatgrxiwhcjs2uepc7/spack-src/src/H5FDint.c line 249 in H5FD_write(): driver write request failed
    major: Virtual File Layer
    minor: Write failed
  #012: /scratch/spack_cpu/job_21700923/spack-stage/spack-stage-hdf5-1.10.7-xexa2gll6hf6okdatgrxiwhcjs2uepc7/spack-src/src/H5FDsec2.c line 856 in H5FD__sec2_write(): file write failed: time = Wed Nov 19 08:44:38 2025
, filename = 'checkpoint.h5', file descriptor = 5, errno = 14, error message = 'Bad address', buf = 0x1555537c4000, total write size = 15969552, bytes this sub-write = 15969552, bytes actually written = 18446744073709551615, offset = 0
    major: Low-level I/O
    minor: Write failed
HDF5-DIAG: Error detected in HDF5 (1.10.7) thread 0:
  #000: /scratch/spack_cpu/job_21700923/spack-stage/spack-stage-hdf5-1.10.7-xexa2gll6hf6okdatgrxiwhcjs2uepc7/spack-src/src/H5Dio.c line 335 in H5Dwrite(): can't write data
    major: Dataset
    minor: Write failed
  #001: /scratch/spack_cpu/job_21700923/spack-stage/spack-stage-hdf5-1.10.7-xexa2gll6hf6okdatgrxiwhcjs2uepc7/spack-src/src/H5Dio.c line 813 in H5D__write(): can't write data
    major: Dataset
    minor: Write failed
  #002: /scratch/spack_cpu/job_21700923/spack-stage/spack-stage-hdf5-1.10.7-xexa2gll6hf6okdatgrxiwhcjs2uepc7/spack-src/src/H5Dcontig.c line 659 in H5D__contig_write(): contiguous write failed
    major: Dataset
    minor: Write failed
  #003: /scratch/spack_cpu/job_21700923/spack-stage/spack-stage-hdf5-1.10.7-xexa2gll6hf6okdatgrxiwhcjs2uepc7/spack-src/src/H5Dselect.c line 321 in H5D__select_write(): write error
    major: Dataspace
    minor: Write failed
  #004: /scratch/spack_cpu/job_21700923/spack-stage/spack-stage-hdf5-1.10.7-xexa2gll6hf6okdatgrxiwhcjs2uepc7/spack-src/src/H5Dselect.c line 230 in H5D__select_io(): write error
    major: Dataspace
    minor: Write failed
  #005: /scratch/spack_cpu/job_21700923/spack-stage/spack-stage-hdf5-1.10.7-xexa2gll6hf6okdatgrxiwhcjs2uepc7/spack-src/src/H5Dcontig.c line 1281 in H5D__contig_writevv(): can't perform vectorized sieve buffer write
    major: Dataset
    minor: Can't operate on object
  #006: /scratch/spack_cpu/job_21700923/spack-stage/spack-stage-hdf5-1.10.7-xexa2gll6hf6okdatgrxiwhcjs2uepc7/spack-src/src/H5VM.c line 1464 in H5VM_opvv(): can't perform operation
    major: Internal error (too specific to document in detail)
    minor: Can't operate on object
  #007: /scratch/spack_cpu/job_21700923/spack-stage/spack-stage-hdf5-1.10.7-xexa2gll6hf6okdatgrxiwhcjs2uepc7/spack-src/src/H5Dcontig.c line 1029 in H5D__contig_writevv_sieve_cb(): block write failed
    major: Dataset
    minor: Write failed
  #008: /scratch/spack_cpu/job_21700923/spack-stage/spack-stage-hdf5-1.10.7-xexa2gll6hf6okdatgrxiwhcjs2uepc7/spack-src/src/H5Fio.c line 161 in H5F_block_write(): write through page buffer failed
    major: Low-level I/O
    minor: Write failed
  #009: /scratch/spack_cpu/job_21700923/spack-stage/spack-stage-hdf5-1.10.7-xexa2gll6hf6okdatgrxiwhcjs2uepc7/spack-src/src/H5PB.c line 1032 in H5PB_write(): write through metadata accumulator failed
    major: Page Buffering
    minor: Write failed
  #010: /scratch/spack_cpu/job_21700923/spack-stage/spack-stage-hdf5-1.10.7-xexa2gll6hf6okdatgrxiwhcjs2uepc7/spack-src/src/H5Faccum.c line 824 in H5F__accum_write(): file write failed
    major: Low-level I/O
    minor: Write failed
  #011: /scratch/spack_cpu/job_21700923/spack-stage/spack-stage-hdf5-1.10.7-xexa2gll6hf6okdatgrxiwhcjs2uepc7/spack-src/src/H5FDint.c line 249 in H5FD_write(): driver write request failed
    major: Virtual File Layer
    minor: Write failed
  #012: /scratch/spack_cpu/job_21700923/spack-stage/spack-stage-hdf5-1.10.7-xexa2gll6hf6okdatgrxiwhcjs2uepc7/spack-src/src/H5FDsec2.c line 856 in H5FD__sec2_write(): file write failed: time = Wed Nov 19 08:46:49 2025
, filename = 'checkpoint.h5', file descriptor = 5, errno = 14, error message = 'Bad address', buf = 0x1555537c4000, total write size = 15969552, bytes this sub-write = 15969552, bytes actually written = 18446744073709551615, offset = 0
    major: Low-level I/O
    minor: Write failed
HDF5-DIAG: Error detected in HDF5 (1.10.7) thread 0:
  #000: /scratch/spack_cpu/job_21700923/spack-stage/spack-stage-hdf5-1.10.7-xexa2gll6hf6okdatgrxiwhcjs2uepc7/spack-src/src/H5Dio.c line 335 in H5Dwrite(): can't write data
    major: Dataset
    minor: Write failed
  #001: /scratch/spack_cpu/job_21700923/spack-stage/spack-stage-hdf5-1.10.7-xexa2gll6hf6okdatgrxiwhcjs2uepc7/spack-src/src/H5Dio.c line 813 in H5D__write(): can't write data
    major: Dataset
    minor: Write failed
  #002: /scratch/spack_cpu/job_21700923/spack-stage/spack-stage-hdf5-1.10.7-xexa2gll6hf6okdatgrxiwhcjs2uepc7/spack-src/src/H5Dcontig.c line 659 in H5D__contig_write(): contiguous write failed
    major: Dataset
    minor: Write failed
  #003: /scratch/spack_cpu/job_21700923/spack-stage/spack-stage-hdf5-1.10.7-xexa2gll6hf6okdatgrxiwhcjs2uepc7/spack-src/src/H5Dselect.c line 321 in H5D__select_write(): write error
    major: Dataspace
    minor: Write failed
  #004: /scratch/spack_cpu/job_21700923/spack-stage/spack-stage-hdf5-1.10.7-xexa2gll6hf6okdatgrxiwhcjs2uepc7/spack-src/src/H5Dselect.c line 230 in H5D__select_io(): write error
    major: Dataspace
    minor: Write failed
  #005: /scratch/spack_cpu/job_21700923/spack-stage/spack-stage-hdf5-1.10.7-xexa2gll6hf6okdatgrxiwhcjs2uepc7/spack-src/src/H5Dcontig.c line 1281 in H5D__contig_writevv(): can't perform vectorized sieve buffer write
    major: Dataset
    minor: Can't operate on object
  #006: /scratch/spack_cpu/job_21700923/spack-stage/spack-stage-hdf5-1.10.7-xexa2gll6hf6okdatgrxiwhcjs2uepc7/spack-src/src/H5VM.c line 1464 in H5VM_opvv(): can't perform operation
    major: Internal error (too specific to document in detail)
    minor: Can't operate on object
  #007: /scratch/spack_cpu/job_21700923/spack-stage/spack-stage-hdf5-1.10.7-xexa2gll6hf6okdatgrxiwhcjs2uepc7/spack-src/src/H5Dcontig.c line 1029 in H5D__contig_writevv_sieve_cb(): block write failed
    major: Dataset
    minor: Write failed
  #008: /scratch/spack_cpu/job_21700923/spack-stage/spack-stage-hdf5-1.10.7-xexa2gll6hf6okdatgrxiwhcjs2uepc7/spack-src/src/H5Fio.c line 161 in H5F_block_write(): write through page buffer failed
    major: Low-level I/O
    minor: Write failed
  #009: /scratch/spack_cpu/job_21700923/spack-stage/spack-stage-hdf5-1.10.7-xexa2gll6hf6okdatgrxiwhcjs2uepc7/spack-src/src/H5PB.c line 1032 in H5PB_write(): write through metadata accumulator failed
    major: Page Buffering
    minor: Write failed
  #010: /scratch/spack_cpu/job_21700923/spack-stage/spack-stage-hdf5-1.10.7-xexa2gll6hf6okdatgrxiwhcjs2uepc7/spack-src/src/H5Faccum.c line 824 in H5F__accum_write(): file write failed
    major: Low-level I/O
    minor: Write failed
  #011: /scratch/spack_cpu/job_21700923/spack-stage/spack-stage-hdf5-1.10.7-xexa2gll6hf6okdatgrxiwhcjs2uepc7/spack-src/src/H5FDint.c line 249 in H5FD_write(): driver write request failed
    major: Virtual File Layer
    minor: Write failed
  #012: /scratch/spack_cpu/job_21700923/spack-stage/spack-stage-hdf5-1.10.7-xexa2gll6hf6okdatgrxiwhcjs2uepc7/spack-src/src/H5FDsec2.c line 856 in H5FD__sec2_write(): file write failed: time = Wed Nov 19 08:48:58 2025
, filename = 'checkpoint.h5', file descriptor = 5, errno = 14, error message = 'Bad address', buf = 0x1555537c4000, total write size = 15969552, bytes this sub-write = 15969552, bytes actually written = 18446744073709551615, offset = 0
    major: Low-level I/O
    minor: Write failed
HDF5-DIAG: Error detected in HDF5 (1.10.7) thread 0:
  #000: /scratch/spack_cpu/job_21700923/spack-stage/spack-stage-hdf5-1.10.7-xexa2gll6hf6okdatgrxiwhcjs2uepc7/spack-src/src/H5Dio.c line 335 in H5Dwrite(): can't write data
    major: Dataset
    minor: Write failed
  #001: /scratch/spack_cpu/job_21700923/spack-stage/spack-stage-hdf5-1.10.7-xexa2gll6hf6okdatgrxiwhcjs2uepc7/spack-src/src/H5Dio.c line 813 in H5D__write(): can't write data
    major: Dataset
    minor: Write failed
  #002: /scratch/spack_cpu/job_21700923/spack-stage/spack-stage-hdf5-1.10.7-xexa2gll6hf6okdatgrxiwhcjs2uepc7/spack-src/src/H5Dcontig.c line 659 in H5D__contig_write(): contiguous write failed
    major: Dataset
    minor: Write failed
  #003: /scratch/spack_cpu/job_21700923/spack-stage/spack-stage-hdf5-1.10.7-xexa2gll6hf6okdatgrxiwhcjs2uepc7/spack-src/src/H5Dselect.c line 321 in H5D__select_write(): write error
    major: Dataspace
    minor: Write failed
  #004: /scratch/spack_cpu/job_21700923/spack-stage/spack-stage-hdf5-1.10.7-xexa2gll6hf6okdatgrxiwhcjs2uepc7/spack-src/src/H5Dselect.c line 230 in H5D__select_io(): write error
    major: Dataspace
    minor: Write failed
  #005: /scratch/spack_cpu/job_21700923/spack-stage/spack-stage-hdf5-1.10.7-xexa2gll6hf6okdatgrxiwhcjs2uepc7/spack-src/src/H5Dcontig.c line 1281 in H5D__contig_writevv(): can't perform vectorized sieve buffer write
    major: Dataset
    minor: Can't operate on object
  #006: /scratch/spack_cpu/job_21700923/spack-stage/spack-stage-hdf5-1.10.7-xexa2gll6hf6okdatgrxiwhcjs2uepc7/spack-src/src/H5VM.c line 1464 in H5VM_opvv(): can't perform operation
    major: Internal error (too specific to document in detail)
    minor: Can't operate on object
  #007: /scratch/spack_cpu/job_21700923/spack-stage/spack-stage-hdf5-1.10.7-xexa2gll6hf6okdatgrxiwhcjs2uepc7/spack-src/src/H5Dcontig.c line 1029 in H5D__contig_writevv_sieve_cb(): block write failed
    major: Dataset
    minor: Write failed
  #008: /scratch/spack_cpu/job_21700923/spack-stage/spack-stage-hdf5-1.10.7-xexa2gll6hf6okdatgrxiwhcjs2uepc7/spack-src/src/H5Fio.c line 161 in H5F_block_write(): write through page buffer failed
    major: Low-level I/O
    minor: Write failed
  #009: /scratch/spack_cpu/job_21700923/spack-stage/spack-stage-hdf5-1.10.7-xexa2gll6hf6okdatgrxiwhcjs2uepc7/spack-src/src/H5PB.c line 1032 in H5PB_write(): write through metadata accumulator failed
    major: Page Buffering
    minor: Write failed
  #010: /scratch/spack_cpu/job_21700923/spack-stage/spack-stage-hdf5-1.10.7-xexa2gll6hf6okdatgrxiwhcjs2uepc7/spack-src/src/H5Faccum.c line 824 in H5F__accum_write(): file write failed
    major: Low-level I/O
    minor: Write failed
  #011: /scratch/spack_cpu/job_21700923/spack-stage/spack-stage-hdf5-1.10.7-xexa2gll6hf6okdatgrxiwhcjs2uepc7/spack-src/src/H5FDint.c line 249 in H5FD_write(): driver write request failed
    major: Virtual File Layer
    minor: Write failed
  #012: /scratch/spack_cpu/job_21700923/spack-stage/spack-stage-hdf5-1.10.7-xexa2gll6hf6okdatgrxiwhcjs2uepc7/spack-src/src/H5FDsec2.c line 856 in H5FD__sec2_write(): file write failed: time = Wed Nov 19 08:51:09 2025
, filename = 'checkpoint.h5', file descriptor = 5, errno = 14, error message = 'Bad address', buf = 0x1555537c4000, total write size = 15969552, bytes this sub-write = 15969552, bytes actually written = 18446744073709551615, offset = 0
    major: Low-level I/O
    minor: Write failed
HDF5-DIAG: Error detected in HDF5 (1.10.7) thread 0:
  #000: /scratch/spack_cpu/job_21700923/spack-stage/spack-stage-hdf5-1.10.7-xexa2gll6hf6okdatgrxiwhcjs2uepc7/spack-src/src/H5Dio.c line 335 in H5Dwrite(): can't write data
    major: Dataset
    minor: Write failed
  #001: /scratch/spack_cpu/job_21700923/spack-stage/spack-stage-hdf5-1.10.7-xexa2gll6hf6okdatgrxiwhcjs2uepc7/spack-src/src/H5Dio.c line 813 in H5D__write(): can't write data
    major: Dataset
    minor: Write failed
  #002: /scratch/spack_cpu/job_21700923/spack-stage/spack-stage-hdf5-1.10.7-xexa2gll6hf6okdatgrxiwhcjs2uepc7/spack-src/src/H5Dcontig.c line 659 in H5D__contig_write(): contiguous write failed
    major: Dataset
    minor: Write failed
  #003: /scratch/spack_cpu/job_21700923/spack-stage/spack-stage-hdf5-1.10.7-xexa2gll6hf6okdatgrxiwhcjs2uepc7/spack-src/src/H5Dselect.c line 321 in H5D__select_write(): write error
    major: Dataspace
    minor: Write failed
  #004: /scratch/spack_cpu/job_21700923/spack-stage/spack-stage-hdf5-1.10.7-xexa2gll6hf6okdatgrxiwhcjs2uepc7/spack-src/src/H5Dselect.c line 230 in H5D__select_io(): write error
    major: Dataspace
    minor: Write failed
  #005: /scratch/spack_cpu/job_21700923/spack-stage/spack-stage-hdf5-1.10.7-xexa2gll6hf6okdatgrxiwhcjs2uepc7/spack-src/src/H5Dcontig.c line 1281 in H5D__contig_writevv(): can't perform vectorized sieve buffer write
    major: Dataset
    minor: Can't operate on object
  #006: /scratch/spack_cpu/job_21700923/spack-stage/spack-stage-hdf5-1.10.7-xexa2gll6hf6okdatgrxiwhcjs2uepc7/spack-src/src/H5VM.c line 1464 in H5VM_opvv(): can't perform operation
    major: Internal error (too specific to document in detail)
    minor: Can't operate on object
  #007: /scratch/spack_cpu/job_21700923/spack-stage/spack-stage-hdf5-1.10.7-xexa2gll6hf6okdatgrxiwhcjs2uepc7/spack-src/src/H5Dcontig.c line 1029 in H5D__contig_writevv_sieve_cb(): block write failed
    major: Dataset
    minor: Write failed
  #008: /scratch/spack_cpu/job_21700923/spack-stage/spack-stage-hdf5-1.10.7-xexa2gll6hf6okdatgrxiwhcjs2uepc7/spack-src/src/H5Fio.c line 161 in H5F_block_write(): write through page buffer failed
    major: Low-level I/O
    minor: Write failed
  #009: /scratch/spack_cpu/job_21700923/spack-stage/spack-stage-hdf5-1.10.7-xexa2gll6hf6okdatgrxiwhcjs2uepc7/spack-src/src/H5PB.c line 1032 in H5PB_write(): write through metadata accumulator failed
    major: Page Buffering
    minor: Write failed
  #010: /scratch/spack_cpu/job_21700923/spack-stage/spack-stage-hdf5-1.10.7-xexa2gll6hf6okdatgrxiwhcjs2uepc7/spack-src/src/H5Faccum.c line 824 in H5F__accum_write(): file write failed
    major: Low-level I/O
    minor: Write failed
  #011: /scratch/spack_cpu/job_21700923/spack-stage/spack-stage-hdf5-1.10.7-xexa2gll6hf6okdatgrxiwhcjs2uepc7/spack-src/src/H5FDint.c line 249 in H5FD_write(): driver write request failed
    major: Virtual File Layer
    minor: Write failed
  #012: /scratch/spack_cpu/job_21700923/spack-stage/spack-stage-hdf5-1.10.7-xexa2gll6hf6okdatgrxiwhcjs2uepc7/spack-src/src/H5FDsec2.c line 856 in H5FD__sec2_write(): file write failed: time = Wed Nov 19 08:53:18 2025
, filename = 'checkpoint.h5', file descriptor = 5, errno = 14, error message = 'Bad address', buf = 0x1555537c4000, total write size = 15969552, bytes this sub-write = 15969552, bytes actually written = 18446744073709551615, offset = 0
    major: Low-level I/O
    minor: Write failed
HDF5-DIAG: Error detected in HDF5 (1.10.7) thread 0:
  #000: /scratch/spack_cpu/job_21700923/spack-stage/spack-stage-hdf5-1.10.7-xexa2gll6hf6okdatgrxiwhcjs2uepc7/spack-src/src/H5Dio.c line 335 in H5Dwrite(): can't write data
    major: Dataset
    minor: Write failed
  #001: /scratch/spack_cpu/job_21700923/spack-stage/spack-stage-hdf5-1.10.7-xexa2gll6hf6okdatgrxiwhcjs2uepc7/spack-src/src/H5Dio.c line 813 in H5D__write(): can't write data
    major: Dataset
    minor: Write failed
  #002: /scratch/spack_cpu/job_21700923/spack-stage/spack-stage-hdf5-1.10.7-xexa2gll6hf6okdatgrxiwhcjs2uepc7/spack-src/src/H5Dcontig.c line 659 in H5D__contig_write(): contiguous write failed
    major: Dataset
    minor: Write failed
  #003: /scratch/spack_cpu/job_21700923/spack-stage/spack-stage-hdf5-1.10.7-xexa2gll6hf6okdatgrxiwhcjs2uepc7/spack-src/src/H5Dselect.c line 321 in H5D__select_write(): write error
    major: Dataspace
    minor: Write failed
  #004: /scratch/spack_cpu/job_21700923/spack-stage/spack-stage-hdf5-1.10.7-xexa2gll6hf6okdatgrxiwhcjs2uepc7/spack-src/src/H5Dselect.c line 230 in H5D__select_io(): write error
    major: Dataspace
    minor: Write failed
  #005: /scratch/spack_cpu/job_21700923/spack-stage/spack-stage-hdf5-1.10.7-xexa2gll6hf6okdatgrxiwhcjs2uepc7/spack-src/src/H5Dcontig.c line 1281 in H5D__contig_writevv(): can't perform vectorized sieve buffer write
    major: Dataset
    minor: Can't operate on object
  #006: /scratch/spack_cpu/job_21700923/spack-stage/spack-stage-hdf5-1.10.7-xexa2gll6hf6okdatgrxiwhcjs2uepc7/spack-src/src/H5VM.c line 1464 in H5VM_opvv(): can't perform operation
    major: Internal error (too specific to document in detail)
    minor: Can't operate on object
  #007: /scratch/spack_cpu/job_21700923/spack-stage/spack-stage-hdf5-1.10.7-xexa2gll6hf6okdatgrxiwhcjs2uepc7/spack-src/src/H5Dcontig.c line 1029 in H5D__contig_writevv_sieve_cb(): block write failed
    major: Dataset
    minor: Write failed
  #008: /scratch/spack_cpu/job_21700923/spack-stage/spack-stage-hdf5-1.10.7-xexa2gll6hf6okdatgrxiwhcjs2uepc7/spack-src/src/H5Fio.c line 161 in H5F_block_write(): write through page buffer failed
    major: Low-level I/O
    minor: Write failed
  #009: /scratch/spack_cpu/job_21700923/spack-stage/spack-stage-hdf5-1.10.7-xexa2gll6hf6okdatgrxiwhcjs2uepc7/spack-src/src/H5PB.c line 1032 in H5PB_write(): write through metadata accumulator failed
    major: Page Buffering
    minor: Write failed
  #010: /scratch/spack_cpu/job_21700923/spack-stage/spack-stage-hdf5-1.10.7-xexa2gll6hf6okdatgrxiwhcjs2uepc7/spack-src/src/H5Faccum.c line 824 in H5F__accum_write(): file write failed
    major: Low-level I/O
    minor: Write failed
  #011: /scratch/spack_cpu/job_21700923/spack-stage/spack-stage-hdf5-1.10.7-xexa2gll6hf6okdatgrxiwhcjs2uepc7/spack-src/src/H5FDint.c line 249 in H5FD_write(): driver write request failed
    major: Virtual File Layer
    minor: Write failed
  #012: /scratch/spack_cpu/job_21700923/spack-stage/spack-stage-hdf5-1.10.7-xexa2gll6hf6okdatgrxiwhcjs2uepc7/spack-src/src/H5FDsec2.c line 856 in H5FD__sec2_write(): file write failed: time = Wed Nov 19 08:55:27 2025
, filename = 'checkpoint.h5', file descriptor = 5, errno = 14, error message = 'Bad address', buf = 0x1555537c4000, total write size = 15969552, bytes this sub-write = 15969552, bytes actually written = 18446744073709551615, offset = 0
    major: Low-level I/O
    minor: Write failed
HDF5-DIAG: Error detected in HDF5 (1.10.7) thread 0:
  #000: /scratch/spack_cpu/job_21700923/spack-stage/spack-stage-hdf5-1.10.7-xexa2gll6hf6okdatgrxiwhcjs2uepc7/spack-src/src/H5Dio.c line 335 in H5Dwrite(): can't write data
    major: Dataset
    minor: Write failed
  #001: /scratch/spack_cpu/job_21700923/spack-stage/spack-stage-hdf5-1.10.7-xexa2gll6hf6okdatgrxiwhcjs2uepc7/spack-src/src/H5Dio.c line 813 in H5D__write(): can't write data
    major: Dataset
    minor: Write failed
  #002: /scratch/spack_cpu/job_21700923/spack-stage/spack-stage-hdf5-1.10.7-xexa2gll6hf6okdatgrxiwhcjs2uepc7/spack-src/src/H5Dcontig.c line 659 in H5D__contig_write(): contiguous write failed
    major: Dataset
    minor: Write failed
  #003: /scratch/spack_cpu/job_21700923/spack-stage/spack-stage-hdf5-1.10.7-xexa2gll6hf6okdatgrxiwhcjs2uepc7/spack-src/src/H5Dselect.c line 321 in H5D__select_write(): write error
    major: Dataspace
    minor: Write failed
  #004: /scratch/spack_cpu/job_21700923/spack-stage/spack-stage-hdf5-1.10.7-xexa2gll6hf6okdatgrxiwhcjs2uepc7/spack-src/src/H5Dselect.c line 230 in H5D__select_io(): write error
    major: Dataspace
    minor: Write failed
  #005: /scratch/spack_cpu/job_21700923/spack-stage/spack-stage-hdf5-1.10.7-xexa2gll6hf6okdatgrxiwhcjs2uepc7/spack-src/src/H5Dcontig.c line 1281 in H5D__contig_writevv(): can't perform vectorized sieve buffer write
    major: Dataset
    minor: Can't operate on object
  #006: /scratch/spack_cpu/job_21700923/spack-stage/spack-stage-hdf5-1.10.7-xexa2gll6hf6okdatgrxiwhcjs2uepc7/spack-src/src/H5VM.c line 1464 in H5VM_opvv(): can't perform operation
    major: Internal error (too specific to document in detail)
    minor: Can't operate on object
  #007: /scratch/spack_cpu/job_21700923/spack-stage/spack-stage-hdf5-1.10.7-xexa2gll6hf6okdatgrxiwhcjs2uepc7/spack-src/src/H5Dcontig.c line 1029 in H5D__contig_writevv_sieve_cb(): block write failed
    major: Dataset
    minor: Write failed
  #008: /scratch/spack_cpu/job_21700923/spack-stage/spack-stage-hdf5-1.10.7-xexa2gll6hf6okdatgrxiwhcjs2uepc7/spack-src/src/H5Fio.c line 161 in H5F_block_write(): write through page buffer failed
    major: Low-level I/O
    minor: Write failed
  #009: /scratch/spack_cpu/job_21700923/spack-stage/spack-stage-hdf5-1.10.7-xexa2gll6hf6okdatgrxiwhcjs2uepc7/spack-src/src/H5PB.c line 1032 in H5PB_write(): write through metadata accumulator failed
    major: Page Buffering
    minor: Write failed
  #010: /scratch/spack_cpu/job_21700923/spack-stage/spack-stage-hdf5-1.10.7-xexa2gll6hf6okdatgrxiwhcjs2uepc7/spack-src/src/H5Faccum.c line 824 in H5F__accum_write(): file write failed
    major: Low-level I/O
    minor: Write failed
  #011: /scratch/spack_cpu/job_21700923/spack-stage/spack-stage-hdf5-1.10.7-xexa2gll6hf6okdatgrxiwhcjs2uepc7/spack-src/src/H5FDint.c line 249 in H5FD_write(): driver write request failed
    major: Virtual File Layer
    minor: Write failed
  #012: /scratch/spack_cpu/job_21700923/spack-stage/spack-stage-hdf5-1.10.7-xexa2gll6hf6okdatgrxiwhcjs2uepc7/spack-src/src/H5FDsec2.c line 856 in H5FD__sec2_write(): file write failed: time = Wed Nov 19 08:57:35 2025
, filename = 'checkpoint.h5', file descriptor = 5, errno = 14, error message = 'Bad address', buf = 0x1555537c4000, total write size = 15969552, bytes this sub-write = 15969552, bytes actually written = 18446744073709551615, offset = 0
    major: Low-level I/O
    minor: Write failed
HDF5-DIAG: Error detected in HDF5 (1.10.7) thread 0:
  #000: /scratch/spack_cpu/job_21700923/spack-stage/spack-stage-hdf5-1.10.7-xexa2gll6hf6okdatgrxiwhcjs2uepc7/spack-src/src/H5Dio.c line 335 in H5Dwrite(): can't write data
    major: Dataset
    minor: Write failed
  #001: /scratch/spack_cpu/job_21700923/spack-stage/spack-stage-hdf5-1.10.7-xexa2gll6hf6okdatgrxiwhcjs2uepc7/spack-src/src/H5Dio.c line 813 in H5D__write(): can't write data
    major: Dataset
    minor: Write failed
  #002: /scratch/spack_cpu/job_21700923/spack-stage/spack-stage-hdf5-1.10.7-xexa2gll6hf6okdatgrxiwhcjs2uepc7/spack-src/src/H5Dcontig.c line 659 in H5D__contig_write(): contiguous write failed
    major: Dataset
    minor: Write failed
  #003: /scratch/spack_cpu/job_21700923/spack-stage/spack-stage-hdf5-1.10.7-xexa2gll6hf6okdatgrxiwhcjs2uepc7/spack-src/src/H5Dselect.c line 321 in H5D__select_write(): write error
    major: Dataspace
    minor: Write failed
  #004: /scratch/spack_cpu/job_21700923/spack-stage/spack-stage-hdf5-1.10.7-xexa2gll6hf6okdatgrxiwhcjs2uepc7/spack-src/src/H5Dselect.c line 230 in H5D__select_io(): write error
    major: Dataspace
    minor: Write failed
  #005: /scratch/spack_cpu/job_21700923/spack-stage/spack-stage-hdf5-1.10.7-xexa2gll6hf6okdatgrxiwhcjs2uepc7/spack-src/src/H5Dcontig.c line 1281 in H5D__contig_writevv(): can't perform vectorized sieve buffer write
    major: Dataset
    minor: Can't operate on object
  #006: /scratch/spack_cpu/job_21700923/spack-stage/spack-stage-hdf5-1.10.7-xexa2gll6hf6okdatgrxiwhcjs2uepc7/spack-src/src/H5VM.c line 1464 in H5VM_opvv(): can't perform operation
    major: Internal error (too specific to document in detail)
    minor: Can't operate on object
  #007: /scratch/spack_cpu/job_21700923/spack-stage/spack-stage-hdf5-1.10.7-xexa2gll6hf6okdatgrxiwhcjs2uepc7/spack-src/src/H5Dcontig.c line 1029 in H5D__contig_writevv_sieve_cb(): block write failed
    major: Dataset
    minor: Write failed
  #008: /scratch/spack_cpu/job_21700923/spack-stage/spack-stage-hdf5-1.10.7-xexa2gll6hf6okdatgrxiwhcjs2uepc7/spack-src/src/H5Fio.c line 161 in H5F_block_write(): write through page buffer failed
    major: Low-level I/O
    minor: Write failed
  #009: /scratch/spack_cpu/job_21700923/spack-stage/spack-stage-hdf5-1.10.7-xexa2gll6hf6okdatgrxiwhcjs2uepc7/spack-src/src/H5PB.c line 1032 in H5PB_write(): write through metadata accumulator failed
    major: Page Buffering
    minor: Write failed
  #010: /scratch/spack_cpu/job_21700923/spack-stage/spack-stage-hdf5-1.10.7-xexa2gll6hf6okdatgrxiwhcjs2uepc7/spack-src/src/H5Faccum.c line 824 in H5F__accum_write(): file write failed
    major: Low-level I/O
    minor: Write failed
  #011: /scratch/spack_cpu/job_21700923/spack-stage/spack-stage-hdf5-1.10.7-xexa2gll6hf6okdatgrxiwhcjs2uepc7/spack-src/src/H5FDint.c line 249 in H5FD_write(): driver write request failed
    major: Virtual File Layer
    minor: Write failed
  #012: /scratch/spack_cpu/job_21700923/spack-stage/spack-stage-hdf5-1.10.7-xexa2gll6hf6okdatgrxiwhcjs2uepc7/spack-src/src/H5FDsec2.c line 856 in H5FD__sec2_write(): file write failed: time = Wed Nov 19 08:59:46 2025
, filename = 'checkpoint.h5', file descriptor = 5, errno = 14, error message = 'Bad address', buf = 0x1555537c4000, total write size = 15969552, bytes this sub-write = 15969552, bytes actually written = 18446744073709551615, offset = 0
    major: Low-level I/O
    minor: Write failed
HDF5-DIAG: Error detected in HDF5 (1.10.7) thread 0:
  #000: /scratch/spack_cpu/job_21700923/spack-stage/spack-stage-hdf5-1.10.7-xexa2gll6hf6okdatgrxiwhcjs2uepc7/spack-src/src/H5Dio.c line 335 in H5Dwrite(): can't write data
    major: Dataset
    minor: Write failed
  #001: /scratch/spack_cpu/job_21700923/spack-stage/spack-stage-hdf5-1.10.7-xexa2gll6hf6okdatgrxiwhcjs2uepc7/spack-src/src/H5Dio.c line 813 in H5D__write(): can't write data
    major: Dataset
    minor: Write failed
  #002: /scratch/spack_cpu/job_21700923/spack-stage/spack-stage-hdf5-1.10.7-xexa2gll6hf6okdatgrxiwhcjs2uepc7/spack-src/src/H5Dcontig.c line 659 in H5D__contig_write(): contiguous write failed
    major: Dataset
    minor: Write failed
  #003: /scratch/spack_cpu/job_21700923/spack-stage/spack-stage-hdf5-1.10.7-xexa2gll6hf6okdatgrxiwhcjs2uepc7/spack-src/src/H5Dselect.c line 321 in H5D__select_write(): write error
    major: Dataspace
    minor: Write failed
  #004: /scratch/spack_cpu/job_21700923/spack-stage/spack-stage-hdf5-1.10.7-xexa2gll6hf6okdatgrxiwhcjs2uepc7/spack-src/src/H5Dselect.c line 230 in H5D__select_io(): write error
    major: Dataspace
    minor: Write failed
  #005: /scratch/spack_cpu/job_21700923/spack-stage/spack-stage-hdf5-1.10.7-xexa2gll6hf6okdatgrxiwhcjs2uepc7/spack-src/src/H5Dcontig.c line 1281 in H5D__contig_writevv(): can't perform vectorized sieve buffer write
    major: Dataset
    minor: Can't operate on object
  #006: /scratch/spack_cpu/job_21700923/spack-stage/spack-stage-hdf5-1.10.7-xexa2gll6hf6okdatgrxiwhcjs2uepc7/spack-src/src/H5VM.c line 1464 in H5VM_opvv(): can't perform operation
    major: Internal error (too specific to document in detail)
    minor: Can't operate on object
  #007: /scratch/spack_cpu/job_21700923/spack-stage/spack-stage-hdf5-1.10.7-xexa2gll6hf6okdatgrxiwhcjs2uepc7/spack-src/src/H5Dcontig.c line 1029 in H5D__contig_writevv_sieve_cb(): block write failed
    major: Dataset
    minor: Write failed
  #008: /scratch/spack_cpu/job_21700923/spack-stage/spack-stage-hdf5-1.10.7-xexa2gll6hf6okdatgrxiwhcjs2uepc7/spack-src/src/H5Fio.c line 161 in H5F_block_write(): write through page buffer failed
    major: Low-level I/O
    minor: Write failed
  #009: /scratch/spack_cpu/job_21700923/spack-stage/spack-stage-hdf5-1.10.7-xexa2gll6hf6okdatgrxiwhcjs2uepc7/spack-src/src/H5PB.c line 1032 in H5PB_write(): write through metadata accumulator failed
    major: Page Buffering
    minor: Write failed
  #010: /scratch/spack_cpu/job_21700923/spack-stage/spack-stage-hdf5-1.10.7-xexa2gll6hf6okdatgrxiwhcjs2uepc7/spack-src/src/H5Faccum.c line 824 in H5F__accum_write(): file write failed
    major: Low-level I/O
    minor: Write failed
  #011: /scratch/spack_cpu/job_21700923/spack-stage/spack-stage-hdf5-1.10.7-xexa2gll6hf6okdatgrxiwhcjs2uepc7/spack-src/src/H5FDint.c line 249 in H5FD_write(): driver write request failed
    major: Virtual File Layer
    minor: Write failed
  #012: /scratch/spack_cpu/job_21700923/spack-stage/spack-stage-hdf5-1.10.7-xexa2gll6hf6okdatgrxiwhcjs2uepc7/spack-src/src/H5FDsec2.c line 856 in H5FD__sec2_write(): file write failed: time = Wed Nov 19 09:01:53 2025
, filename = 'checkpoint.h5', file descriptor = 5, errno = 14, error message = 'Bad address', buf = 0x1555537c4000, total write size = 15969552, bytes this sub-write = 15969552, bytes actually written = 18446744073709551615, offset = 0
    major: Low-level I/O
    minor: Write failed
HDF5-DIAG: Error detected in HDF5 (1.10.7) thread 0:
  #000: /scratch/spack_cpu/job_21700923/spack-stage/spack-stage-hdf5-1.10.7-xexa2gll6hf6okdatgrxiwhcjs2uepc7/spack-src/src/H5Dio.c line 335 in H5Dwrite(): can't write data
    major: Dataset
    minor: Write failed
  #001: /scratch/spack_cpu/job_21700923/spack-stage/spack-stage-hdf5-1.10.7-xexa2gll6hf6okdatgrxiwhcjs2uepc7/spack-src/src/H5Dio.c line 813 in H5D__write(): can't write data
    major: Dataset
    minor: Write failed
  #002: /scratch/spack_cpu/job_21700923/spack-stage/spack-stage-hdf5-1.10.7-xexa2gll6hf6okdatgrxiwhcjs2uepc7/spack-src/src/H5Dcontig.c line 659 in H5D__contig_write(): contiguous write failed
    major: Dataset
    minor: Write failed
  #003: /scratch/spack_cpu/job_21700923/spack-stage/spack-stage-hdf5-1.10.7-xexa2gll6hf6okdatgrxiwhcjs2uepc7/spack-src/src/H5Dselect.c line 321 in H5D__select_write(): write error
    major: Dataspace
    minor: Write failed
  #004: /scratch/spack_cpu/job_21700923/spack-stage/spack-stage-hdf5-1.10.7-xexa2gll6hf6okdatgrxiwhcjs2uepc7/spack-src/src/H5Dselect.c line 230 in H5D__select_io(): write error
    major: Dataspace
    minor: Write failed
  #005: /scratch/spack_cpu/job_21700923/spack-stage/spack-stage-hdf5-1.10.7-xexa2gll6hf6okdatgrxiwhcjs2uepc7/spack-src/src/H5Dcontig.c line 1281 in H5D__contig_writevv(): can't perform vectorized sieve buffer write
    major: Dataset
    minor: Can't operate on object
  #006: /scratch/spack_cpu/job_21700923/spack-stage/spack-stage-hdf5-1.10.7-xexa2gll6hf6okdatgrxiwhcjs2uepc7/spack-src/src/H5VM.c line 1464 in H5VM_opvv(): can't perform operation
    major: Internal error (too specific to document in detail)
    minor: Can't operate on object
  #007: /scratch/spack_cpu/job_21700923/spack-stage/spack-stage-hdf5-1.10.7-xexa2gll6hf6okdatgrxiwhcjs2uepc7/spack-src/src/H5Dcontig.c line 1029 in H5D__contig_writevv_sieve_cb(): block write failed
    major: Dataset
    minor: Write failed
  #008: /scratch/spack_cpu/job_21700923/spack-stage/spack-stage-hdf5-1.10.7-xexa2gll6hf6okdatgrxiwhcjs2uepc7/spack-src/src/H5Fio.c line 161 in H5F_block_write(): write through page buffer failed
    major: Low-level I/O
    minor: Write failed
  #009: /scratch/spack_cpu/job_21700923/spack-stage/spack-stage-hdf5-1.10.7-xexa2gll6hf6okdatgrxiwhcjs2uepc7/spack-src/src/H5PB.c line 1032 in H5PB_write(): write through metadata accumulator failed
    major: Page Buffering
    minor: Write failed
  #010: /scratch/spack_cpu/job_21700923/spack-stage/spack-stage-hdf5-1.10.7-xexa2gll6hf6okdatgrxiwhcjs2uepc7/spack-src/src/H5Faccum.c line 824 in H5F__accum_write(): file write failed
    major: Low-level I/O
    minor: Write failed
  #011: /scratch/spack_cpu/job_21700923/spack-stage/spack-stage-hdf5-1.10.7-xexa2gll6hf6okdatgrxiwhcjs2uepc7/spack-src/src/H5FDint.c line 249 in H5FD_write(): driver write request failed
    major: Virtual File Layer
    minor: Write failed
  #012: /scratch/spack_cpu/job_21700923/spack-stage/spack-stage-hdf5-1.10.7-xexa2gll6hf6okdatgrxiwhcjs2uepc7/spack-src/src/H5FDsec2.c line 856 in H5FD__sec2_write(): file write failed: time = Wed Nov 19 09:04:02 2025
, filename = 'checkpoint.h5', file descriptor = 5, errno = 14, error message = 'Bad address', buf = 0x1555537c4000, total write size = 15969552, bytes this sub-write = 15969552, bytes actually written = 18446744073709551615, offset = 0
    major: Low-level I/O
    minor: Write failed
HDF5-DIAG: Error detected in HDF5 (1.10.7) thread 0:
  #000: /scratch/spack_cpu/job_21700923/spack-stage/spack-stage-hdf5-1.10.7-xexa2gll6hf6okdatgrxiwhcjs2uepc7/spack-src/src/H5Dio.c line 335 in H5Dwrite(): can't write data
    major: Dataset
    minor: Write failed
  #001: /scratch/spack_cpu/job_21700923/spack-stage/spack-stage-hdf5-1.10.7-xexa2gll6hf6okdatgrxiwhcjs2uepc7/spack-src/src/H5Dio.c line 813 in H5D__write(): can't write data
    major: Dataset
    minor: Write failed
  #002: /scratch/spack_cpu/job_21700923/spack-stage/spack-stage-hdf5-1.10.7-xexa2gll6hf6okdatgrxiwhcjs2uepc7/spack-src/src/H5Dcontig.c line 659 in H5D__contig_write(): contiguous write failed
    major: Dataset
    minor: Write failed
  #003: /scratch/spack_cpu/job_21700923/spack-stage/spack-stage-hdf5-1.10.7-xexa2gll6hf6okdatgrxiwhcjs2uepc7/spack-src/src/H5Dselect.c line 321 in H5D__select_write(): write error
    major: Dataspace
    minor: Write failed
  #004: /scratch/spack_cpu/job_21700923/spack-stage/spack-stage-hdf5-1.10.7-xexa2gll6hf6okdatgrxiwhcjs2uepc7/spack-src/src/H5Dselect.c line 230 in H5D__select_io(): write error
    major: Dataspace
    minor: Write failed
  #005: /scratch/spack_cpu/job_21700923/spack-stage/spack-stage-hdf5-1.10.7-xexa2gll6hf6okdatgrxiwhcjs2uepc7/spack-src/src/H5Dcontig.c line 1281 in H5D__contig_writevv(): can't perform vectorized sieve buffer write
    major: Dataset
    minor: Can't operate on object
  #006: /scratch/spack_cpu/job_21700923/spack-stage/spack-stage-hdf5-1.10.7-xexa2gll6hf6okdatgrxiwhcjs2uepc7/spack-src/src/H5VM.c line 1464 in H5VM_opvv(): can't perform operation
    major: Internal error (too specific to document in detail)
    minor: Can't operate on object
  #007: /scratch/spack_cpu/job_21700923/spack-stage/spack-stage-hdf5-1.10.7-xexa2gll6hf6okdatgrxiwhcjs2uepc7/spack-src/src/H5Dcontig.c line 1029 in H5D__contig_writevv_sieve_cb(): block write failed
    major: Dataset
    minor: Write failed
  #008: /scratch/spack_cpu/job_21700923/spack-stage/spack-stage-hdf5-1.10.7-xexa2gll6hf6okdatgrxiwhcjs2uepc7/spack-src/src/H5Fio.c line 161 in H5F_block_write(): write through page buffer failed
    major: Low-level I/O
    minor: Write failed
  #009: /scratch/spack_cpu/job_21700923/spack-stage/spack-stage-hdf5-1.10.7-xexa2gll6hf6okdatgrxiwhcjs2uepc7/spack-src/src/H5PB.c line 1032 in H5PB_write(): write through metadata accumulator failed
    major: Page Buffering
    minor: Write failed
  #010: /scratch/spack_cpu/job_21700923/spack-stage/spack-stage-hdf5-1.10.7-xexa2gll6hf6okdatgrxiwhcjs2uepc7/spack-src/src/H5Faccum.c line 824 in H5F__accum_write(): file write failed
    major: Low-level I/O
    minor: Write failed
  #011: /scratch/spack_cpu/job_21700923/spack-stage/spack-stage-hdf5-1.10.7-xexa2gll6hf6okdatgrxiwhcjs2uepc7/spack-src/src/H5FDint.c line 249 in H5FD_write(): driver write request failed
    major: Virtual File Layer
    minor: Write failed
  #012: /scratch/spack_cpu/job_21700923/spack-stage/spack-stage-hdf5-1.10.7-xexa2gll6hf6okdatgrxiwhcjs2uepc7/spack-src/src/H5FDsec2.c line 856 in H5FD__sec2_write(): file write failed: time = Wed Nov 19 09:06:12 2025
, filename = 'checkpoint.h5', file descriptor = 5, errno = 14, error message = 'Bad address', buf = 0x1555537c4000, total write size = 15969552, bytes this sub-write = 15969552, bytes actually written = 18446744073709551615, offset = 0
    major: Low-level I/O
    minor: Write failed
HDF5-DIAG: Error detected in HDF5 (1.10.7) thread 0:
  #000: /scratch/spack_cpu/job_21700923/spack-stage/spack-stage-hdf5-1.10.7-xexa2gll6hf6okdatgrxiwhcjs2uepc7/spack-src/src/H5Dio.c line 335 in H5Dwrite(): can't write data
    major: Dataset
    minor: Write failed
  #001: /scratch/spack_cpu/job_21700923/spack-stage/spack-stage-hdf5-1.10.7-xexa2gll6hf6okdatgrxiwhcjs2uepc7/spack-src/src/H5Dio.c line 813 in H5D__write(): can't write data
    major: Dataset
    minor: Write failed
  #002: /scratch/spack_cpu/job_21700923/spack-stage/spack-stage-hdf5-1.10.7-xexa2gll6hf6okdatgrxiwhcjs2uepc7/spack-src/src/H5Dcontig.c line 659 in H5D__contig_write(): contiguous write failed
    major: Dataset
    minor: Write failed
  #003: /scratch/spack_cpu/job_21700923/spack-stage/spack-stage-hdf5-1.10.7-xexa2gll6hf6okdatgrxiwhcjs2uepc7/spack-src/src/H5Dselect.c line 321 in H5D__select_write(): write error
    major: Dataspace
    minor: Write failed
  #004: /scratch/spack_cpu/job_21700923/spack-stage/spack-stage-hdf5-1.10.7-xexa2gll6hf6okdatgrxiwhcjs2uepc7/spack-src/src/H5Dselect.c line 230 in H5D__select_io(): write error
    major: Dataspace
    minor: Write failed
  #005: /scratch/spack_cpu/job_21700923/spack-stage/spack-stage-hdf5-1.10.7-xexa2gll6hf6okdatgrxiwhcjs2uepc7/spack-src/src/H5Dcontig.c line 1281 in H5D__contig_writevv(): can't perform vectorized sieve buffer write
    major: Dataset
    minor: Can't operate on object
  #006: /scratch/spack_cpu/job_21700923/spack-stage/spack-stage-hdf5-1.10.7-xexa2gll6hf6okdatgrxiwhcjs2uepc7/spack-src/src/H5VM.c line 1464 in H5VM_opvv(): can't perform operation
    major: Internal error (too specific to document in detail)
    minor: Can't operate on object
  #007: /scratch/spack_cpu/job_21700923/spack-stage/spack-stage-hdf5-1.10.7-xexa2gll6hf6okdatgrxiwhcjs2uepc7/spack-src/src/H5Dcontig.c line 1029 in H5D__contig_writevv_sieve_cb(): block write failed
    major: Dataset
    minor: Write failed
  #008: /scratch/spack_cpu/job_21700923/spack-stage/spack-stage-hdf5-1.10.7-xexa2gll6hf6okdatgrxiwhcjs2uepc7/spack-src/src/H5Fio.c line 161 in H5F_block_write(): write through page buffer failed
    major: Low-level I/O
    minor: Write failed
  #009: /scratch/spack_cpu/job_21700923/spack-stage/spack-stage-hdf5-1.10.7-xexa2gll6hf6okdatgrxiwhcjs2uepc7/spack-src/src/H5PB.c line 1032 in H5PB_write(): write through metadata accumulator failed
    major: Page Buffering
    minor: Write failed
  #010: /scratch/spack_cpu/job_21700923/spack-stage/spack-stage-hdf5-1.10.7-xexa2gll6hf6okdatgrxiwhcjs2uepc7/spack-src/src/H5Faccum.c line 824 in H5F__accum_write(): file write failed
    major: Low-level I/O
    minor: Write failed
  #011: /scratch/spack_cpu/job_21700923/spack-stage/spack-stage-hdf5-1.10.7-xexa2gll6hf6okdatgrxiwhcjs2uepc7/spack-src/src/H5FDint.c line 249 in H5FD_write(): driver write request failed
    major: Virtual File Layer
    minor: Write failed
  #012: /scratch/spack_cpu/job_21700923/spack-stage/spack-stage-hdf5-1.10.7-xexa2gll6hf6okdatgrxiwhcjs2uepc7/spack-src/src/H5FDsec2.c line 856 in H5FD__sec2_write(): file write failed: time = Wed Nov 19 09:08:22 2025
, filename = 'checkpoint.h5', file descriptor = 5, errno = 14, error message = 'Bad address', buf = 0x1555537c4000, total write size = 15969552, bytes this sub-write = 15969552, bytes actually written = 18446744073709551615, offset = 0
    major: Low-level I/O
    minor: Write failed
HDF5-DIAG: Error detected in HDF5 (1.10.7) thread 0:
  #000: /scratch/spack_cpu/job_21700923/spack-stage/spack-stage-hdf5-1.10.7-xexa2gll6hf6okdatgrxiwhcjs2uepc7/spack-src/src/H5Dio.c line 335 in H5Dwrite(): can't write data
    major: Dataset
    minor: Write failed
  #001: /scratch/spack_cpu/job_21700923/spack-stage/spack-stage-hdf5-1.10.7-xexa2gll6hf6okdatgrxiwhcjs2uepc7/spack-src/src/H5Dio.c line 813 in H5D__write(): can't write data
    major: Dataset
    minor: Write failed
  #002: /scratch/spack_cpu/job_21700923/spack-stage/spack-stage-hdf5-1.10.7-xexa2gll6hf6okdatgrxiwhcjs2uepc7/spack-src/src/H5Dcontig.c line 659 in H5D__contig_write(): contiguous write failed
    major: Dataset
    minor: Write failed
  #003: /scratch/spack_cpu/job_21700923/spack-stage/spack-stage-hdf5-1.10.7-xexa2gll6hf6okdatgrxiwhcjs2uepc7/spack-src/src/H5Dselect.c line 321 in H5D__select_write(): write error
    major: Dataspace
    minor: Write failed
  #004: /scratch/spack_cpu/job_21700923/spack-stage/spack-stage-hdf5-1.10.7-xexa2gll6hf6okdatgrxiwhcjs2uepc7/spack-src/src/H5Dselect.c line 230 in H5D__select_io(): write error
    major: Dataspace
    minor: Write failed
  #005: /scratch/spack_cpu/job_21700923/spack-stage/spack-stage-hdf5-1.10.7-xexa2gll6hf6okdatgrxiwhcjs2uepc7/spack-src/src/H5Dcontig.c line 1281 in H5D__contig_writevv(): can't perform vectorized sieve buffer write
    major: Dataset
    minor: Can't operate on object
  #006: /scratch/spack_cpu/job_21700923/spack-stage/spack-stage-hdf5-1.10.7-xexa2gll6hf6okdatgrxiwhcjs2uepc7/spack-src/src/H5VM.c line 1464 in H5VM_opvv(): can't perform operation
    major: Internal error (too specific to document in detail)
    minor: Can't operate on object
  #007: /scratch/spack_cpu/job_21700923/spack-stage/spack-stage-hdf5-1.10.7-xexa2gll6hf6okdatgrxiwhcjs2uepc7/spack-src/src/H5Dcontig.c line 1029 in H5D__contig_writevv_sieve_cb(): block write failed
    major: Dataset
    minor: Write failed
  #008: /scratch/spack_cpu/job_21700923/spack-stage/spack-stage-hdf5-1.10.7-xexa2gll6hf6okdatgrxiwhcjs2uepc7/spack-src/src/H5Fio.c line 161 in H5F_block_write(): write through page buffer failed
    major: Low-level I/O
    minor: Write failed
  #009: /scratch/spack_cpu/job_21700923/spack-stage/spack-stage-hdf5-1.10.7-xexa2gll6hf6okdatgrxiwhcjs2uepc7/spack-src/src/H5PB.c line 1032 in H5PB_write(): write through metadata accumulator failed
    major: Page Buffering
    minor: Write failed
  #010: /scratch/spack_cpu/job_21700923/spack-stage/spack-stage-hdf5-1.10.7-xexa2gll6hf6okdatgrxiwhcjs2uepc7/spack-src/src/H5Faccum.c line 824 in H5F__accum_write(): file write failed
    major: Low-level I/O
    minor: Write failed
  #011: /scratch/spack_cpu/job_21700923/spack-stage/spack-stage-hdf5-1.10.7-xexa2gll6hf6okdatgrxiwhcjs2uepc7/spack-src/src/H5FDint.c line 249 in H5FD_write(): driver write request failed
    major: Virtual File Layer
    minor: Write failed
  #012: /scratch/spack_cpu/job_21700923/spack-stage/spack-stage-hdf5-1.10.7-xexa2gll6hf6okdatgrxiwhcjs2uepc7/spack-src/src/H5FDsec2.c line 856 in H5FD__sec2_write(): file write failed: time = Wed Nov 19 09:10:29 2025
, filename = 'checkpoint.h5', file descriptor = 5, errno = 14, error message = 'Bad address', buf = 0x1555537c4000, total write size = 15969552, bytes this sub-write = 15969552, bytes actually written = 18446744073709551615, offset = 0
    major: Low-level I/O
    minor: Write failed
HDF5-DIAG: Error detected in HDF5 (1.10.7) thread 0:
  #000: /scratch/spack_cpu/job_21700923/spack-stage/spack-stage-hdf5-1.10.7-xexa2gll6hf6okdatgrxiwhcjs2uepc7/spack-src/src/H5Dio.c line 335 in H5Dwrite(): can't write data
    major: Dataset
    minor: Write failed
  #001: /scratch/spack_cpu/job_21700923/spack-stage/spack-stage-hdf5-1.10.7-xexa2gll6hf6okdatgrxiwhcjs2uepc7/spack-src/src/H5Dio.c line 813 in H5D__write(): can't write data
    major: Dataset
    minor: Write failed
  #002: /scratch/spack_cpu/job_21700923/spack-stage/spack-stage-hdf5-1.10.7-xexa2gll6hf6okdatgrxiwhcjs2uepc7/spack-src/src/H5Dcontig.c line 659 in H5D__contig_write(): contiguous write failed
    major: Dataset
    minor: Write failed
  #003: /scratch/spack_cpu/job_21700923/spack-stage/spack-stage-hdf5-1.10.7-xexa2gll6hf6okdatgrxiwhcjs2uepc7/spack-src/src/H5Dselect.c line 321 in H5D__select_write(): write error
    major: Dataspace
    minor: Write failed
  #004: /scratch/spack_cpu/job_21700923/spack-stage/spack-stage-hdf5-1.10.7-xexa2gll6hf6okdatgrxiwhcjs2uepc7/spack-src/src/H5Dselect.c line 230 in H5D__select_io(): write error
    major: Dataspace
    minor: Write failed
  #005: /scratch/spack_cpu/job_21700923/spack-stage/spack-stage-hdf5-1.10.7-xexa2gll6hf6okdatgrxiwhcjs2uepc7/spack-src/src/H5Dcontig.c line 1281 in H5D__contig_writevv(): can't perform vectorized sieve buffer write
    major: Dataset
    minor: Can't operate on object
  #006: /scratch/spack_cpu/job_21700923/spack-stage/spack-stage-hdf5-1.10.7-xexa2gll6hf6okdatgrxiwhcjs2uepc7/spack-src/src/H5VM.c line 1464 in H5VM_opvv(): can't perform operation
    major: Internal error (too specific to document in detail)
    minor: Can't operate on object
  #007: /scratch/spack_cpu/job_21700923/spack-stage/spack-stage-hdf5-1.10.7-xexa2gll6hf6okdatgrxiwhcjs2uepc7/spack-src/src/H5Dcontig.c line 1029 in H5D__contig_writevv_sieve_cb(): block write failed
    major: Dataset
    minor: Write failed
  #008: /scratch/spack_cpu/job_21700923/spack-stage/spack-stage-hdf5-1.10.7-xexa2gll6hf6okdatgrxiwhcjs2uepc7/spack-src/src/H5Fio.c line 161 in H5F_block_write(): write through page buffer failed
    major: Low-level I/O
    minor: Write failed
  #009: /scratch/spack_cpu/job_21700923/spack-stage/spack-stage-hdf5-1.10.7-xexa2gll6hf6okdatgrxiwhcjs2uepc7/spack-src/src/H5PB.c line 1032 in H5PB_write(): write through metadata accumulator failed
    major: Page Buffering
    minor: Write failed
  #010: /scratch/spack_cpu/job_21700923/spack-stage/spack-stage-hdf5-1.10.7-xexa2gll6hf6okdatgrxiwhcjs2uepc7/spack-src/src/H5Faccum.c line 824 in H5F__accum_write(): file write failed
    major: Low-level I/O
    minor: Write failed
  #011: /scratch/spack_cpu/job_21700923/spack-stage/spack-stage-hdf5-1.10.7-xexa2gll6hf6okdatgrxiwhcjs2uepc7/spack-src/src/H5FDint.c line 249 in H5FD_write(): driver write request failed
    major: Virtual File Layer
    minor: Write failed
  #012: /scratch/spack_cpu/job_21700923/spack-stage/spack-stage-hdf5-1.10.7-xexa2gll6hf6okdatgrxiwhcjs2uepc7/spack-src/src/H5FDsec2.c line 856 in H5FD__sec2_write(): file write failed: time = Wed Nov 19 09:12:39 2025
, filename = 'checkpoint.h5', file descriptor = 5, errno = 14, error message = 'Bad address', buf = 0x1555537c4000, total write size = 15969552, bytes this sub-write = 15969552, bytes actually written = 18446744073709551615, offset = 0
    major: Low-level I/O
    minor: Write failed
HDF5-DIAG: Error detected in HDF5 (1.10.7) thread 0:
  #000: /scratch/spack_cpu/job_21700923/spack-stage/spack-stage-hdf5-1.10.7-xexa2gll6hf6okdatgrxiwhcjs2uepc7/spack-src/src/H5Dio.c line 335 in H5Dwrite(): can't write data
    major: Dataset
    minor: Write failed
  #001: /scratch/spack_cpu/job_21700923/spack-stage/spack-stage-hdf5-1.10.7-xexa2gll6hf6okdatgrxiwhcjs2uepc7/spack-src/src/H5Dio.c line 813 in H5D__write(): can't write data
    major: Dataset
    minor: Write failed
  #002: /scratch/spack_cpu/job_21700923/spack-stage/spack-stage-hdf5-1.10.7-xexa2gll6hf6okdatgrxiwhcjs2uepc7/spack-src/src/H5Dcontig.c line 659 in H5D__contig_write(): contiguous write failed
    major: Dataset
    minor: Write failed
  #003: /scratch/spack_cpu/job_21700923/spack-stage/spack-stage-hdf5-1.10.7-xexa2gll6hf6okdatgrxiwhcjs2uepc7/spack-src/src/H5Dselect.c line 321 in H5D__select_write(): write error
    major: Dataspace
    minor: Write failed
  #004: /scratch/spack_cpu/job_21700923/spack-stage/spack-stage-hdf5-1.10.7-xexa2gll6hf6okdatgrxiwhcjs2uepc7/spack-src/src/H5Dselect.c line 230 in H5D__select_io(): write error
    major: Dataspace
    minor: Write failed
  #005: /scratch/spack_cpu/job_21700923/spack-stage/spack-stage-hdf5-1.10.7-xexa2gll6hf6okdatgrxiwhcjs2uepc7/spack-src/src/H5Dcontig.c line 1281 in H5D__contig_writevv(): can't perform vectorized sieve buffer write
    major: Dataset
    minor: Can't operate on object
  #006: /scratch/spack_cpu/job_21700923/spack-stage/spack-stage-hdf5-1.10.7-xexa2gll6hf6okdatgrxiwhcjs2uepc7/spack-src/src/H5VM.c line 1464 in H5VM_opvv(): can't perform operation
    major: Internal error (too specific to document in detail)
    minor: Can't operate on object
  #007: /scratch/spack_cpu/job_21700923/spack-stage/spack-stage-hdf5-1.10.7-xexa2gll6hf6okdatgrxiwhcjs2uepc7/spack-src/src/H5Dcontig.c line 1029 in H5D__contig_writevv_sieve_cb(): block write failed
    major: Dataset
    minor: Write failed
  #008: /scratch/spack_cpu/job_21700923/spack-stage/spack-stage-hdf5-1.10.7-xexa2gll6hf6okdatgrxiwhcjs2uepc7/spack-src/src/H5Fio.c line 161 in H5F_block_write(): write through page buffer failed
    major: Low-level I/O
    minor: Write failed
  #009: /scratch/spack_cpu/job_21700923/spack-stage/spack-stage-hdf5-1.10.7-xexa2gll6hf6okdatgrxiwhcjs2uepc7/spack-src/src/H5PB.c line 1032 in H5PB_write(): write through metadata accumulator failed
    major: Page Buffering
    minor: Write failed
  #010: /scratch/spack_cpu/job_21700923/spack-stage/spack-stage-hdf5-1.10.7-xexa2gll6hf6okdatgrxiwhcjs2uepc7/spack-src/src/H5Faccum.c line 824 in H5F__accum_write(): file write failed
    major: Low-level I/O
    minor: Write failed
  #011: /scratch/spack_cpu/job_21700923/spack-stage/spack-stage-hdf5-1.10.7-xexa2gll6hf6okdatgrxiwhcjs2uepc7/spack-src/src/H5FDint.c line 249 in H5FD_write(): driver write request failed
    major: Virtual File Layer
    minor: Write failed
  #012: /scratch/spack_cpu/job_21700923/spack-stage/spack-stage-hdf5-1.10.7-xexa2gll6hf6okdatgrxiwhcjs2uepc7/spack-src/src/H5FDsec2.c line 856 in H5FD__sec2_write(): file write failed: time = Wed Nov 19 09:14:50 2025
, filename = 'checkpoint.h5', file descriptor = 5, errno = 14, error message = 'Bad address', buf = 0x1555537c4000, total write size = 15969552, bytes this sub-write = 15969552, bytes actually written = 18446744073709551615, offset = 0
    major: Low-level I/O
    minor: Write failed
HDF5-DIAG: Error detected in HDF5 (1.10.7) thread 0:
  #000: /scratch/spack_cpu/job_21700923/spack-stage/spack-stage-hdf5-1.10.7-xexa2gll6hf6okdatgrxiwhcjs2uepc7/spack-src/src/H5Dio.c line 335 in H5Dwrite(): can't write data
    major: Dataset
    minor: Write failed
  #001: /scratch/spack_cpu/job_21700923/spack-stage/spack-stage-hdf5-1.10.7-xexa2gll6hf6okdatgrxiwhcjs2uepc7/spack-src/src/H5Dio.c line 813 in H5D__write(): can't write data
    major: Dataset
    minor: Write failed
  #002: /scratch/spack_cpu/job_21700923/spack-stage/spack-stage-hdf5-1.10.7-xexa2gll6hf6okdatgrxiwhcjs2uepc7/spack-src/src/H5Dcontig.c line 659 in H5D__contig_write(): contiguous write failed
    major: Dataset
    minor: Write failed
  #003: /scratch/spack_cpu/job_21700923/spack-stage/spack-stage-hdf5-1.10.7-xexa2gll6hf6okdatgrxiwhcjs2uepc7/spack-src/src/H5Dselect.c line 321 in H5D__select_write(): write error
    major: Dataspace
    minor: Write failed
  #004: /scratch/spack_cpu/job_21700923/spack-stage/spack-stage-hdf5-1.10.7-xexa2gll6hf6okdatgrxiwhcjs2uepc7/spack-src/src/H5Dselect.c line 230 in H5D__select_io(): write error
    major: Dataspace
    minor: Write failed
  #005: /scratch/spack_cpu/job_21700923/spack-stage/spack-stage-hdf5-1.10.7-xexa2gll6hf6okdatgrxiwhcjs2uepc7/spack-src/src/H5Dcontig.c line 1281 in H5D__contig_writevv(): can't perform vectorized sieve buffer write
    major: Dataset
    minor: Can't operate on object
  #006: /scratch/spack_cpu/job_21700923/spack-stage/spack-stage-hdf5-1.10.7-xexa2gll6hf6okdatgrxiwhcjs2uepc7/spack-src/src/H5VM.c line 1464 in H5VM_opvv(): can't perform operation
    major: Internal error (too specific to document in detail)
    minor: Can't operate on object
  #007: /scratch/spack_cpu/job_21700923/spack-stage/spack-stage-hdf5-1.10.7-xexa2gll6hf6okdatgrxiwhcjs2uepc7/spack-src/src/H5Dcontig.c line 1029 in H5D__contig_writevv_sieve_cb(): block write failed
    major: Dataset
    minor: Write failed
  #008: /scratch/spack_cpu/job_21700923/spack-stage/spack-stage-hdf5-1.10.7-xexa2gll6hf6okdatgrxiwhcjs2uepc7/spack-src/src/H5Fio.c line 161 in H5F_block_write(): write through page buffer failed
    major: Low-level I/O
    minor: Write failed
  #009: /scratch/spack_cpu/job_21700923/spack-stage/spack-stage-hdf5-1.10.7-xexa2gll6hf6okdatgrxiwhcjs2uepc7/spack-src/src/H5PB.c line 1032 in H5PB_write(): write through metadata accumulator failed
    major: Page Buffering
    minor: Write failed
  #010: /scratch/spack_cpu/job_21700923/spack-stage/spack-stage-hdf5-1.10.7-xexa2gll6hf6okdatgrxiwhcjs2uepc7/spack-src/src/H5Faccum.c line 824 in H5F__accum_write(): file write failed
    major: Low-level I/O
    minor: Write failed
  #011: /scratch/spack_cpu/job_21700923/spack-stage/spack-stage-hdf5-1.10.7-xexa2gll6hf6okdatgrxiwhcjs2uepc7/spack-src/src/H5FDint.c line 249 in H5FD_write(): driver write request failed
    major: Virtual File Layer
    minor: Write failed
  #012: /scratch/spack_cpu/job_21700923/spack-stage/spack-stage-hdf5-1.10.7-xexa2gll6hf6okdatgrxiwhcjs2uepc7/spack-src/src/H5FDsec2.c line 856 in H5FD__sec2_write(): file write failed: time = Wed Nov 19 09:16:58 2025
, filename = 'checkpoint.h5', file descriptor = 5, errno = 14, error message = 'Bad address', buf = 0x1555537c4000, total write size = 15969552, bytes this sub-write = 15969552, bytes actually written = 18446744073709551615, offset = 0
    major: Low-level I/O
    minor: Write failed
HDF5-DIAG: Error detected in HDF5 (1.10.7) thread 0:
  #000: /scratch/spack_cpu/job_21700923/spack-stage/spack-stage-hdf5-1.10.7-xexa2gll6hf6okdatgrxiwhcjs2uepc7/spack-src/src/H5Dio.c line 335 in H5Dwrite(): can't write data
    major: Dataset
    minor: Write failed
  #001: /scratch/spack_cpu/job_21700923/spack-stage/spack-stage-hdf5-1.10.7-xexa2gll6hf6okdatgrxiwhcjs2uepc7/spack-src/src/H5Dio.c line 813 in H5D__write(): can't write data
    major: Dataset
    minor: Write failed
  #002: /scratch/spack_cpu/job_21700923/spack-stage/spack-stage-hdf5-1.10.7-xexa2gll6hf6okdatgrxiwhcjs2uepc7/spack-src/src/H5Dcontig.c line 659 in H5D__contig_write(): contiguous write failed
    major: Dataset
    minor: Write failed
  #003: /scratch/spack_cpu/job_21700923/spack-stage/spack-stage-hdf5-1.10.7-xexa2gll6hf6okdatgrxiwhcjs2uepc7/spack-src/src/H5Dselect.c line 321 in H5D__select_write(): write error
    major: Dataspace
    minor: Write failed
  #004: /scratch/spack_cpu/job_21700923/spack-stage/spack-stage-hdf5-1.10.7-xexa2gll6hf6okdatgrxiwhcjs2uepc7/spack-src/src/H5Dselect.c line 230 in H5D__select_io(): write error
    major: Dataspace
    minor: Write failed
  #005: /scratch/spack_cpu/job_21700923/spack-stage/spack-stage-hdf5-1.10.7-xexa2gll6hf6okdatgrxiwhcjs2uepc7/spack-src/src/H5Dcontig.c line 1281 in H5D__contig_writevv(): can't perform vectorized sieve buffer write
    major: Dataset
    minor: Can't operate on object
  #006: /scratch/spack_cpu/job_21700923/spack-stage/spack-stage-hdf5-1.10.7-xexa2gll6hf6okdatgrxiwhcjs2uepc7/spack-src/src/H5VM.c line 1464 in H5VM_opvv(): can't perform operation
    major: Internal error (too specific to document in detail)
    minor: Can't operate on object
  #007: /scratch/spack_cpu/job_21700923/spack-stage/spack-stage-hdf5-1.10.7-xexa2gll6hf6okdatgrxiwhcjs2uepc7/spack-src/src/H5Dcontig.c line 1029 in H5D__contig_writevv_sieve_cb(): block write failed
    major: Dataset
    minor: Write failed
  #008: /scratch/spack_cpu/job_21700923/spack-stage/spack-stage-hdf5-1.10.7-xexa2gll6hf6okdatgrxiwhcjs2uepc7/spack-src/src/H5Fio.c line 161 in H5F_block_write(): write through page buffer failed
    major: Low-level I/O
    minor: Write failed
  #009: /scratch/spack_cpu/job_21700923/spack-stage/spack-stage-hdf5-1.10.7-xexa2gll6hf6okdatgrxiwhcjs2uepc7/spack-src/src/H5PB.c line 1032 in H5PB_write(): write through metadata accumulator failed
    major: Page Buffering
    minor: Write failed
  #010: /scratch/spack_cpu/job_21700923/spack-stage/spack-stage-hdf5-1.10.7-xexa2gll6hf6okdatgrxiwhcjs2uepc7/spack-src/src/H5Faccum.c line 824 in H5F__accum_write(): file write failed
    major: Low-level I/O
    minor: Write failed
  #011: /scratch/spack_cpu/job_21700923/spack-stage/spack-stage-hdf5-1.10.7-xexa2gll6hf6okdatgrxiwhcjs2uepc7/spack-src/src/H5FDint.c line 249 in H5FD_write(): driver write request failed
    major: Virtual File Layer
    minor: Write failed
  #012: /scratch/spack_cpu/job_21700923/spack-stage/spack-stage-hdf5-1.10.7-xexa2gll6hf6okdatgrxiwhcjs2uepc7/spack-src/src/H5FDsec2.c line 856 in H5FD__sec2_write(): file write failed: time = Wed Nov 19 09:19:07 2025
, filename = 'checkpoint.h5', file descriptor = 5, errno = 14, error message = 'Bad address', buf = 0x1555537c4000, total write size = 15969552, bytes this sub-write = 15969552, bytes actually written = 18446744073709551615, offset = 0
    major: Low-level I/O
    minor: Write failed
HDF5-DIAG: Error detected in HDF5 (1.10.7) thread 0:
  #000: /scratch/spack_cpu/job_21700923/spack-stage/spack-stage-hdf5-1.10.7-xexa2gll6hf6okdatgrxiwhcjs2uepc7/spack-src/src/H5Dio.c line 335 in H5Dwrite(): can't write data
    major: Dataset
    minor: Write failed
  #001: /scratch/spack_cpu/job_21700923/spack-stage/spack-stage-hdf5-1.10.7-xexa2gll6hf6okdatgrxiwhcjs2uepc7/spack-src/src/H5Dio.c line 813 in H5D__write(): can't write data
    major: Dataset
    minor: Write failed
  #002: /scratch/spack_cpu/job_21700923/spack-stage/spack-stage-hdf5-1.10.7-xexa2gll6hf6okdatgrxiwhcjs2uepc7/spack-src/src/H5Dcontig.c line 659 in H5D__contig_write(): contiguous write failed
    major: Dataset
    minor: Write failed
  #003: /scratch/spack_cpu/job_21700923/spack-stage/spack-stage-hdf5-1.10.7-xexa2gll6hf6okdatgrxiwhcjs2uepc7/spack-src/src/H5Dselect.c line 321 in H5D__select_write(): write error
    major: Dataspace
    minor: Write failed
  #004: /scratch/spack_cpu/job_21700923/spack-stage/spack-stage-hdf5-1.10.7-xexa2gll6hf6okdatgrxiwhcjs2uepc7/spack-src/src/H5Dselect.c line 230 in H5D__select_io(): write error
    major: Dataspace
    minor: Write failed
  #005: /scratch/spack_cpu/job_21700923/spack-stage/spack-stage-hdf5-1.10.7-xexa2gll6hf6okdatgrxiwhcjs2uepc7/spack-src/src/H5Dcontig.c line 1281 in H5D__contig_writevv(): can't perform vectorized sieve buffer write
    major: Dataset
    minor: Can't operate on object
  #006: /scratch/spack_cpu/job_21700923/spack-stage/spack-stage-hdf5-1.10.7-xexa2gll6hf6okdatgrxiwhcjs2uepc7/spack-src/src/H5VM.c line 1464 in H5VM_opvv(): can't perform operation
    major: Internal error (too specific to document in detail)
    minor: Can't operate on object
  #007: /scratch/spack_cpu/job_21700923/spack-stage/spack-stage-hdf5-1.10.7-xexa2gll6hf6okdatgrxiwhcjs2uepc7/spack-src/src/H5Dcontig.c line 1029 in H5D__contig_writevv_sieve_cb(): block write failed
    major: Dataset
    minor: Write failed
  #008: /scratch/spack_cpu/job_21700923/spack-stage/spack-stage-hdf5-1.10.7-xexa2gll6hf6okdatgrxiwhcjs2uepc7/spack-src/src/H5Fio.c line 161 in H5F_block_write(): write through page buffer failed
    major: Low-level I/O
    minor: Write failed
  #009: /scratch/spack_cpu/job_21700923/spack-stage/spack-stage-hdf5-1.10.7-xexa2gll6hf6okdatgrxiwhcjs2uepc7/spack-src/src/H5PB.c line 1032 in H5PB_write(): write through metadata accumulator failed
    major: Page Buffering
    minor: Write failed
  #010: /scratch/spack_cpu/job_21700923/spack-stage/spack-stage-hdf5-1.10.7-xexa2gll6hf6okdatgrxiwhcjs2uepc7/spack-src/src/H5Faccum.c line 824 in H5F__accum_write(): file write failed
    major: Low-level I/O
    minor: Write failed
  #011: /scratch/spack_cpu/job_21700923/spack-stage/spack-stage-hdf5-1.10.7-xexa2gll6hf6okdatgrxiwhcjs2uepc7/spack-src/src/H5FDint.c line 249 in H5FD_write(): driver write request failed
    major: Virtual File Layer
    minor: Write failed
  #012: /scratch/spack_cpu/job_21700923/spack-stage/spack-stage-hdf5-1.10.7-xexa2gll6hf6okdatgrxiwhcjs2uepc7/spack-src/src/H5FDsec2.c line 856 in H5FD__sec2_write(): file write failed: time = Wed Nov 19 09:21:15 2025
, filename = 'checkpoint.h5', file descriptor = 5, errno = 14, error message = 'Bad address', buf = 0x1555537c4000, total write size = 15969552, bytes this sub-write = 15969552, bytes actually written = 18446744073709551615, offset = 0
    major: Low-level I/O
    minor: Write failed
HDF5-DIAG: Error detected in HDF5 (1.10.7) thread 0:
  #000: /scratch/spack_cpu/job_21700923/spack-stage/spack-stage-hdf5-1.10.7-xexa2gll6hf6okdatgrxiwhcjs2uepc7/spack-src/src/H5Dio.c line 335 in H5Dwrite(): can't write data
    major: Dataset
    minor: Write failed
  #001: /scratch/spack_cpu/job_21700923/spack-stage/spack-stage-hdf5-1.10.7-xexa2gll6hf6okdatgrxiwhcjs2uepc7/spack-src/src/H5Dio.c line 813 in H5D__write(): can't write data
    major: Dataset
    minor: Write failed
  #002: /scratch/spack_cpu/job_21700923/spack-stage/spack-stage-hdf5-1.10.7-xexa2gll6hf6okdatgrxiwhcjs2uepc7/spack-src/src/H5Dcontig.c line 659 in H5D__contig_write(): contiguous write failed
    major: Dataset
    minor: Write failed
  #003: /scratch/spack_cpu/job_21700923/spack-stage/spack-stage-hdf5-1.10.7-xexa2gll6hf6okdatgrxiwhcjs2uepc7/spack-src/src/H5Dselect.c line 321 in H5D__select_write(): write error
    major: Dataspace
    minor: Write failed
  #004: /scratch/spack_cpu/job_21700923/spack-stage/spack-stage-hdf5-1.10.7-xexa2gll6hf6okdatgrxiwhcjs2uepc7/spack-src/src/H5Dselect.c line 230 in H5D__select_io(): write error
    major: Dataspace
    minor: Write failed
  #005: /scratch/spack_cpu/job_21700923/spack-stage/spack-stage-hdf5-1.10.7-xexa2gll6hf6okdatgrxiwhcjs2uepc7/spack-src/src/H5Dcontig.c line 1281 in H5D__contig_writevv(): can't perform vectorized sieve buffer write
    major: Dataset
    minor: Can't operate on object
  #006: /scratch/spack_cpu/job_21700923/spack-stage/spack-stage-hdf5-1.10.7-xexa2gll6hf6okdatgrxiwhcjs2uepc7/spack-src/src/H5VM.c line 1464 in H5VM_opvv(): can't perform operation
    major: Internal error (too specific to document in detail)
    minor: Can't operate on object
  #007: /scratch/spack_cpu/job_21700923/spack-stage/spack-stage-hdf5-1.10.7-xexa2gll6hf6okdatgrxiwhcjs2uepc7/spack-src/src/H5Dcontig.c line 1029 in H5D__contig_writevv_sieve_cb(): block write failed
    major: Dataset
    minor: Write failed
  #008: /scratch/spack_cpu/job_21700923/spack-stage/spack-stage-hdf5-1.10.7-xexa2gll6hf6okdatgrxiwhcjs2uepc7/spack-src/src/H5Fio.c line 161 in H5F_block_write(): write through page buffer failed
    major: Low-level I/O
    minor: Write failed
  #009: /scratch/spack_cpu/job_21700923/spack-stage/spack-stage-hdf5-1.10.7-xexa2gll6hf6okdatgrxiwhcjs2uepc7/spack-src/src/H5PB.c line 1032 in H5PB_write(): write through metadata accumulator failed
    major: Page Buffering
    minor: Write failed
  #010: /scratch/spack_cpu/job_21700923/spack-stage/spack-stage-hdf5-1.10.7-xexa2gll6hf6okdatgrxiwhcjs2uepc7/spack-src/src/H5Faccum.c line 824 in H5F__accum_write(): file write failed
    major: Low-level I/O
    minor: Write failed
  #011: /scratch/spack_cpu/job_21700923/spack-stage/spack-stage-hdf5-1.10.7-xexa2gll6hf6okdatgrxiwhcjs2uepc7/spack-src/src/H5FDint.c line 249 in H5FD_write(): driver write request failed
    major: Virtual File Layer
    minor: Write failed
  #012: /scratch/spack_cpu/job_21700923/spack-stage/spack-stage-hdf5-1.10.7-xexa2gll6hf6okdatgrxiwhcjs2uepc7/spack-src/src/H5FDsec2.c line 856 in H5FD__sec2_write(): file write failed: time = Wed Nov 19 09:23:23 2025
, filename = 'checkpoint.h5', file descriptor = 5, errno = 14, error message = 'Bad address', buf = 0x1555537c4000, total write size = 15969552, bytes this sub-write = 15969552, bytes actually written = 18446744073709551615, offset = 0
    major: Low-level I/O
    minor: Write failed
HDF5-DIAG: Error detected in HDF5 (1.10.7) thread 0:
  #000: /scratch/spack_cpu/job_21700923/spack-stage/spack-stage-hdf5-1.10.7-xexa2gll6hf6okdatgrxiwhcjs2uepc7/spack-src/src/H5Dio.c line 335 in H5Dwrite(): can't write data
    major: Dataset
    minor: Write failed
  #001: /scratch/spack_cpu/job_21700923/spack-stage/spack-stage-hdf5-1.10.7-xexa2gll6hf6okdatgrxiwhcjs2uepc7/spack-src/src/H5Dio.c line 813 in H5D__write(): can't write data
    major: Dataset
    minor: Write failed
  #002: /scratch/spack_cpu/job_21700923/spack-stage/spack-stage-hdf5-1.10.7-xexa2gll6hf6okdatgrxiwhcjs2uepc7/spack-src/src/H5Dcontig.c line 659 in H5D__contig_write(): contiguous write failed
    major: Dataset
    minor: Write failed
  #003: /scratch/spack_cpu/job_21700923/spack-stage/spack-stage-hdf5-1.10.7-xexa2gll6hf6okdatgrxiwhcjs2uepc7/spack-src/src/H5Dselect.c line 321 in H5D__select_write(): write error
    major: Dataspace
    minor: Write failed
  #004: /scratch/spack_cpu/job_21700923/spack-stage/spack-stage-hdf5-1.10.7-xexa2gll6hf6okdatgrxiwhcjs2uepc7/spack-src/src/H5Dselect.c line 230 in H5D__select_io(): write error
    major: Dataspace
    minor: Write failed
  #005: /scratch/spack_cpu/job_21700923/spack-stage/spack-stage-hdf5-1.10.7-xexa2gll6hf6okdatgrxiwhcjs2uepc7/spack-src/src/H5Dcontig.c line 1281 in H5D__contig_writevv(): can't perform vectorized sieve buffer write
    major: Dataset
    minor: Can't operate on object
  #006: /scratch/spack_cpu/job_21700923/spack-stage/spack-stage-hdf5-1.10.7-xexa2gll6hf6okdatgrxiwhcjs2uepc7/spack-src/src/H5VM.c line 1464 in H5VM_opvv(): can't perform operation
    major: Internal error (too specific to document in detail)
    minor: Can't operate on object
  #007: /scratch/spack_cpu/job_21700923/spack-stage/spack-stage-hdf5-1.10.7-xexa2gll6hf6okdatgrxiwhcjs2uepc7/spack-src/src/H5Dcontig.c line 1029 in H5D__contig_writevv_sieve_cb(): block write failed
    major: Dataset
    minor: Write failed
  #008: /scratch/spack_cpu/job_21700923/spack-stage/spack-stage-hdf5-1.10.7-xexa2gll6hf6okdatgrxiwhcjs2uepc7/spack-src/src/H5Fio.c line 161 in H5F_block_write(): write through page buffer failed
    major: Low-level I/O
    minor: Write failed
  #009: /scratch/spack_cpu/job_21700923/spack-stage/spack-stage-hdf5-1.10.7-xexa2gll6hf6okdatgrxiwhcjs2uepc7/spack-src/src/H5PB.c line 1032 in H5PB_write(): write through metadata accumulator failed
    major: Page Buffering
    minor: Write failed
  #010: /scratch/spack_cpu/job_21700923/spack-stage/spack-stage-hdf5-1.10.7-xexa2gll6hf6okdatgrxiwhcjs2uepc7/spack-src/src/H5Faccum.c line 824 in H5F__accum_write(): file write failed
    major: Low-level I/O
    minor: Write failed
  #011: /scratch/spack_cpu/job_21700923/spack-stage/spack-stage-hdf5-1.10.7-xexa2gll6hf6okdatgrxiwhcjs2uepc7/spack-src/src/H5FDint.c line 249 in H5FD_write(): driver write request failed
    major: Virtual File Layer
    minor: Write failed
  #012: /scratch/spack_cpu/job_21700923/spack-stage/spack-stage-hdf5-1.10.7-xexa2gll6hf6okdatgrxiwhcjs2uepc7/spack-src/src/H5FDsec2.c line 856 in H5FD__sec2_write(): file write failed: time = Wed Nov 19 09:25:29 2025
, filename = 'checkpoint.h5', file descriptor = 5, errno = 14, error message = 'Bad address', buf = 0x1555537c4000, total write size = 15969552, bytes this sub-write = 15969552, bytes actually written = 18446744073709551615, offset = 0
    major: Low-level I/O
    minor: Write failed
HDF5-DIAG: Error detected in HDF5 (1.10.7) thread 0:
  #000: /scratch/spack_cpu/job_21700923/spack-stage/spack-stage-hdf5-1.10.7-xexa2gll6hf6okdatgrxiwhcjs2uepc7/spack-src/src/H5Dio.c line 335 in H5Dwrite(): can't write data
    major: Dataset
    minor: Write failed
  #001: /scratch/spack_cpu/job_21700923/spack-stage/spack-stage-hdf5-1.10.7-xexa2gll6hf6okdatgrxiwhcjs2uepc7/spack-src/src/H5Dio.c line 813 in H5D__write(): can't write data
    major: Dataset
    minor: Write failed
  #002: /scratch/spack_cpu/job_21700923/spack-stage/spack-stage-hdf5-1.10.7-xexa2gll6hf6okdatgrxiwhcjs2uepc7/spack-src/src/H5Dcontig.c line 659 in H5D__contig_write(): contiguous write failed
    major: Dataset
    minor: Write failed
  #003: /scratch/spack_cpu/job_21700923/spack-stage/spack-stage-hdf5-1.10.7-xexa2gll6hf6okdatgrxiwhcjs2uepc7/spack-src/src/H5Dselect.c line 321 in H5D__select_write(): write error
    major: Dataspace
    minor: Write failed
  #004: /scratch/spack_cpu/job_21700923/spack-stage/spack-stage-hdf5-1.10.7-xexa2gll6hf6okdatgrxiwhcjs2uepc7/spack-src/src/H5Dselect.c line 230 in H5D__select_io(): write error
    major: Dataspace
    minor: Write failed
  #005: /scratch/spack_cpu/job_21700923/spack-stage/spack-stage-hdf5-1.10.7-xexa2gll6hf6okdatgrxiwhcjs2uepc7/spack-src/src/H5Dcontig.c line 1281 in H5D__contig_writevv(): can't perform vectorized sieve buffer write
    major: Dataset
    minor: Can't operate on object
  #006: /scratch/spack_cpu/job_21700923/spack-stage/spack-stage-hdf5-1.10.7-xexa2gll6hf6okdatgrxiwhcjs2uepc7/spack-src/src/H5VM.c line 1464 in H5VM_opvv(): can't perform operation
    major: Internal error (too specific to document in detail)
    minor: Can't operate on object
  #007: /scratch/spack_cpu/job_21700923/spack-stage/spack-stage-hdf5-1.10.7-xexa2gll6hf6okdatgrxiwhcjs2uepc7/spack-src/src/H5Dcontig.c line 1029 in H5D__contig_writevv_sieve_cb(): block write failed
    major: Dataset
    minor: Write failed
  #008: /scratch/spack_cpu/job_21700923/spack-stage/spack-stage-hdf5-1.10.7-xexa2gll6hf6okdatgrxiwhcjs2uepc7/spack-src/src/H5Fio.c line 161 in H5F_block_write(): write through page buffer failed
    major: Low-level I/O
    minor: Write failed
  #009: /scratch/spack_cpu/job_21700923/spack-stage/spack-stage-hdf5-1.10.7-xexa2gll6hf6okdatgrxiwhcjs2uepc7/spack-src/src/H5PB.c line 1032 in H5PB_write(): write through metadata accumulator failed
    major: Page Buffering
    minor: Write failed
  #010: /scratch/spack_cpu/job_21700923/spack-stage/spack-stage-hdf5-1.10.7-xexa2gll6hf6okdatgrxiwhcjs2uepc7/spack-src/src/H5Faccum.c line 824 in H5F__accum_write(): file write failed
    major: Low-level I/O
    minor: Write failed
  #011: /scratch/spack_cpu/job_21700923/spack-stage/spack-stage-hdf5-1.10.7-xexa2gll6hf6okdatgrxiwhcjs2uepc7/spack-src/src/H5FDint.c line 249 in H5FD_write(): driver write request failed
    major: Virtual File Layer
    minor: Write failed
  #012: /scratch/spack_cpu/job_21700923/spack-stage/spack-stage-hdf5-1.10.7-xexa2gll6hf6okdatgrxiwhcjs2uepc7/spack-src/src/H5FDsec2.c line 856 in H5FD__sec2_write(): file write failed: time = Wed Nov 19 09:27:37 2025
, filename = 'checkpoint.h5', file descriptor = 5, errno = 14, error message = 'Bad address', buf = 0x1555537c4000, total write size = 15969552, bytes this sub-write = 15969552, bytes actually written = 18446744073709551615, offset = 0
    major: Low-level I/O
    minor: Write failed
HDF5-DIAG: Error detected in HDF5 (1.10.7) thread 0:
  #000: /scratch/spack_cpu/job_21700923/spack-stage/spack-stage-hdf5-1.10.7-xexa2gll6hf6okdatgrxiwhcjs2uepc7/spack-src/src/H5Dio.c line 335 in H5Dwrite(): can't write data
    major: Dataset
    minor: Write failed
  #001: /scratch/spack_cpu/job_21700923/spack-stage/spack-stage-hdf5-1.10.7-xexa2gll6hf6okdatgrxiwhcjs2uepc7/spack-src/src/H5Dio.c line 813 in H5D__write(): can't write data
    major: Dataset
    minor: Write failed
  #002: /scratch/spack_cpu/job_21700923/spack-stage/spack-stage-hdf5-1.10.7-xexa2gll6hf6okdatgrxiwhcjs2uepc7/spack-src/src/H5Dcontig.c line 659 in H5D__contig_write(): contiguous write failed
    major: Dataset
    minor: Write failed
  #003: /scratch/spack_cpu/job_21700923/spack-stage/spack-stage-hdf5-1.10.7-xexa2gll6hf6okdatgrxiwhcjs2uepc7/spack-src/src/H5Dselect.c line 321 in H5D__select_write(): write error
    major: Dataspace
    minor: Write failed
  #004: /scratch/spack_cpu/job_21700923/spack-stage/spack-stage-hdf5-1.10.7-xexa2gll6hf6okdatgrxiwhcjs2uepc7/spack-src/src/H5Dselect.c line 230 in H5D__select_io(): write error
    major: Dataspace
    minor: Write failed
  #005: /scratch/spack_cpu/job_21700923/spack-stage/spack-stage-hdf5-1.10.7-xexa2gll6hf6okdatgrxiwhcjs2uepc7/spack-src/src/H5Dcontig.c line 1281 in H5D__contig_writevv(): can't perform vectorized sieve buffer write
    major: Dataset
    minor: Can't operate on object
  #006: /scratch/spack_cpu/job_21700923/spack-stage/spack-stage-hdf5-1.10.7-xexa2gll6hf6okdatgrxiwhcjs2uepc7/spack-src/src/H5VM.c line 1464 in H5VM_opvv(): can't perform operation
    major: Internal error (too specific to document in detail)
    minor: Can't operate on object
  #007: /scratch/spack_cpu/job_21700923/spack-stage/spack-stage-hdf5-1.10.7-xexa2gll6hf6okdatgrxiwhcjs2uepc7/spack-src/src/H5Dcontig.c line 1029 in H5D__contig_writevv_sieve_cb(): block write failed
    major: Dataset
    minor: Write failed
  #008: /scratch/spack_cpu/job_21700923/spack-stage/spack-stage-hdf5-1.10.7-xexa2gll6hf6okdatgrxiwhcjs2uepc7/spack-src/src/H5Fio.c line 161 in H5F_block_write(): write through page buffer failed
    major: Low-level I/O
    minor: Write failed
  #009: /scratch/spack_cpu/job_21700923/spack-stage/spack-stage-hdf5-1.10.7-xexa2gll6hf6okdatgrxiwhcjs2uepc7/spack-src/src/H5PB.c line 1032 in H5PB_write(): write through metadata accumulator failed
    major: Page Buffering
    minor: Write failed
  #010: /scratch/spack_cpu/job_21700923/spack-stage/spack-stage-hdf5-1.10.7-xexa2gll6hf6okdatgrxiwhcjs2uepc7/spack-src/src/H5Faccum.c line 824 in H5F__accum_write(): file write failed
    major: Low-level I/O
    minor: Write failed
  #011: /scratch/spack_cpu/job_21700923/spack-stage/spack-stage-hdf5-1.10.7-xexa2gll6hf6okdatgrxiwhcjs2uepc7/spack-src/src/H5FDint.c line 249 in H5FD_write(): driver write request failed
    major: Virtual File Layer
    minor: Write failed
  #012: /scratch/spack_cpu/job_21700923/spack-stage/spack-stage-hdf5-1.10.7-xexa2gll6hf6okdatgrxiwhcjs2uepc7/spack-src/src/H5FDsec2.c line 856 in H5FD__sec2_write(): file write failed: time = Wed Nov 19 09:29:41 2025
, filename = 'checkpoint.h5', file descriptor = 5, errno = 14, error message = 'Bad address', buf = 0x1555537c4000, total write size = 15969552, bytes this sub-write = 15969552, bytes actually written = 18446744073709551615, offset = 0
    major: Low-level I/O
    minor: Write failed
HDF5-DIAG: Error detected in HDF5 (1.10.7) thread 0:
  #000: /scratch/spack_cpu/job_21700923/spack-stage/spack-stage-hdf5-1.10.7-xexa2gll6hf6okdatgrxiwhcjs2uepc7/spack-src/src/H5Dio.c line 335 in H5Dwrite(): can't write data
    major: Dataset
    minor: Write failed
  #001: /scratch/spack_cpu/job_21700923/spack-stage/spack-stage-hdf5-1.10.7-xexa2gll6hf6okdatgrxiwhcjs2uepc7/spack-src/src/H5Dio.c line 813 in H5D__write(): can't write data
    major: Dataset
    minor: Write failed
  #002: /scratch/spack_cpu/job_21700923/spack-stage/spack-stage-hdf5-1.10.7-xexa2gll6hf6okdatgrxiwhcjs2uepc7/spack-src/src/H5Dcontig.c line 659 in H5D__contig_write(): contiguous write failed
    major: Dataset
    minor: Write failed
  #003: /scratch/spack_cpu/job_21700923/spack-stage/spack-stage-hdf5-1.10.7-xexa2gll6hf6okdatgrxiwhcjs2uepc7/spack-src/src/H5Dselect.c line 321 in H5D__select_write(): write error
    major: Dataspace
    minor: Write failed
  #004: /scratch/spack_cpu/job_21700923/spack-stage/spack-stage-hdf5-1.10.7-xexa2gll6hf6okdatgrxiwhcjs2uepc7/spack-src/src/H5Dselect.c line 230 in H5D__select_io(): write error
    major: Dataspace
    minor: Write failed
  #005: /scratch/spack_cpu/job_21700923/spack-stage/spack-stage-hdf5-1.10.7-xexa2gll6hf6okdatgrxiwhcjs2uepc7/spack-src/src/H5Dcontig.c line 1281 in H5D__contig_writevv(): can't perform vectorized sieve buffer write
    major: Dataset
    minor: Can't operate on object
  #006: /scratch/spack_cpu/job_21700923/spack-stage/spack-stage-hdf5-1.10.7-xexa2gll6hf6okdatgrxiwhcjs2uepc7/spack-src/src/H5VM.c line 1464 in H5VM_opvv(): can't perform operation
    major: Internal error (too specific to document in detail)
    minor: Can't operate on object
  #007: /scratch/spack_cpu/job_21700923/spack-stage/spack-stage-hdf5-1.10.7-xexa2gll6hf6okdatgrxiwhcjs2uepc7/spack-src/src/H5Dcontig.c line 1029 in H5D__contig_writevv_sieve_cb(): block write failed
    major: Dataset
    minor: Write failed
  #008: /scratch/spack_cpu/job_21700923/spack-stage/spack-stage-hdf5-1.10.7-xexa2gll6hf6okdatgrxiwhcjs2uepc7/spack-src/src/H5Fio.c line 161 in H5F_block_write(): write through page buffer failed
    major: Low-level I/O
    minor: Write failed
  #009: /scratch/spack_cpu/job_21700923/spack-stage/spack-stage-hdf5-1.10.7-xexa2gll6hf6okdatgrxiwhcjs2uepc7/spack-src/src/H5PB.c line 1032 in H5PB_write(): write through metadata accumulator failed
    major: Page Buffering
    minor: Write failed
  #010: /scratch/spack_cpu/job_21700923/spack-stage/spack-stage-hdf5-1.10.7-xexa2gll6hf6okdatgrxiwhcjs2uepc7/spack-src/src/H5Faccum.c line 824 in H5F__accum_write(): file write failed
    major: Low-level I/O
    minor: Write failed
  #011: /scratch/spack_cpu/job_21700923/spack-stage/spack-stage-hdf5-1.10.7-xexa2gll6hf6okdatgrxiwhcjs2uepc7/spack-src/src/H5FDint.c line 249 in H5FD_write(): driver write request failed
    major: Virtual File Layer
    minor: Write failed
  #012: /scratch/spack_cpu/job_21700923/spack-stage/spack-stage-hdf5-1.10.7-xexa2gll6hf6okdatgrxiwhcjs2uepc7/spack-src/src/H5FDsec2.c line 856 in H5FD__sec2_write(): file write failed: time = Wed Nov 19 09:31:46 2025
, filename = 'checkpoint.h5', file descriptor = 5, errno = 14, error message = 'Bad address', buf = 0x1555537c4000, total write size = 15969552, bytes this sub-write = 15969552, bytes actually written = 18446744073709551615, offset = 0
    major: Low-level I/O
    minor: Write failed
HDF5-DIAG: Error detected in HDF5 (1.10.7) thread 0:
  #000: /scratch/spack_cpu/job_21700923/spack-stage/spack-stage-hdf5-1.10.7-xexa2gll6hf6okdatgrxiwhcjs2uepc7/spack-src/src/H5Dio.c line 335 in H5Dwrite(): can't write data
    major: Dataset
    minor: Write failed
  #001: /scratch/spack_cpu/job_21700923/spack-stage/spack-stage-hdf5-1.10.7-xexa2gll6hf6okdatgrxiwhcjs2uepc7/spack-src/src/H5Dio.c line 813 in H5D__write(): can't write data
    major: Dataset
    minor: Write failed
  #002: /scratch/spack_cpu/job_21700923/spack-stage/spack-stage-hdf5-1.10.7-xexa2gll6hf6okdatgrxiwhcjs2uepc7/spack-src/src/H5Dcontig.c line 659 in H5D__contig_write(): contiguous write failed
    major: Dataset
    minor: Write failed
  #003: /scratch/spack_cpu/job_21700923/spack-stage/spack-stage-hdf5-1.10.7-xexa2gll6hf6okdatgrxiwhcjs2uepc7/spack-src/src/H5Dselect.c line 321 in H5D__select_write(): write error
    major: Dataspace
    minor: Write failed
  #004: /scratch/spack_cpu/job_21700923/spack-stage/spack-stage-hdf5-1.10.7-xexa2gll6hf6okdatgrxiwhcjs2uepc7/spack-src/src/H5Dselect.c line 230 in H5D__select_io(): write error
    major: Dataspace
    minor: Write failed
  #005: /scratch/spack_cpu/job_21700923/spack-stage/spack-stage-hdf5-1.10.7-xexa2gll6hf6okdatgrxiwhcjs2uepc7/spack-src/src/H5Dcontig.c line 1281 in H5D__contig_writevv(): can't perform vectorized sieve buffer write
    major: Dataset
    minor: Can't operate on object
  #006: /scratch/spack_cpu/job_21700923/spack-stage/spack-stage-hdf5-1.10.7-xexa2gll6hf6okdatgrxiwhcjs2uepc7/spack-src/src/H5VM.c line 1464 in H5VM_opvv(): can't perform operation
    major: Internal error (too specific to document in detail)
    minor: Can't operate on object
  #007: /scratch/spack_cpu/job_21700923/spack-stage/spack-stage-hdf5-1.10.7-xexa2gll6hf6okdatgrxiwhcjs2uepc7/spack-src/src/H5Dcontig.c line 1029 in H5D__contig_writevv_sieve_cb(): block write failed
    major: Dataset
    minor: Write failed
  #008: /scratch/spack_cpu/job_21700923/spack-stage/spack-stage-hdf5-1.10.7-xexa2gll6hf6okdatgrxiwhcjs2uepc7/spack-src/src/H5Fio.c line 161 in H5F_block_write(): write through page buffer failed
    major: Low-level I/O
    minor: Write failed
  #009: /scratch/spack_cpu/job_21700923/spack-stage/spack-stage-hdf5-1.10.7-xexa2gll6hf6okdatgrxiwhcjs2uepc7/spack-src/src/H5PB.c line 1032 in H5PB_write(): write through metadata accumulator failed
    major: Page Buffering
    minor: Write failed
  #010: /scratch/spack_cpu/job_21700923/spack-stage/spack-stage-hdf5-1.10.7-xexa2gll6hf6okdatgrxiwhcjs2uepc7/spack-src/src/H5Faccum.c line 824 in H5F__accum_write(): file write failed
    major: Low-level I/O
    minor: Write failed
  #011: /scratch/spack_cpu/job_21700923/spack-stage/spack-stage-hdf5-1.10.7-xexa2gll6hf6okdatgrxiwhcjs2uepc7/spack-src/src/H5FDint.c line 249 in H5FD_write(): driver write request failed
    major: Virtual File Layer
    minor: Write failed
  #012: /scratch/spack_cpu/job_21700923/spack-stage/spack-stage-hdf5-1.10.7-xexa2gll6hf6okdatgrxiwhcjs2uepc7/spack-src/src/H5FDsec2.c line 856 in H5FD__sec2_write(): file write failed: time = Wed Nov 19 09:33:53 2025
, filename = 'checkpoint.h5', file descriptor = 5, errno = 14, error message = 'Bad address', buf = 0x1555537c4000, total write size = 15969552, bytes this sub-write = 15969552, bytes actually written = 18446744073709551615, offset = 0
    major: Low-level I/O
    minor: Write failed
HDF5-DIAG: Error detected in HDF5 (1.10.7) thread 0:
  #000: /scratch/spack_cpu/job_21700923/spack-stage/spack-stage-hdf5-1.10.7-xexa2gll6hf6okdatgrxiwhcjs2uepc7/spack-src/src/H5Dio.c line 335 in H5Dwrite(): can't write data
    major: Dataset
    minor: Write failed
  #001: /scratch/spack_cpu/job_21700923/spack-stage/spack-stage-hdf5-1.10.7-xexa2gll6hf6okdatgrxiwhcjs2uepc7/spack-src/src/H5Dio.c line 813 in H5D__write(): can't write data
    major: Dataset
    minor: Write failed
  #002: /scratch/spack_cpu/job_21700923/spack-stage/spack-stage-hdf5-1.10.7-xexa2gll6hf6okdatgrxiwhcjs2uepc7/spack-src/src/H5Dcontig.c line 659 in H5D__contig_write(): contiguous write failed
    major: Dataset
    minor: Write failed
  #003: /scratch/spack_cpu/job_21700923/spack-stage/spack-stage-hdf5-1.10.7-xexa2gll6hf6okdatgrxiwhcjs2uepc7/spack-src/src/H5Dselect.c line 321 in H5D__select_write(): write error
    major: Dataspace
    minor: Write failed
  #004: /scratch/spack_cpu/job_21700923/spack-stage/spack-stage-hdf5-1.10.7-xexa2gll6hf6okdatgrxiwhcjs2uepc7/spack-src/src/H5Dselect.c line 230 in H5D__select_io(): write error
    major: Dataspace
    minor: Write failed
  #005: /scratch/spack_cpu/job_21700923/spack-stage/spack-stage-hdf5-1.10.7-xexa2gll6hf6okdatgrxiwhcjs2uepc7/spack-src/src/H5Dcontig.c line 1281 in H5D__contig_writevv(): can't perform vectorized sieve buffer write
    major: Dataset
    minor: Can't operate on object
  #006: /scratch/spack_cpu/job_21700923/spack-stage/spack-stage-hdf5-1.10.7-xexa2gll6hf6okdatgrxiwhcjs2uepc7/spack-src/src/H5VM.c line 1464 in H5VM_opvv(): can't perform operation
    major: Internal error (too specific to document in detail)
    minor: Can't operate on object
  #007: /scratch/spack_cpu/job_21700923/spack-stage/spack-stage-hdf5-1.10.7-xexa2gll6hf6okdatgrxiwhcjs2uepc7/spack-src/src/H5Dcontig.c line 1029 in H5D__contig_writevv_sieve_cb(): block write failed
    major: Dataset
    minor: Write failed
  #008: /scratch/spack_cpu/job_21700923/spack-stage/spack-stage-hdf5-1.10.7-xexa2gll6hf6okdatgrxiwhcjs2uepc7/spack-src/src/H5Fio.c line 161 in H5F_block_write(): write through page buffer failed
    major: Low-level I/O
    minor: Write failed
  #009: /scratch/spack_cpu/job_21700923/spack-stage/spack-stage-hdf5-1.10.7-xexa2gll6hf6okdatgrxiwhcjs2uepc7/spack-src/src/H5PB.c line 1032 in H5PB_write(): write through metadata accumulator failed
    major: Page Buffering
    minor: Write failed
  #010: /scratch/spack_cpu/job_21700923/spack-stage/spack-stage-hdf5-1.10.7-xexa2gll6hf6okdatgrxiwhcjs2uepc7/spack-src/src/H5Faccum.c line 824 in H5F__accum_write(): file write failed
    major: Low-level I/O
    minor: Write failed
  #011: /scratch/spack_cpu/job_21700923/spack-stage/spack-stage-hdf5-1.10.7-xexa2gll6hf6okdatgrxiwhcjs2uepc7/spack-src/src/H5FDint.c line 249 in H5FD_write(): driver write request failed
    major: Virtual File Layer
    minor: Write failed
  #012: /scratch/spack_cpu/job_21700923/spack-stage/spack-stage-hdf5-1.10.7-xexa2gll6hf6okdatgrxiwhcjs2uepc7/spack-src/src/H5FDsec2.c line 856 in H5FD__sec2_write(): file write failed: time = Wed Nov 19 09:36:01 2025
, filename = 'checkpoint.h5', file descriptor = 5, errno = 14, error message = 'Bad address', buf = 0x1555537c4000, total write size = 15969552, bytes this sub-write = 15969552, bytes actually written = 18446744073709551615, offset = 0
    major: Low-level I/O
    minor: Write failed
HDF5-DIAG: Error detected in HDF5 (1.10.7) thread 0:
  #000: /scratch/spack_cpu/job_21700923/spack-stage/spack-stage-hdf5-1.10.7-xexa2gll6hf6okdatgrxiwhcjs2uepc7/spack-src/src/H5Dio.c line 335 in H5Dwrite(): can't write data
    major: Dataset
    minor: Write failed
  #001: /scratch/spack_cpu/job_21700923/spack-stage/spack-stage-hdf5-1.10.7-xexa2gll6hf6okdatgrxiwhcjs2uepc7/spack-src/src/H5Dio.c line 813 in H5D__write(): can't write data
    major: Dataset
    minor: Write failed
  #002: /scratch/spack_cpu/job_21700923/spack-stage/spack-stage-hdf5-1.10.7-xexa2gll6hf6okdatgrxiwhcjs2uepc7/spack-src/src/H5Dcontig.c line 659 in H5D__contig_write(): contiguous write failed
    major: Dataset
    minor: Write failed
  #003: /scratch/spack_cpu/job_21700923/spack-stage/spack-stage-hdf5-1.10.7-xexa2gll6hf6okdatgrxiwhcjs2uepc7/spack-src/src/H5Dselect.c line 321 in H5D__select_write(): write error
    major: Dataspace
    minor: Write failed
  #004: /scratch/spack_cpu/job_21700923/spack-stage/spack-stage-hdf5-1.10.7-xexa2gll6hf6okdatgrxiwhcjs2uepc7/spack-src/src/H5Dselect.c line 230 in H5D__select_io(): write error
    major: Dataspace
    minor: Write failed
  #005: /scratch/spack_cpu/job_21700923/spack-stage/spack-stage-hdf5-1.10.7-xexa2gll6hf6okdatgrxiwhcjs2uepc7/spack-src/src/H5Dcontig.c line 1281 in H5D__contig_writevv(): can't perform vectorized sieve buffer write
    major: Dataset
    minor: Can't operate on object
  #006: /scratch/spack_cpu/job_21700923/spack-stage/spack-stage-hdf5-1.10.7-xexa2gll6hf6okdatgrxiwhcjs2uepc7/spack-src/src/H5VM.c line 1464 in H5VM_opvv(): can't perform operation
    major: Internal error (too specific to document in detail)
    minor: Can't operate on object
  #007: /scratch/spack_cpu/job_21700923/spack-stage/spack-stage-hdf5-1.10.7-xexa2gll6hf6okdatgrxiwhcjs2uepc7/spack-src/src/H5Dcontig.c line 1029 in H5D__contig_writevv_sieve_cb(): block write failed
    major: Dataset
    minor: Write failed
  #008: /scratch/spack_cpu/job_21700923/spack-stage/spack-stage-hdf5-1.10.7-xexa2gll6hf6okdatgrxiwhcjs2uepc7/spack-src/src/H5Fio.c line 161 in H5F_block_write(): write through page buffer failed
    major: Low-level I/O
    minor: Write failed
  #009: /scratch/spack_cpu/job_21700923/spack-stage/spack-stage-hdf5-1.10.7-xexa2gll6hf6okdatgrxiwhcjs2uepc7/spack-src/src/H5PB.c line 1032 in H5PB_write(): write through metadata accumulator failed
    major: Page Buffering
    minor: Write failed
  #010: /scratch/spack_cpu/job_21700923/spack-stage/spack-stage-hdf5-1.10.7-xexa2gll6hf6okdatgrxiwhcjs2uepc7/spack-src/src/H5Faccum.c line 824 in H5F__accum_write(): file write failed
    major: Low-level I/O
    minor: Write failed
  #011: /scratch/spack_cpu/job_21700923/spack-stage/spack-stage-hdf5-1.10.7-xexa2gll6hf6okdatgrxiwhcjs2uepc7/spack-src/src/H5FDint.c line 249 in H5FD_write(): driver write request failed
    major: Virtual File Layer
    minor: Write failed
  #012: /scratch/spack_cpu/job_21700923/spack-stage/spack-stage-hdf5-1.10.7-xexa2gll6hf6okdatgrxiwhcjs2uepc7/spack-src/src/H5FDsec2.c line 856 in H5FD__sec2_write(): file write failed: time = Wed Nov 19 09:38:08 2025
, filename = 'checkpoint.h5', file descriptor = 5, errno = 14, error message = 'Bad address', buf = 0x1555537c4000, total write size = 15969552, bytes this sub-write = 15969552, bytes actually written = 18446744073709551615, offset = 0
    major: Low-level I/O
    minor: Write failed
HDF5-DIAG: Error detected in HDF5 (1.10.7) thread 0:
  #000: /scratch/spack_cpu/job_21700923/spack-stage/spack-stage-hdf5-1.10.7-xexa2gll6hf6okdatgrxiwhcjs2uepc7/spack-src/src/H5Dio.c line 335 in H5Dwrite(): can't write data
    major: Dataset
    minor: Write failed
  #001: /scratch/spack_cpu/job_21700923/spack-stage/spack-stage-hdf5-1.10.7-xexa2gll6hf6okdatgrxiwhcjs2uepc7/spack-src/src/H5Dio.c line 813 in H5D__write(): can't write data
    major: Dataset
    minor: Write failed
  #002: /scratch/spack_cpu/job_21700923/spack-stage/spack-stage-hdf5-1.10.7-xexa2gll6hf6okdatgrxiwhcjs2uepc7/spack-src/src/H5Dcontig.c line 659 in H5D__contig_write(): contiguous write failed
    major: Dataset
    minor: Write failed
  #003: /scratch/spack_cpu/job_21700923/spack-stage/spack-stage-hdf5-1.10.7-xexa2gll6hf6okdatgrxiwhcjs2uepc7/spack-src/src/H5Dselect.c line 321 in H5D__select_write(): write error
    major: Dataspace
    minor: Write failed
  #004: /scratch/spack_cpu/job_21700923/spack-stage/spack-stage-hdf5-1.10.7-xexa2gll6hf6okdatgrxiwhcjs2uepc7/spack-src/src/H5Dselect.c line 230 in H5D__select_io(): write error
    major: Dataspace
    minor: Write failed
  #005: /scratch/spack_cpu/job_21700923/spack-stage/spack-stage-hdf5-1.10.7-xexa2gll6hf6okdatgrxiwhcjs2uepc7/spack-src/src/H5Dcontig.c line 1281 in H5D__contig_writevv(): can't perform vectorized sieve buffer write
    major: Dataset
    minor: Can't operate on object
  #006: /scratch/spack_cpu/job_21700923/spack-stage/spack-stage-hdf5-1.10.7-xexa2gll6hf6okdatgrxiwhcjs2uepc7/spack-src/src/H5VM.c line 1464 in H5VM_opvv(): can't perform operation
    major: Internal error (too specific to document in detail)
    minor: Can't operate on object
  #007: /scratch/spack_cpu/job_21700923/spack-stage/spack-stage-hdf5-1.10.7-xexa2gll6hf6okdatgrxiwhcjs2uepc7/spack-src/src/H5Dcontig.c line 1029 in H5D__contig_writevv_sieve_cb(): block write failed
    major: Dataset
    minor: Write failed
  #008: /scratch/spack_cpu/job_21700923/spack-stage/spack-stage-hdf5-1.10.7-xexa2gll6hf6okdatgrxiwhcjs2uepc7/spack-src/src/H5Fio.c line 161 in H5F_block_write(): write through page buffer failed
    major: Low-level I/O
    minor: Write failed
  #009: /scratch/spack_cpu/job_21700923/spack-stage/spack-stage-hdf5-1.10.7-xexa2gll6hf6okdatgrxiwhcjs2uepc7/spack-src/src/H5PB.c line 1032 in H5PB_write(): write through metadata accumulator failed
    major: Page Buffering
    minor: Write failed
  #010: /scratch/spack_cpu/job_21700923/spack-stage/spack-stage-hdf5-1.10.7-xexa2gll6hf6okdatgrxiwhcjs2uepc7/spack-src/src/H5Faccum.c line 824 in H5F__accum_write(): file write failed
    major: Low-level I/O
    minor: Write failed
  #011: /scratch/spack_cpu/job_21700923/spack-stage/spack-stage-hdf5-1.10.7-xexa2gll6hf6okdatgrxiwhcjs2uepc7/spack-src/src/H5FDint.c line 249 in H5FD_write(): driver write request failed
    major: Virtual File Layer
    minor: Write failed
  #012: /scratch/spack_cpu/job_21700923/spack-stage/spack-stage-hdf5-1.10.7-xexa2gll6hf6okdatgrxiwhcjs2uepc7/spack-src/src/H5FDsec2.c line 856 in H5FD__sec2_write(): file write failed: time = Wed Nov 19 09:40:14 2025
, filename = 'checkpoint.h5', file descriptor = 5, errno = 14, error message = 'Bad address', buf = 0x1555537c4000, total write size = 15969552, bytes this sub-write = 15969552, bytes actually written = 18446744073709551615, offset = 0
    major: Low-level I/O
    minor: Write failed
HDF5-DIAG: Error detected in HDF5 (1.10.7) thread 0:
  #000: /scratch/spack_cpu/job_21700923/spack-stage/spack-stage-hdf5-1.10.7-xexa2gll6hf6okdatgrxiwhcjs2uepc7/spack-src/src/H5Dio.c line 335 in H5Dwrite(): can't write data
    major: Dataset
    minor: Write failed
  #001: /scratch/spack_cpu/job_21700923/spack-stage/spack-stage-hdf5-1.10.7-xexa2gll6hf6okdatgrxiwhcjs2uepc7/spack-src/src/H5Dio.c line 813 in H5D__write(): can't write data
    major: Dataset
    minor: Write failed
  #002: /scratch/spack_cpu/job_21700923/spack-stage/spack-stage-hdf5-1.10.7-xexa2gll6hf6okdatgrxiwhcjs2uepc7/spack-src/src/H5Dcontig.c line 659 in H5D__contig_write(): contiguous write failed
    major: Dataset
    minor: Write failed
  #003: /scratch/spack_cpu/job_21700923/spack-stage/spack-stage-hdf5-1.10.7-xexa2gll6hf6okdatgrxiwhcjs2uepc7/spack-src/src/H5Dselect.c line 321 in H5D__select_write(): write error
    major: Dataspace
    minor: Write failed
  #004: /scratch/spack_cpu/job_21700923/spack-stage/spack-stage-hdf5-1.10.7-xexa2gll6hf6okdatgrxiwhcjs2uepc7/spack-src/src/H5Dselect.c line 230 in H5D__select_io(): write error
    major: Dataspace
    minor: Write failed
  #005: /scratch/spack_cpu/job_21700923/spack-stage/spack-stage-hdf5-1.10.7-xexa2gll6hf6okdatgrxiwhcjs2uepc7/spack-src/src/H5Dcontig.c line 1281 in H5D__contig_writevv(): can't perform vectorized sieve buffer write
    major: Dataset
    minor: Can't operate on object
  #006: /scratch/spack_cpu/job_21700923/spack-stage/spack-stage-hdf5-1.10.7-xexa2gll6hf6okdatgrxiwhcjs2uepc7/spack-src/src/H5VM.c line 1464 in H5VM_opvv(): can't perform operation
    major: Internal error (too specific to document in detail)
    minor: Can't operate on object
  #007: /scratch/spack_cpu/job_21700923/spack-stage/spack-stage-hdf5-1.10.7-xexa2gll6hf6okdatgrxiwhcjs2uepc7/spack-src/src/H5Dcontig.c line 1029 in H5D__contig_writevv_sieve_cb(): block write failed
    major: Dataset
    minor: Write failed
  #008: /scratch/spack_cpu/job_21700923/spack-stage/spack-stage-hdf5-1.10.7-xexa2gll6hf6okdatgrxiwhcjs2uepc7/spack-src/src/H5Fio.c line 161 in H5F_block_write(): write through page buffer failed
    major: Low-level I/O
    minor: Write failed
  #009: /scratch/spack_cpu/job_21700923/spack-stage/spack-stage-hdf5-1.10.7-xexa2gll6hf6okdatgrxiwhcjs2uepc7/spack-src/src/H5PB.c line 1032 in H5PB_write(): write through metadata accumulator failed
    major: Page Buffering
    minor: Write failed
  #010: /scratch/spack_cpu/job_21700923/spack-stage/spack-stage-hdf5-1.10.7-xexa2gll6hf6okdatgrxiwhcjs2uepc7/spack-src/src/H5Faccum.c line 824 in H5F__accum_write(): file write failed
    major: Low-level I/O
    minor: Write failed
  #011: /scratch/spack_cpu/job_21700923/spack-stage/spack-stage-hdf5-1.10.7-xexa2gll6hf6okdatgrxiwhcjs2uepc7/spack-src/src/H5FDint.c line 249 in H5FD_write(): driver write request failed
    major: Virtual File Layer
    minor: Write failed
  #012: /scratch/spack_cpu/job_21700923/spack-stage/spack-stage-hdf5-1.10.7-xexa2gll6hf6okdatgrxiwhcjs2uepc7/spack-src/src/H5FDsec2.c line 856 in H5FD__sec2_write(): file write failed: time = Wed Nov 19 09:42:20 2025
, filename = 'checkpoint.h5', file descriptor = 5, errno = 14, error message = 'Bad address', buf = 0x1555537c4000, total write size = 15969552, bytes this sub-write = 15969552, bytes actually written = 18446744073709551615, offset = 0
    major: Low-level I/O
    minor: Write failed
HDF5-DIAG: Error detected in HDF5 (1.10.7) thread 0:
  #000: /scratch/spack_cpu/job_21700923/spack-stage/spack-stage-hdf5-1.10.7-xexa2gll6hf6okdatgrxiwhcjs2uepc7/spack-src/src/H5Dio.c line 335 in H5Dwrite(): can't write data
    major: Dataset
    minor: Write failed
  #001: /scratch/spack_cpu/job_21700923/spack-stage/spack-stage-hdf5-1.10.7-xexa2gll6hf6okdatgrxiwhcjs2uepc7/spack-src/src/H5Dio.c line 813 in H5D__write(): can't write data
    major: Dataset
    minor: Write failed
  #002: /scratch/spack_cpu/job_21700923/spack-stage/spack-stage-hdf5-1.10.7-xexa2gll6hf6okdatgrxiwhcjs2uepc7/spack-src/src/H5Dcontig.c line 659 in H5D__contig_write(): contiguous write failed
    major: Dataset
    minor: Write failed
  #003: /scratch/spack_cpu/job_21700923/spack-stage/spack-stage-hdf5-1.10.7-xexa2gll6hf6okdatgrxiwhcjs2uepc7/spack-src/src/H5Dselect.c line 321 in H5D__select_write(): write error
    major: Dataspace
    minor: Write failed
  #004: /scratch/spack_cpu/job_21700923/spack-stage/spack-stage-hdf5-1.10.7-xexa2gll6hf6okdatgrxiwhcjs2uepc7/spack-src/src/H5Dselect.c line 230 in H5D__select_io(): write error
    major: Dataspace
    minor: Write failed
  #005: /scratch/spack_cpu/job_21700923/spack-stage/spack-stage-hdf5-1.10.7-xexa2gll6hf6okdatgrxiwhcjs2uepc7/spack-src/src/H5Dcontig.c line 1281 in H5D__contig_writevv(): can't perform vectorized sieve buffer write
    major: Dataset
    minor: Can't operate on object
  #006: /scratch/spack_cpu/job_21700923/spack-stage/spack-stage-hdf5-1.10.7-xexa2gll6hf6okdatgrxiwhcjs2uepc7/spack-src/src/H5VM.c line 1464 in H5VM_opvv(): can't perform operation
    major: Internal error (too specific to document in detail)
    minor: Can't operate on object
  #007: /scratch/spack_cpu/job_21700923/spack-stage/spack-stage-hdf5-1.10.7-xexa2gll6hf6okdatgrxiwhcjs2uepc7/spack-src/src/H5Dcontig.c line 1029 in H5D__contig_writevv_sieve_cb(): block write failed
    major: Dataset
    minor: Write failed
  #008: /scratch/spack_cpu/job_21700923/spack-stage/spack-stage-hdf5-1.10.7-xexa2gll6hf6okdatgrxiwhcjs2uepc7/spack-src/src/H5Fio.c line 161 in H5F_block_write(): write through page buffer failed
    major: Low-level I/O
    minor: Write failed
  #009: /scratch/spack_cpu/job_21700923/spack-stage/spack-stage-hdf5-1.10.7-xexa2gll6hf6okdatgrxiwhcjs2uepc7/spack-src/src/H5PB.c line 1032 in H5PB_write(): write through metadata accumulator failed
    major: Page Buffering
    minor: Write failed
  #010: /scratch/spack_cpu/job_21700923/spack-stage/spack-stage-hdf5-1.10.7-xexa2gll6hf6okdatgrxiwhcjs2uepc7/spack-src/src/H5Faccum.c line 824 in H5F__accum_write(): file write failed
    major: Low-level I/O
    minor: Write failed
  #011: /scratch/spack_cpu/job_21700923/spack-stage/spack-stage-hdf5-1.10.7-xexa2gll6hf6okdatgrxiwhcjs2uepc7/spack-src/src/H5FDint.c line 249 in H5FD_write(): driver write request failed
    major: Virtual File Layer
    minor: Write failed
  #012: /scratch/spack_cpu/job_21700923/spack-stage/spack-stage-hdf5-1.10.7-xexa2gll6hf6okdatgrxiwhcjs2uepc7/spack-src/src/H5FDsec2.c line 856 in H5FD__sec2_write(): file write failed: time = Wed Nov 19 09:44:26 2025
, filename = 'checkpoint.h5', file descriptor = 5, errno = 14, error message = 'Bad address', buf = 0x1555537c4000, total write size = 15969552, bytes this sub-write = 15969552, bytes actually written = 18446744073709551615, offset = 0
    major: Low-level I/O
    minor: Write failed
HDF5-DIAG: Error detected in HDF5 (1.10.7) thread 0:
  #000: /scratch/spack_cpu/job_21700923/spack-stage/spack-stage-hdf5-1.10.7-xexa2gll6hf6okdatgrxiwhcjs2uepc7/spack-src/src/H5Dio.c line 335 in H5Dwrite(): can't write data
    major: Dataset
    minor: Write failed
  #001: /scratch/spack_cpu/job_21700923/spack-stage/spack-stage-hdf5-1.10.7-xexa2gll6hf6okdatgrxiwhcjs2uepc7/spack-src/src/H5Dio.c line 813 in H5D__write(): can't write data
    major: Dataset
    minor: Write failed
  #002: /scratch/spack_cpu/job_21700923/spack-stage/spack-stage-hdf5-1.10.7-xexa2gll6hf6okdatgrxiwhcjs2uepc7/spack-src/src/H5Dcontig.c line 659 in H5D__contig_write(): contiguous write failed
    major: Dataset
    minor: Write failed
  #003: /scratch/spack_cpu/job_21700923/spack-stage/spack-stage-hdf5-1.10.7-xexa2gll6hf6okdatgrxiwhcjs2uepc7/spack-src/src/H5Dselect.c line 321 in H5D__select_write(): write error
    major: Dataspace
    minor: Write failed
  #004: /scratch/spack_cpu/job_21700923/spack-stage/spack-stage-hdf5-1.10.7-xexa2gll6hf6okdatgrxiwhcjs2uepc7/spack-src/src/H5Dselect.c line 230 in H5D__select_io(): write error
    major: Dataspace
    minor: Write failed
  #005: /scratch/spack_cpu/job_21700923/spack-stage/spack-stage-hdf5-1.10.7-xexa2gll6hf6okdatgrxiwhcjs2uepc7/spack-src/src/H5Dcontig.c line 1281 in H5D__contig_writevv(): can't perform vectorized sieve buffer write
    major: Dataset
    minor: Can't operate on object
  #006: /scratch/spack_cpu/job_21700923/spack-stage/spack-stage-hdf5-1.10.7-xexa2gll6hf6okdatgrxiwhcjs2uepc7/spack-src/src/H5VM.c line 1464 in H5VM_opvv(): can't perform operation
    major: Internal error (too specific to document in detail)
    minor: Can't operate on object
  #007: /scratch/spack_cpu/job_21700923/spack-stage/spack-stage-hdf5-1.10.7-xexa2gll6hf6okdatgrxiwhcjs2uepc7/spack-src/src/H5Dcontig.c line 1029 in H5D__contig_writevv_sieve_cb(): block write failed
    major: Dataset
    minor: Write failed
  #008: /scratch/spack_cpu/job_21700923/spack-stage/spack-stage-hdf5-1.10.7-xexa2gll6hf6okdatgrxiwhcjs2uepc7/spack-src/src/H5Fio.c line 161 in H5F_block_write(): write through page buffer failed
    major: Low-level I/O
    minor: Write failed
  #009: /scratch/spack_cpu/job_21700923/spack-stage/spack-stage-hdf5-1.10.7-xexa2gll6hf6okdatgrxiwhcjs2uepc7/spack-src/src/H5PB.c line 1032 in H5PB_write(): write through metadata accumulator failed
    major: Page Buffering
    minor: Write failed
  #010: /scratch/spack_cpu/job_21700923/spack-stage/spack-stage-hdf5-1.10.7-xexa2gll6hf6okdatgrxiwhcjs2uepc7/spack-src/src/H5Faccum.c line 824 in H5F__accum_write(): file write failed
    major: Low-level I/O
    minor: Write failed
  #011: /scratch/spack_cpu/job_21700923/spack-stage/spack-stage-hdf5-1.10.7-xexa2gll6hf6okdatgrxiwhcjs2uepc7/spack-src/src/H5FDint.c line 249 in H5FD_write(): driver write request failed
    major: Virtual File Layer
    minor: Write failed
  #012: /scratch/spack_cpu/job_21700923/spack-stage/spack-stage-hdf5-1.10.7-xexa2gll6hf6okdatgrxiwhcjs2uepc7/spack-src/src/H5FDsec2.c line 856 in H5FD__sec2_write(): file write failed: time = Wed Nov 19 09:46:34 2025
, filename = 'checkpoint.h5', file descriptor = 5, errno = 14, error message = 'Bad address', buf = 0x1555537c4000, total write size = 15969552, bytes this sub-write = 15969552, bytes actually written = 18446744073709551615, offset = 0
    major: Low-level I/O
    minor: Write failed
HDF5-DIAG: Error detected in HDF5 (1.10.7) thread 0:
  #000: /scratch/spack_cpu/job_21700923/spack-stage/spack-stage-hdf5-1.10.7-xexa2gll6hf6okdatgrxiwhcjs2uepc7/spack-src/src/H5Dio.c line 335 in H5Dwrite(): can't write data
    major: Dataset
    minor: Write failed
  #001: /scratch/spack_cpu/job_21700923/spack-stage/spack-stage-hdf5-1.10.7-xexa2gll6hf6okdatgrxiwhcjs2uepc7/spack-src/src/H5Dio.c line 813 in H5D__write(): can't write data
    major: Dataset
    minor: Write failed
  #002: /scratch/spack_cpu/job_21700923/spack-stage/spack-stage-hdf5-1.10.7-xexa2gll6hf6okdatgrxiwhcjs2uepc7/spack-src/src/H5Dcontig.c line 659 in H5D__contig_write(): contiguous write failed
    major: Dataset
    minor: Write failed
  #003: /scratch/spack_cpu/job_21700923/spack-stage/spack-stage-hdf5-1.10.7-xexa2gll6hf6okdatgrxiwhcjs2uepc7/spack-src/src/H5Dselect.c line 321 in H5D__select_write(): write error
    major: Dataspace
    minor: Write failed
  #004: /scratch/spack_cpu/job_21700923/spack-stage/spack-stage-hdf5-1.10.7-xexa2gll6hf6okdatgrxiwhcjs2uepc7/spack-src/src/H5Dselect.c line 230 in H5D__select_io(): write error
    major: Dataspace
    minor: Write failed
  #005: /scratch/spack_cpu/job_21700923/spack-stage/spack-stage-hdf5-1.10.7-xexa2gll6hf6okdatgrxiwhcjs2uepc7/spack-src/src/H5Dcontig.c line 1281 in H5D__contig_writevv(): can't perform vectorized sieve buffer write
    major: Dataset
    minor: Can't operate on object
  #006: /scratch/spack_cpu/job_21700923/spack-stage/spack-stage-hdf5-1.10.7-xexa2gll6hf6okdatgrxiwhcjs2uepc7/spack-src/src/H5VM.c line 1464 in H5VM_opvv(): can't perform operation
    major: Internal error (too specific to document in detail)
    minor: Can't operate on object
  #007: /scratch/spack_cpu/job_21700923/spack-stage/spack-stage-hdf5-1.10.7-xexa2gll6hf6okdatgrxiwhcjs2uepc7/spack-src/src/H5Dcontig.c line 1029 in H5D__contig_writevv_sieve_cb(): block write failed
    major: Dataset
    minor: Write failed
  #008: /scratch/spack_cpu/job_21700923/spack-stage/spack-stage-hdf5-1.10.7-xexa2gll6hf6okdatgrxiwhcjs2uepc7/spack-src/src/H5Fio.c line 161 in H5F_block_write(): write through page buffer failed
    major: Low-level I/O
    minor: Write failed
  #009: /scratch/spack_cpu/job_21700923/spack-stage/spack-stage-hdf5-1.10.7-xexa2gll6hf6okdatgrxiwhcjs2uepc7/spack-src/src/H5PB.c line 1032 in H5PB_write(): write through metadata accumulator failed
    major: Page Buffering
    minor: Write failed
  #010: /scratch/spack_cpu/job_21700923/spack-stage/spack-stage-hdf5-1.10.7-xexa2gll6hf6okdatgrxiwhcjs2uepc7/spack-src/src/H5Faccum.c line 824 in H5F__accum_write(): file write failed
    major: Low-level I/O
    minor: Write failed
  #011: /scratch/spack_cpu/job_21700923/spack-stage/spack-stage-hdf5-1.10.7-xexa2gll6hf6okdatgrxiwhcjs2uepc7/spack-src/src/H5FDint.c line 249 in H5FD_write(): driver write request failed
    major: Virtual File Layer
    minor: Write failed
  #012: /scratch/spack_cpu/job_21700923/spack-stage/spack-stage-hdf5-1.10.7-xexa2gll6hf6okdatgrxiwhcjs2uepc7/spack-src/src/H5FDsec2.c line 856 in H5FD__sec2_write(): file write failed: time = Wed Nov 19 09:48:39 2025
, filename = 'checkpoint.h5', file descriptor = 5, errno = 14, error message = 'Bad address', buf = 0x1555537c4000, total write size = 15969552, bytes this sub-write = 15969552, bytes actually written = 18446744073709551615, offset = 0
    major: Low-level I/O
    minor: Write failed
HDF5-DIAG: Error detected in HDF5 (1.10.7) thread 0:
  #000: /scratch/spack_cpu/job_21700923/spack-stage/spack-stage-hdf5-1.10.7-xexa2gll6hf6okdatgrxiwhcjs2uepc7/spack-src/src/H5Dio.c line 335 in H5Dwrite(): can't write data
    major: Dataset
    minor: Write failed
  #001: /scratch/spack_cpu/job_21700923/spack-stage/spack-stage-hdf5-1.10.7-xexa2gll6hf6okdatgrxiwhcjs2uepc7/spack-src/src/H5Dio.c line 813 in H5D__write(): can't write data
    major: Dataset
    minor: Write failed
  #002: /scratch/spack_cpu/job_21700923/spack-stage/spack-stage-hdf5-1.10.7-xexa2gll6hf6okdatgrxiwhcjs2uepc7/spack-src/src/H5Dcontig.c line 659 in H5D__contig_write(): contiguous write failed
    major: Dataset
    minor: Write failed
  #003: /scratch/spack_cpu/job_21700923/spack-stage/spack-stage-hdf5-1.10.7-xexa2gll6hf6okdatgrxiwhcjs2uepc7/spack-src/src/H5Dselect.c line 321 in H5D__select_write(): write error
    major: Dataspace
    minor: Write failed
  #004: /scratch/spack_cpu/job_21700923/spack-stage/spack-stage-hdf5-1.10.7-xexa2gll6hf6okdatgrxiwhcjs2uepc7/spack-src/src/H5Dselect.c line 230 in H5D__select_io(): write error
    major: Dataspace
    minor: Write failed
  #005: /scratch/spack_cpu/job_21700923/spack-stage/spack-stage-hdf5-1.10.7-xexa2gll6hf6okdatgrxiwhcjs2uepc7/spack-src/src/H5Dcontig.c line 1281 in H5D__contig_writevv(): can't perform vectorized sieve buffer write
    major: Dataset
    minor: Can't operate on object
  #006: /scratch/spack_cpu/job_21700923/spack-stage/spack-stage-hdf5-1.10.7-xexa2gll6hf6okdatgrxiwhcjs2uepc7/spack-src/src/H5VM.c line 1464 in H5VM_opvv(): can't perform operation
    major: Internal error (too specific to document in detail)
    minor: Can't operate on object
  #007: /scratch/spack_cpu/job_21700923/spack-stage/spack-stage-hdf5-1.10.7-xexa2gll6hf6okdatgrxiwhcjs2uepc7/spack-src/src/H5Dcontig.c line 1029 in H5D__contig_writevv_sieve_cb(): block write failed
    major: Dataset
    minor: Write failed
  #008: /scratch/spack_cpu/job_21700923/spack-stage/spack-stage-hdf5-1.10.7-xexa2gll6hf6okdatgrxiwhcjs2uepc7/spack-src/src/H5Fio.c line 161 in H5F_block_write(): write through page buffer failed
    major: Low-level I/O
    minor: Write failed
  #009: /scratch/spack_cpu/job_21700923/spack-stage/spack-stage-hdf5-1.10.7-xexa2gll6hf6okdatgrxiwhcjs2uepc7/spack-src/src/H5PB.c line 1032 in H5PB_write(): write through metadata accumulator failed
    major: Page Buffering
    minor: Write failed
  #010: /scratch/spack_cpu/job_21700923/spack-stage/spack-stage-hdf5-1.10.7-xexa2gll6hf6okdatgrxiwhcjs2uepc7/spack-src/src/H5Faccum.c line 824 in H5F__accum_write(): file write failed
    major: Low-level I/O
    minor: Write failed
  #011: /scratch/spack_cpu/job_21700923/spack-stage/spack-stage-hdf5-1.10.7-xexa2gll6hf6okdatgrxiwhcjs2uepc7/spack-src/src/H5FDint.c line 249 in H5FD_write(): driver write request failed
    major: Virtual File Layer
    minor: Write failed
  #012: /scratch/spack_cpu/job_21700923/spack-stage/spack-stage-hdf5-1.10.7-xexa2gll6hf6okdatgrxiwhcjs2uepc7/spack-src/src/H5FDsec2.c line 856 in H5FD__sec2_write(): file write failed: time = Wed Nov 19 09:50:45 2025
, filename = 'checkpoint.h5', file descriptor = 5, errno = 14, error message = 'Bad address', buf = 0x1555537c4000, total write size = 15969552, bytes this sub-write = 15969552, bytes actually written = 18446744073709551615, offset = 0
    major: Low-level I/O
    minor: Write failed
HDF5-DIAG: Error detected in HDF5 (1.10.7) thread 0:
  #000: /scratch/spack_cpu/job_21700923/spack-stage/spack-stage-hdf5-1.10.7-xexa2gll6hf6okdatgrxiwhcjs2uepc7/spack-src/src/H5Dio.c line 335 in H5Dwrite(): can't write data
    major: Dataset
    minor: Write failed
  #001: /scratch/spack_cpu/job_21700923/spack-stage/spack-stage-hdf5-1.10.7-xexa2gll6hf6okdatgrxiwhcjs2uepc7/spack-src/src/H5Dio.c line 813 in H5D__write(): can't write data
    major: Dataset
    minor: Write failed
  #002: /scratch/spack_cpu/job_21700923/spack-stage/spack-stage-hdf5-1.10.7-xexa2gll6hf6okdatgrxiwhcjs2uepc7/spack-src/src/H5Dcontig.c line 659 in H5D__contig_write(): contiguous write failed
    major: Dataset
    minor: Write failed
  #003: /scratch/spack_cpu/job_21700923/spack-stage/spack-stage-hdf5-1.10.7-xexa2gll6hf6okdatgrxiwhcjs2uepc7/spack-src/src/H5Dselect.c line 321 in H5D__select_write(): write error
    major: Dataspace
    minor: Write failed
  #004: /scratch/spack_cpu/job_21700923/spack-stage/spack-stage-hdf5-1.10.7-xexa2gll6hf6okdatgrxiwhcjs2uepc7/spack-src/src/H5Dselect.c line 230 in H5D__select_io(): write error
    major: Dataspace
    minor: Write failed
  #005: /scratch/spack_cpu/job_21700923/spack-stage/spack-stage-hdf5-1.10.7-xexa2gll6hf6okdatgrxiwhcjs2uepc7/spack-src/src/H5Dcontig.c line 1281 in H5D__contig_writevv(): can't perform vectorized sieve buffer write
    major: Dataset
    minor: Can't operate on object
  #006: /scratch/spack_cpu/job_21700923/spack-stage/spack-stage-hdf5-1.10.7-xexa2gll6hf6okdatgrxiwhcjs2uepc7/spack-src/src/H5VM.c line 1464 in H5VM_opvv(): can't perform operation
    major: Internal error (too specific to document in detail)
    minor: Can't operate on object
  #007: /scratch/spack_cpu/job_21700923/spack-stage/spack-stage-hdf5-1.10.7-xexa2gll6hf6okdatgrxiwhcjs2uepc7/spack-src/src/H5Dcontig.c line 1029 in H5D__contig_writevv_sieve_cb(): block write failed
    major: Dataset
    minor: Write failed
  #008: /scratch/spack_cpu/job_21700923/spack-stage/spack-stage-hdf5-1.10.7-xexa2gll6hf6okdatgrxiwhcjs2uepc7/spack-src/src/H5Fio.c line 161 in H5F_block_write(): write through page buffer failed
    major: Low-level I/O
    minor: Write failed
  #009: /scratch/spack_cpu/job_21700923/spack-stage/spack-stage-hdf5-1.10.7-xexa2gll6hf6okdatgrxiwhcjs2uepc7/spack-src/src/H5PB.c line 1032 in H5PB_write(): write through metadata accumulator failed
    major: Page Buffering
    minor: Write failed
  #010: /scratch/spack_cpu/job_21700923/spack-stage/spack-stage-hdf5-1.10.7-xexa2gll6hf6okdatgrxiwhcjs2uepc7/spack-src/src/H5Faccum.c line 824 in H5F__accum_write(): file write failed
    major: Low-level I/O
    minor: Write failed
  #011: /scratch/spack_cpu/job_21700923/spack-stage/spack-stage-hdf5-1.10.7-xexa2gll6hf6okdatgrxiwhcjs2uepc7/spack-src/src/H5FDint.c line 249 in H5FD_write(): driver write request failed
    major: Virtual File Layer
    minor: Write failed
  #012: /scratch/spack_cpu/job_21700923/spack-stage/spack-stage-hdf5-1.10.7-xexa2gll6hf6okdatgrxiwhcjs2uepc7/spack-src/src/H5FDsec2.c line 856 in H5FD__sec2_write(): file write failed: time = Wed Nov 19 09:52:53 2025
, filename = 'checkpoint.h5', file descriptor = 5, errno = 14, error message = 'Bad address', buf = 0x1555537c4000, total write size = 15969552, bytes this sub-write = 15969552, bytes actually written = 18446744073709551615, offset = 0
    major: Low-level I/O
    minor: Write failed
HDF5-DIAG: Error detected in HDF5 (1.10.7) thread 0:
  #000: /scratch/spack_cpu/job_21700923/spack-stage/spack-stage-hdf5-1.10.7-xexa2gll6hf6okdatgrxiwhcjs2uepc7/spack-src/src/H5Dio.c line 335 in H5Dwrite(): can't write data
    major: Dataset
    minor: Write failed
  #001: /scratch/spack_cpu/job_21700923/spack-stage/spack-stage-hdf5-1.10.7-xexa2gll6hf6okdatgrxiwhcjs2uepc7/spack-src/src/H5Dio.c line 813 in H5D__write(): can't write data
    major: Dataset
    minor: Write failed
  #002: /scratch/spack_cpu/job_21700923/spack-stage/spack-stage-hdf5-1.10.7-xexa2gll6hf6okdatgrxiwhcjs2uepc7/spack-src/src/H5Dcontig.c line 659 in H5D__contig_write(): contiguous write failed
    major: Dataset
    minor: Write failed
  #003: /scratch/spack_cpu/job_21700923/spack-stage/spack-stage-hdf5-1.10.7-xexa2gll6hf6okdatgrxiwhcjs2uepc7/spack-src/src/H5Dselect.c line 321 in H5D__select_write(): write error
    major: Dataspace
    minor: Write failed
  #004: /scratch/spack_cpu/job_21700923/spack-stage/spack-stage-hdf5-1.10.7-xexa2gll6hf6okdatgrxiwhcjs2uepc7/spack-src/src/H5Dselect.c line 230 in H5D__select_io(): write error
    major: Dataspace
    minor: Write failed
  #005: /scratch/spack_cpu/job_21700923/spack-stage/spack-stage-hdf5-1.10.7-xexa2gll6hf6okdatgrxiwhcjs2uepc7/spack-src/src/H5Dcontig.c line 1281 in H5D__contig_writevv(): can't perform vectorized sieve buffer write
    major: Dataset
    minor: Can't operate on object
  #006: /scratch/spack_cpu/job_21700923/spack-stage/spack-stage-hdf5-1.10.7-xexa2gll6hf6okdatgrxiwhcjs2uepc7/spack-src/src/H5VM.c line 1464 in H5VM_opvv(): can't perform operation
    major: Internal error (too specific to document in detail)
    minor: Can't operate on object
  #007: /scratch/spack_cpu/job_21700923/spack-stage/spack-stage-hdf5-1.10.7-xexa2gll6hf6okdatgrxiwhcjs2uepc7/spack-src/src/H5Dcontig.c line 1029 in H5D__contig_writevv_sieve_cb(): block write failed
    major: Dataset
    minor: Write failed
  #008: /scratch/spack_cpu/job_21700923/spack-stage/spack-stage-hdf5-1.10.7-xexa2gll6hf6okdatgrxiwhcjs2uepc7/spack-src/src/H5Fio.c line 161 in H5F_block_write(): write through page buffer failed
    major: Low-level I/O
    minor: Write failed
  #009: /scratch/spack_cpu/job_21700923/spack-stage/spack-stage-hdf5-1.10.7-xexa2gll6hf6okdatgrxiwhcjs2uepc7/spack-src/src/H5PB.c line 1032 in H5PB_write(): write through metadata accumulator failed
    major: Page Buffering
    minor: Write failed
  #010: /scratch/spack_cpu/job_21700923/spack-stage/spack-stage-hdf5-1.10.7-xexa2gll6hf6okdatgrxiwhcjs2uepc7/spack-src/src/H5Faccum.c line 824 in H5F__accum_write(): file write failed
    major: Low-level I/O
    minor: Write failed
  #011: /scratch/spack_cpu/job_21700923/spack-stage/spack-stage-hdf5-1.10.7-xexa2gll6hf6okdatgrxiwhcjs2uepc7/spack-src/src/H5FDint.c line 249 in H5FD_write(): driver write request failed
    major: Virtual File Layer
    minor: Write failed
  #012: /scratch/spack_cpu/job_21700923/spack-stage/spack-stage-hdf5-1.10.7-xexa2gll6hf6okdatgrxiwhcjs2uepc7/spack-src/src/H5FDsec2.c line 856 in H5FD__sec2_write(): file write failed: time = Wed Nov 19 09:55:00 2025
, filename = 'checkpoint.h5', file descriptor = 5, errno = 14, error message = 'Bad address', buf = 0x1555537c4000, total write size = 15969552, bytes this sub-write = 15969552, bytes actually written = 18446744073709551615, offset = 0
    major: Low-level I/O
    minor: Write failed
HDF5-DIAG: Error detected in HDF5 (1.10.7) thread 0:
  #000: /scratch/spack_cpu/job_21700923/spack-stage/spack-stage-hdf5-1.10.7-xexa2gll6hf6okdatgrxiwhcjs2uepc7/spack-src/src/H5Dio.c line 335 in H5Dwrite(): can't write data
    major: Dataset
    minor: Write failed
  #001: /scratch/spack_cpu/job_21700923/spack-stage/spack-stage-hdf5-1.10.7-xexa2gll6hf6okdatgrxiwhcjs2uepc7/spack-src/src/H5Dio.c line 813 in H5D__write(): can't write data
    major: Dataset
    minor: Write failed
  #002: /scratch/spack_cpu/job_21700923/spack-stage/spack-stage-hdf5-1.10.7-xexa2gll6hf6okdatgrxiwhcjs2uepc7/spack-src/src/H5Dcontig.c line 659 in H5D__contig_write(): contiguous write failed
    major: Dataset
    minor: Write failed
  #003: /scratch/spack_cpu/job_21700923/spack-stage/spack-stage-hdf5-1.10.7-xexa2gll6hf6okdatgrxiwhcjs2uepc7/spack-src/src/H5Dselect.c line 321 in H5D__select_write(): write error
    major: Dataspace
    minor: Write failed
  #004: /scratch/spack_cpu/job_21700923/spack-stage/spack-stage-hdf5-1.10.7-xexa2gll6hf6okdatgrxiwhcjs2uepc7/spack-src/src/H5Dselect.c line 230 in H5D__select_io(): write error
    major: Dataspace
    minor: Write failed
  #005: /scratch/spack_cpu/job_21700923/spack-stage/spack-stage-hdf5-1.10.7-xexa2gll6hf6okdatgrxiwhcjs2uepc7/spack-src/src/H5Dcontig.c line 1281 in H5D__contig_writevv(): can't perform vectorized sieve buffer write
    major: Dataset
    minor: Can't operate on object
  #006: /scratch/spack_cpu/job_21700923/spack-stage/spack-stage-hdf5-1.10.7-xexa2gll6hf6okdatgrxiwhcjs2uepc7/spack-src/src/H5VM.c line 1464 in H5VM_opvv(): can't perform operation
    major: Internal error (too specific to document in detail)
    minor: Can't operate on object
  #007: /scratch/spack_cpu/job_21700923/spack-stage/spack-stage-hdf5-1.10.7-xexa2gll6hf6okdatgrxiwhcjs2uepc7/spack-src/src/H5Dcontig.c line 1029 in H5D__contig_writevv_sieve_cb(): block write failed
    major: Dataset
    minor: Write failed
  #008: /scratch/spack_cpu/job_21700923/spack-stage/spack-stage-hdf5-1.10.7-xexa2gll6hf6okdatgrxiwhcjs2uepc7/spack-src/src/H5Fio.c line 161 in H5F_block_write(): write through page buffer failed
    major: Low-level I/O
    minor: Write failed
  #009: /scratch/spack_cpu/job_21700923/spack-stage/spack-stage-hdf5-1.10.7-xexa2gll6hf6okdatgrxiwhcjs2uepc7/spack-src/src/H5PB.c line 1032 in H5PB_write(): write through metadata accumulator failed
    major: Page Buffering
    minor: Write failed
  #010: /scratch/spack_cpu/job_21700923/spack-stage/spack-stage-hdf5-1.10.7-xexa2gll6hf6okdatgrxiwhcjs2uepc7/spack-src/src/H5Faccum.c line 824 in H5F__accum_write(): file write failed
    major: Low-level I/O
    minor: Write failed
  #011: /scratch/spack_cpu/job_21700923/spack-stage/spack-stage-hdf5-1.10.7-xexa2gll6hf6okdatgrxiwhcjs2uepc7/spack-src/src/H5FDint.c line 249 in H5FD_write(): driver write request failed
    major: Virtual File Layer
    minor: Write failed
  #012: /scratch/spack_cpu/job_21700923/spack-stage/spack-stage-hdf5-1.10.7-xexa2gll6hf6okdatgrxiwhcjs2uepc7/spack-src/src/H5FDsec2.c line 856 in H5FD__sec2_write(): file write failed: time = Wed Nov 19 09:57:04 2025
, filename = 'checkpoint.h5', file descriptor = 5, errno = 14, error message = 'Bad address', buf = 0x1555537c4000, total write size = 15969552, bytes this sub-write = 15969552, bytes actually written = 18446744073709551615, offset = 0
    major: Low-level I/O
    minor: Write failed
HDF5-DIAG: Error detected in HDF5 (1.10.7) thread 0:
  #000: /scratch/spack_cpu/job_21700923/spack-stage/spack-stage-hdf5-1.10.7-xexa2gll6hf6okdatgrxiwhcjs2uepc7/spack-src/src/H5Dio.c line 335 in H5Dwrite(): can't write data
    major: Dataset
    minor: Write failed
  #001: /scratch/spack_cpu/job_21700923/spack-stage/spack-stage-hdf5-1.10.7-xexa2gll6hf6okdatgrxiwhcjs2uepc7/spack-src/src/H5Dio.c line 813 in H5D__write(): can't write data
    major: Dataset
    minor: Write failed
  #002: /scratch/spack_cpu/job_21700923/spack-stage/spack-stage-hdf5-1.10.7-xexa2gll6hf6okdatgrxiwhcjs2uepc7/spack-src/src/H5Dcontig.c line 659 in H5D__contig_write(): contiguous write failed
    major: Dataset
    minor: Write failed
  #003: /scratch/spack_cpu/job_21700923/spack-stage/spack-stage-hdf5-1.10.7-xexa2gll6hf6okdatgrxiwhcjs2uepc7/spack-src/src/H5Dselect.c line 321 in H5D__select_write(): write error
    major: Dataspace
    minor: Write failed
  #004: /scratch/spack_cpu/job_21700923/spack-stage/spack-stage-hdf5-1.10.7-xexa2gll6hf6okdatgrxiwhcjs2uepc7/spack-src/src/H5Dselect.c line 230 in H5D__select_io(): write error
    major: Dataspace
    minor: Write failed
  #005: /scratch/spack_cpu/job_21700923/spack-stage/spack-stage-hdf5-1.10.7-xexa2gll6hf6okdatgrxiwhcjs2uepc7/spack-src/src/H5Dcontig.c line 1281 in H5D__contig_writevv(): can't perform vectorized sieve buffer write
    major: Dataset
    minor: Can't operate on object
  #006: /scratch/spack_cpu/job_21700923/spack-stage/spack-stage-hdf5-1.10.7-xexa2gll6hf6okdatgrxiwhcjs2uepc7/spack-src/src/H5VM.c line 1464 in H5VM_opvv(): can't perform operation
    major: Internal error (too specific to document in detail)
    minor: Can't operate on object
  #007: /scratch/spack_cpu/job_21700923/spack-stage/spack-stage-hdf5-1.10.7-xexa2gll6hf6okdatgrxiwhcjs2uepc7/spack-src/src/H5Dcontig.c line 1029 in H5D__contig_writevv_sieve_cb(): block write failed
    major: Dataset
    minor: Write failed
  #008: /scratch/spack_cpu/job_21700923/spack-stage/spack-stage-hdf5-1.10.7-xexa2gll6hf6okdatgrxiwhcjs2uepc7/spack-src/src/H5Fio.c line 161 in H5F_block_write(): write through page buffer failed
    major: Low-level I/O
    minor: Write failed
  #009: /scratch/spack_cpu/job_21700923/spack-stage/spack-stage-hdf5-1.10.7-xexa2gll6hf6okdatgrxiwhcjs2uepc7/spack-src/src/H5PB.c line 1032 in H5PB_write(): write through metadata accumulator failed
    major: Page Buffering
    minor: Write failed
  #010: /scratch/spack_cpu/job_21700923/spack-stage/spack-stage-hdf5-1.10.7-xexa2gll6hf6okdatgrxiwhcjs2uepc7/spack-src/src/H5Faccum.c line 824 in H5F__accum_write(): file write failed
    major: Low-level I/O
    minor: Write failed
  #011: /scratch/spack_cpu/job_21700923/spack-stage/spack-stage-hdf5-1.10.7-xexa2gll6hf6okdatgrxiwhcjs2uepc7/spack-src/src/H5FDint.c line 249 in H5FD_write(): driver write request failed
    major: Virtual File Layer
    minor: Write failed
  #012: /scratch/spack_cpu/job_21700923/spack-stage/spack-stage-hdf5-1.10.7-xexa2gll6hf6okdatgrxiwhcjs2uepc7/spack-src/src/H5FDsec2.c line 856 in H5FD__sec2_write(): file write failed: time = Wed Nov 19 09:59:09 2025
, filename = 'checkpoint.h5', file descriptor = 5, errno = 14, error message = 'Bad address', buf = 0x1555537c4000, total write size = 15969552, bytes this sub-write = 15969552, bytes actually written = 18446744073709551615, offset = 0
    major: Low-level I/O
    minor: Write failed
HDF5-DIAG: Error detected in HDF5 (1.10.7) thread 0:
  #000: /scratch/spack_cpu/job_21700923/spack-stage/spack-stage-hdf5-1.10.7-xexa2gll6hf6okdatgrxiwhcjs2uepc7/spack-src/src/H5Dio.c line 335 in H5Dwrite(): can't write data
    major: Dataset
    minor: Write failed
  #001: /scratch/spack_cpu/job_21700923/spack-stage/spack-stage-hdf5-1.10.7-xexa2gll6hf6okdatgrxiwhcjs2uepc7/spack-src/src/H5Dio.c line 813 in H5D__write(): can't write data
    major: Dataset
    minor: Write failed
  #002: /scratch/spack_cpu/job_21700923/spack-stage/spack-stage-hdf5-1.10.7-xexa2gll6hf6okdatgrxiwhcjs2uepc7/spack-src/src/H5Dcontig.c line 659 in H5D__contig_write(): contiguous write failed
    major: Dataset
    minor: Write failed
  #003: /scratch/spack_cpu/job_21700923/spack-stage/spack-stage-hdf5-1.10.7-xexa2gll6hf6okdatgrxiwhcjs2uepc7/spack-src/src/H5Dselect.c line 321 in H5D__select_write(): write error
    major: Dataspace
    minor: Write failed
  #004: /scratch/spack_cpu/job_21700923/spack-stage/spack-stage-hdf5-1.10.7-xexa2gll6hf6okdatgrxiwhcjs2uepc7/spack-src/src/H5Dselect.c line 230 in H5D__select_io(): write error
    major: Dataspace
    minor: Write failed
  #005: /scratch/spack_cpu/job_21700923/spack-stage/spack-stage-hdf5-1.10.7-xexa2gll6hf6okdatgrxiwhcjs2uepc7/spack-src/src/H5Dcontig.c line 1281 in H5D__contig_writevv(): can't perform vectorized sieve buffer write
    major: Dataset
    minor: Can't operate on object
  #006: /scratch/spack_cpu/job_21700923/spack-stage/spack-stage-hdf5-1.10.7-xexa2gll6hf6okdatgrxiwhcjs2uepc7/spack-src/src/H5VM.c line 1464 in H5VM_opvv(): can't perform operation
    major: Internal error (too specific to document in detail)
    minor: Can't operate on object
  #007: /scratch/spack_cpu/job_21700923/spack-stage/spack-stage-hdf5-1.10.7-xexa2gll6hf6okdatgrxiwhcjs2uepc7/spack-src/src/H5Dcontig.c line 1029 in H5D__contig_writevv_sieve_cb(): block write failed
    major: Dataset
    minor: Write failed
  #008: /scratch/spack_cpu/job_21700923/spack-stage/spack-stage-hdf5-1.10.7-xexa2gll6hf6okdatgrxiwhcjs2uepc7/spack-src/src/H5Fio.c line 161 in H5F_block_write(): write through page buffer failed
    major: Low-level I/O
    minor: Write failed
  #009: /scratch/spack_cpu/job_21700923/spack-stage/spack-stage-hdf5-1.10.7-xexa2gll6hf6okdatgrxiwhcjs2uepc7/spack-src/src/H5PB.c line 1032 in H5PB_write(): write through metadata accumulator failed
    major: Page Buffering
    minor: Write failed
  #010: /scratch/spack_cpu/job_21700923/spack-stage/spack-stage-hdf5-1.10.7-xexa2gll6hf6okdatgrxiwhcjs2uepc7/spack-src/src/H5Faccum.c line 824 in H5F__accum_write(): file write failed
    major: Low-level I/O
    minor: Write failed
  #011: /scratch/spack_cpu/job_21700923/spack-stage/spack-stage-hdf5-1.10.7-xexa2gll6hf6okdatgrxiwhcjs2uepc7/spack-src/src/H5FDint.c line 249 in H5FD_write(): driver write request failed
    major: Virtual File Layer
    minor: Write failed
  #012: /scratch/spack_cpu/job_21700923/spack-stage/spack-stage-hdf5-1.10.7-xexa2gll6hf6okdatgrxiwhcjs2uepc7/spack-src/src/H5FDsec2.c line 856 in H5FD__sec2_write(): file write failed: time = Wed Nov 19 10:01:13 2025
, filename = 'checkpoint.h5', file descriptor = 5, errno = 14, error message = 'Bad address', buf = 0x1555537c4000, total write size = 15969552, bytes this sub-write = 15969552, bytes actually written = 18446744073709551615, offset = 0
    major: Low-level I/O
    minor: Write failed
HDF5-DIAG: Error detected in HDF5 (1.10.7) thread 0:
  #000: /scratch/spack_cpu/job_21700923/spack-stage/spack-stage-hdf5-1.10.7-xexa2gll6hf6okdatgrxiwhcjs2uepc7/spack-src/src/H5Dio.c line 335 in H5Dwrite(): can't write data
    major: Dataset
    minor: Write failed
  #001: /scratch/spack_cpu/job_21700923/spack-stage/spack-stage-hdf5-1.10.7-xexa2gll6hf6okdatgrxiwhcjs2uepc7/spack-src/src/H5Dio.c line 813 in H5D__write(): can't write data
    major: Dataset
    minor: Write failed
  #002: /scratch/spack_cpu/job_21700923/spack-stage/spack-stage-hdf5-1.10.7-xexa2gll6hf6okdatgrxiwhcjs2uepc7/spack-src/src/H5Dcontig.c line 659 in H5D__contig_write(): contiguous write failed
    major: Dataset
    minor: Write failed
  #003: /scratch/spack_cpu/job_21700923/spack-stage/spack-stage-hdf5-1.10.7-xexa2gll6hf6okdatgrxiwhcjs2uepc7/spack-src/src/H5Dselect.c line 321 in H5D__select_write(): write error
    major: Dataspace
    minor: Write failed
  #004: /scratch/spack_cpu/job_21700923/spack-stage/spack-stage-hdf5-1.10.7-xexa2gll6hf6okdatgrxiwhcjs2uepc7/spack-src/src/H5Dselect.c line 230 in H5D__select_io(): write error
    major: Dataspace
    minor: Write failed
  #005: /scratch/spack_cpu/job_21700923/spack-stage/spack-stage-hdf5-1.10.7-xexa2gll6hf6okdatgrxiwhcjs2uepc7/spack-src/src/H5Dcontig.c line 1281 in H5D__contig_writevv(): can't perform vectorized sieve buffer write
    major: Dataset
    minor: Can't operate on object
  #006: /scratch/spack_cpu/job_21700923/spack-stage/spack-stage-hdf5-1.10.7-xexa2gll6hf6okdatgrxiwhcjs2uepc7/spack-src/src/H5VM.c line 1464 in H5VM_opvv(): can't perform operation
    major: Internal error (too specific to document in detail)
    minor: Can't operate on object
  #007: /scratch/spack_cpu/job_21700923/spack-stage/spack-stage-hdf5-1.10.7-xexa2gll6hf6okdatgrxiwhcjs2uepc7/spack-src/src/H5Dcontig.c line 1029 in H5D__contig_writevv_sieve_cb(): block write failed
    major: Dataset
    minor: Write failed
  #008: /scratch/spack_cpu/job_21700923/spack-stage/spack-stage-hdf5-1.10.7-xexa2gll6hf6okdatgrxiwhcjs2uepc7/spack-src/src/H5Fio.c line 161 in H5F_block_write(): write through page buffer failed
    major: Low-level I/O
    minor: Write failed
  #009: /scratch/spack_cpu/job_21700923/spack-stage/spack-stage-hdf5-1.10.7-xexa2gll6hf6okdatgrxiwhcjs2uepc7/spack-src/src/H5PB.c line 1032 in H5PB_write(): write through metadata accumulator failed
    major: Page Buffering
    minor: Write failed
  #010: /scratch/spack_cpu/job_21700923/spack-stage/spack-stage-hdf5-1.10.7-xexa2gll6hf6okdatgrxiwhcjs2uepc7/spack-src/src/H5Faccum.c line 824 in H5F__accum_write(): file write failed
    major: Low-level I/O
    minor: Write failed
  #011: /scratch/spack_cpu/job_21700923/spack-stage/spack-stage-hdf5-1.10.7-xexa2gll6hf6okdatgrxiwhcjs2uepc7/spack-src/src/H5FDint.c line 249 in H5FD_write(): driver write request failed
    major: Virtual File Layer
    minor: Write failed
  #012: /scratch/spack_cpu/job_21700923/spack-stage/spack-stage-hdf5-1.10.7-xexa2gll6hf6okdatgrxiwhcjs2uepc7/spack-src/src/H5FDsec2.c line 856 in H5FD__sec2_write(): file write failed: time = Wed Nov 19 10:03:16 2025
, filename = 'checkpoint.h5', file descriptor = 5, errno = 14, error message = 'Bad address', buf = 0x1555537c4000, total write size = 15969552, bytes this sub-write = 15969552, bytes actually written = 18446744073709551615, offset = 0
    major: Low-level I/O
    minor: Write failed
HDF5-DIAG: Error detected in HDF5 (1.10.7) thread 0:
  #000: /scratch/spack_cpu/job_21700923/spack-stage/spack-stage-hdf5-1.10.7-xexa2gll6hf6okdatgrxiwhcjs2uepc7/spack-src/src/H5Dio.c line 335 in H5Dwrite(): can't write data
    major: Dataset
    minor: Write failed
  #001: /scratch/spack_cpu/job_21700923/spack-stage/spack-stage-hdf5-1.10.7-xexa2gll6hf6okdatgrxiwhcjs2uepc7/spack-src/src/H5Dio.c line 813 in H5D__write(): can't write data
    major: Dataset
    minor: Write failed
  #002: /scratch/spack_cpu/job_21700923/spack-stage/spack-stage-hdf5-1.10.7-xexa2gll6hf6okdatgrxiwhcjs2uepc7/spack-src/src/H5Dcontig.c line 659 in H5D__contig_write(): contiguous write failed
    major: Dataset
    minor: Write failed
  #003: /scratch/spack_cpu/job_21700923/spack-stage/spack-stage-hdf5-1.10.7-xexa2gll6hf6okdatgrxiwhcjs2uepc7/spack-src/src/H5Dselect.c line 321 in H5D__select_write(): write error
    major: Dataspace
    minor: Write failed
  #004: /scratch/spack_cpu/job_21700923/spack-stage/spack-stage-hdf5-1.10.7-xexa2gll6hf6okdatgrxiwhcjs2uepc7/spack-src/src/H5Dselect.c line 230 in H5D__select_io(): write error
    major: Dataspace
    minor: Write failed
  #005: /scratch/spack_cpu/job_21700923/spack-stage/spack-stage-hdf5-1.10.7-xexa2gll6hf6okdatgrxiwhcjs2uepc7/spack-src/src/H5Dcontig.c line 1281 in H5D__contig_writevv(): can't perform vectorized sieve buffer write
    major: Dataset
    minor: Can't operate on object
  #006: /scratch/spack_cpu/job_21700923/spack-stage/spack-stage-hdf5-1.10.7-xexa2gll6hf6okdatgrxiwhcjs2uepc7/spack-src/src/H5VM.c line 1464 in H5VM_opvv(): can't perform operation
    major: Internal error (too specific to document in detail)
    minor: Can't operate on object
  #007: /scratch/spack_cpu/job_21700923/spack-stage/spack-stage-hdf5-1.10.7-xexa2gll6hf6okdatgrxiwhcjs2uepc7/spack-src/src/H5Dcontig.c line 1029 in H5D__contig_writevv_sieve_cb(): block write failed
    major: Dataset
    minor: Write failed
  #008: /scratch/spack_cpu/job_21700923/spack-stage/spack-stage-hdf5-1.10.7-xexa2gll6hf6okdatgrxiwhcjs2uepc7/spack-src/src/H5Fio.c line 161 in H5F_block_write(): write through page buffer failed
    major: Low-level I/O
    minor: Write failed
  #009: /scratch/spack_cpu/job_21700923/spack-stage/spack-stage-hdf5-1.10.7-xexa2gll6hf6okdatgrxiwhcjs2uepc7/spack-src/src/H5PB.c line 1032 in H5PB_write(): write through metadata accumulator failed
    major: Page Buffering
    minor: Write failed
  #010: /scratch/spack_cpu/job_21700923/spack-stage/spack-stage-hdf5-1.10.7-xexa2gll6hf6okdatgrxiwhcjs2uepc7/spack-src/src/H5Faccum.c line 824 in H5F__accum_write(): file write failed
    major: Low-level I/O
    minor: Write failed
  #011: /scratch/spack_cpu/job_21700923/spack-stage/spack-stage-hdf5-1.10.7-xexa2gll6hf6okdatgrxiwhcjs2uepc7/spack-src/src/H5FDint.c line 249 in H5FD_write(): driver write request failed
    major: Virtual File Layer
    minor: Write failed
  #012: /scratch/spack_cpu/job_21700923/spack-stage/spack-stage-hdf5-1.10.7-xexa2gll6hf6okdatgrxiwhcjs2uepc7/spack-src/src/H5FDsec2.c line 856 in H5FD__sec2_write(): file write failed: time = Wed Nov 19 10:05:22 2025
, filename = 'checkpoint.h5', file descriptor = 5, errno = 14, error message = 'Bad address', buf = 0x1555537c4000, total write size = 15969552, bytes this sub-write = 15969552, bytes actually written = 18446744073709551615, offset = 0
    major: Low-level I/O
    minor: Write failed
HDF5-DIAG: Error detected in HDF5 (1.10.7) thread 0:
  #000: /scratch/spack_cpu/job_21700923/spack-stage/spack-stage-hdf5-1.10.7-xexa2gll6hf6okdatgrxiwhcjs2uepc7/spack-src/src/H5Dio.c line 335 in H5Dwrite(): can't write data
    major: Dataset
    minor: Write failed
  #001: /scratch/spack_cpu/job_21700923/spack-stage/spack-stage-hdf5-1.10.7-xexa2gll6hf6okdatgrxiwhcjs2uepc7/spack-src/src/H5Dio.c line 813 in H5D__write(): can't write data
    major: Dataset
    minor: Write failed
  #002: /scratch/spack_cpu/job_21700923/spack-stage/spack-stage-hdf5-1.10.7-xexa2gll6hf6okdatgrxiwhcjs2uepc7/spack-src/src/H5Dcontig.c line 659 in H5D__contig_write(): contiguous write failed
    major: Dataset
    minor: Write failed
  #003: /scratch/spack_cpu/job_21700923/spack-stage/spack-stage-hdf5-1.10.7-xexa2gll6hf6okdatgrxiwhcjs2uepc7/spack-src/src/H5Dselect.c line 321 in H5D__select_write(): write error
    major: Dataspace
    minor: Write failed
  #004: /scratch/spack_cpu/job_21700923/spack-stage/spack-stage-hdf5-1.10.7-xexa2gll6hf6okdatgrxiwhcjs2uepc7/spack-src/src/H5Dselect.c line 230 in H5D__select_io(): write error
    major: Dataspace
    minor: Write failed
  #005: /scratch/spack_cpu/job_21700923/spack-stage/spack-stage-hdf5-1.10.7-xexa2gll6hf6okdatgrxiwhcjs2uepc7/spack-src/src/H5Dcontig.c line 1281 in H5D__contig_writevv(): can't perform vectorized sieve buffer write
    major: Dataset
    minor: Can't operate on object
  #006: /scratch/spack_cpu/job_21700923/spack-stage/spack-stage-hdf5-1.10.7-xexa2gll6hf6okdatgrxiwhcjs2uepc7/spack-src/src/H5VM.c line 1464 in H5VM_opvv(): can't perform operation
    major: Internal error (too specific to document in detail)
    minor: Can't operate on object
  #007: /scratch/spack_cpu/job_21700923/spack-stage/spack-stage-hdf5-1.10.7-xexa2gll6hf6okdatgrxiwhcjs2uepc7/spack-src/src/H5Dcontig.c line 1029 in H5D__contig_writevv_sieve_cb(): block write failed
    major: Dataset
    minor: Write failed
  #008: /scratch/spack_cpu/job_21700923/spack-stage/spack-stage-hdf5-1.10.7-xexa2gll6hf6okdatgrxiwhcjs2uepc7/spack-src/src/H5Fio.c line 161 in H5F_block_write(): write through page buffer failed
    major: Low-level I/O
    minor: Write failed
  #009: /scratch/spack_cpu/job_21700923/spack-stage/spack-stage-hdf5-1.10.7-xexa2gll6hf6okdatgrxiwhcjs2uepc7/spack-src/src/H5PB.c line 1032 in H5PB_write(): write through metadata accumulator failed
    major: Page Buffering
    minor: Write failed
  #010: /scratch/spack_cpu/job_21700923/spack-stage/spack-stage-hdf5-1.10.7-xexa2gll6hf6okdatgrxiwhcjs2uepc7/spack-src/src/H5Faccum.c line 824 in H5F__accum_write(): file write failed
    major: Low-level I/O
    minor: Write failed
  #011: /scratch/spack_cpu/job_21700923/spack-stage/spack-stage-hdf5-1.10.7-xexa2gll6hf6okdatgrxiwhcjs2uepc7/spack-src/src/H5FDint.c line 249 in H5FD_write(): driver write request failed
    major: Virtual File Layer
    minor: Write failed
  #012: /scratch/spack_cpu/job_21700923/spack-stage/spack-stage-hdf5-1.10.7-xexa2gll6hf6okdatgrxiwhcjs2uepc7/spack-src/src/H5FDsec2.c line 856 in H5FD__sec2_write(): file write failed: time = Wed Nov 19 10:07:28 2025
, filename = 'checkpoint.h5', file descriptor = 5, errno = 14, error message = 'Bad address', buf = 0x1555537c4000, total write size = 15969552, bytes this sub-write = 15969552, bytes actually written = 18446744073709551615, offset = 0
    major: Low-level I/O
    minor: Write failed
HDF5-DIAG: Error detected in HDF5 (1.10.7) thread 0:
  #000: /scratch/spack_cpu/job_21700923/spack-stage/spack-stage-hdf5-1.10.7-xexa2gll6hf6okdatgrxiwhcjs2uepc7/spack-src/src/H5Dio.c line 335 in H5Dwrite(): can't write data
    major: Dataset
    minor: Write failed
  #001: /scratch/spack_cpu/job_21700923/spack-stage/spack-stage-hdf5-1.10.7-xexa2gll6hf6okdatgrxiwhcjs2uepc7/spack-src/src/H5Dio.c line 813 in H5D__write(): can't write data
    major: Dataset
    minor: Write failed
  #002: /scratch/spack_cpu/job_21700923/spack-stage/spack-stage-hdf5-1.10.7-xexa2gll6hf6okdatgrxiwhcjs2uepc7/spack-src/src/H5Dcontig.c line 659 in H5D__contig_write(): contiguous write failed
    major: Dataset
    minor: Write failed
  #003: /scratch/spack_cpu/job_21700923/spack-stage/spack-stage-hdf5-1.10.7-xexa2gll6hf6okdatgrxiwhcjs2uepc7/spack-src/src/H5Dselect.c line 321 in H5D__select_write(): write error
    major: Dataspace
    minor: Write failed
  #004: /scratch/spack_cpu/job_21700923/spack-stage/spack-stage-hdf5-1.10.7-xexa2gll6hf6okdatgrxiwhcjs2uepc7/spack-src/src/H5Dselect.c line 230 in H5D__select_io(): write error
    major: Dataspace
    minor: Write failed
  #005: /scratch/spack_cpu/job_21700923/spack-stage/spack-stage-hdf5-1.10.7-xexa2gll6hf6okdatgrxiwhcjs2uepc7/spack-src/src/H5Dcontig.c line 1281 in H5D__contig_writevv(): can't perform vectorized sieve buffer write
    major: Dataset
    minor: Can't operate on object
  #006: /scratch/spack_cpu/job_21700923/spack-stage/spack-stage-hdf5-1.10.7-xexa2gll6hf6okdatgrxiwhcjs2uepc7/spack-src/src/H5VM.c line 1464 in H5VM_opvv(): can't perform operation
    major: Internal error (too specific to document in detail)
    minor: Can't operate on object
  #007: /scratch/spack_cpu/job_21700923/spack-stage/spack-stage-hdf5-1.10.7-xexa2gll6hf6okdatgrxiwhcjs2uepc7/spack-src/src/H5Dcontig.c line 1029 in H5D__contig_writevv_sieve_cb(): block write failed
    major: Dataset
    minor: Write failed
  #008: /scratch/spack_cpu/job_21700923/spack-stage/spack-stage-hdf5-1.10.7-xexa2gll6hf6okdatgrxiwhcjs2uepc7/spack-src/src/H5Fio.c line 161 in H5F_block_write(): write through page buffer failed
    major: Low-level I/O
    minor: Write failed
  #009: /scratch/spack_cpu/job_21700923/spack-stage/spack-stage-hdf5-1.10.7-xexa2gll6hf6okdatgrxiwhcjs2uepc7/spack-src/src/H5PB.c line 1032 in H5PB_write(): write through metadata accumulator failed
    major: Page Buffering
    minor: Write failed
  #010: /scratch/spack_cpu/job_21700923/spack-stage/spack-stage-hdf5-1.10.7-xexa2gll6hf6okdatgrxiwhcjs2uepc7/spack-src/src/H5Faccum.c line 824 in H5F__accum_write(): file write failed
    major: Low-level I/O
    minor: Write failed
  #011: /scratch/spack_cpu/job_21700923/spack-stage/spack-stage-hdf5-1.10.7-xexa2gll6hf6okdatgrxiwhcjs2uepc7/spack-src/src/H5FDint.c line 249 in H5FD_write(): driver write request failed
    major: Virtual File Layer
    minor: Write failed
  #012: /scratch/spack_cpu/job_21700923/spack-stage/spack-stage-hdf5-1.10.7-xexa2gll6hf6okdatgrxiwhcjs2uepc7/spack-src/src/H5FDsec2.c line 856 in H5FD__sec2_write(): file write failed: time = Wed Nov 19 10:09:32 2025
, filename = 'checkpoint.h5', file descriptor = 5, errno = 14, error message = 'Bad address', buf = 0x1555537c4000, total write size = 15969552, bytes this sub-write = 15969552, bytes actually written = 18446744073709551615, offset = 0
    major: Low-level I/O
    minor: Write failed
HDF5-DIAG: Error detected in HDF5 (1.10.7) thread 0:
  #000: /scratch/spack_cpu/job_21700923/spack-stage/spack-stage-hdf5-1.10.7-xexa2gll6hf6okdatgrxiwhcjs2uepc7/spack-src/src/H5Dio.c line 335 in H5Dwrite(): can't write data
    major: Dataset
    minor: Write failed
  #001: /scratch/spack_cpu/job_21700923/spack-stage/spack-stage-hdf5-1.10.7-xexa2gll6hf6okdatgrxiwhcjs2uepc7/spack-src/src/H5Dio.c line 813 in H5D__write(): can't write data
    major: Dataset
    minor: Write failed
  #002: /scratch/spack_cpu/job_21700923/spack-stage/spack-stage-hdf5-1.10.7-xexa2gll6hf6okdatgrxiwhcjs2uepc7/spack-src/src/H5Dcontig.c line 659 in H5D__contig_write(): contiguous write failed
    major: Dataset
    minor: Write failed
  #003: /scratch/spack_cpu/job_21700923/spack-stage/spack-stage-hdf5-1.10.7-xexa2gll6hf6okdatgrxiwhcjs2uepc7/spack-src/src/H5Dselect.c line 321 in H5D__select_write(): write error
    major: Dataspace
    minor: Write failed
  #004: /scratch/spack_cpu/job_21700923/spack-stage/spack-stage-hdf5-1.10.7-xexa2gll6hf6okdatgrxiwhcjs2uepc7/spack-src/src/H5Dselect.c line 230 in H5D__select_io(): write error
    major: Dataspace
    minor: Write failed
  #005: /scratch/spack_cpu/job_21700923/spack-stage/spack-stage-hdf5-1.10.7-xexa2gll6hf6okdatgrxiwhcjs2uepc7/spack-src/src/H5Dcontig.c line 1281 in H5D__contig_writevv(): can't perform vectorized sieve buffer write
    major: Dataset
    minor: Can't operate on object
  #006: /scratch/spack_cpu/job_21700923/spack-stage/spack-stage-hdf5-1.10.7-xexa2gll6hf6okdatgrxiwhcjs2uepc7/spack-src/src/H5VM.c line 1464 in H5VM_opvv(): can't perform operation
    major: Internal error (too specific to document in detail)
    minor: Can't operate on object
  #007: /scratch/spack_cpu/job_21700923/spack-stage/spack-stage-hdf5-1.10.7-xexa2gll6hf6okdatgrxiwhcjs2uepc7/spack-src/src/H5Dcontig.c line 1029 in H5D__contig_writevv_sieve_cb(): block write failed
    major: Dataset
    minor: Write failed
  #008: /scratch/spack_cpu/job_21700923/spack-stage/spack-stage-hdf5-1.10.7-xexa2gll6hf6okdatgrxiwhcjs2uepc7/spack-src/src/H5Fio.c line 161 in H5F_block_write(): write through page buffer failed
    major: Low-level I/O
    minor: Write failed
  #009: /scratch/spack_cpu/job_21700923/spack-stage/spack-stage-hdf5-1.10.7-xexa2gll6hf6okdatgrxiwhcjs2uepc7/spack-src/src/H5PB.c line 1032 in H5PB_write(): write through metadata accumulator failed
    major: Page Buffering
    minor: Write failed
  #010: /scratch/spack_cpu/job_21700923/spack-stage/spack-stage-hdf5-1.10.7-xexa2gll6hf6okdatgrxiwhcjs2uepc7/spack-src/src/H5Faccum.c line 824 in H5F__accum_write(): file write failed
    major: Low-level I/O
    minor: Write failed
  #011: /scratch/spack_cpu/job_21700923/spack-stage/spack-stage-hdf5-1.10.7-xexa2gll6hf6okdatgrxiwhcjs2uepc7/spack-src/src/H5FDint.c line 249 in H5FD_write(): driver write request failed
    major: Virtual File Layer
    minor: Write failed
  #012: /scratch/spack_cpu/job_21700923/spack-stage/spack-stage-hdf5-1.10.7-xexa2gll6hf6okdatgrxiwhcjs2uepc7/spack-src/src/H5FDsec2.c line 856 in H5FD__sec2_write(): file write failed: time = Wed Nov 19 10:11:36 2025
, filename = 'checkpoint.h5', file descriptor = 5, errno = 14, error message = 'Bad address', buf = 0x1555537c4000, total write size = 15969552, bytes this sub-write = 15969552, bytes actually written = 18446744073709551615, offset = 0
    major: Low-level I/O
    minor: Write failed
HDF5-DIAG: Error detected in HDF5 (1.10.7) thread 0:
  #000: /scratch/spack_cpu/job_21700923/spack-stage/spack-stage-hdf5-1.10.7-xexa2gll6hf6okdatgrxiwhcjs2uepc7/spack-src/src/H5Dio.c line 335 in H5Dwrite(): can't write data
    major: Dataset
    minor: Write failed
  #001: /scratch/spack_cpu/job_21700923/spack-stage/spack-stage-hdf5-1.10.7-xexa2gll6hf6okdatgrxiwhcjs2uepc7/spack-src/src/H5Dio.c line 813 in H5D__write(): can't write data
    major: Dataset
    minor: Write failed
  #002: /scratch/spack_cpu/job_21700923/spack-stage/spack-stage-hdf5-1.10.7-xexa2gll6hf6okdatgrxiwhcjs2uepc7/spack-src/src/H5Dcontig.c line 659 in H5D__contig_write(): contiguous write failed
    major: Dataset
    minor: Write failed
  #003: /scratch/spack_cpu/job_21700923/spack-stage/spack-stage-hdf5-1.10.7-xexa2gll6hf6okdatgrxiwhcjs2uepc7/spack-src/src/H5Dselect.c line 321 in H5D__select_write(): write error
    major: Dataspace
    minor: Write failed
  #004: /scratch/spack_cpu/job_21700923/spack-stage/spack-stage-hdf5-1.10.7-xexa2gll6hf6okdatgrxiwhcjs2uepc7/spack-src/src/H5Dselect.c line 230 in H5D__select_io(): write error
    major: Dataspace
    minor: Write failed
  #005: /scratch/spack_cpu/job_21700923/spack-stage/spack-stage-hdf5-1.10.7-xexa2gll6hf6okdatgrxiwhcjs2uepc7/spack-src/src/H5Dcontig.c line 1281 in H5D__contig_writevv(): can't perform vectorized sieve buffer write
    major: Dataset
    minor: Can't operate on object
  #006: /scratch/spack_cpu/job_21700923/spack-stage/spack-stage-hdf5-1.10.7-xexa2gll6hf6okdatgrxiwhcjs2uepc7/spack-src/src/H5VM.c line 1464 in H5VM_opvv(): can't perform operation
    major: Internal error (too specific to document in detail)
    minor: Can't operate on object
  #007: /scratch/spack_cpu/job_21700923/spack-stage/spack-stage-hdf5-1.10.7-xexa2gll6hf6okdatgrxiwhcjs2uepc7/spack-src/src/H5Dcontig.c line 1029 in H5D__contig_writevv_sieve_cb(): block write failed
    major: Dataset
    minor: Write failed
  #008: /scratch/spack_cpu/job_21700923/spack-stage/spack-stage-hdf5-1.10.7-xexa2gll6hf6okdatgrxiwhcjs2uepc7/spack-src/src/H5Fio.c line 161 in H5F_block_write(): write through page buffer failed
    major: Low-level I/O
    minor: Write failed
  #009: /scratch/spack_cpu/job_21700923/spack-stage/spack-stage-hdf5-1.10.7-xexa2gll6hf6okdatgrxiwhcjs2uepc7/spack-src/src/H5PB.c line 1032 in H5PB_write(): write through metadata accumulator failed
    major: Page Buffering
    minor: Write failed
  #010: /scratch/spack_cpu/job_21700923/spack-stage/spack-stage-hdf5-1.10.7-xexa2gll6hf6okdatgrxiwhcjs2uepc7/spack-src/src/H5Faccum.c line 824 in H5F__accum_write(): file write failed
    major: Low-level I/O
    minor: Write failed
  #011: /scratch/spack_cpu/job_21700923/spack-stage/spack-stage-hdf5-1.10.7-xexa2gll6hf6okdatgrxiwhcjs2uepc7/spack-src/src/H5FDint.c line 249 in H5FD_write(): driver write request failed
    major: Virtual File Layer
    minor: Write failed
  #012: /scratch/spack_cpu/job_21700923/spack-stage/spack-stage-hdf5-1.10.7-xexa2gll6hf6okdatgrxiwhcjs2uepc7/spack-src/src/H5FDsec2.c line 856 in H5FD__sec2_write(): file write failed: time = Wed Nov 19 10:13:40 2025
, filename = 'checkpoint.h5', file descriptor = 5, errno = 14, error message = 'Bad address', buf = 0x1555537c4000, total write size = 15969552, bytes this sub-write = 15969552, bytes actually written = 18446744073709551615, offset = 0
    major: Low-level I/O
    minor: Write failed
HDF5-DIAG: Error detected in HDF5 (1.10.7) thread 0:
  #000: /scratch/spack_cpu/job_21700923/spack-stage/spack-stage-hdf5-1.10.7-xexa2gll6hf6okdatgrxiwhcjs2uepc7/spack-src/src/H5Dio.c line 335 in H5Dwrite(): can't write data
    major: Dataset
    minor: Write failed
  #001: /scratch/spack_cpu/job_21700923/spack-stage/spack-stage-hdf5-1.10.7-xexa2gll6hf6okdatgrxiwhcjs2uepc7/spack-src/src/H5Dio.c line 813 in H5D__write(): can't write data
    major: Dataset
    minor: Write failed
  #002: /scratch/spack_cpu/job_21700923/spack-stage/spack-stage-hdf5-1.10.7-xexa2gll6hf6okdatgrxiwhcjs2uepc7/spack-src/src/H5Dcontig.c line 659 in H5D__contig_write(): contiguous write failed
    major: Dataset
    minor: Write failed
  #003: /scratch/spack_cpu/job_21700923/spack-stage/spack-stage-hdf5-1.10.7-xexa2gll6hf6okdatgrxiwhcjs2uepc7/spack-src/src/H5Dselect.c line 321 in H5D__select_write(): write error
    major: Dataspace
    minor: Write failed
  #004: /scratch/spack_cpu/job_21700923/spack-stage/spack-stage-hdf5-1.10.7-xexa2gll6hf6okdatgrxiwhcjs2uepc7/spack-src/src/H5Dselect.c line 230 in H5D__select_io(): write error
    major: Dataspace
    minor: Write failed
  #005: /scratch/spack_cpu/job_21700923/spack-stage/spack-stage-hdf5-1.10.7-xexa2gll6hf6okdatgrxiwhcjs2uepc7/spack-src/src/H5Dcontig.c line 1281 in H5D__contig_writevv(): can't perform vectorized sieve buffer write
    major: Dataset
    minor: Can't operate on object
  #006: /scratch/spack_cpu/job_21700923/spack-stage/spack-stage-hdf5-1.10.7-xexa2gll6hf6okdatgrxiwhcjs2uepc7/spack-src/src/H5VM.c line 1464 in H5VM_opvv(): can't perform operation
    major: Internal error (too specific to document in detail)
    minor: Can't operate on object
  #007: /scratch/spack_cpu/job_21700923/spack-stage/spack-stage-hdf5-1.10.7-xexa2gll6hf6okdatgrxiwhcjs2uepc7/spack-src/src/H5Dcontig.c line 1029 in H5D__contig_writevv_sieve_cb(): block write failed
    major: Dataset
    minor: Write failed
  #008: /scratch/spack_cpu/job_21700923/spack-stage/spack-stage-hdf5-1.10.7-xexa2gll6hf6okdatgrxiwhcjs2uepc7/spack-src/src/H5Fio.c line 161 in H5F_block_write(): write through page buffer failed
    major: Low-level I/O
    minor: Write failed
  #009: /scratch/spack_cpu/job_21700923/spack-stage/spack-stage-hdf5-1.10.7-xexa2gll6hf6okdatgrxiwhcjs2uepc7/spack-src/src/H5PB.c line 1032 in H5PB_write(): write through metadata accumulator failed
    major: Page Buffering
    minor: Write failed
  #010: /scratch/spack_cpu/job_21700923/spack-stage/spack-stage-hdf5-1.10.7-xexa2gll6hf6okdatgrxiwhcjs2uepc7/spack-src/src/H5Faccum.c line 824 in H5F__accum_write(): file write failed
    major: Low-level I/O
    minor: Write failed
  #011: /scratch/spack_cpu/job_21700923/spack-stage/spack-stage-hdf5-1.10.7-xexa2gll6hf6okdatgrxiwhcjs2uepc7/spack-src/src/H5FDint.c line 249 in H5FD_write(): driver write request failed
    major: Virtual File Layer
    minor: Write failed
  #012: /scratch/spack_cpu/job_21700923/spack-stage/spack-stage-hdf5-1.10.7-xexa2gll6hf6okdatgrxiwhcjs2uepc7/spack-src/src/H5FDsec2.c line 856 in H5FD__sec2_write(): file write failed: time = Wed Nov 19 10:15:44 2025
, filename = 'checkpoint.h5', file descriptor = 5, errno = 14, error message = 'Bad address', buf = 0x1555537c4000, total write size = 15969552, bytes this sub-write = 15969552, bytes actually written = 18446744073709551615, offset = 0
    major: Low-level I/O
    minor: Write failed
HDF5-DIAG: Error detected in HDF5 (1.10.7) thread 0:
  #000: /scratch/spack_cpu/job_21700923/spack-stage/spack-stage-hdf5-1.10.7-xexa2gll6hf6okdatgrxiwhcjs2uepc7/spack-src/src/H5Dio.c line 335 in H5Dwrite(): can't write data
    major: Dataset
    minor: Write failed
  #001: /scratch/spack_cpu/job_21700923/spack-stage/spack-stage-hdf5-1.10.7-xexa2gll6hf6okdatgrxiwhcjs2uepc7/spack-src/src/H5Dio.c line 813 in H5D__write(): can't write data
    major: Dataset
    minor: Write failed
  #002: /scratch/spack_cpu/job_21700923/spack-stage/spack-stage-hdf5-1.10.7-xexa2gll6hf6okdatgrxiwhcjs2uepc7/spack-src/src/H5Dcontig.c line 659 in H5D__contig_write(): contiguous write failed
    major: Dataset
    minor: Write failed
  #003: /scratch/spack_cpu/job_21700923/spack-stage/spack-stage-hdf5-1.10.7-xexa2gll6hf6okdatgrxiwhcjs2uepc7/spack-src/src/H5Dselect.c line 321 in H5D__select_write(): write error
    major: Dataspace
    minor: Write failed
  #004: /scratch/spack_cpu/job_21700923/spack-stage/spack-stage-hdf5-1.10.7-xexa2gll6hf6okdatgrxiwhcjs2uepc7/spack-src/src/H5Dselect.c line 230 in H5D__select_io(): write error
    major: Dataspace
    minor: Write failed
  #005: /scratch/spack_cpu/job_21700923/spack-stage/spack-stage-hdf5-1.10.7-xexa2gll6hf6okdatgrxiwhcjs2uepc7/spack-src/src/H5Dcontig.c line 1281 in H5D__contig_writevv(): can't perform vectorized sieve buffer write
    major: Dataset
    minor: Can't operate on object
  #006: /scratch/spack_cpu/job_21700923/spack-stage/spack-stage-hdf5-1.10.7-xexa2gll6hf6okdatgrxiwhcjs2uepc7/spack-src/src/H5VM.c line 1464 in H5VM_opvv(): can't perform operation
    major: Internal error (too specific to document in detail)
    minor: Can't operate on object
  #007: /scratch/spack_cpu/job_21700923/spack-stage/spack-stage-hdf5-1.10.7-xexa2gll6hf6okdatgrxiwhcjs2uepc7/spack-src/src/H5Dcontig.c line 1029 in H5D__contig_writevv_sieve_cb(): block write failed
    major: Dataset
    minor: Write failed
  #008: /scratch/spack_cpu/job_21700923/spack-stage/spack-stage-hdf5-1.10.7-xexa2gll6hf6okdatgrxiwhcjs2uepc7/spack-src/src/H5Fio.c line 161 in H5F_block_write(): write through page buffer failed
    major: Low-level I/O
    minor: Write failed
  #009: /scratch/spack_cpu/job_21700923/spack-stage/spack-stage-hdf5-1.10.7-xexa2gll6hf6okdatgrxiwhcjs2uepc7/spack-src/src/H5PB.c line 1032 in H5PB_write(): write through metadata accumulator failed
    major: Page Buffering
    minor: Write failed
  #010: /scratch/spack_cpu/job_21700923/spack-stage/spack-stage-hdf5-1.10.7-xexa2gll6hf6okdatgrxiwhcjs2uepc7/spack-src/src/H5Faccum.c line 824 in H5F__accum_write(): file write failed
    major: Low-level I/O
    minor: Write failed
  #011: /scratch/spack_cpu/job_21700923/spack-stage/spack-stage-hdf5-1.10.7-xexa2gll6hf6okdatgrxiwhcjs2uepc7/spack-src/src/H5FDint.c line 249 in H5FD_write(): driver write request failed
    major: Virtual File Layer
    minor: Write failed
  #012: /scratch/spack_cpu/job_21700923/spack-stage/spack-stage-hdf5-1.10.7-xexa2gll6hf6okdatgrxiwhcjs2uepc7/spack-src/src/H5FDsec2.c line 856 in H5FD__sec2_write(): file write failed: time = Wed Nov 19 10:17:47 2025
, filename = 'checkpoint.h5', file descriptor = 5, errno = 14, error message = 'Bad address', buf = 0x1555537c4000, total write size = 15969552, bytes this sub-write = 15969552, bytes actually written = 18446744073709551615, offset = 0
    major: Low-level I/O
    minor: Write failed
HDF5-DIAG: Error detected in HDF5 (1.10.7) thread 0:
  #000: /scratch/spack_cpu/job_21700923/spack-stage/spack-stage-hdf5-1.10.7-xexa2gll6hf6okdatgrxiwhcjs2uepc7/spack-src/src/H5Dio.c line 335 in H5Dwrite(): can't write data
    major: Dataset
    minor: Write failed
  #001: /scratch/spack_cpu/job_21700923/spack-stage/spack-stage-hdf5-1.10.7-xexa2gll6hf6okdatgrxiwhcjs2uepc7/spack-src/src/H5Dio.c line 813 in H5D__write(): can't write data
    major: Dataset
    minor: Write failed
  #002: /scratch/spack_cpu/job_21700923/spack-stage/spack-stage-hdf5-1.10.7-xexa2gll6hf6okdatgrxiwhcjs2uepc7/spack-src/src/H5Dcontig.c line 659 in H5D__contig_write(): contiguous write failed
    major: Dataset
    minor: Write failed
  #003: /scratch/spack_cpu/job_21700923/spack-stage/spack-stage-hdf5-1.10.7-xexa2gll6hf6okdatgrxiwhcjs2uepc7/spack-src/src/H5Dselect.c line 321 in H5D__select_write(): write error
    major: Dataspace
    minor: Write failed
  #004: /scratch/spack_cpu/job_21700923/spack-stage/spack-stage-hdf5-1.10.7-xexa2gll6hf6okdatgrxiwhcjs2uepc7/spack-src/src/H5Dselect.c line 230 in H5D__select_io(): write error
    major: Dataspace
    minor: Write failed
  #005: /scratch/spack_cpu/job_21700923/spack-stage/spack-stage-hdf5-1.10.7-xexa2gll6hf6okdatgrxiwhcjs2uepc7/spack-src/src/H5Dcontig.c line 1281 in H5D__contig_writevv(): can't perform vectorized sieve buffer write
    major: Dataset
    minor: Can't operate on object
  #006: /scratch/spack_cpu/job_21700923/spack-stage/spack-stage-hdf5-1.10.7-xexa2gll6hf6okdatgrxiwhcjs2uepc7/spack-src/src/H5VM.c line 1464 in H5VM_opvv(): can't perform operation
    major: Internal error (too specific to document in detail)
    minor: Can't operate on object
  #007: /scratch/spack_cpu/job_21700923/spack-stage/spack-stage-hdf5-1.10.7-xexa2gll6hf6okdatgrxiwhcjs2uepc7/spack-src/src/H5Dcontig.c line 1029 in H5D__contig_writevv_sieve_cb(): block write failed
    major: Dataset
    minor: Write failed
  #008: /scratch/spack_cpu/job_21700923/spack-stage/spack-stage-hdf5-1.10.7-xexa2gll6hf6okdatgrxiwhcjs2uepc7/spack-src/src/H5Fio.c line 161 in H5F_block_write(): write through page buffer failed
    major: Low-level I/O
    minor: Write failed
  #009: /scratch/spack_cpu/job_21700923/spack-stage/spack-stage-hdf5-1.10.7-xexa2gll6hf6okdatgrxiwhcjs2uepc7/spack-src/src/H5PB.c line 1032 in H5PB_write(): write through metadata accumulator failed
    major: Page Buffering
    minor: Write failed
  #010: /scratch/spack_cpu/job_21700923/spack-stage/spack-stage-hdf5-1.10.7-xexa2gll6hf6okdatgrxiwhcjs2uepc7/spack-src/src/H5Faccum.c line 824 in H5F__accum_write(): file write failed
    major: Low-level I/O
    minor: Write failed
  #011: /scratch/spack_cpu/job_21700923/spack-stage/spack-stage-hdf5-1.10.7-xexa2gll6hf6okdatgrxiwhcjs2uepc7/spack-src/src/H5FDint.c line 249 in H5FD_write(): driver write request failed
    major: Virtual File Layer
    minor: Write failed
  #012: /scratch/spack_cpu/job_21700923/spack-stage/spack-stage-hdf5-1.10.7-xexa2gll6hf6okdatgrxiwhcjs2uepc7/spack-src/src/H5FDsec2.c line 856 in H5FD__sec2_write(): file write failed: time = Wed Nov 19 10:19:51 2025
, filename = 'checkpoint.h5', file descriptor = 5, errno = 14, error message = 'Bad address', buf = 0x1555537c4000, total write size = 15969552, bytes this sub-write = 15969552, bytes actually written = 18446744073709551615, offset = 0
    major: Low-level I/O
    minor: Write failed
HDF5-DIAG: Error detected in HDF5 (1.10.7) thread 0:
  #000: /scratch/spack_cpu/job_21700923/spack-stage/spack-stage-hdf5-1.10.7-xexa2gll6hf6okdatgrxiwhcjs2uepc7/spack-src/src/H5Dio.c line 335 in H5Dwrite(): can't write data
    major: Dataset
    minor: Write failed
  #001: /scratch/spack_cpu/job_21700923/spack-stage/spack-stage-hdf5-1.10.7-xexa2gll6hf6okdatgrxiwhcjs2uepc7/spack-src/src/H5Dio.c line 813 in H5D__write(): can't write data
    major: Dataset
    minor: Write failed
  #002: /scratch/spack_cpu/job_21700923/spack-stage/spack-stage-hdf5-1.10.7-xexa2gll6hf6okdatgrxiwhcjs2uepc7/spack-src/src/H5Dcontig.c line 659 in H5D__contig_write(): contiguous write failed
    major: Dataset
    minor: Write failed
  #003: /scratch/spack_cpu/job_21700923/spack-stage/spack-stage-hdf5-1.10.7-xexa2gll6hf6okdatgrxiwhcjs2uepc7/spack-src/src/H5Dselect.c line 321 in H5D__select_write(): write error
    major: Dataspace
    minor: Write failed
  #004: /scratch/spack_cpu/job_21700923/spack-stage/spack-stage-hdf5-1.10.7-xexa2gll6hf6okdatgrxiwhcjs2uepc7/spack-src/src/H5Dselect.c line 230 in H5D__select_io(): write error
    major: Dataspace
    minor: Write failed
  #005: /scratch/spack_cpu/job_21700923/spack-stage/spack-stage-hdf5-1.10.7-xexa2gll6hf6okdatgrxiwhcjs2uepc7/spack-src/src/H5Dcontig.c line 1281 in H5D__contig_writevv(): can't perform vectorized sieve buffer write
    major: Dataset
    minor: Can't operate on object
  #006: /scratch/spack_cpu/job_21700923/spack-stage/spack-stage-hdf5-1.10.7-xexa2gll6hf6okdatgrxiwhcjs2uepc7/spack-src/src/H5VM.c line 1464 in H5VM_opvv(): can't perform operation
    major: Internal error (too specific to document in detail)
    minor: Can't operate on object
  #007: /scratch/spack_cpu/job_21700923/spack-stage/spack-stage-hdf5-1.10.7-xexa2gll6hf6okdatgrxiwhcjs2uepc7/spack-src/src/H5Dcontig.c line 1029 in H5D__contig_writevv_sieve_cb(): block write failed
    major: Dataset
    minor: Write failed
  #008: /scratch/spack_cpu/job_21700923/spack-stage/spack-stage-hdf5-1.10.7-xexa2gll6hf6okdatgrxiwhcjs2uepc7/spack-src/src/H5Fio.c line 161 in H5F_block_write(): write through page buffer failed
    major: Low-level I/O
    minor: Write failed
  #009: /scratch/spack_cpu/job_21700923/spack-stage/spack-stage-hdf5-1.10.7-xexa2gll6hf6okdatgrxiwhcjs2uepc7/spack-src/src/H5PB.c line 1032 in H5PB_write(): write through metadata accumulator failed
    major: Page Buffering
    minor: Write failed
  #010: /scratch/spack_cpu/job_21700923/spack-stage/spack-stage-hdf5-1.10.7-xexa2gll6hf6okdatgrxiwhcjs2uepc7/spack-src/src/H5Faccum.c line 824 in H5F__accum_write(): file write failed
    major: Low-level I/O
    minor: Write failed
  #011: /scratch/spack_cpu/job_21700923/spack-stage/spack-stage-hdf5-1.10.7-xexa2gll6hf6okdatgrxiwhcjs2uepc7/spack-src/src/H5FDint.c line 249 in H5FD_write(): driver write request failed
    major: Virtual File Layer
    minor: Write failed
  #012: /scratch/spack_cpu/job_21700923/spack-stage/spack-stage-hdf5-1.10.7-xexa2gll6hf6okdatgrxiwhcjs2uepc7/spack-src/src/H5FDsec2.c line 856 in H5FD__sec2_write(): file write failed: time = Wed Nov 19 10:21:55 2025
, filename = 'checkpoint.h5', file descriptor = 5, errno = 14, error message = 'Bad address', buf = 0x1555537c4000, total write size = 15969552, bytes this sub-write = 15969552, bytes actually written = 18446744073709551615, offset = 0
    major: Low-level I/O
    minor: Write failed
HDF5-DIAG: Error detected in HDF5 (1.10.7) thread 0:
  #000: /scratch/spack_cpu/job_21700923/spack-stage/spack-stage-hdf5-1.10.7-xexa2gll6hf6okdatgrxiwhcjs2uepc7/spack-src/src/H5Dio.c line 335 in H5Dwrite(): can't write data
    major: Dataset
    minor: Write failed
  #001: /scratch/spack_cpu/job_21700923/spack-stage/spack-stage-hdf5-1.10.7-xexa2gll6hf6okdatgrxiwhcjs2uepc7/spack-src/src/H5Dio.c line 813 in H5D__write(): can't write data
    major: Dataset
    minor: Write failed
  #002: /scratch/spack_cpu/job_21700923/spack-stage/spack-stage-hdf5-1.10.7-xexa2gll6hf6okdatgrxiwhcjs2uepc7/spack-src/src/H5Dcontig.c line 659 in H5D__contig_write(): contiguous write failed
    major: Dataset
    minor: Write failed
  #003: /scratch/spack_cpu/job_21700923/spack-stage/spack-stage-hdf5-1.10.7-xexa2gll6hf6okdatgrxiwhcjs2uepc7/spack-src/src/H5Dselect.c line 321 in H5D__select_write(): write error
    major: Dataspace
    minor: Write failed
  #004: /scratch/spack_cpu/job_21700923/spack-stage/spack-stage-hdf5-1.10.7-xexa2gll6hf6okdatgrxiwhcjs2uepc7/spack-src/src/H5Dselect.c line 230 in H5D__select_io(): write error
    major: Dataspace
    minor: Write failed
  #005: /scratch/spack_cpu/job_21700923/spack-stage/spack-stage-hdf5-1.10.7-xexa2gll6hf6okdatgrxiwhcjs2uepc7/spack-src/src/H5Dcontig.c line 1281 in H5D__contig_writevv(): can't perform vectorized sieve buffer write
    major: Dataset
    minor: Can't operate on object
  #006: /scratch/spack_cpu/job_21700923/spack-stage/spack-stage-hdf5-1.10.7-xexa2gll6hf6okdatgrxiwhcjs2uepc7/spack-src/src/H5VM.c line 1464 in H5VM_opvv(): can't perform operation
    major: Internal error (too specific to document in detail)
    minor: Can't operate on object
  #007: /scratch/spack_cpu/job_21700923/spack-stage/spack-stage-hdf5-1.10.7-xexa2gll6hf6okdatgrxiwhcjs2uepc7/spack-src/src/H5Dcontig.c line 1029 in H5D__contig_writevv_sieve_cb(): block write failed
    major: Dataset
    minor: Write failed
  #008: /scratch/spack_cpu/job_21700923/spack-stage/spack-stage-hdf5-1.10.7-xexa2gll6hf6okdatgrxiwhcjs2uepc7/spack-src/src/H5Fio.c line 161 in H5F_block_write(): write through page buffer failed
    major: Low-level I/O
    minor: Write failed
  #009: /scratch/spack_cpu/job_21700923/spack-stage/spack-stage-hdf5-1.10.7-xexa2gll6hf6okdatgrxiwhcjs2uepc7/spack-src/src/H5PB.c line 1032 in H5PB_write(): write through metadata accumulator failed
    major: Page Buffering
    minor: Write failed
  #010: /scratch/spack_cpu/job_21700923/spack-stage/spack-stage-hdf5-1.10.7-xexa2gll6hf6okdatgrxiwhcjs2uepc7/spack-src/src/H5Faccum.c line 824 in H5F__accum_write(): file write failed
    major: Low-level I/O
    minor: Write failed
  #011: /scratch/spack_cpu/job_21700923/spack-stage/spack-stage-hdf5-1.10.7-xexa2gll6hf6okdatgrxiwhcjs2uepc7/spack-src/src/H5FDint.c line 249 in H5FD_write(): driver write request failed
    major: Virtual File Layer
    minor: Write failed
  #012: /scratch/spack_cpu/job_21700923/spack-stage/spack-stage-hdf5-1.10.7-xexa2gll6hf6okdatgrxiwhcjs2uepc7/spack-src/src/H5FDsec2.c line 856 in H5FD__sec2_write(): file write failed: time = Wed Nov 19 10:23:59 2025
, filename = 'checkpoint.h5', file descriptor = 5, errno = 14, error message = 'Bad address', buf = 0x1555537c4000, total write size = 15969552, bytes this sub-write = 15969552, bytes actually written = 18446744073709551615, offset = 0
    major: Low-level I/O
    minor: Write failed
HDF5-DIAG: Error detected in HDF5 (1.10.7) thread 0:
  #000: /scratch/spack_cpu/job_21700923/spack-stage/spack-stage-hdf5-1.10.7-xexa2gll6hf6okdatgrxiwhcjs2uepc7/spack-src/src/H5Dio.c line 335 in H5Dwrite(): can't write data
    major: Dataset
    minor: Write failed
  #001: /scratch/spack_cpu/job_21700923/spack-stage/spack-stage-hdf5-1.10.7-xexa2gll6hf6okdatgrxiwhcjs2uepc7/spack-src/src/H5Dio.c line 813 in H5D__write(): can't write data
    major: Dataset
    minor: Write failed
  #002: /scratch/spack_cpu/job_21700923/spack-stage/spack-stage-hdf5-1.10.7-xexa2gll6hf6okdatgrxiwhcjs2uepc7/spack-src/src/H5Dcontig.c line 659 in H5D__contig_write(): contiguous write failed
    major: Dataset
    minor: Write failed
  #003: /scratch/spack_cpu/job_21700923/spack-stage/spack-stage-hdf5-1.10.7-xexa2gll6hf6okdatgrxiwhcjs2uepc7/spack-src/src/H5Dselect.c line 321 in H5D__select_write(): write error
    major: Dataspace
    minor: Write failed
  #004: /scratch/spack_cpu/job_21700923/spack-stage/spack-stage-hdf5-1.10.7-xexa2gll6hf6okdatgrxiwhcjs2uepc7/spack-src/src/H5Dselect.c line 230 in H5D__select_io(): write error
    major: Dataspace
    minor: Write failed
  #005: /scratch/spack_cpu/job_21700923/spack-stage/spack-stage-hdf5-1.10.7-xexa2gll6hf6okdatgrxiwhcjs2uepc7/spack-src/src/H5Dcontig.c line 1281 in H5D__contig_writevv(): can't perform vectorized sieve buffer write
    major: Dataset
    minor: Can't operate on object
  #006: /scratch/spack_cpu/job_21700923/spack-stage/spack-stage-hdf5-1.10.7-xexa2gll6hf6okdatgrxiwhcjs2uepc7/spack-src/src/H5VM.c line 1464 in H5VM_opvv(): can't perform operation
    major: Internal error (too specific to document in detail)
    minor: Can't operate on object
  #007: /scratch/spack_cpu/job_21700923/spack-stage/spack-stage-hdf5-1.10.7-xexa2gll6hf6okdatgrxiwhcjs2uepc7/spack-src/src/H5Dcontig.c line 1029 in H5D__contig_writevv_sieve_cb(): block write failed
    major: Dataset
    minor: Write failed
  #008: /scratch/spack_cpu/job_21700923/spack-stage/spack-stage-hdf5-1.10.7-xexa2gll6hf6okdatgrxiwhcjs2uepc7/spack-src/src/H5Fio.c line 161 in H5F_block_write(): write through page buffer failed
    major: Low-level I/O
    minor: Write failed
  #009: /scratch/spack_cpu/job_21700923/spack-stage/spack-stage-hdf5-1.10.7-xexa2gll6hf6okdatgrxiwhcjs2uepc7/spack-src/src/H5PB.c line 1032 in H5PB_write(): write through metadata accumulator failed
    major: Page Buffering
    minor: Write failed
  #010: /scratch/spack_cpu/job_21700923/spack-stage/spack-stage-hdf5-1.10.7-xexa2gll6hf6okdatgrxiwhcjs2uepc7/spack-src/src/H5Faccum.c line 824 in H5F__accum_write(): file write failed
    major: Low-level I/O
    minor: Write failed
  #011: /scratch/spack_cpu/job_21700923/spack-stage/spack-stage-hdf5-1.10.7-xexa2gll6hf6okdatgrxiwhcjs2uepc7/spack-src/src/H5FDint.c line 249 in H5FD_write(): driver write request failed
    major: Virtual File Layer
    minor: Write failed
  #012: /scratch/spack_cpu/job_21700923/spack-stage/spack-stage-hdf5-1.10.7-xexa2gll6hf6okdatgrxiwhcjs2uepc7/spack-src/src/H5FDsec2.c line 856 in H5FD__sec2_write(): file write failed: time = Wed Nov 19 10:26:02 2025
, filename = 'checkpoint.h5', file descriptor = 5, errno = 14, error message = 'Bad address', buf = 0x1555537c4000, total write size = 15969552, bytes this sub-write = 15969552, bytes actually written = 18446744073709551615, offset = 0
    major: Low-level I/O
    minor: Write failed
HDF5-DIAG: Error detected in HDF5 (1.10.7) thread 0:
  #000: /scratch/spack_cpu/job_21700923/spack-stage/spack-stage-hdf5-1.10.7-xexa2gll6hf6okdatgrxiwhcjs2uepc7/spack-src/src/H5Dio.c line 335 in H5Dwrite(): can't write data
    major: Dataset
    minor: Write failed
  #001: /scratch/spack_cpu/job_21700923/spack-stage/spack-stage-hdf5-1.10.7-xexa2gll6hf6okdatgrxiwhcjs2uepc7/spack-src/src/H5Dio.c line 813 in H5D__write(): can't write data
    major: Dataset
    minor: Write failed
  #002: /scratch/spack_cpu/job_21700923/spack-stage/spack-stage-hdf5-1.10.7-xexa2gll6hf6okdatgrxiwhcjs2uepc7/spack-src/src/H5Dcontig.c line 659 in H5D__contig_write(): contiguous write failed
    major: Dataset
    minor: Write failed
  #003: /scratch/spack_cpu/job_21700923/spack-stage/spack-stage-hdf5-1.10.7-xexa2gll6hf6okdatgrxiwhcjs2uepc7/spack-src/src/H5Dselect.c line 321 in H5D__select_write(): write error
    major: Dataspace
    minor: Write failed
  #004: /scratch/spack_cpu/job_21700923/spack-stage/spack-stage-hdf5-1.10.7-xexa2gll6hf6okdatgrxiwhcjs2uepc7/spack-src/src/H5Dselect.c line 230 in H5D__select_io(): write error
    major: Dataspace
    minor: Write failed
  #005: /scratch/spack_cpu/job_21700923/spack-stage/spack-stage-hdf5-1.10.7-xexa2gll6hf6okdatgrxiwhcjs2uepc7/spack-src/src/H5Dcontig.c line 1281 in H5D__contig_writevv(): can't perform vectorized sieve buffer write
    major: Dataset
    minor: Can't operate on object
  #006: /scratch/spack_cpu/job_21700923/spack-stage/spack-stage-hdf5-1.10.7-xexa2gll6hf6okdatgrxiwhcjs2uepc7/spack-src/src/H5VM.c line 1464 in H5VM_opvv(): can't perform operation
    major: Internal error (too specific to document in detail)
    minor: Can't operate on object
  #007: /scratch/spack_cpu/job_21700923/spack-stage/spack-stage-hdf5-1.10.7-xexa2gll6hf6okdatgrxiwhcjs2uepc7/spack-src/src/H5Dcontig.c line 1029 in H5D__contig_writevv_sieve_cb(): block write failed
    major: Dataset
    minor: Write failed
  #008: /scratch/spack_cpu/job_21700923/spack-stage/spack-stage-hdf5-1.10.7-xexa2gll6hf6okdatgrxiwhcjs2uepc7/spack-src/src/H5Fio.c line 161 in H5F_block_write(): write through page buffer failed
    major: Low-level I/O
    minor: Write failed
  #009: /scratch/spack_cpu/job_21700923/spack-stage/spack-stage-hdf5-1.10.7-xexa2gll6hf6okdatgrxiwhcjs2uepc7/spack-src/src/H5PB.c line 1032 in H5PB_write(): write through metadata accumulator failed
    major: Page Buffering
    minor: Write failed
  #010: /scratch/spack_cpu/job_21700923/spack-stage/spack-stage-hdf5-1.10.7-xexa2gll6hf6okdatgrxiwhcjs2uepc7/spack-src/src/H5Faccum.c line 824 in H5F__accum_write(): file write failed
    major: Low-level I/O
    minor: Write failed
  #011: /scratch/spack_cpu/job_21700923/spack-stage/spack-stage-hdf5-1.10.7-xexa2gll6hf6okdatgrxiwhcjs2uepc7/spack-src/src/H5FDint.c line 249 in H5FD_write(): driver write request failed
    major: Virtual File Layer
    minor: Write failed
  #012: /scratch/spack_cpu/job_21700923/spack-stage/spack-stage-hdf5-1.10.7-xexa2gll6hf6okdatgrxiwhcjs2uepc7/spack-src/src/H5FDsec2.c line 856 in H5FD__sec2_write(): file write failed: time = Wed Nov 19 10:28:06 2025
, filename = 'checkpoint.h5', file descriptor = 5, errno = 14, error message = 'Bad address', buf = 0x1555537c4000, total write size = 15969552, bytes this sub-write = 15969552, bytes actually written = 18446744073709551615, offset = 0
    major: Low-level I/O
    minor: Write failed
HDF5-DIAG: Error detected in HDF5 (1.10.7) thread 0:
  #000: /scratch/spack_cpu/job_21700923/spack-stage/spack-stage-hdf5-1.10.7-xexa2gll6hf6okdatgrxiwhcjs2uepc7/spack-src/src/H5Dio.c line 335 in H5Dwrite(): can't write data
    major: Dataset
    minor: Write failed
  #001: /scratch/spack_cpu/job_21700923/spack-stage/spack-stage-hdf5-1.10.7-xexa2gll6hf6okdatgrxiwhcjs2uepc7/spack-src/src/H5Dio.c line 813 in H5D__write(): can't write data
    major: Dataset
    minor: Write failed
  #002: /scratch/spack_cpu/job_21700923/spack-stage/spack-stage-hdf5-1.10.7-xexa2gll6hf6okdatgrxiwhcjs2uepc7/spack-src/src/H5Dcontig.c line 659 in H5D__contig_write(): contiguous write failed
    major: Dataset
    minor: Write failed
  #003: /scratch/spack_cpu/job_21700923/spack-stage/spack-stage-hdf5-1.10.7-xexa2gll6hf6okdatgrxiwhcjs2uepc7/spack-src/src/H5Dselect.c line 321 in H5D__select_write(): write error
    major: Dataspace
    minor: Write failed
  #004: /scratch/spack_cpu/job_21700923/spack-stage/spack-stage-hdf5-1.10.7-xexa2gll6hf6okdatgrxiwhcjs2uepc7/spack-src/src/H5Dselect.c line 230 in H5D__select_io(): write error
    major: Dataspace
    minor: Write failed
  #005: /scratch/spack_cpu/job_21700923/spack-stage/spack-stage-hdf5-1.10.7-xexa2gll6hf6okdatgrxiwhcjs2uepc7/spack-src/src/H5Dcontig.c line 1281 in H5D__contig_writevv(): can't perform vectorized sieve buffer write
    major: Dataset
    minor: Can't operate on object
  #006: /scratch/spack_cpu/job_21700923/spack-stage/spack-stage-hdf5-1.10.7-xexa2gll6hf6okdatgrxiwhcjs2uepc7/spack-src/src/H5VM.c line 1464 in H5VM_opvv(): can't perform operation
    major: Internal error (too specific to document in detail)
    minor: Can't operate on object
  #007: /scratch/spack_cpu/job_21700923/spack-stage/spack-stage-hdf5-1.10.7-xexa2gll6hf6okdatgrxiwhcjs2uepc7/spack-src/src/H5Dcontig.c line 1029 in H5D__contig_writevv_sieve_cb(): block write failed
    major: Dataset
    minor: Write failed
  #008: /scratch/spack_cpu/job_21700923/spack-stage/spack-stage-hdf5-1.10.7-xexa2gll6hf6okdatgrxiwhcjs2uepc7/spack-src/src/H5Fio.c line 161 in H5F_block_write(): write through page buffer failed
    major: Low-level I/O
    minor: Write failed
  #009: /scratch/spack_cpu/job_21700923/spack-stage/spack-stage-hdf5-1.10.7-xexa2gll6hf6okdatgrxiwhcjs2uepc7/spack-src/src/H5PB.c line 1032 in H5PB_write(): write through metadata accumulator failed
    major: Page Buffering
    minor: Write failed
  #010: /scratch/spack_cpu/job_21700923/spack-stage/spack-stage-hdf5-1.10.7-xexa2gll6hf6okdatgrxiwhcjs2uepc7/spack-src/src/H5Faccum.c line 824 in H5F__accum_write(): file write failed
    major: Low-level I/O
    minor: Write failed
  #011: /scratch/spack_cpu/job_21700923/spack-stage/spack-stage-hdf5-1.10.7-xexa2gll6hf6okdatgrxiwhcjs2uepc7/spack-src/src/H5FDint.c line 249 in H5FD_write(): driver write request failed
    major: Virtual File Layer
    minor: Write failed
  #012: /scratch/spack_cpu/job_21700923/spack-stage/spack-stage-hdf5-1.10.7-xexa2gll6hf6okdatgrxiwhcjs2uepc7/spack-src/src/H5FDsec2.c line 856 in H5FD__sec2_write(): file write failed: time = Wed Nov 19 10:30:08 2025
, filename = 'checkpoint.h5', file descriptor = 5, errno = 14, error message = 'Bad address', buf = 0x1555537c4000, total write size = 15969552, bytes this sub-write = 15969552, bytes actually written = 18446744073709551615, offset = 0
    major: Low-level I/O
    minor: Write failed
HDF5-DIAG: Error detected in HDF5 (1.10.7) thread 0:
  #000: /scratch/spack_cpu/job_21700923/spack-stage/spack-stage-hdf5-1.10.7-xexa2gll6hf6okdatgrxiwhcjs2uepc7/spack-src/src/H5Dio.c line 335 in H5Dwrite(): can't write data
    major: Dataset
    minor: Write failed
  #001: /scratch/spack_cpu/job_21700923/spack-stage/spack-stage-hdf5-1.10.7-xexa2gll6hf6okdatgrxiwhcjs2uepc7/spack-src/src/H5Dio.c line 813 in H5D__write(): can't write data
    major: Dataset
    minor: Write failed
  #002: /scratch/spack_cpu/job_21700923/spack-stage/spack-stage-hdf5-1.10.7-xexa2gll6hf6okdatgrxiwhcjs2uepc7/spack-src/src/H5Dcontig.c line 659 in H5D__contig_write(): contiguous write failed
    major: Dataset
    minor: Write failed
  #003: /scratch/spack_cpu/job_21700923/spack-stage/spack-stage-hdf5-1.10.7-xexa2gll6hf6okdatgrxiwhcjs2uepc7/spack-src/src/H5Dselect.c line 321 in H5D__select_write(): write error
    major: Dataspace
    minor: Write failed
  #004: /scratch/spack_cpu/job_21700923/spack-stage/spack-stage-hdf5-1.10.7-xexa2gll6hf6okdatgrxiwhcjs2uepc7/spack-src/src/H5Dselect.c line 230 in H5D__select_io(): write error
    major: Dataspace
    minor: Write failed
  #005: /scratch/spack_cpu/job_21700923/spack-stage/spack-stage-hdf5-1.10.7-xexa2gll6hf6okdatgrxiwhcjs2uepc7/spack-src/src/H5Dcontig.c line 1281 in H5D__contig_writevv(): can't perform vectorized sieve buffer write
    major: Dataset
    minor: Can't operate on object
  #006: /scratch/spack_cpu/job_21700923/spack-stage/spack-stage-hdf5-1.10.7-xexa2gll6hf6okdatgrxiwhcjs2uepc7/spack-src/src/H5VM.c line 1464 in H5VM_opvv(): can't perform operation
    major: Internal error (too specific to document in detail)
    minor: Can't operate on object
  #007: /scratch/spack_cpu/job_21700923/spack-stage/spack-stage-hdf5-1.10.7-xexa2gll6hf6okdatgrxiwhcjs2uepc7/spack-src/src/H5Dcontig.c line 1029 in H5D__contig_writevv_sieve_cb(): block write failed
    major: Dataset
    minor: Write failed
  #008: /scratch/spack_cpu/job_21700923/spack-stage/spack-stage-hdf5-1.10.7-xexa2gll6hf6okdatgrxiwhcjs2uepc7/spack-src/src/H5Fio.c line 161 in H5F_block_write(): write through page buffer failed
    major: Low-level I/O
    minor: Write failed
  #009: /scratch/spack_cpu/job_21700923/spack-stage/spack-stage-hdf5-1.10.7-xexa2gll6hf6okdatgrxiwhcjs2uepc7/spack-src/src/H5PB.c line 1032 in H5PB_write(): write through metadata accumulator failed
    major: Page Buffering
    minor: Write failed
  #010: /scratch/spack_cpu/job_21700923/spack-stage/spack-stage-hdf5-1.10.7-xexa2gll6hf6okdatgrxiwhcjs2uepc7/spack-src/src/H5Faccum.c line 824 in H5F__accum_write(): file write failed
    major: Low-level I/O
    minor: Write failed
  #011: /scratch/spack_cpu/job_21700923/spack-stage/spack-stage-hdf5-1.10.7-xexa2gll6hf6okdatgrxiwhcjs2uepc7/spack-src/src/H5FDint.c line 249 in H5FD_write(): driver write request failed
    major: Virtual File Layer
    minor: Write failed
  #012: /scratch/spack_cpu/job_21700923/spack-stage/spack-stage-hdf5-1.10.7-xexa2gll6hf6okdatgrxiwhcjs2uepc7/spack-src/src/H5FDsec2.c line 856 in H5FD__sec2_write(): file write failed: time = Wed Nov 19 10:32:10 2025
, filename = 'checkpoint.h5', file descriptor = 5, errno = 14, error message = 'Bad address', buf = 0x1555537c4000, total write size = 15969552, bytes this sub-write = 15969552, bytes actually written = 18446744073709551615, offset = 0
    major: Low-level I/O
    minor: Write failed
HDF5-DIAG: Error detected in HDF5 (1.10.7) thread 0:
  #000: /scratch/spack_cpu/job_21700923/spack-stage/spack-stage-hdf5-1.10.7-xexa2gll6hf6okdatgrxiwhcjs2uepc7/spack-src/src/H5Dio.c line 335 in H5Dwrite(): can't write data
    major: Dataset
    minor: Write failed
  #001: /scratch/spack_cpu/job_21700923/spack-stage/spack-stage-hdf5-1.10.7-xexa2gll6hf6okdatgrxiwhcjs2uepc7/spack-src/src/H5Dio.c line 813 in H5D__write(): can't write data
    major: Dataset
    minor: Write failed
  #002: /scratch/spack_cpu/job_21700923/spack-stage/spack-stage-hdf5-1.10.7-xexa2gll6hf6okdatgrxiwhcjs2uepc7/spack-src/src/H5Dcontig.c line 659 in H5D__contig_write(): contiguous write failed
    major: Dataset
    minor: Write failed
  #003: /scratch/spack_cpu/job_21700923/spack-stage/spack-stage-hdf5-1.10.7-xexa2gll6hf6okdatgrxiwhcjs2uepc7/spack-src/src/H5Dselect.c line 321 in H5D__select_write(): write error
    major: Dataspace
    minor: Write failed
  #004: /scratch/spack_cpu/job_21700923/spack-stage/spack-stage-hdf5-1.10.7-xexa2gll6hf6okdatgrxiwhcjs2uepc7/spack-src/src/H5Dselect.c line 230 in H5D__select_io(): write error
    major: Dataspace
    minor: Write failed
  #005: /scratch/spack_cpu/job_21700923/spack-stage/spack-stage-hdf5-1.10.7-xexa2gll6hf6okdatgrxiwhcjs2uepc7/spack-src/src/H5Dcontig.c line 1281 in H5D__contig_writevv(): can't perform vectorized sieve buffer write
    major: Dataset
    minor: Can't operate on object
  #006: /scratch/spack_cpu/job_21700923/spack-stage/spack-stage-hdf5-1.10.7-xexa2gll6hf6okdatgrxiwhcjs2uepc7/spack-src/src/H5VM.c line 1464 in H5VM_opvv(): can't perform operation
    major: Internal error (too specific to document in detail)
    minor: Can't operate on object
  #007: /scratch/spack_cpu/job_21700923/spack-stage/spack-stage-hdf5-1.10.7-xexa2gll6hf6okdatgrxiwhcjs2uepc7/spack-src/src/H5Dcontig.c line 1029 in H5D__contig_writevv_sieve_cb(): block write failed
    major: Dataset
    minor: Write failed
  #008: /scratch/spack_cpu/job_21700923/spack-stage/spack-stage-hdf5-1.10.7-xexa2gll6hf6okdatgrxiwhcjs2uepc7/spack-src/src/H5Fio.c line 161 in H5F_block_write(): write through page buffer failed
    major: Low-level I/O
    minor: Write failed
  #009: /scratch/spack_cpu/job_21700923/spack-stage/spack-stage-hdf5-1.10.7-xexa2gll6hf6okdatgrxiwhcjs2uepc7/spack-src/src/H5PB.c line 1032 in H5PB_write(): write through metadata accumulator failed
    major: Page Buffering
    minor: Write failed
  #010: /scratch/spack_cpu/job_21700923/spack-stage/spack-stage-hdf5-1.10.7-xexa2gll6hf6okdatgrxiwhcjs2uepc7/spack-src/src/H5Faccum.c line 824 in H5F__accum_write(): file write failed
    major: Low-level I/O
    minor: Write failed
  #011: /scratch/spack_cpu/job_21700923/spack-stage/spack-stage-hdf5-1.10.7-xexa2gll6hf6okdatgrxiwhcjs2uepc7/spack-src/src/H5FDint.c line 249 in H5FD_write(): driver write request failed
    major: Virtual File Layer
    minor: Write failed
  #012: /scratch/spack_cpu/job_21700923/spack-stage/spack-stage-hdf5-1.10.7-xexa2gll6hf6okdatgrxiwhcjs2uepc7/spack-src/src/H5FDsec2.c line 856 in H5FD__sec2_write(): file write failed: time = Wed Nov 19 10:34:12 2025
, filename = 'checkpoint.h5', file descriptor = 5, errno = 14, error message = 'Bad address', buf = 0x1555537c4000, total write size = 15969552, bytes this sub-write = 15969552, bytes actually written = 18446744073709551615, offset = 0
    major: Low-level I/O
    minor: Write failed
HDF5-DIAG: Error detected in HDF5 (1.10.7) thread 0:
  #000: /scratch/spack_cpu/job_21700923/spack-stage/spack-stage-hdf5-1.10.7-xexa2gll6hf6okdatgrxiwhcjs2uepc7/spack-src/src/H5Dio.c line 335 in H5Dwrite(): can't write data
    major: Dataset
    minor: Write failed
  #001: /scratch/spack_cpu/job_21700923/spack-stage/spack-stage-hdf5-1.10.7-xexa2gll6hf6okdatgrxiwhcjs2uepc7/spack-src/src/H5Dio.c line 813 in H5D__write(): can't write data
    major: Dataset
    minor: Write failed
  #002: /scratch/spack_cpu/job_21700923/spack-stage/spack-stage-hdf5-1.10.7-xexa2gll6hf6okdatgrxiwhcjs2uepc7/spack-src/src/H5Dcontig.c line 659 in H5D__contig_write(): contiguous write failed
    major: Dataset
    minor: Write failed
  #003: /scratch/spack_cpu/job_21700923/spack-stage/spack-stage-hdf5-1.10.7-xexa2gll6hf6okdatgrxiwhcjs2uepc7/spack-src/src/H5Dselect.c line 321 in H5D__select_write(): write error
    major: Dataspace
    minor: Write failed
  #004: /scratch/spack_cpu/job_21700923/spack-stage/spack-stage-hdf5-1.10.7-xexa2gll6hf6okdatgrxiwhcjs2uepc7/spack-src/src/H5Dselect.c line 230 in H5D__select_io(): write error
    major: Dataspace
    minor: Write failed
  #005: /scratch/spack_cpu/job_21700923/spack-stage/spack-stage-hdf5-1.10.7-xexa2gll6hf6okdatgrxiwhcjs2uepc7/spack-src/src/H5Dcontig.c line 1281 in H5D__contig_writevv(): can't perform vectorized sieve buffer write
    major: Dataset
    minor: Can't operate on object
  #006: /scratch/spack_cpu/job_21700923/spack-stage/spack-stage-hdf5-1.10.7-xexa2gll6hf6okdatgrxiwhcjs2uepc7/spack-src/src/H5VM.c line 1464 in H5VM_opvv(): can't perform operation
    major: Internal error (too specific to document in detail)
    minor: Can't operate on object
  #007: /scratch/spack_cpu/job_21700923/spack-stage/spack-stage-hdf5-1.10.7-xexa2gll6hf6okdatgrxiwhcjs2uepc7/spack-src/src/H5Dcontig.c line 1029 in H5D__contig_writevv_sieve_cb(): block write failed
    major: Dataset
    minor: Write failed
  #008: /scratch/spack_cpu/job_21700923/spack-stage/spack-stage-hdf5-1.10.7-xexa2gll6hf6okdatgrxiwhcjs2uepc7/spack-src/src/H5Fio.c line 161 in H5F_block_write(): write through page buffer failed
    major: Low-level I/O
    minor: Write failed
  #009: /scratch/spack_cpu/job_21700923/spack-stage/spack-stage-hdf5-1.10.7-xexa2gll6hf6okdatgrxiwhcjs2uepc7/spack-src/src/H5PB.c line 1032 in H5PB_write(): write through metadata accumulator failed
    major: Page Buffering
    minor: Write failed
  #010: /scratch/spack_cpu/job_21700923/spack-stage/spack-stage-hdf5-1.10.7-xexa2gll6hf6okdatgrxiwhcjs2uepc7/spack-src/src/H5Faccum.c line 824 in H5F__accum_write(): file write failed
    major: Low-level I/O
    minor: Write failed
  #011: /scratch/spack_cpu/job_21700923/spack-stage/spack-stage-hdf5-1.10.7-xexa2gll6hf6okdatgrxiwhcjs2uepc7/spack-src/src/H5FDint.c line 249 in H5FD_write(): driver write request failed
    major: Virtual File Layer
    minor: Write failed
  #012: /scratch/spack_cpu/job_21700923/spack-stage/spack-stage-hdf5-1.10.7-xexa2gll6hf6okdatgrxiwhcjs2uepc7/spack-src/src/H5FDsec2.c line 856 in H5FD__sec2_write(): file write failed: time = Wed Nov 19 10:36:17 2025
, filename = 'checkpoint.h5', file descriptor = 5, errno = 14, error message = 'Bad address', buf = 0x1555537c4000, total write size = 15969552, bytes this sub-write = 15969552, bytes actually written = 18446744073709551615, offset = 0
    major: Low-level I/O
    minor: Write failed
HDF5-DIAG: Error detected in HDF5 (1.10.7) thread 0:
  #000: /scratch/spack_cpu/job_21700923/spack-stage/spack-stage-hdf5-1.10.7-xexa2gll6hf6okdatgrxiwhcjs2uepc7/spack-src/src/H5Dio.c line 335 in H5Dwrite(): can't write data
    major: Dataset
    minor: Write failed
  #001: /scratch/spack_cpu/job_21700923/spack-stage/spack-stage-hdf5-1.10.7-xexa2gll6hf6okdatgrxiwhcjs2uepc7/spack-src/src/H5Dio.c line 813 in H5D__write(): can't write data
    major: Dataset
    minor: Write failed
  #002: /scratch/spack_cpu/job_21700923/spack-stage/spack-stage-hdf5-1.10.7-xexa2gll6hf6okdatgrxiwhcjs2uepc7/spack-src/src/H5Dcontig.c line 659 in H5D__contig_write(): contiguous write failed
    major: Dataset
    minor: Write failed
  #003: /scratch/spack_cpu/job_21700923/spack-stage/spack-stage-hdf5-1.10.7-xexa2gll6hf6okdatgrxiwhcjs2uepc7/spack-src/src/H5Dselect.c line 321 in H5D__select_write(): write error
    major: Dataspace
    minor: Write failed
  #004: /scratch/spack_cpu/job_21700923/spack-stage/spack-stage-hdf5-1.10.7-xexa2gll6hf6okdatgrxiwhcjs2uepc7/spack-src/src/H5Dselect.c line 230 in H5D__select_io(): write error
    major: Dataspace
    minor: Write failed
  #005: /scratch/spack_cpu/job_21700923/spack-stage/spack-stage-hdf5-1.10.7-xexa2gll6hf6okdatgrxiwhcjs2uepc7/spack-src/src/H5Dcontig.c line 1281 in H5D__contig_writevv(): can't perform vectorized sieve buffer write
    major: Dataset
    minor: Can't operate on object
  #006: /scratch/spack_cpu/job_21700923/spack-stage/spack-stage-hdf5-1.10.7-xexa2gll6hf6okdatgrxiwhcjs2uepc7/spack-src/src/H5VM.c line 1464 in H5VM_opvv(): can't perform operation
    major: Internal error (too specific to document in detail)
    minor: Can't operate on object
  #007: /scratch/spack_cpu/job_21700923/spack-stage/spack-stage-hdf5-1.10.7-xexa2gll6hf6okdatgrxiwhcjs2uepc7/spack-src/src/H5Dcontig.c line 1029 in H5D__contig_writevv_sieve_cb(): block write failed
    major: Dataset
    minor: Write failed
  #008: /scratch/spack_cpu/job_21700923/spack-stage/spack-stage-hdf5-1.10.7-xexa2gll6hf6okdatgrxiwhcjs2uepc7/spack-src/src/H5Fio.c line 161 in H5F_block_write(): write through page buffer failed
    major: Low-level I/O
    minor: Write failed
  #009: /scratch/spack_cpu/job_21700923/spack-stage/spack-stage-hdf5-1.10.7-xexa2gll6hf6okdatgrxiwhcjs2uepc7/spack-src/src/H5PB.c line 1032 in H5PB_write(): write through metadata accumulator failed
    major: Page Buffering
    minor: Write failed
  #010: /scratch/spack_cpu/job_21700923/spack-stage/spack-stage-hdf5-1.10.7-xexa2gll6hf6okdatgrxiwhcjs2uepc7/spack-src/src/H5Faccum.c line 824 in H5F__accum_write(): file write failed
    major: Low-level I/O
    minor: Write failed
  #011: /scratch/spack_cpu/job_21700923/spack-stage/spack-stage-hdf5-1.10.7-xexa2gll6hf6okdatgrxiwhcjs2uepc7/spack-src/src/H5FDint.c line 249 in H5FD_write(): driver write request failed
    major: Virtual File Layer
    minor: Write failed
  #012: /scratch/spack_cpu/job_21700923/spack-stage/spack-stage-hdf5-1.10.7-xexa2gll6hf6okdatgrxiwhcjs2uepc7/spack-src/src/H5FDsec2.c line 856 in H5FD__sec2_write(): file write failed: time = Wed Nov 19 10:38:18 2025
, filename = 'checkpoint.h5', file descriptor = 5, errno = 14, error message = 'Bad address', buf = 0x1555537c4000, total write size = 15969552, bytes this sub-write = 15969552, bytes actually written = 18446744073709551615, offset = 0
    major: Low-level I/O
    minor: Write failed
HDF5-DIAG: Error detected in HDF5 (1.10.7) thread 0:
  #000: /scratch/spack_cpu/job_21700923/spack-stage/spack-stage-hdf5-1.10.7-xexa2gll6hf6okdatgrxiwhcjs2uepc7/spack-src/src/H5Dio.c line 335 in H5Dwrite(): can't write data
    major: Dataset
    minor: Write failed
  #001: /scratch/spack_cpu/job_21700923/spack-stage/spack-stage-hdf5-1.10.7-xexa2gll6hf6okdatgrxiwhcjs2uepc7/spack-src/src/H5Dio.c line 813 in H5D__write(): can't write data
    major: Dataset
    minor: Write failed
  #002: /scratch/spack_cpu/job_21700923/spack-stage/spack-stage-hdf5-1.10.7-xexa2gll6hf6okdatgrxiwhcjs2uepc7/spack-src/src/H5Dcontig.c line 659 in H5D__contig_write(): contiguous write failed
    major: Dataset
    minor: Write failed
  #003: /scratch/spack_cpu/job_21700923/spack-stage/spack-stage-hdf5-1.10.7-xexa2gll6hf6okdatgrxiwhcjs2uepc7/spack-src/src/H5Dselect.c line 321 in H5D__select_write(): write error
    major: Dataspace
    minor: Write failed
  #004: /scratch/spack_cpu/job_21700923/spack-stage/spack-stage-hdf5-1.10.7-xexa2gll6hf6okdatgrxiwhcjs2uepc7/spack-src/src/H5Dselect.c line 230 in H5D__select_io(): write error
    major: Dataspace
    minor: Write failed
  #005: /scratch/spack_cpu/job_21700923/spack-stage/spack-stage-hdf5-1.10.7-xexa2gll6hf6okdatgrxiwhcjs2uepc7/spack-src/src/H5Dcontig.c line 1281 in H5D__contig_writevv(): can't perform vectorized sieve buffer write
    major: Dataset
    minor: Can't operate on object
  #006: /scratch/spack_cpu/job_21700923/spack-stage/spack-stage-hdf5-1.10.7-xexa2gll6hf6okdatgrxiwhcjs2uepc7/spack-src/src/H5VM.c line 1464 in H5VM_opvv(): can't perform operation
    major: Internal error (too specific to document in detail)
    minor: Can't operate on object
  #007: /scratch/spack_cpu/job_21700923/spack-stage/spack-stage-hdf5-1.10.7-xexa2gll6hf6okdatgrxiwhcjs2uepc7/spack-src/src/H5Dcontig.c line 1029 in H5D__contig_writevv_sieve_cb(): block write failed
    major: Dataset
    minor: Write failed
  #008: /scratch/spack_cpu/job_21700923/spack-stage/spack-stage-hdf5-1.10.7-xexa2gll6hf6okdatgrxiwhcjs2uepc7/spack-src/src/H5Fio.c line 161 in H5F_block_write(): write through page buffer failed
    major: Low-level I/O
    minor: Write failed
  #009: /scratch/spack_cpu/job_21700923/spack-stage/spack-stage-hdf5-1.10.7-xexa2gll6hf6okdatgrxiwhcjs2uepc7/spack-src/src/H5PB.c line 1032 in H5PB_write(): write through metadata accumulator failed
    major: Page Buffering
    minor: Write failed
  #010: /scratch/spack_cpu/job_21700923/spack-stage/spack-stage-hdf5-1.10.7-xexa2gll6hf6okdatgrxiwhcjs2uepc7/spack-src/src/H5Faccum.c line 824 in H5F__accum_write(): file write failed
    major: Low-level I/O
    minor: Write failed
  #011: /scratch/spack_cpu/job_21700923/spack-stage/spack-stage-hdf5-1.10.7-xexa2gll6hf6okdatgrxiwhcjs2uepc7/spack-src/src/H5FDint.c line 249 in H5FD_write(): driver write request failed
    major: Virtual File Layer
    minor: Write failed
  #012: /scratch/spack_cpu/job_21700923/spack-stage/spack-stage-hdf5-1.10.7-xexa2gll6hf6okdatgrxiwhcjs2uepc7/spack-src/src/H5FDsec2.c line 856 in H5FD__sec2_write(): file write failed: time = Wed Nov 19 10:40:20 2025
, filename = 'checkpoint.h5', file descriptor = 5, errno = 14, error message = 'Bad address', buf = 0x1555537c4000, total write size = 15969552, bytes this sub-write = 15969552, bytes actually written = 18446744073709551615, offset = 0
    major: Low-level I/O
    minor: Write failed
HDF5-DIAG: Error detected in HDF5 (1.10.7) thread 0:
  #000: /scratch/spack_cpu/job_21700923/spack-stage/spack-stage-hdf5-1.10.7-xexa2gll6hf6okdatgrxiwhcjs2uepc7/spack-src/src/H5Dio.c line 335 in H5Dwrite(): can't write data
    major: Dataset
    minor: Write failed
  #001: /scratch/spack_cpu/job_21700923/spack-stage/spack-stage-hdf5-1.10.7-xexa2gll6hf6okdatgrxiwhcjs2uepc7/spack-src/src/H5Dio.c line 813 in H5D__write(): can't write data
    major: Dataset
    minor: Write failed
  #002: /scratch/spack_cpu/job_21700923/spack-stage/spack-stage-hdf5-1.10.7-xexa2gll6hf6okdatgrxiwhcjs2uepc7/spack-src/src/H5Dcontig.c line 659 in H5D__contig_write(): contiguous write failed
    major: Dataset
    minor: Write failed
  #003: /scratch/spack_cpu/job_21700923/spack-stage/spack-stage-hdf5-1.10.7-xexa2gll6hf6okdatgrxiwhcjs2uepc7/spack-src/src/H5Dselect.c line 321 in H5D__select_write(): write error
    major: Dataspace
    minor: Write failed
  #004: /scratch/spack_cpu/job_21700923/spack-stage/spack-stage-hdf5-1.10.7-xexa2gll6hf6okdatgrxiwhcjs2uepc7/spack-src/src/H5Dselect.c line 230 in H5D__select_io(): write error
    major: Dataspace
    minor: Write failed
  #005: /scratch/spack_cpu/job_21700923/spack-stage/spack-stage-hdf5-1.10.7-xexa2gll6hf6okdatgrxiwhcjs2uepc7/spack-src/src/H5Dcontig.c line 1281 in H5D__contig_writevv(): can't perform vectorized sieve buffer write
    major: Dataset
    minor: Can't operate on object
  #006: /scratch/spack_cpu/job_21700923/spack-stage/spack-stage-hdf5-1.10.7-xexa2gll6hf6okdatgrxiwhcjs2uepc7/spack-src/src/H5VM.c line 1464 in H5VM_opvv(): can't perform operation
    major: Internal error (too specific to document in detail)
    minor: Can't operate on object
  #007: /scratch/spack_cpu/job_21700923/spack-stage/spack-stage-hdf5-1.10.7-xexa2gll6hf6okdatgrxiwhcjs2uepc7/spack-src/src/H5Dcontig.c line 1029 in H5D__contig_writevv_sieve_cb(): block write failed
    major: Dataset
    minor: Write failed
  #008: /scratch/spack_cpu/job_21700923/spack-stage/spack-stage-hdf5-1.10.7-xexa2gll6hf6okdatgrxiwhcjs2uepc7/spack-src/src/H5Fio.c line 161 in H5F_block_write(): write through page buffer failed
    major: Low-level I/O
    minor: Write failed
  #009: /scratch/spack_cpu/job_21700923/spack-stage/spack-stage-hdf5-1.10.7-xexa2gll6hf6okdatgrxiwhcjs2uepc7/spack-src/src/H5PB.c line 1032 in H5PB_write(): write through metadata accumulator failed
    major: Page Buffering
    minor: Write failed
  #010: /scratch/spack_cpu/job_21700923/spack-stage/spack-stage-hdf5-1.10.7-xexa2gll6hf6okdatgrxiwhcjs2uepc7/spack-src/src/H5Faccum.c line 824 in H5F__accum_write(): file write failed
    major: Low-level I/O
    minor: Write failed
  #011: /scratch/spack_cpu/job_21700923/spack-stage/spack-stage-hdf5-1.10.7-xexa2gll6hf6okdatgrxiwhcjs2uepc7/spack-src/src/H5FDint.c line 249 in H5FD_write(): driver write request failed
    major: Virtual File Layer
    minor: Write failed
  #012: /scratch/spack_cpu/job_21700923/spack-stage/spack-stage-hdf5-1.10.7-xexa2gll6hf6okdatgrxiwhcjs2uepc7/spack-src/src/H5FDsec2.c line 856 in H5FD__sec2_write(): file write failed: time = Wed Nov 19 10:42:20 2025
, filename = 'checkpoint.h5', file descriptor = 5, errno = 14, error message = 'Bad address', buf = 0x1555537c4000, total write size = 15969552, bytes this sub-write = 15969552, bytes actually written = 18446744073709551615, offset = 0
    major: Low-level I/O
    minor: Write failed
HDF5-DIAG: Error detected in HDF5 (1.10.7) thread 0:
  #000: /scratch/spack_cpu/job_21700923/spack-stage/spack-stage-hdf5-1.10.7-xexa2gll6hf6okdatgrxiwhcjs2uepc7/spack-src/src/H5Dio.c line 335 in H5Dwrite(): can't write data
    major: Dataset
    minor: Write failed
  #001: /scratch/spack_cpu/job_21700923/spack-stage/spack-stage-hdf5-1.10.7-xexa2gll6hf6okdatgrxiwhcjs2uepc7/spack-src/src/H5Dio.c line 813 in H5D__write(): can't write data
    major: Dataset
    minor: Write failed
  #002: /scratch/spack_cpu/job_21700923/spack-stage/spack-stage-hdf5-1.10.7-xexa2gll6hf6okdatgrxiwhcjs2uepc7/spack-src/src/H5Dcontig.c line 659 in H5D__contig_write(): contiguous write failed
    major: Dataset
    minor: Write failed
  #003: /scratch/spack_cpu/job_21700923/spack-stage/spack-stage-hdf5-1.10.7-xexa2gll6hf6okdatgrxiwhcjs2uepc7/spack-src/src/H5Dselect.c line 321 in H5D__select_write(): write error
    major: Dataspace
    minor: Write failed
  #004: /scratch/spack_cpu/job_21700923/spack-stage/spack-stage-hdf5-1.10.7-xexa2gll6hf6okdatgrxiwhcjs2uepc7/spack-src/src/H5Dselect.c line 230 in H5D__select_io(): write error
    major: Dataspace
    minor: Write failed
  #005: /scratch/spack_cpu/job_21700923/spack-stage/spack-stage-hdf5-1.10.7-xexa2gll6hf6okdatgrxiwhcjs2uepc7/spack-src/src/H5Dcontig.c line 1281 in H5D__contig_writevv(): can't perform vectorized sieve buffer write
    major: Dataset
    minor: Can't operate on object
  #006: /scratch/spack_cpu/job_21700923/spack-stage/spack-stage-hdf5-1.10.7-xexa2gll6hf6okdatgrxiwhcjs2uepc7/spack-src/src/H5VM.c line 1464 in H5VM_opvv(): can't perform operation
    major: Internal error (too specific to document in detail)
    minor: Can't operate on object
  #007: /scratch/spack_cpu/job_21700923/spack-stage/spack-stage-hdf5-1.10.7-xexa2gll6hf6okdatgrxiwhcjs2uepc7/spack-src/src/H5Dcontig.c line 1029 in H5D__contig_writevv_sieve_cb(): block write failed
    major: Dataset
    minor: Write failed
  #008: /scratch/spack_cpu/job_21700923/spack-stage/spack-stage-hdf5-1.10.7-xexa2gll6hf6okdatgrxiwhcjs2uepc7/spack-src/src/H5Fio.c line 161 in H5F_block_write(): write through page buffer failed
    major: Low-level I/O
    minor: Write failed
  #009: /scratch/spack_cpu/job_21700923/spack-stage/spack-stage-hdf5-1.10.7-xexa2gll6hf6okdatgrxiwhcjs2uepc7/spack-src/src/H5PB.c line 1032 in H5PB_write(): write through metadata accumulator failed
    major: Page Buffering
    minor: Write failed
  #010: /scratch/spack_cpu/job_21700923/spack-stage/spack-stage-hdf5-1.10.7-xexa2gll6hf6okdatgrxiwhcjs2uepc7/spack-src/src/H5Faccum.c line 824 in H5F__accum_write(): file write failed
    major: Low-level I/O
    minor: Write failed
  #011: /scratch/spack_cpu/job_21700923/spack-stage/spack-stage-hdf5-1.10.7-xexa2gll6hf6okdatgrxiwhcjs2uepc7/spack-src/src/H5FDint.c line 249 in H5FD_write(): driver write request failed
    major: Virtual File Layer
    minor: Write failed
  #012: /scratch/spack_cpu/job_21700923/spack-stage/spack-stage-hdf5-1.10.7-xexa2gll6hf6okdatgrxiwhcjs2uepc7/spack-src/src/H5FDsec2.c line 856 in H5FD__sec2_write(): file write failed: time = Wed Nov 19 10:44:23 2025
, filename = 'checkpoint.h5', file descriptor = 5, errno = 14, error message = 'Bad address', buf = 0x1555537c4000, total write size = 15969552, bytes this sub-write = 15969552, bytes actually written = 18446744073709551615, offset = 0
    major: Low-level I/O
    minor: Write failed
HDF5-DIAG: Error detected in HDF5 (1.10.7) thread 0:
  #000: /scratch/spack_cpu/job_21700923/spack-stage/spack-stage-hdf5-1.10.7-xexa2gll6hf6okdatgrxiwhcjs2uepc7/spack-src/src/H5Dio.c line 335 in H5Dwrite(): can't write data
    major: Dataset
    minor: Write failed
  #001: /scratch/spack_cpu/job_21700923/spack-stage/spack-stage-hdf5-1.10.7-xexa2gll6hf6okdatgrxiwhcjs2uepc7/spack-src/src/H5Dio.c line 813 in H5D__write(): can't write data
    major: Dataset
    minor: Write failed
  #002: /scratch/spack_cpu/job_21700923/spack-stage/spack-stage-hdf5-1.10.7-xexa2gll6hf6okdatgrxiwhcjs2uepc7/spack-src/src/H5Dcontig.c line 659 in H5D__contig_write(): contiguous write failed
    major: Dataset
    minor: Write failed
  #003: /scratch/spack_cpu/job_21700923/spack-stage/spack-stage-hdf5-1.10.7-xexa2gll6hf6okdatgrxiwhcjs2uepc7/spack-src/src/H5Dselect.c line 321 in H5D__select_write(): write error
    major: Dataspace
    minor: Write failed
  #004: /scratch/spack_cpu/job_21700923/spack-stage/spack-stage-hdf5-1.10.7-xexa2gll6hf6okdatgrxiwhcjs2uepc7/spack-src/src/H5Dselect.c line 230 in H5D__select_io(): write error
    major: Dataspace
    minor: Write failed
  #005: /scratch/spack_cpu/job_21700923/spack-stage/spack-stage-hdf5-1.10.7-xexa2gll6hf6okdatgrxiwhcjs2uepc7/spack-src/src/H5Dcontig.c line 1281 in H5D__contig_writevv(): can't perform vectorized sieve buffer write
    major: Dataset
    minor: Can't operate on object
  #006: /scratch/spack_cpu/job_21700923/spack-stage/spack-stage-hdf5-1.10.7-xexa2gll6hf6okdatgrxiwhcjs2uepc7/spack-src/src/H5VM.c line 1464 in H5VM_opvv(): can't perform operation
    major: Internal error (too specific to document in detail)
    minor: Can't operate on object
  #007: /scratch/spack_cpu/job_21700923/spack-stage/spack-stage-hdf5-1.10.7-xexa2gll6hf6okdatgrxiwhcjs2uepc7/spack-src/src/H5Dcontig.c line 1029 in H5D__contig_writevv_sieve_cb(): block write failed
    major: Dataset
    minor: Write failed
  #008: /scratch/spack_cpu/job_21700923/spack-stage/spack-stage-hdf5-1.10.7-xexa2gll6hf6okdatgrxiwhcjs2uepc7/spack-src/src/H5Fio.c line 161 in H5F_block_write(): write through page buffer failed
    major: Low-level I/O
    minor: Write failed
  #009: /scratch/spack_cpu/job_21700923/spack-stage/spack-stage-hdf5-1.10.7-xexa2gll6hf6okdatgrxiwhcjs2uepc7/spack-src/src/H5PB.c line 1032 in H5PB_write(): write through metadata accumulator failed
    major: Page Buffering
    minor: Write failed
  #010: /scratch/spack_cpu/job_21700923/spack-stage/spack-stage-hdf5-1.10.7-xexa2gll6hf6okdatgrxiwhcjs2uepc7/spack-src/src/H5Faccum.c line 824 in H5F__accum_write(): file write failed
    major: Low-level I/O
    minor: Write failed
  #011: /scratch/spack_cpu/job_21700923/spack-stage/spack-stage-hdf5-1.10.7-xexa2gll6hf6okdatgrxiwhcjs2uepc7/spack-src/src/H5FDint.c line 249 in H5FD_write(): driver write request failed
    major: Virtual File Layer
    minor: Write failed
  #012: /scratch/spack_cpu/job_21700923/spack-stage/spack-stage-hdf5-1.10.7-xexa2gll6hf6okdatgrxiwhcjs2uepc7/spack-src/src/H5FDsec2.c line 856 in H5FD__sec2_write(): file write failed: time = Wed Nov 19 10:46:24 2025
, filename = 'checkpoint.h5', file descriptor = 5, errno = 14, error message = 'Bad address', buf = 0x1555537c4000, total write size = 15969552, bytes this sub-write = 15969552, bytes actually written = 18446744073709551615, offset = 0
    major: Low-level I/O
    minor: Write failed
HDF5-DIAG: Error detected in HDF5 (1.10.7) thread 0:
  #000: /scratch/spack_cpu/job_21700923/spack-stage/spack-stage-hdf5-1.10.7-xexa2gll6hf6okdatgrxiwhcjs2uepc7/spack-src/src/H5Dio.c line 335 in H5Dwrite(): can't write data
    major: Dataset
    minor: Write failed
  #001: /scratch/spack_cpu/job_21700923/spack-stage/spack-stage-hdf5-1.10.7-xexa2gll6hf6okdatgrxiwhcjs2uepc7/spack-src/src/H5Dio.c line 813 in H5D__write(): can't write data
    major: Dataset
    minor: Write failed
  #002: /scratch/spack_cpu/job_21700923/spack-stage/spack-stage-hdf5-1.10.7-xexa2gll6hf6okdatgrxiwhcjs2uepc7/spack-src/src/H5Dcontig.c line 659 in H5D__contig_write(): contiguous write failed
    major: Dataset
    minor: Write failed
  #003: /scratch/spack_cpu/job_21700923/spack-stage/spack-stage-hdf5-1.10.7-xexa2gll6hf6okdatgrxiwhcjs2uepc7/spack-src/src/H5Dselect.c line 321 in H5D__select_write(): write error
    major: Dataspace
    minor: Write failed
  #004: /scratch/spack_cpu/job_21700923/spack-stage/spack-stage-hdf5-1.10.7-xexa2gll6hf6okdatgrxiwhcjs2uepc7/spack-src/src/H5Dselect.c line 230 in H5D__select_io(): write error
    major: Dataspace
    minor: Write failed
  #005: /scratch/spack_cpu/job_21700923/spack-stage/spack-stage-hdf5-1.10.7-xexa2gll6hf6okdatgrxiwhcjs2uepc7/spack-src/src/H5Dcontig.c line 1281 in H5D__contig_writevv(): can't perform vectorized sieve buffer write
    major: Dataset
    minor: Can't operate on object
  #006: /scratch/spack_cpu/job_21700923/spack-stage/spack-stage-hdf5-1.10.7-xexa2gll6hf6okdatgrxiwhcjs2uepc7/spack-src/src/H5VM.c line 1464 in H5VM_opvv(): can't perform operation
    major: Internal error (too specific to document in detail)
    minor: Can't operate on object
  #007: /scratch/spack_cpu/job_21700923/spack-stage/spack-stage-hdf5-1.10.7-xexa2gll6hf6okdatgrxiwhcjs2uepc7/spack-src/src/H5Dcontig.c line 1029 in H5D__contig_writevv_sieve_cb(): block write failed
    major: Dataset
    minor: Write failed
  #008: /scratch/spack_cpu/job_21700923/spack-stage/spack-stage-hdf5-1.10.7-xexa2gll6hf6okdatgrxiwhcjs2uepc7/spack-src/src/H5Fio.c line 161 in H5F_block_write(): write through page buffer failed
    major: Low-level I/O
    minor: Write failed
  #009: /scratch/spack_cpu/job_21700923/spack-stage/spack-stage-hdf5-1.10.7-xexa2gll6hf6okdatgrxiwhcjs2uepc7/spack-src/src/H5PB.c line 1032 in H5PB_write(): write through metadata accumulator failed
    major: Page Buffering
    minor: Write failed
  #010: /scratch/spack_cpu/job_21700923/spack-stage/spack-stage-hdf5-1.10.7-xexa2gll6hf6okdatgrxiwhcjs2uepc7/spack-src/src/H5Faccum.c line 824 in H5F__accum_write(): file write failed
    major: Low-level I/O
    minor: Write failed
  #011: /scratch/spack_cpu/job_21700923/spack-stage/spack-stage-hdf5-1.10.7-xexa2gll6hf6okdatgrxiwhcjs2uepc7/spack-src/src/H5FDint.c line 249 in H5FD_write(): driver write request failed
    major: Virtual File Layer
    minor: Write failed
  #012: /scratch/spack_cpu/job_21700923/spack-stage/spack-stage-hdf5-1.10.7-xexa2gll6hf6okdatgrxiwhcjs2uepc7/spack-src/src/H5FDsec2.c line 856 in H5FD__sec2_write(): file write failed: time = Wed Nov 19 10:48:26 2025
, filename = 'checkpoint.h5', file descriptor = 5, errno = 14, error message = 'Bad address', buf = 0x1555537c4000, total write size = 15969552, bytes this sub-write = 15969552, bytes actually written = 18446744073709551615, offset = 0
    major: Low-level I/O
    minor: Write failed
HDF5-DIAG: Error detected in HDF5 (1.10.7) thread 0:
  #000: /scratch/spack_cpu/job_21700923/spack-stage/spack-stage-hdf5-1.10.7-xexa2gll6hf6okdatgrxiwhcjs2uepc7/spack-src/src/H5Dio.c line 335 in H5Dwrite(): can't write data
    major: Dataset
    minor: Write failed
  #001: /scratch/spack_cpu/job_21700923/spack-stage/spack-stage-hdf5-1.10.7-xexa2gll6hf6okdatgrxiwhcjs2uepc7/spack-src/src/H5Dio.c line 813 in H5D__write(): can't write data
    major: Dataset
    minor: Write failed
  #002: /scratch/spack_cpu/job_21700923/spack-stage/spack-stage-hdf5-1.10.7-xexa2gll6hf6okdatgrxiwhcjs2uepc7/spack-src/src/H5Dcontig.c line 659 in H5D__contig_write(): contiguous write failed
    major: Dataset
    minor: Write failed
  #003: /scratch/spack_cpu/job_21700923/spack-stage/spack-stage-hdf5-1.10.7-xexa2gll6hf6okdatgrxiwhcjs2uepc7/spack-src/src/H5Dselect.c line 321 in H5D__select_write(): write error
    major: Dataspace
    minor: Write failed
  #004: /scratch/spack_cpu/job_21700923/spack-stage/spack-stage-hdf5-1.10.7-xexa2gll6hf6okdatgrxiwhcjs2uepc7/spack-src/src/H5Dselect.c line 230 in H5D__select_io(): write error
    major: Dataspace
    minor: Write failed
  #005: /scratch/spack_cpu/job_21700923/spack-stage/spack-stage-hdf5-1.10.7-xexa2gll6hf6okdatgrxiwhcjs2uepc7/spack-src/src/H5Dcontig.c line 1281 in H5D__contig_writevv(): can't perform vectorized sieve buffer write
    major: Dataset
    minor: Can't operate on object
  #006: /scratch/spack_cpu/job_21700923/spack-stage/spack-stage-hdf5-1.10.7-xexa2gll6hf6okdatgrxiwhcjs2uepc7/spack-src/src/H5VM.c line 1464 in H5VM_opvv(): can't perform operation
    major: Internal error (too specific to document in detail)
    minor: Can't operate on object
  #007: /scratch/spack_cpu/job_21700923/spack-stage/spack-stage-hdf5-1.10.7-xexa2gll6hf6okdatgrxiwhcjs2uepc7/spack-src/src/H5Dcontig.c line 1029 in H5D__contig_writevv_sieve_cb(): block write failed
    major: Dataset
    minor: Write failed
  #008: /scratch/spack_cpu/job_21700923/spack-stage/spack-stage-hdf5-1.10.7-xexa2gll6hf6okdatgrxiwhcjs2uepc7/spack-src/src/H5Fio.c line 161 in H5F_block_write(): write through page buffer failed
    major: Low-level I/O
    minor: Write failed
  #009: /scratch/spack_cpu/job_21700923/spack-stage/spack-stage-hdf5-1.10.7-xexa2gll6hf6okdatgrxiwhcjs2uepc7/spack-src/src/H5PB.c line 1032 in H5PB_write(): write through metadata accumulator failed
    major: Page Buffering
    minor: Write failed
  #010: /scratch/spack_cpu/job_21700923/spack-stage/spack-stage-hdf5-1.10.7-xexa2gll6hf6okdatgrxiwhcjs2uepc7/spack-src/src/H5Faccum.c line 824 in H5F__accum_write(): file write failed
    major: Low-level I/O
    minor: Write failed
  #011: /scratch/spack_cpu/job_21700923/spack-stage/spack-stage-hdf5-1.10.7-xexa2gll6hf6okdatgrxiwhcjs2uepc7/spack-src/src/H5FDint.c line 249 in H5FD_write(): driver write request failed
    major: Virtual File Layer
    minor: Write failed
  #012: /scratch/spack_cpu/job_21700923/spack-stage/spack-stage-hdf5-1.10.7-xexa2gll6hf6okdatgrxiwhcjs2uepc7/spack-src/src/H5FDsec2.c line 856 in H5FD__sec2_write(): file write failed: time = Wed Nov 19 10:50:28 2025
, filename = 'checkpoint.h5', file descriptor = 5, errno = 14, error message = 'Bad address', buf = 0x1555537c4000, total write size = 15969552, bytes this sub-write = 15969552, bytes actually written = 18446744073709551615, offset = 0
    major: Low-level I/O
    minor: Write failed
HDF5-DIAG: Error detected in HDF5 (1.10.7) thread 0:
  #000: /scratch/spack_cpu/job_21700923/spack-stage/spack-stage-hdf5-1.10.7-xexa2gll6hf6okdatgrxiwhcjs2uepc7/spack-src/src/H5Dio.c line 335 in H5Dwrite(): can't write data
    major: Dataset
    minor: Write failed
  #001: /scratch/spack_cpu/job_21700923/spack-stage/spack-stage-hdf5-1.10.7-xexa2gll6hf6okdatgrxiwhcjs2uepc7/spack-src/src/H5Dio.c line 813 in H5D__write(): can't write data
    major: Dataset
    minor: Write failed
  #002: /scratch/spack_cpu/job_21700923/spack-stage/spack-stage-hdf5-1.10.7-xexa2gll6hf6okdatgrxiwhcjs2uepc7/spack-src/src/H5Dcontig.c line 659 in H5D__contig_write(): contiguous write failed
    major: Dataset
    minor: Write failed
  #003: /scratch/spack_cpu/job_21700923/spack-stage/spack-stage-hdf5-1.10.7-xexa2gll6hf6okdatgrxiwhcjs2uepc7/spack-src/src/H5Dselect.c line 321 in H5D__select_write(): write error
    major: Dataspace
    minor: Write failed
  #004: /scratch/spack_cpu/job_21700923/spack-stage/spack-stage-hdf5-1.10.7-xexa2gll6hf6okdatgrxiwhcjs2uepc7/spack-src/src/H5Dselect.c line 230 in H5D__select_io(): write error
    major: Dataspace
    minor: Write failed
  #005: /scratch/spack_cpu/job_21700923/spack-stage/spack-stage-hdf5-1.10.7-xexa2gll6hf6okdatgrxiwhcjs2uepc7/spack-src/src/H5Dcontig.c line 1281 in H5D__contig_writevv(): can't perform vectorized sieve buffer write
    major: Dataset
    minor: Can't operate on object
  #006: /scratch/spack_cpu/job_21700923/spack-stage/spack-stage-hdf5-1.10.7-xexa2gll6hf6okdatgrxiwhcjs2uepc7/spack-src/src/H5VM.c line 1464 in H5VM_opvv(): can't perform operation
    major: Internal error (too specific to document in detail)
    minor: Can't operate on object
  #007: /scratch/spack_cpu/job_21700923/spack-stage/spack-stage-hdf5-1.10.7-xexa2gll6hf6okdatgrxiwhcjs2uepc7/spack-src/src/H5Dcontig.c line 1029 in H5D__contig_writevv_sieve_cb(): block write failed
    major: Dataset
    minor: Write failed
  #008: /scratch/spack_cpu/job_21700923/spack-stage/spack-stage-hdf5-1.10.7-xexa2gll6hf6okdatgrxiwhcjs2uepc7/spack-src/src/H5Fio.c line 161 in H5F_block_write(): write through page buffer failed
    major: Low-level I/O
    minor: Write failed
  #009: /scratch/spack_cpu/job_21700923/spack-stage/spack-stage-hdf5-1.10.7-xexa2gll6hf6okdatgrxiwhcjs2uepc7/spack-src/src/H5PB.c line 1032 in H5PB_write(): write through metadata accumulator failed
    major: Page Buffering
    minor: Write failed
  #010: /scratch/spack_cpu/job_21700923/spack-stage/spack-stage-hdf5-1.10.7-xexa2gll6hf6okdatgrxiwhcjs2uepc7/spack-src/src/H5Faccum.c line 824 in H5F__accum_write(): file write failed
    major: Low-level I/O
    minor: Write failed
  #011: /scratch/spack_cpu/job_21700923/spack-stage/spack-stage-hdf5-1.10.7-xexa2gll6hf6okdatgrxiwhcjs2uepc7/spack-src/src/H5FDint.c line 249 in H5FD_write(): driver write request failed
    major: Virtual File Layer
    minor: Write failed
  #012: /scratch/spack_cpu/job_21700923/spack-stage/spack-stage-hdf5-1.10.7-xexa2gll6hf6okdatgrxiwhcjs2uepc7/spack-src/src/H5FDsec2.c line 856 in H5FD__sec2_write(): file write failed: time = Wed Nov 19 10:52:30 2025
, filename = 'checkpoint.h5', file descriptor = 5, errno = 14, error message = 'Bad address', buf = 0x1555537c4000, total write size = 15969552, bytes this sub-write = 15969552, bytes actually written = 18446744073709551615, offset = 0
    major: Low-level I/O
    minor: Write failed
HDF5-DIAG: Error detected in HDF5 (1.10.7) thread 0:
  #000: /scratch/spack_cpu/job_21700923/spack-stage/spack-stage-hdf5-1.10.7-xexa2gll6hf6okdatgrxiwhcjs2uepc7/spack-src/src/H5Dio.c line 335 in H5Dwrite(): can't write data
    major: Dataset
    minor: Write failed
  #001: /scratch/spack_cpu/job_21700923/spack-stage/spack-stage-hdf5-1.10.7-xexa2gll6hf6okdatgrxiwhcjs2uepc7/spack-src/src/H5Dio.c line 813 in H5D__write(): can't write data
    major: Dataset
    minor: Write failed
  #002: /scratch/spack_cpu/job_21700923/spack-stage/spack-stage-hdf5-1.10.7-xexa2gll6hf6okdatgrxiwhcjs2uepc7/spack-src/src/H5Dcontig.c line 659 in H5D__contig_write(): contiguous write failed
    major: Dataset
    minor: Write failed
  #003: /scratch/spack_cpu/job_21700923/spack-stage/spack-stage-hdf5-1.10.7-xexa2gll6hf6okdatgrxiwhcjs2uepc7/spack-src/src/H5Dselect.c line 321 in H5D__select_write(): write error
    major: Dataspace
    minor: Write failed
  #004: /scratch/spack_cpu/job_21700923/spack-stage/spack-stage-hdf5-1.10.7-xexa2gll6hf6okdatgrxiwhcjs2uepc7/spack-src/src/H5Dselect.c line 230 in H5D__select_io(): write error
    major: Dataspace
    minor: Write failed
  #005: /scratch/spack_cpu/job_21700923/spack-stage/spack-stage-hdf5-1.10.7-xexa2gll6hf6okdatgrxiwhcjs2uepc7/spack-src/src/H5Dcontig.c line 1281 in H5D__contig_writevv(): can't perform vectorized sieve buffer write
    major: Dataset
    minor: Can't operate on object
  #006: /scratch/spack_cpu/job_21700923/spack-stage/spack-stage-hdf5-1.10.7-xexa2gll6hf6okdatgrxiwhcjs2uepc7/spack-src/src/H5VM.c line 1464 in H5VM_opvv(): can't perform operation
    major: Internal error (too specific to document in detail)
    minor: Can't operate on object
  #007: /scratch/spack_cpu/job_21700923/spack-stage/spack-stage-hdf5-1.10.7-xexa2gll6hf6okdatgrxiwhcjs2uepc7/spack-src/src/H5Dcontig.c line 1029 in H5D__contig_writevv_sieve_cb(): block write failed
    major: Dataset
    minor: Write failed
  #008: /scratch/spack_cpu/job_21700923/spack-stage/spack-stage-hdf5-1.10.7-xexa2gll6hf6okdatgrxiwhcjs2uepc7/spack-src/src/H5Fio.c line 161 in H5F_block_write(): write through page buffer failed
    major: Low-level I/O
    minor: Write failed
  #009: /scratch/spack_cpu/job_21700923/spack-stage/spack-stage-hdf5-1.10.7-xexa2gll6hf6okdatgrxiwhcjs2uepc7/spack-src/src/H5PB.c line 1032 in H5PB_write(): write through metadata accumulator failed
    major: Page Buffering
    minor: Write failed
  #010: /scratch/spack_cpu/job_21700923/spack-stage/spack-stage-hdf5-1.10.7-xexa2gll6hf6okdatgrxiwhcjs2uepc7/spack-src/src/H5Faccum.c line 824 in H5F__accum_write(): file write failed
    major: Low-level I/O
    minor: Write failed
  #011: /scratch/spack_cpu/job_21700923/spack-stage/spack-stage-hdf5-1.10.7-xexa2gll6hf6okdatgrxiwhcjs2uepc7/spack-src/src/H5FDint.c line 249 in H5FD_write(): driver write request failed
    major: Virtual File Layer
    minor: Write failed
  #012: /scratch/spack_cpu/job_21700923/spack-stage/spack-stage-hdf5-1.10.7-xexa2gll6hf6okdatgrxiwhcjs2uepc7/spack-src/src/H5FDsec2.c line 856 in H5FD__sec2_write(): file write failed: time = Wed Nov 19 10:54:30 2025
, filename = 'checkpoint.h5', file descriptor = 5, errno = 14, error message = 'Bad address', buf = 0x1555537c4000, total write size = 15969552, bytes this sub-write = 15969552, bytes actually written = 18446744073709551615, offset = 0
    major: Low-level I/O
    minor: Write failed
HDF5-DIAG: Error detected in HDF5 (1.10.7) thread 0:
  #000: /scratch/spack_cpu/job_21700923/spack-stage/spack-stage-hdf5-1.10.7-xexa2gll6hf6okdatgrxiwhcjs2uepc7/spack-src/src/H5Dio.c line 335 in H5Dwrite(): can't write data
    major: Dataset
    minor: Write failed
  #001: /scratch/spack_cpu/job_21700923/spack-stage/spack-stage-hdf5-1.10.7-xexa2gll6hf6okdatgrxiwhcjs2uepc7/spack-src/src/H5Dio.c line 813 in H5D__write(): can't write data
    major: Dataset
    minor: Write failed
  #002: /scratch/spack_cpu/job_21700923/spack-stage/spack-stage-hdf5-1.10.7-xexa2gll6hf6okdatgrxiwhcjs2uepc7/spack-src/src/H5Dcontig.c line 659 in H5D__contig_write(): contiguous write failed
    major: Dataset
    minor: Write failed
  #003: /scratch/spack_cpu/job_21700923/spack-stage/spack-stage-hdf5-1.10.7-xexa2gll6hf6okdatgrxiwhcjs2uepc7/spack-src/src/H5Dselect.c line 321 in H5D__select_write(): write error
    major: Dataspace
    minor: Write failed
  #004: /scratch/spack_cpu/job_21700923/spack-stage/spack-stage-hdf5-1.10.7-xexa2gll6hf6okdatgrxiwhcjs2uepc7/spack-src/src/H5Dselect.c line 230 in H5D__select_io(): write error
    major: Dataspace
    minor: Write failed
  #005: /scratch/spack_cpu/job_21700923/spack-stage/spack-stage-hdf5-1.10.7-xexa2gll6hf6okdatgrxiwhcjs2uepc7/spack-src/src/H5Dcontig.c line 1281 in H5D__contig_writevv(): can't perform vectorized sieve buffer write
    major: Dataset
    minor: Can't operate on object
  #006: /scratch/spack_cpu/job_21700923/spack-stage/spack-stage-hdf5-1.10.7-xexa2gll6hf6okdatgrxiwhcjs2uepc7/spack-src/src/H5VM.c line 1464 in H5VM_opvv(): can't perform operation
    major: Internal error (too specific to document in detail)
    minor: Can't operate on object
  #007: /scratch/spack_cpu/job_21700923/spack-stage/spack-stage-hdf5-1.10.7-xexa2gll6hf6okdatgrxiwhcjs2uepc7/spack-src/src/H5Dcontig.c line 1029 in H5D__contig_writevv_sieve_cb(): block write failed
    major: Dataset
    minor: Write failed
  #008: /scratch/spack_cpu/job_21700923/spack-stage/spack-stage-hdf5-1.10.7-xexa2gll6hf6okdatgrxiwhcjs2uepc7/spack-src/src/H5Fio.c line 161 in H5F_block_write(): write through page buffer failed
    major: Low-level I/O
    minor: Write failed
  #009: /scratch/spack_cpu/job_21700923/spack-stage/spack-stage-hdf5-1.10.7-xexa2gll6hf6okdatgrxiwhcjs2uepc7/spack-src/src/H5PB.c line 1032 in H5PB_write(): write through metadata accumulator failed
    major: Page Buffering
    minor: Write failed
  #010: /scratch/spack_cpu/job_21700923/spack-stage/spack-stage-hdf5-1.10.7-xexa2gll6hf6okdatgrxiwhcjs2uepc7/spack-src/src/H5Faccum.c line 824 in H5F__accum_write(): file write failed
    major: Low-level I/O
    minor: Write failed
  #011: /scratch/spack_cpu/job_21700923/spack-stage/spack-stage-hdf5-1.10.7-xexa2gll6hf6okdatgrxiwhcjs2uepc7/spack-src/src/H5FDint.c line 249 in H5FD_write(): driver write request failed
    major: Virtual File Layer
    minor: Write failed
  #012: /scratch/spack_cpu/job_21700923/spack-stage/spack-stage-hdf5-1.10.7-xexa2gll6hf6okdatgrxiwhcjs2uepc7/spack-src/src/H5FDsec2.c line 856 in H5FD__sec2_write(): file write failed: time = Wed Nov 19 10:56:36 2025
, filename = 'checkpoint.h5', file descriptor = 5, errno = 14, error message = 'Bad address', buf = 0x1555537c4000, total write size = 15969552, bytes this sub-write = 15969552, bytes actually written = 18446744073709551615, offset = 0
    major: Low-level I/O
    minor: Write failed
HDF5-DIAG: Error detected in HDF5 (1.10.7) thread 0:
  #000: /scratch/spack_cpu/job_21700923/spack-stage/spack-stage-hdf5-1.10.7-xexa2gll6hf6okdatgrxiwhcjs2uepc7/spack-src/src/H5Dio.c line 335 in H5Dwrite(): can't write data
    major: Dataset
    minor: Write failed
  #001: /scratch/spack_cpu/job_21700923/spack-stage/spack-stage-hdf5-1.10.7-xexa2gll6hf6okdatgrxiwhcjs2uepc7/spack-src/src/H5Dio.c line 813 in H5D__write(): can't write data
    major: Dataset
    minor: Write failed
  #002: /scratch/spack_cpu/job_21700923/spack-stage/spack-stage-hdf5-1.10.7-xexa2gll6hf6okdatgrxiwhcjs2uepc7/spack-src/src/H5Dcontig.c line 659 in H5D__contig_write(): contiguous write failed
    major: Dataset
    minor: Write failed
  #003: /scratch/spack_cpu/job_21700923/spack-stage/spack-stage-hdf5-1.10.7-xexa2gll6hf6okdatgrxiwhcjs2uepc7/spack-src/src/H5Dselect.c line 321 in H5D__select_write(): write error
    major: Dataspace
    minor: Write failed
  #004: /scratch/spack_cpu/job_21700923/spack-stage/spack-stage-hdf5-1.10.7-xexa2gll6hf6okdatgrxiwhcjs2uepc7/spack-src/src/H5Dselect.c line 230 in H5D__select_io(): write error
    major: Dataspace
    minor: Write failed
  #005: /scratch/spack_cpu/job_21700923/spack-stage/spack-stage-hdf5-1.10.7-xexa2gll6hf6okdatgrxiwhcjs2uepc7/spack-src/src/H5Dcontig.c line 1281 in H5D__contig_writevv(): can't perform vectorized sieve buffer write
    major: Dataset
    minor: Can't operate on object
  #006: /scratch/spack_cpu/job_21700923/spack-stage/spack-stage-hdf5-1.10.7-xexa2gll6hf6okdatgrxiwhcjs2uepc7/spack-src/src/H5VM.c line 1464 in H5VM_opvv(): can't perform operation
    major: Internal error (too specific to document in detail)
    minor: Can't operate on object
  #007: /scratch/spack_cpu/job_21700923/spack-stage/spack-stage-hdf5-1.10.7-xexa2gll6hf6okdatgrxiwhcjs2uepc7/spack-src/src/H5Dcontig.c line 1029 in H5D__contig_writevv_sieve_cb(): block write failed
    major: Dataset
    minor: Write failed
  #008: /scratch/spack_cpu/job_21700923/spack-stage/spack-stage-hdf5-1.10.7-xexa2gll6hf6okdatgrxiwhcjs2uepc7/spack-src/src/H5Fio.c line 161 in H5F_block_write(): write through page buffer failed
    major: Low-level I/O
    minor: Write failed
  #009: /scratch/spack_cpu/job_21700923/spack-stage/spack-stage-hdf5-1.10.7-xexa2gll6hf6okdatgrxiwhcjs2uepc7/spack-src/src/H5PB.c line 1032 in H5PB_write(): write through metadata accumulator failed
    major: Page Buffering
    minor: Write failed
  #010: /scratch/spack_cpu/job_21700923/spack-stage/spack-stage-hdf5-1.10.7-xexa2gll6hf6okdatgrxiwhcjs2uepc7/spack-src/src/H5Faccum.c line 824 in H5F__accum_write(): file write failed
    major: Low-level I/O
    minor: Write failed
  #011: /scratch/spack_cpu/job_21700923/spack-stage/spack-stage-hdf5-1.10.7-xexa2gll6hf6okdatgrxiwhcjs2uepc7/spack-src/src/H5FDint.c line 249 in H5FD_write(): driver write request failed
    major: Virtual File Layer
    minor: Write failed
  #012: /scratch/spack_cpu/job_21700923/spack-stage/spack-stage-hdf5-1.10.7-xexa2gll6hf6okdatgrxiwhcjs2uepc7/spack-src/src/H5FDsec2.c line 856 in H5FD__sec2_write(): file write failed: time = Wed Nov 19 10:58:36 2025
, filename = 'checkpoint.h5', file descriptor = 5, errno = 14, error message = 'Bad address', buf = 0x1555537c4000, total write size = 15969552, bytes this sub-write = 15969552, bytes actually written = 18446744073709551615, offset = 0
    major: Low-level I/O
    minor: Write failed
HDF5-DIAG: Error detected in HDF5 (1.10.7) thread 0:
  #000: /scratch/spack_cpu/job_21700923/spack-stage/spack-stage-hdf5-1.10.7-xexa2gll6hf6okdatgrxiwhcjs2uepc7/spack-src/src/H5Dio.c line 335 in H5Dwrite(): can't write data
    major: Dataset
    minor: Write failed
  #001: /scratch/spack_cpu/job_21700923/spack-stage/spack-stage-hdf5-1.10.7-xexa2gll6hf6okdatgrxiwhcjs2uepc7/spack-src/src/H5Dio.c line 813 in H5D__write(): can't write data
    major: Dataset
    minor: Write failed
  #002: /scratch/spack_cpu/job_21700923/spack-stage/spack-stage-hdf5-1.10.7-xexa2gll6hf6okdatgrxiwhcjs2uepc7/spack-src/src/H5Dcontig.c line 659 in H5D__contig_write(): contiguous write failed
    major: Dataset
    minor: Write failed
  #003: /scratch/spack_cpu/job_21700923/spack-stage/spack-stage-hdf5-1.10.7-xexa2gll6hf6okdatgrxiwhcjs2uepc7/spack-src/src/H5Dselect.c line 321 in H5D__select_write(): write error
    major: Dataspace
    minor: Write failed
  #004: /scratch/spack_cpu/job_21700923/spack-stage/spack-stage-hdf5-1.10.7-xexa2gll6hf6okdatgrxiwhcjs2uepc7/spack-src/src/H5Dselect.c line 230 in H5D__select_io(): write error
    major: Dataspace
    minor: Write failed
  #005: /scratch/spack_cpu/job_21700923/spack-stage/spack-stage-hdf5-1.10.7-xexa2gll6hf6okdatgrxiwhcjs2uepc7/spack-src/src/H5Dcontig.c line 1281 in H5D__contig_writevv(): can't perform vectorized sieve buffer write
    major: Dataset
    minor: Can't operate on object
  #006: /scratch/spack_cpu/job_21700923/spack-stage/spack-stage-hdf5-1.10.7-xexa2gll6hf6okdatgrxiwhcjs2uepc7/spack-src/src/H5VM.c line 1464 in H5VM_opvv(): can't perform operation
    major: Internal error (too specific to document in detail)
    minor: Can't operate on object
  #007: /scratch/spack_cpu/job_21700923/spack-stage/spack-stage-hdf5-1.10.7-xexa2gll6hf6okdatgrxiwhcjs2uepc7/spack-src/src/H5Dcontig.c line 1029 in H5D__contig_writevv_sieve_cb(): block write failed
    major: Dataset
    minor: Write failed
  #008: /scratch/spack_cpu/job_21700923/spack-stage/spack-stage-hdf5-1.10.7-xexa2gll6hf6okdatgrxiwhcjs2uepc7/spack-src/src/H5Fio.c line 161 in H5F_block_write(): write through page buffer failed
    major: Low-level I/O
    minor: Write failed
  #009: /scratch/spack_cpu/job_21700923/spack-stage/spack-stage-hdf5-1.10.7-xexa2gll6hf6okdatgrxiwhcjs2uepc7/spack-src/src/H5PB.c line 1032 in H5PB_write(): write through metadata accumulator failed
    major: Page Buffering
    minor: Write failed
  #010: /scratch/spack_cpu/job_21700923/spack-stage/spack-stage-hdf5-1.10.7-xexa2gll6hf6okdatgrxiwhcjs2uepc7/spack-src/src/H5Faccum.c line 824 in H5F__accum_write(): file write failed
    major: Low-level I/O
    minor: Write failed
  #011: /scratch/spack_cpu/job_21700923/spack-stage/spack-stage-hdf5-1.10.7-xexa2gll6hf6okdatgrxiwhcjs2uepc7/spack-src/src/H5FDint.c line 249 in H5FD_write(): driver write request failed
    major: Virtual File Layer
    minor: Write failed
  #012: /scratch/spack_cpu/job_21700923/spack-stage/spack-stage-hdf5-1.10.7-xexa2gll6hf6okdatgrxiwhcjs2uepc7/spack-src/src/H5FDsec2.c line 856 in H5FD__sec2_write(): file write failed: time = Wed Nov 19 11:00:36 2025
, filename = 'checkpoint.h5', file descriptor = 5, errno = 14, error message = 'Bad address', buf = 0x1555537c4000, total write size = 15969552, bytes this sub-write = 15969552, bytes actually written = 18446744073709551615, offset = 0
    major: Low-level I/O
    minor: Write failed
HDF5-DIAG: Error detected in HDF5 (1.10.7) thread 0:
  #000: /scratch/spack_cpu/job_21700923/spack-stage/spack-stage-hdf5-1.10.7-xexa2gll6hf6okdatgrxiwhcjs2uepc7/spack-src/src/H5Dio.c line 335 in H5Dwrite(): can't write data
    major: Dataset
    minor: Write failed
  #001: /scratch/spack_cpu/job_21700923/spack-stage/spack-stage-hdf5-1.10.7-xexa2gll6hf6okdatgrxiwhcjs2uepc7/spack-src/src/H5Dio.c line 813 in H5D__write(): can't write data
    major: Dataset
    minor: Write failed
  #002: /scratch/spack_cpu/job_21700923/spack-stage/spack-stage-hdf5-1.10.7-xexa2gll6hf6okdatgrxiwhcjs2uepc7/spack-src/src/H5Dcontig.c line 659 in H5D__contig_write(): contiguous write failed
    major: Dataset
    minor: Write failed
  #003: /scratch/spack_cpu/job_21700923/spack-stage/spack-stage-hdf5-1.10.7-xexa2gll6hf6okdatgrxiwhcjs2uepc7/spack-src/src/H5Dselect.c line 321 in H5D__select_write(): write error
    major: Dataspace
    minor: Write failed
  #004: /scratch/spack_cpu/job_21700923/spack-stage/spack-stage-hdf5-1.10.7-xexa2gll6hf6okdatgrxiwhcjs2uepc7/spack-src/src/H5Dselect.c line 230 in H5D__select_io(): write error
    major: Dataspace
    minor: Write failed
  #005: /scratch/spack_cpu/job_21700923/spack-stage/spack-stage-hdf5-1.10.7-xexa2gll6hf6okdatgrxiwhcjs2uepc7/spack-src/src/H5Dcontig.c line 1281 in H5D__contig_writevv(): can't perform vectorized sieve buffer write
    major: Dataset
    minor: Can't operate on object
  #006: /scratch/spack_cpu/job_21700923/spack-stage/spack-stage-hdf5-1.10.7-xexa2gll6hf6okdatgrxiwhcjs2uepc7/spack-src/src/H5VM.c line 1464 in H5VM_opvv(): can't perform operation
    major: Internal error (too specific to document in detail)
    minor: Can't operate on object
  #007: /scratch/spack_cpu/job_21700923/spack-stage/spack-stage-hdf5-1.10.7-xexa2gll6hf6okdatgrxiwhcjs2uepc7/spack-src/src/H5Dcontig.c line 1029 in H5D__contig_writevv_sieve_cb(): block write failed
    major: Dataset
    minor: Write failed
  #008: /scratch/spack_cpu/job_21700923/spack-stage/spack-stage-hdf5-1.10.7-xexa2gll6hf6okdatgrxiwhcjs2uepc7/spack-src/src/H5Fio.c line 161 in H5F_block_write(): write through page buffer failed
    major: Low-level I/O
    minor: Write failed
  #009: /scratch/spack_cpu/job_21700923/spack-stage/spack-stage-hdf5-1.10.7-xexa2gll6hf6okdatgrxiwhcjs2uepc7/spack-src/src/H5PB.c line 1032 in H5PB_write(): write through metadata accumulator failed
    major: Page Buffering
    minor: Write failed
  #010: /scratch/spack_cpu/job_21700923/spack-stage/spack-stage-hdf5-1.10.7-xexa2gll6hf6okdatgrxiwhcjs2uepc7/spack-src/src/H5Faccum.c line 824 in H5F__accum_write(): file write failed
    major: Low-level I/O
    minor: Write failed
  #011: /scratch/spack_cpu/job_21700923/spack-stage/spack-stage-hdf5-1.10.7-xexa2gll6hf6okdatgrxiwhcjs2uepc7/spack-src/src/H5FDint.c line 249 in H5FD_write(): driver write request failed
    major: Virtual File Layer
    minor: Write failed
  #012: /scratch/spack_cpu/job_21700923/spack-stage/spack-stage-hdf5-1.10.7-xexa2gll6hf6okdatgrxiwhcjs2uepc7/spack-src/src/H5FDsec2.c line 856 in H5FD__sec2_write(): file write failed: time = Wed Nov 19 11:02:36 2025
, filename = 'checkpoint.h5', file descriptor = 5, errno = 14, error message = 'Bad address', buf = 0x1555537c4000, total write size = 15969552, bytes this sub-write = 15969552, bytes actually written = 18446744073709551615, offset = 0
    major: Low-level I/O
    minor: Write failed
HDF5-DIAG: Error detected in HDF5 (1.10.7) thread 0:
  #000: /scratch/spack_cpu/job_21700923/spack-stage/spack-stage-hdf5-1.10.7-xexa2gll6hf6okdatgrxiwhcjs2uepc7/spack-src/src/H5Dio.c line 335 in H5Dwrite(): can't write data
    major: Dataset
    minor: Write failed
  #001: /scratch/spack_cpu/job_21700923/spack-stage/spack-stage-hdf5-1.10.7-xexa2gll6hf6okdatgrxiwhcjs2uepc7/spack-src/src/H5Dio.c line 813 in H5D__write(): can't write data
    major: Dataset
    minor: Write failed
  #002: /scratch/spack_cpu/job_21700923/spack-stage/spack-stage-hdf5-1.10.7-xexa2gll6hf6okdatgrxiwhcjs2uepc7/spack-src/src/H5Dcontig.c line 659 in H5D__contig_write(): contiguous write failed
    major: Dataset
    minor: Write failed
  #003: /scratch/spack_cpu/job_21700923/spack-stage/spack-stage-hdf5-1.10.7-xexa2gll6hf6okdatgrxiwhcjs2uepc7/spack-src/src/H5Dselect.c line 321 in H5D__select_write(): write error
    major: Dataspace
    minor: Write failed
  #004: /scratch/spack_cpu/job_21700923/spack-stage/spack-stage-hdf5-1.10.7-xexa2gll6hf6okdatgrxiwhcjs2uepc7/spack-src/src/H5Dselect.c line 230 in H5D__select_io(): write error
    major: Dataspace
    minor: Write failed
  #005: /scratch/spack_cpu/job_21700923/spack-stage/spack-stage-hdf5-1.10.7-xexa2gll6hf6okdatgrxiwhcjs2uepc7/spack-src/src/H5Dcontig.c line 1281 in H5D__contig_writevv(): can't perform vectorized sieve buffer write
    major: Dataset
    minor: Can't operate on object
  #006: /scratch/spack_cpu/job_21700923/spack-stage/spack-stage-hdf5-1.10.7-xexa2gll6hf6okdatgrxiwhcjs2uepc7/spack-src/src/H5VM.c line 1464 in H5VM_opvv(): can't perform operation
    major: Internal error (too specific to document in detail)
    minor: Can't operate on object
  #007: /scratch/spack_cpu/job_21700923/spack-stage/spack-stage-hdf5-1.10.7-xexa2gll6hf6okdatgrxiwhcjs2uepc7/spack-src/src/H5Dcontig.c line 1029 in H5D__contig_writevv_sieve_cb(): block write failed
    major: Dataset
    minor: Write failed
  #008: /scratch/spack_cpu/job_21700923/spack-stage/spack-stage-hdf5-1.10.7-xexa2gll6hf6okdatgrxiwhcjs2uepc7/spack-src/src/H5Fio.c line 161 in H5F_block_write(): write through page buffer failed
    major: Low-level I/O
    minor: Write failed
  #009: /scratch/spack_cpu/job_21700923/spack-stage/spack-stage-hdf5-1.10.7-xexa2gll6hf6okdatgrxiwhcjs2uepc7/spack-src/src/H5PB.c line 1032 in H5PB_write(): write through metadata accumulator failed
    major: Page Buffering
    minor: Write failed
  #010: /scratch/spack_cpu/job_21700923/spack-stage/spack-stage-hdf5-1.10.7-xexa2gll6hf6okdatgrxiwhcjs2uepc7/spack-src/src/H5Faccum.c line 824 in H5F__accum_write(): file write failed
    major: Low-level I/O
    minor: Write failed
  #011: /scratch/spack_cpu/job_21700923/spack-stage/spack-stage-hdf5-1.10.7-xexa2gll6hf6okdatgrxiwhcjs2uepc7/spack-src/src/H5FDint.c line 249 in H5FD_write(): driver write request failed
    major: Virtual File Layer
    minor: Write failed
  #012: /scratch/spack_cpu/job_21700923/spack-stage/spack-stage-hdf5-1.10.7-xexa2gll6hf6okdatgrxiwhcjs2uepc7/spack-src/src/H5FDsec2.c line 856 in H5FD__sec2_write(): file write failed: time = Wed Nov 19 11:04:35 2025
, filename = 'checkpoint.h5', file descriptor = 5, errno = 14, error message = 'Bad address', buf = 0x1555537c4000, total write size = 15969552, bytes this sub-write = 15969552, bytes actually written = 18446744073709551615, offset = 0
    major: Low-level I/O
    minor: Write failed
HDF5-DIAG: Error detected in HDF5 (1.10.7) thread 0:
  #000: /scratch/spack_cpu/job_21700923/spack-stage/spack-stage-hdf5-1.10.7-xexa2gll6hf6okdatgrxiwhcjs2uepc7/spack-src/src/H5Dio.c line 335 in H5Dwrite(): can't write data
    major: Dataset
    minor: Write failed
  #001: /scratch/spack_cpu/job_21700923/spack-stage/spack-stage-hdf5-1.10.7-xexa2gll6hf6okdatgrxiwhcjs2uepc7/spack-src/src/H5Dio.c line 813 in H5D__write(): can't write data
    major: Dataset
    minor: Write failed
  #002: /scratch/spack_cpu/job_21700923/spack-stage/spack-stage-hdf5-1.10.7-xexa2gll6hf6okdatgrxiwhcjs2uepc7/spack-src/src/H5Dcontig.c line 659 in H5D__contig_write(): contiguous write failed
    major: Dataset
    minor: Write failed
  #003: /scratch/spack_cpu/job_21700923/spack-stage/spack-stage-hdf5-1.10.7-xexa2gll6hf6okdatgrxiwhcjs2uepc7/spack-src/src/H5Dselect.c line 321 in H5D__select_write(): write error
    major: Dataspace
    minor: Write failed
  #004: /scratch/spack_cpu/job_21700923/spack-stage/spack-stage-hdf5-1.10.7-xexa2gll6hf6okdatgrxiwhcjs2uepc7/spack-src/src/H5Dselect.c line 230 in H5D__select_io(): write error
    major: Dataspace
    minor: Write failed
  #005: /scratch/spack_cpu/job_21700923/spack-stage/spack-stage-hdf5-1.10.7-xexa2gll6hf6okdatgrxiwhcjs2uepc7/spack-src/src/H5Dcontig.c line 1281 in H5D__contig_writevv(): can't perform vectorized sieve buffer write
    major: Dataset
    minor: Can't operate on object
  #006: /scratch/spack_cpu/job_21700923/spack-stage/spack-stage-hdf5-1.10.7-xexa2gll6hf6okdatgrxiwhcjs2uepc7/spack-src/src/H5VM.c line 1464 in H5VM_opvv(): can't perform operation
    major: Internal error (too specific to document in detail)
    minor: Can't operate on object
  #007: /scratch/spack_cpu/job_21700923/spack-stage/spack-stage-hdf5-1.10.7-xexa2gll6hf6okdatgrxiwhcjs2uepc7/spack-src/src/H5Dcontig.c line 1029 in H5D__contig_writevv_sieve_cb(): block write failed
    major: Dataset
    minor: Write failed
  #008: /scratch/spack_cpu/job_21700923/spack-stage/spack-stage-hdf5-1.10.7-xexa2gll6hf6okdatgrxiwhcjs2uepc7/spack-src/src/H5Fio.c line 161 in H5F_block_write(): write through page buffer failed
    major: Low-level I/O
    minor: Write failed
  #009: /scratch/spack_cpu/job_21700923/spack-stage/spack-stage-hdf5-1.10.7-xexa2gll6hf6okdatgrxiwhcjs2uepc7/spack-src/src/H5PB.c line 1032 in H5PB_write(): write through metadata accumulator failed
    major: Page Buffering
    minor: Write failed
  #010: /scratch/spack_cpu/job_21700923/spack-stage/spack-stage-hdf5-1.10.7-xexa2gll6hf6okdatgrxiwhcjs2uepc7/spack-src/src/H5Faccum.c line 824 in H5F__accum_write(): file write failed
    major: Low-level I/O
    minor: Write failed
  #011: /scratch/spack_cpu/job_21700923/spack-stage/spack-stage-hdf5-1.10.7-xexa2gll6hf6okdatgrxiwhcjs2uepc7/spack-src/src/H5FDint.c line 249 in H5FD_write(): driver write request failed
    major: Virtual File Layer
    minor: Write failed
  #012: /scratch/spack_cpu/job_21700923/spack-stage/spack-stage-hdf5-1.10.7-xexa2gll6hf6okdatgrxiwhcjs2uepc7/spack-src/src/H5FDsec2.c line 856 in H5FD__sec2_write(): file write failed: time = Wed Nov 19 11:06:36 2025
, filename = 'checkpoint.h5', file descriptor = 5, errno = 14, error message = 'Bad address', buf = 0x1555537c4000, total write size = 15969552, bytes this sub-write = 15969552, bytes actually written = 18446744073709551615, offset = 0
    major: Low-level I/O
    minor: Write failed
HDF5-DIAG: Error detected in HDF5 (1.10.7) thread 0:
  #000: /scratch/spack_cpu/job_21700923/spack-stage/spack-stage-hdf5-1.10.7-xexa2gll6hf6okdatgrxiwhcjs2uepc7/spack-src/src/H5Dio.c line 335 in H5Dwrite(): can't write data
    major: Dataset
    minor: Write failed
  #001: /scratch/spack_cpu/job_21700923/spack-stage/spack-stage-hdf5-1.10.7-xexa2gll6hf6okdatgrxiwhcjs2uepc7/spack-src/src/H5Dio.c line 813 in H5D__write(): can't write data
    major: Dataset
    minor: Write failed
  #002: /scratch/spack_cpu/job_21700923/spack-stage/spack-stage-hdf5-1.10.7-xexa2gll6hf6okdatgrxiwhcjs2uepc7/spack-src/src/H5Dcontig.c line 659 in H5D__contig_write(): contiguous write failed
    major: Dataset
    minor: Write failed
  #003: /scratch/spack_cpu/job_21700923/spack-stage/spack-stage-hdf5-1.10.7-xexa2gll6hf6okdatgrxiwhcjs2uepc7/spack-src/src/H5Dselect.c line 321 in H5D__select_write(): write error
    major: Dataspace
    minor: Write failed
  #004: /scratch/spack_cpu/job_21700923/spack-stage/spack-stage-hdf5-1.10.7-xexa2gll6hf6okdatgrxiwhcjs2uepc7/spack-src/src/H5Dselect.c line 230 in H5D__select_io(): write error
    major: Dataspace
    minor: Write failed
  #005: /scratch/spack_cpu/job_21700923/spack-stage/spack-stage-hdf5-1.10.7-xexa2gll6hf6okdatgrxiwhcjs2uepc7/spack-src/src/H5Dcontig.c line 1281 in H5D__contig_writevv(): can't perform vectorized sieve buffer write
    major: Dataset
    minor: Can't operate on object
  #006: /scratch/spack_cpu/job_21700923/spack-stage/spack-stage-hdf5-1.10.7-xexa2gll6hf6okdatgrxiwhcjs2uepc7/spack-src/src/H5VM.c line 1464 in H5VM_opvv(): can't perform operation
    major: Internal error (too specific to document in detail)
    minor: Can't operate on object
  #007: /scratch/spack_cpu/job_21700923/spack-stage/spack-stage-hdf5-1.10.7-xexa2gll6hf6okdatgrxiwhcjs2uepc7/spack-src/src/H5Dcontig.c line 1029 in H5D__contig_writevv_sieve_cb(): block write failed
    major: Dataset
    minor: Write failed
  #008: /scratch/spack_cpu/job_21700923/spack-stage/spack-stage-hdf5-1.10.7-xexa2gll6hf6okdatgrxiwhcjs2uepc7/spack-src/src/H5Fio.c line 161 in H5F_block_write(): write through page buffer failed
    major: Low-level I/O
    minor: Write failed
  #009: /scratch/spack_cpu/job_21700923/spack-stage/spack-stage-hdf5-1.10.7-xexa2gll6hf6okdatgrxiwhcjs2uepc7/spack-src/src/H5PB.c line 1032 in H5PB_write(): write through metadata accumulator failed
    major: Page Buffering
    minor: Write failed
  #010: /scratch/spack_cpu/job_21700923/spack-stage/spack-stage-hdf5-1.10.7-xexa2gll6hf6okdatgrxiwhcjs2uepc7/spack-src/src/H5Faccum.c line 824 in H5F__accum_write(): file write failed
    major: Low-level I/O
    minor: Write failed
  #011: /scratch/spack_cpu/job_21700923/spack-stage/spack-stage-hdf5-1.10.7-xexa2gll6hf6okdatgrxiwhcjs2uepc7/spack-src/src/H5FDint.c line 249 in H5FD_write(): driver write request failed
    major: Virtual File Layer
    minor: Write failed
  #012: /scratch/spack_cpu/job_21700923/spack-stage/spack-stage-hdf5-1.10.7-xexa2gll6hf6okdatgrxiwhcjs2uepc7/spack-src/src/H5FDsec2.c line 856 in H5FD__sec2_write(): file write failed: time = Wed Nov 19 11:08:38 2025
, filename = 'checkpoint.h5', file descriptor = 5, errno = 14, error message = 'Bad address', buf = 0x1555537c4000, total write size = 15969552, bytes this sub-write = 15969552, bytes actually written = 18446744073709551615, offset = 0
    major: Low-level I/O
    minor: Write failed
HDF5-DIAG: Error detected in HDF5 (1.10.7) thread 0:
  #000: /scratch/spack_cpu/job_21700923/spack-stage/spack-stage-hdf5-1.10.7-xexa2gll6hf6okdatgrxiwhcjs2uepc7/spack-src/src/H5Dio.c line 335 in H5Dwrite(): can't write data
    major: Dataset
    minor: Write failed
  #001: /scratch/spack_cpu/job_21700923/spack-stage/spack-stage-hdf5-1.10.7-xexa2gll6hf6okdatgrxiwhcjs2uepc7/spack-src/src/H5Dio.c line 813 in H5D__write(): can't write data
    major: Dataset
    minor: Write failed
  #002: /scratch/spack_cpu/job_21700923/spack-stage/spack-stage-hdf5-1.10.7-xexa2gll6hf6okdatgrxiwhcjs2uepc7/spack-src/src/H5Dcontig.c line 659 in H5D__contig_write(): contiguous write failed
    major: Dataset
    minor: Write failed
  #003: /scratch/spack_cpu/job_21700923/spack-stage/spack-stage-hdf5-1.10.7-xexa2gll6hf6okdatgrxiwhcjs2uepc7/spack-src/src/H5Dselect.c line 321 in H5D__select_write(): write error
    major: Dataspace
    minor: Write failed
  #004: /scratch/spack_cpu/job_21700923/spack-stage/spack-stage-hdf5-1.10.7-xexa2gll6hf6okdatgrxiwhcjs2uepc7/spack-src/src/H5Dselect.c line 230 in H5D__select_io(): write error
    major: Dataspace
    minor: Write failed
  #005: /scratch/spack_cpu/job_21700923/spack-stage/spack-stage-hdf5-1.10.7-xexa2gll6hf6okdatgrxiwhcjs2uepc7/spack-src/src/H5Dcontig.c line 1281 in H5D__contig_writevv(): can't perform vectorized sieve buffer write
    major: Dataset
    minor: Can't operate on object
  #006: /scratch/spack_cpu/job_21700923/spack-stage/spack-stage-hdf5-1.10.7-xexa2gll6hf6okdatgrxiwhcjs2uepc7/spack-src/src/H5VM.c line 1464 in H5VM_opvv(): can't perform operation
    major: Internal error (too specific to document in detail)
    minor: Can't operate on object
  #007: /scratch/spack_cpu/job_21700923/spack-stage/spack-stage-hdf5-1.10.7-xexa2gll6hf6okdatgrxiwhcjs2uepc7/spack-src/src/H5Dcontig.c line 1029 in H5D__contig_writevv_sieve_cb(): block write failed
    major: Dataset
    minor: Write failed
  #008: /scratch/spack_cpu/job_21700923/spack-stage/spack-stage-hdf5-1.10.7-xexa2gll6hf6okdatgrxiwhcjs2uepc7/spack-src/src/H5Fio.c line 161 in H5F_block_write(): write through page buffer failed
    major: Low-level I/O
    minor: Write failed
  #009: /scratch/spack_cpu/job_21700923/spack-stage/spack-stage-hdf5-1.10.7-xexa2gll6hf6okdatgrxiwhcjs2uepc7/spack-src/src/H5PB.c line 1032 in H5PB_write(): write through metadata accumulator failed
    major: Page Buffering
    minor: Write failed
  #010: /scratch/spack_cpu/job_21700923/spack-stage/spack-stage-hdf5-1.10.7-xexa2gll6hf6okdatgrxiwhcjs2uepc7/spack-src/src/H5Faccum.c line 824 in H5F__accum_write(): file write failed
    major: Low-level I/O
    minor: Write failed
  #011: /scratch/spack_cpu/job_21700923/spack-stage/spack-stage-hdf5-1.10.7-xexa2gll6hf6okdatgrxiwhcjs2uepc7/spack-src/src/H5FDint.c line 249 in H5FD_write(): driver write request failed
    major: Virtual File Layer
    minor: Write failed
  #012: /scratch/spack_cpu/job_21700923/spack-stage/spack-stage-hdf5-1.10.7-xexa2gll6hf6okdatgrxiwhcjs2uepc7/spack-src/src/H5FDsec2.c line 856 in H5FD__sec2_write(): file write failed: time = Wed Nov 19 11:10:37 2025
, filename = 'checkpoint.h5', file descriptor = 5, errno = 14, error message = 'Bad address', buf = 0x1555537c4000, total write size = 15969552, bytes this sub-write = 15969552, bytes actually written = 18446744073709551615, offset = 0
    major: Low-level I/O
    minor: Write failed
HDF5-DIAG: Error detected in HDF5 (1.10.7) thread 0:
  #000: /scratch/spack_cpu/job_21700923/spack-stage/spack-stage-hdf5-1.10.7-xexa2gll6hf6okdatgrxiwhcjs2uepc7/spack-src/src/H5Dio.c line 335 in H5Dwrite(): can't write data
    major: Dataset
    minor: Write failed
  #001: /scratch/spack_cpu/job_21700923/spack-stage/spack-stage-hdf5-1.10.7-xexa2gll6hf6okdatgrxiwhcjs2uepc7/spack-src/src/H5Dio.c line 813 in H5D__write(): can't write data
    major: Dataset
    minor: Write failed
  #002: /scratch/spack_cpu/job_21700923/spack-stage/spack-stage-hdf5-1.10.7-xexa2gll6hf6okdatgrxiwhcjs2uepc7/spack-src/src/H5Dcontig.c line 659 in H5D__contig_write(): contiguous write failed
    major: Dataset
    minor: Write failed
  #003: /scratch/spack_cpu/job_21700923/spack-stage/spack-stage-hdf5-1.10.7-xexa2gll6hf6okdatgrxiwhcjs2uepc7/spack-src/src/H5Dselect.c line 321 in H5D__select_write(): write error
    major: Dataspace
    minor: Write failed
  #004: /scratch/spack_cpu/job_21700923/spack-stage/spack-stage-hdf5-1.10.7-xexa2gll6hf6okdatgrxiwhcjs2uepc7/spack-src/src/H5Dselect.c line 230 in H5D__select_io(): write error
    major: Dataspace
    minor: Write failed
  #005: /scratch/spack_cpu/job_21700923/spack-stage/spack-stage-hdf5-1.10.7-xexa2gll6hf6okdatgrxiwhcjs2uepc7/spack-src/src/H5Dcontig.c line 1281 in H5D__contig_writevv(): can't perform vectorized sieve buffer write
    major: Dataset
    minor: Can't operate on object
  #006: /scratch/spack_cpu/job_21700923/spack-stage/spack-stage-hdf5-1.10.7-xexa2gll6hf6okdatgrxiwhcjs2uepc7/spack-src/src/H5VM.c line 1464 in H5VM_opvv(): can't perform operation
    major: Internal error (too specific to document in detail)
    minor: Can't operate on object
  #007: /scratch/spack_cpu/job_21700923/spack-stage/spack-stage-hdf5-1.10.7-xexa2gll6hf6okdatgrxiwhcjs2uepc7/spack-src/src/H5Dcontig.c line 1029 in H5D__contig_writevv_sieve_cb(): block write failed
    major: Dataset
    minor: Write failed
  #008: /scratch/spack_cpu/job_21700923/spack-stage/spack-stage-hdf5-1.10.7-xexa2gll6hf6okdatgrxiwhcjs2uepc7/spack-src/src/H5Fio.c line 161 in H5F_block_write(): write through page buffer failed
    major: Low-level I/O
    minor: Write failed
  #009: /scratch/spack_cpu/job_21700923/spack-stage/spack-stage-hdf5-1.10.7-xexa2gll6hf6okdatgrxiwhcjs2uepc7/spack-src/src/H5PB.c line 1032 in H5PB_write(): write through metadata accumulator failed
    major: Page Buffering
    minor: Write failed
  #010: /scratch/spack_cpu/job_21700923/spack-stage/spack-stage-hdf5-1.10.7-xexa2gll6hf6okdatgrxiwhcjs2uepc7/spack-src/src/H5Faccum.c line 824 in H5F__accum_write(): file write failed
    major: Low-level I/O
    minor: Write failed
  #011: /scratch/spack_cpu/job_21700923/spack-stage/spack-stage-hdf5-1.10.7-xexa2gll6hf6okdatgrxiwhcjs2uepc7/spack-src/src/H5FDint.c line 249 in H5FD_write(): driver write request failed
    major: Virtual File Layer
    minor: Write failed
  #012: /scratch/spack_cpu/job_21700923/spack-stage/spack-stage-hdf5-1.10.7-xexa2gll6hf6okdatgrxiwhcjs2uepc7/spack-src/src/H5FDsec2.c line 856 in H5FD__sec2_write(): file write failed: time = Wed Nov 19 11:12:35 2025
, filename = 'checkpoint.h5', file descriptor = 5, errno = 14, error message = 'Bad address', buf = 0x1555537c4000, total write size = 15969552, bytes this sub-write = 15969552, bytes actually written = 18446744073709551615, offset = 0
    major: Low-level I/O
    minor: Write failed
HDF5-DIAG: Error detected in HDF5 (1.10.7) thread 0:
  #000: /scratch/spack_cpu/job_21700923/spack-stage/spack-stage-hdf5-1.10.7-xexa2gll6hf6okdatgrxiwhcjs2uepc7/spack-src/src/H5Dio.c line 335 in H5Dwrite(): can't write data
    major: Dataset
    minor: Write failed
  #001: /scratch/spack_cpu/job_21700923/spack-stage/spack-stage-hdf5-1.10.7-xexa2gll6hf6okdatgrxiwhcjs2uepc7/spack-src/src/H5Dio.c line 813 in H5D__write(): can't write data
    major: Dataset
    minor: Write failed
  #002: /scratch/spack_cpu/job_21700923/spack-stage/spack-stage-hdf5-1.10.7-xexa2gll6hf6okdatgrxiwhcjs2uepc7/spack-src/src/H5Dcontig.c line 659 in H5D__contig_write(): contiguous write failed
    major: Dataset
    minor: Write failed
  #003: /scratch/spack_cpu/job_21700923/spack-stage/spack-stage-hdf5-1.10.7-xexa2gll6hf6okdatgrxiwhcjs2uepc7/spack-src/src/H5Dselect.c line 321 in H5D__select_write(): write error
    major: Dataspace
    minor: Write failed
  #004: /scratch/spack_cpu/job_21700923/spack-stage/spack-stage-hdf5-1.10.7-xexa2gll6hf6okdatgrxiwhcjs2uepc7/spack-src/src/H5Dselect.c line 230 in H5D__select_io(): write error
    major: Dataspace
    minor: Write failed
  #005: /scratch/spack_cpu/job_21700923/spack-stage/spack-stage-hdf5-1.10.7-xexa2gll6hf6okdatgrxiwhcjs2uepc7/spack-src/src/H5Dcontig.c line 1281 in H5D__contig_writevv(): can't perform vectorized sieve buffer write
    major: Dataset
    minor: Can't operate on object
  #006: /scratch/spack_cpu/job_21700923/spack-stage/spack-stage-hdf5-1.10.7-xexa2gll6hf6okdatgrxiwhcjs2uepc7/spack-src/src/H5VM.c line 1464 in H5VM_opvv(): can't perform operation
    major: Internal error (too specific to document in detail)
    minor: Can't operate on object
  #007: /scratch/spack_cpu/job_21700923/spack-stage/spack-stage-hdf5-1.10.7-xexa2gll6hf6okdatgrxiwhcjs2uepc7/spack-src/src/H5Dcontig.c line 1029 in H5D__contig_writevv_sieve_cb(): block write failed
    major: Dataset
    minor: Write failed
  #008: /scratch/spack_cpu/job_21700923/spack-stage/spack-stage-hdf5-1.10.7-xexa2gll6hf6okdatgrxiwhcjs2uepc7/spack-src/src/H5Fio.c line 161 in H5F_block_write(): write through page buffer failed
    major: Low-level I/O
    minor: Write failed
  #009: /scratch/spack_cpu/job_21700923/spack-stage/spack-stage-hdf5-1.10.7-xexa2gll6hf6okdatgrxiwhcjs2uepc7/spack-src/src/H5PB.c line 1032 in H5PB_write(): write through metadata accumulator failed
    major: Page Buffering
    minor: Write failed
  #010: /scratch/spack_cpu/job_21700923/spack-stage/spack-stage-hdf5-1.10.7-xexa2gll6hf6okdatgrxiwhcjs2uepc7/spack-src/src/H5Faccum.c line 824 in H5F__accum_write(): file write failed
    major: Low-level I/O
    minor: Write failed
  #011: /scratch/spack_cpu/job_21700923/spack-stage/spack-stage-hdf5-1.10.7-xexa2gll6hf6okdatgrxiwhcjs2uepc7/spack-src/src/H5FDint.c line 249 in H5FD_write(): driver write request failed
    major: Virtual File Layer
    minor: Write failed
  #012: /scratch/spack_cpu/job_21700923/spack-stage/spack-stage-hdf5-1.10.7-xexa2gll6hf6okdatgrxiwhcjs2uepc7/spack-src/src/H5FDsec2.c line 856 in H5FD__sec2_write(): file write failed: time = Wed Nov 19 11:14:34 2025
, filename = 'checkpoint.h5', file descriptor = 5, errno = 14, error message = 'Bad address', buf = 0x1555537c4000, total write size = 15969552, bytes this sub-write = 15969552, bytes actually written = 18446744073709551615, offset = 0
    major: Low-level I/O
    minor: Write failed
HDF5-DIAG: Error detected in HDF5 (1.10.7) thread 0:
  #000: /scratch/spack_cpu/job_21700923/spack-stage/spack-stage-hdf5-1.10.7-xexa2gll6hf6okdatgrxiwhcjs2uepc7/spack-src/src/H5Dio.c line 335 in H5Dwrite(): can't write data
    major: Dataset
    minor: Write failed
  #001: /scratch/spack_cpu/job_21700923/spack-stage/spack-stage-hdf5-1.10.7-xexa2gll6hf6okdatgrxiwhcjs2uepc7/spack-src/src/H5Dio.c line 813 in H5D__write(): can't write data
    major: Dataset
    minor: Write failed
  #002: /scratch/spack_cpu/job_21700923/spack-stage/spack-stage-hdf5-1.10.7-xexa2gll6hf6okdatgrxiwhcjs2uepc7/spack-src/src/H5Dcontig.c line 659 in H5D__contig_write(): contiguous write failed
    major: Dataset
    minor: Write failed
  #003: /scratch/spack_cpu/job_21700923/spack-stage/spack-stage-hdf5-1.10.7-xexa2gll6hf6okdatgrxiwhcjs2uepc7/spack-src/src/H5Dselect.c line 321 in H5D__select_write(): write error
    major: Dataspace
    minor: Write failed
  #004: /scratch/spack_cpu/job_21700923/spack-stage/spack-stage-hdf5-1.10.7-xexa2gll6hf6okdatgrxiwhcjs2uepc7/spack-src/src/H5Dselect.c line 230 in H5D__select_io(): write error
    major: Dataspace
    minor: Write failed
  #005: /scratch/spack_cpu/job_21700923/spack-stage/spack-stage-hdf5-1.10.7-xexa2gll6hf6okdatgrxiwhcjs2uepc7/spack-src/src/H5Dcontig.c line 1281 in H5D__contig_writevv(): can't perform vectorized sieve buffer write
    major: Dataset
    minor: Can't operate on object
  #006: /scratch/spack_cpu/job_21700923/spack-stage/spack-stage-hdf5-1.10.7-xexa2gll6hf6okdatgrxiwhcjs2uepc7/spack-src/src/H5VM.c line 1464 in H5VM_opvv(): can't perform operation
    major: Internal error (too specific to document in detail)
    minor: Can't operate on object
  #007: /scratch/spack_cpu/job_21700923/spack-stage/spack-stage-hdf5-1.10.7-xexa2gll6hf6okdatgrxiwhcjs2uepc7/spack-src/src/H5Dcontig.c line 1029 in H5D__contig_writevv_sieve_cb(): block write failed
    major: Dataset
    minor: Write failed
  #008: /scratch/spack_cpu/job_21700923/spack-stage/spack-stage-hdf5-1.10.7-xexa2gll6hf6okdatgrxiwhcjs2uepc7/spack-src/src/H5Fio.c line 161 in H5F_block_write(): write through page buffer failed
    major: Low-level I/O
    minor: Write failed
  #009: /scratch/spack_cpu/job_21700923/spack-stage/spack-stage-hdf5-1.10.7-xexa2gll6hf6okdatgrxiwhcjs2uepc7/spack-src/src/H5PB.c line 1032 in H5PB_write(): write through metadata accumulator failed
    major: Page Buffering
    minor: Write failed
  #010: /scratch/spack_cpu/job_21700923/spack-stage/spack-stage-hdf5-1.10.7-xexa2gll6hf6okdatgrxiwhcjs2uepc7/spack-src/src/H5Faccum.c line 824 in H5F__accum_write(): file write failed
    major: Low-level I/O
    minor: Write failed
  #011: /scratch/spack_cpu/job_21700923/spack-stage/spack-stage-hdf5-1.10.7-xexa2gll6hf6okdatgrxiwhcjs2uepc7/spack-src/src/H5FDint.c line 249 in H5FD_write(): driver write request failed
    major: Virtual File Layer
    minor: Write failed
  #012: /scratch/spack_cpu/job_21700923/spack-stage/spack-stage-hdf5-1.10.7-xexa2gll6hf6okdatgrxiwhcjs2uepc7/spack-src/src/H5FDsec2.c line 856 in H5FD__sec2_write(): file write failed: time = Wed Nov 19 11:16:35 2025
, filename = 'checkpoint.h5', file descriptor = 5, errno = 14, error message = 'Bad address', buf = 0x1555537c4000, total write size = 15969552, bytes this sub-write = 15969552, bytes actually written = 18446744073709551615, offset = 0
    major: Low-level I/O
    minor: Write failed
HDF5-DIAG: Error detected in HDF5 (1.10.7) thread 0:
  #000: /scratch/spack_cpu/job_21700923/spack-stage/spack-stage-hdf5-1.10.7-xexa2gll6hf6okdatgrxiwhcjs2uepc7/spack-src/src/H5Dio.c line 335 in H5Dwrite(): can't write data
    major: Dataset
    minor: Write failed
  #001: /scratch/spack_cpu/job_21700923/spack-stage/spack-stage-hdf5-1.10.7-xexa2gll6hf6okdatgrxiwhcjs2uepc7/spack-src/src/H5Dio.c line 813 in H5D__write(): can't write data
    major: Dataset
    minor: Write failed
  #002: /scratch/spack_cpu/job_21700923/spack-stage/spack-stage-hdf5-1.10.7-xexa2gll6hf6okdatgrxiwhcjs2uepc7/spack-src/src/H5Dcontig.c line 659 in H5D__contig_write(): contiguous write failed
    major: Dataset
    minor: Write failed
  #003: /scratch/spack_cpu/job_21700923/spack-stage/spack-stage-hdf5-1.10.7-xexa2gll6hf6okdatgrxiwhcjs2uepc7/spack-src/src/H5Dselect.c line 321 in H5D__select_write(): write error
    major: Dataspace
    minor: Write failed
  #004: /scratch/spack_cpu/job_21700923/spack-stage/spack-stage-hdf5-1.10.7-xexa2gll6hf6okdatgrxiwhcjs2uepc7/spack-src/src/H5Dselect.c line 230 in H5D__select_io(): write error
    major: Dataspace
    minor: Write failed
  #005: /scratch/spack_cpu/job_21700923/spack-stage/spack-stage-hdf5-1.10.7-xexa2gll6hf6okdatgrxiwhcjs2uepc7/spack-src/src/H5Dcontig.c line 1281 in H5D__contig_writevv(): can't perform vectorized sieve buffer write
    major: Dataset
    minor: Can't operate on object
  #006: /scratch/spack_cpu/job_21700923/spack-stage/spack-stage-hdf5-1.10.7-xexa2gll6hf6okdatgrxiwhcjs2uepc7/spack-src/src/H5VM.c line 1464 in H5VM_opvv(): can't perform operation
    major: Internal error (too specific to document in detail)
    minor: Can't operate on object
  #007: /scratch/spack_cpu/job_21700923/spack-stage/spack-stage-hdf5-1.10.7-xexa2gll6hf6okdatgrxiwhcjs2uepc7/spack-src/src/H5Dcontig.c line 1029 in H5D__contig_writevv_sieve_cb(): block write failed
    major: Dataset
    minor: Write failed
  #008: /scratch/spack_cpu/job_21700923/spack-stage/spack-stage-hdf5-1.10.7-xexa2gll6hf6okdatgrxiwhcjs2uepc7/spack-src/src/H5Fio.c line 161 in H5F_block_write(): write through page buffer failed
    major: Low-level I/O
    minor: Write failed
  #009: /scratch/spack_cpu/job_21700923/spack-stage/spack-stage-hdf5-1.10.7-xexa2gll6hf6okdatgrxiwhcjs2uepc7/spack-src/src/H5PB.c line 1032 in H5PB_write(): write through metadata accumulator failed
    major: Page Buffering
    minor: Write failed
  #010: /scratch/spack_cpu/job_21700923/spack-stage/spack-stage-hdf5-1.10.7-xexa2gll6hf6okdatgrxiwhcjs2uepc7/spack-src/src/H5Faccum.c line 824 in H5F__accum_write(): file write failed
    major: Low-level I/O
    minor: Write failed
  #011: /scratch/spack_cpu/job_21700923/spack-stage/spack-stage-hdf5-1.10.7-xexa2gll6hf6okdatgrxiwhcjs2uepc7/spack-src/src/H5FDint.c line 249 in H5FD_write(): driver write request failed
    major: Virtual File Layer
    minor: Write failed
  #012: /scratch/spack_cpu/job_21700923/spack-stage/spack-stage-hdf5-1.10.7-xexa2gll6hf6okdatgrxiwhcjs2uepc7/spack-src/src/H5FDsec2.c line 856 in H5FD__sec2_write(): file write failed: time = Wed Nov 19 11:18:41 2025
, filename = 'checkpoint.h5', file descriptor = 5, errno = 14, error message = 'Bad address', buf = 0x1555537c4000, total write size = 15969552, bytes this sub-write = 15969552, bytes actually written = 18446744073709551615, offset = 0
    major: Low-level I/O
    minor: Write failed
HDF5-DIAG: Error detected in HDF5 (1.10.7) thread 0:
  #000: /scratch/spack_cpu/job_21700923/spack-stage/spack-stage-hdf5-1.10.7-xexa2gll6hf6okdatgrxiwhcjs2uepc7/spack-src/src/H5Dio.c line 335 in H5Dwrite(): can't write data
    major: Dataset
    minor: Write failed
  #001: /scratch/spack_cpu/job_21700923/spack-stage/spack-stage-hdf5-1.10.7-xexa2gll6hf6okdatgrxiwhcjs2uepc7/spack-src/src/H5Dio.c line 813 in H5D__write(): can't write data
    major: Dataset
    minor: Write failed
  #002: /scratch/spack_cpu/job_21700923/spack-stage/spack-stage-hdf5-1.10.7-xexa2gll6hf6okdatgrxiwhcjs2uepc7/spack-src/src/H5Dcontig.c line 659 in H5D__contig_write(): contiguous write failed
    major: Dataset
    minor: Write failed
  #003: /scratch/spack_cpu/job_21700923/spack-stage/spack-stage-hdf5-1.10.7-xexa2gll6hf6okdatgrxiwhcjs2uepc7/spack-src/src/H5Dselect.c line 321 in H5D__select_write(): write error
    major: Dataspace
    minor: Write failed
  #004: /scratch/spack_cpu/job_21700923/spack-stage/spack-stage-hdf5-1.10.7-xexa2gll6hf6okdatgrxiwhcjs2uepc7/spack-src/src/H5Dselect.c line 230 in H5D__select_io(): write error
    major: Dataspace
    minor: Write failed
  #005: /scratch/spack_cpu/job_21700923/spack-stage/spack-stage-hdf5-1.10.7-xexa2gll6hf6okdatgrxiwhcjs2uepc7/spack-src/src/H5Dcontig.c line 1281 in H5D__contig_writevv(): can't perform vectorized sieve buffer write
    major: Dataset
    minor: Can't operate on object
  #006: /scratch/spack_cpu/job_21700923/spack-stage/spack-stage-hdf5-1.10.7-xexa2gll6hf6okdatgrxiwhcjs2uepc7/spack-src/src/H5VM.c line 1464 in H5VM_opvv(): can't perform operation
    major: Internal error (too specific to document in detail)
    minor: Can't operate on object
  #007: /scratch/spack_cpu/job_21700923/spack-stage/spack-stage-hdf5-1.10.7-xexa2gll6hf6okdatgrxiwhcjs2uepc7/spack-src/src/H5Dcontig.c line 1029 in H5D__contig_writevv_sieve_cb(): block write failed
    major: Dataset
    minor: Write failed
  #008: /scratch/spack_cpu/job_21700923/spack-stage/spack-stage-hdf5-1.10.7-xexa2gll6hf6okdatgrxiwhcjs2uepc7/spack-src/src/H5Fio.c line 161 in H5F_block_write(): write through page buffer failed
    major: Low-level I/O
    minor: Write failed
  #009: /scratch/spack_cpu/job_21700923/spack-stage/spack-stage-hdf5-1.10.7-xexa2gll6hf6okdatgrxiwhcjs2uepc7/spack-src/src/H5PB.c line 1032 in H5PB_write(): write through metadata accumulator failed
    major: Page Buffering
    minor: Write failed
  #010: /scratch/spack_cpu/job_21700923/spack-stage/spack-stage-hdf5-1.10.7-xexa2gll6hf6okdatgrxiwhcjs2uepc7/spack-src/src/H5Faccum.c line 824 in H5F__accum_write(): file write failed
    major: Low-level I/O
    minor: Write failed
  #011: /scratch/spack_cpu/job_21700923/spack-stage/spack-stage-hdf5-1.10.7-xexa2gll6hf6okdatgrxiwhcjs2uepc7/spack-src/src/H5FDint.c line 249 in H5FD_write(): driver write request failed
    major: Virtual File Layer
    minor: Write failed
  #012: /scratch/spack_cpu/job_21700923/spack-stage/spack-stage-hdf5-1.10.7-xexa2gll6hf6okdatgrxiwhcjs2uepc7/spack-src/src/H5FDsec2.c line 856 in H5FD__sec2_write(): file write failed: time = Wed Nov 19 11:20:42 2025
, filename = 'checkpoint.h5', file descriptor = 5, errno = 14, error message = 'Bad address', buf = 0x1555537c4000, total write size = 15969552, bytes this sub-write = 15969552, bytes actually written = 18446744073709551615, offset = 0
    major: Low-level I/O
    minor: Write failed
HDF5-DIAG: Error detected in HDF5 (1.10.7) thread 0:
  #000: /scratch/spack_cpu/job_21700923/spack-stage/spack-stage-hdf5-1.10.7-xexa2gll6hf6okdatgrxiwhcjs2uepc7/spack-src/src/H5Dio.c line 335 in H5Dwrite(): can't write data
    major: Dataset
    minor: Write failed
  #001: /scratch/spack_cpu/job_21700923/spack-stage/spack-stage-hdf5-1.10.7-xexa2gll6hf6okdatgrxiwhcjs2uepc7/spack-src/src/H5Dio.c line 813 in H5D__write(): can't write data
    major: Dataset
    minor: Write failed
  #002: /scratch/spack_cpu/job_21700923/spack-stage/spack-stage-hdf5-1.10.7-xexa2gll6hf6okdatgrxiwhcjs2uepc7/spack-src/src/H5Dcontig.c line 659 in H5D__contig_write(): contiguous write failed
    major: Dataset
    minor: Write failed
  #003: /scratch/spack_cpu/job_21700923/spack-stage/spack-stage-hdf5-1.10.7-xexa2gll6hf6okdatgrxiwhcjs2uepc7/spack-src/src/H5Dselect.c line 321 in H5D__select_write(): write error
    major: Dataspace
    minor: Write failed
  #004: /scratch/spack_cpu/job_21700923/spack-stage/spack-stage-hdf5-1.10.7-xexa2gll6hf6okdatgrxiwhcjs2uepc7/spack-src/src/H5Dselect.c line 230 in H5D__select_io(): write error
    major: Dataspace
    minor: Write failed
  #005: /scratch/spack_cpu/job_21700923/spack-stage/spack-stage-hdf5-1.10.7-xexa2gll6hf6okdatgrxiwhcjs2uepc7/spack-src/src/H5Dcontig.c line 1281 in H5D__contig_writevv(): can't perform vectorized sieve buffer write
    major: Dataset
    minor: Can't operate on object
  #006: /scratch/spack_cpu/job_21700923/spack-stage/spack-stage-hdf5-1.10.7-xexa2gll6hf6okdatgrxiwhcjs2uepc7/spack-src/src/H5VM.c line 1464 in H5VM_opvv(): can't perform operation
    major: Internal error (too specific to document in detail)
    minor: Can't operate on object
  #007: /scratch/spack_cpu/job_21700923/spack-stage/spack-stage-hdf5-1.10.7-xexa2gll6hf6okdatgrxiwhcjs2uepc7/spack-src/src/H5Dcontig.c line 1029 in H5D__contig_writevv_sieve_cb(): block write failed
    major: Dataset
    minor: Write failed
  #008: /scratch/spack_cpu/job_21700923/spack-stage/spack-stage-hdf5-1.10.7-xexa2gll6hf6okdatgrxiwhcjs2uepc7/spack-src/src/H5Fio.c line 161 in H5F_block_write(): write through page buffer failed
    major: Low-level I/O
    minor: Write failed
  #009: /scratch/spack_cpu/job_21700923/spack-stage/spack-stage-hdf5-1.10.7-xexa2gll6hf6okdatgrxiwhcjs2uepc7/spack-src/src/H5PB.c line 1032 in H5PB_write(): write through metadata accumulator failed
    major: Page Buffering
    minor: Write failed
  #010: /scratch/spack_cpu/job_21700923/spack-stage/spack-stage-hdf5-1.10.7-xexa2gll6hf6okdatgrxiwhcjs2uepc7/spack-src/src/H5Faccum.c line 824 in H5F__accum_write(): file write failed
    major: Low-level I/O
    minor: Write failed
  #011: /scratch/spack_cpu/job_21700923/spack-stage/spack-stage-hdf5-1.10.7-xexa2gll6hf6okdatgrxiwhcjs2uepc7/spack-src/src/H5FDint.c line 249 in H5FD_write(): driver write request failed
    major: Virtual File Layer
    minor: Write failed
  #012: /scratch/spack_cpu/job_21700923/spack-stage/spack-stage-hdf5-1.10.7-xexa2gll6hf6okdatgrxiwhcjs2uepc7/spack-src/src/H5FDsec2.c line 856 in H5FD__sec2_write(): file write failed: time = Wed Nov 19 11:22:41 2025
, filename = 'checkpoint.h5', file descriptor = 5, errno = 14, error message = 'Bad address', buf = 0x1555537c4000, total write size = 15969552, bytes this sub-write = 15969552, bytes actually written = 18446744073709551615, offset = 0
    major: Low-level I/O
    minor: Write failed
HDF5-DIAG: Error detected in HDF5 (1.10.7) thread 0:
  #000: /scratch/spack_cpu/job_21700923/spack-stage/spack-stage-hdf5-1.10.7-xexa2gll6hf6okdatgrxiwhcjs2uepc7/spack-src/src/H5Dio.c line 335 in H5Dwrite(): can't write data
    major: Dataset
    minor: Write failed
  #001: /scratch/spack_cpu/job_21700923/spack-stage/spack-stage-hdf5-1.10.7-xexa2gll6hf6okdatgrxiwhcjs2uepc7/spack-src/src/H5Dio.c line 813 in H5D__write(): can't write data
    major: Dataset
    minor: Write failed
  #002: /scratch/spack_cpu/job_21700923/spack-stage/spack-stage-hdf5-1.10.7-xexa2gll6hf6okdatgrxiwhcjs2uepc7/spack-src/src/H5Dcontig.c line 659 in H5D__contig_write(): contiguous write failed
    major: Dataset
    minor: Write failed
  #003: /scratch/spack_cpu/job_21700923/spack-stage/spack-stage-hdf5-1.10.7-xexa2gll6hf6okdatgrxiwhcjs2uepc7/spack-src/src/H5Dselect.c line 321 in H5D__select_write(): write error
    major: Dataspace
    minor: Write failed
  #004: /scratch/spack_cpu/job_21700923/spack-stage/spack-stage-hdf5-1.10.7-xexa2gll6hf6okdatgrxiwhcjs2uepc7/spack-src/src/H5Dselect.c line 230 in H5D__select_io(): write error
    major: Dataspace
    minor: Write failed
  #005: /scratch/spack_cpu/job_21700923/spack-stage/spack-stage-hdf5-1.10.7-xexa2gll6hf6okdatgrxiwhcjs2uepc7/spack-src/src/H5Dcontig.c line 1281 in H5D__contig_writevv(): can't perform vectorized sieve buffer write
    major: Dataset
    minor: Can't operate on object
  #006: /scratch/spack_cpu/job_21700923/spack-stage/spack-stage-hdf5-1.10.7-xexa2gll6hf6okdatgrxiwhcjs2uepc7/spack-src/src/H5VM.c line 1464 in H5VM_opvv(): can't perform operation
    major: Internal error (too specific to document in detail)
    minor: Can't operate on object
  #007: /scratch/spack_cpu/job_21700923/spack-stage/spack-stage-hdf5-1.10.7-xexa2gll6hf6okdatgrxiwhcjs2uepc7/spack-src/src/H5Dcontig.c line 1029 in H5D__contig_writevv_sieve_cb(): block write failed
    major: Dataset
    minor: Write failed
  #008: /scratch/spack_cpu/job_21700923/spack-stage/spack-stage-hdf5-1.10.7-xexa2gll6hf6okdatgrxiwhcjs2uepc7/spack-src/src/H5Fio.c line 161 in H5F_block_write(): write through page buffer failed
    major: Low-level I/O
    minor: Write failed
  #009: /scratch/spack_cpu/job_21700923/spack-stage/spack-stage-hdf5-1.10.7-xexa2gll6hf6okdatgrxiwhcjs2uepc7/spack-src/src/H5PB.c line 1032 in H5PB_write(): write through metadata accumulator failed
    major: Page Buffering
    minor: Write failed
  #010: /scratch/spack_cpu/job_21700923/spack-stage/spack-stage-hdf5-1.10.7-xexa2gll6hf6okdatgrxiwhcjs2uepc7/spack-src/src/H5Faccum.c line 824 in H5F__accum_write(): file write failed
    major: Low-level I/O
    minor: Write failed
  #011: /scratch/spack_cpu/job_21700923/spack-stage/spack-stage-hdf5-1.10.7-xexa2gll6hf6okdatgrxiwhcjs2uepc7/spack-src/src/H5FDint.c line 249 in H5FD_write(): driver write request failed
    major: Virtual File Layer
    minor: Write failed
  #012: /scratch/spack_cpu/job_21700923/spack-stage/spack-stage-hdf5-1.10.7-xexa2gll6hf6okdatgrxiwhcjs2uepc7/spack-src/src/H5FDsec2.c line 856 in H5FD__sec2_write(): file write failed: time = Wed Nov 19 11:24:42 2025
, filename = 'checkpoint.h5', file descriptor = 5, errno = 14, error message = 'Bad address', buf = 0x1555537c4000, total write size = 15969552, bytes this sub-write = 15969552, bytes actually written = 18446744073709551615, offset = 0
    major: Low-level I/O
    minor: Write failed
HDF5-DIAG: Error detected in HDF5 (1.10.7) thread 0:
  #000: /scratch/spack_cpu/job_21700923/spack-stage/spack-stage-hdf5-1.10.7-xexa2gll6hf6okdatgrxiwhcjs2uepc7/spack-src/src/H5Dio.c line 335 in H5Dwrite(): can't write data
    major: Dataset
    minor: Write failed
  #001: /scratch/spack_cpu/job_21700923/spack-stage/spack-stage-hdf5-1.10.7-xexa2gll6hf6okdatgrxiwhcjs2uepc7/spack-src/src/H5Dio.c line 813 in H5D__write(): can't write data
    major: Dataset
    minor: Write failed
  #002: /scratch/spack_cpu/job_21700923/spack-stage/spack-stage-hdf5-1.10.7-xexa2gll6hf6okdatgrxiwhcjs2uepc7/spack-src/src/H5Dcontig.c line 659 in H5D__contig_write(): contiguous write failed
    major: Dataset
    minor: Write failed
  #003: /scratch/spack_cpu/job_21700923/spack-stage/spack-stage-hdf5-1.10.7-xexa2gll6hf6okdatgrxiwhcjs2uepc7/spack-src/src/H5Dselect.c line 321 in H5D__select_write(): write error
    major: Dataspace
    minor: Write failed
  #004: /scratch/spack_cpu/job_21700923/spack-stage/spack-stage-hdf5-1.10.7-xexa2gll6hf6okdatgrxiwhcjs2uepc7/spack-src/src/H5Dselect.c line 230 in H5D__select_io(): write error
    major: Dataspace
    minor: Write failed
  #005: /scratch/spack_cpu/job_21700923/spack-stage/spack-stage-hdf5-1.10.7-xexa2gll6hf6okdatgrxiwhcjs2uepc7/spack-src/src/H5Dcontig.c line 1281 in H5D__contig_writevv(): can't perform vectorized sieve buffer write
    major: Dataset
    minor: Can't operate on object
  #006: /scratch/spack_cpu/job_21700923/spack-stage/spack-stage-hdf5-1.10.7-xexa2gll6hf6okdatgrxiwhcjs2uepc7/spack-src/src/H5VM.c line 1464 in H5VM_opvv(): can't perform operation
    major: Internal error (too specific to document in detail)
    minor: Can't operate on object
  #007: /scratch/spack_cpu/job_21700923/spack-stage/spack-stage-hdf5-1.10.7-xexa2gll6hf6okdatgrxiwhcjs2uepc7/spack-src/src/H5Dcontig.c line 1029 in H5D__contig_writevv_sieve_cb(): block write failed
    major: Dataset
    minor: Write failed
  #008: /scratch/spack_cpu/job_21700923/spack-stage/spack-stage-hdf5-1.10.7-xexa2gll6hf6okdatgrxiwhcjs2uepc7/spack-src/src/H5Fio.c line 161 in H5F_block_write(): write through page buffer failed
    major: Low-level I/O
    minor: Write failed
  #009: /scratch/spack_cpu/job_21700923/spack-stage/spack-stage-hdf5-1.10.7-xexa2gll6hf6okdatgrxiwhcjs2uepc7/spack-src/src/H5PB.c line 1032 in H5PB_write(): write through metadata accumulator failed
    major: Page Buffering
    minor: Write failed
  #010: /scratch/spack_cpu/job_21700923/spack-stage/spack-stage-hdf5-1.10.7-xexa2gll6hf6okdatgrxiwhcjs2uepc7/spack-src/src/H5Faccum.c line 824 in H5F__accum_write(): file write failed
    major: Low-level I/O
    minor: Write failed
  #011: /scratch/spack_cpu/job_21700923/spack-stage/spack-stage-hdf5-1.10.7-xexa2gll6hf6okdatgrxiwhcjs2uepc7/spack-src/src/H5FDint.c line 249 in H5FD_write(): driver write request failed
    major: Virtual File Layer
    minor: Write failed
  #012: /scratch/spack_cpu/job_21700923/spack-stage/spack-stage-hdf5-1.10.7-xexa2gll6hf6okdatgrxiwhcjs2uepc7/spack-src/src/H5FDsec2.c line 856 in H5FD__sec2_write(): file write failed: time = Wed Nov 19 11:26:46 2025
, filename = 'checkpoint.h5', file descriptor = 5, errno = 14, error message = 'Bad address', buf = 0x1555537c4000, total write size = 15969552, bytes this sub-write = 15969552, bytes actually written = 18446744073709551615, offset = 0
    major: Low-level I/O
    minor: Write failed
HDF5-DIAG: Error detected in HDF5 (1.10.7) thread 0:
  #000: /scratch/spack_cpu/job_21700923/spack-stage/spack-stage-hdf5-1.10.7-xexa2gll6hf6okdatgrxiwhcjs2uepc7/spack-src/src/H5Dio.c line 335 in H5Dwrite(): can't write data
    major: Dataset
    minor: Write failed
  #001: /scratch/spack_cpu/job_21700923/spack-stage/spack-stage-hdf5-1.10.7-xexa2gll6hf6okdatgrxiwhcjs2uepc7/spack-src/src/H5Dio.c line 813 in H5D__write(): can't write data
    major: Dataset
    minor: Write failed
  #002: /scratch/spack_cpu/job_21700923/spack-stage/spack-stage-hdf5-1.10.7-xexa2gll6hf6okdatgrxiwhcjs2uepc7/spack-src/src/H5Dcontig.c line 659 in H5D__contig_write(): contiguous write failed
    major: Dataset
    minor: Write failed
  #003: /scratch/spack_cpu/job_21700923/spack-stage/spack-stage-hdf5-1.10.7-xexa2gll6hf6okdatgrxiwhcjs2uepc7/spack-src/src/H5Dselect.c line 321 in H5D__select_write(): write error
    major: Dataspace
    minor: Write failed
  #004: /scratch/spack_cpu/job_21700923/spack-stage/spack-stage-hdf5-1.10.7-xexa2gll6hf6okdatgrxiwhcjs2uepc7/spack-src/src/H5Dselect.c line 230 in H5D__select_io(): write error
    major: Dataspace
    minor: Write failed
  #005: /scratch/spack_cpu/job_21700923/spack-stage/spack-stage-hdf5-1.10.7-xexa2gll6hf6okdatgrxiwhcjs2uepc7/spack-src/src/H5Dcontig.c line 1281 in H5D__contig_writevv(): can't perform vectorized sieve buffer write
    major: Dataset
    minor: Can't operate on object
  #006: /scratch/spack_cpu/job_21700923/spack-stage/spack-stage-hdf5-1.10.7-xexa2gll6hf6okdatgrxiwhcjs2uepc7/spack-src/src/H5VM.c line 1464 in H5VM_opvv(): can't perform operation
    major: Internal error (too specific to document in detail)
    minor: Can't operate on object
  #007: /scratch/spack_cpu/job_21700923/spack-stage/spack-stage-hdf5-1.10.7-xexa2gll6hf6okdatgrxiwhcjs2uepc7/spack-src/src/H5Dcontig.c line 1029 in H5D__contig_writevv_sieve_cb(): block write failed
    major: Dataset
    minor: Write failed
  #008: /scratch/spack_cpu/job_21700923/spack-stage/spack-stage-hdf5-1.10.7-xexa2gll6hf6okdatgrxiwhcjs2uepc7/spack-src/src/H5Fio.c line 161 in H5F_block_write(): write through page buffer failed
    major: Low-level I/O
    minor: Write failed
  #009: /scratch/spack_cpu/job_21700923/spack-stage/spack-stage-hdf5-1.10.7-xexa2gll6hf6okdatgrxiwhcjs2uepc7/spack-src/src/H5PB.c line 1032 in H5PB_write(): write through metadata accumulator failed
    major: Page Buffering
    minor: Write failed
  #010: /scratch/spack_cpu/job_21700923/spack-stage/spack-stage-hdf5-1.10.7-xexa2gll6hf6okdatgrxiwhcjs2uepc7/spack-src/src/H5Faccum.c line 824 in H5F__accum_write(): file write failed
    major: Low-level I/O
    minor: Write failed
  #011: /scratch/spack_cpu/job_21700923/spack-stage/spack-stage-hdf5-1.10.7-xexa2gll6hf6okdatgrxiwhcjs2uepc7/spack-src/src/H5FDint.c line 249 in H5FD_write(): driver write request failed
    major: Virtual File Layer
    minor: Write failed
  #012: /scratch/spack_cpu/job_21700923/spack-stage/spack-stage-hdf5-1.10.7-xexa2gll6hf6okdatgrxiwhcjs2uepc7/spack-src/src/H5FDsec2.c line 856 in H5FD__sec2_write(): file write failed: time = Wed Nov 19 11:28:44 2025
, filename = 'checkpoint.h5', file descriptor = 5, errno = 14, error message = 'Bad address', buf = 0x1555537c4000, total write size = 15969552, bytes this sub-write = 15969552, bytes actually written = 18446744073709551615, offset = 0
    major: Low-level I/O
    minor: Write failed
HDF5-DIAG: Error detected in HDF5 (1.10.7) thread 0:
  #000: /scratch/spack_cpu/job_21700923/spack-stage/spack-stage-hdf5-1.10.7-xexa2gll6hf6okdatgrxiwhcjs2uepc7/spack-src/src/H5Dio.c line 335 in H5Dwrite(): can't write data
    major: Dataset
    minor: Write failed
  #001: /scratch/spack_cpu/job_21700923/spack-stage/spack-stage-hdf5-1.10.7-xexa2gll6hf6okdatgrxiwhcjs2uepc7/spack-src/src/H5Dio.c line 813 in H5D__write(): can't write data
    major: Dataset
    minor: Write failed
  #002: /scratch/spack_cpu/job_21700923/spack-stage/spack-stage-hdf5-1.10.7-xexa2gll6hf6okdatgrxiwhcjs2uepc7/spack-src/src/H5Dcontig.c line 659 in H5D__contig_write(): contiguous write failed
    major: Dataset
    minor: Write failed
  #003: /scratch/spack_cpu/job_21700923/spack-stage/spack-stage-hdf5-1.10.7-xexa2gll6hf6okdatgrxiwhcjs2uepc7/spack-src/src/H5Dselect.c line 321 in H5D__select_write(): write error
    major: Dataspace
    minor: Write failed
  #004: /scratch/spack_cpu/job_21700923/spack-stage/spack-stage-hdf5-1.10.7-xexa2gll6hf6okdatgrxiwhcjs2uepc7/spack-src/src/H5Dselect.c line 230 in H5D__select_io(): write error
    major: Dataspace
    minor: Write failed
  #005: /scratch/spack_cpu/job_21700923/spack-stage/spack-stage-hdf5-1.10.7-xexa2gll6hf6okdatgrxiwhcjs2uepc7/spack-src/src/H5Dcontig.c line 1281 in H5D__contig_writevv(): can't perform vectorized sieve buffer write
    major: Dataset
    minor: Can't operate on object
  #006: /scratch/spack_cpu/job_21700923/spack-stage/spack-stage-hdf5-1.10.7-xexa2gll6hf6okdatgrxiwhcjs2uepc7/spack-src/src/H5VM.c line 1464 in H5VM_opvv(): can't perform operation
    major: Internal error (too specific to document in detail)
    minor: Can't operate on object
  #007: /scratch/spack_cpu/job_21700923/spack-stage/spack-stage-hdf5-1.10.7-xexa2gll6hf6okdatgrxiwhcjs2uepc7/spack-src/src/H5Dcontig.c line 1029 in H5D__contig_writevv_sieve_cb(): block write failed
    major: Dataset
    minor: Write failed
  #008: /scratch/spack_cpu/job_21700923/spack-stage/spack-stage-hdf5-1.10.7-xexa2gll6hf6okdatgrxiwhcjs2uepc7/spack-src/src/H5Fio.c line 161 in H5F_block_write(): write through page buffer failed
    major: Low-level I/O
    minor: Write failed
  #009: /scratch/spack_cpu/job_21700923/spack-stage/spack-stage-hdf5-1.10.7-xexa2gll6hf6okdatgrxiwhcjs2uepc7/spack-src/src/H5PB.c line 1032 in H5PB_write(): write through metadata accumulator failed
    major: Page Buffering
    minor: Write failed
  #010: /scratch/spack_cpu/job_21700923/spack-stage/spack-stage-hdf5-1.10.7-xexa2gll6hf6okdatgrxiwhcjs2uepc7/spack-src/src/H5Faccum.c line 824 in H5F__accum_write(): file write failed
    major: Low-level I/O
    minor: Write failed
  #011: /scratch/spack_cpu/job_21700923/spack-stage/spack-stage-hdf5-1.10.7-xexa2gll6hf6okdatgrxiwhcjs2uepc7/spack-src/src/H5FDint.c line 249 in H5FD_write(): driver write request failed
    major: Virtual File Layer
    minor: Write failed
  #012: /scratch/spack_cpu/job_21700923/spack-stage/spack-stage-hdf5-1.10.7-xexa2gll6hf6okdatgrxiwhcjs2uepc7/spack-src/src/H5FDsec2.c line 856 in H5FD__sec2_write(): file write failed: time = Wed Nov 19 11:30:42 2025
, filename = 'checkpoint.h5', file descriptor = 5, errno = 14, error message = 'Bad address', buf = 0x1555537c4000, total write size = 15969552, bytes this sub-write = 15969552, bytes actually written = 18446744073709551615, offset = 0
    major: Low-level I/O
    minor: Write failed
HDF5-DIAG: Error detected in HDF5 (1.10.7) thread 0:
  #000: /scratch/spack_cpu/job_21700923/spack-stage/spack-stage-hdf5-1.10.7-xexa2gll6hf6okdatgrxiwhcjs2uepc7/spack-src/src/H5Dio.c line 335 in H5Dwrite(): can't write data
    major: Dataset
    minor: Write failed
  #001: /scratch/spack_cpu/job_21700923/spack-stage/spack-stage-hdf5-1.10.7-xexa2gll6hf6okdatgrxiwhcjs2uepc7/spack-src/src/H5Dio.c line 813 in H5D__write(): can't write data
    major: Dataset
    minor: Write failed
  #002: /scratch/spack_cpu/job_21700923/spack-stage/spack-stage-hdf5-1.10.7-xexa2gll6hf6okdatgrxiwhcjs2uepc7/spack-src/src/H5Dcontig.c line 659 in H5D__contig_write(): contiguous write failed
    major: Dataset
    minor: Write failed
  #003: /scratch/spack_cpu/job_21700923/spack-stage/spack-stage-hdf5-1.10.7-xexa2gll6hf6okdatgrxiwhcjs2uepc7/spack-src/src/H5Dselect.c line 321 in H5D__select_write(): write error
    major: Dataspace
    minor: Write failed
  #004: /scratch/spack_cpu/job_21700923/spack-stage/spack-stage-hdf5-1.10.7-xexa2gll6hf6okdatgrxiwhcjs2uepc7/spack-src/src/H5Dselect.c line 230 in H5D__select_io(): write error
    major: Dataspace
    minor: Write failed
  #005: /scratch/spack_cpu/job_21700923/spack-stage/spack-stage-hdf5-1.10.7-xexa2gll6hf6okdatgrxiwhcjs2uepc7/spack-src/src/H5Dcontig.c line 1281 in H5D__contig_writevv(): can't perform vectorized sieve buffer write
    major: Dataset
    minor: Can't operate on object
  #006: /scratch/spack_cpu/job_21700923/spack-stage/spack-stage-hdf5-1.10.7-xexa2gll6hf6okdatgrxiwhcjs2uepc7/spack-src/src/H5VM.c line 1464 in H5VM_opvv(): can't perform operation
    major: Internal error (too specific to document in detail)
    minor: Can't operate on object
  #007: /scratch/spack_cpu/job_21700923/spack-stage/spack-stage-hdf5-1.10.7-xexa2gll6hf6okdatgrxiwhcjs2uepc7/spack-src/src/H5Dcontig.c line 1029 in H5D__contig_writevv_sieve_cb(): block write failed
    major: Dataset
    minor: Write failed
  #008: /scratch/spack_cpu/job_21700923/spack-stage/spack-stage-hdf5-1.10.7-xexa2gll6hf6okdatgrxiwhcjs2uepc7/spack-src/src/H5Fio.c line 161 in H5F_block_write(): write through page buffer failed
    major: Low-level I/O
    minor: Write failed
  #009: /scratch/spack_cpu/job_21700923/spack-stage/spack-stage-hdf5-1.10.7-xexa2gll6hf6okdatgrxiwhcjs2uepc7/spack-src/src/H5PB.c line 1032 in H5PB_write(): write through metadata accumulator failed
    major: Page Buffering
    minor: Write failed
  #010: /scratch/spack_cpu/job_21700923/spack-stage/spack-stage-hdf5-1.10.7-xexa2gll6hf6okdatgrxiwhcjs2uepc7/spack-src/src/H5Faccum.c line 824 in H5F__accum_write(): file write failed
    major: Low-level I/O
    minor: Write failed
  #011: /scratch/spack_cpu/job_21700923/spack-stage/spack-stage-hdf5-1.10.7-xexa2gll6hf6okdatgrxiwhcjs2uepc7/spack-src/src/H5FDint.c line 249 in H5FD_write(): driver write request failed
    major: Virtual File Layer
    minor: Write failed
  #012: /scratch/spack_cpu/job_21700923/spack-stage/spack-stage-hdf5-1.10.7-xexa2gll6hf6okdatgrxiwhcjs2uepc7/spack-src/src/H5FDsec2.c line 856 in H5FD__sec2_write(): file write failed: time = Wed Nov 19 11:32:48 2025
, filename = 'checkpoint.h5', file descriptor = 5, errno = 14, error message = 'Bad address', buf = 0x1555537c4000, total write size = 15969552, bytes this sub-write = 15969552, bytes actually written = 18446744073709551615, offset = 0
    major: Low-level I/O
    minor: Write failed
HDF5-DIAG: Error detected in HDF5 (1.10.7) thread 0:
  #000: /scratch/spack_cpu/job_21700923/spack-stage/spack-stage-hdf5-1.10.7-xexa2gll6hf6okdatgrxiwhcjs2uepc7/spack-src/src/H5Dio.c line 335 in H5Dwrite(): can't write data
    major: Dataset
    minor: Write failed
  #001: /scratch/spack_cpu/job_21700923/spack-stage/spack-stage-hdf5-1.10.7-xexa2gll6hf6okdatgrxiwhcjs2uepc7/spack-src/src/H5Dio.c line 813 in H5D__write(): can't write data
    major: Dataset
    minor: Write failed
  #002: /scratch/spack_cpu/job_21700923/spack-stage/spack-stage-hdf5-1.10.7-xexa2gll6hf6okdatgrxiwhcjs2uepc7/spack-src/src/H5Dcontig.c line 659 in H5D__contig_write(): contiguous write failed
    major: Dataset
    minor: Write failed
  #003: /scratch/spack_cpu/job_21700923/spack-stage/spack-stage-hdf5-1.10.7-xexa2gll6hf6okdatgrxiwhcjs2uepc7/spack-src/src/H5Dselect.c line 321 in H5D__select_write(): write error
    major: Dataspace
    minor: Write failed
  #004: /scratch/spack_cpu/job_21700923/spack-stage/spack-stage-hdf5-1.10.7-xexa2gll6hf6okdatgrxiwhcjs2uepc7/spack-src/src/H5Dselect.c line 230 in H5D__select_io(): write error
    major: Dataspace
    minor: Write failed
  #005: /scratch/spack_cpu/job_21700923/spack-stage/spack-stage-hdf5-1.10.7-xexa2gll6hf6okdatgrxiwhcjs2uepc7/spack-src/src/H5Dcontig.c line 1281 in H5D__contig_writevv(): can't perform vectorized sieve buffer write
    major: Dataset
    minor: Can't operate on object
  #006: /scratch/spack_cpu/job_21700923/spack-stage/spack-stage-hdf5-1.10.7-xexa2gll6hf6okdatgrxiwhcjs2uepc7/spack-src/src/H5VM.c line 1464 in H5VM_opvv(): can't perform operation
    major: Internal error (too specific to document in detail)
    minor: Can't operate on object
  #007: /scratch/spack_cpu/job_21700923/spack-stage/spack-stage-hdf5-1.10.7-xexa2gll6hf6okdatgrxiwhcjs2uepc7/spack-src/src/H5Dcontig.c line 1029 in H5D__contig_writevv_sieve_cb(): block write failed
    major: Dataset
    minor: Write failed
  #008: /scratch/spack_cpu/job_21700923/spack-stage/spack-stage-hdf5-1.10.7-xexa2gll6hf6okdatgrxiwhcjs2uepc7/spack-src/src/H5Fio.c line 161 in H5F_block_write(): write through page buffer failed
    major: Low-level I/O
    minor: Write failed
  #009: /scratch/spack_cpu/job_21700923/spack-stage/spack-stage-hdf5-1.10.7-xexa2gll6hf6okdatgrxiwhcjs2uepc7/spack-src/src/H5PB.c line 1032 in H5PB_write(): write through metadata accumulator failed
    major: Page Buffering
    minor: Write failed
  #010: /scratch/spack_cpu/job_21700923/spack-stage/spack-stage-hdf5-1.10.7-xexa2gll6hf6okdatgrxiwhcjs2uepc7/spack-src/src/H5Faccum.c line 824 in H5F__accum_write(): file write failed
    major: Low-level I/O
    minor: Write failed
  #011: /scratch/spack_cpu/job_21700923/spack-stage/spack-stage-hdf5-1.10.7-xexa2gll6hf6okdatgrxiwhcjs2uepc7/spack-src/src/H5FDint.c line 249 in H5FD_write(): driver write request failed
    major: Virtual File Layer
    minor: Write failed
  #012: /scratch/spack_cpu/job_21700923/spack-stage/spack-stage-hdf5-1.10.7-xexa2gll6hf6okdatgrxiwhcjs2uepc7/spack-src/src/H5FDsec2.c line 856 in H5FD__sec2_write(): file write failed: time = Wed Nov 19 11:34:45 2025
, filename = 'checkpoint.h5', file descriptor = 5, errno = 14, error message = 'Bad address', buf = 0x1555537c4000, total write size = 15969552, bytes this sub-write = 15969552, bytes actually written = 18446744073709551615, offset = 0
    major: Low-level I/O
    minor: Write failed
HDF5-DIAG: Error detected in HDF5 (1.10.7) thread 0:
  #000: /scratch/spack_cpu/job_21700923/spack-stage/spack-stage-hdf5-1.10.7-xexa2gll6hf6okdatgrxiwhcjs2uepc7/spack-src/src/H5Dio.c line 335 in H5Dwrite(): can't write data
    major: Dataset
    minor: Write failed
  #001: /scratch/spack_cpu/job_21700923/spack-stage/spack-stage-hdf5-1.10.7-xexa2gll6hf6okdatgrxiwhcjs2uepc7/spack-src/src/H5Dio.c line 813 in H5D__write(): can't write data
    major: Dataset
    minor: Write failed
  #002: /scratch/spack_cpu/job_21700923/spack-stage/spack-stage-hdf5-1.10.7-xexa2gll6hf6okdatgrxiwhcjs2uepc7/spack-src/src/H5Dcontig.c line 659 in H5D__contig_write(): contiguous write failed
    major: Dataset
    minor: Write failed
  #003: /scratch/spack_cpu/job_21700923/spack-stage/spack-stage-hdf5-1.10.7-xexa2gll6hf6okdatgrxiwhcjs2uepc7/spack-src/src/H5Dselect.c line 321 in H5D__select_write(): write error
    major: Dataspace
    minor: Write failed
  #004: /scratch/spack_cpu/job_21700923/spack-stage/spack-stage-hdf5-1.10.7-xexa2gll6hf6okdatgrxiwhcjs2uepc7/spack-src/src/H5Dselect.c line 230 in H5D__select_io(): write error
    major: Dataspace
    minor: Write failed
  #005: /scratch/spack_cpu/job_21700923/spack-stage/spack-stage-hdf5-1.10.7-xexa2gll6hf6okdatgrxiwhcjs2uepc7/spack-src/src/H5Dcontig.c line 1281 in H5D__contig_writevv(): can't perform vectorized sieve buffer write
    major: Dataset
    minor: Can't operate on object
  #006: /scratch/spack_cpu/job_21700923/spack-stage/spack-stage-hdf5-1.10.7-xexa2gll6hf6okdatgrxiwhcjs2uepc7/spack-src/src/H5VM.c line 1464 in H5VM_opvv(): can't perform operation
    major: Internal error (too specific to document in detail)
    minor: Can't operate on object
  #007: /scratch/spack_cpu/job_21700923/spack-stage/spack-stage-hdf5-1.10.7-xexa2gll6hf6okdatgrxiwhcjs2uepc7/spack-src/src/H5Dcontig.c line 1029 in H5D__contig_writevv_sieve_cb(): block write failed
    major: Dataset
    minor: Write failed
  #008: /scratch/spack_cpu/job_21700923/spack-stage/spack-stage-hdf5-1.10.7-xexa2gll6hf6okdatgrxiwhcjs2uepc7/spack-src/src/H5Fio.c line 161 in H5F_block_write(): write through page buffer failed
    major: Low-level I/O
    minor: Write failed
  #009: /scratch/spack_cpu/job_21700923/spack-stage/spack-stage-hdf5-1.10.7-xexa2gll6hf6okdatgrxiwhcjs2uepc7/spack-src/src/H5PB.c line 1032 in H5PB_write(): write through metadata accumulator failed
    major: Page Buffering
    minor: Write failed
  #010: /scratch/spack_cpu/job_21700923/spack-stage/spack-stage-hdf5-1.10.7-xexa2gll6hf6okdatgrxiwhcjs2uepc7/spack-src/src/H5Faccum.c line 824 in H5F__accum_write(): file write failed
    major: Low-level I/O
    minor: Write failed
  #011: /scratch/spack_cpu/job_21700923/spack-stage/spack-stage-hdf5-1.10.7-xexa2gll6hf6okdatgrxiwhcjs2uepc7/spack-src/src/H5FDint.c line 249 in H5FD_write(): driver write request failed
    major: Virtual File Layer
    minor: Write failed
  #012: /scratch/spack_cpu/job_21700923/spack-stage/spack-stage-hdf5-1.10.7-xexa2gll6hf6okdatgrxiwhcjs2uepc7/spack-src/src/H5FDsec2.c line 856 in H5FD__sec2_write(): file write failed: time = Wed Nov 19 11:36:44 2025
, filename = 'checkpoint.h5', file descriptor = 5, errno = 14, error message = 'Bad address', buf = 0x1555537c4000, total write size = 15969552, bytes this sub-write = 15969552, bytes actually written = 18446744073709551615, offset = 0
    major: Low-level I/O
    minor: Write failed
HDF5-DIAG: Error detected in HDF5 (1.10.7) thread 0:
  #000: /scratch/spack_cpu/job_21700923/spack-stage/spack-stage-hdf5-1.10.7-xexa2gll6hf6okdatgrxiwhcjs2uepc7/spack-src/src/H5Dio.c line 335 in H5Dwrite(): can't write data
    major: Dataset
    minor: Write failed
  #001: /scratch/spack_cpu/job_21700923/spack-stage/spack-stage-hdf5-1.10.7-xexa2gll6hf6okdatgrxiwhcjs2uepc7/spack-src/src/H5Dio.c line 813 in H5D__write(): can't write data
    major: Dataset
    minor: Write failed
  #002: /scratch/spack_cpu/job_21700923/spack-stage/spack-stage-hdf5-1.10.7-xexa2gll6hf6okdatgrxiwhcjs2uepc7/spack-src/src/H5Dcontig.c line 659 in H5D__contig_write(): contiguous write failed
    major: Dataset
    minor: Write failed
  #003: /scratch/spack_cpu/job_21700923/spack-stage/spack-stage-hdf5-1.10.7-xexa2gll6hf6okdatgrxiwhcjs2uepc7/spack-src/src/H5Dselect.c line 321 in H5D__select_write(): write error
    major: Dataspace
    minor: Write failed
  #004: /scratch/spack_cpu/job_21700923/spack-stage/spack-stage-hdf5-1.10.7-xexa2gll6hf6okdatgrxiwhcjs2uepc7/spack-src/src/H5Dselect.c line 230 in H5D__select_io(): write error
    major: Dataspace
    minor: Write failed
  #005: /scratch/spack_cpu/job_21700923/spack-stage/spack-stage-hdf5-1.10.7-xexa2gll6hf6okdatgrxiwhcjs2uepc7/spack-src/src/H5Dcontig.c line 1281 in H5D__contig_writevv(): can't perform vectorized sieve buffer write
    major: Dataset
    minor: Can't operate on object
  #006: /scratch/spack_cpu/job_21700923/spack-stage/spack-stage-hdf5-1.10.7-xexa2gll6hf6okdatgrxiwhcjs2uepc7/spack-src/src/H5VM.c line 1464 in H5VM_opvv(): can't perform operation
    major: Internal error (too specific to document in detail)
    minor: Can't operate on object
  #007: /scratch/spack_cpu/job_21700923/spack-stage/spack-stage-hdf5-1.10.7-xexa2gll6hf6okdatgrxiwhcjs2uepc7/spack-src/src/H5Dcontig.c line 1029 in H5D__contig_writevv_sieve_cb(): block write failed
    major: Dataset
    minor: Write failed
  #008: /scratch/spack_cpu/job_21700923/spack-stage/spack-stage-hdf5-1.10.7-xexa2gll6hf6okdatgrxiwhcjs2uepc7/spack-src/src/H5Fio.c line 161 in H5F_block_write(): write through page buffer failed
    major: Low-level I/O
    minor: Write failed
  #009: /scratch/spack_cpu/job_21700923/spack-stage/spack-stage-hdf5-1.10.7-xexa2gll6hf6okdatgrxiwhcjs2uepc7/spack-src/src/H5PB.c line 1032 in H5PB_write(): write through metadata accumulator failed
    major: Page Buffering
    minor: Write failed
  #010: /scratch/spack_cpu/job_21700923/spack-stage/spack-stage-hdf5-1.10.7-xexa2gll6hf6okdatgrxiwhcjs2uepc7/spack-src/src/H5Faccum.c line 824 in H5F__accum_write(): file write failed
    major: Low-level I/O
    minor: Write failed
  #011: /scratch/spack_cpu/job_21700923/spack-stage/spack-stage-hdf5-1.10.7-xexa2gll6hf6okdatgrxiwhcjs2uepc7/spack-src/src/H5FDint.c line 249 in H5FD_write(): driver write request failed
    major: Virtual File Layer
    minor: Write failed
  #012: /scratch/spack_cpu/job_21700923/spack-stage/spack-stage-hdf5-1.10.7-xexa2gll6hf6okdatgrxiwhcjs2uepc7/spack-src/src/H5FDsec2.c line 856 in H5FD__sec2_write(): file write failed: time = Wed Nov 19 11:38:42 2025
, filename = 'checkpoint.h5', file descriptor = 5, errno = 14, error message = 'Bad address', buf = 0x1555537c4000, total write size = 15969552, bytes this sub-write = 15969552, bytes actually written = 18446744073709551615, offset = 0
    major: Low-level I/O
    minor: Write failed
HDF5-DIAG: Error detected in HDF5 (1.10.7) thread 0:
  #000: /scratch/spack_cpu/job_21700923/spack-stage/spack-stage-hdf5-1.10.7-xexa2gll6hf6okdatgrxiwhcjs2uepc7/spack-src/src/H5Dio.c line 335 in H5Dwrite(): can't write data
    major: Dataset
    minor: Write failed
  #001: /scratch/spack_cpu/job_21700923/spack-stage/spack-stage-hdf5-1.10.7-xexa2gll6hf6okdatgrxiwhcjs2uepc7/spack-src/src/H5Dio.c line 813 in H5D__write(): can't write data
    major: Dataset
    minor: Write failed
  #002: /scratch/spack_cpu/job_21700923/spack-stage/spack-stage-hdf5-1.10.7-xexa2gll6hf6okdatgrxiwhcjs2uepc7/spack-src/src/H5Dcontig.c line 659 in H5D__contig_write(): contiguous write failed
    major: Dataset
    minor: Write failed
  #003: /scratch/spack_cpu/job_21700923/spack-stage/spack-stage-hdf5-1.10.7-xexa2gll6hf6okdatgrxiwhcjs2uepc7/spack-src/src/H5Dselect.c line 321 in H5D__select_write(): write error
    major: Dataspace
    minor: Write failed
  #004: /scratch/spack_cpu/job_21700923/spack-stage/spack-stage-hdf5-1.10.7-xexa2gll6hf6okdatgrxiwhcjs2uepc7/spack-src/src/H5Dselect.c line 230 in H5D__select_io(): write error
    major: Dataspace
    minor: Write failed
  #005: /scratch/spack_cpu/job_21700923/spack-stage/spack-stage-hdf5-1.10.7-xexa2gll6hf6okdatgrxiwhcjs2uepc7/spack-src/src/H5Dcontig.c line 1281 in H5D__contig_writevv(): can't perform vectorized sieve buffer write
    major: Dataset
    minor: Can't operate on object
  #006: /scratch/spack_cpu/job_21700923/spack-stage/spack-stage-hdf5-1.10.7-xexa2gll6hf6okdatgrxiwhcjs2uepc7/spack-src/src/H5VM.c line 1464 in H5VM_opvv(): can't perform operation
    major: Internal error (too specific to document in detail)
    minor: Can't operate on object
  #007: /scratch/spack_cpu/job_21700923/spack-stage/spack-stage-hdf5-1.10.7-xexa2gll6hf6okdatgrxiwhcjs2uepc7/spack-src/src/H5Dcontig.c line 1029 in H5D__contig_writevv_sieve_cb(): block write failed
    major: Dataset
    minor: Write failed
  #008: /scratch/spack_cpu/job_21700923/spack-stage/spack-stage-hdf5-1.10.7-xexa2gll6hf6okdatgrxiwhcjs2uepc7/spack-src/src/H5Fio.c line 161 in H5F_block_write(): write through page buffer failed
    major: Low-level I/O
    minor: Write failed
  #009: /scratch/spack_cpu/job_21700923/spack-stage/spack-stage-hdf5-1.10.7-xexa2gll6hf6okdatgrxiwhcjs2uepc7/spack-src/src/H5PB.c line 1032 in H5PB_write(): write through metadata accumulator failed
    major: Page Buffering
    minor: Write failed
  #010: /scratch/spack_cpu/job_21700923/spack-stage/spack-stage-hdf5-1.10.7-xexa2gll6hf6okdatgrxiwhcjs2uepc7/spack-src/src/H5Faccum.c line 824 in H5F__accum_write(): file write failed
    major: Low-level I/O
    minor: Write failed
  #011: /scratch/spack_cpu/job_21700923/spack-stage/spack-stage-hdf5-1.10.7-xexa2gll6hf6okdatgrxiwhcjs2uepc7/spack-src/src/H5FDint.c line 249 in H5FD_write(): driver write request failed
    major: Virtual File Layer
    minor: Write failed
  #012: /scratch/spack_cpu/job_21700923/spack-stage/spack-stage-hdf5-1.10.7-xexa2gll6hf6okdatgrxiwhcjs2uepc7/spack-src/src/H5FDsec2.c line 856 in H5FD__sec2_write(): file write failed: time = Wed Nov 19 11:40:40 2025
, filename = 'checkpoint.h5', file descriptor = 5, errno = 14, error message = 'Bad address', buf = 0x1555537c4000, total write size = 15969552, bytes this sub-write = 15969552, bytes actually written = 18446744073709551615, offset = 0
    major: Low-level I/O
    minor: Write failed
HDF5-DIAG: Error detected in HDF5 (1.10.7) thread 0:
  #000: /scratch/spack_cpu/job_21700923/spack-stage/spack-stage-hdf5-1.10.7-xexa2gll6hf6okdatgrxiwhcjs2uepc7/spack-src/src/H5Dio.c line 335 in H5Dwrite(): can't write data
    major: Dataset
    minor: Write failed
  #001: /scratch/spack_cpu/job_21700923/spack-stage/spack-stage-hdf5-1.10.7-xexa2gll6hf6okdatgrxiwhcjs2uepc7/spack-src/src/H5Dio.c line 813 in H5D__write(): can't write data
    major: Dataset
    minor: Write failed
  #002: /scratch/spack_cpu/job_21700923/spack-stage/spack-stage-hdf5-1.10.7-xexa2gll6hf6okdatgrxiwhcjs2uepc7/spack-src/src/H5Dcontig.c line 659 in H5D__contig_write(): contiguous write failed
    major: Dataset
    minor: Write failed
  #003: /scratch/spack_cpu/job_21700923/spack-stage/spack-stage-hdf5-1.10.7-xexa2gll6hf6okdatgrxiwhcjs2uepc7/spack-src/src/H5Dselect.c line 321 in H5D__select_write(): write error
    major: Dataspace
    minor: Write failed
  #004: /scratch/spack_cpu/job_21700923/spack-stage/spack-stage-hdf5-1.10.7-xexa2gll6hf6okdatgrxiwhcjs2uepc7/spack-src/src/H5Dselect.c line 230 in H5D__select_io(): write error
    major: Dataspace
    minor: Write failed
  #005: /scratch/spack_cpu/job_21700923/spack-stage/spack-stage-hdf5-1.10.7-xexa2gll6hf6okdatgrxiwhcjs2uepc7/spack-src/src/H5Dcontig.c line 1281 in H5D__contig_writevv(): can't perform vectorized sieve buffer write
    major: Dataset
    minor: Can't operate on object
  #006: /scratch/spack_cpu/job_21700923/spack-stage/spack-stage-hdf5-1.10.7-xexa2gll6hf6okdatgrxiwhcjs2uepc7/spack-src/src/H5VM.c line 1464 in H5VM_opvv(): can't perform operation
    major: Internal error (too specific to document in detail)
    minor: Can't operate on object
  #007: /scratch/spack_cpu/job_21700923/spack-stage/spack-stage-hdf5-1.10.7-xexa2gll6hf6okdatgrxiwhcjs2uepc7/spack-src/src/H5Dcontig.c line 1029 in H5D__contig_writevv_sieve_cb(): block write failed
    major: Dataset
    minor: Write failed
  #008: /scratch/spack_cpu/job_21700923/spack-stage/spack-stage-hdf5-1.10.7-xexa2gll6hf6okdatgrxiwhcjs2uepc7/spack-src/src/H5Fio.c line 161 in H5F_block_write(): write through page buffer failed
    major: Low-level I/O
    minor: Write failed
  #009: /scratch/spack_cpu/job_21700923/spack-stage/spack-stage-hdf5-1.10.7-xexa2gll6hf6okdatgrxiwhcjs2uepc7/spack-src/src/H5PB.c line 1032 in H5PB_write(): write through metadata accumulator failed
    major: Page Buffering
    minor: Write failed
  #010: /scratch/spack_cpu/job_21700923/spack-stage/spack-stage-hdf5-1.10.7-xexa2gll6hf6okdatgrxiwhcjs2uepc7/spack-src/src/H5Faccum.c line 824 in H5F__accum_write(): file write failed
    major: Low-level I/O
    minor: Write failed
  #011: /scratch/spack_cpu/job_21700923/spack-stage/spack-stage-hdf5-1.10.7-xexa2gll6hf6okdatgrxiwhcjs2uepc7/spack-src/src/H5FDint.c line 249 in H5FD_write(): driver write request failed
    major: Virtual File Layer
    minor: Write failed
  #012: /scratch/spack_cpu/job_21700923/spack-stage/spack-stage-hdf5-1.10.7-xexa2gll6hf6okdatgrxiwhcjs2uepc7/spack-src/src/H5FDsec2.c line 856 in H5FD__sec2_write(): file write failed: time = Wed Nov 19 11:42:36 2025
, filename = 'checkpoint.h5', file descriptor = 5, errno = 14, error message = 'Bad address', buf = 0x1555537c4000, total write size = 15969552, bytes this sub-write = 15969552, bytes actually written = 18446744073709551615, offset = 0
    major: Low-level I/O
    minor: Write failed
HDF5-DIAG: Error detected in HDF5 (1.10.7) thread 0:
  #000: /scratch/spack_cpu/job_21700923/spack-stage/spack-stage-hdf5-1.10.7-xexa2gll6hf6okdatgrxiwhcjs2uepc7/spack-src/src/H5Dio.c line 335 in H5Dwrite(): can't write data
    major: Dataset
    minor: Write failed
  #001: /scratch/spack_cpu/job_21700923/spack-stage/spack-stage-hdf5-1.10.7-xexa2gll6hf6okdatgrxiwhcjs2uepc7/spack-src/src/H5Dio.c line 813 in H5D__write(): can't write data
    major: Dataset
    minor: Write failed
  #002: /scratch/spack_cpu/job_21700923/spack-stage/spack-stage-hdf5-1.10.7-xexa2gll6hf6okdatgrxiwhcjs2uepc7/spack-src/src/H5Dcontig.c line 659 in H5D__contig_write(): contiguous write failed
    major: Dataset
    minor: Write failed
  #003: /scratch/spack_cpu/job_21700923/spack-stage/spack-stage-hdf5-1.10.7-xexa2gll6hf6okdatgrxiwhcjs2uepc7/spack-src/src/H5Dselect.c line 321 in H5D__select_write(): write error
    major: Dataspace
    minor: Write failed
  #004: /scratch/spack_cpu/job_21700923/spack-stage/spack-stage-hdf5-1.10.7-xexa2gll6hf6okdatgrxiwhcjs2uepc7/spack-src/src/H5Dselect.c line 230 in H5D__select_io(): write error
    major: Dataspace
    minor: Write failed
  #005: /scratch/spack_cpu/job_21700923/spack-stage/spack-stage-hdf5-1.10.7-xexa2gll6hf6okdatgrxiwhcjs2uepc7/spack-src/src/H5Dcontig.c line 1281 in H5D__contig_writevv(): can't perform vectorized sieve buffer write
    major: Dataset
    minor: Can't operate on object
  #006: /scratch/spack_cpu/job_21700923/spack-stage/spack-stage-hdf5-1.10.7-xexa2gll6hf6okdatgrxiwhcjs2uepc7/spack-src/src/H5VM.c line 1464 in H5VM_opvv(): can't perform operation
    major: Internal error (too specific to document in detail)
    minor: Can't operate on object
  #007: /scratch/spack_cpu/job_21700923/spack-stage/spack-stage-hdf5-1.10.7-xexa2gll6hf6okdatgrxiwhcjs2uepc7/spack-src/src/H5Dcontig.c line 1029 in H5D__contig_writevv_sieve_cb(): block write failed
    major: Dataset
    minor: Write failed
  #008: /scratch/spack_cpu/job_21700923/spack-stage/spack-stage-hdf5-1.10.7-xexa2gll6hf6okdatgrxiwhcjs2uepc7/spack-src/src/H5Fio.c line 161 in H5F_block_write(): write through page buffer failed
    major: Low-level I/O
    minor: Write failed
  #009: /scratch/spack_cpu/job_21700923/spack-stage/spack-stage-hdf5-1.10.7-xexa2gll6hf6okdatgrxiwhcjs2uepc7/spack-src/src/H5PB.c line 1032 in H5PB_write(): write through metadata accumulator failed
    major: Page Buffering
    minor: Write failed
  #010: /scratch/spack_cpu/job_21700923/spack-stage/spack-stage-hdf5-1.10.7-xexa2gll6hf6okdatgrxiwhcjs2uepc7/spack-src/src/H5Faccum.c line 824 in H5F__accum_write(): file write failed
    major: Low-level I/O
    minor: Write failed
  #011: /scratch/spack_cpu/job_21700923/spack-stage/spack-stage-hdf5-1.10.7-xexa2gll6hf6okdatgrxiwhcjs2uepc7/spack-src/src/H5FDint.c line 249 in H5FD_write(): driver write request failed
    major: Virtual File Layer
    minor: Write failed
  #012: /scratch/spack_cpu/job_21700923/spack-stage/spack-stage-hdf5-1.10.7-xexa2gll6hf6okdatgrxiwhcjs2uepc7/spack-src/src/H5FDsec2.c line 856 in H5FD__sec2_write(): file write failed: time = Wed Nov 19 11:44:35 2025
, filename = 'checkpoint.h5', file descriptor = 5, errno = 14, error message = 'Bad address', buf = 0x1555537c4000, total write size = 15969552, bytes this sub-write = 15969552, bytes actually written = 18446744073709551615, offset = 0
    major: Low-level I/O
    minor: Write failed
HDF5-DIAG: Error detected in HDF5 (1.10.7) thread 0:
  #000: /scratch/spack_cpu/job_21700923/spack-stage/spack-stage-hdf5-1.10.7-xexa2gll6hf6okdatgrxiwhcjs2uepc7/spack-src/src/H5Dio.c line 335 in H5Dwrite(): can't write data
    major: Dataset
    minor: Write failed
  #001: /scratch/spack_cpu/job_21700923/spack-stage/spack-stage-hdf5-1.10.7-xexa2gll6hf6okdatgrxiwhcjs2uepc7/spack-src/src/H5Dio.c line 813 in H5D__write(): can't write data
    major: Dataset
    minor: Write failed
  #002: /scratch/spack_cpu/job_21700923/spack-stage/spack-stage-hdf5-1.10.7-xexa2gll6hf6okdatgrxiwhcjs2uepc7/spack-src/src/H5Dcontig.c line 659 in H5D__contig_write(): contiguous write failed
    major: Dataset
    minor: Write failed
  #003: /scratch/spack_cpu/job_21700923/spack-stage/spack-stage-hdf5-1.10.7-xexa2gll6hf6okdatgrxiwhcjs2uepc7/spack-src/src/H5Dselect.c line 321 in H5D__select_write(): write error
    major: Dataspace
    minor: Write failed
  #004: /scratch/spack_cpu/job_21700923/spack-stage/spack-stage-hdf5-1.10.7-xexa2gll6hf6okdatgrxiwhcjs2uepc7/spack-src/src/H5Dselect.c line 230 in H5D__select_io(): write error
    major: Dataspace
    minor: Write failed
  #005: /scratch/spack_cpu/job_21700923/spack-stage/spack-stage-hdf5-1.10.7-xexa2gll6hf6okdatgrxiwhcjs2uepc7/spack-src/src/H5Dcontig.c line 1281 in H5D__contig_writevv(): can't perform vectorized sieve buffer write
    major: Dataset
    minor: Can't operate on object
  #006: /scratch/spack_cpu/job_21700923/spack-stage/spack-stage-hdf5-1.10.7-xexa2gll6hf6okdatgrxiwhcjs2uepc7/spack-src/src/H5VM.c line 1464 in H5VM_opvv(): can't perform operation
    major: Internal error (too specific to document in detail)
    minor: Can't operate on object
  #007: /scratch/spack_cpu/job_21700923/spack-stage/spack-stage-hdf5-1.10.7-xexa2gll6hf6okdatgrxiwhcjs2uepc7/spack-src/src/H5Dcontig.c line 1029 in H5D__contig_writevv_sieve_cb(): block write failed
    major: Dataset
    minor: Write failed
  #008: /scratch/spack_cpu/job_21700923/spack-stage/spack-stage-hdf5-1.10.7-xexa2gll6hf6okdatgrxiwhcjs2uepc7/spack-src/src/H5Fio.c line 161 in H5F_block_write(): write through page buffer failed
    major: Low-level I/O
    minor: Write failed
  #009: /scratch/spack_cpu/job_21700923/spack-stage/spack-stage-hdf5-1.10.7-xexa2gll6hf6okdatgrxiwhcjs2uepc7/spack-src/src/H5PB.c line 1032 in H5PB_write(): write through metadata accumulator failed
    major: Page Buffering
    minor: Write failed
  #010: /scratch/spack_cpu/job_21700923/spack-stage/spack-stage-hdf5-1.10.7-xexa2gll6hf6okdatgrxiwhcjs2uepc7/spack-src/src/H5Faccum.c line 824 in H5F__accum_write(): file write failed
    major: Low-level I/O
    minor: Write failed
  #011: /scratch/spack_cpu/job_21700923/spack-stage/spack-stage-hdf5-1.10.7-xexa2gll6hf6okdatgrxiwhcjs2uepc7/spack-src/src/H5FDint.c line 249 in H5FD_write(): driver write request failed
    major: Virtual File Layer
    minor: Write failed
  #012: /scratch/spack_cpu/job_21700923/spack-stage/spack-stage-hdf5-1.10.7-xexa2gll6hf6okdatgrxiwhcjs2uepc7/spack-src/src/H5FDsec2.c line 856 in H5FD__sec2_write(): file write failed: time = Wed Nov 19 11:46:31 2025
, filename = 'checkpoint.h5', file descriptor = 5, errno = 14, error message = 'Bad address', buf = 0x1555537c4000, total write size = 15969552, bytes this sub-write = 15969552, bytes actually written = 18446744073709551615, offset = 0
    major: Low-level I/O
    minor: Write failed
HDF5-DIAG: Error detected in HDF5 (1.10.7) thread 0:
  #000: /scratch/spack_cpu/job_21700923/spack-stage/spack-stage-hdf5-1.10.7-xexa2gll6hf6okdatgrxiwhcjs2uepc7/spack-src/src/H5Dio.c line 335 in H5Dwrite(): can't write data
    major: Dataset
    minor: Write failed
  #001: /scratch/spack_cpu/job_21700923/spack-stage/spack-stage-hdf5-1.10.7-xexa2gll6hf6okdatgrxiwhcjs2uepc7/spack-src/src/H5Dio.c line 813 in H5D__write(): can't write data
    major: Dataset
    minor: Write failed
  #002: /scratch/spack_cpu/job_21700923/spack-stage/spack-stage-hdf5-1.10.7-xexa2gll6hf6okdatgrxiwhcjs2uepc7/spack-src/src/H5Dcontig.c line 659 in H5D__contig_write(): contiguous write failed
    major: Dataset
    minor: Write failed
  #003: /scratch/spack_cpu/job_21700923/spack-stage/spack-stage-hdf5-1.10.7-xexa2gll6hf6okdatgrxiwhcjs2uepc7/spack-src/src/H5Dselect.c line 321 in H5D__select_write(): write error
    major: Dataspace
    minor: Write failed
  #004: /scratch/spack_cpu/job_21700923/spack-stage/spack-stage-hdf5-1.10.7-xexa2gll6hf6okdatgrxiwhcjs2uepc7/spack-src/src/H5Dselect.c line 230 in H5D__select_io(): write error
    major: Dataspace
    minor: Write failed
  #005: /scratch/spack_cpu/job_21700923/spack-stage/spack-stage-hdf5-1.10.7-xexa2gll6hf6okdatgrxiwhcjs2uepc7/spack-src/src/H5Dcontig.c line 1281 in H5D__contig_writevv(): can't perform vectorized sieve buffer write
    major: Dataset
    minor: Can't operate on object
  #006: /scratch/spack_cpu/job_21700923/spack-stage/spack-stage-hdf5-1.10.7-xexa2gll6hf6okdatgrxiwhcjs2uepc7/spack-src/src/H5VM.c line 1464 in H5VM_opvv(): can't perform operation
    major: Internal error (too specific to document in detail)
    minor: Can't operate on object
  #007: /scratch/spack_cpu/job_21700923/spack-stage/spack-stage-hdf5-1.10.7-xexa2gll6hf6okdatgrxiwhcjs2uepc7/spack-src/src/H5Dcontig.c line 1029 in H5D__contig_writevv_sieve_cb(): block write failed
    major: Dataset
    minor: Write failed
  #008: /scratch/spack_cpu/job_21700923/spack-stage/spack-stage-hdf5-1.10.7-xexa2gll6hf6okdatgrxiwhcjs2uepc7/spack-src/src/H5Fio.c line 161 in H5F_block_write(): write through page buffer failed
    major: Low-level I/O
    minor: Write failed
  #009: /scratch/spack_cpu/job_21700923/spack-stage/spack-stage-hdf5-1.10.7-xexa2gll6hf6okdatgrxiwhcjs2uepc7/spack-src/src/H5PB.c line 1032 in H5PB_write(): write through metadata accumulator failed
    major: Page Buffering
    minor: Write failed
  #010: /scratch/spack_cpu/job_21700923/spack-stage/spack-stage-hdf5-1.10.7-xexa2gll6hf6okdatgrxiwhcjs2uepc7/spack-src/src/H5Faccum.c line 824 in H5F__accum_write(): file write failed
    major: Low-level I/O
    minor: Write failed
  #011: /scratch/spack_cpu/job_21700923/spack-stage/spack-stage-hdf5-1.10.7-xexa2gll6hf6okdatgrxiwhcjs2uepc7/spack-src/src/H5FDint.c line 249 in H5FD_write(): driver write request failed
    major: Virtual File Layer
    minor: Write failed
  #012: /scratch/spack_cpu/job_21700923/spack-stage/spack-stage-hdf5-1.10.7-xexa2gll6hf6okdatgrxiwhcjs2uepc7/spack-src/src/H5FDsec2.c line 856 in H5FD__sec2_write(): file write failed: time = Wed Nov 19 11:48:28 2025
, filename = 'checkpoint.h5', file descriptor = 5, errno = 14, error message = 'Bad address', buf = 0x1555537c4000, total write size = 15969552, bytes this sub-write = 15969552, bytes actually written = 18446744073709551615, offset = 0
    major: Low-level I/O
    minor: Write failed
HDF5-DIAG: Error detected in HDF5 (1.10.7) thread 0:
  #000: /scratch/spack_cpu/job_21700923/spack-stage/spack-stage-hdf5-1.10.7-xexa2gll6hf6okdatgrxiwhcjs2uepc7/spack-src/src/H5Dio.c line 335 in H5Dwrite(): can't write data
    major: Dataset
    minor: Write failed
  #001: /scratch/spack_cpu/job_21700923/spack-stage/spack-stage-hdf5-1.10.7-xexa2gll6hf6okdatgrxiwhcjs2uepc7/spack-src/src/H5Dio.c line 813 in H5D__write(): can't write data
    major: Dataset
    minor: Write failed
  #002: /scratch/spack_cpu/job_21700923/spack-stage/spack-stage-hdf5-1.10.7-xexa2gll6hf6okdatgrxiwhcjs2uepc7/spack-src/src/H5Dcontig.c line 659 in H5D__contig_write(): contiguous write failed
    major: Dataset
    minor: Write failed
  #003: /scratch/spack_cpu/job_21700923/spack-stage/spack-stage-hdf5-1.10.7-xexa2gll6hf6okdatgrxiwhcjs2uepc7/spack-src/src/H5Dselect.c line 321 in H5D__select_write(): write error
    major: Dataspace
    minor: Write failed
  #004: /scratch/spack_cpu/job_21700923/spack-stage/spack-stage-hdf5-1.10.7-xexa2gll6hf6okdatgrxiwhcjs2uepc7/spack-src/src/H5Dselect.c line 230 in H5D__select_io(): write error
    major: Dataspace
    minor: Write failed
  #005: /scratch/spack_cpu/job_21700923/spack-stage/spack-stage-hdf5-1.10.7-xexa2gll6hf6okdatgrxiwhcjs2uepc7/spack-src/src/H5Dcontig.c line 1281 in H5D__contig_writevv(): can't perform vectorized sieve buffer write
    major: Dataset
    minor: Can't operate on object
  #006: /scratch/spack_cpu/job_21700923/spack-stage/spack-stage-hdf5-1.10.7-xexa2gll6hf6okdatgrxiwhcjs2uepc7/spack-src/src/H5VM.c line 1464 in H5VM_opvv(): can't perform operation
    major: Internal error (too specific to document in detail)
    minor: Can't operate on object
  #007: /scratch/spack_cpu/job_21700923/spack-stage/spack-stage-hdf5-1.10.7-xexa2gll6hf6okdatgrxiwhcjs2uepc7/spack-src/src/H5Dcontig.c line 1029 in H5D__contig_writevv_sieve_cb(): block write failed
    major: Dataset
    minor: Write failed
  #008: /scratch/spack_cpu/job_21700923/spack-stage/spack-stage-hdf5-1.10.7-xexa2gll6hf6okdatgrxiwhcjs2uepc7/spack-src/src/H5Fio.c line 161 in H5F_block_write(): write through page buffer failed
    major: Low-level I/O
    minor: Write failed
  #009: /scratch/spack_cpu/job_21700923/spack-stage/spack-stage-hdf5-1.10.7-xexa2gll6hf6okdatgrxiwhcjs2uepc7/spack-src/src/H5PB.c line 1032 in H5PB_write(): write through metadata accumulator failed
    major: Page Buffering
    minor: Write failed
  #010: /scratch/spack_cpu/job_21700923/spack-stage/spack-stage-hdf5-1.10.7-xexa2gll6hf6okdatgrxiwhcjs2uepc7/spack-src/src/H5Faccum.c line 824 in H5F__accum_write(): file write failed
    major: Low-level I/O
    minor: Write failed
  #011: /scratch/spack_cpu/job_21700923/spack-stage/spack-stage-hdf5-1.10.7-xexa2gll6hf6okdatgrxiwhcjs2uepc7/spack-src/src/H5FDint.c line 249 in H5FD_write(): driver write request failed
    major: Virtual File Layer
    minor: Write failed
  #012: /scratch/spack_cpu/job_21700923/spack-stage/spack-stage-hdf5-1.10.7-xexa2gll6hf6okdatgrxiwhcjs2uepc7/spack-src/src/H5FDsec2.c line 856 in H5FD__sec2_write(): file write failed: time = Wed Nov 19 11:50:27 2025
, filename = 'checkpoint.h5', file descriptor = 5, errno = 14, error message = 'Bad address', buf = 0x1555537c4000, total write size = 15969552, bytes this sub-write = 15969552, bytes actually written = 18446744073709551615, offset = 0
    major: Low-level I/O
    minor: Write failed
HDF5-DIAG: Error detected in HDF5 (1.10.7) thread 0:
  #000: /scratch/spack_cpu/job_21700923/spack-stage/spack-stage-hdf5-1.10.7-xexa2gll6hf6okdatgrxiwhcjs2uepc7/spack-src/src/H5Dio.c line 335 in H5Dwrite(): can't write data
    major: Dataset
    minor: Write failed
  #001: /scratch/spack_cpu/job_21700923/spack-stage/spack-stage-hdf5-1.10.7-xexa2gll6hf6okdatgrxiwhcjs2uepc7/spack-src/src/H5Dio.c line 813 in H5D__write(): can't write data
    major: Dataset
    minor: Write failed
  #002: /scratch/spack_cpu/job_21700923/spack-stage/spack-stage-hdf5-1.10.7-xexa2gll6hf6okdatgrxiwhcjs2uepc7/spack-src/src/H5Dcontig.c line 659 in H5D__contig_write(): contiguous write failed
    major: Dataset
    minor: Write failed
  #003: /scratch/spack_cpu/job_21700923/spack-stage/spack-stage-hdf5-1.10.7-xexa2gll6hf6okdatgrxiwhcjs2uepc7/spack-src/src/H5Dselect.c line 321 in H5D__select_write(): write error
    major: Dataspace
    minor: Write failed
  #004: /scratch/spack_cpu/job_21700923/spack-stage/spack-stage-hdf5-1.10.7-xexa2gll6hf6okdatgrxiwhcjs2uepc7/spack-src/src/H5Dselect.c line 230 in H5D__select_io(): write error
    major: Dataspace
    minor: Write failed
  #005: /scratch/spack_cpu/job_21700923/spack-stage/spack-stage-hdf5-1.10.7-xexa2gll6hf6okdatgrxiwhcjs2uepc7/spack-src/src/H5Dcontig.c line 1281 in H5D__contig_writevv(): can't perform vectorized sieve buffer write
    major: Dataset
    minor: Can't operate on object
  #006: /scratch/spack_cpu/job_21700923/spack-stage/spack-stage-hdf5-1.10.7-xexa2gll6hf6okdatgrxiwhcjs2uepc7/spack-src/src/H5VM.c line 1464 in H5VM_opvv(): can't perform operation
    major: Internal error (too specific to document in detail)
    minor: Can't operate on object
  #007: /scratch/spack_cpu/job_21700923/spack-stage/spack-stage-hdf5-1.10.7-xexa2gll6hf6okdatgrxiwhcjs2uepc7/spack-src/src/H5Dcontig.c line 1029 in H5D__contig_writevv_sieve_cb(): block write failed
    major: Dataset
    minor: Write failed
  #008: /scratch/spack_cpu/job_21700923/spack-stage/spack-stage-hdf5-1.10.7-xexa2gll6hf6okdatgrxiwhcjs2uepc7/spack-src/src/H5Fio.c line 161 in H5F_block_write(): write through page buffer failed
    major: Low-level I/O
    minor: Write failed
  #009: /scratch/spack_cpu/job_21700923/spack-stage/spack-stage-hdf5-1.10.7-xexa2gll6hf6okdatgrxiwhcjs2uepc7/spack-src/src/H5PB.c line 1032 in H5PB_write(): write through metadata accumulator failed
    major: Page Buffering
    minor: Write failed
  #010: /scratch/spack_cpu/job_21700923/spack-stage/spack-stage-hdf5-1.10.7-xexa2gll6hf6okdatgrxiwhcjs2uepc7/spack-src/src/H5Faccum.c line 824 in H5F__accum_write(): file write failed
    major: Low-level I/O
    minor: Write failed
  #011: /scratch/spack_cpu/job_21700923/spack-stage/spack-stage-hdf5-1.10.7-xexa2gll6hf6okdatgrxiwhcjs2uepc7/spack-src/src/H5FDint.c line 249 in H5FD_write(): driver write request failed
    major: Virtual File Layer
    minor: Write failed
  #012: /scratch/spack_cpu/job_21700923/spack-stage/spack-stage-hdf5-1.10.7-xexa2gll6hf6okdatgrxiwhcjs2uepc7/spack-src/src/H5FDsec2.c line 856 in H5FD__sec2_write(): file write failed: time = Wed Nov 19 11:52:24 2025
, filename = 'checkpoint.h5', file descriptor = 5, errno = 14, error message = 'Bad address', buf = 0x1555537c4000, total write size = 15969552, bytes this sub-write = 15969552, bytes actually written = 18446744073709551615, offset = 0
    major: Low-level I/O
    minor: Write failed
HDF5-DIAG: Error detected in HDF5 (1.10.7) thread 0:
  #000: /scratch/spack_cpu/job_21700923/spack-stage/spack-stage-hdf5-1.10.7-xexa2gll6hf6okdatgrxiwhcjs2uepc7/spack-src/src/H5Dio.c line 335 in H5Dwrite(): can't write data
    major: Dataset
    minor: Write failed
  #001: /scratch/spack_cpu/job_21700923/spack-stage/spack-stage-hdf5-1.10.7-xexa2gll6hf6okdatgrxiwhcjs2uepc7/spack-src/src/H5Dio.c line 813 in H5D__write(): can't write data
    major: Dataset
    minor: Write failed
  #002: /scratch/spack_cpu/job_21700923/spack-stage/spack-stage-hdf5-1.10.7-xexa2gll6hf6okdatgrxiwhcjs2uepc7/spack-src/src/H5Dcontig.c line 659 in H5D__contig_write(): contiguous write failed
    major: Dataset
    minor: Write failed
  #003: /scratch/spack_cpu/job_21700923/spack-stage/spack-stage-hdf5-1.10.7-xexa2gll6hf6okdatgrxiwhcjs2uepc7/spack-src/src/H5Dselect.c line 321 in H5D__select_write(): write error
    major: Dataspace
    minor: Write failed
  #004: /scratch/spack_cpu/job_21700923/spack-stage/spack-stage-hdf5-1.10.7-xexa2gll6hf6okdatgrxiwhcjs2uepc7/spack-src/src/H5Dselect.c line 230 in H5D__select_io(): write error
    major: Dataspace
    minor: Write failed
  #005: /scratch/spack_cpu/job_21700923/spack-stage/spack-stage-hdf5-1.10.7-xexa2gll6hf6okdatgrxiwhcjs2uepc7/spack-src/src/H5Dcontig.c line 1281 in H5D__contig_writevv(): can't perform vectorized sieve buffer write
    major: Dataset
    minor: Can't operate on object
  #006: /scratch/spack_cpu/job_21700923/spack-stage/spack-stage-hdf5-1.10.7-xexa2gll6hf6okdatgrxiwhcjs2uepc7/spack-src/src/H5VM.c line 1464 in H5VM_opvv(): can't perform operation
    major: Internal error (too specific to document in detail)
    minor: Can't operate on object
  #007: /scratch/spack_cpu/job_21700923/spack-stage/spack-stage-hdf5-1.10.7-xexa2gll6hf6okdatgrxiwhcjs2uepc7/spack-src/src/H5Dcontig.c line 1029 in H5D__contig_writevv_sieve_cb(): block write failed
    major: Dataset
    minor: Write failed
  #008: /scratch/spack_cpu/job_21700923/spack-stage/spack-stage-hdf5-1.10.7-xexa2gll6hf6okdatgrxiwhcjs2uepc7/spack-src/src/H5Fio.c line 161 in H5F_block_write(): write through page buffer failed
    major: Low-level I/O
    minor: Write failed
  #009: /scratch/spack_cpu/job_21700923/spack-stage/spack-stage-hdf5-1.10.7-xexa2gll6hf6okdatgrxiwhcjs2uepc7/spack-src/src/H5PB.c line 1032 in H5PB_write(): write through metadata accumulator failed
    major: Page Buffering
    minor: Write failed
  #010: /scratch/spack_cpu/job_21700923/spack-stage/spack-stage-hdf5-1.10.7-xexa2gll6hf6okdatgrxiwhcjs2uepc7/spack-src/src/H5Faccum.c line 824 in H5F__accum_write(): file write failed
    major: Low-level I/O
    minor: Write failed
  #011: /scratch/spack_cpu/job_21700923/spack-stage/spack-stage-hdf5-1.10.7-xexa2gll6hf6okdatgrxiwhcjs2uepc7/spack-src/src/H5FDint.c line 249 in H5FD_write(): driver write request failed
    major: Virtual File Layer
    minor: Write failed
  #012: /scratch/spack_cpu/job_21700923/spack-stage/spack-stage-hdf5-1.10.7-xexa2gll6hf6okdatgrxiwhcjs2uepc7/spack-src/src/H5FDsec2.c line 856 in H5FD__sec2_write(): file write failed: time = Wed Nov 19 11:54:19 2025
, filename = 'checkpoint.h5', file descriptor = 5, errno = 14, error message = 'Bad address', buf = 0x1555537c4000, total write size = 15969552, bytes this sub-write = 15969552, bytes actually written = 18446744073709551615, offset = 0
    major: Low-level I/O
    minor: Write failed
HDF5-DIAG: Error detected in HDF5 (1.10.7) thread 0:
  #000: /scratch/spack_cpu/job_21700923/spack-stage/spack-stage-hdf5-1.10.7-xexa2gll6hf6okdatgrxiwhcjs2uepc7/spack-src/src/H5Dio.c line 335 in H5Dwrite(): can't write data
    major: Dataset
    minor: Write failed
  #001: /scratch/spack_cpu/job_21700923/spack-stage/spack-stage-hdf5-1.10.7-xexa2gll6hf6okdatgrxiwhcjs2uepc7/spack-src/src/H5Dio.c line 813 in H5D__write(): can't write data
    major: Dataset
    minor: Write failed
  #002: /scratch/spack_cpu/job_21700923/spack-stage/spack-stage-hdf5-1.10.7-xexa2gll6hf6okdatgrxiwhcjs2uepc7/spack-src/src/H5Dcontig.c line 659 in H5D__contig_write(): contiguous write failed
    major: Dataset
    minor: Write failed
  #003: /scratch/spack_cpu/job_21700923/spack-stage/spack-stage-hdf5-1.10.7-xexa2gll6hf6okdatgrxiwhcjs2uepc7/spack-src/src/H5Dselect.c line 321 in H5D__select_write(): write error
    major: Dataspace
    minor: Write failed
  #004: /scratch/spack_cpu/job_21700923/spack-stage/spack-stage-hdf5-1.10.7-xexa2gll6hf6okdatgrxiwhcjs2uepc7/spack-src/src/H5Dselect.c line 230 in H5D__select_io(): write error
    major: Dataspace
    minor: Write failed
  #005: /scratch/spack_cpu/job_21700923/spack-stage/spack-stage-hdf5-1.10.7-xexa2gll6hf6okdatgrxiwhcjs2uepc7/spack-src/src/H5Dcontig.c line 1281 in H5D__contig_writevv(): can't perform vectorized sieve buffer write
    major: Dataset
    minor: Can't operate on object
  #006: /scratch/spack_cpu/job_21700923/spack-stage/spack-stage-hdf5-1.10.7-xexa2gll6hf6okdatgrxiwhcjs2uepc7/spack-src/src/H5VM.c line 1464 in H5VM_opvv(): can't perform operation
    major: Internal error (too specific to document in detail)
    minor: Can't operate on object
  #007: /scratch/spack_cpu/job_21700923/spack-stage/spack-stage-hdf5-1.10.7-xexa2gll6hf6okdatgrxiwhcjs2uepc7/spack-src/src/H5Dcontig.c line 1029 in H5D__contig_writevv_sieve_cb(): block write failed
    major: Dataset
    minor: Write failed
  #008: /scratch/spack_cpu/job_21700923/spack-stage/spack-stage-hdf5-1.10.7-xexa2gll6hf6okdatgrxiwhcjs2uepc7/spack-src/src/H5Fio.c line 161 in H5F_block_write(): write through page buffer failed
    major: Low-level I/O
    minor: Write failed
  #009: /scratch/spack_cpu/job_21700923/spack-stage/spack-stage-hdf5-1.10.7-xexa2gll6hf6okdatgrxiwhcjs2uepc7/spack-src/src/H5PB.c line 1032 in H5PB_write(): write through metadata accumulator failed
    major: Page Buffering
    minor: Write failed
  #010: /scratch/spack_cpu/job_21700923/spack-stage/spack-stage-hdf5-1.10.7-xexa2gll6hf6okdatgrxiwhcjs2uepc7/spack-src/src/H5Faccum.c line 824 in H5F__accum_write(): file write failed
    major: Low-level I/O
    minor: Write failed
  #011: /scratch/spack_cpu/job_21700923/spack-stage/spack-stage-hdf5-1.10.7-xexa2gll6hf6okdatgrxiwhcjs2uepc7/spack-src/src/H5FDint.c line 249 in H5FD_write(): driver write request failed
    major: Virtual File Layer
    minor: Write failed
  #012: /scratch/spack_cpu/job_21700923/spack-stage/spack-stage-hdf5-1.10.7-xexa2gll6hf6okdatgrxiwhcjs2uepc7/spack-src/src/H5FDsec2.c line 856 in H5FD__sec2_write(): file write failed: time = Wed Nov 19 11:56:16 2025
, filename = 'checkpoint.h5', file descriptor = 5, errno = 14, error message = 'Bad address', buf = 0x1555537c4000, total write size = 15969552, bytes this sub-write = 15969552, bytes actually written = 18446744073709551615, offset = 0
    major: Low-level I/O
    minor: Write failed
HDF5-DIAG: Error detected in HDF5 (1.10.7) thread 0:
  #000: /scratch/spack_cpu/job_21700923/spack-stage/spack-stage-hdf5-1.10.7-xexa2gll6hf6okdatgrxiwhcjs2uepc7/spack-src/src/H5Dio.c line 335 in H5Dwrite(): can't write data
    major: Dataset
    minor: Write failed
  #001: /scratch/spack_cpu/job_21700923/spack-stage/spack-stage-hdf5-1.10.7-xexa2gll6hf6okdatgrxiwhcjs2uepc7/spack-src/src/H5Dio.c line 813 in H5D__write(): can't write data
    major: Dataset
    minor: Write failed
  #002: /scratch/spack_cpu/job_21700923/spack-stage/spack-stage-hdf5-1.10.7-xexa2gll6hf6okdatgrxiwhcjs2uepc7/spack-src/src/H5Dcontig.c line 659 in H5D__contig_write(): contiguous write failed
    major: Dataset
    minor: Write failed
  #003: /scratch/spack_cpu/job_21700923/spack-stage/spack-stage-hdf5-1.10.7-xexa2gll6hf6okdatgrxiwhcjs2uepc7/spack-src/src/H5Dselect.c line 321 in H5D__select_write(): write error
    major: Dataspace
    minor: Write failed
  #004: /scratch/spack_cpu/job_21700923/spack-stage/spack-stage-hdf5-1.10.7-xexa2gll6hf6okdatgrxiwhcjs2uepc7/spack-src/src/H5Dselect.c line 230 in H5D__select_io(): write error
    major: Dataspace
    minor: Write failed
  #005: /scratch/spack_cpu/job_21700923/spack-stage/spack-stage-hdf5-1.10.7-xexa2gll6hf6okdatgrxiwhcjs2uepc7/spack-src/src/H5Dcontig.c line 1281 in H5D__contig_writevv(): can't perform vectorized sieve buffer write
    major: Dataset
    minor: Can't operate on object
  #006: /scratch/spack_cpu/job_21700923/spack-stage/spack-stage-hdf5-1.10.7-xexa2gll6hf6okdatgrxiwhcjs2uepc7/spack-src/src/H5VM.c line 1464 in H5VM_opvv(): can't perform operation
    major: Internal error (too specific to document in detail)
    minor: Can't operate on object
  #007: /scratch/spack_cpu/job_21700923/spack-stage/spack-stage-hdf5-1.10.7-xexa2gll6hf6okdatgrxiwhcjs2uepc7/spack-src/src/H5Dcontig.c line 1029 in H5D__contig_writevv_sieve_cb(): block write failed
    major: Dataset
    minor: Write failed
  #008: /scratch/spack_cpu/job_21700923/spack-stage/spack-stage-hdf5-1.10.7-xexa2gll6hf6okdatgrxiwhcjs2uepc7/spack-src/src/H5Fio.c line 161 in H5F_block_write(): write through page buffer failed
    major: Low-level I/O
    minor: Write failed
  #009: /scratch/spack_cpu/job_21700923/spack-stage/spack-stage-hdf5-1.10.7-xexa2gll6hf6okdatgrxiwhcjs2uepc7/spack-src/src/H5PB.c line 1032 in H5PB_write(): write through metadata accumulator failed
    major: Page Buffering
    minor: Write failed
  #010: /scratch/spack_cpu/job_21700923/spack-stage/spack-stage-hdf5-1.10.7-xexa2gll6hf6okdatgrxiwhcjs2uepc7/spack-src/src/H5Faccum.c line 824 in H5F__accum_write(): file write failed
    major: Low-level I/O
    minor: Write failed
  #011: /scratch/spack_cpu/job_21700923/spack-stage/spack-stage-hdf5-1.10.7-xexa2gll6hf6okdatgrxiwhcjs2uepc7/spack-src/src/H5FDint.c line 249 in H5FD_write(): driver write request failed
    major: Virtual File Layer
    minor: Write failed
  #012: /scratch/spack_cpu/job_21700923/spack-stage/spack-stage-hdf5-1.10.7-xexa2gll6hf6okdatgrxiwhcjs2uepc7/spack-src/src/H5FDsec2.c line 856 in H5FD__sec2_write(): file write failed: time = Wed Nov 19 11:58:13 2025
, filename = 'checkpoint.h5', file descriptor = 5, errno = 14, error message = 'Bad address', buf = 0x1555537c4000, total write size = 15969552, bytes this sub-write = 15969552, bytes actually written = 18446744073709551615, offset = 0
    major: Low-level I/O
    minor: Write failed
HDF5-DIAG: Error detected in HDF5 (1.10.7) thread 0:
  #000: /scratch/spack_cpu/job_21700923/spack-stage/spack-stage-hdf5-1.10.7-xexa2gll6hf6okdatgrxiwhcjs2uepc7/spack-src/src/H5Dio.c line 335 in H5Dwrite(): can't write data
    major: Dataset
    minor: Write failed
  #001: /scratch/spack_cpu/job_21700923/spack-stage/spack-stage-hdf5-1.10.7-xexa2gll6hf6okdatgrxiwhcjs2uepc7/spack-src/src/H5Dio.c line 813 in H5D__write(): can't write data
    major: Dataset
    minor: Write failed
  #002: /scratch/spack_cpu/job_21700923/spack-stage/spack-stage-hdf5-1.10.7-xexa2gll6hf6okdatgrxiwhcjs2uepc7/spack-src/src/H5Dcontig.c line 659 in H5D__contig_write(): contiguous write failed
    major: Dataset
    minor: Write failed
  #003: /scratch/spack_cpu/job_21700923/spack-stage/spack-stage-hdf5-1.10.7-xexa2gll6hf6okdatgrxiwhcjs2uepc7/spack-src/src/H5Dselect.c line 321 in H5D__select_write(): write error
    major: Dataspace
    minor: Write failed
  #004: /scratch/spack_cpu/job_21700923/spack-stage/spack-stage-hdf5-1.10.7-xexa2gll6hf6okdatgrxiwhcjs2uepc7/spack-src/src/H5Dselect.c line 230 in H5D__select_io(): write error
    major: Dataspace
    minor: Write failed
  #005: /scratch/spack_cpu/job_21700923/spack-stage/spack-stage-hdf5-1.10.7-xexa2gll6hf6okdatgrxiwhcjs2uepc7/spack-src/src/H5Dcontig.c line 1281 in H5D__contig_writevv(): can't perform vectorized sieve buffer write
    major: Dataset
    minor: Can't operate on object
  #006: /scratch/spack_cpu/job_21700923/spack-stage/spack-stage-hdf5-1.10.7-xexa2gll6hf6okdatgrxiwhcjs2uepc7/spack-src/src/H5VM.c line 1464 in H5VM_opvv(): can't perform operation
    major: Internal error (too specific to document in detail)
    minor: Can't operate on object
  #007: /scratch/spack_cpu/job_21700923/spack-stage/spack-stage-hdf5-1.10.7-xexa2gll6hf6okdatgrxiwhcjs2uepc7/spack-src/src/H5Dcontig.c line 1029 in H5D__contig_writevv_sieve_cb(): block write failed
    major: Dataset
    minor: Write failed
  #008: /scratch/spack_cpu/job_21700923/spack-stage/spack-stage-hdf5-1.10.7-xexa2gll6hf6okdatgrxiwhcjs2uepc7/spack-src/src/H5Fio.c line 161 in H5F_block_write(): write through page buffer failed
    major: Low-level I/O
    minor: Write failed
  #009: /scratch/spack_cpu/job_21700923/spack-stage/spack-stage-hdf5-1.10.7-xexa2gll6hf6okdatgrxiwhcjs2uepc7/spack-src/src/H5PB.c line 1032 in H5PB_write(): write through metadata accumulator failed
    major: Page Buffering
    minor: Write failed
  #010: /scratch/spack_cpu/job_21700923/spack-stage/spack-stage-hdf5-1.10.7-xexa2gll6hf6okdatgrxiwhcjs2uepc7/spack-src/src/H5Faccum.c line 824 in H5F__accum_write(): file write failed
    major: Low-level I/O
    minor: Write failed
  #011: /scratch/spack_cpu/job_21700923/spack-stage/spack-stage-hdf5-1.10.7-xexa2gll6hf6okdatgrxiwhcjs2uepc7/spack-src/src/H5FDint.c line 249 in H5FD_write(): driver write request failed
    major: Virtual File Layer
    minor: Write failed
  #012: /scratch/spack_cpu/job_21700923/spack-stage/spack-stage-hdf5-1.10.7-xexa2gll6hf6okdatgrxiwhcjs2uepc7/spack-src/src/H5FDsec2.c line 856 in H5FD__sec2_write(): file write failed: time = Wed Nov 19 12:00:10 2025
, filename = 'checkpoint.h5', file descriptor = 5, errno = 14, error message = 'Bad address', buf = 0x1555537c4000, total write size = 15969552, bytes this sub-write = 15969552, bytes actually written = 18446744073709551615, offset = 0
    major: Low-level I/O
    minor: Write failed
HDF5-DIAG: Error detected in HDF5 (1.10.7) thread 0:
  #000: /scratch/spack_cpu/job_21700923/spack-stage/spack-stage-hdf5-1.10.7-xexa2gll6hf6okdatgrxiwhcjs2uepc7/spack-src/src/H5Dio.c line 335 in H5Dwrite(): can't write data
    major: Dataset
    minor: Write failed
  #001: /scratch/spack_cpu/job_21700923/spack-stage/spack-stage-hdf5-1.10.7-xexa2gll6hf6okdatgrxiwhcjs2uepc7/spack-src/src/H5Dio.c line 813 in H5D__write(): can't write data
    major: Dataset
    minor: Write failed
  #002: /scratch/spack_cpu/job_21700923/spack-stage/spack-stage-hdf5-1.10.7-xexa2gll6hf6okdatgrxiwhcjs2uepc7/spack-src/src/H5Dcontig.c line 659 in H5D__contig_write(): contiguous write failed
    major: Dataset
    minor: Write failed
  #003: /scratch/spack_cpu/job_21700923/spack-stage/spack-stage-hdf5-1.10.7-xexa2gll6hf6okdatgrxiwhcjs2uepc7/spack-src/src/H5Dselect.c line 321 in H5D__select_write(): write error
    major: Dataspace
    minor: Write failed
  #004: /scratch/spack_cpu/job_21700923/spack-stage/spack-stage-hdf5-1.10.7-xexa2gll6hf6okdatgrxiwhcjs2uepc7/spack-src/src/H5Dselect.c line 230 in H5D__select_io(): write error
    major: Dataspace
    minor: Write failed
  #005: /scratch/spack_cpu/job_21700923/spack-stage/spack-stage-hdf5-1.10.7-xexa2gll6hf6okdatgrxiwhcjs2uepc7/spack-src/src/H5Dcontig.c line 1281 in H5D__contig_writevv(): can't perform vectorized sieve buffer write
    major: Dataset
    minor: Can't operate on object
  #006: /scratch/spack_cpu/job_21700923/spack-stage/spack-stage-hdf5-1.10.7-xexa2gll6hf6okdatgrxiwhcjs2uepc7/spack-src/src/H5VM.c line 1464 in H5VM_opvv(): can't perform operation
    major: Internal error (too specific to document in detail)
    minor: Can't operate on object
  #007: /scratch/spack_cpu/job_21700923/spack-stage/spack-stage-hdf5-1.10.7-xexa2gll6hf6okdatgrxiwhcjs2uepc7/spack-src/src/H5Dcontig.c line 1029 in H5D__contig_writevv_sieve_cb(): block write failed
    major: Dataset
    minor: Write failed
  #008: /scratch/spack_cpu/job_21700923/spack-stage/spack-stage-hdf5-1.10.7-xexa2gll6hf6okdatgrxiwhcjs2uepc7/spack-src/src/H5Fio.c line 161 in H5F_block_write(): write through page buffer failed
    major: Low-level I/O
    minor: Write failed
  #009: /scratch/spack_cpu/job_21700923/spack-stage/spack-stage-hdf5-1.10.7-xexa2gll6hf6okdatgrxiwhcjs2uepc7/spack-src/src/H5PB.c line 1032 in H5PB_write(): write through metadata accumulator failed
    major: Page Buffering
    minor: Write failed
  #010: /scratch/spack_cpu/job_21700923/spack-stage/spack-stage-hdf5-1.10.7-xexa2gll6hf6okdatgrxiwhcjs2uepc7/spack-src/src/H5Faccum.c line 824 in H5F__accum_write(): file write failed
    major: Low-level I/O
    minor: Write failed
  #011: /scratch/spack_cpu/job_21700923/spack-stage/spack-stage-hdf5-1.10.7-xexa2gll6hf6okdatgrxiwhcjs2uepc7/spack-src/src/H5FDint.c line 249 in H5FD_write(): driver write request failed
    major: Virtual File Layer
    minor: Write failed
  #012: /scratch/spack_cpu/job_21700923/spack-stage/spack-stage-hdf5-1.10.7-xexa2gll6hf6okdatgrxiwhcjs2uepc7/spack-src/src/H5FDsec2.c line 856 in H5FD__sec2_write(): file write failed: time = Wed Nov 19 12:02:08 2025
, filename = 'checkpoint.h5', file descriptor = 5, errno = 14, error message = 'Bad address', buf = 0x1555537c4000, total write size = 15969552, bytes this sub-write = 15969552, bytes actually written = 18446744073709551615, offset = 0
    major: Low-level I/O
    minor: Write failed
HDF5-DIAG: Error detected in HDF5 (1.10.7) thread 0:
  #000: /scratch/spack_cpu/job_21700923/spack-stage/spack-stage-hdf5-1.10.7-xexa2gll6hf6okdatgrxiwhcjs2uepc7/spack-src/src/H5Dio.c line 335 in H5Dwrite(): can't write data
    major: Dataset
    minor: Write failed
  #001: /scratch/spack_cpu/job_21700923/spack-stage/spack-stage-hdf5-1.10.7-xexa2gll6hf6okdatgrxiwhcjs2uepc7/spack-src/src/H5Dio.c line 813 in H5D__write(): can't write data
    major: Dataset
    minor: Write failed
  #002: /scratch/spack_cpu/job_21700923/spack-stage/spack-stage-hdf5-1.10.7-xexa2gll6hf6okdatgrxiwhcjs2uepc7/spack-src/src/H5Dcontig.c line 659 in H5D__contig_write(): contiguous write failed
    major: Dataset
    minor: Write failed
  #003: /scratch/spack_cpu/job_21700923/spack-stage/spack-stage-hdf5-1.10.7-xexa2gll6hf6okdatgrxiwhcjs2uepc7/spack-src/src/H5Dselect.c line 321 in H5D__select_write(): write error
    major: Dataspace
    minor: Write failed
  #004: /scratch/spack_cpu/job_21700923/spack-stage/spack-stage-hdf5-1.10.7-xexa2gll6hf6okdatgrxiwhcjs2uepc7/spack-src/src/H5Dselect.c line 230 in H5D__select_io(): write error
    major: Dataspace
    minor: Write failed
  #005: /scratch/spack_cpu/job_21700923/spack-stage/spack-stage-hdf5-1.10.7-xexa2gll6hf6okdatgrxiwhcjs2uepc7/spack-src/src/H5Dcontig.c line 1281 in H5D__contig_writevv(): can't perform vectorized sieve buffer write
    major: Dataset
    minor: Can't operate on object
  #006: /scratch/spack_cpu/job_21700923/spack-stage/spack-stage-hdf5-1.10.7-xexa2gll6hf6okdatgrxiwhcjs2uepc7/spack-src/src/H5VM.c line 1464 in H5VM_opvv(): can't perform operation
    major: Internal error (too specific to document in detail)
    minor: Can't operate on object
  #007: /scratch/spack_cpu/job_21700923/spack-stage/spack-stage-hdf5-1.10.7-xexa2gll6hf6okdatgrxiwhcjs2uepc7/spack-src/src/H5Dcontig.c line 1029 in H5D__contig_writevv_sieve_cb(): block write failed
    major: Dataset
    minor: Write failed
  #008: /scratch/spack_cpu/job_21700923/spack-stage/spack-stage-hdf5-1.10.7-xexa2gll6hf6okdatgrxiwhcjs2uepc7/spack-src/src/H5Fio.c line 161 in H5F_block_write(): write through page buffer failed
    major: Low-level I/O
    minor: Write failed
  #009: /scratch/spack_cpu/job_21700923/spack-stage/spack-stage-hdf5-1.10.7-xexa2gll6hf6okdatgrxiwhcjs2uepc7/spack-src/src/H5PB.c line 1032 in H5PB_write(): write through metadata accumulator failed
    major: Page Buffering
    minor: Write failed
  #010: /scratch/spack_cpu/job_21700923/spack-stage/spack-stage-hdf5-1.10.7-xexa2gll6hf6okdatgrxiwhcjs2uepc7/spack-src/src/H5Faccum.c line 824 in H5F__accum_write(): file write failed
    major: Low-level I/O
    minor: Write failed
  #011: /scratch/spack_cpu/job_21700923/spack-stage/spack-stage-hdf5-1.10.7-xexa2gll6hf6okdatgrxiwhcjs2uepc7/spack-src/src/H5FDint.c line 249 in H5FD_write(): driver write request failed
    major: Virtual File Layer
    minor: Write failed
  #012: /scratch/spack_cpu/job_21700923/spack-stage/spack-stage-hdf5-1.10.7-xexa2gll6hf6okdatgrxiwhcjs2uepc7/spack-src/src/H5FDsec2.c line 856 in H5FD__sec2_write(): file write failed: time = Wed Nov 19 12:04:03 2025
, filename = 'checkpoint.h5', file descriptor = 5, errno = 14, error message = 'Bad address', buf = 0x1555537c4000, total write size = 15969552, bytes this sub-write = 15969552, bytes actually written = 18446744073709551615, offset = 0
    major: Low-level I/O
    minor: Write failed
HDF5-DIAG: Error detected in HDF5 (1.10.7) thread 0:
  #000: /scratch/spack_cpu/job_21700923/spack-stage/spack-stage-hdf5-1.10.7-xexa2gll6hf6okdatgrxiwhcjs2uepc7/spack-src/src/H5Dio.c line 335 in H5Dwrite(): can't write data
    major: Dataset
    minor: Write failed
  #001: /scratch/spack_cpu/job_21700923/spack-stage/spack-stage-hdf5-1.10.7-xexa2gll6hf6okdatgrxiwhcjs2uepc7/spack-src/src/H5Dio.c line 813 in H5D__write(): can't write data
    major: Dataset
    minor: Write failed
  #002: /scratch/spack_cpu/job_21700923/spack-stage/spack-stage-hdf5-1.10.7-xexa2gll6hf6okdatgrxiwhcjs2uepc7/spack-src/src/H5Dcontig.c line 659 in H5D__contig_write(): contiguous write failed
    major: Dataset
    minor: Write failed
  #003: /scratch/spack_cpu/job_21700923/spack-stage/spack-stage-hdf5-1.10.7-xexa2gll6hf6okdatgrxiwhcjs2uepc7/spack-src/src/H5Dselect.c line 321 in H5D__select_write(): write error
    major: Dataspace
    minor: Write failed
  #004: /scratch/spack_cpu/job_21700923/spack-stage/spack-stage-hdf5-1.10.7-xexa2gll6hf6okdatgrxiwhcjs2uepc7/spack-src/src/H5Dselect.c line 230 in H5D__select_io(): write error
    major: Dataspace
    minor: Write failed
  #005: /scratch/spack_cpu/job_21700923/spack-stage/spack-stage-hdf5-1.10.7-xexa2gll6hf6okdatgrxiwhcjs2uepc7/spack-src/src/H5Dcontig.c line 1281 in H5D__contig_writevv(): can't perform vectorized sieve buffer write
    major: Dataset
    minor: Can't operate on object
  #006: /scratch/spack_cpu/job_21700923/spack-stage/spack-stage-hdf5-1.10.7-xexa2gll6hf6okdatgrxiwhcjs2uepc7/spack-src/src/H5VM.c line 1464 in H5VM_opvv(): can't perform operation
    major: Internal error (too specific to document in detail)
    minor: Can't operate on object
  #007: /scratch/spack_cpu/job_21700923/spack-stage/spack-stage-hdf5-1.10.7-xexa2gll6hf6okdatgrxiwhcjs2uepc7/spack-src/src/H5Dcontig.c line 1029 in H5D__contig_writevv_sieve_cb(): block write failed
    major: Dataset
    minor: Write failed
  #008: /scratch/spack_cpu/job_21700923/spack-stage/spack-stage-hdf5-1.10.7-xexa2gll6hf6okdatgrxiwhcjs2uepc7/spack-src/src/H5Fio.c line 161 in H5F_block_write(): write through page buffer failed
    major: Low-level I/O
    minor: Write failed
  #009: /scratch/spack_cpu/job_21700923/spack-stage/spack-stage-hdf5-1.10.7-xexa2gll6hf6okdatgrxiwhcjs2uepc7/spack-src/src/H5PB.c line 1032 in H5PB_write(): write through metadata accumulator failed
    major: Page Buffering
    minor: Write failed
  #010: /scratch/spack_cpu/job_21700923/spack-stage/spack-stage-hdf5-1.10.7-xexa2gll6hf6okdatgrxiwhcjs2uepc7/spack-src/src/H5Faccum.c line 824 in H5F__accum_write(): file write failed
    major: Low-level I/O
    minor: Write failed
  #011: /scratch/spack_cpu/job_21700923/spack-stage/spack-stage-hdf5-1.10.7-xexa2gll6hf6okdatgrxiwhcjs2uepc7/spack-src/src/H5FDint.c line 249 in H5FD_write(): driver write request failed
    major: Virtual File Layer
    minor: Write failed
  #012: /scratch/spack_cpu/job_21700923/spack-stage/spack-stage-hdf5-1.10.7-xexa2gll6hf6okdatgrxiwhcjs2uepc7/spack-src/src/H5FDsec2.c line 856 in H5FD__sec2_write(): file write failed: time = Wed Nov 19 12:06:05 2025
, filename = 'checkpoint.h5', file descriptor = 5, errno = 14, error message = 'Bad address', buf = 0x1555537c4000, total write size = 15969552, bytes this sub-write = 15969552, bytes actually written = 18446744073709551615, offset = 0
    major: Low-level I/O
    minor: Write failed
HDF5-DIAG: Error detected in HDF5 (1.10.7) thread 0:
  #000: /scratch/spack_cpu/job_21700923/spack-stage/spack-stage-hdf5-1.10.7-xexa2gll6hf6okdatgrxiwhcjs2uepc7/spack-src/src/H5Dio.c line 335 in H5Dwrite(): can't write data
    major: Dataset
    minor: Write failed
  #001: /scratch/spack_cpu/job_21700923/spack-stage/spack-stage-hdf5-1.10.7-xexa2gll6hf6okdatgrxiwhcjs2uepc7/spack-src/src/H5Dio.c line 813 in H5D__write(): can't write data
    major: Dataset
    minor: Write failed
  #002: /scratch/spack_cpu/job_21700923/spack-stage/spack-stage-hdf5-1.10.7-xexa2gll6hf6okdatgrxiwhcjs2uepc7/spack-src/src/H5Dcontig.c line 659 in H5D__contig_write(): contiguous write failed
    major: Dataset
    minor: Write failed
  #003: /scratch/spack_cpu/job_21700923/spack-stage/spack-stage-hdf5-1.10.7-xexa2gll6hf6okdatgrxiwhcjs2uepc7/spack-src/src/H5Dselect.c line 321 in H5D__select_write(): write error
    major: Dataspace
    minor: Write failed
  #004: /scratch/spack_cpu/job_21700923/spack-stage/spack-stage-hdf5-1.10.7-xexa2gll6hf6okdatgrxiwhcjs2uepc7/spack-src/src/H5Dselect.c line 230 in H5D__select_io(): write error
    major: Dataspace
    minor: Write failed
  #005: /scratch/spack_cpu/job_21700923/spack-stage/spack-stage-hdf5-1.10.7-xexa2gll6hf6okdatgrxiwhcjs2uepc7/spack-src/src/H5Dcontig.c line 1281 in H5D__contig_writevv(): can't perform vectorized sieve buffer write
    major: Dataset
    minor: Can't operate on object
  #006: /scratch/spack_cpu/job_21700923/spack-stage/spack-stage-hdf5-1.10.7-xexa2gll6hf6okdatgrxiwhcjs2uepc7/spack-src/src/H5VM.c line 1464 in H5VM_opvv(): can't perform operation
    major: Internal error (too specific to document in detail)
    minor: Can't operate on object
  #007: /scratch/spack_cpu/job_21700923/spack-stage/spack-stage-hdf5-1.10.7-xexa2gll6hf6okdatgrxiwhcjs2uepc7/spack-src/src/H5Dcontig.c line 1029 in H5D__contig_writevv_sieve_cb(): block write failed
    major: Dataset
    minor: Write failed
  #008: /scratch/spack_cpu/job_21700923/spack-stage/spack-stage-hdf5-1.10.7-xexa2gll6hf6okdatgrxiwhcjs2uepc7/spack-src/src/H5Fio.c line 161 in H5F_block_write(): write through page buffer failed
    major: Low-level I/O
    minor: Write failed
  #009: /scratch/spack_cpu/job_21700923/spack-stage/spack-stage-hdf5-1.10.7-xexa2gll6hf6okdatgrxiwhcjs2uepc7/spack-src/src/H5PB.c line 1032 in H5PB_write(): write through metadata accumulator failed
    major: Page Buffering
    minor: Write failed
  #010: /scratch/spack_cpu/job_21700923/spack-stage/spack-stage-hdf5-1.10.7-xexa2gll6hf6okdatgrxiwhcjs2uepc7/spack-src/src/H5Faccum.c line 824 in H5F__accum_write(): file write failed
    major: Low-level I/O
    minor: Write failed
  #011: /scratch/spack_cpu/job_21700923/spack-stage/spack-stage-hdf5-1.10.7-xexa2gll6hf6okdatgrxiwhcjs2uepc7/spack-src/src/H5FDint.c line 249 in H5FD_write(): driver write request failed
    major: Virtual File Layer
    minor: Write failed
  #012: /scratch/spack_cpu/job_21700923/spack-stage/spack-stage-hdf5-1.10.7-xexa2gll6hf6okdatgrxiwhcjs2uepc7/spack-src/src/H5FDsec2.c line 856 in H5FD__sec2_write(): file write failed: time = Wed Nov 19 12:08:04 2025
, filename = 'checkpoint.h5', file descriptor = 5, errno = 14, error message = 'Bad address', buf = 0x1555537c4000, total write size = 15969552, bytes this sub-write = 15969552, bytes actually written = 18446744073709551615, offset = 0
    major: Low-level I/O
    minor: Write failed
HDF5-DIAG: Error detected in HDF5 (1.10.7) thread 0:
  #000: /scratch/spack_cpu/job_21700923/spack-stage/spack-stage-hdf5-1.10.7-xexa2gll6hf6okdatgrxiwhcjs2uepc7/spack-src/src/H5Dio.c line 335 in H5Dwrite(): can't write data
    major: Dataset
    minor: Write failed
  #001: /scratch/spack_cpu/job_21700923/spack-stage/spack-stage-hdf5-1.10.7-xexa2gll6hf6okdatgrxiwhcjs2uepc7/spack-src/src/H5Dio.c line 813 in H5D__write(): can't write data
    major: Dataset
    minor: Write failed
  #002: /scratch/spack_cpu/job_21700923/spack-stage/spack-stage-hdf5-1.10.7-xexa2gll6hf6okdatgrxiwhcjs2uepc7/spack-src/src/H5Dcontig.c line 659 in H5D__contig_write(): contiguous write failed
    major: Dataset
    minor: Write failed
  #003: /scratch/spack_cpu/job_21700923/spack-stage/spack-stage-hdf5-1.10.7-xexa2gll6hf6okdatgrxiwhcjs2uepc7/spack-src/src/H5Dselect.c line 321 in H5D__select_write(): write error
    major: Dataspace
    minor: Write failed
  #004: /scratch/spack_cpu/job_21700923/spack-stage/spack-stage-hdf5-1.10.7-xexa2gll6hf6okdatgrxiwhcjs2uepc7/spack-src/src/H5Dselect.c line 230 in H5D__select_io(): write error
    major: Dataspace
    minor: Write failed
  #005: /scratch/spack_cpu/job_21700923/spack-stage/spack-stage-hdf5-1.10.7-xexa2gll6hf6okdatgrxiwhcjs2uepc7/spack-src/src/H5Dcontig.c line 1281 in H5D__contig_writevv(): can't perform vectorized sieve buffer write
    major: Dataset
    minor: Can't operate on object
  #006: /scratch/spack_cpu/job_21700923/spack-stage/spack-stage-hdf5-1.10.7-xexa2gll6hf6okdatgrxiwhcjs2uepc7/spack-src/src/H5VM.c line 1464 in H5VM_opvv(): can't perform operation
    major: Internal error (too specific to document in detail)
    minor: Can't operate on object
  #007: /scratch/spack_cpu/job_21700923/spack-stage/spack-stage-hdf5-1.10.7-xexa2gll6hf6okdatgrxiwhcjs2uepc7/spack-src/src/H5Dcontig.c line 1029 in H5D__contig_writevv_sieve_cb(): block write failed
    major: Dataset
    minor: Write failed
  #008: /scratch/spack_cpu/job_21700923/spack-stage/spack-stage-hdf5-1.10.7-xexa2gll6hf6okdatgrxiwhcjs2uepc7/spack-src/src/H5Fio.c line 161 in H5F_block_write(): write through page buffer failed
    major: Low-level I/O
    minor: Write failed
  #009: /scratch/spack_cpu/job_21700923/spack-stage/spack-stage-hdf5-1.10.7-xexa2gll6hf6okdatgrxiwhcjs2uepc7/spack-src/src/H5PB.c line 1032 in H5PB_write(): write through metadata accumulator failed
    major: Page Buffering
    minor: Write failed
  #010: /scratch/spack_cpu/job_21700923/spack-stage/spack-stage-hdf5-1.10.7-xexa2gll6hf6okdatgrxiwhcjs2uepc7/spack-src/src/H5Faccum.c line 824 in H5F__accum_write(): file write failed
    major: Low-level I/O
    minor: Write failed
  #011: /scratch/spack_cpu/job_21700923/spack-stage/spack-stage-hdf5-1.10.7-xexa2gll6hf6okdatgrxiwhcjs2uepc7/spack-src/src/H5FDint.c line 249 in H5FD_write(): driver write request failed
    major: Virtual File Layer
    minor: Write failed
  #012: /scratch/spack_cpu/job_21700923/spack-stage/spack-stage-hdf5-1.10.7-xexa2gll6hf6okdatgrxiwhcjs2uepc7/spack-src/src/H5FDsec2.c line 856 in H5FD__sec2_write(): file write failed: time = Wed Nov 19 12:10:50 2025
, filename = 'checkpoint.h5', file descriptor = 5, errno = 14, error message = 'Bad address', buf = 0x1555537c4000, total write size = 15969552, bytes this sub-write = 15969552, bytes actually written = 18446744073709551615, offset = 0
    major: Low-level I/O
    minor: Write failed
HDF5-DIAG: Error detected in HDF5 (1.10.7) thread 0:
  #000: /scratch/spack_cpu/job_21700923/spack-stage/spack-stage-hdf5-1.10.7-xexa2gll6hf6okdatgrxiwhcjs2uepc7/spack-src/src/H5Dio.c line 335 in H5Dwrite(): can't write data
    major: Dataset
    minor: Write failed
  #001: /scratch/spack_cpu/job_21700923/spack-stage/spack-stage-hdf5-1.10.7-xexa2gll6hf6okdatgrxiwhcjs2uepc7/spack-src/src/H5Dio.c line 813 in H5D__write(): can't write data
    major: Dataset
    minor: Write failed
  #002: /scratch/spack_cpu/job_21700923/spack-stage/spack-stage-hdf5-1.10.7-xexa2gll6hf6okdatgrxiwhcjs2uepc7/spack-src/src/H5Dcontig.c line 659 in H5D__contig_write(): contiguous write failed
    major: Dataset
    minor: Write failed
  #003: /scratch/spack_cpu/job_21700923/spack-stage/spack-stage-hdf5-1.10.7-xexa2gll6hf6okdatgrxiwhcjs2uepc7/spack-src/src/H5Dselect.c line 321 in H5D__select_write(): write error
    major: Dataspace
    minor: Write failed
  #004: /scratch/spack_cpu/job_21700923/spack-stage/spack-stage-hdf5-1.10.7-xexa2gll6hf6okdatgrxiwhcjs2uepc7/spack-src/src/H5Dselect.c line 230 in H5D__select_io(): write error
    major: Dataspace
    minor: Write failed
  #005: /scratch/spack_cpu/job_21700923/spack-stage/spack-stage-hdf5-1.10.7-xexa2gll6hf6okdatgrxiwhcjs2uepc7/spack-src/src/H5Dcontig.c line 1281 in H5D__contig_writevv(): can't perform vectorized sieve buffer write
    major: Dataset
    minor: Can't operate on object
  #006: /scratch/spack_cpu/job_21700923/spack-stage/spack-stage-hdf5-1.10.7-xexa2gll6hf6okdatgrxiwhcjs2uepc7/spack-src/src/H5VM.c line 1464 in H5VM_opvv(): can't perform operation
    major: Internal error (too specific to document in detail)
    minor: Can't operate on object
  #007: /scratch/spack_cpu/job_21700923/spack-stage/spack-stage-hdf5-1.10.7-xexa2gll6hf6okdatgrxiwhcjs2uepc7/spack-src/src/H5Dcontig.c line 1029 in H5D__contig_writevv_sieve_cb(): block write failed
    major: Dataset
    minor: Write failed
  #008: /scratch/spack_cpu/job_21700923/spack-stage/spack-stage-hdf5-1.10.7-xexa2gll6hf6okdatgrxiwhcjs2uepc7/spack-src/src/H5Fio.c line 161 in H5F_block_write(): write through page buffer failed
    major: Low-level I/O
    minor: Write failed
  #009: /scratch/spack_cpu/job_21700923/spack-stage/spack-stage-hdf5-1.10.7-xexa2gll6hf6okdatgrxiwhcjs2uepc7/spack-src/src/H5PB.c line 1032 in H5PB_write(): write through metadata accumulator failed
    major: Page Buffering
    minor: Write failed
  #010: /scratch/spack_cpu/job_21700923/spack-stage/spack-stage-hdf5-1.10.7-xexa2gll6hf6okdatgrxiwhcjs2uepc7/spack-src/src/H5Faccum.c line 824 in H5F__accum_write(): file write failed
    major: Low-level I/O
    minor: Write failed
  #011: /scratch/spack_cpu/job_21700923/spack-stage/spack-stage-hdf5-1.10.7-xexa2gll6hf6okdatgrxiwhcjs2uepc7/spack-src/src/H5FDint.c line 249 in H5FD_write(): driver write request failed
    major: Virtual File Layer
    minor: Write failed
  #012: /scratch/spack_cpu/job_21700923/spack-stage/spack-stage-hdf5-1.10.7-xexa2gll6hf6okdatgrxiwhcjs2uepc7/spack-src/src/H5FDsec2.c line 856 in H5FD__sec2_write(): file write failed: time = Wed Nov 19 12:12:53 2025
, filename = 'checkpoint.h5', file descriptor = 5, errno = 14, error message = 'Bad address', buf = 0x1555537c4000, total write size = 15969552, bytes this sub-write = 15969552, bytes actually written = 18446744073709551615, offset = 0
    major: Low-level I/O
    minor: Write failed
HDF5-DIAG: Error detected in HDF5 (1.10.7) thread 0:
  #000: /scratch/spack_cpu/job_21700923/spack-stage/spack-stage-hdf5-1.10.7-xexa2gll6hf6okdatgrxiwhcjs2uepc7/spack-src/src/H5Dio.c line 335 in H5Dwrite(): can't write data
    major: Dataset
    minor: Write failed
  #001: /scratch/spack_cpu/job_21700923/spack-stage/spack-stage-hdf5-1.10.7-xexa2gll6hf6okdatgrxiwhcjs2uepc7/spack-src/src/H5Dio.c line 813 in H5D__write(): can't write data
    major: Dataset
    minor: Write failed
  #002: /scratch/spack_cpu/job_21700923/spack-stage/spack-stage-hdf5-1.10.7-xexa2gll6hf6okdatgrxiwhcjs2uepc7/spack-src/src/H5Dcontig.c line 659 in H5D__contig_write(): contiguous write failed
    major: Dataset
    minor: Write failed
  #003: /scratch/spack_cpu/job_21700923/spack-stage/spack-stage-hdf5-1.10.7-xexa2gll6hf6okdatgrxiwhcjs2uepc7/spack-src/src/H5Dselect.c line 321 in H5D__select_write(): write error
    major: Dataspace
    minor: Write failed
  #004: /scratch/spack_cpu/job_21700923/spack-stage/spack-stage-hdf5-1.10.7-xexa2gll6hf6okdatgrxiwhcjs2uepc7/spack-src/src/H5Dselect.c line 230 in H5D__select_io(): write error
    major: Dataspace
    minor: Write failed
  #005: /scratch/spack_cpu/job_21700923/spack-stage/spack-stage-hdf5-1.10.7-xexa2gll6hf6okdatgrxiwhcjs2uepc7/spack-src/src/H5Dcontig.c line 1281 in H5D__contig_writevv(): can't perform vectorized sieve buffer write
    major: Dataset
    minor: Can't operate on object
  #006: /scratch/spack_cpu/job_21700923/spack-stage/spack-stage-hdf5-1.10.7-xexa2gll6hf6okdatgrxiwhcjs2uepc7/spack-src/src/H5VM.c line 1464 in H5VM_opvv(): can't perform operation
    major: Internal error (too specific to document in detail)
    minor: Can't operate on object
  #007: /scratch/spack_cpu/job_21700923/spack-stage/spack-stage-hdf5-1.10.7-xexa2gll6hf6okdatgrxiwhcjs2uepc7/spack-src/src/H5Dcontig.c line 1029 in H5D__contig_writevv_sieve_cb(): block write failed
    major: Dataset
    minor: Write failed
  #008: /scratch/spack_cpu/job_21700923/spack-stage/spack-stage-hdf5-1.10.7-xexa2gll6hf6okdatgrxiwhcjs2uepc7/spack-src/src/H5Fio.c line 161 in H5F_block_write(): write through page buffer failed
    major: Low-level I/O
    minor: Write failed
  #009: /scratch/spack_cpu/job_21700923/spack-stage/spack-stage-hdf5-1.10.7-xexa2gll6hf6okdatgrxiwhcjs2uepc7/spack-src/src/H5PB.c line 1032 in H5PB_write(): write through metadata accumulator failed
    major: Page Buffering
    minor: Write failed
  #010: /scratch/spack_cpu/job_21700923/spack-stage/spack-stage-hdf5-1.10.7-xexa2gll6hf6okdatgrxiwhcjs2uepc7/spack-src/src/H5Faccum.c line 824 in H5F__accum_write(): file write failed
    major: Low-level I/O
    minor: Write failed
  #011: /scratch/spack_cpu/job_21700923/spack-stage/spack-stage-hdf5-1.10.7-xexa2gll6hf6okdatgrxiwhcjs2uepc7/spack-src/src/H5FDint.c line 249 in H5FD_write(): driver write request failed
    major: Virtual File Layer
    minor: Write failed
  #012: /scratch/spack_cpu/job_21700923/spack-stage/spack-stage-hdf5-1.10.7-xexa2gll6hf6okdatgrxiwhcjs2uepc7/spack-src/src/H5FDsec2.c line 856 in H5FD__sec2_write(): file write failed: time = Wed Nov 19 12:14:56 2025
, filename = 'checkpoint.h5', file descriptor = 5, errno = 14, error message = 'Bad address', buf = 0x1555537c4000, total write size = 15969552, bytes this sub-write = 15969552, bytes actually written = 18446744073709551615, offset = 0
    major: Low-level I/O
    minor: Write failed
HDF5-DIAG: Error detected in HDF5 (1.10.7) thread 0:
  #000: /scratch/spack_cpu/job_21700923/spack-stage/spack-stage-hdf5-1.10.7-xexa2gll6hf6okdatgrxiwhcjs2uepc7/spack-src/src/H5Dio.c line 335 in H5Dwrite(): can't write data
    major: Dataset
    minor: Write failed
  #001: /scratch/spack_cpu/job_21700923/spack-stage/spack-stage-hdf5-1.10.7-xexa2gll6hf6okdatgrxiwhcjs2uepc7/spack-src/src/H5Dio.c line 813 in H5D__write(): can't write data
    major: Dataset
    minor: Write failed
  #002: /scratch/spack_cpu/job_21700923/spack-stage/spack-stage-hdf5-1.10.7-xexa2gll6hf6okdatgrxiwhcjs2uepc7/spack-src/src/H5Dcontig.c line 659 in H5D__contig_write(): contiguous write failed
    major: Dataset
    minor: Write failed
  #003: /scratch/spack_cpu/job_21700923/spack-stage/spack-stage-hdf5-1.10.7-xexa2gll6hf6okdatgrxiwhcjs2uepc7/spack-src/src/H5Dselect.c line 321 in H5D__select_write(): write error
    major: Dataspace
    minor: Write failed
  #004: /scratch/spack_cpu/job_21700923/spack-stage/spack-stage-hdf5-1.10.7-xexa2gll6hf6okdatgrxiwhcjs2uepc7/spack-src/src/H5Dselect.c line 230 in H5D__select_io(): write error
    major: Dataspace
    minor: Write failed
  #005: /scratch/spack_cpu/job_21700923/spack-stage/spack-stage-hdf5-1.10.7-xexa2gll6hf6okdatgrxiwhcjs2uepc7/spack-src/src/H5Dcontig.c line 1281 in H5D__contig_writevv(): can't perform vectorized sieve buffer write
    major: Dataset
    minor: Can't operate on object
  #006: /scratch/spack_cpu/job_21700923/spack-stage/spack-stage-hdf5-1.10.7-xexa2gll6hf6okdatgrxiwhcjs2uepc7/spack-src/src/H5VM.c line 1464 in H5VM_opvv(): can't perform operation
    major: Internal error (too specific to document in detail)
    minor: Can't operate on object
  #007: /scratch/spack_cpu/job_21700923/spack-stage/spack-stage-hdf5-1.10.7-xexa2gll6hf6okdatgrxiwhcjs2uepc7/spack-src/src/H5Dcontig.c line 1029 in H5D__contig_writevv_sieve_cb(): block write failed
    major: Dataset
    minor: Write failed
  #008: /scratch/spack_cpu/job_21700923/spack-stage/spack-stage-hdf5-1.10.7-xexa2gll6hf6okdatgrxiwhcjs2uepc7/spack-src/src/H5Fio.c line 161 in H5F_block_write(): write through page buffer failed
    major: Low-level I/O
    minor: Write failed
  #009: /scratch/spack_cpu/job_21700923/spack-stage/spack-stage-hdf5-1.10.7-xexa2gll6hf6okdatgrxiwhcjs2uepc7/spack-src/src/H5PB.c line 1032 in H5PB_write(): write through metadata accumulator failed
    major: Page Buffering
    minor: Write failed
  #010: /scratch/spack_cpu/job_21700923/spack-stage/spack-stage-hdf5-1.10.7-xexa2gll6hf6okdatgrxiwhcjs2uepc7/spack-src/src/H5Faccum.c line 824 in H5F__accum_write(): file write failed
    major: Low-level I/O
    minor: Write failed
  #011: /scratch/spack_cpu/job_21700923/spack-stage/spack-stage-hdf5-1.10.7-xexa2gll6hf6okdatgrxiwhcjs2uepc7/spack-src/src/H5FDint.c line 249 in H5FD_write(): driver write request failed
    major: Virtual File Layer
    minor: Write failed
  #012: /scratch/spack_cpu/job_21700923/spack-stage/spack-stage-hdf5-1.10.7-xexa2gll6hf6okdatgrxiwhcjs2uepc7/spack-src/src/H5FDsec2.c line 856 in H5FD__sec2_write(): file write failed: time = Wed Nov 19 12:16:54 2025
, filename = 'checkpoint.h5', file descriptor = 5, errno = 14, error message = 'Bad address', buf = 0x1555537c4000, total write size = 15969552, bytes this sub-write = 15969552, bytes actually written = 18446744073709551615, offset = 0
    major: Low-level I/O
    minor: Write failed
HDF5-DIAG: Error detected in HDF5 (1.10.7) thread 0:
  #000: /scratch/spack_cpu/job_21700923/spack-stage/spack-stage-hdf5-1.10.7-xexa2gll6hf6okdatgrxiwhcjs2uepc7/spack-src/src/H5Dio.c line 335 in H5Dwrite(): can't write data
    major: Dataset
    minor: Write failed
  #001: /scratch/spack_cpu/job_21700923/spack-stage/spack-stage-hdf5-1.10.7-xexa2gll6hf6okdatgrxiwhcjs2uepc7/spack-src/src/H5Dio.c line 813 in H5D__write(): can't write data
    major: Dataset
    minor: Write failed
  #002: /scratch/spack_cpu/job_21700923/spack-stage/spack-stage-hdf5-1.10.7-xexa2gll6hf6okdatgrxiwhcjs2uepc7/spack-src/src/H5Dcontig.c line 659 in H5D__contig_write(): contiguous write failed
    major: Dataset
    minor: Write failed
  #003: /scratch/spack_cpu/job_21700923/spack-stage/spack-stage-hdf5-1.10.7-xexa2gll6hf6okdatgrxiwhcjs2uepc7/spack-src/src/H5Dselect.c line 321 in H5D__select_write(): write error
    major: Dataspace
    minor: Write failed
  #004: /scratch/spack_cpu/job_21700923/spack-stage/spack-stage-hdf5-1.10.7-xexa2gll6hf6okdatgrxiwhcjs2uepc7/spack-src/src/H5Dselect.c line 230 in H5D__select_io(): write error
    major: Dataspace
    minor: Write failed
  #005: /scratch/spack_cpu/job_21700923/spack-stage/spack-stage-hdf5-1.10.7-xexa2gll6hf6okdatgrxiwhcjs2uepc7/spack-src/src/H5Dcontig.c line 1281 in H5D__contig_writevv(): can't perform vectorized sieve buffer write
    major: Dataset
    minor: Can't operate on object
  #006: /scratch/spack_cpu/job_21700923/spack-stage/spack-stage-hdf5-1.10.7-xexa2gll6hf6okdatgrxiwhcjs2uepc7/spack-src/src/H5VM.c line 1464 in H5VM_opvv(): can't perform operation
    major: Internal error (too specific to document in detail)
    minor: Can't operate on object
  #007: /scratch/spack_cpu/job_21700923/spack-stage/spack-stage-hdf5-1.10.7-xexa2gll6hf6okdatgrxiwhcjs2uepc7/spack-src/src/H5Dcontig.c line 1029 in H5D__contig_writevv_sieve_cb(): block write failed
    major: Dataset
    minor: Write failed
  #008: /scratch/spack_cpu/job_21700923/spack-stage/spack-stage-hdf5-1.10.7-xexa2gll6hf6okdatgrxiwhcjs2uepc7/spack-src/src/H5Fio.c line 161 in H5F_block_write(): write through page buffer failed
    major: Low-level I/O
    minor: Write failed
  #009: /scratch/spack_cpu/job_21700923/spack-stage/spack-stage-hdf5-1.10.7-xexa2gll6hf6okdatgrxiwhcjs2uepc7/spack-src/src/H5PB.c line 1032 in H5PB_write(): write through metadata accumulator failed
    major: Page Buffering
    minor: Write failed
  #010: /scratch/spack_cpu/job_21700923/spack-stage/spack-stage-hdf5-1.10.7-xexa2gll6hf6okdatgrxiwhcjs2uepc7/spack-src/src/H5Faccum.c line 824 in H5F__accum_write(): file write failed
    major: Low-level I/O
    minor: Write failed
  #011: /scratch/spack_cpu/job_21700923/spack-stage/spack-stage-hdf5-1.10.7-xexa2gll6hf6okdatgrxiwhcjs2uepc7/spack-src/src/H5FDint.c line 249 in H5FD_write(): driver write request failed
    major: Virtual File Layer
    minor: Write failed
  #012: /scratch/spack_cpu/job_21700923/spack-stage/spack-stage-hdf5-1.10.7-xexa2gll6hf6okdatgrxiwhcjs2uepc7/spack-src/src/H5FDsec2.c line 856 in H5FD__sec2_write(): file write failed: time = Wed Nov 19 12:18:50 2025
, filename = 'checkpoint.h5', file descriptor = 5, errno = 14, error message = 'Bad address', buf = 0x1555537c4000, total write size = 15969552, bytes this sub-write = 15969552, bytes actually written = 18446744073709551615, offset = 0
    major: Low-level I/O
    minor: Write failed
HDF5-DIAG: Error detected in HDF5 (1.10.7) thread 0:
  #000: /scratch/spack_cpu/job_21700923/spack-stage/spack-stage-hdf5-1.10.7-xexa2gll6hf6okdatgrxiwhcjs2uepc7/spack-src/src/H5Dio.c line 335 in H5Dwrite(): can't write data
    major: Dataset
    minor: Write failed
  #001: /scratch/spack_cpu/job_21700923/spack-stage/spack-stage-hdf5-1.10.7-xexa2gll6hf6okdatgrxiwhcjs2uepc7/spack-src/src/H5Dio.c line 813 in H5D__write(): can't write data
    major: Dataset
    minor: Write failed
  #002: /scratch/spack_cpu/job_21700923/spack-stage/spack-stage-hdf5-1.10.7-xexa2gll6hf6okdatgrxiwhcjs2uepc7/spack-src/src/H5Dcontig.c line 659 in H5D__contig_write(): contiguous write failed
    major: Dataset
    minor: Write failed
  #003: /scratch/spack_cpu/job_21700923/spack-stage/spack-stage-hdf5-1.10.7-xexa2gll6hf6okdatgrxiwhcjs2uepc7/spack-src/src/H5Dselect.c line 321 in H5D__select_write(): write error
    major: Dataspace
    minor: Write failed
  #004: /scratch/spack_cpu/job_21700923/spack-stage/spack-stage-hdf5-1.10.7-xexa2gll6hf6okdatgrxiwhcjs2uepc7/spack-src/src/H5Dselect.c line 230 in H5D__select_io(): write error
    major: Dataspace
    minor: Write failed
  #005: /scratch/spack_cpu/job_21700923/spack-stage/spack-stage-hdf5-1.10.7-xexa2gll6hf6okdatgrxiwhcjs2uepc7/spack-src/src/H5Dcontig.c line 1281 in H5D__contig_writevv(): can't perform vectorized sieve buffer write
    major: Dataset
    minor: Can't operate on object
  #006: /scratch/spack_cpu/job_21700923/spack-stage/spack-stage-hdf5-1.10.7-xexa2gll6hf6okdatgrxiwhcjs2uepc7/spack-src/src/H5VM.c line 1464 in H5VM_opvv(): can't perform operation
    major: Internal error (too specific to document in detail)
    minor: Can't operate on object
  #007: /scratch/spack_cpu/job_21700923/spack-stage/spack-stage-hdf5-1.10.7-xexa2gll6hf6okdatgrxiwhcjs2uepc7/spack-src/src/H5Dcontig.c line 1029 in H5D__contig_writevv_sieve_cb(): block write failed
    major: Dataset
    minor: Write failed
  #008: /scratch/spack_cpu/job_21700923/spack-stage/spack-stage-hdf5-1.10.7-xexa2gll6hf6okdatgrxiwhcjs2uepc7/spack-src/src/H5Fio.c line 161 in H5F_block_write(): write through page buffer failed
    major: Low-level I/O
    minor: Write failed
  #009: /scratch/spack_cpu/job_21700923/spack-stage/spack-stage-hdf5-1.10.7-xexa2gll6hf6okdatgrxiwhcjs2uepc7/spack-src/src/H5PB.c line 1032 in H5PB_write(): write through metadata accumulator failed
    major: Page Buffering
    minor: Write failed
  #010: /scratch/spack_cpu/job_21700923/spack-stage/spack-stage-hdf5-1.10.7-xexa2gll6hf6okdatgrxiwhcjs2uepc7/spack-src/src/H5Faccum.c line 824 in H5F__accum_write(): file write failed
    major: Low-level I/O
    minor: Write failed
  #011: /scratch/spack_cpu/job_21700923/spack-stage/spack-stage-hdf5-1.10.7-xexa2gll6hf6okdatgrxiwhcjs2uepc7/spack-src/src/H5FDint.c line 249 in H5FD_write(): driver write request failed
    major: Virtual File Layer
    minor: Write failed
  #012: /scratch/spack_cpu/job_21700923/spack-stage/spack-stage-hdf5-1.10.7-xexa2gll6hf6okdatgrxiwhcjs2uepc7/spack-src/src/H5FDsec2.c line 856 in H5FD__sec2_write(): file write failed: time = Wed Nov 19 12:20:47 2025
, filename = 'checkpoint.h5', file descriptor = 5, errno = 14, error message = 'Bad address', buf = 0x1555537c4000, total write size = 15969552, bytes this sub-write = 15969552, bytes actually written = 18446744073709551615, offset = 0
    major: Low-level I/O
    minor: Write failed
HDF5-DIAG: Error detected in HDF5 (1.10.7) thread 0:
  #000: /scratch/spack_cpu/job_21700923/spack-stage/spack-stage-hdf5-1.10.7-xexa2gll6hf6okdatgrxiwhcjs2uepc7/spack-src/src/H5Dio.c line 335 in H5Dwrite(): can't write data
    major: Dataset
    minor: Write failed
  #001: /scratch/spack_cpu/job_21700923/spack-stage/spack-stage-hdf5-1.10.7-xexa2gll6hf6okdatgrxiwhcjs2uepc7/spack-src/src/H5Dio.c line 813 in H5D__write(): can't write data
    major: Dataset
    minor: Write failed
  #002: /scratch/spack_cpu/job_21700923/spack-stage/spack-stage-hdf5-1.10.7-xexa2gll6hf6okdatgrxiwhcjs2uepc7/spack-src/src/H5Dcontig.c line 659 in H5D__contig_write(): contiguous write failed
    major: Dataset
    minor: Write failed
  #003: /scratch/spack_cpu/job_21700923/spack-stage/spack-stage-hdf5-1.10.7-xexa2gll6hf6okdatgrxiwhcjs2uepc7/spack-src/src/H5Dselect.c line 321 in H5D__select_write(): write error
    major: Dataspace
    minor: Write failed
  #004: /scratch/spack_cpu/job_21700923/spack-stage/spack-stage-hdf5-1.10.7-xexa2gll6hf6okdatgrxiwhcjs2uepc7/spack-src/src/H5Dselect.c line 230 in H5D__select_io(): write error
    major: Dataspace
    minor: Write failed
  #005: /scratch/spack_cpu/job_21700923/spack-stage/spack-stage-hdf5-1.10.7-xexa2gll6hf6okdatgrxiwhcjs2uepc7/spack-src/src/H5Dcontig.c line 1281 in H5D__contig_writevv(): can't perform vectorized sieve buffer write
    major: Dataset
    minor: Can't operate on object
  #006: /scratch/spack_cpu/job_21700923/spack-stage/spack-stage-hdf5-1.10.7-xexa2gll6hf6okdatgrxiwhcjs2uepc7/spack-src/src/H5VM.c line 1464 in H5VM_opvv(): can't perform operation
    major: Internal error (too specific to document in detail)
    minor: Can't operate on object
  #007: /scratch/spack_cpu/job_21700923/spack-stage/spack-stage-hdf5-1.10.7-xexa2gll6hf6okdatgrxiwhcjs2uepc7/spack-src/src/H5Dcontig.c line 1029 in H5D__contig_writevv_sieve_cb(): block write failed
    major: Dataset
    minor: Write failed
  #008: /scratch/spack_cpu/job_21700923/spack-stage/spack-stage-hdf5-1.10.7-xexa2gll6hf6okdatgrxiwhcjs2uepc7/spack-src/src/H5Fio.c line 161 in H5F_block_write(): write through page buffer failed
    major: Low-level I/O
    minor: Write failed
  #009: /scratch/spack_cpu/job_21700923/spack-stage/spack-stage-hdf5-1.10.7-xexa2gll6hf6okdatgrxiwhcjs2uepc7/spack-src/src/H5PB.c line 1032 in H5PB_write(): write through metadata accumulator failed
    major: Page Buffering
    minor: Write failed
  #010: /scratch/spack_cpu/job_21700923/spack-stage/spack-stage-hdf5-1.10.7-xexa2gll6hf6okdatgrxiwhcjs2uepc7/spack-src/src/H5Faccum.c line 824 in H5F__accum_write(): file write failed
    major: Low-level I/O
    minor: Write failed
  #011: /scratch/spack_cpu/job_21700923/spack-stage/spack-stage-hdf5-1.10.7-xexa2gll6hf6okdatgrxiwhcjs2uepc7/spack-src/src/H5FDint.c line 249 in H5FD_write(): driver write request failed
    major: Virtual File Layer
    minor: Write failed
  #012: /scratch/spack_cpu/job_21700923/spack-stage/spack-stage-hdf5-1.10.7-xexa2gll6hf6okdatgrxiwhcjs2uepc7/spack-src/src/H5FDsec2.c line 856 in H5FD__sec2_write(): file write failed: time = Wed Nov 19 12:22:43 2025
, filename = 'checkpoint.h5', file descriptor = 5, errno = 14, error message = 'Bad address', buf = 0x1555537c4000, total write size = 15969552, bytes this sub-write = 15969552, bytes actually written = 18446744073709551615, offset = 0
    major: Low-level I/O
    minor: Write failed
HDF5-DIAG: Error detected in HDF5 (1.10.7) thread 0:
  #000: /scratch/spack_cpu/job_21700923/spack-stage/spack-stage-hdf5-1.10.7-xexa2gll6hf6okdatgrxiwhcjs2uepc7/spack-src/src/H5Dio.c line 335 in H5Dwrite(): can't write data
    major: Dataset
    minor: Write failed
  #001: /scratch/spack_cpu/job_21700923/spack-stage/spack-stage-hdf5-1.10.7-xexa2gll6hf6okdatgrxiwhcjs2uepc7/spack-src/src/H5Dio.c line 813 in H5D__write(): can't write data
    major: Dataset
    minor: Write failed
  #002: /scratch/spack_cpu/job_21700923/spack-stage/spack-stage-hdf5-1.10.7-xexa2gll6hf6okdatgrxiwhcjs2uepc7/spack-src/src/H5Dcontig.c line 659 in H5D__contig_write(): contiguous write failed
    major: Dataset
    minor: Write failed
  #003: /scratch/spack_cpu/job_21700923/spack-stage/spack-stage-hdf5-1.10.7-xexa2gll6hf6okdatgrxiwhcjs2uepc7/spack-src/src/H5Dselect.c line 321 in H5D__select_write(): write error
    major: Dataspace
    minor: Write failed
  #004: /scratch/spack_cpu/job_21700923/spack-stage/spack-stage-hdf5-1.10.7-xexa2gll6hf6okdatgrxiwhcjs2uepc7/spack-src/src/H5Dselect.c line 230 in H5D__select_io(): write error
    major: Dataspace
    minor: Write failed
  #005: /scratch/spack_cpu/job_21700923/spack-stage/spack-stage-hdf5-1.10.7-xexa2gll6hf6okdatgrxiwhcjs2uepc7/spack-src/src/H5Dcontig.c line 1281 in H5D__contig_writevv(): can't perform vectorized sieve buffer write
    major: Dataset
    minor: Can't operate on object
  #006: /scratch/spack_cpu/job_21700923/spack-stage/spack-stage-hdf5-1.10.7-xexa2gll6hf6okdatgrxiwhcjs2uepc7/spack-src/src/H5VM.c line 1464 in H5VM_opvv(): can't perform operation
    major: Internal error (too specific to document in detail)
    minor: Can't operate on object
  #007: /scratch/spack_cpu/job_21700923/spack-stage/spack-stage-hdf5-1.10.7-xexa2gll6hf6okdatgrxiwhcjs2uepc7/spack-src/src/H5Dcontig.c line 1029 in H5D__contig_writevv_sieve_cb(): block write failed
    major: Dataset
    minor: Write failed
  #008: /scratch/spack_cpu/job_21700923/spack-stage/spack-stage-hdf5-1.10.7-xexa2gll6hf6okdatgrxiwhcjs2uepc7/spack-src/src/H5Fio.c line 161 in H5F_block_write(): write through page buffer failed
    major: Low-level I/O
    minor: Write failed
  #009: /scratch/spack_cpu/job_21700923/spack-stage/spack-stage-hdf5-1.10.7-xexa2gll6hf6okdatgrxiwhcjs2uepc7/spack-src/src/H5PB.c line 1032 in H5PB_write(): write through metadata accumulator failed
    major: Page Buffering
    minor: Write failed
  #010: /scratch/spack_cpu/job_21700923/spack-stage/spack-stage-hdf5-1.10.7-xexa2gll6hf6okdatgrxiwhcjs2uepc7/spack-src/src/H5Faccum.c line 824 in H5F__accum_write(): file write failed
    major: Low-level I/O
    minor: Write failed
  #011: /scratch/spack_cpu/job_21700923/spack-stage/spack-stage-hdf5-1.10.7-xexa2gll6hf6okdatgrxiwhcjs2uepc7/spack-src/src/H5FDint.c line 249 in H5FD_write(): driver write request failed
    major: Virtual File Layer
    minor: Write failed
  #012: /scratch/spack_cpu/job_21700923/spack-stage/spack-stage-hdf5-1.10.7-xexa2gll6hf6okdatgrxiwhcjs2uepc7/spack-src/src/H5FDsec2.c line 856 in H5FD__sec2_write(): file write failed: time = Wed Nov 19 12:24:37 2025
, filename = 'checkpoint.h5', file descriptor = 5, errno = 14, error message = 'Bad address', buf = 0x1555537c4000, total write size = 15969552, bytes this sub-write = 15969552, bytes actually written = 18446744073709551615, offset = 0
    major: Low-level I/O
    minor: Write failed
HDF5-DIAG: Error detected in HDF5 (1.10.7) thread 0:
  #000: /scratch/spack_cpu/job_21700923/spack-stage/spack-stage-hdf5-1.10.7-xexa2gll6hf6okdatgrxiwhcjs2uepc7/spack-src/src/H5Dio.c line 335 in H5Dwrite(): can't write data
    major: Dataset
    minor: Write failed
  #001: /scratch/spack_cpu/job_21700923/spack-stage/spack-stage-hdf5-1.10.7-xexa2gll6hf6okdatgrxiwhcjs2uepc7/spack-src/src/H5Dio.c line 813 in H5D__write(): can't write data
    major: Dataset
    minor: Write failed
  #002: /scratch/spack_cpu/job_21700923/spack-stage/spack-stage-hdf5-1.10.7-xexa2gll6hf6okdatgrxiwhcjs2uepc7/spack-src/src/H5Dcontig.c line 659 in H5D__contig_write(): contiguous write failed
    major: Dataset
    minor: Write failed
  #003: /scratch/spack_cpu/job_21700923/spack-stage/spack-stage-hdf5-1.10.7-xexa2gll6hf6okdatgrxiwhcjs2uepc7/spack-src/src/H5Dselect.c line 321 in H5D__select_write(): write error
    major: Dataspace
    minor: Write failed
  #004: /scratch/spack_cpu/job_21700923/spack-stage/spack-stage-hdf5-1.10.7-xexa2gll6hf6okdatgrxiwhcjs2uepc7/spack-src/src/H5Dselect.c line 230 in H5D__select_io(): write error
    major: Dataspace
    minor: Write failed
  #005: /scratch/spack_cpu/job_21700923/spack-stage/spack-stage-hdf5-1.10.7-xexa2gll6hf6okdatgrxiwhcjs2uepc7/spack-src/src/H5Dcontig.c line 1281 in H5D__contig_writevv(): can't perform vectorized sieve buffer write
    major: Dataset
    minor: Can't operate on object
  #006: /scratch/spack_cpu/job_21700923/spack-stage/spack-stage-hdf5-1.10.7-xexa2gll6hf6okdatgrxiwhcjs2uepc7/spack-src/src/H5VM.c line 1464 in H5VM_opvv(): can't perform operation
    major: Internal error (too specific to document in detail)
    minor: Can't operate on object
  #007: /scratch/spack_cpu/job_21700923/spack-stage/spack-stage-hdf5-1.10.7-xexa2gll6hf6okdatgrxiwhcjs2uepc7/spack-src/src/H5Dcontig.c line 1029 in H5D__contig_writevv_sieve_cb(): block write failed
    major: Dataset
    minor: Write failed
  #008: /scratch/spack_cpu/job_21700923/spack-stage/spack-stage-hdf5-1.10.7-xexa2gll6hf6okdatgrxiwhcjs2uepc7/spack-src/src/H5Fio.c line 161 in H5F_block_write(): write through page buffer failed
    major: Low-level I/O
    minor: Write failed
  #009: /scratch/spack_cpu/job_21700923/spack-stage/spack-stage-hdf5-1.10.7-xexa2gll6hf6okdatgrxiwhcjs2uepc7/spack-src/src/H5PB.c line 1032 in H5PB_write(): write through metadata accumulator failed
    major: Page Buffering
    minor: Write failed
  #010: /scratch/spack_cpu/job_21700923/spack-stage/spack-stage-hdf5-1.10.7-xexa2gll6hf6okdatgrxiwhcjs2uepc7/spack-src/src/H5Faccum.c line 824 in H5F__accum_write(): file write failed
    major: Low-level I/O
    minor: Write failed
  #011: /scratch/spack_cpu/job_21700923/spack-stage/spack-stage-hdf5-1.10.7-xexa2gll6hf6okdatgrxiwhcjs2uepc7/spack-src/src/H5FDint.c line 249 in H5FD_write(): driver write request failed
    major: Virtual File Layer
    minor: Write failed
  #012: /scratch/spack_cpu/job_21700923/spack-stage/spack-stage-hdf5-1.10.7-xexa2gll6hf6okdatgrxiwhcjs2uepc7/spack-src/src/H5FDsec2.c line 856 in H5FD__sec2_write(): file write failed: time = Wed Nov 19 12:26:32 2025
, filename = 'checkpoint.h5', file descriptor = 5, errno = 14, error message = 'Bad address', buf = 0x1555537c4000, total write size = 15969552, bytes this sub-write = 15969552, bytes actually written = 18446744073709551615, offset = 0
    major: Low-level I/O
    minor: Write failed
HDF5-DIAG: Error detected in HDF5 (1.10.7) thread 0:
  #000: /scratch/spack_cpu/job_21700923/spack-stage/spack-stage-hdf5-1.10.7-xexa2gll6hf6okdatgrxiwhcjs2uepc7/spack-src/src/H5Dio.c line 335 in H5Dwrite(): can't write data
    major: Dataset
    minor: Write failed
  #001: /scratch/spack_cpu/job_21700923/spack-stage/spack-stage-hdf5-1.10.7-xexa2gll6hf6okdatgrxiwhcjs2uepc7/spack-src/src/H5Dio.c line 813 in H5D__write(): can't write data
    major: Dataset
    minor: Write failed
  #002: /scratch/spack_cpu/job_21700923/spack-stage/spack-stage-hdf5-1.10.7-xexa2gll6hf6okdatgrxiwhcjs2uepc7/spack-src/src/H5Dcontig.c line 659 in H5D__contig_write(): contiguous write failed
    major: Dataset
    minor: Write failed
  #003: /scratch/spack_cpu/job_21700923/spack-stage/spack-stage-hdf5-1.10.7-xexa2gll6hf6okdatgrxiwhcjs2uepc7/spack-src/src/H5Dselect.c line 321 in H5D__select_write(): write error
    major: Dataspace
    minor: Write failed
  #004: /scratch/spack_cpu/job_21700923/spack-stage/spack-stage-hdf5-1.10.7-xexa2gll6hf6okdatgrxiwhcjs2uepc7/spack-src/src/H5Dselect.c line 230 in H5D__select_io(): write error
    major: Dataspace
    minor: Write failed
  #005: /scratch/spack_cpu/job_21700923/spack-stage/spack-stage-hdf5-1.10.7-xexa2gll6hf6okdatgrxiwhcjs2uepc7/spack-src/src/H5Dcontig.c line 1281 in H5D__contig_writevv(): can't perform vectorized sieve buffer write
    major: Dataset
    minor: Can't operate on object
  #006: /scratch/spack_cpu/job_21700923/spack-stage/spack-stage-hdf5-1.10.7-xexa2gll6hf6okdatgrxiwhcjs2uepc7/spack-src/src/H5VM.c line 1464 in H5VM_opvv(): can't perform operation
    major: Internal error (too specific to document in detail)
    minor: Can't operate on object
  #007: /scratch/spack_cpu/job_21700923/spack-stage/spack-stage-hdf5-1.10.7-xexa2gll6hf6okdatgrxiwhcjs2uepc7/spack-src/src/H5Dcontig.c line 1029 in H5D__contig_writevv_sieve_cb(): block write failed
    major: Dataset
    minor: Write failed
  #008: /scratch/spack_cpu/job_21700923/spack-stage/spack-stage-hdf5-1.10.7-xexa2gll6hf6okdatgrxiwhcjs2uepc7/spack-src/src/H5Fio.c line 161 in H5F_block_write(): write through page buffer failed
    major: Low-level I/O
    minor: Write failed
  #009: /scratch/spack_cpu/job_21700923/spack-stage/spack-stage-hdf5-1.10.7-xexa2gll6hf6okdatgrxiwhcjs2uepc7/spack-src/src/H5PB.c line 1032 in H5PB_write(): write through metadata accumulator failed
    major: Page Buffering
    minor: Write failed
  #010: /scratch/spack_cpu/job_21700923/spack-stage/spack-stage-hdf5-1.10.7-xexa2gll6hf6okdatgrxiwhcjs2uepc7/spack-src/src/H5Faccum.c line 824 in H5F__accum_write(): file write failed
    major: Low-level I/O
    minor: Write failed
  #011: /scratch/spack_cpu/job_21700923/spack-stage/spack-stage-hdf5-1.10.7-xexa2gll6hf6okdatgrxiwhcjs2uepc7/spack-src/src/H5FDint.c line 249 in H5FD_write(): driver write request failed
    major: Virtual File Layer
    minor: Write failed
  #012: /scratch/spack_cpu/job_21700923/spack-stage/spack-stage-hdf5-1.10.7-xexa2gll6hf6okdatgrxiwhcjs2uepc7/spack-src/src/H5FDsec2.c line 856 in H5FD__sec2_write(): file write failed: time = Wed Nov 19 12:28:27 2025
, filename = 'checkpoint.h5', file descriptor = 5, errno = 14, error message = 'Bad address', buf = 0x1555537c4000, total write size = 15969552, bytes this sub-write = 15969552, bytes actually written = 18446744073709551615, offset = 0
    major: Low-level I/O
    minor: Write failed
HDF5-DIAG: Error detected in HDF5 (1.10.7) thread 0:
  #000: /scratch/spack_cpu/job_21700923/spack-stage/spack-stage-hdf5-1.10.7-xexa2gll6hf6okdatgrxiwhcjs2uepc7/spack-src/src/H5Dio.c line 335 in H5Dwrite(): can't write data
    major: Dataset
    minor: Write failed
  #001: /scratch/spack_cpu/job_21700923/spack-stage/spack-stage-hdf5-1.10.7-xexa2gll6hf6okdatgrxiwhcjs2uepc7/spack-src/src/H5Dio.c line 813 in H5D__write(): can't write data
    major: Dataset
    minor: Write failed
  #002: /scratch/spack_cpu/job_21700923/spack-stage/spack-stage-hdf5-1.10.7-xexa2gll6hf6okdatgrxiwhcjs2uepc7/spack-src/src/H5Dcontig.c line 659 in H5D__contig_write(): contiguous write failed
    major: Dataset
    minor: Write failed
  #003: /scratch/spack_cpu/job_21700923/spack-stage/spack-stage-hdf5-1.10.7-xexa2gll6hf6okdatgrxiwhcjs2uepc7/spack-src/src/H5Dselect.c line 321 in H5D__select_write(): write error
    major: Dataspace
    minor: Write failed
  #004: /scratch/spack_cpu/job_21700923/spack-stage/spack-stage-hdf5-1.10.7-xexa2gll6hf6okdatgrxiwhcjs2uepc7/spack-src/src/H5Dselect.c line 230 in H5D__select_io(): write error
    major: Dataspace
    minor: Write failed
  #005: /scratch/spack_cpu/job_21700923/spack-stage/spack-stage-hdf5-1.10.7-xexa2gll6hf6okdatgrxiwhcjs2uepc7/spack-src/src/H5Dcontig.c line 1281 in H5D__contig_writevv(): can't perform vectorized sieve buffer write
    major: Dataset
    minor: Can't operate on object
  #006: /scratch/spack_cpu/job_21700923/spack-stage/spack-stage-hdf5-1.10.7-xexa2gll6hf6okdatgrxiwhcjs2uepc7/spack-src/src/H5VM.c line 1464 in H5VM_opvv(): can't perform operation
    major: Internal error (too specific to document in detail)
    minor: Can't operate on object
  #007: /scratch/spack_cpu/job_21700923/spack-stage/spack-stage-hdf5-1.10.7-xexa2gll6hf6okdatgrxiwhcjs2uepc7/spack-src/src/H5Dcontig.c line 1029 in H5D__contig_writevv_sieve_cb(): block write failed
    major: Dataset
    minor: Write failed
  #008: /scratch/spack_cpu/job_21700923/spack-stage/spack-stage-hdf5-1.10.7-xexa2gll6hf6okdatgrxiwhcjs2uepc7/spack-src/src/H5Fio.c line 161 in H5F_block_write(): write through page buffer failed
    major: Low-level I/O
    minor: Write failed
  #009: /scratch/spack_cpu/job_21700923/spack-stage/spack-stage-hdf5-1.10.7-xexa2gll6hf6okdatgrxiwhcjs2uepc7/spack-src/src/H5PB.c line 1032 in H5PB_write(): write through metadata accumulator failed
    major: Page Buffering
    minor: Write failed
  #010: /scratch/spack_cpu/job_21700923/spack-stage/spack-stage-hdf5-1.10.7-xexa2gll6hf6okdatgrxiwhcjs2uepc7/spack-src/src/H5Faccum.c line 824 in H5F__accum_write(): file write failed
    major: Low-level I/O
    minor: Write failed
  #011: /scratch/spack_cpu/job_21700923/spack-stage/spack-stage-hdf5-1.10.7-xexa2gll6hf6okdatgrxiwhcjs2uepc7/spack-src/src/H5FDint.c line 249 in H5FD_write(): driver write request failed
    major: Virtual File Layer
    minor: Write failed
  #012: /scratch/spack_cpu/job_21700923/spack-stage/spack-stage-hdf5-1.10.7-xexa2gll6hf6okdatgrxiwhcjs2uepc7/spack-src/src/H5FDsec2.c line 856 in H5FD__sec2_write(): file write failed: time = Wed Nov 19 12:30:24 2025
, filename = 'checkpoint.h5', file descriptor = 5, errno = 14, error message = 'Bad address', buf = 0x1555537c4000, total write size = 15969552, bytes this sub-write = 15969552, bytes actually written = 18446744073709551615, offset = 0
    major: Low-level I/O
    minor: Write failed
HDF5-DIAG: Error detected in HDF5 (1.10.7) thread 0:
  #000: /scratch/spack_cpu/job_21700923/spack-stage/spack-stage-hdf5-1.10.7-xexa2gll6hf6okdatgrxiwhcjs2uepc7/spack-src/src/H5Dio.c line 335 in H5Dwrite(): can't write data
    major: Dataset
    minor: Write failed
  #001: /scratch/spack_cpu/job_21700923/spack-stage/spack-stage-hdf5-1.10.7-xexa2gll6hf6okdatgrxiwhcjs2uepc7/spack-src/src/H5Dio.c line 813 in H5D__write(): can't write data
    major: Dataset
    minor: Write failed
  #002: /scratch/spack_cpu/job_21700923/spack-stage/spack-stage-hdf5-1.10.7-xexa2gll6hf6okdatgrxiwhcjs2uepc7/spack-src/src/H5Dcontig.c line 659 in H5D__contig_write(): contiguous write failed
    major: Dataset
    minor: Write failed
  #003: /scratch/spack_cpu/job_21700923/spack-stage/spack-stage-hdf5-1.10.7-xexa2gll6hf6okdatgrxiwhcjs2uepc7/spack-src/src/H5Dselect.c line 321 in H5D__select_write(): write error
    major: Dataspace
    minor: Write failed
  #004: /scratch/spack_cpu/job_21700923/spack-stage/spack-stage-hdf5-1.10.7-xexa2gll6hf6okdatgrxiwhcjs2uepc7/spack-src/src/H5Dselect.c line 230 in H5D__select_io(): write error
    major: Dataspace
    minor: Write failed
  #005: /scratch/spack_cpu/job_21700923/spack-stage/spack-stage-hdf5-1.10.7-xexa2gll6hf6okdatgrxiwhcjs2uepc7/spack-src/src/H5Dcontig.c line 1281 in H5D__contig_writevv(): can't perform vectorized sieve buffer write
    major: Dataset
    minor: Can't operate on object
  #006: /scratch/spack_cpu/job_21700923/spack-stage/spack-stage-hdf5-1.10.7-xexa2gll6hf6okdatgrxiwhcjs2uepc7/spack-src/src/H5VM.c line 1464 in H5VM_opvv(): can't perform operation
    major: Internal error (too specific to document in detail)
    minor: Can't operate on object
  #007: /scratch/spack_cpu/job_21700923/spack-stage/spack-stage-hdf5-1.10.7-xexa2gll6hf6okdatgrxiwhcjs2uepc7/spack-src/src/H5Dcontig.c line 1029 in H5D__contig_writevv_sieve_cb(): block write failed
    major: Dataset
    minor: Write failed
  #008: /scratch/spack_cpu/job_21700923/spack-stage/spack-stage-hdf5-1.10.7-xexa2gll6hf6okdatgrxiwhcjs2uepc7/spack-src/src/H5Fio.c line 161 in H5F_block_write(): write through page buffer failed
    major: Low-level I/O
    minor: Write failed
  #009: /scratch/spack_cpu/job_21700923/spack-stage/spack-stage-hdf5-1.10.7-xexa2gll6hf6okdatgrxiwhcjs2uepc7/spack-src/src/H5PB.c line 1032 in H5PB_write(): write through metadata accumulator failed
    major: Page Buffering
    minor: Write failed
  #010: /scratch/spack_cpu/job_21700923/spack-stage/spack-stage-hdf5-1.10.7-xexa2gll6hf6okdatgrxiwhcjs2uepc7/spack-src/src/H5Faccum.c line 824 in H5F__accum_write(): file write failed
    major: Low-level I/O
    minor: Write failed
  #011: /scratch/spack_cpu/job_21700923/spack-stage/spack-stage-hdf5-1.10.7-xexa2gll6hf6okdatgrxiwhcjs2uepc7/spack-src/src/H5FDint.c line 249 in H5FD_write(): driver write request failed
    major: Virtual File Layer
    minor: Write failed
  #012: /scratch/spack_cpu/job_21700923/spack-stage/spack-stage-hdf5-1.10.7-xexa2gll6hf6okdatgrxiwhcjs2uepc7/spack-src/src/H5FDsec2.c line 856 in H5FD__sec2_write(): file write failed: time = Wed Nov 19 12:32:18 2025
, filename = 'checkpoint.h5', file descriptor = 5, errno = 14, error message = 'Bad address', buf = 0x1555537c4000, total write size = 15969552, bytes this sub-write = 15969552, bytes actually written = 18446744073709551615, offset = 0
    major: Low-level I/O
    minor: Write failed
HDF5-DIAG: Error detected in HDF5 (1.10.7) thread 0:
  #000: /scratch/spack_cpu/job_21700923/spack-stage/spack-stage-hdf5-1.10.7-xexa2gll6hf6okdatgrxiwhcjs2uepc7/spack-src/src/H5Dio.c line 335 in H5Dwrite(): can't write data
    major: Dataset
    minor: Write failed
  #001: /scratch/spack_cpu/job_21700923/spack-stage/spack-stage-hdf5-1.10.7-xexa2gll6hf6okdatgrxiwhcjs2uepc7/spack-src/src/H5Dio.c line 813 in H5D__write(): can't write data
    major: Dataset
    minor: Write failed
  #002: /scratch/spack_cpu/job_21700923/spack-stage/spack-stage-hdf5-1.10.7-xexa2gll6hf6okdatgrxiwhcjs2uepc7/spack-src/src/H5Dcontig.c line 659 in H5D__contig_write(): contiguous write failed
    major: Dataset
    minor: Write failed
  #003: /scratch/spack_cpu/job_21700923/spack-stage/spack-stage-hdf5-1.10.7-xexa2gll6hf6okdatgrxiwhcjs2uepc7/spack-src/src/H5Dselect.c line 321 in H5D__select_write(): write error
    major: Dataspace
    minor: Write failed
  #004: /scratch/spack_cpu/job_21700923/spack-stage/spack-stage-hdf5-1.10.7-xexa2gll6hf6okdatgrxiwhcjs2uepc7/spack-src/src/H5Dselect.c line 230 in H5D__select_io(): write error
    major: Dataspace
    minor: Write failed
  #005: /scratch/spack_cpu/job_21700923/spack-stage/spack-stage-hdf5-1.10.7-xexa2gll6hf6okdatgrxiwhcjs2uepc7/spack-src/src/H5Dcontig.c line 1281 in H5D__contig_writevv(): can't perform vectorized sieve buffer write
    major: Dataset
    minor: Can't operate on object
  #006: /scratch/spack_cpu/job_21700923/spack-stage/spack-stage-hdf5-1.10.7-xexa2gll6hf6okdatgrxiwhcjs2uepc7/spack-src/src/H5VM.c line 1464 in H5VM_opvv(): can't perform operation
    major: Internal error (too specific to document in detail)
    minor: Can't operate on object
  #007: /scratch/spack_cpu/job_21700923/spack-stage/spack-stage-hdf5-1.10.7-xexa2gll6hf6okdatgrxiwhcjs2uepc7/spack-src/src/H5Dcontig.c line 1029 in H5D__contig_writevv_sieve_cb(): block write failed
    major: Dataset
    minor: Write failed
  #008: /scratch/spack_cpu/job_21700923/spack-stage/spack-stage-hdf5-1.10.7-xexa2gll6hf6okdatgrxiwhcjs2uepc7/spack-src/src/H5Fio.c line 161 in H5F_block_write(): write through page buffer failed
    major: Low-level I/O
    minor: Write failed
  #009: /scratch/spack_cpu/job_21700923/spack-stage/spack-stage-hdf5-1.10.7-xexa2gll6hf6okdatgrxiwhcjs2uepc7/spack-src/src/H5PB.c line 1032 in H5PB_write(): write through metadata accumulator failed
    major: Page Buffering
    minor: Write failed
  #010: /scratch/spack_cpu/job_21700923/spack-stage/spack-stage-hdf5-1.10.7-xexa2gll6hf6okdatgrxiwhcjs2uepc7/spack-src/src/H5Faccum.c line 824 in H5F__accum_write(): file write failed
    major: Low-level I/O
    minor: Write failed
  #011: /scratch/spack_cpu/job_21700923/spack-stage/spack-stage-hdf5-1.10.7-xexa2gll6hf6okdatgrxiwhcjs2uepc7/spack-src/src/H5FDint.c line 249 in H5FD_write(): driver write request failed
    major: Virtual File Layer
    minor: Write failed
  #012: /scratch/spack_cpu/job_21700923/spack-stage/spack-stage-hdf5-1.10.7-xexa2gll6hf6okdatgrxiwhcjs2uepc7/spack-src/src/H5FDsec2.c line 856 in H5FD__sec2_write(): file write failed: time = Wed Nov 19 12:34:16 2025
, filename = 'checkpoint.h5', file descriptor = 5, errno = 14, error message = 'Bad address', buf = 0x1555537c4000, total write size = 15969552, bytes this sub-write = 15969552, bytes actually written = 18446744073709551615, offset = 0
    major: Low-level I/O
    minor: Write failed
HDF5-DIAG: Error detected in HDF5 (1.10.7) thread 0:
  #000: /scratch/spack_cpu/job_21700923/spack-stage/spack-stage-hdf5-1.10.7-xexa2gll6hf6okdatgrxiwhcjs2uepc7/spack-src/src/H5Dio.c line 335 in H5Dwrite(): can't write data
    major: Dataset
    minor: Write failed
  #001: /scratch/spack_cpu/job_21700923/spack-stage/spack-stage-hdf5-1.10.7-xexa2gll6hf6okdatgrxiwhcjs2uepc7/spack-src/src/H5Dio.c line 813 in H5D__write(): can't write data
    major: Dataset
    minor: Write failed
  #002: /scratch/spack_cpu/job_21700923/spack-stage/spack-stage-hdf5-1.10.7-xexa2gll6hf6okdatgrxiwhcjs2uepc7/spack-src/src/H5Dcontig.c line 659 in H5D__contig_write(): contiguous write failed
    major: Dataset
    minor: Write failed
  #003: /scratch/spack_cpu/job_21700923/spack-stage/spack-stage-hdf5-1.10.7-xexa2gll6hf6okdatgrxiwhcjs2uepc7/spack-src/src/H5Dselect.c line 321 in H5D__select_write(): write error
    major: Dataspace
    minor: Write failed
  #004: /scratch/spack_cpu/job_21700923/spack-stage/spack-stage-hdf5-1.10.7-xexa2gll6hf6okdatgrxiwhcjs2uepc7/spack-src/src/H5Dselect.c line 230 in H5D__select_io(): write error
    major: Dataspace
    minor: Write failed
  #005: /scratch/spack_cpu/job_21700923/spack-stage/spack-stage-hdf5-1.10.7-xexa2gll6hf6okdatgrxiwhcjs2uepc7/spack-src/src/H5Dcontig.c line 1281 in H5D__contig_writevv(): can't perform vectorized sieve buffer write
    major: Dataset
    minor: Can't operate on object
  #006: /scratch/spack_cpu/job_21700923/spack-stage/spack-stage-hdf5-1.10.7-xexa2gll6hf6okdatgrxiwhcjs2uepc7/spack-src/src/H5VM.c line 1464 in H5VM_opvv(): can't perform operation
    major: Internal error (too specific to document in detail)
    minor: Can't operate on object
  #007: /scratch/spack_cpu/job_21700923/spack-stage/spack-stage-hdf5-1.10.7-xexa2gll6hf6okdatgrxiwhcjs2uepc7/spack-src/src/H5Dcontig.c line 1029 in H5D__contig_writevv_sieve_cb(): block write failed
    major: Dataset
    minor: Write failed
  #008: /scratch/spack_cpu/job_21700923/spack-stage/spack-stage-hdf5-1.10.7-xexa2gll6hf6okdatgrxiwhcjs2uepc7/spack-src/src/H5Fio.c line 161 in H5F_block_write(): write through page buffer failed
    major: Low-level I/O
    minor: Write failed
  #009: /scratch/spack_cpu/job_21700923/spack-stage/spack-stage-hdf5-1.10.7-xexa2gll6hf6okdatgrxiwhcjs2uepc7/spack-src/src/H5PB.c line 1032 in H5PB_write(): write through metadata accumulator failed
    major: Page Buffering
    minor: Write failed
  #010: /scratch/spack_cpu/job_21700923/spack-stage/spack-stage-hdf5-1.10.7-xexa2gll6hf6okdatgrxiwhcjs2uepc7/spack-src/src/H5Faccum.c line 824 in H5F__accum_write(): file write failed
    major: Low-level I/O
    minor: Write failed
  #011: /scratch/spack_cpu/job_21700923/spack-stage/spack-stage-hdf5-1.10.7-xexa2gll6hf6okdatgrxiwhcjs2uepc7/spack-src/src/H5FDint.c line 249 in H5FD_write(): driver write request failed
    major: Virtual File Layer
    minor: Write failed
  #012: /scratch/spack_cpu/job_21700923/spack-stage/spack-stage-hdf5-1.10.7-xexa2gll6hf6okdatgrxiwhcjs2uepc7/spack-src/src/H5FDsec2.c line 856 in H5FD__sec2_write(): file write failed: time = Wed Nov 19 12:36:11 2025
, filename = 'checkpoint.h5', file descriptor = 5, errno = 14, error message = 'Bad address', buf = 0x1555537c4000, total write size = 15969552, bytes this sub-write = 15969552, bytes actually written = 18446744073709551615, offset = 0
    major: Low-level I/O
    minor: Write failed
HDF5-DIAG: Error detected in HDF5 (1.10.7) thread 0:
  #000: /scratch/spack_cpu/job_21700923/spack-stage/spack-stage-hdf5-1.10.7-xexa2gll6hf6okdatgrxiwhcjs2uepc7/spack-src/src/H5Dio.c line 335 in H5Dwrite(): can't write data
    major: Dataset
    minor: Write failed
  #001: /scratch/spack_cpu/job_21700923/spack-stage/spack-stage-hdf5-1.10.7-xexa2gll6hf6okdatgrxiwhcjs2uepc7/spack-src/src/H5Dio.c line 813 in H5D__write(): can't write data
    major: Dataset
    minor: Write failed
  #002: /scratch/spack_cpu/job_21700923/spack-stage/spack-stage-hdf5-1.10.7-xexa2gll6hf6okdatgrxiwhcjs2uepc7/spack-src/src/H5Dcontig.c line 659 in H5D__contig_write(): contiguous write failed
    major: Dataset
    minor: Write failed
  #003: /scratch/spack_cpu/job_21700923/spack-stage/spack-stage-hdf5-1.10.7-xexa2gll6hf6okdatgrxiwhcjs2uepc7/spack-src/src/H5Dselect.c line 321 in H5D__select_write(): write error
    major: Dataspace
    minor: Write failed
  #004: /scratch/spack_cpu/job_21700923/spack-stage/spack-stage-hdf5-1.10.7-xexa2gll6hf6okdatgrxiwhcjs2uepc7/spack-src/src/H5Dselect.c line 230 in H5D__select_io(): write error
    major: Dataspace
    minor: Write failed
  #005: /scratch/spack_cpu/job_21700923/spack-stage/spack-stage-hdf5-1.10.7-xexa2gll6hf6okdatgrxiwhcjs2uepc7/spack-src/src/H5Dcontig.c line 1281 in H5D__contig_writevv(): can't perform vectorized sieve buffer write
    major: Dataset
    minor: Can't operate on object
  #006: /scratch/spack_cpu/job_21700923/spack-stage/spack-stage-hdf5-1.10.7-xexa2gll6hf6okdatgrxiwhcjs2uepc7/spack-src/src/H5VM.c line 1464 in H5VM_opvv(): can't perform operation
    major: Internal error (too specific to document in detail)
    minor: Can't operate on object
  #007: /scratch/spack_cpu/job_21700923/spack-stage/spack-stage-hdf5-1.10.7-xexa2gll6hf6okdatgrxiwhcjs2uepc7/spack-src/src/H5Dcontig.c line 1029 in H5D__contig_writevv_sieve_cb(): block write failed
    major: Dataset
    minor: Write failed
  #008: /scratch/spack_cpu/job_21700923/spack-stage/spack-stage-hdf5-1.10.7-xexa2gll6hf6okdatgrxiwhcjs2uepc7/spack-src/src/H5Fio.c line 161 in H5F_block_write(): write through page buffer failed
    major: Low-level I/O
    minor: Write failed
  #009: /scratch/spack_cpu/job_21700923/spack-stage/spack-stage-hdf5-1.10.7-xexa2gll6hf6okdatgrxiwhcjs2uepc7/spack-src/src/H5PB.c line 1032 in H5PB_write(): write through metadata accumulator failed
    major: Page Buffering
    minor: Write failed
  #010: /scratch/spack_cpu/job_21700923/spack-stage/spack-stage-hdf5-1.10.7-xexa2gll6hf6okdatgrxiwhcjs2uepc7/spack-src/src/H5Faccum.c line 824 in H5F__accum_write(): file write failed
    major: Low-level I/O
    minor: Write failed
  #011: /scratch/spack_cpu/job_21700923/spack-stage/spack-stage-hdf5-1.10.7-xexa2gll6hf6okdatgrxiwhcjs2uepc7/spack-src/src/H5FDint.c line 249 in H5FD_write(): driver write request failed
    major: Virtual File Layer
    minor: Write failed
  #012: /scratch/spack_cpu/job_21700923/spack-stage/spack-stage-hdf5-1.10.7-xexa2gll6hf6okdatgrxiwhcjs2uepc7/spack-src/src/H5FDsec2.c line 856 in H5FD__sec2_write(): file write failed: time = Wed Nov 19 12:38:06 2025
, filename = 'checkpoint.h5', file descriptor = 5, errno = 14, error message = 'Bad address', buf = 0x1555537c4000, total write size = 15969552, bytes this sub-write = 15969552, bytes actually written = 18446744073709551615, offset = 0
    major: Low-level I/O
    minor: Write failed
HDF5-DIAG: Error detected in HDF5 (1.10.7) thread 0:
  #000: /scratch/spack_cpu/job_21700923/spack-stage/spack-stage-hdf5-1.10.7-xexa2gll6hf6okdatgrxiwhcjs2uepc7/spack-src/src/H5Dio.c line 335 in H5Dwrite(): can't write data
    major: Dataset
    minor: Write failed
  #001: /scratch/spack_cpu/job_21700923/spack-stage/spack-stage-hdf5-1.10.7-xexa2gll6hf6okdatgrxiwhcjs2uepc7/spack-src/src/H5Dio.c line 813 in H5D__write(): can't write data
    major: Dataset
    minor: Write failed
  #002: /scratch/spack_cpu/job_21700923/spack-stage/spack-stage-hdf5-1.10.7-xexa2gll6hf6okdatgrxiwhcjs2uepc7/spack-src/src/H5Dcontig.c line 659 in H5D__contig_write(): contiguous write failed
    major: Dataset
    minor: Write failed
  #003: /scratch/spack_cpu/job_21700923/spack-stage/spack-stage-hdf5-1.10.7-xexa2gll6hf6okdatgrxiwhcjs2uepc7/spack-src/src/H5Dselect.c line 321 in H5D__select_write(): write error
    major: Dataspace
    minor: Write failed
  #004: /scratch/spack_cpu/job_21700923/spack-stage/spack-stage-hdf5-1.10.7-xexa2gll6hf6okdatgrxiwhcjs2uepc7/spack-src/src/H5Dselect.c line 230 in H5D__select_io(): write error
    major: Dataspace
    minor: Write failed
  #005: /scratch/spack_cpu/job_21700923/spack-stage/spack-stage-hdf5-1.10.7-xexa2gll6hf6okdatgrxiwhcjs2uepc7/spack-src/src/H5Dcontig.c line 1281 in H5D__contig_writevv(): can't perform vectorized sieve buffer write
    major: Dataset
    minor: Can't operate on object
  #006: /scratch/spack_cpu/job_21700923/spack-stage/spack-stage-hdf5-1.10.7-xexa2gll6hf6okdatgrxiwhcjs2uepc7/spack-src/src/H5VM.c line 1464 in H5VM_opvv(): can't perform operation
    major: Internal error (too specific to document in detail)
    minor: Can't operate on object
  #007: /scratch/spack_cpu/job_21700923/spack-stage/spack-stage-hdf5-1.10.7-xexa2gll6hf6okdatgrxiwhcjs2uepc7/spack-src/src/H5Dcontig.c line 1029 in H5D__contig_writevv_sieve_cb(): block write failed
    major: Dataset
    minor: Write failed
  #008: /scratch/spack_cpu/job_21700923/spack-stage/spack-stage-hdf5-1.10.7-xexa2gll6hf6okdatgrxiwhcjs2uepc7/spack-src/src/H5Fio.c line 161 in H5F_block_write(): write through page buffer failed
    major: Low-level I/O
    minor: Write failed
  #009: /scratch/spack_cpu/job_21700923/spack-stage/spack-stage-hdf5-1.10.7-xexa2gll6hf6okdatgrxiwhcjs2uepc7/spack-src/src/H5PB.c line 1032 in H5PB_write(): write through metadata accumulator failed
    major: Page Buffering
    minor: Write failed
  #010: /scratch/spack_cpu/job_21700923/spack-stage/spack-stage-hdf5-1.10.7-xexa2gll6hf6okdatgrxiwhcjs2uepc7/spack-src/src/H5Faccum.c line 824 in H5F__accum_write(): file write failed
    major: Low-level I/O
    minor: Write failed
  #011: /scratch/spack_cpu/job_21700923/spack-stage/spack-stage-hdf5-1.10.7-xexa2gll6hf6okdatgrxiwhcjs2uepc7/spack-src/src/H5FDint.c line 249 in H5FD_write(): driver write request failed
    major: Virtual File Layer
    minor: Write failed
  #012: /scratch/spack_cpu/job_21700923/spack-stage/spack-stage-hdf5-1.10.7-xexa2gll6hf6okdatgrxiwhcjs2uepc7/spack-src/src/H5FDsec2.c line 856 in H5FD__sec2_write(): file write failed: time = Wed Nov 19 12:40:02 2025
, filename = 'checkpoint.h5', file descriptor = 5, errno = 14, error message = 'Bad address', buf = 0x1555537c4000, total write size = 15969552, bytes this sub-write = 15969552, bytes actually written = 18446744073709551615, offset = 0
    major: Low-level I/O
    minor: Write failed
HDF5-DIAG: Error detected in HDF5 (1.10.7) thread 0:
  #000: /scratch/spack_cpu/job_21700923/spack-stage/spack-stage-hdf5-1.10.7-xexa2gll6hf6okdatgrxiwhcjs2uepc7/spack-src/src/H5Dio.c line 335 in H5Dwrite(): can't write data
    major: Dataset
    minor: Write failed
  #001: /scratch/spack_cpu/job_21700923/spack-stage/spack-stage-hdf5-1.10.7-xexa2gll6hf6okdatgrxiwhcjs2uepc7/spack-src/src/H5Dio.c line 813 in H5D__write(): can't write data
    major: Dataset
    minor: Write failed
  #002: /scratch/spack_cpu/job_21700923/spack-stage/spack-stage-hdf5-1.10.7-xexa2gll6hf6okdatgrxiwhcjs2uepc7/spack-src/src/H5Dcontig.c line 659 in H5D__contig_write(): contiguous write failed
    major: Dataset
    minor: Write failed
  #003: /scratch/spack_cpu/job_21700923/spack-stage/spack-stage-hdf5-1.10.7-xexa2gll6hf6okdatgrxiwhcjs2uepc7/spack-src/src/H5Dselect.c line 321 in H5D__select_write(): write error
    major: Dataspace
    minor: Write failed
  #004: /scratch/spack_cpu/job_21700923/spack-stage/spack-stage-hdf5-1.10.7-xexa2gll6hf6okdatgrxiwhcjs2uepc7/spack-src/src/H5Dselect.c line 230 in H5D__select_io(): write error
    major: Dataspace
    minor: Write failed
  #005: /scratch/spack_cpu/job_21700923/spack-stage/spack-stage-hdf5-1.10.7-xexa2gll6hf6okdatgrxiwhcjs2uepc7/spack-src/src/H5Dcontig.c line 1281 in H5D__contig_writevv(): can't perform vectorized sieve buffer write
    major: Dataset
    minor: Can't operate on object
  #006: /scratch/spack_cpu/job_21700923/spack-stage/spack-stage-hdf5-1.10.7-xexa2gll6hf6okdatgrxiwhcjs2uepc7/spack-src/src/H5VM.c line 1464 in H5VM_opvv(): can't perform operation
    major: Internal error (too specific to document in detail)
    minor: Can't operate on object
  #007: /scratch/spack_cpu/job_21700923/spack-stage/spack-stage-hdf5-1.10.7-xexa2gll6hf6okdatgrxiwhcjs2uepc7/spack-src/src/H5Dcontig.c line 1029 in H5D__contig_writevv_sieve_cb(): block write failed
    major: Dataset
    minor: Write failed
  #008: /scratch/spack_cpu/job_21700923/spack-stage/spack-stage-hdf5-1.10.7-xexa2gll6hf6okdatgrxiwhcjs2uepc7/spack-src/src/H5Fio.c line 161 in H5F_block_write(): write through page buffer failed
    major: Low-level I/O
    minor: Write failed
  #009: /scratch/spack_cpu/job_21700923/spack-stage/spack-stage-hdf5-1.10.7-xexa2gll6hf6okdatgrxiwhcjs2uepc7/spack-src/src/H5PB.c line 1032 in H5PB_write(): write through metadata accumulator failed
    major: Page Buffering
    minor: Write failed
  #010: /scratch/spack_cpu/job_21700923/spack-stage/spack-stage-hdf5-1.10.7-xexa2gll6hf6okdatgrxiwhcjs2uepc7/spack-src/src/H5Faccum.c line 824 in H5F__accum_write(): file write failed
    major: Low-level I/O
    minor: Write failed
  #011: /scratch/spack_cpu/job_21700923/spack-stage/spack-stage-hdf5-1.10.7-xexa2gll6hf6okdatgrxiwhcjs2uepc7/spack-src/src/H5FDint.c line 249 in H5FD_write(): driver write request failed
    major: Virtual File Layer
    minor: Write failed
  #012: /scratch/spack_cpu/job_21700923/spack-stage/spack-stage-hdf5-1.10.7-xexa2gll6hf6okdatgrxiwhcjs2uepc7/spack-src/src/H5FDsec2.c line 856 in H5FD__sec2_write(): file write failed: time = Wed Nov 19 12:41:56 2025
, filename = 'checkpoint.h5', file descriptor = 5, errno = 14, error message = 'Bad address', buf = 0x1555537c4000, total write size = 15969552, bytes this sub-write = 15969552, bytes actually written = 18446744073709551615, offset = 0
    major: Low-level I/O
    minor: Write failed
HDF5-DIAG: Error detected in HDF5 (1.10.7) thread 0:
  #000: /scratch/spack_cpu/job_21700923/spack-stage/spack-stage-hdf5-1.10.7-xexa2gll6hf6okdatgrxiwhcjs2uepc7/spack-src/src/H5Dio.c line 335 in H5Dwrite(): can't write data
    major: Dataset
    minor: Write failed
  #001: /scratch/spack_cpu/job_21700923/spack-stage/spack-stage-hdf5-1.10.7-xexa2gll6hf6okdatgrxiwhcjs2uepc7/spack-src/src/H5Dio.c line 813 in H5D__write(): can't write data
    major: Dataset
    minor: Write failed
  #002: /scratch/spack_cpu/job_21700923/spack-stage/spack-stage-hdf5-1.10.7-xexa2gll6hf6okdatgrxiwhcjs2uepc7/spack-src/src/H5Dcontig.c line 659 in H5D__contig_write(): contiguous write failed
    major: Dataset
    minor: Write failed
  #003: /scratch/spack_cpu/job_21700923/spack-stage/spack-stage-hdf5-1.10.7-xexa2gll6hf6okdatgrxiwhcjs2uepc7/spack-src/src/H5Dselect.c line 321 in H5D__select_write(): write error
    major: Dataspace
    minor: Write failed
  #004: /scratch/spack_cpu/job_21700923/spack-stage/spack-stage-hdf5-1.10.7-xexa2gll6hf6okdatgrxiwhcjs2uepc7/spack-src/src/H5Dselect.c line 230 in H5D__select_io(): write error
    major: Dataspace
    minor: Write failed
  #005: /scratch/spack_cpu/job_21700923/spack-stage/spack-stage-hdf5-1.10.7-xexa2gll6hf6okdatgrxiwhcjs2uepc7/spack-src/src/H5Dcontig.c line 1281 in H5D__contig_writevv(): can't perform vectorized sieve buffer write
    major: Dataset
    minor: Can't operate on object
  #006: /scratch/spack_cpu/job_21700923/spack-stage/spack-stage-hdf5-1.10.7-xexa2gll6hf6okdatgrxiwhcjs2uepc7/spack-src/src/H5VM.c line 1464 in H5VM_opvv(): can't perform operation
    major: Internal error (too specific to document in detail)
    minor: Can't operate on object
  #007: /scratch/spack_cpu/job_21700923/spack-stage/spack-stage-hdf5-1.10.7-xexa2gll6hf6okdatgrxiwhcjs2uepc7/spack-src/src/H5Dcontig.c line 1029 in H5D__contig_writevv_sieve_cb(): block write failed
    major: Dataset
    minor: Write failed
  #008: /scratch/spack_cpu/job_21700923/spack-stage/spack-stage-hdf5-1.10.7-xexa2gll6hf6okdatgrxiwhcjs2uepc7/spack-src/src/H5Fio.c line 161 in H5F_block_write(): write through page buffer failed
    major: Low-level I/O
    minor: Write failed
  #009: /scratch/spack_cpu/job_21700923/spack-stage/spack-stage-hdf5-1.10.7-xexa2gll6hf6okdatgrxiwhcjs2uepc7/spack-src/src/H5PB.c line 1032 in H5PB_write(): write through metadata accumulator failed
    major: Page Buffering
    minor: Write failed
  #010: /scratch/spack_cpu/job_21700923/spack-stage/spack-stage-hdf5-1.10.7-xexa2gll6hf6okdatgrxiwhcjs2uepc7/spack-src/src/H5Faccum.c line 824 in H5F__accum_write(): file write failed
    major: Low-level I/O
    minor: Write failed
  #011: /scratch/spack_cpu/job_21700923/spack-stage/spack-stage-hdf5-1.10.7-xexa2gll6hf6okdatgrxiwhcjs2uepc7/spack-src/src/H5FDint.c line 249 in H5FD_write(): driver write request failed
    major: Virtual File Layer
    minor: Write failed
  #012: /scratch/spack_cpu/job_21700923/spack-stage/spack-stage-hdf5-1.10.7-xexa2gll6hf6okdatgrxiwhcjs2uepc7/spack-src/src/H5FDsec2.c line 856 in H5FD__sec2_write(): file write failed: time = Wed Nov 19 12:43:51 2025
, filename = 'checkpoint.h5', file descriptor = 5, errno = 14, error message = 'Bad address', buf = 0x1555537c4000, total write size = 15969552, bytes this sub-write = 15969552, bytes actually written = 18446744073709551615, offset = 0
    major: Low-level I/O
    minor: Write failed
HDF5-DIAG: Error detected in HDF5 (1.10.7) thread 0:
  #000: /scratch/spack_cpu/job_21700923/spack-stage/spack-stage-hdf5-1.10.7-xexa2gll6hf6okdatgrxiwhcjs2uepc7/spack-src/src/H5Dio.c line 335 in H5Dwrite(): can't write data
    major: Dataset
    minor: Write failed
  #001: /scratch/spack_cpu/job_21700923/spack-stage/spack-stage-hdf5-1.10.7-xexa2gll6hf6okdatgrxiwhcjs2uepc7/spack-src/src/H5Dio.c line 813 in H5D__write(): can't write data
    major: Dataset
    minor: Write failed
  #002: /scratch/spack_cpu/job_21700923/spack-stage/spack-stage-hdf5-1.10.7-xexa2gll6hf6okdatgrxiwhcjs2uepc7/spack-src/src/H5Dcontig.c line 659 in H5D__contig_write(): contiguous write failed
    major: Dataset
    minor: Write failed
  #003: /scratch/spack_cpu/job_21700923/spack-stage/spack-stage-hdf5-1.10.7-xexa2gll6hf6okdatgrxiwhcjs2uepc7/spack-src/src/H5Dselect.c line 321 in H5D__select_write(): write error
    major: Dataspace
    minor: Write failed
  #004: /scratch/spack_cpu/job_21700923/spack-stage/spack-stage-hdf5-1.10.7-xexa2gll6hf6okdatgrxiwhcjs2uepc7/spack-src/src/H5Dselect.c line 230 in H5D__select_io(): write error
    major: Dataspace
    minor: Write failed
  #005: /scratch/spack_cpu/job_21700923/spack-stage/spack-stage-hdf5-1.10.7-xexa2gll6hf6okdatgrxiwhcjs2uepc7/spack-src/src/H5Dcontig.c line 1281 in H5D__contig_writevv(): can't perform vectorized sieve buffer write
    major: Dataset
    minor: Can't operate on object
  #006: /scratch/spack_cpu/job_21700923/spack-stage/spack-stage-hdf5-1.10.7-xexa2gll6hf6okdatgrxiwhcjs2uepc7/spack-src/src/H5VM.c line 1464 in H5VM_opvv(): can't perform operation
    major: Internal error (too specific to document in detail)
    minor: Can't operate on object
  #007: /scratch/spack_cpu/job_21700923/spack-stage/spack-stage-hdf5-1.10.7-xexa2gll6hf6okdatgrxiwhcjs2uepc7/spack-src/src/H5Dcontig.c line 1029 in H5D__contig_writevv_sieve_cb(): block write failed
    major: Dataset
    minor: Write failed
  #008: /scratch/spack_cpu/job_21700923/spack-stage/spack-stage-hdf5-1.10.7-xexa2gll6hf6okdatgrxiwhcjs2uepc7/spack-src/src/H5Fio.c line 161 in H5F_block_write(): write through page buffer failed
    major: Low-level I/O
    minor: Write failed
  #009: /scratch/spack_cpu/job_21700923/spack-stage/spack-stage-hdf5-1.10.7-xexa2gll6hf6okdatgrxiwhcjs2uepc7/spack-src/src/H5PB.c line 1032 in H5PB_write(): write through metadata accumulator failed
    major: Page Buffering
    minor: Write failed
  #010: /scratch/spack_cpu/job_21700923/spack-stage/spack-stage-hdf5-1.10.7-xexa2gll6hf6okdatgrxiwhcjs2uepc7/spack-src/src/H5Faccum.c line 824 in H5F__accum_write(): file write failed
    major: Low-level I/O
    minor: Write failed
  #011: /scratch/spack_cpu/job_21700923/spack-stage/spack-stage-hdf5-1.10.7-xexa2gll6hf6okdatgrxiwhcjs2uepc7/spack-src/src/H5FDint.c line 249 in H5FD_write(): driver write request failed
    major: Virtual File Layer
    minor: Write failed
  #012: /scratch/spack_cpu/job_21700923/spack-stage/spack-stage-hdf5-1.10.7-xexa2gll6hf6okdatgrxiwhcjs2uepc7/spack-src/src/H5FDsec2.c line 856 in H5FD__sec2_write(): file write failed: time = Wed Nov 19 12:45:45 2025
, filename = 'checkpoint.h5', file descriptor = 5, errno = 14, error message = 'Bad address', buf = 0x1555537c4000, total write size = 15969552, bytes this sub-write = 15969552, bytes actually written = 18446744073709551615, offset = 0
    major: Low-level I/O
    minor: Write failed
HDF5-DIAG: Error detected in HDF5 (1.10.7) thread 0:
  #000: /scratch/spack_cpu/job_21700923/spack-stage/spack-stage-hdf5-1.10.7-xexa2gll6hf6okdatgrxiwhcjs2uepc7/spack-src/src/H5Dio.c line 335 in H5Dwrite(): can't write data
    major: Dataset
    minor: Write failed
  #001: /scratch/spack_cpu/job_21700923/spack-stage/spack-stage-hdf5-1.10.7-xexa2gll6hf6okdatgrxiwhcjs2uepc7/spack-src/src/H5Dio.c line 813 in H5D__write(): can't write data
    major: Dataset
    minor: Write failed
  #002: /scratch/spack_cpu/job_21700923/spack-stage/spack-stage-hdf5-1.10.7-xexa2gll6hf6okdatgrxiwhcjs2uepc7/spack-src/src/H5Dcontig.c line 659 in H5D__contig_write(): contiguous write failed
    major: Dataset
    minor: Write failed
  #003: /scratch/spack_cpu/job_21700923/spack-stage/spack-stage-hdf5-1.10.7-xexa2gll6hf6okdatgrxiwhcjs2uepc7/spack-src/src/H5Dselect.c line 321 in H5D__select_write(): write error
    major: Dataspace
    minor: Write failed
  #004: /scratch/spack_cpu/job_21700923/spack-stage/spack-stage-hdf5-1.10.7-xexa2gll6hf6okdatgrxiwhcjs2uepc7/spack-src/src/H5Dselect.c line 230 in H5D__select_io(): write error
    major: Dataspace
    minor: Write failed
  #005: /scratch/spack_cpu/job_21700923/spack-stage/spack-stage-hdf5-1.10.7-xexa2gll6hf6okdatgrxiwhcjs2uepc7/spack-src/src/H5Dcontig.c line 1281 in H5D__contig_writevv(): can't perform vectorized sieve buffer write
    major: Dataset
    minor: Can't operate on object
  #006: /scratch/spack_cpu/job_21700923/spack-stage/spack-stage-hdf5-1.10.7-xexa2gll6hf6okdatgrxiwhcjs2uepc7/spack-src/src/H5VM.c line 1464 in H5VM_opvv(): can't perform operation
    major: Internal error (too specific to document in detail)
    minor: Can't operate on object
  #007: /scratch/spack_cpu/job_21700923/spack-stage/spack-stage-hdf5-1.10.7-xexa2gll6hf6okdatgrxiwhcjs2uepc7/spack-src/src/H5Dcontig.c line 1029 in H5D__contig_writevv_sieve_cb(): block write failed
    major: Dataset
    minor: Write failed
  #008: /scratch/spack_cpu/job_21700923/spack-stage/spack-stage-hdf5-1.10.7-xexa2gll6hf6okdatgrxiwhcjs2uepc7/spack-src/src/H5Fio.c line 161 in H5F_block_write(): write through page buffer failed
    major: Low-level I/O
    minor: Write failed
  #009: /scratch/spack_cpu/job_21700923/spack-stage/spack-stage-hdf5-1.10.7-xexa2gll6hf6okdatgrxiwhcjs2uepc7/spack-src/src/H5PB.c line 1032 in H5PB_write(): write through metadata accumulator failed
    major: Page Buffering
    minor: Write failed
  #010: /scratch/spack_cpu/job_21700923/spack-stage/spack-stage-hdf5-1.10.7-xexa2gll6hf6okdatgrxiwhcjs2uepc7/spack-src/src/H5Faccum.c line 824 in H5F__accum_write(): file write failed
    major: Low-level I/O
    minor: Write failed
  #011: /scratch/spack_cpu/job_21700923/spack-stage/spack-stage-hdf5-1.10.7-xexa2gll6hf6okdatgrxiwhcjs2uepc7/spack-src/src/H5FDint.c line 249 in H5FD_write(): driver write request failed
    major: Virtual File Layer
    minor: Write failed
  #012: /scratch/spack_cpu/job_21700923/spack-stage/spack-stage-hdf5-1.10.7-xexa2gll6hf6okdatgrxiwhcjs2uepc7/spack-src/src/H5FDsec2.c line 856 in H5FD__sec2_write(): file write failed: time = Wed Nov 19 12:47:40 2025
, filename = 'checkpoint.h5', file descriptor = 5, errno = 14, error message = 'Bad address', buf = 0x1555537c4000, total write size = 15969552, bytes this sub-write = 15969552, bytes actually written = 18446744073709551615, offset = 0
    major: Low-level I/O
    minor: Write failed
HDF5-DIAG: Error detected in HDF5 (1.10.7) thread 0:
  #000: /scratch/spack_cpu/job_21700923/spack-stage/spack-stage-hdf5-1.10.7-xexa2gll6hf6okdatgrxiwhcjs2uepc7/spack-src/src/H5Dio.c line 335 in H5Dwrite(): can't write data
    major: Dataset
    minor: Write failed
  #001: /scratch/spack_cpu/job_21700923/spack-stage/spack-stage-hdf5-1.10.7-xexa2gll6hf6okdatgrxiwhcjs2uepc7/spack-src/src/H5Dio.c line 813 in H5D__write(): can't write data
    major: Dataset
    minor: Write failed
  #002: /scratch/spack_cpu/job_21700923/spack-stage/spack-stage-hdf5-1.10.7-xexa2gll6hf6okdatgrxiwhcjs2uepc7/spack-src/src/H5Dcontig.c line 659 in H5D__contig_write(): contiguous write failed
    major: Dataset
    minor: Write failed
  #003: /scratch/spack_cpu/job_21700923/spack-stage/spack-stage-hdf5-1.10.7-xexa2gll6hf6okdatgrxiwhcjs2uepc7/spack-src/src/H5Dselect.c line 321 in H5D__select_write(): write error
    major: Dataspace
    minor: Write failed
  #004: /scratch/spack_cpu/job_21700923/spack-stage/spack-stage-hdf5-1.10.7-xexa2gll6hf6okdatgrxiwhcjs2uepc7/spack-src/src/H5Dselect.c line 230 in H5D__select_io(): write error
    major: Dataspace
    minor: Write failed
  #005: /scratch/spack_cpu/job_21700923/spack-stage/spack-stage-hdf5-1.10.7-xexa2gll6hf6okdatgrxiwhcjs2uepc7/spack-src/src/H5Dcontig.c line 1281 in H5D__contig_writevv(): can't perform vectorized sieve buffer write
    major: Dataset
    minor: Can't operate on object
  #006: /scratch/spack_cpu/job_21700923/spack-stage/spack-stage-hdf5-1.10.7-xexa2gll6hf6okdatgrxiwhcjs2uepc7/spack-src/src/H5VM.c line 1464 in H5VM_opvv(): can't perform operation
    major: Internal error (too specific to document in detail)
    minor: Can't operate on object
  #007: /scratch/spack_cpu/job_21700923/spack-stage/spack-stage-hdf5-1.10.7-xexa2gll6hf6okdatgrxiwhcjs2uepc7/spack-src/src/H5Dcontig.c line 1029 in H5D__contig_writevv_sieve_cb(): block write failed
    major: Dataset
    minor: Write failed
  #008: /scratch/spack_cpu/job_21700923/spack-stage/spack-stage-hdf5-1.10.7-xexa2gll6hf6okdatgrxiwhcjs2uepc7/spack-src/src/H5Fio.c line 161 in H5F_block_write(): write through page buffer failed
    major: Low-level I/O
    minor: Write failed
  #009: /scratch/spack_cpu/job_21700923/spack-stage/spack-stage-hdf5-1.10.7-xexa2gll6hf6okdatgrxiwhcjs2uepc7/spack-src/src/H5PB.c line 1032 in H5PB_write(): write through metadata accumulator failed
    major: Page Buffering
    minor: Write failed
  #010: /scratch/spack_cpu/job_21700923/spack-stage/spack-stage-hdf5-1.10.7-xexa2gll6hf6okdatgrxiwhcjs2uepc7/spack-src/src/H5Faccum.c line 824 in H5F__accum_write(): file write failed
    major: Low-level I/O
    minor: Write failed
  #011: /scratch/spack_cpu/job_21700923/spack-stage/spack-stage-hdf5-1.10.7-xexa2gll6hf6okdatgrxiwhcjs2uepc7/spack-src/src/H5FDint.c line 249 in H5FD_write(): driver write request failed
    major: Virtual File Layer
    minor: Write failed
  #012: /scratch/spack_cpu/job_21700923/spack-stage/spack-stage-hdf5-1.10.7-xexa2gll6hf6okdatgrxiwhcjs2uepc7/spack-src/src/H5FDsec2.c line 856 in H5FD__sec2_write(): file write failed: time = Wed Nov 19 12:49:33 2025
, filename = 'checkpoint.h5', file descriptor = 5, errno = 14, error message = 'Bad address', buf = 0x1555537c4000, total write size = 15969552, bytes this sub-write = 15969552, bytes actually written = 18446744073709551615, offset = 0
    major: Low-level I/O
    minor: Write failed
HDF5-DIAG: Error detected in HDF5 (1.10.7) thread 0:
  #000: /scratch/spack_cpu/job_21700923/spack-stage/spack-stage-hdf5-1.10.7-xexa2gll6hf6okdatgrxiwhcjs2uepc7/spack-src/src/H5Dio.c line 335 in H5Dwrite(): can't write data
    major: Dataset
    minor: Write failed
  #001: /scratch/spack_cpu/job_21700923/spack-stage/spack-stage-hdf5-1.10.7-xexa2gll6hf6okdatgrxiwhcjs2uepc7/spack-src/src/H5Dio.c line 813 in H5D__write(): can't write data
    major: Dataset
    minor: Write failed
  #002: /scratch/spack_cpu/job_21700923/spack-stage/spack-stage-hdf5-1.10.7-xexa2gll6hf6okdatgrxiwhcjs2uepc7/spack-src/src/H5Dcontig.c line 659 in H5D__contig_write(): contiguous write failed
    major: Dataset
    minor: Write failed
  #003: /scratch/spack_cpu/job_21700923/spack-stage/spack-stage-hdf5-1.10.7-xexa2gll6hf6okdatgrxiwhcjs2uepc7/spack-src/src/H5Dselect.c line 321 in H5D__select_write(): write error
    major: Dataspace
    minor: Write failed
  #004: /scratch/spack_cpu/job_21700923/spack-stage/spack-stage-hdf5-1.10.7-xexa2gll6hf6okdatgrxiwhcjs2uepc7/spack-src/src/H5Dselect.c line 230 in H5D__select_io(): write error
    major: Dataspace
    minor: Write failed
  #005: /scratch/spack_cpu/job_21700923/spack-stage/spack-stage-hdf5-1.10.7-xexa2gll6hf6okdatgrxiwhcjs2uepc7/spack-src/src/H5Dcontig.c line 1281 in H5D__contig_writevv(): can't perform vectorized sieve buffer write
    major: Dataset
    minor: Can't operate on object
  #006: /scratch/spack_cpu/job_21700923/spack-stage/spack-stage-hdf5-1.10.7-xexa2gll6hf6okdatgrxiwhcjs2uepc7/spack-src/src/H5VM.c line 1464 in H5VM_opvv(): can't perform operation
    major: Internal error (too specific to document in detail)
    minor: Can't operate on object
  #007: /scratch/spack_cpu/job_21700923/spack-stage/spack-stage-hdf5-1.10.7-xexa2gll6hf6okdatgrxiwhcjs2uepc7/spack-src/src/H5Dcontig.c line 1029 in H5D__contig_writevv_sieve_cb(): block write failed
    major: Dataset
    minor: Write failed
  #008: /scratch/spack_cpu/job_21700923/spack-stage/spack-stage-hdf5-1.10.7-xexa2gll6hf6okdatgrxiwhcjs2uepc7/spack-src/src/H5Fio.c line 161 in H5F_block_write(): write through page buffer failed
    major: Low-level I/O
    minor: Write failed
  #009: /scratch/spack_cpu/job_21700923/spack-stage/spack-stage-hdf5-1.10.7-xexa2gll6hf6okdatgrxiwhcjs2uepc7/spack-src/src/H5PB.c line 1032 in H5PB_write(): write through metadata accumulator failed
    major: Page Buffering
    minor: Write failed
  #010: /scratch/spack_cpu/job_21700923/spack-stage/spack-stage-hdf5-1.10.7-xexa2gll6hf6okdatgrxiwhcjs2uepc7/spack-src/src/H5Faccum.c line 824 in H5F__accum_write(): file write failed
    major: Low-level I/O
    minor: Write failed
  #011: /scratch/spack_cpu/job_21700923/spack-stage/spack-stage-hdf5-1.10.7-xexa2gll6hf6okdatgrxiwhcjs2uepc7/spack-src/src/H5FDint.c line 249 in H5FD_write(): driver write request failed
    major: Virtual File Layer
    minor: Write failed
  #012: /scratch/spack_cpu/job_21700923/spack-stage/spack-stage-hdf5-1.10.7-xexa2gll6hf6okdatgrxiwhcjs2uepc7/spack-src/src/H5FDsec2.c line 856 in H5FD__sec2_write(): file write failed: time = Wed Nov 19 12:51:25 2025
, filename = 'checkpoint.h5', file descriptor = 5, errno = 14, error message = 'Bad address', buf = 0x1555537c4000, total write size = 15969552, bytes this sub-write = 15969552, bytes actually written = 18446744073709551615, offset = 0
    major: Low-level I/O
    minor: Write failed
HDF5-DIAG: Error detected in HDF5 (1.10.7) thread 0:
  #000: /scratch/spack_cpu/job_21700923/spack-stage/spack-stage-hdf5-1.10.7-xexa2gll6hf6okdatgrxiwhcjs2uepc7/spack-src/src/H5Dio.c line 335 in H5Dwrite(): can't write data
    major: Dataset
    minor: Write failed
  #001: /scratch/spack_cpu/job_21700923/spack-stage/spack-stage-hdf5-1.10.7-xexa2gll6hf6okdatgrxiwhcjs2uepc7/spack-src/src/H5Dio.c line 813 in H5D__write(): can't write data
    major: Dataset
    minor: Write failed
  #002: /scratch/spack_cpu/job_21700923/spack-stage/spack-stage-hdf5-1.10.7-xexa2gll6hf6okdatgrxiwhcjs2uepc7/spack-src/src/H5Dcontig.c line 659 in H5D__contig_write(): contiguous write failed
    major: Dataset
    minor: Write failed
  #003: /scratch/spack_cpu/job_21700923/spack-stage/spack-stage-hdf5-1.10.7-xexa2gll6hf6okdatgrxiwhcjs2uepc7/spack-src/src/H5Dselect.c line 321 in H5D__select_write(): write error
    major: Dataspace
    minor: Write failed
  #004: /scratch/spack_cpu/job_21700923/spack-stage/spack-stage-hdf5-1.10.7-xexa2gll6hf6okdatgrxiwhcjs2uepc7/spack-src/src/H5Dselect.c line 230 in H5D__select_io(): write error
    major: Dataspace
    minor: Write failed
  #005: /scratch/spack_cpu/job_21700923/spack-stage/spack-stage-hdf5-1.10.7-xexa2gll6hf6okdatgrxiwhcjs2uepc7/spack-src/src/H5Dcontig.c line 1281 in H5D__contig_writevv(): can't perform vectorized sieve buffer write
    major: Dataset
    minor: Can't operate on object
  #006: /scratch/spack_cpu/job_21700923/spack-stage/spack-stage-hdf5-1.10.7-xexa2gll6hf6okdatgrxiwhcjs2uepc7/spack-src/src/H5VM.c line 1464 in H5VM_opvv(): can't perform operation
    major: Internal error (too specific to document in detail)
    minor: Can't operate on object
  #007: /scratch/spack_cpu/job_21700923/spack-stage/spack-stage-hdf5-1.10.7-xexa2gll6hf6okdatgrxiwhcjs2uepc7/spack-src/src/H5Dcontig.c line 1029 in H5D__contig_writevv_sieve_cb(): block write failed
    major: Dataset
    minor: Write failed
  #008: /scratch/spack_cpu/job_21700923/spack-stage/spack-stage-hdf5-1.10.7-xexa2gll6hf6okdatgrxiwhcjs2uepc7/spack-src/src/H5Fio.c line 161 in H5F_block_write(): write through page buffer failed
    major: Low-level I/O
    minor: Write failed
  #009: /scratch/spack_cpu/job_21700923/spack-stage/spack-stage-hdf5-1.10.7-xexa2gll6hf6okdatgrxiwhcjs2uepc7/spack-src/src/H5PB.c line 1032 in H5PB_write(): write through metadata accumulator failed
    major: Page Buffering
    minor: Write failed
  #010: /scratch/spack_cpu/job_21700923/spack-stage/spack-stage-hdf5-1.10.7-xexa2gll6hf6okdatgrxiwhcjs2uepc7/spack-src/src/H5Faccum.c line 824 in H5F__accum_write(): file write failed
    major: Low-level I/O
    minor: Write failed
  #011: /scratch/spack_cpu/job_21700923/spack-stage/spack-stage-hdf5-1.10.7-xexa2gll6hf6okdatgrxiwhcjs2uepc7/spack-src/src/H5FDint.c line 249 in H5FD_write(): driver write request failed
    major: Virtual File Layer
    minor: Write failed
  #012: /scratch/spack_cpu/job_21700923/spack-stage/spack-stage-hdf5-1.10.7-xexa2gll6hf6okdatgrxiwhcjs2uepc7/spack-src/src/H5FDsec2.c line 856 in H5FD__sec2_write(): file write failed: time = Wed Nov 19 12:53:19 2025
, filename = 'checkpoint.h5', file descriptor = 5, errno = 14, error message = 'Bad address', buf = 0x1555537c4000, total write size = 15969552, bytes this sub-write = 15969552, bytes actually written = 18446744073709551615, offset = 0
    major: Low-level I/O
    minor: Write failed
HDF5-DIAG: Error detected in HDF5 (1.10.7) thread 0:
  #000: /scratch/spack_cpu/job_21700923/spack-stage/spack-stage-hdf5-1.10.7-xexa2gll6hf6okdatgrxiwhcjs2uepc7/spack-src/src/H5Dio.c line 335 in H5Dwrite(): can't write data
    major: Dataset
    minor: Write failed
  #001: /scratch/spack_cpu/job_21700923/spack-stage/spack-stage-hdf5-1.10.7-xexa2gll6hf6okdatgrxiwhcjs2uepc7/spack-src/src/H5Dio.c line 813 in H5D__write(): can't write data
    major: Dataset
    minor: Write failed
  #002: /scratch/spack_cpu/job_21700923/spack-stage/spack-stage-hdf5-1.10.7-xexa2gll6hf6okdatgrxiwhcjs2uepc7/spack-src/src/H5Dcontig.c line 659 in H5D__contig_write(): contiguous write failed
    major: Dataset
    minor: Write failed
  #003: /scratch/spack_cpu/job_21700923/spack-stage/spack-stage-hdf5-1.10.7-xexa2gll6hf6okdatgrxiwhcjs2uepc7/spack-src/src/H5Dselect.c line 321 in H5D__select_write(): write error
    major: Dataspace
    minor: Write failed
  #004: /scratch/spack_cpu/job_21700923/spack-stage/spack-stage-hdf5-1.10.7-xexa2gll6hf6okdatgrxiwhcjs2uepc7/spack-src/src/H5Dselect.c line 230 in H5D__select_io(): write error
    major: Dataspace
    minor: Write failed
  #005: /scratch/spack_cpu/job_21700923/spack-stage/spack-stage-hdf5-1.10.7-xexa2gll6hf6okdatgrxiwhcjs2uepc7/spack-src/src/H5Dcontig.c line 1281 in H5D__contig_writevv(): can't perform vectorized sieve buffer write
    major: Dataset
    minor: Can't operate on object
  #006: /scratch/spack_cpu/job_21700923/spack-stage/spack-stage-hdf5-1.10.7-xexa2gll6hf6okdatgrxiwhcjs2uepc7/spack-src/src/H5VM.c line 1464 in H5VM_opvv(): can't perform operation
    major: Internal error (too specific to document in detail)
    minor: Can't operate on object
  #007: /scratch/spack_cpu/job_21700923/spack-stage/spack-stage-hdf5-1.10.7-xexa2gll6hf6okdatgrxiwhcjs2uepc7/spack-src/src/H5Dcontig.c line 1029 in H5D__contig_writevv_sieve_cb(): block write failed
    major: Dataset
    minor: Write failed
  #008: /scratch/spack_cpu/job_21700923/spack-stage/spack-stage-hdf5-1.10.7-xexa2gll6hf6okdatgrxiwhcjs2uepc7/spack-src/src/H5Fio.c line 161 in H5F_block_write(): write through page buffer failed
    major: Low-level I/O
    minor: Write failed
  #009: /scratch/spack_cpu/job_21700923/spack-stage/spack-stage-hdf5-1.10.7-xexa2gll6hf6okdatgrxiwhcjs2uepc7/spack-src/src/H5PB.c line 1032 in H5PB_write(): write through metadata accumulator failed
    major: Page Buffering
    minor: Write failed
  #010: /scratch/spack_cpu/job_21700923/spack-stage/spack-stage-hdf5-1.10.7-xexa2gll6hf6okdatgrxiwhcjs2uepc7/spack-src/src/H5Faccum.c line 824 in H5F__accum_write(): file write failed
    major: Low-level I/O
    minor: Write failed
  #011: /scratch/spack_cpu/job_21700923/spack-stage/spack-stage-hdf5-1.10.7-xexa2gll6hf6okdatgrxiwhcjs2uepc7/spack-src/src/H5FDint.c line 249 in H5FD_write(): driver write request failed
    major: Virtual File Layer
    minor: Write failed
  #012: /scratch/spack_cpu/job_21700923/spack-stage/spack-stage-hdf5-1.10.7-xexa2gll6hf6okdatgrxiwhcjs2uepc7/spack-src/src/H5FDsec2.c line 856 in H5FD__sec2_write(): file write failed: time = Wed Nov 19 12:55:11 2025
, filename = 'checkpoint.h5', file descriptor = 5, errno = 14, error message = 'Bad address', buf = 0x1555537c4000, total write size = 15969552, bytes this sub-write = 15969552, bytes actually written = 18446744073709551615, offset = 0
    major: Low-level I/O
    minor: Write failed
HDF5-DIAG: Error detected in HDF5 (1.10.7) thread 0:
  #000: /scratch/spack_cpu/job_21700923/spack-stage/spack-stage-hdf5-1.10.7-xexa2gll6hf6okdatgrxiwhcjs2uepc7/spack-src/src/H5Dio.c line 335 in H5Dwrite(): can't write data
    major: Dataset
    minor: Write failed
  #001: /scratch/spack_cpu/job_21700923/spack-stage/spack-stage-hdf5-1.10.7-xexa2gll6hf6okdatgrxiwhcjs2uepc7/spack-src/src/H5Dio.c line 813 in H5D__write(): can't write data
    major: Dataset
    minor: Write failed
  #002: /scratch/spack_cpu/job_21700923/spack-stage/spack-stage-hdf5-1.10.7-xexa2gll6hf6okdatgrxiwhcjs2uepc7/spack-src/src/H5Dcontig.c line 659 in H5D__contig_write(): contiguous write failed
    major: Dataset
    minor: Write failed
  #003: /scratch/spack_cpu/job_21700923/spack-stage/spack-stage-hdf5-1.10.7-xexa2gll6hf6okdatgrxiwhcjs2uepc7/spack-src/src/H5Dselect.c line 321 in H5D__select_write(): write error
    major: Dataspace
    minor: Write failed
  #004: /scratch/spack_cpu/job_21700923/spack-stage/spack-stage-hdf5-1.10.7-xexa2gll6hf6okdatgrxiwhcjs2uepc7/spack-src/src/H5Dselect.c line 230 in H5D__select_io(): write error
    major: Dataspace
    minor: Write failed
  #005: /scratch/spack_cpu/job_21700923/spack-stage/spack-stage-hdf5-1.10.7-xexa2gll6hf6okdatgrxiwhcjs2uepc7/spack-src/src/H5Dcontig.c line 1281 in H5D__contig_writevv(): can't perform vectorized sieve buffer write
    major: Dataset
    minor: Can't operate on object
  #006: /scratch/spack_cpu/job_21700923/spack-stage/spack-stage-hdf5-1.10.7-xexa2gll6hf6okdatgrxiwhcjs2uepc7/spack-src/src/H5VM.c line 1464 in H5VM_opvv(): can't perform operation
    major: Internal error (too specific to document in detail)
    minor: Can't operate on object
  #007: /scratch/spack_cpu/job_21700923/spack-stage/spack-stage-hdf5-1.10.7-xexa2gll6hf6okdatgrxiwhcjs2uepc7/spack-src/src/H5Dcontig.c line 1029 in H5D__contig_writevv_sieve_cb(): block write failed
    major: Dataset
    minor: Write failed
  #008: /scratch/spack_cpu/job_21700923/spack-stage/spack-stage-hdf5-1.10.7-xexa2gll6hf6okdatgrxiwhcjs2uepc7/spack-src/src/H5Fio.c line 161 in H5F_block_write(): write through page buffer failed
    major: Low-level I/O
    minor: Write failed
  #009: /scratch/spack_cpu/job_21700923/spack-stage/spack-stage-hdf5-1.10.7-xexa2gll6hf6okdatgrxiwhcjs2uepc7/spack-src/src/H5PB.c line 1032 in H5PB_write(): write through metadata accumulator failed
    major: Page Buffering
    minor: Write failed
  #010: /scratch/spack_cpu/job_21700923/spack-stage/spack-stage-hdf5-1.10.7-xexa2gll6hf6okdatgrxiwhcjs2uepc7/spack-src/src/H5Faccum.c line 824 in H5F__accum_write(): file write failed
    major: Low-level I/O
    minor: Write failed
  #011: /scratch/spack_cpu/job_21700923/spack-stage/spack-stage-hdf5-1.10.7-xexa2gll6hf6okdatgrxiwhcjs2uepc7/spack-src/src/H5FDint.c line 249 in H5FD_write(): driver write request failed
    major: Virtual File Layer
    minor: Write failed
  #012: /scratch/spack_cpu/job_21700923/spack-stage/spack-stage-hdf5-1.10.7-xexa2gll6hf6okdatgrxiwhcjs2uepc7/spack-src/src/H5FDsec2.c line 856 in H5FD__sec2_write(): file write failed: time = Wed Nov 19 12:57:05 2025
, filename = 'checkpoint.h5', file descriptor = 5, errno = 14, error message = 'Bad address', buf = 0x1555537c4000, total write size = 15969552, bytes this sub-write = 15969552, bytes actually written = 18446744073709551615, offset = 0
    major: Low-level I/O
    minor: Write failed
HDF5-DIAG: Error detected in HDF5 (1.10.7) thread 0:
  #000: /scratch/spack_cpu/job_21700923/spack-stage/spack-stage-hdf5-1.10.7-xexa2gll6hf6okdatgrxiwhcjs2uepc7/spack-src/src/H5Dio.c line 335 in H5Dwrite(): can't write data
    major: Dataset
    minor: Write failed
  #001: /scratch/spack_cpu/job_21700923/spack-stage/spack-stage-hdf5-1.10.7-xexa2gll6hf6okdatgrxiwhcjs2uepc7/spack-src/src/H5Dio.c line 813 in H5D__write(): can't write data
    major: Dataset
    minor: Write failed
  #002: /scratch/spack_cpu/job_21700923/spack-stage/spack-stage-hdf5-1.10.7-xexa2gll6hf6okdatgrxiwhcjs2uepc7/spack-src/src/H5Dcontig.c line 659 in H5D__contig_write(): contiguous write failed
    major: Dataset
    minor: Write failed
  #003: /scratch/spack_cpu/job_21700923/spack-stage/spack-stage-hdf5-1.10.7-xexa2gll6hf6okdatgrxiwhcjs2uepc7/spack-src/src/H5Dselect.c line 321 in H5D__select_write(): write error
    major: Dataspace
    minor: Write failed
  #004: /scratch/spack_cpu/job_21700923/spack-stage/spack-stage-hdf5-1.10.7-xexa2gll6hf6okdatgrxiwhcjs2uepc7/spack-src/src/H5Dselect.c line 230 in H5D__select_io(): write error
    major: Dataspace
    minor: Write failed
  #005: /scratch/spack_cpu/job_21700923/spack-stage/spack-stage-hdf5-1.10.7-xexa2gll6hf6okdatgrxiwhcjs2uepc7/spack-src/src/H5Dcontig.c line 1281 in H5D__contig_writevv(): can't perform vectorized sieve buffer write
    major: Dataset
    minor: Can't operate on object
  #006: /scratch/spack_cpu/job_21700923/spack-stage/spack-stage-hdf5-1.10.7-xexa2gll6hf6okdatgrxiwhcjs2uepc7/spack-src/src/H5VM.c line 1464 in H5VM_opvv(): can't perform operation
    major: Internal error (too specific to document in detail)
    minor: Can't operate on object
  #007: /scratch/spack_cpu/job_21700923/spack-stage/spack-stage-hdf5-1.10.7-xexa2gll6hf6okdatgrxiwhcjs2uepc7/spack-src/src/H5Dcontig.c line 1029 in H5D__contig_writevv_sieve_cb(): block write failed
    major: Dataset
    minor: Write failed
  #008: /scratch/spack_cpu/job_21700923/spack-stage/spack-stage-hdf5-1.10.7-xexa2gll6hf6okdatgrxiwhcjs2uepc7/spack-src/src/H5Fio.c line 161 in H5F_block_write(): write through page buffer failed
    major: Low-level I/O
    minor: Write failed
  #009: /scratch/spack_cpu/job_21700923/spack-stage/spack-stage-hdf5-1.10.7-xexa2gll6hf6okdatgrxiwhcjs2uepc7/spack-src/src/H5PB.c line 1032 in H5PB_write(): write through metadata accumulator failed
    major: Page Buffering
    minor: Write failed
  #010: /scratch/spack_cpu/job_21700923/spack-stage/spack-stage-hdf5-1.10.7-xexa2gll6hf6okdatgrxiwhcjs2uepc7/spack-src/src/H5Faccum.c line 824 in H5F__accum_write(): file write failed
    major: Low-level I/O
    minor: Write failed
  #011: /scratch/spack_cpu/job_21700923/spack-stage/spack-stage-hdf5-1.10.7-xexa2gll6hf6okdatgrxiwhcjs2uepc7/spack-src/src/H5FDint.c line 249 in H5FD_write(): driver write request failed
    major: Virtual File Layer
    minor: Write failed
  #012: /scratch/spack_cpu/job_21700923/spack-stage/spack-stage-hdf5-1.10.7-xexa2gll6hf6okdatgrxiwhcjs2uepc7/spack-src/src/H5FDsec2.c line 856 in H5FD__sec2_write(): file write failed: time = Wed Nov 19 12:58:56 2025
, filename = 'checkpoint.h5', file descriptor = 5, errno = 14, error message = 'Bad address', buf = 0x1555537c4000, total write size = 15969552, bytes this sub-write = 15969552, bytes actually written = 18446744073709551615, offset = 0
    major: Low-level I/O
    minor: Write failed
HDF5-DIAG: Error detected in HDF5 (1.10.7) thread 0:
  #000: /scratch/spack_cpu/job_21700923/spack-stage/spack-stage-hdf5-1.10.7-xexa2gll6hf6okdatgrxiwhcjs2uepc7/spack-src/src/H5Dio.c line 335 in H5Dwrite(): can't write data
    major: Dataset
    minor: Write failed
  #001: /scratch/spack_cpu/job_21700923/spack-stage/spack-stage-hdf5-1.10.7-xexa2gll6hf6okdatgrxiwhcjs2uepc7/spack-src/src/H5Dio.c line 813 in H5D__write(): can't write data
    major: Dataset
    minor: Write failed
  #002: /scratch/spack_cpu/job_21700923/spack-stage/spack-stage-hdf5-1.10.7-xexa2gll6hf6okdatgrxiwhcjs2uepc7/spack-src/src/H5Dcontig.c line 659 in H5D__contig_write(): contiguous write failed
    major: Dataset
    minor: Write failed
  #003: /scratch/spack_cpu/job_21700923/spack-stage/spack-stage-hdf5-1.10.7-xexa2gll6hf6okdatgrxiwhcjs2uepc7/spack-src/src/H5Dselect.c line 321 in H5D__select_write(): write error
    major: Dataspace
    minor: Write failed
  #004: /scratch/spack_cpu/job_21700923/spack-stage/spack-stage-hdf5-1.10.7-xexa2gll6hf6okdatgrxiwhcjs2uepc7/spack-src/src/H5Dselect.c line 230 in H5D__select_io(): write error
    major: Dataspace
    minor: Write failed
  #005: /scratch/spack_cpu/job_21700923/spack-stage/spack-stage-hdf5-1.10.7-xexa2gll6hf6okdatgrxiwhcjs2uepc7/spack-src/src/H5Dcontig.c line 1281 in H5D__contig_writevv(): can't perform vectorized sieve buffer write
    major: Dataset
    minor: Can't operate on object
  #006: /scratch/spack_cpu/job_21700923/spack-stage/spack-stage-hdf5-1.10.7-xexa2gll6hf6okdatgrxiwhcjs2uepc7/spack-src/src/H5VM.c line 1464 in H5VM_opvv(): can't perform operation
    major: Internal error (too specific to document in detail)
    minor: Can't operate on object
  #007: /scratch/spack_cpu/job_21700923/spack-stage/spack-stage-hdf5-1.10.7-xexa2gll6hf6okdatgrxiwhcjs2uepc7/spack-src/src/H5Dcontig.c line 1029 in H5D__contig_writevv_sieve_cb(): block write failed
    major: Dataset
    minor: Write failed
  #008: /scratch/spack_cpu/job_21700923/spack-stage/spack-stage-hdf5-1.10.7-xexa2gll6hf6okdatgrxiwhcjs2uepc7/spack-src/src/H5Fio.c line 161 in H5F_block_write(): write through page buffer failed
    major: Low-level I/O
    minor: Write failed
  #009: /scratch/spack_cpu/job_21700923/spack-stage/spack-stage-hdf5-1.10.7-xexa2gll6hf6okdatgrxiwhcjs2uepc7/spack-src/src/H5PB.c line 1032 in H5PB_write(): write through metadata accumulator failed
    major: Page Buffering
    minor: Write failed
  #010: /scratch/spack_cpu/job_21700923/spack-stage/spack-stage-hdf5-1.10.7-xexa2gll6hf6okdatgrxiwhcjs2uepc7/spack-src/src/H5Faccum.c line 824 in H5F__accum_write(): file write failed
    major: Low-level I/O
    minor: Write failed
  #011: /scratch/spack_cpu/job_21700923/spack-stage/spack-stage-hdf5-1.10.7-xexa2gll6hf6okdatgrxiwhcjs2uepc7/spack-src/src/H5FDint.c line 249 in H5FD_write(): driver write request failed
    major: Virtual File Layer
    minor: Write failed
  #012: /scratch/spack_cpu/job_21700923/spack-stage/spack-stage-hdf5-1.10.7-xexa2gll6hf6okdatgrxiwhcjs2uepc7/spack-src/src/H5FDsec2.c line 856 in H5FD__sec2_write(): file write failed: time = Wed Nov 19 13:00:50 2025
, filename = 'checkpoint.h5', file descriptor = 5, errno = 14, error message = 'Bad address', buf = 0x1555537c4000, total write size = 15969552, bytes this sub-write = 15969552, bytes actually written = 18446744073709551615, offset = 0
    major: Low-level I/O
    minor: Write failed
HDF5-DIAG: Error detected in HDF5 (1.10.7) thread 0:
  #000: /scratch/spack_cpu/job_21700923/spack-stage/spack-stage-hdf5-1.10.7-xexa2gll6hf6okdatgrxiwhcjs2uepc7/spack-src/src/H5Dio.c line 335 in H5Dwrite(): can't write data
    major: Dataset
    minor: Write failed
  #001: /scratch/spack_cpu/job_21700923/spack-stage/spack-stage-hdf5-1.10.7-xexa2gll6hf6okdatgrxiwhcjs2uepc7/spack-src/src/H5Dio.c line 813 in H5D__write(): can't write data
    major: Dataset
    minor: Write failed
  #002: /scratch/spack_cpu/job_21700923/spack-stage/spack-stage-hdf5-1.10.7-xexa2gll6hf6okdatgrxiwhcjs2uepc7/spack-src/src/H5Dcontig.c line 659 in H5D__contig_write(): contiguous write failed
    major: Dataset
    minor: Write failed
  #003: /scratch/spack_cpu/job_21700923/spack-stage/spack-stage-hdf5-1.10.7-xexa2gll6hf6okdatgrxiwhcjs2uepc7/spack-src/src/H5Dselect.c line 321 in H5D__select_write(): write error
    major: Dataspace
    minor: Write failed
  #004: /scratch/spack_cpu/job_21700923/spack-stage/spack-stage-hdf5-1.10.7-xexa2gll6hf6okdatgrxiwhcjs2uepc7/spack-src/src/H5Dselect.c line 230 in H5D__select_io(): write error
    major: Dataspace
    minor: Write failed
  #005: /scratch/spack_cpu/job_21700923/spack-stage/spack-stage-hdf5-1.10.7-xexa2gll6hf6okdatgrxiwhcjs2uepc7/spack-src/src/H5Dcontig.c line 1281 in H5D__contig_writevv(): can't perform vectorized sieve buffer write
    major: Dataset
    minor: Can't operate on object
  #006: /scratch/spack_cpu/job_21700923/spack-stage/spack-stage-hdf5-1.10.7-xexa2gll6hf6okdatgrxiwhcjs2uepc7/spack-src/src/H5VM.c line 1464 in H5VM_opvv(): can't perform operation
    major: Internal error (too specific to document in detail)
    minor: Can't operate on object
  #007: /scratch/spack_cpu/job_21700923/spack-stage/spack-stage-hdf5-1.10.7-xexa2gll6hf6okdatgrxiwhcjs2uepc7/spack-src/src/H5Dcontig.c line 1029 in H5D__contig_writevv_sieve_cb(): block write failed
    major: Dataset
    minor: Write failed
  #008: /scratch/spack_cpu/job_21700923/spack-stage/spack-stage-hdf5-1.10.7-xexa2gll6hf6okdatgrxiwhcjs2uepc7/spack-src/src/H5Fio.c line 161 in H5F_block_write(): write through page buffer failed
    major: Low-level I/O
    minor: Write failed
  #009: /scratch/spack_cpu/job_21700923/spack-stage/spack-stage-hdf5-1.10.7-xexa2gll6hf6okdatgrxiwhcjs2uepc7/spack-src/src/H5PB.c line 1032 in H5PB_write(): write through metadata accumulator failed
    major: Page Buffering
    minor: Write failed
  #010: /scratch/spack_cpu/job_21700923/spack-stage/spack-stage-hdf5-1.10.7-xexa2gll6hf6okdatgrxiwhcjs2uepc7/spack-src/src/H5Faccum.c line 824 in H5F__accum_write(): file write failed
    major: Low-level I/O
    minor: Write failed
  #011: /scratch/spack_cpu/job_21700923/spack-stage/spack-stage-hdf5-1.10.7-xexa2gll6hf6okdatgrxiwhcjs2uepc7/spack-src/src/H5FDint.c line 249 in H5FD_write(): driver write request failed
    major: Virtual File Layer
    minor: Write failed
  #012: /scratch/spack_cpu/job_21700923/spack-stage/spack-stage-hdf5-1.10.7-xexa2gll6hf6okdatgrxiwhcjs2uepc7/spack-src/src/H5FDsec2.c line 856 in H5FD__sec2_write(): file write failed: time = Wed Nov 19 13:02:43 2025
, filename = 'checkpoint.h5', file descriptor = 5, errno = 14, error message = 'Bad address', buf = 0x1555537c4000, total write size = 15969552, bytes this sub-write = 15969552, bytes actually written = 18446744073709551615, offset = 0
    major: Low-level I/O
    minor: Write failed
HDF5-DIAG: Error detected in HDF5 (1.10.7) thread 0:
  #000: /scratch/spack_cpu/job_21700923/spack-stage/spack-stage-hdf5-1.10.7-xexa2gll6hf6okdatgrxiwhcjs2uepc7/spack-src/src/H5Dio.c line 335 in H5Dwrite(): can't write data
    major: Dataset
    minor: Write failed
  #001: /scratch/spack_cpu/job_21700923/spack-stage/spack-stage-hdf5-1.10.7-xexa2gll6hf6okdatgrxiwhcjs2uepc7/spack-src/src/H5Dio.c line 813 in H5D__write(): can't write data
    major: Dataset
    minor: Write failed
  #002: /scratch/spack_cpu/job_21700923/spack-stage/spack-stage-hdf5-1.10.7-xexa2gll6hf6okdatgrxiwhcjs2uepc7/spack-src/src/H5Dcontig.c line 659 in H5D__contig_write(): contiguous write failed
    major: Dataset
    minor: Write failed
  #003: /scratch/spack_cpu/job_21700923/spack-stage/spack-stage-hdf5-1.10.7-xexa2gll6hf6okdatgrxiwhcjs2uepc7/spack-src/src/H5Dselect.c line 321 in H5D__select_write(): write error
    major: Dataspace
    minor: Write failed
  #004: /scratch/spack_cpu/job_21700923/spack-stage/spack-stage-hdf5-1.10.7-xexa2gll6hf6okdatgrxiwhcjs2uepc7/spack-src/src/H5Dselect.c line 230 in H5D__select_io(): write error
    major: Dataspace
    minor: Write failed
  #005: /scratch/spack_cpu/job_21700923/spack-stage/spack-stage-hdf5-1.10.7-xexa2gll6hf6okdatgrxiwhcjs2uepc7/spack-src/src/H5Dcontig.c line 1281 in H5D__contig_writevv(): can't perform vectorized sieve buffer write
    major: Dataset
    minor: Can't operate on object
  #006: /scratch/spack_cpu/job_21700923/spack-stage/spack-stage-hdf5-1.10.7-xexa2gll6hf6okdatgrxiwhcjs2uepc7/spack-src/src/H5VM.c line 1464 in H5VM_opvv(): can't perform operation
    major: Internal error (too specific to document in detail)
    minor: Can't operate on object
  #007: /scratch/spack_cpu/job_21700923/spack-stage/spack-stage-hdf5-1.10.7-xexa2gll6hf6okdatgrxiwhcjs2uepc7/spack-src/src/H5Dcontig.c line 1029 in H5D__contig_writevv_sieve_cb(): block write failed
    major: Dataset
    minor: Write failed
  #008: /scratch/spack_cpu/job_21700923/spack-stage/spack-stage-hdf5-1.10.7-xexa2gll6hf6okdatgrxiwhcjs2uepc7/spack-src/src/H5Fio.c line 161 in H5F_block_write(): write through page buffer failed
    major: Low-level I/O
    minor: Write failed
  #009: /scratch/spack_cpu/job_21700923/spack-stage/spack-stage-hdf5-1.10.7-xexa2gll6hf6okdatgrxiwhcjs2uepc7/spack-src/src/H5PB.c line 1032 in H5PB_write(): write through metadata accumulator failed
    major: Page Buffering
    minor: Write failed
  #010: /scratch/spack_cpu/job_21700923/spack-stage/spack-stage-hdf5-1.10.7-xexa2gll6hf6okdatgrxiwhcjs2uepc7/spack-src/src/H5Faccum.c line 824 in H5F__accum_write(): file write failed
    major: Low-level I/O
    minor: Write failed
  #011: /scratch/spack_cpu/job_21700923/spack-stage/spack-stage-hdf5-1.10.7-xexa2gll6hf6okdatgrxiwhcjs2uepc7/spack-src/src/H5FDint.c line 249 in H5FD_write(): driver write request failed
    major: Virtual File Layer
    minor: Write failed
  #012: /scratch/spack_cpu/job_21700923/spack-stage/spack-stage-hdf5-1.10.7-xexa2gll6hf6okdatgrxiwhcjs2uepc7/spack-src/src/H5FDsec2.c line 856 in H5FD__sec2_write(): file write failed: time = Wed Nov 19 13:04:33 2025
, filename = 'checkpoint.h5', file descriptor = 5, errno = 14, error message = 'Bad address', buf = 0x1555537c4000, total write size = 15969552, bytes this sub-write = 15969552, bytes actually written = 18446744073709551615, offset = 0
    major: Low-level I/O
    minor: Write failed
HDF5-DIAG: Error detected in HDF5 (1.10.7) thread 0:
  #000: /scratch/spack_cpu/job_21700923/spack-stage/spack-stage-hdf5-1.10.7-xexa2gll6hf6okdatgrxiwhcjs2uepc7/spack-src/src/H5Dio.c line 335 in H5Dwrite(): can't write data
    major: Dataset
    minor: Write failed
  #001: /scratch/spack_cpu/job_21700923/spack-stage/spack-stage-hdf5-1.10.7-xexa2gll6hf6okdatgrxiwhcjs2uepc7/spack-src/src/H5Dio.c line 813 in H5D__write(): can't write data
    major: Dataset
    minor: Write failed
  #002: /scratch/spack_cpu/job_21700923/spack-stage/spack-stage-hdf5-1.10.7-xexa2gll6hf6okdatgrxiwhcjs2uepc7/spack-src/src/H5Dcontig.c line 659 in H5D__contig_write(): contiguous write failed
    major: Dataset
    minor: Write failed
  #003: /scratch/spack_cpu/job_21700923/spack-stage/spack-stage-hdf5-1.10.7-xexa2gll6hf6okdatgrxiwhcjs2uepc7/spack-src/src/H5Dselect.c line 321 in H5D__select_write(): write error
    major: Dataspace
    minor: Write failed
  #004: /scratch/spack_cpu/job_21700923/spack-stage/spack-stage-hdf5-1.10.7-xexa2gll6hf6okdatgrxiwhcjs2uepc7/spack-src/src/H5Dselect.c line 230 in H5D__select_io(): write error
    major: Dataspace
    minor: Write failed
  #005: /scratch/spack_cpu/job_21700923/spack-stage/spack-stage-hdf5-1.10.7-xexa2gll6hf6okdatgrxiwhcjs2uepc7/spack-src/src/H5Dcontig.c line 1281 in H5D__contig_writevv(): can't perform vectorized sieve buffer write
    major: Dataset
    minor: Can't operate on object
  #006: /scratch/spack_cpu/job_21700923/spack-stage/spack-stage-hdf5-1.10.7-xexa2gll6hf6okdatgrxiwhcjs2uepc7/spack-src/src/H5VM.c line 1464 in H5VM_opvv(): can't perform operation
    major: Internal error (too specific to document in detail)
    minor: Can't operate on object
  #007: /scratch/spack_cpu/job_21700923/spack-stage/spack-stage-hdf5-1.10.7-xexa2gll6hf6okdatgrxiwhcjs2uepc7/spack-src/src/H5Dcontig.c line 1029 in H5D__contig_writevv_sieve_cb(): block write failed
    major: Dataset
    minor: Write failed
  #008: /scratch/spack_cpu/job_21700923/spack-stage/spack-stage-hdf5-1.10.7-xexa2gll6hf6okdatgrxiwhcjs2uepc7/spack-src/src/H5Fio.c line 161 in H5F_block_write(): write through page buffer failed
    major: Low-level I/O
    minor: Write failed
  #009: /scratch/spack_cpu/job_21700923/spack-stage/spack-stage-hdf5-1.10.7-xexa2gll6hf6okdatgrxiwhcjs2uepc7/spack-src/src/H5PB.c line 1032 in H5PB_write(): write through metadata accumulator failed
    major: Page Buffering
    minor: Write failed
  #010: /scratch/spack_cpu/job_21700923/spack-stage/spack-stage-hdf5-1.10.7-xexa2gll6hf6okdatgrxiwhcjs2uepc7/spack-src/src/H5Faccum.c line 824 in H5F__accum_write(): file write failed
    major: Low-level I/O
    minor: Write failed
  #011: /scratch/spack_cpu/job_21700923/spack-stage/spack-stage-hdf5-1.10.7-xexa2gll6hf6okdatgrxiwhcjs2uepc7/spack-src/src/H5FDint.c line 249 in H5FD_write(): driver write request failed
    major: Virtual File Layer
    minor: Write failed
  #012: /scratch/spack_cpu/job_21700923/spack-stage/spack-stage-hdf5-1.10.7-xexa2gll6hf6okdatgrxiwhcjs2uepc7/spack-src/src/H5FDsec2.c line 856 in H5FD__sec2_write(): file write failed: time = Wed Nov 19 13:06:25 2025
, filename = 'checkpoint.h5', file descriptor = 5, errno = 14, error message = 'Bad address', buf = 0x1555537c4000, total write size = 15969552, bytes this sub-write = 15969552, bytes actually written = 18446744073709551615, offset = 0
    major: Low-level I/O
    minor: Write failed
HDF5-DIAG: Error detected in HDF5 (1.10.7) thread 0:
  #000: /scratch/spack_cpu/job_21700923/spack-stage/spack-stage-hdf5-1.10.7-xexa2gll6hf6okdatgrxiwhcjs2uepc7/spack-src/src/H5Dio.c line 335 in H5Dwrite(): can't write data
    major: Dataset
    minor: Write failed
  #001: /scratch/spack_cpu/job_21700923/spack-stage/spack-stage-hdf5-1.10.7-xexa2gll6hf6okdatgrxiwhcjs2uepc7/spack-src/src/H5Dio.c line 813 in H5D__write(): can't write data
    major: Dataset
    minor: Write failed
  #002: /scratch/spack_cpu/job_21700923/spack-stage/spack-stage-hdf5-1.10.7-xexa2gll6hf6okdatgrxiwhcjs2uepc7/spack-src/src/H5Dcontig.c line 659 in H5D__contig_write(): contiguous write failed
    major: Dataset
    minor: Write failed
  #003: /scratch/spack_cpu/job_21700923/spack-stage/spack-stage-hdf5-1.10.7-xexa2gll6hf6okdatgrxiwhcjs2uepc7/spack-src/src/H5Dselect.c line 321 in H5D__select_write(): write error
    major: Dataspace
    minor: Write failed
  #004: /scratch/spack_cpu/job_21700923/spack-stage/spack-stage-hdf5-1.10.7-xexa2gll6hf6okdatgrxiwhcjs2uepc7/spack-src/src/H5Dselect.c line 230 in H5D__select_io(): write error
    major: Dataspace
    minor: Write failed
  #005: /scratch/spack_cpu/job_21700923/spack-stage/spack-stage-hdf5-1.10.7-xexa2gll6hf6okdatgrxiwhcjs2uepc7/spack-src/src/H5Dcontig.c line 1281 in H5D__contig_writevv(): can't perform vectorized sieve buffer write
    major: Dataset
    minor: Can't operate on object
  #006: /scratch/spack_cpu/job_21700923/spack-stage/spack-stage-hdf5-1.10.7-xexa2gll6hf6okdatgrxiwhcjs2uepc7/spack-src/src/H5VM.c line 1464 in H5VM_opvv(): can't perform operation
    major: Internal error (too specific to document in detail)
    minor: Can't operate on object
  #007: /scratch/spack_cpu/job_21700923/spack-stage/spack-stage-hdf5-1.10.7-xexa2gll6hf6okdatgrxiwhcjs2uepc7/spack-src/src/H5Dcontig.c line 1029 in H5D__contig_writevv_sieve_cb(): block write failed
    major: Dataset
    minor: Write failed
  #008: /scratch/spack_cpu/job_21700923/spack-stage/spack-stage-hdf5-1.10.7-xexa2gll6hf6okdatgrxiwhcjs2uepc7/spack-src/src/H5Fio.c line 161 in H5F_block_write(): write through page buffer failed
    major: Low-level I/O
    minor: Write failed
  #009: /scratch/spack_cpu/job_21700923/spack-stage/spack-stage-hdf5-1.10.7-xexa2gll6hf6okdatgrxiwhcjs2uepc7/spack-src/src/H5PB.c line 1032 in H5PB_write(): write through metadata accumulator failed
    major: Page Buffering
    minor: Write failed
  #010: /scratch/spack_cpu/job_21700923/spack-stage/spack-stage-hdf5-1.10.7-xexa2gll6hf6okdatgrxiwhcjs2uepc7/spack-src/src/H5Faccum.c line 824 in H5F__accum_write(): file write failed
    major: Low-level I/O
    minor: Write failed
  #011: /scratch/spack_cpu/job_21700923/spack-stage/spack-stage-hdf5-1.10.7-xexa2gll6hf6okdatgrxiwhcjs2uepc7/spack-src/src/H5FDint.c line 249 in H5FD_write(): driver write request failed
    major: Virtual File Layer
    minor: Write failed
  #012: /scratch/spack_cpu/job_21700923/spack-stage/spack-stage-hdf5-1.10.7-xexa2gll6hf6okdatgrxiwhcjs2uepc7/spack-src/src/H5FDsec2.c line 856 in H5FD__sec2_write(): file write failed: time = Wed Nov 19 13:08:17 2025
, filename = 'checkpoint.h5', file descriptor = 5, errno = 14, error message = 'Bad address', buf = 0x1555537c4000, total write size = 15969552, bytes this sub-write = 15969552, bytes actually written = 18446744073709551615, offset = 0
    major: Low-level I/O
    minor: Write failed
HDF5-DIAG: Error detected in HDF5 (1.10.7) thread 0:
  #000: /scratch/spack_cpu/job_21700923/spack-stage/spack-stage-hdf5-1.10.7-xexa2gll6hf6okdatgrxiwhcjs2uepc7/spack-src/src/H5Dio.c line 335 in H5Dwrite(): can't write data
    major: Dataset
    minor: Write failed
  #001: /scratch/spack_cpu/job_21700923/spack-stage/spack-stage-hdf5-1.10.7-xexa2gll6hf6okdatgrxiwhcjs2uepc7/spack-src/src/H5Dio.c line 813 in H5D__write(): can't write data
    major: Dataset
    minor: Write failed
  #002: /scratch/spack_cpu/job_21700923/spack-stage/spack-stage-hdf5-1.10.7-xexa2gll6hf6okdatgrxiwhcjs2uepc7/spack-src/src/H5Dcontig.c line 659 in H5D__contig_write(): contiguous write failed
    major: Dataset
    minor: Write failed
  #003: /scratch/spack_cpu/job_21700923/spack-stage/spack-stage-hdf5-1.10.7-xexa2gll6hf6okdatgrxiwhcjs2uepc7/spack-src/src/H5Dselect.c line 321 in H5D__select_write(): write error
    major: Dataspace
    minor: Write failed
  #004: /scratch/spack_cpu/job_21700923/spack-stage/spack-stage-hdf5-1.10.7-xexa2gll6hf6okdatgrxiwhcjs2uepc7/spack-src/src/H5Dselect.c line 230 in H5D__select_io(): write error
    major: Dataspace
    minor: Write failed
  #005: /scratch/spack_cpu/job_21700923/spack-stage/spack-stage-hdf5-1.10.7-xexa2gll6hf6okdatgrxiwhcjs2uepc7/spack-src/src/H5Dcontig.c line 1281 in H5D__contig_writevv(): can't perform vectorized sieve buffer write
    major: Dataset
    minor: Can't operate on object
  #006: /scratch/spack_cpu/job_21700923/spack-stage/spack-stage-hdf5-1.10.7-xexa2gll6hf6okdatgrxiwhcjs2uepc7/spack-src/src/H5VM.c line 1464 in H5VM_opvv(): can't perform operation
    major: Internal error (too specific to document in detail)
    minor: Can't operate on object
  #007: /scratch/spack_cpu/job_21700923/spack-stage/spack-stage-hdf5-1.10.7-xexa2gll6hf6okdatgrxiwhcjs2uepc7/spack-src/src/H5Dcontig.c line 1029 in H5D__contig_writevv_sieve_cb(): block write failed
    major: Dataset
    minor: Write failed
  #008: /scratch/spack_cpu/job_21700923/spack-stage/spack-stage-hdf5-1.10.7-xexa2gll6hf6okdatgrxiwhcjs2uepc7/spack-src/src/H5Fio.c line 161 in H5F_block_write(): write through page buffer failed
    major: Low-level I/O
    minor: Write failed
  #009: /scratch/spack_cpu/job_21700923/spack-stage/spack-stage-hdf5-1.10.7-xexa2gll6hf6okdatgrxiwhcjs2uepc7/spack-src/src/H5PB.c line 1032 in H5PB_write(): write through metadata accumulator failed
    major: Page Buffering
    minor: Write failed
  #010: /scratch/spack_cpu/job_21700923/spack-stage/spack-stage-hdf5-1.10.7-xexa2gll6hf6okdatgrxiwhcjs2uepc7/spack-src/src/H5Faccum.c line 824 in H5F__accum_write(): file write failed
    major: Low-level I/O
    minor: Write failed
  #011: /scratch/spack_cpu/job_21700923/spack-stage/spack-stage-hdf5-1.10.7-xexa2gll6hf6okdatgrxiwhcjs2uepc7/spack-src/src/H5FDint.c line 249 in H5FD_write(): driver write request failed
    major: Virtual File Layer
    minor: Write failed
  #012: /scratch/spack_cpu/job_21700923/spack-stage/spack-stage-hdf5-1.10.7-xexa2gll6hf6okdatgrxiwhcjs2uepc7/spack-src/src/H5FDsec2.c line 856 in H5FD__sec2_write(): file write failed: time = Wed Nov 19 13:10:07 2025
, filename = 'checkpoint.h5', file descriptor = 5, errno = 14, error message = 'Bad address', buf = 0x1555537c4000, total write size = 15969552, bytes this sub-write = 15969552, bytes actually written = 18446744073709551615, offset = 0
    major: Low-level I/O
    minor: Write failed
HDF5-DIAG: Error detected in HDF5 (1.10.7) thread 0:
  #000: /scratch/spack_cpu/job_21700923/spack-stage/spack-stage-hdf5-1.10.7-xexa2gll6hf6okdatgrxiwhcjs2uepc7/spack-src/src/H5Dio.c line 335 in H5Dwrite(): can't write data
    major: Dataset
    minor: Write failed
  #001: /scratch/spack_cpu/job_21700923/spack-stage/spack-stage-hdf5-1.10.7-xexa2gll6hf6okdatgrxiwhcjs2uepc7/spack-src/src/H5Dio.c line 813 in H5D__write(): can't write data
    major: Dataset
    minor: Write failed
  #002: /scratch/spack_cpu/job_21700923/spack-stage/spack-stage-hdf5-1.10.7-xexa2gll6hf6okdatgrxiwhcjs2uepc7/spack-src/src/H5Dcontig.c line 659 in H5D__contig_write(): contiguous write failed
    major: Dataset
    minor: Write failed
  #003: /scratch/spack_cpu/job_21700923/spack-stage/spack-stage-hdf5-1.10.7-xexa2gll6hf6okdatgrxiwhcjs2uepc7/spack-src/src/H5Dselect.c line 321 in H5D__select_write(): write error
    major: Dataspace
    minor: Write failed
  #004: /scratch/spack_cpu/job_21700923/spack-stage/spack-stage-hdf5-1.10.7-xexa2gll6hf6okdatgrxiwhcjs2uepc7/spack-src/src/H5Dselect.c line 230 in H5D__select_io(): write error
    major: Dataspace
    minor: Write failed
  #005: /scratch/spack_cpu/job_21700923/spack-stage/spack-stage-hdf5-1.10.7-xexa2gll6hf6okdatgrxiwhcjs2uepc7/spack-src/src/H5Dcontig.c line 1281 in H5D__contig_writevv(): can't perform vectorized sieve buffer write
    major: Dataset
    minor: Can't operate on object
  #006: /scratch/spack_cpu/job_21700923/spack-stage/spack-stage-hdf5-1.10.7-xexa2gll6hf6okdatgrxiwhcjs2uepc7/spack-src/src/H5VM.c line 1464 in H5VM_opvv(): can't perform operation
    major: Internal error (too specific to document in detail)
    minor: Can't operate on object
  #007: /scratch/spack_cpu/job_21700923/spack-stage/spack-stage-hdf5-1.10.7-xexa2gll6hf6okdatgrxiwhcjs2uepc7/spack-src/src/H5Dcontig.c line 1029 in H5D__contig_writevv_sieve_cb(): block write failed
    major: Dataset
    minor: Write failed
  #008: /scratch/spack_cpu/job_21700923/spack-stage/spack-stage-hdf5-1.10.7-xexa2gll6hf6okdatgrxiwhcjs2uepc7/spack-src/src/H5Fio.c line 161 in H5F_block_write(): write through page buffer failed
    major: Low-level I/O
    minor: Write failed
  #009: /scratch/spack_cpu/job_21700923/spack-stage/spack-stage-hdf5-1.10.7-xexa2gll6hf6okdatgrxiwhcjs2uepc7/spack-src/src/H5PB.c line 1032 in H5PB_write(): write through metadata accumulator failed
    major: Page Buffering
    minor: Write failed
  #010: /scratch/spack_cpu/job_21700923/spack-stage/spack-stage-hdf5-1.10.7-xexa2gll6hf6okdatgrxiwhcjs2uepc7/spack-src/src/H5Faccum.c line 824 in H5F__accum_write(): file write failed
    major: Low-level I/O
    minor: Write failed
  #011: /scratch/spack_cpu/job_21700923/spack-stage/spack-stage-hdf5-1.10.7-xexa2gll6hf6okdatgrxiwhcjs2uepc7/spack-src/src/H5FDint.c line 249 in H5FD_write(): driver write request failed
    major: Virtual File Layer
    minor: Write failed
  #012: /scratch/spack_cpu/job_21700923/spack-stage/spack-stage-hdf5-1.10.7-xexa2gll6hf6okdatgrxiwhcjs2uepc7/spack-src/src/H5FDsec2.c line 856 in H5FD__sec2_write(): file write failed: time = Wed Nov 19 13:11:55 2025
, filename = 'checkpoint.h5', file descriptor = 5, errno = 14, error message = 'Bad address', buf = 0x1555537c4000, total write size = 15969552, bytes this sub-write = 15969552, bytes actually written = 18446744073709551615, offset = 0
    major: Low-level I/O
    minor: Write failed
HDF5-DIAG: Error detected in HDF5 (1.10.7) thread 0:
  #000: /scratch/spack_cpu/job_21700923/spack-stage/spack-stage-hdf5-1.10.7-xexa2gll6hf6okdatgrxiwhcjs2uepc7/spack-src/src/H5Dio.c line 335 in H5Dwrite(): can't write data
    major: Dataset
    minor: Write failed
  #001: /scratch/spack_cpu/job_21700923/spack-stage/spack-stage-hdf5-1.10.7-xexa2gll6hf6okdatgrxiwhcjs2uepc7/spack-src/src/H5Dio.c line 813 in H5D__write(): can't write data
    major: Dataset
    minor: Write failed
  #002: /scratch/spack_cpu/job_21700923/spack-stage/spack-stage-hdf5-1.10.7-xexa2gll6hf6okdatgrxiwhcjs2uepc7/spack-src/src/H5Dcontig.c line 659 in H5D__contig_write(): contiguous write failed
    major: Dataset
    minor: Write failed
  #003: /scratch/spack_cpu/job_21700923/spack-stage/spack-stage-hdf5-1.10.7-xexa2gll6hf6okdatgrxiwhcjs2uepc7/spack-src/src/H5Dselect.c line 321 in H5D__select_write(): write error
    major: Dataspace
    minor: Write failed
  #004: /scratch/spack_cpu/job_21700923/spack-stage/spack-stage-hdf5-1.10.7-xexa2gll6hf6okdatgrxiwhcjs2uepc7/spack-src/src/H5Dselect.c line 230 in H5D__select_io(): write error
    major: Dataspace
    minor: Write failed
  #005: /scratch/spack_cpu/job_21700923/spack-stage/spack-stage-hdf5-1.10.7-xexa2gll6hf6okdatgrxiwhcjs2uepc7/spack-src/src/H5Dcontig.c line 1281 in H5D__contig_writevv(): can't perform vectorized sieve buffer write
    major: Dataset
    minor: Can't operate on object
  #006: /scratch/spack_cpu/job_21700923/spack-stage/spack-stage-hdf5-1.10.7-xexa2gll6hf6okdatgrxiwhcjs2uepc7/spack-src/src/H5VM.c line 1464 in H5VM_opvv(): can't perform operation
    major: Internal error (too specific to document in detail)
    minor: Can't operate on object
  #007: /scratch/spack_cpu/job_21700923/spack-stage/spack-stage-hdf5-1.10.7-xexa2gll6hf6okdatgrxiwhcjs2uepc7/spack-src/src/H5Dcontig.c line 1029 in H5D__contig_writevv_sieve_cb(): block write failed
    major: Dataset
    minor: Write failed
  #008: /scratch/spack_cpu/job_21700923/spack-stage/spack-stage-hdf5-1.10.7-xexa2gll6hf6okdatgrxiwhcjs2uepc7/spack-src/src/H5Fio.c line 161 in H5F_block_write(): write through page buffer failed
    major: Low-level I/O
    minor: Write failed
  #009: /scratch/spack_cpu/job_21700923/spack-stage/spack-stage-hdf5-1.10.7-xexa2gll6hf6okdatgrxiwhcjs2uepc7/spack-src/src/H5PB.c line 1032 in H5PB_write(): write through metadata accumulator failed
    major: Page Buffering
    minor: Write failed
  #010: /scratch/spack_cpu/job_21700923/spack-stage/spack-stage-hdf5-1.10.7-xexa2gll6hf6okdatgrxiwhcjs2uepc7/spack-src/src/H5Faccum.c line 824 in H5F__accum_write(): file write failed
    major: Low-level I/O
    minor: Write failed
  #011: /scratch/spack_cpu/job_21700923/spack-stage/spack-stage-hdf5-1.10.7-xexa2gll6hf6okdatgrxiwhcjs2uepc7/spack-src/src/H5FDint.c line 249 in H5FD_write(): driver write request failed
    major: Virtual File Layer
    minor: Write failed
  #012: /scratch/spack_cpu/job_21700923/spack-stage/spack-stage-hdf5-1.10.7-xexa2gll6hf6okdatgrxiwhcjs2uepc7/spack-src/src/H5FDsec2.c line 856 in H5FD__sec2_write(): file write failed: time = Wed Nov 19 13:13:46 2025
, filename = 'checkpoint.h5', file descriptor = 5, errno = 14, error message = 'Bad address', buf = 0x1555537c4000, total write size = 15969552, bytes this sub-write = 15969552, bytes actually written = 18446744073709551615, offset = 0
    major: Low-level I/O
    minor: Write failed
HDF5-DIAG: Error detected in HDF5 (1.10.7) thread 0:
  #000: /scratch/spack_cpu/job_21700923/spack-stage/spack-stage-hdf5-1.10.7-xexa2gll6hf6okdatgrxiwhcjs2uepc7/spack-src/src/H5Dio.c line 335 in H5Dwrite(): can't write data
    major: Dataset
    minor: Write failed
  #001: /scratch/spack_cpu/job_21700923/spack-stage/spack-stage-hdf5-1.10.7-xexa2gll6hf6okdatgrxiwhcjs2uepc7/spack-src/src/H5Dio.c line 813 in H5D__write(): can't write data
    major: Dataset
    minor: Write failed
  #002: /scratch/spack_cpu/job_21700923/spack-stage/spack-stage-hdf5-1.10.7-xexa2gll6hf6okdatgrxiwhcjs2uepc7/spack-src/src/H5Dcontig.c line 659 in H5D__contig_write(): contiguous write failed
    major: Dataset
    minor: Write failed
  #003: /scratch/spack_cpu/job_21700923/spack-stage/spack-stage-hdf5-1.10.7-xexa2gll6hf6okdatgrxiwhcjs2uepc7/spack-src/src/H5Dselect.c line 321 in H5D__select_write(): write error
    major: Dataspace
    minor: Write failed
  #004: /scratch/spack_cpu/job_21700923/spack-stage/spack-stage-hdf5-1.10.7-xexa2gll6hf6okdatgrxiwhcjs2uepc7/spack-src/src/H5Dselect.c line 230 in H5D__select_io(): write error
    major: Dataspace
    minor: Write failed
  #005: /scratch/spack_cpu/job_21700923/spack-stage/spack-stage-hdf5-1.10.7-xexa2gll6hf6okdatgrxiwhcjs2uepc7/spack-src/src/H5Dcontig.c line 1281 in H5D__contig_writevv(): can't perform vectorized sieve buffer write
    major: Dataset
    minor: Can't operate on object
  #006: /scratch/spack_cpu/job_21700923/spack-stage/spack-stage-hdf5-1.10.7-xexa2gll6hf6okdatgrxiwhcjs2uepc7/spack-src/src/H5VM.c line 1464 in H5VM_opvv(): can't perform operation
    major: Internal error (too specific to document in detail)
    minor: Can't operate on object
  #007: /scratch/spack_cpu/job_21700923/spack-stage/spack-stage-hdf5-1.10.7-xexa2gll6hf6okdatgrxiwhcjs2uepc7/spack-src/src/H5Dcontig.c line 1029 in H5D__contig_writevv_sieve_cb(): block write failed
    major: Dataset
    minor: Write failed
  #008: /scratch/spack_cpu/job_21700923/spack-stage/spack-stage-hdf5-1.10.7-xexa2gll6hf6okdatgrxiwhcjs2uepc7/spack-src/src/H5Fio.c line 161 in H5F_block_write(): write through page buffer failed
    major: Low-level I/O
    minor: Write failed
  #009: /scratch/spack_cpu/job_21700923/spack-stage/spack-stage-hdf5-1.10.7-xexa2gll6hf6okdatgrxiwhcjs2uepc7/spack-src/src/H5PB.c line 1032 in H5PB_write(): write through metadata accumulator failed
    major: Page Buffering
    minor: Write failed
  #010: /scratch/spack_cpu/job_21700923/spack-stage/spack-stage-hdf5-1.10.7-xexa2gll6hf6okdatgrxiwhcjs2uepc7/spack-src/src/H5Faccum.c line 824 in H5F__accum_write(): file write failed
    major: Low-level I/O
    minor: Write failed
  #011: /scratch/spack_cpu/job_21700923/spack-stage/spack-stage-hdf5-1.10.7-xexa2gll6hf6okdatgrxiwhcjs2uepc7/spack-src/src/H5FDint.c line 249 in H5FD_write(): driver write request failed
    major: Virtual File Layer
    minor: Write failed
  #012: /scratch/spack_cpu/job_21700923/spack-stage/spack-stage-hdf5-1.10.7-xexa2gll6hf6okdatgrxiwhcjs2uepc7/spack-src/src/H5FDsec2.c line 856 in H5FD__sec2_write(): file write failed: time = Wed Nov 19 13:15:37 2025
, filename = 'checkpoint.h5', file descriptor = 5, errno = 14, error message = 'Bad address', buf = 0x1555537c4000, total write size = 15969552, bytes this sub-write = 15969552, bytes actually written = 18446744073709551615, offset = 0
    major: Low-level I/O
    minor: Write failed
HDF5-DIAG: Error detected in HDF5 (1.10.7) thread 0:
  #000: /scratch/spack_cpu/job_21700923/spack-stage/spack-stage-hdf5-1.10.7-xexa2gll6hf6okdatgrxiwhcjs2uepc7/spack-src/src/H5Dio.c line 335 in H5Dwrite(): can't write data
    major: Dataset
    minor: Write failed
  #001: /scratch/spack_cpu/job_21700923/spack-stage/spack-stage-hdf5-1.10.7-xexa2gll6hf6okdatgrxiwhcjs2uepc7/spack-src/src/H5Dio.c line 813 in H5D__write(): can't write data
    major: Dataset
    minor: Write failed
  #002: /scratch/spack_cpu/job_21700923/spack-stage/spack-stage-hdf5-1.10.7-xexa2gll6hf6okdatgrxiwhcjs2uepc7/spack-src/src/H5Dcontig.c line 659 in H5D__contig_write(): contiguous write failed
    major: Dataset
    minor: Write failed
  #003: /scratch/spack_cpu/job_21700923/spack-stage/spack-stage-hdf5-1.10.7-xexa2gll6hf6okdatgrxiwhcjs2uepc7/spack-src/src/H5Dselect.c line 321 in H5D__select_write(): write error
    major: Dataspace
    minor: Write failed
  #004: /scratch/spack_cpu/job_21700923/spack-stage/spack-stage-hdf5-1.10.7-xexa2gll6hf6okdatgrxiwhcjs2uepc7/spack-src/src/H5Dselect.c line 230 in H5D__select_io(): write error
    major: Dataspace
    minor: Write failed
  #005: /scratch/spack_cpu/job_21700923/spack-stage/spack-stage-hdf5-1.10.7-xexa2gll6hf6okdatgrxiwhcjs2uepc7/spack-src/src/H5Dcontig.c line 1281 in H5D__contig_writevv(): can't perform vectorized sieve buffer write
    major: Dataset
    minor: Can't operate on object
  #006: /scratch/spack_cpu/job_21700923/spack-stage/spack-stage-hdf5-1.10.7-xexa2gll6hf6okdatgrxiwhcjs2uepc7/spack-src/src/H5VM.c line 1464 in H5VM_opvv(): can't perform operation
    major: Internal error (too specific to document in detail)
    minor: Can't operate on object
  #007: /scratch/spack_cpu/job_21700923/spack-stage/spack-stage-hdf5-1.10.7-xexa2gll6hf6okdatgrxiwhcjs2uepc7/spack-src/src/H5Dcontig.c line 1029 in H5D__contig_writevv_sieve_cb(): block write failed
    major: Dataset
    minor: Write failed
  #008: /scratch/spack_cpu/job_21700923/spack-stage/spack-stage-hdf5-1.10.7-xexa2gll6hf6okdatgrxiwhcjs2uepc7/spack-src/src/H5Fio.c line 161 in H5F_block_write(): write through page buffer failed
    major: Low-level I/O
    minor: Write failed
  #009: /scratch/spack_cpu/job_21700923/spack-stage/spack-stage-hdf5-1.10.7-xexa2gll6hf6okdatgrxiwhcjs2uepc7/spack-src/src/H5PB.c line 1032 in H5PB_write(): write through metadata accumulator failed
    major: Page Buffering
    minor: Write failed
  #010: /scratch/spack_cpu/job_21700923/spack-stage/spack-stage-hdf5-1.10.7-xexa2gll6hf6okdatgrxiwhcjs2uepc7/spack-src/src/H5Faccum.c line 824 in H5F__accum_write(): file write failed
    major: Low-level I/O
    minor: Write failed
  #011: /scratch/spack_cpu/job_21700923/spack-stage/spack-stage-hdf5-1.10.7-xexa2gll6hf6okdatgrxiwhcjs2uepc7/spack-src/src/H5FDint.c line 249 in H5FD_write(): driver write request failed
    major: Virtual File Layer
    minor: Write failed
  #012: /scratch/spack_cpu/job_21700923/spack-stage/spack-stage-hdf5-1.10.7-xexa2gll6hf6okdatgrxiwhcjs2uepc7/spack-src/src/H5FDsec2.c line 856 in H5FD__sec2_write(): file write failed: time = Wed Nov 19 13:17:28 2025
, filename = 'checkpoint.h5', file descriptor = 5, errno = 14, error message = 'Bad address', buf = 0x1555537c4000, total write size = 15969552, bytes this sub-write = 15969552, bytes actually written = 18446744073709551615, offset = 0
    major: Low-level I/O
    minor: Write failed
HDF5-DIAG: Error detected in HDF5 (1.10.7) thread 0:
  #000: /scratch/spack_cpu/job_21700923/spack-stage/spack-stage-hdf5-1.10.7-xexa2gll6hf6okdatgrxiwhcjs2uepc7/spack-src/src/H5Dio.c line 335 in H5Dwrite(): can't write data
    major: Dataset
    minor: Write failed
  #001: /scratch/spack_cpu/job_21700923/spack-stage/spack-stage-hdf5-1.10.7-xexa2gll6hf6okdatgrxiwhcjs2uepc7/spack-src/src/H5Dio.c line 813 in H5D__write(): can't write data
    major: Dataset
    minor: Write failed
  #002: /scratch/spack_cpu/job_21700923/spack-stage/spack-stage-hdf5-1.10.7-xexa2gll6hf6okdatgrxiwhcjs2uepc7/spack-src/src/H5Dcontig.c line 659 in H5D__contig_write(): contiguous write failed
    major: Dataset
    minor: Write failed
  #003: /scratch/spack_cpu/job_21700923/spack-stage/spack-stage-hdf5-1.10.7-xexa2gll6hf6okdatgrxiwhcjs2uepc7/spack-src/src/H5Dselect.c line 321 in H5D__select_write(): write error
    major: Dataspace
    minor: Write failed
  #004: /scratch/spack_cpu/job_21700923/spack-stage/spack-stage-hdf5-1.10.7-xexa2gll6hf6okdatgrxiwhcjs2uepc7/spack-src/src/H5Dselect.c line 230 in H5D__select_io(): write error
    major: Dataspace
    minor: Write failed
  #005: /scratch/spack_cpu/job_21700923/spack-stage/spack-stage-hdf5-1.10.7-xexa2gll6hf6okdatgrxiwhcjs2uepc7/spack-src/src/H5Dcontig.c line 1281 in H5D__contig_writevv(): can't perform vectorized sieve buffer write
    major: Dataset
    minor: Can't operate on object
  #006: /scratch/spack_cpu/job_21700923/spack-stage/spack-stage-hdf5-1.10.7-xexa2gll6hf6okdatgrxiwhcjs2uepc7/spack-src/src/H5VM.c line 1464 in H5VM_opvv(): can't perform operation
    major: Internal error (too specific to document in detail)
    minor: Can't operate on object
  #007: /scratch/spack_cpu/job_21700923/spack-stage/spack-stage-hdf5-1.10.7-xexa2gll6hf6okdatgrxiwhcjs2uepc7/spack-src/src/H5Dcontig.c line 1029 in H5D__contig_writevv_sieve_cb(): block write failed
    major: Dataset
    minor: Write failed
  #008: /scratch/spack_cpu/job_21700923/spack-stage/spack-stage-hdf5-1.10.7-xexa2gll6hf6okdatgrxiwhcjs2uepc7/spack-src/src/H5Fio.c line 161 in H5F_block_write(): write through page buffer failed
    major: Low-level I/O
    minor: Write failed
  #009: /scratch/spack_cpu/job_21700923/spack-stage/spack-stage-hdf5-1.10.7-xexa2gll6hf6okdatgrxiwhcjs2uepc7/spack-src/src/H5PB.c line 1032 in H5PB_write(): write through metadata accumulator failed
    major: Page Buffering
    minor: Write failed
  #010: /scratch/spack_cpu/job_21700923/spack-stage/spack-stage-hdf5-1.10.7-xexa2gll6hf6okdatgrxiwhcjs2uepc7/spack-src/src/H5Faccum.c line 824 in H5F__accum_write(): file write failed
    major: Low-level I/O
    minor: Write failed
  #011: /scratch/spack_cpu/job_21700923/spack-stage/spack-stage-hdf5-1.10.7-xexa2gll6hf6okdatgrxiwhcjs2uepc7/spack-src/src/H5FDint.c line 249 in H5FD_write(): driver write request failed
    major: Virtual File Layer
    minor: Write failed
  #012: /scratch/spack_cpu/job_21700923/spack-stage/spack-stage-hdf5-1.10.7-xexa2gll6hf6okdatgrxiwhcjs2uepc7/spack-src/src/H5FDsec2.c line 856 in H5FD__sec2_write(): file write failed: time = Wed Nov 19 13:19:19 2025
, filename = 'checkpoint.h5', file descriptor = 5, errno = 14, error message = 'Bad address', buf = 0x1555537c4000, total write size = 15969552, bytes this sub-write = 15969552, bytes actually written = 18446744073709551615, offset = 0
    major: Low-level I/O
    minor: Write failed
HDF5-DIAG: Error detected in HDF5 (1.10.7) thread 0:
  #000: /scratch/spack_cpu/job_21700923/spack-stage/spack-stage-hdf5-1.10.7-xexa2gll6hf6okdatgrxiwhcjs2uepc7/spack-src/src/H5Dio.c line 335 in H5Dwrite(): can't write data
    major: Dataset
    minor: Write failed
  #001: /scratch/spack_cpu/job_21700923/spack-stage/spack-stage-hdf5-1.10.7-xexa2gll6hf6okdatgrxiwhcjs2uepc7/spack-src/src/H5Dio.c line 813 in H5D__write(): can't write data
    major: Dataset
    minor: Write failed
  #002: /scratch/spack_cpu/job_21700923/spack-stage/spack-stage-hdf5-1.10.7-xexa2gll6hf6okdatgrxiwhcjs2uepc7/spack-src/src/H5Dcontig.c line 659 in H5D__contig_write(): contiguous write failed
    major: Dataset
    minor: Write failed
  #003: /scratch/spack_cpu/job_21700923/spack-stage/spack-stage-hdf5-1.10.7-xexa2gll6hf6okdatgrxiwhcjs2uepc7/spack-src/src/H5Dselect.c line 321 in H5D__select_write(): write error
    major: Dataspace
    minor: Write failed
  #004: /scratch/spack_cpu/job_21700923/spack-stage/spack-stage-hdf5-1.10.7-xexa2gll6hf6okdatgrxiwhcjs2uepc7/spack-src/src/H5Dselect.c line 230 in H5D__select_io(): write error
    major: Dataspace
    minor: Write failed
  #005: /scratch/spack_cpu/job_21700923/spack-stage/spack-stage-hdf5-1.10.7-xexa2gll6hf6okdatgrxiwhcjs2uepc7/spack-src/src/H5Dcontig.c line 1281 in H5D__contig_writevv(): can't perform vectorized sieve buffer write
    major: Dataset
    minor: Can't operate on object
  #006: /scratch/spack_cpu/job_21700923/spack-stage/spack-stage-hdf5-1.10.7-xexa2gll6hf6okdatgrxiwhcjs2uepc7/spack-src/src/H5VM.c line 1464 in H5VM_opvv(): can't perform operation
    major: Internal error (too specific to document in detail)
    minor: Can't operate on object
  #007: /scratch/spack_cpu/job_21700923/spack-stage/spack-stage-hdf5-1.10.7-xexa2gll6hf6okdatgrxiwhcjs2uepc7/spack-src/src/H5Dcontig.c line 1029 in H5D__contig_writevv_sieve_cb(): block write failed
    major: Dataset
    minor: Write failed
  #008: /scratch/spack_cpu/job_21700923/spack-stage/spack-stage-hdf5-1.10.7-xexa2gll6hf6okdatgrxiwhcjs2uepc7/spack-src/src/H5Fio.c line 161 in H5F_block_write(): write through page buffer failed
    major: Low-level I/O
    minor: Write failed
  #009: /scratch/spack_cpu/job_21700923/spack-stage/spack-stage-hdf5-1.10.7-xexa2gll6hf6okdatgrxiwhcjs2uepc7/spack-src/src/H5PB.c line 1032 in H5PB_write(): write through metadata accumulator failed
    major: Page Buffering
    minor: Write failed
  #010: /scratch/spack_cpu/job_21700923/spack-stage/spack-stage-hdf5-1.10.7-xexa2gll6hf6okdatgrxiwhcjs2uepc7/spack-src/src/H5Faccum.c line 824 in H5F__accum_write(): file write failed
    major: Low-level I/O
    minor: Write failed
  #011: /scratch/spack_cpu/job_21700923/spack-stage/spack-stage-hdf5-1.10.7-xexa2gll6hf6okdatgrxiwhcjs2uepc7/spack-src/src/H5FDint.c line 249 in H5FD_write(): driver write request failed
    major: Virtual File Layer
    minor: Write failed
  #012: /scratch/spack_cpu/job_21700923/spack-stage/spack-stage-hdf5-1.10.7-xexa2gll6hf6okdatgrxiwhcjs2uepc7/spack-src/src/H5FDsec2.c line 856 in H5FD__sec2_write(): file write failed: time = Wed Nov 19 13:21:10 2025
, filename = 'checkpoint.h5', file descriptor = 5, errno = 14, error message = 'Bad address', buf = 0x1555537c4000, total write size = 15969552, bytes this sub-write = 15969552, bytes actually written = 18446744073709551615, offset = 0
    major: Low-level I/O
    minor: Write failed
HDF5-DIAG: Error detected in HDF5 (1.10.7) thread 0:
  #000: /scratch/spack_cpu/job_21700923/spack-stage/spack-stage-hdf5-1.10.7-xexa2gll6hf6okdatgrxiwhcjs2uepc7/spack-src/src/H5Dio.c line 335 in H5Dwrite(): can't write data
    major: Dataset
    minor: Write failed
  #001: /scratch/spack_cpu/job_21700923/spack-stage/spack-stage-hdf5-1.10.7-xexa2gll6hf6okdatgrxiwhcjs2uepc7/spack-src/src/H5Dio.c line 813 in H5D__write(): can't write data
    major: Dataset
    minor: Write failed
  #002: /scratch/spack_cpu/job_21700923/spack-stage/spack-stage-hdf5-1.10.7-xexa2gll6hf6okdatgrxiwhcjs2uepc7/spack-src/src/H5Dcontig.c line 659 in H5D__contig_write(): contiguous write failed
    major: Dataset
    minor: Write failed
  #003: /scratch/spack_cpu/job_21700923/spack-stage/spack-stage-hdf5-1.10.7-xexa2gll6hf6okdatgrxiwhcjs2uepc7/spack-src/src/H5Dselect.c line 321 in H5D__select_write(): write error
    major: Dataspace
    minor: Write failed
  #004: /scratch/spack_cpu/job_21700923/spack-stage/spack-stage-hdf5-1.10.7-xexa2gll6hf6okdatgrxiwhcjs2uepc7/spack-src/src/H5Dselect.c line 230 in H5D__select_io(): write error
    major: Dataspace
    minor: Write failed
  #005: /scratch/spack_cpu/job_21700923/spack-stage/spack-stage-hdf5-1.10.7-xexa2gll6hf6okdatgrxiwhcjs2uepc7/spack-src/src/H5Dcontig.c line 1281 in H5D__contig_writevv(): can't perform vectorized sieve buffer write
    major: Dataset
    minor: Can't operate on object
  #006: /scratch/spack_cpu/job_21700923/spack-stage/spack-stage-hdf5-1.10.7-xexa2gll6hf6okdatgrxiwhcjs2uepc7/spack-src/src/H5VM.c line 1464 in H5VM_opvv(): can't perform operation
    major: Internal error (too specific to document in detail)
    minor: Can't operate on object
  #007: /scratch/spack_cpu/job_21700923/spack-stage/spack-stage-hdf5-1.10.7-xexa2gll6hf6okdatgrxiwhcjs2uepc7/spack-src/src/H5Dcontig.c line 1029 in H5D__contig_writevv_sieve_cb(): block write failed
    major: Dataset
    minor: Write failed
  #008: /scratch/spack_cpu/job_21700923/spack-stage/spack-stage-hdf5-1.10.7-xexa2gll6hf6okdatgrxiwhcjs2uepc7/spack-src/src/H5Fio.c line 161 in H5F_block_write(): write through page buffer failed
    major: Low-level I/O
    minor: Write failed
  #009: /scratch/spack_cpu/job_21700923/spack-stage/spack-stage-hdf5-1.10.7-xexa2gll6hf6okdatgrxiwhcjs2uepc7/spack-src/src/H5PB.c line 1032 in H5PB_write(): write through metadata accumulator failed
    major: Page Buffering
    minor: Write failed
  #010: /scratch/spack_cpu/job_21700923/spack-stage/spack-stage-hdf5-1.10.7-xexa2gll6hf6okdatgrxiwhcjs2uepc7/spack-src/src/H5Faccum.c line 824 in H5F__accum_write(): file write failed
    major: Low-level I/O
    minor: Write failed
  #011: /scratch/spack_cpu/job_21700923/spack-stage/spack-stage-hdf5-1.10.7-xexa2gll6hf6okdatgrxiwhcjs2uepc7/spack-src/src/H5FDint.c line 249 in H5FD_write(): driver write request failed
    major: Virtual File Layer
    minor: Write failed
  #012: /scratch/spack_cpu/job_21700923/spack-stage/spack-stage-hdf5-1.10.7-xexa2gll6hf6okdatgrxiwhcjs2uepc7/spack-src/src/H5FDsec2.c line 856 in H5FD__sec2_write(): file write failed: time = Wed Nov 19 13:23:01 2025
, filename = 'checkpoint.h5', file descriptor = 5, errno = 14, error message = 'Bad address', buf = 0x1555537c4000, total write size = 15969552, bytes this sub-write = 15969552, bytes actually written = 18446744073709551615, offset = 0
    major: Low-level I/O
    minor: Write failed
HDF5-DIAG: Error detected in HDF5 (1.10.7) thread 0:
  #000: /scratch/spack_cpu/job_21700923/spack-stage/spack-stage-hdf5-1.10.7-xexa2gll6hf6okdatgrxiwhcjs2uepc7/spack-src/src/H5Dio.c line 335 in H5Dwrite(): can't write data
    major: Dataset
    minor: Write failed
  #001: /scratch/spack_cpu/job_21700923/spack-stage/spack-stage-hdf5-1.10.7-xexa2gll6hf6okdatgrxiwhcjs2uepc7/spack-src/src/H5Dio.c line 813 in H5D__write(): can't write data
    major: Dataset
    minor: Write failed
  #002: /scratch/spack_cpu/job_21700923/spack-stage/spack-stage-hdf5-1.10.7-xexa2gll6hf6okdatgrxiwhcjs2uepc7/spack-src/src/H5Dcontig.c line 659 in H5D__contig_write(): contiguous write failed
    major: Dataset
    minor: Write failed
  #003: /scratch/spack_cpu/job_21700923/spack-stage/spack-stage-hdf5-1.10.7-xexa2gll6hf6okdatgrxiwhcjs2uepc7/spack-src/src/H5Dselect.c line 321 in H5D__select_write(): write error
    major: Dataspace
    minor: Write failed
  #004: /scratch/spack_cpu/job_21700923/spack-stage/spack-stage-hdf5-1.10.7-xexa2gll6hf6okdatgrxiwhcjs2uepc7/spack-src/src/H5Dselect.c line 230 in H5D__select_io(): write error
    major: Dataspace
    minor: Write failed
  #005: /scratch/spack_cpu/job_21700923/spack-stage/spack-stage-hdf5-1.10.7-xexa2gll6hf6okdatgrxiwhcjs2uepc7/spack-src/src/H5Dcontig.c line 1281 in H5D__contig_writevv(): can't perform vectorized sieve buffer write
    major: Dataset
    minor: Can't operate on object
  #006: /scratch/spack_cpu/job_21700923/spack-stage/spack-stage-hdf5-1.10.7-xexa2gll6hf6okdatgrxiwhcjs2uepc7/spack-src/src/H5VM.c line 1464 in H5VM_opvv(): can't perform operation
    major: Internal error (too specific to document in detail)
    minor: Can't operate on object
  #007: /scratch/spack_cpu/job_21700923/spack-stage/spack-stage-hdf5-1.10.7-xexa2gll6hf6okdatgrxiwhcjs2uepc7/spack-src/src/H5Dcontig.c line 1029 in H5D__contig_writevv_sieve_cb(): block write failed
    major: Dataset
    minor: Write failed
  #008: /scratch/spack_cpu/job_21700923/spack-stage/spack-stage-hdf5-1.10.7-xexa2gll6hf6okdatgrxiwhcjs2uepc7/spack-src/src/H5Fio.c line 161 in H5F_block_write(): write through page buffer failed
    major: Low-level I/O
    minor: Write failed
  #009: /scratch/spack_cpu/job_21700923/spack-stage/spack-stage-hdf5-1.10.7-xexa2gll6hf6okdatgrxiwhcjs2uepc7/spack-src/src/H5PB.c line 1032 in H5PB_write(): write through metadata accumulator failed
    major: Page Buffering
    minor: Write failed
  #010: /scratch/spack_cpu/job_21700923/spack-stage/spack-stage-hdf5-1.10.7-xexa2gll6hf6okdatgrxiwhcjs2uepc7/spack-src/src/H5Faccum.c line 824 in H5F__accum_write(): file write failed
    major: Low-level I/O
    minor: Write failed
  #011: /scratch/spack_cpu/job_21700923/spack-stage/spack-stage-hdf5-1.10.7-xexa2gll6hf6okdatgrxiwhcjs2uepc7/spack-src/src/H5FDint.c line 249 in H5FD_write(): driver write request failed
    major: Virtual File Layer
    minor: Write failed
  #012: /scratch/spack_cpu/job_21700923/spack-stage/spack-stage-hdf5-1.10.7-xexa2gll6hf6okdatgrxiwhcjs2uepc7/spack-src/src/H5FDsec2.c line 856 in H5FD__sec2_write(): file write failed: time = Wed Nov 19 13:24:51 2025
, filename = 'checkpoint.h5', file descriptor = 5, errno = 14, error message = 'Bad address', buf = 0x1555537c4000, total write size = 15969552, bytes this sub-write = 15969552, bytes actually written = 18446744073709551615, offset = 0
    major: Low-level I/O
    minor: Write failed
HDF5-DIAG: Error detected in HDF5 (1.10.7) thread 0:
  #000: /scratch/spack_cpu/job_21700923/spack-stage/spack-stage-hdf5-1.10.7-xexa2gll6hf6okdatgrxiwhcjs2uepc7/spack-src/src/H5Dio.c line 335 in H5Dwrite(): can't write data
    major: Dataset
    minor: Write failed
  #001: /scratch/spack_cpu/job_21700923/spack-stage/spack-stage-hdf5-1.10.7-xexa2gll6hf6okdatgrxiwhcjs2uepc7/spack-src/src/H5Dio.c line 813 in H5D__write(): can't write data
    major: Dataset
    minor: Write failed
  #002: /scratch/spack_cpu/job_21700923/spack-stage/spack-stage-hdf5-1.10.7-xexa2gll6hf6okdatgrxiwhcjs2uepc7/spack-src/src/H5Dcontig.c line 659 in H5D__contig_write(): contiguous write failed
    major: Dataset
    minor: Write failed
  #003: /scratch/spack_cpu/job_21700923/spack-stage/spack-stage-hdf5-1.10.7-xexa2gll6hf6okdatgrxiwhcjs2uepc7/spack-src/src/H5Dselect.c line 321 in H5D__select_write(): write error
    major: Dataspace
    minor: Write failed
  #004: /scratch/spack_cpu/job_21700923/spack-stage/spack-stage-hdf5-1.10.7-xexa2gll6hf6okdatgrxiwhcjs2uepc7/spack-src/src/H5Dselect.c line 230 in H5D__select_io(): write error
    major: Dataspace
    minor: Write failed
  #005: /scratch/spack_cpu/job_21700923/spack-stage/spack-stage-hdf5-1.10.7-xexa2gll6hf6okdatgrxiwhcjs2uepc7/spack-src/src/H5Dcontig.c line 1281 in H5D__contig_writevv(): can't perform vectorized sieve buffer write
    major: Dataset
    minor: Can't operate on object
  #006: /scratch/spack_cpu/job_21700923/spack-stage/spack-stage-hdf5-1.10.7-xexa2gll6hf6okdatgrxiwhcjs2uepc7/spack-src/src/H5VM.c line 1464 in H5VM_opvv(): can't perform operation
    major: Internal error (too specific to document in detail)
    minor: Can't operate on object
  #007: /scratch/spack_cpu/job_21700923/spack-stage/spack-stage-hdf5-1.10.7-xexa2gll6hf6okdatgrxiwhcjs2uepc7/spack-src/src/H5Dcontig.c line 1029 in H5D__contig_writevv_sieve_cb(): block write failed
    major: Dataset
    minor: Write failed
  #008: /scratch/spack_cpu/job_21700923/spack-stage/spack-stage-hdf5-1.10.7-xexa2gll6hf6okdatgrxiwhcjs2uepc7/spack-src/src/H5Fio.c line 161 in H5F_block_write(): write through page buffer failed
    major: Low-level I/O
    minor: Write failed
  #009: /scratch/spack_cpu/job_21700923/spack-stage/spack-stage-hdf5-1.10.7-xexa2gll6hf6okdatgrxiwhcjs2uepc7/spack-src/src/H5PB.c line 1032 in H5PB_write(): write through metadata accumulator failed
    major: Page Buffering
    minor: Write failed
  #010: /scratch/spack_cpu/job_21700923/spack-stage/spack-stage-hdf5-1.10.7-xexa2gll6hf6okdatgrxiwhcjs2uepc7/spack-src/src/H5Faccum.c line 824 in H5F__accum_write(): file write failed
    major: Low-level I/O
    minor: Write failed
  #011: /scratch/spack_cpu/job_21700923/spack-stage/spack-stage-hdf5-1.10.7-xexa2gll6hf6okdatgrxiwhcjs2uepc7/spack-src/src/H5FDint.c line 249 in H5FD_write(): driver write request failed
    major: Virtual File Layer
    minor: Write failed
  #012: /scratch/spack_cpu/job_21700923/spack-stage/spack-stage-hdf5-1.10.7-xexa2gll6hf6okdatgrxiwhcjs2uepc7/spack-src/src/H5FDsec2.c line 856 in H5FD__sec2_write(): file write failed: time = Wed Nov 19 13:26:41 2025
, filename = 'checkpoint.h5', file descriptor = 5, errno = 14, error message = 'Bad address', buf = 0x1555537c4000, total write size = 15969552, bytes this sub-write = 15969552, bytes actually written = 18446744073709551615, offset = 0
    major: Low-level I/O
    minor: Write failed
HDF5-DIAG: Error detected in HDF5 (1.10.7) thread 0:
  #000: /scratch/spack_cpu/job_21700923/spack-stage/spack-stage-hdf5-1.10.7-xexa2gll6hf6okdatgrxiwhcjs2uepc7/spack-src/src/H5Dio.c line 335 in H5Dwrite(): can't write data
    major: Dataset
    minor: Write failed
  #001: /scratch/spack_cpu/job_21700923/spack-stage/spack-stage-hdf5-1.10.7-xexa2gll6hf6okdatgrxiwhcjs2uepc7/spack-src/src/H5Dio.c line 813 in H5D__write(): can't write data
    major: Dataset
    minor: Write failed
  #002: /scratch/spack_cpu/job_21700923/spack-stage/spack-stage-hdf5-1.10.7-xexa2gll6hf6okdatgrxiwhcjs2uepc7/spack-src/src/H5Dcontig.c line 659 in H5D__contig_write(): contiguous write failed
    major: Dataset
    minor: Write failed
  #003: /scratch/spack_cpu/job_21700923/spack-stage/spack-stage-hdf5-1.10.7-xexa2gll6hf6okdatgrxiwhcjs2uepc7/spack-src/src/H5Dselect.c line 321 in H5D__select_write(): write error
    major: Dataspace
    minor: Write failed
  #004: /scratch/spack_cpu/job_21700923/spack-stage/spack-stage-hdf5-1.10.7-xexa2gll6hf6okdatgrxiwhcjs2uepc7/spack-src/src/H5Dselect.c line 230 in H5D__select_io(): write error
    major: Dataspace
    minor: Write failed
  #005: /scratch/spack_cpu/job_21700923/spack-stage/spack-stage-hdf5-1.10.7-xexa2gll6hf6okdatgrxiwhcjs2uepc7/spack-src/src/H5Dcontig.c line 1281 in H5D__contig_writevv(): can't perform vectorized sieve buffer write
    major: Dataset
    minor: Can't operate on object
  #006: /scratch/spack_cpu/job_21700923/spack-stage/spack-stage-hdf5-1.10.7-xexa2gll6hf6okdatgrxiwhcjs2uepc7/spack-src/src/H5VM.c line 1464 in H5VM_opvv(): can't perform operation
    major: Internal error (too specific to document in detail)
    minor: Can't operate on object
  #007: /scratch/spack_cpu/job_21700923/spack-stage/spack-stage-hdf5-1.10.7-xexa2gll6hf6okdatgrxiwhcjs2uepc7/spack-src/src/H5Dcontig.c line 1029 in H5D__contig_writevv_sieve_cb(): block write failed
    major: Dataset
    minor: Write failed
  #008: /scratch/spack_cpu/job_21700923/spack-stage/spack-stage-hdf5-1.10.7-xexa2gll6hf6okdatgrxiwhcjs2uepc7/spack-src/src/H5Fio.c line 161 in H5F_block_write(): write through page buffer failed
    major: Low-level I/O
    minor: Write failed
  #009: /scratch/spack_cpu/job_21700923/spack-stage/spack-stage-hdf5-1.10.7-xexa2gll6hf6okdatgrxiwhcjs2uepc7/spack-src/src/H5PB.c line 1032 in H5PB_write(): write through metadata accumulator failed
    major: Page Buffering
    minor: Write failed
  #010: /scratch/spack_cpu/job_21700923/spack-stage/spack-stage-hdf5-1.10.7-xexa2gll6hf6okdatgrxiwhcjs2uepc7/spack-src/src/H5Faccum.c line 824 in H5F__accum_write(): file write failed
    major: Low-level I/O
    minor: Write failed
  #011: /scratch/spack_cpu/job_21700923/spack-stage/spack-stage-hdf5-1.10.7-xexa2gll6hf6okdatgrxiwhcjs2uepc7/spack-src/src/H5FDint.c line 249 in H5FD_write(): driver write request failed
    major: Virtual File Layer
    minor: Write failed
  #012: /scratch/spack_cpu/job_21700923/spack-stage/spack-stage-hdf5-1.10.7-xexa2gll6hf6okdatgrxiwhcjs2uepc7/spack-src/src/H5FDsec2.c line 856 in H5FD__sec2_write(): file write failed: time = Wed Nov 19 13:28:32 2025
, filename = 'checkpoint.h5', file descriptor = 5, errno = 14, error message = 'Bad address', buf = 0x1555537c4000, total write size = 15969552, bytes this sub-write = 15969552, bytes actually written = 18446744073709551615, offset = 0
    major: Low-level I/O
    minor: Write failed
HDF5-DIAG: Error detected in HDF5 (1.10.7) thread 0:
  #000: /scratch/spack_cpu/job_21700923/spack-stage/spack-stage-hdf5-1.10.7-xexa2gll6hf6okdatgrxiwhcjs2uepc7/spack-src/src/H5Dio.c line 335 in H5Dwrite(): can't write data
    major: Dataset
    minor: Write failed
  #001: /scratch/spack_cpu/job_21700923/spack-stage/spack-stage-hdf5-1.10.7-xexa2gll6hf6okdatgrxiwhcjs2uepc7/spack-src/src/H5Dio.c line 813 in H5D__write(): can't write data
    major: Dataset
    minor: Write failed
  #002: /scratch/spack_cpu/job_21700923/spack-stage/spack-stage-hdf5-1.10.7-xexa2gll6hf6okdatgrxiwhcjs2uepc7/spack-src/src/H5Dcontig.c line 659 in H5D__contig_write(): contiguous write failed
    major: Dataset
    minor: Write failed
  #003: /scratch/spack_cpu/job_21700923/spack-stage/spack-stage-hdf5-1.10.7-xexa2gll6hf6okdatgrxiwhcjs2uepc7/spack-src/src/H5Dselect.c line 321 in H5D__select_write(): write error
    major: Dataspace
    minor: Write failed
  #004: /scratch/spack_cpu/job_21700923/spack-stage/spack-stage-hdf5-1.10.7-xexa2gll6hf6okdatgrxiwhcjs2uepc7/spack-src/src/H5Dselect.c line 230 in H5D__select_io(): write error
    major: Dataspace
    minor: Write failed
  #005: /scratch/spack_cpu/job_21700923/spack-stage/spack-stage-hdf5-1.10.7-xexa2gll6hf6okdatgrxiwhcjs2uepc7/spack-src/src/H5Dcontig.c line 1281 in H5D__contig_writevv(): can't perform vectorized sieve buffer write
    major: Dataset
    minor: Can't operate on object
  #006: /scratch/spack_cpu/job_21700923/spack-stage/spack-stage-hdf5-1.10.7-xexa2gll6hf6okdatgrxiwhcjs2uepc7/spack-src/src/H5VM.c line 1464 in H5VM_opvv(): can't perform operation
    major: Internal error (too specific to document in detail)
    minor: Can't operate on object
  #007: /scratch/spack_cpu/job_21700923/spack-stage/spack-stage-hdf5-1.10.7-xexa2gll6hf6okdatgrxiwhcjs2uepc7/spack-src/src/H5Dcontig.c line 1029 in H5D__contig_writevv_sieve_cb(): block write failed
    major: Dataset
    minor: Write failed
  #008: /scratch/spack_cpu/job_21700923/spack-stage/spack-stage-hdf5-1.10.7-xexa2gll6hf6okdatgrxiwhcjs2uepc7/spack-src/src/H5Fio.c line 161 in H5F_block_write(): write through page buffer failed
    major: Low-level I/O
    minor: Write failed
  #009: /scratch/spack_cpu/job_21700923/spack-stage/spack-stage-hdf5-1.10.7-xexa2gll6hf6okdatgrxiwhcjs2uepc7/spack-src/src/H5PB.c line 1032 in H5PB_write(): write through metadata accumulator failed
    major: Page Buffering
    minor: Write failed
  #010: /scratch/spack_cpu/job_21700923/spack-stage/spack-stage-hdf5-1.10.7-xexa2gll6hf6okdatgrxiwhcjs2uepc7/spack-src/src/H5Faccum.c line 824 in H5F__accum_write(): file write failed
    major: Low-level I/O
    minor: Write failed
  #011: /scratch/spack_cpu/job_21700923/spack-stage/spack-stage-hdf5-1.10.7-xexa2gll6hf6okdatgrxiwhcjs2uepc7/spack-src/src/H5FDint.c line 249 in H5FD_write(): driver write request failed
    major: Virtual File Layer
    minor: Write failed
  #012: /scratch/spack_cpu/job_21700923/spack-stage/spack-stage-hdf5-1.10.7-xexa2gll6hf6okdatgrxiwhcjs2uepc7/spack-src/src/H5FDsec2.c line 856 in H5FD__sec2_write(): file write failed: time = Wed Nov 19 13:30:22 2025
, filename = 'checkpoint.h5', file descriptor = 5, errno = 14, error message = 'Bad address', buf = 0x1555537c4000, total write size = 15969552, bytes this sub-write = 15969552, bytes actually written = 18446744073709551615, offset = 0
    major: Low-level I/O
    minor: Write failed
HDF5-DIAG: Error detected in HDF5 (1.10.7) thread 0:
  #000: /scratch/spack_cpu/job_21700923/spack-stage/spack-stage-hdf5-1.10.7-xexa2gll6hf6okdatgrxiwhcjs2uepc7/spack-src/src/H5Dio.c line 335 in H5Dwrite(): can't write data
    major: Dataset
    minor: Write failed
  #001: /scratch/spack_cpu/job_21700923/spack-stage/spack-stage-hdf5-1.10.7-xexa2gll6hf6okdatgrxiwhcjs2uepc7/spack-src/src/H5Dio.c line 813 in H5D__write(): can't write data
    major: Dataset
    minor: Write failed
  #002: /scratch/spack_cpu/job_21700923/spack-stage/spack-stage-hdf5-1.10.7-xexa2gll6hf6okdatgrxiwhcjs2uepc7/spack-src/src/H5Dcontig.c line 659 in H5D__contig_write(): contiguous write failed
    major: Dataset
    minor: Write failed
  #003: /scratch/spack_cpu/job_21700923/spack-stage/spack-stage-hdf5-1.10.7-xexa2gll6hf6okdatgrxiwhcjs2uepc7/spack-src/src/H5Dselect.c line 321 in H5D__select_write(): write error
    major: Dataspace
    minor: Write failed
  #004: /scratch/spack_cpu/job_21700923/spack-stage/spack-stage-hdf5-1.10.7-xexa2gll6hf6okdatgrxiwhcjs2uepc7/spack-src/src/H5Dselect.c line 230 in H5D__select_io(): write error
    major: Dataspace
    minor: Write failed
  #005: /scratch/spack_cpu/job_21700923/spack-stage/spack-stage-hdf5-1.10.7-xexa2gll6hf6okdatgrxiwhcjs2uepc7/spack-src/src/H5Dcontig.c line 1281 in H5D__contig_writevv(): can't perform vectorized sieve buffer write
    major: Dataset
    minor: Can't operate on object
  #006: /scratch/spack_cpu/job_21700923/spack-stage/spack-stage-hdf5-1.10.7-xexa2gll6hf6okdatgrxiwhcjs2uepc7/spack-src/src/H5VM.c line 1464 in H5VM_opvv(): can't perform operation
    major: Internal error (too specific to document in detail)
    minor: Can't operate on object
  #007: /scratch/spack_cpu/job_21700923/spack-stage/spack-stage-hdf5-1.10.7-xexa2gll6hf6okdatgrxiwhcjs2uepc7/spack-src/src/H5Dcontig.c line 1029 in H5D__contig_writevv_sieve_cb(): block write failed
    major: Dataset
    minor: Write failed
  #008: /scratch/spack_cpu/job_21700923/spack-stage/spack-stage-hdf5-1.10.7-xexa2gll6hf6okdatgrxiwhcjs2uepc7/spack-src/src/H5Fio.c line 161 in H5F_block_write(): write through page buffer failed
    major: Low-level I/O
    minor: Write failed
  #009: /scratch/spack_cpu/job_21700923/spack-stage/spack-stage-hdf5-1.10.7-xexa2gll6hf6okdatgrxiwhcjs2uepc7/spack-src/src/H5PB.c line 1032 in H5PB_write(): write through metadata accumulator failed
    major: Page Buffering
    minor: Write failed
  #010: /scratch/spack_cpu/job_21700923/spack-stage/spack-stage-hdf5-1.10.7-xexa2gll6hf6okdatgrxiwhcjs2uepc7/spack-src/src/H5Faccum.c line 824 in H5F__accum_write(): file write failed
    major: Low-level I/O
    minor: Write failed
  #011: /scratch/spack_cpu/job_21700923/spack-stage/spack-stage-hdf5-1.10.7-xexa2gll6hf6okdatgrxiwhcjs2uepc7/spack-src/src/H5FDint.c line 249 in H5FD_write(): driver write request failed
    major: Virtual File Layer
    minor: Write failed
  #012: /scratch/spack_cpu/job_21700923/spack-stage/spack-stage-hdf5-1.10.7-xexa2gll6hf6okdatgrxiwhcjs2uepc7/spack-src/src/H5FDsec2.c line 856 in H5FD__sec2_write(): file write failed: time = Wed Nov 19 13:32:13 2025
, filename = 'checkpoint.h5', file descriptor = 5, errno = 14, error message = 'Bad address', buf = 0x1555537c4000, total write size = 15969552, bytes this sub-write = 15969552, bytes actually written = 18446744073709551615, offset = 0
    major: Low-level I/O
    minor: Write failed
HDF5-DIAG: Error detected in HDF5 (1.10.7) thread 0:
  #000: /scratch/spack_cpu/job_21700923/spack-stage/spack-stage-hdf5-1.10.7-xexa2gll6hf6okdatgrxiwhcjs2uepc7/spack-src/src/H5Dio.c line 335 in H5Dwrite(): can't write data
    major: Dataset
    minor: Write failed
  #001: /scratch/spack_cpu/job_21700923/spack-stage/spack-stage-hdf5-1.10.7-xexa2gll6hf6okdatgrxiwhcjs2uepc7/spack-src/src/H5Dio.c line 813 in H5D__write(): can't write data
    major: Dataset
    minor: Write failed
  #002: /scratch/spack_cpu/job_21700923/spack-stage/spack-stage-hdf5-1.10.7-xexa2gll6hf6okdatgrxiwhcjs2uepc7/spack-src/src/H5Dcontig.c line 659 in H5D__contig_write(): contiguous write failed
    major: Dataset
    minor: Write failed
  #003: /scratch/spack_cpu/job_21700923/spack-stage/spack-stage-hdf5-1.10.7-xexa2gll6hf6okdatgrxiwhcjs2uepc7/spack-src/src/H5Dselect.c line 321 in H5D__select_write(): write error
    major: Dataspace
    minor: Write failed
  #004: /scratch/spack_cpu/job_21700923/spack-stage/spack-stage-hdf5-1.10.7-xexa2gll6hf6okdatgrxiwhcjs2uepc7/spack-src/src/H5Dselect.c line 230 in H5D__select_io(): write error
    major: Dataspace
    minor: Write failed
  #005: /scratch/spack_cpu/job_21700923/spack-stage/spack-stage-hdf5-1.10.7-xexa2gll6hf6okdatgrxiwhcjs2uepc7/spack-src/src/H5Dcontig.c line 1281 in H5D__contig_writevv(): can't perform vectorized sieve buffer write
    major: Dataset
    minor: Can't operate on object
  #006: /scratch/spack_cpu/job_21700923/spack-stage/spack-stage-hdf5-1.10.7-xexa2gll6hf6okdatgrxiwhcjs2uepc7/spack-src/src/H5VM.c line 1464 in H5VM_opvv(): can't perform operation
    major: Internal error (too specific to document in detail)
    minor: Can't operate on object
  #007: /scratch/spack_cpu/job_21700923/spack-stage/spack-stage-hdf5-1.10.7-xexa2gll6hf6okdatgrxiwhcjs2uepc7/spack-src/src/H5Dcontig.c line 1029 in H5D__contig_writevv_sieve_cb(): block write failed
    major: Dataset
    minor: Write failed
  #008: /scratch/spack_cpu/job_21700923/spack-stage/spack-stage-hdf5-1.10.7-xexa2gll6hf6okdatgrxiwhcjs2uepc7/spack-src/src/H5Fio.c line 161 in H5F_block_write(): write through page buffer failed
    major: Low-level I/O
    minor: Write failed
  #009: /scratch/spack_cpu/job_21700923/spack-stage/spack-stage-hdf5-1.10.7-xexa2gll6hf6okdatgrxiwhcjs2uepc7/spack-src/src/H5PB.c line 1032 in H5PB_write(): write through metadata accumulator failed
    major: Page Buffering
    minor: Write failed
  #010: /scratch/spack_cpu/job_21700923/spack-stage/spack-stage-hdf5-1.10.7-xexa2gll6hf6okdatgrxiwhcjs2uepc7/spack-src/src/H5Faccum.c line 824 in H5F__accum_write(): file write failed
    major: Low-level I/O
    minor: Write failed
  #011: /scratch/spack_cpu/job_21700923/spack-stage/spack-stage-hdf5-1.10.7-xexa2gll6hf6okdatgrxiwhcjs2uepc7/spack-src/src/H5FDint.c line 249 in H5FD_write(): driver write request failed
    major: Virtual File Layer
    minor: Write failed
  #012: /scratch/spack_cpu/job_21700923/spack-stage/spack-stage-hdf5-1.10.7-xexa2gll6hf6okdatgrxiwhcjs2uepc7/spack-src/src/H5FDsec2.c line 856 in H5FD__sec2_write(): file write failed: time = Wed Nov 19 13:34:04 2025
, filename = 'checkpoint.h5', file descriptor = 5, errno = 14, error message = 'Bad address', buf = 0x1555537c4000, total write size = 15969552, bytes this sub-write = 15969552, bytes actually written = 18446744073709551615, offset = 0
    major: Low-level I/O
    minor: Write failed
HDF5-DIAG: Error detected in HDF5 (1.10.7) thread 0:
  #000: /scratch/spack_cpu/job_21700923/spack-stage/spack-stage-hdf5-1.10.7-xexa2gll6hf6okdatgrxiwhcjs2uepc7/spack-src/src/H5Dio.c line 335 in H5Dwrite(): can't write data
    major: Dataset
    minor: Write failed
  #001: /scratch/spack_cpu/job_21700923/spack-stage/spack-stage-hdf5-1.10.7-xexa2gll6hf6okdatgrxiwhcjs2uepc7/spack-src/src/H5Dio.c line 813 in H5D__write(): can't write data
    major: Dataset
    minor: Write failed
  #002: /scratch/spack_cpu/job_21700923/spack-stage/spack-stage-hdf5-1.10.7-xexa2gll6hf6okdatgrxiwhcjs2uepc7/spack-src/src/H5Dcontig.c line 659 in H5D__contig_write(): contiguous write failed
    major: Dataset
    minor: Write failed
  #003: /scratch/spack_cpu/job_21700923/spack-stage/spack-stage-hdf5-1.10.7-xexa2gll6hf6okdatgrxiwhcjs2uepc7/spack-src/src/H5Dselect.c line 321 in H5D__select_write(): write error
    major: Dataspace
    minor: Write failed
  #004: /scratch/spack_cpu/job_21700923/spack-stage/spack-stage-hdf5-1.10.7-xexa2gll6hf6okdatgrxiwhcjs2uepc7/spack-src/src/H5Dselect.c line 230 in H5D__select_io(): write error
    major: Dataspace
    minor: Write failed
  #005: /scratch/spack_cpu/job_21700923/spack-stage/spack-stage-hdf5-1.10.7-xexa2gll6hf6okdatgrxiwhcjs2uepc7/spack-src/src/H5Dcontig.c line 1281 in H5D__contig_writevv(): can't perform vectorized sieve buffer write
    major: Dataset
    minor: Can't operate on object
  #006: /scratch/spack_cpu/job_21700923/spack-stage/spack-stage-hdf5-1.10.7-xexa2gll6hf6okdatgrxiwhcjs2uepc7/spack-src/src/H5VM.c line 1464 in H5VM_opvv(): can't perform operation
    major: Internal error (too specific to document in detail)
    minor: Can't operate on object
  #007: /scratch/spack_cpu/job_21700923/spack-stage/spack-stage-hdf5-1.10.7-xexa2gll6hf6okdatgrxiwhcjs2uepc7/spack-src/src/H5Dcontig.c line 1029 in H5D__contig_writevv_sieve_cb(): block write failed
    major: Dataset
    minor: Write failed
  #008: /scratch/spack_cpu/job_21700923/spack-stage/spack-stage-hdf5-1.10.7-xexa2gll6hf6okdatgrxiwhcjs2uepc7/spack-src/src/H5Fio.c line 161 in H5F_block_write(): write through page buffer failed
    major: Low-level I/O
    minor: Write failed
  #009: /scratch/spack_cpu/job_21700923/spack-stage/spack-stage-hdf5-1.10.7-xexa2gll6hf6okdatgrxiwhcjs2uepc7/spack-src/src/H5PB.c line 1032 in H5PB_write(): write through metadata accumulator failed
    major: Page Buffering
    minor: Write failed
  #010: /scratch/spack_cpu/job_21700923/spack-stage/spack-stage-hdf5-1.10.7-xexa2gll6hf6okdatgrxiwhcjs2uepc7/spack-src/src/H5Faccum.c line 824 in H5F__accum_write(): file write failed
    major: Low-level I/O
    minor: Write failed
  #011: /scratch/spack_cpu/job_21700923/spack-stage/spack-stage-hdf5-1.10.7-xexa2gll6hf6okdatgrxiwhcjs2uepc7/spack-src/src/H5FDint.c line 249 in H5FD_write(): driver write request failed
    major: Virtual File Layer
    minor: Write failed
  #012: /scratch/spack_cpu/job_21700923/spack-stage/spack-stage-hdf5-1.10.7-xexa2gll6hf6okdatgrxiwhcjs2uepc7/spack-src/src/H5FDsec2.c line 856 in H5FD__sec2_write(): file write failed: time = Wed Nov 19 13:35:54 2025
, filename = 'checkpoint.h5', file descriptor = 5, errno = 14, error message = 'Bad address', buf = 0x1555537c4000, total write size = 15969552, bytes this sub-write = 15969552, bytes actually written = 18446744073709551615, offset = 0
    major: Low-level I/O
    minor: Write failed
HDF5-DIAG: Error detected in HDF5 (1.10.7) thread 0:
  #000: /scratch/spack_cpu/job_21700923/spack-stage/spack-stage-hdf5-1.10.7-xexa2gll6hf6okdatgrxiwhcjs2uepc7/spack-src/src/H5Dio.c line 335 in H5Dwrite(): can't write data
    major: Dataset
    minor: Write failed
  #001: /scratch/spack_cpu/job_21700923/spack-stage/spack-stage-hdf5-1.10.7-xexa2gll6hf6okdatgrxiwhcjs2uepc7/spack-src/src/H5Dio.c line 813 in H5D__write(): can't write data
    major: Dataset
    minor: Write failed
  #002: /scratch/spack_cpu/job_21700923/spack-stage/spack-stage-hdf5-1.10.7-xexa2gll6hf6okdatgrxiwhcjs2uepc7/spack-src/src/H5Dcontig.c line 659 in H5D__contig_write(): contiguous write failed
    major: Dataset
    minor: Write failed
  #003: /scratch/spack_cpu/job_21700923/spack-stage/spack-stage-hdf5-1.10.7-xexa2gll6hf6okdatgrxiwhcjs2uepc7/spack-src/src/H5Dselect.c line 321 in H5D__select_write(): write error
    major: Dataspace
    minor: Write failed
  #004: /scratch/spack_cpu/job_21700923/spack-stage/spack-stage-hdf5-1.10.7-xexa2gll6hf6okdatgrxiwhcjs2uepc7/spack-src/src/H5Dselect.c line 230 in H5D__select_io(): write error
    major: Dataspace
    minor: Write failed
  #005: /scratch/spack_cpu/job_21700923/spack-stage/spack-stage-hdf5-1.10.7-xexa2gll6hf6okdatgrxiwhcjs2uepc7/spack-src/src/H5Dcontig.c line 1281 in H5D__contig_writevv(): can't perform vectorized sieve buffer write
    major: Dataset
    minor: Can't operate on object
  #006: /scratch/spack_cpu/job_21700923/spack-stage/spack-stage-hdf5-1.10.7-xexa2gll6hf6okdatgrxiwhcjs2uepc7/spack-src/src/H5VM.c line 1464 in H5VM_opvv(): can't perform operation
    major: Internal error (too specific to document in detail)
    minor: Can't operate on object
  #007: /scratch/spack_cpu/job_21700923/spack-stage/spack-stage-hdf5-1.10.7-xexa2gll6hf6okdatgrxiwhcjs2uepc7/spack-src/src/H5Dcontig.c line 1029 in H5D__contig_writevv_sieve_cb(): block write failed
    major: Dataset
    minor: Write failed
  #008: /scratch/spack_cpu/job_21700923/spack-stage/spack-stage-hdf5-1.10.7-xexa2gll6hf6okdatgrxiwhcjs2uepc7/spack-src/src/H5Fio.c line 161 in H5F_block_write(): write through page buffer failed
    major: Low-level I/O
    minor: Write failed
  #009: /scratch/spack_cpu/job_21700923/spack-stage/spack-stage-hdf5-1.10.7-xexa2gll6hf6okdatgrxiwhcjs2uepc7/spack-src/src/H5PB.c line 1032 in H5PB_write(): write through metadata accumulator failed
    major: Page Buffering
    minor: Write failed
  #010: /scratch/spack_cpu/job_21700923/spack-stage/spack-stage-hdf5-1.10.7-xexa2gll6hf6okdatgrxiwhcjs2uepc7/spack-src/src/H5Faccum.c line 824 in H5F__accum_write(): file write failed
    major: Low-level I/O
    minor: Write failed
  #011: /scratch/spack_cpu/job_21700923/spack-stage/spack-stage-hdf5-1.10.7-xexa2gll6hf6okdatgrxiwhcjs2uepc7/spack-src/src/H5FDint.c line 249 in H5FD_write(): driver write request failed
    major: Virtual File Layer
    minor: Write failed
  #012: /scratch/spack_cpu/job_21700923/spack-stage/spack-stage-hdf5-1.10.7-xexa2gll6hf6okdatgrxiwhcjs2uepc7/spack-src/src/H5FDsec2.c line 856 in H5FD__sec2_write(): file write failed: time = Wed Nov 19 13:37:43 2025
, filename = 'checkpoint.h5', file descriptor = 5, errno = 14, error message = 'Bad address', buf = 0x1555537c4000, total write size = 15969552, bytes this sub-write = 15969552, bytes actually written = 18446744073709551615, offset = 0
    major: Low-level I/O
    minor: Write failed
HDF5-DIAG: Error detected in HDF5 (1.10.7) thread 0:
  #000: /scratch/spack_cpu/job_21700923/spack-stage/spack-stage-hdf5-1.10.7-xexa2gll6hf6okdatgrxiwhcjs2uepc7/spack-src/src/H5Dio.c line 335 in H5Dwrite(): can't write data
    major: Dataset
    minor: Write failed
  #001: /scratch/spack_cpu/job_21700923/spack-stage/spack-stage-hdf5-1.10.7-xexa2gll6hf6okdatgrxiwhcjs2uepc7/spack-src/src/H5Dio.c line 813 in H5D__write(): can't write data
    major: Dataset
    minor: Write failed
  #002: /scratch/spack_cpu/job_21700923/spack-stage/spack-stage-hdf5-1.10.7-xexa2gll6hf6okdatgrxiwhcjs2uepc7/spack-src/src/H5Dcontig.c line 659 in H5D__contig_write(): contiguous write failed
    major: Dataset
    minor: Write failed
  #003: /scratch/spack_cpu/job_21700923/spack-stage/spack-stage-hdf5-1.10.7-xexa2gll6hf6okdatgrxiwhcjs2uepc7/spack-src/src/H5Dselect.c line 321 in H5D__select_write(): write error
    major: Dataspace
    minor: Write failed
  #004: /scratch/spack_cpu/job_21700923/spack-stage/spack-stage-hdf5-1.10.7-xexa2gll6hf6okdatgrxiwhcjs2uepc7/spack-src/src/H5Dselect.c line 230 in H5D__select_io(): write error
    major: Dataspace
    minor: Write failed
  #005: /scratch/spack_cpu/job_21700923/spack-stage/spack-stage-hdf5-1.10.7-xexa2gll6hf6okdatgrxiwhcjs2uepc7/spack-src/src/H5Dcontig.c line 1281 in H5D__contig_writevv(): can't perform vectorized sieve buffer write
    major: Dataset
    minor: Can't operate on object
  #006: /scratch/spack_cpu/job_21700923/spack-stage/spack-stage-hdf5-1.10.7-xexa2gll6hf6okdatgrxiwhcjs2uepc7/spack-src/src/H5VM.c line 1464 in H5VM_opvv(): can't perform operation
    major: Internal error (too specific to document in detail)
    minor: Can't operate on object
  #007: /scratch/spack_cpu/job_21700923/spack-stage/spack-stage-hdf5-1.10.7-xexa2gll6hf6okdatgrxiwhcjs2uepc7/spack-src/src/H5Dcontig.c line 1029 in H5D__contig_writevv_sieve_cb(): block write failed
    major: Dataset
    minor: Write failed
  #008: /scratch/spack_cpu/job_21700923/spack-stage/spack-stage-hdf5-1.10.7-xexa2gll6hf6okdatgrxiwhcjs2uepc7/spack-src/src/H5Fio.c line 161 in H5F_block_write(): write through page buffer failed
    major: Low-level I/O
    minor: Write failed
  #009: /scratch/spack_cpu/job_21700923/spack-stage/spack-stage-hdf5-1.10.7-xexa2gll6hf6okdatgrxiwhcjs2uepc7/spack-src/src/H5PB.c line 1032 in H5PB_write(): write through metadata accumulator failed
    major: Page Buffering
    minor: Write failed
  #010: /scratch/spack_cpu/job_21700923/spack-stage/spack-stage-hdf5-1.10.7-xexa2gll6hf6okdatgrxiwhcjs2uepc7/spack-src/src/H5Faccum.c line 824 in H5F__accum_write(): file write failed
    major: Low-level I/O
    minor: Write failed
  #011: /scratch/spack_cpu/job_21700923/spack-stage/spack-stage-hdf5-1.10.7-xexa2gll6hf6okdatgrxiwhcjs2uepc7/spack-src/src/H5FDint.c line 249 in H5FD_write(): driver write request failed
    major: Virtual File Layer
    minor: Write failed
  #012: /scratch/spack_cpu/job_21700923/spack-stage/spack-stage-hdf5-1.10.7-xexa2gll6hf6okdatgrxiwhcjs2uepc7/spack-src/src/H5FDsec2.c line 856 in H5FD__sec2_write(): file write failed: time = Wed Nov 19 13:39:34 2025
, filename = 'checkpoint.h5', file descriptor = 5, errno = 14, error message = 'Bad address', buf = 0x1555537c4000, total write size = 15969552, bytes this sub-write = 15969552, bytes actually written = 18446744073709551615, offset = 0
    major: Low-level I/O
    minor: Write failed
HDF5-DIAG: Error detected in HDF5 (1.10.7) thread 0:
  #000: /scratch/spack_cpu/job_21700923/spack-stage/spack-stage-hdf5-1.10.7-xexa2gll6hf6okdatgrxiwhcjs2uepc7/spack-src/src/H5Dio.c line 335 in H5Dwrite(): can't write data
    major: Dataset
    minor: Write failed
  #001: /scratch/spack_cpu/job_21700923/spack-stage/spack-stage-hdf5-1.10.7-xexa2gll6hf6okdatgrxiwhcjs2uepc7/spack-src/src/H5Dio.c line 813 in H5D__write(): can't write data
    major: Dataset
    minor: Write failed
  #002: /scratch/spack_cpu/job_21700923/spack-stage/spack-stage-hdf5-1.10.7-xexa2gll6hf6okdatgrxiwhcjs2uepc7/spack-src/src/H5Dcontig.c line 659 in H5D__contig_write(): contiguous write failed
    major: Dataset
    minor: Write failed
  #003: /scratch/spack_cpu/job_21700923/spack-stage/spack-stage-hdf5-1.10.7-xexa2gll6hf6okdatgrxiwhcjs2uepc7/spack-src/src/H5Dselect.c line 321 in H5D__select_write(): write error
    major: Dataspace
    minor: Write failed
  #004: /scratch/spack_cpu/job_21700923/spack-stage/spack-stage-hdf5-1.10.7-xexa2gll6hf6okdatgrxiwhcjs2uepc7/spack-src/src/H5Dselect.c line 230 in H5D__select_io(): write error
    major: Dataspace
    minor: Write failed
  #005: /scratch/spack_cpu/job_21700923/spack-stage/spack-stage-hdf5-1.10.7-xexa2gll6hf6okdatgrxiwhcjs2uepc7/spack-src/src/H5Dcontig.c line 1281 in H5D__contig_writevv(): can't perform vectorized sieve buffer write
    major: Dataset
    minor: Can't operate on object
  #006: /scratch/spack_cpu/job_21700923/spack-stage/spack-stage-hdf5-1.10.7-xexa2gll6hf6okdatgrxiwhcjs2uepc7/spack-src/src/H5VM.c line 1464 in H5VM_opvv(): can't perform operation
    major: Internal error (too specific to document in detail)
    minor: Can't operate on object
  #007: /scratch/spack_cpu/job_21700923/spack-stage/spack-stage-hdf5-1.10.7-xexa2gll6hf6okdatgrxiwhcjs2uepc7/spack-src/src/H5Dcontig.c line 1029 in H5D__contig_writevv_sieve_cb(): block write failed
    major: Dataset
    minor: Write failed
  #008: /scratch/spack_cpu/job_21700923/spack-stage/spack-stage-hdf5-1.10.7-xexa2gll6hf6okdatgrxiwhcjs2uepc7/spack-src/src/H5Fio.c line 161 in H5F_block_write(): write through page buffer failed
    major: Low-level I/O
    minor: Write failed
  #009: /scratch/spack_cpu/job_21700923/spack-stage/spack-stage-hdf5-1.10.7-xexa2gll6hf6okdatgrxiwhcjs2uepc7/spack-src/src/H5PB.c line 1032 in H5PB_write(): write through metadata accumulator failed
    major: Page Buffering
    minor: Write failed
  #010: /scratch/spack_cpu/job_21700923/spack-stage/spack-stage-hdf5-1.10.7-xexa2gll6hf6okdatgrxiwhcjs2uepc7/spack-src/src/H5Faccum.c line 824 in H5F__accum_write(): file write failed
    major: Low-level I/O
    minor: Write failed
  #011: /scratch/spack_cpu/job_21700923/spack-stage/spack-stage-hdf5-1.10.7-xexa2gll6hf6okdatgrxiwhcjs2uepc7/spack-src/src/H5FDint.c line 249 in H5FD_write(): driver write request failed
    major: Virtual File Layer
    minor: Write failed
  #012: /scratch/spack_cpu/job_21700923/spack-stage/spack-stage-hdf5-1.10.7-xexa2gll6hf6okdatgrxiwhcjs2uepc7/spack-src/src/H5FDsec2.c line 856 in H5FD__sec2_write(): file write failed: time = Wed Nov 19 13:41:23 2025
, filename = 'checkpoint.h5', file descriptor = 5, errno = 14, error message = 'Bad address', buf = 0x1555537c4000, total write size = 15969552, bytes this sub-write = 15969552, bytes actually written = 18446744073709551615, offset = 0
    major: Low-level I/O
    minor: Write failed
HDF5-DIAG: Error detected in HDF5 (1.10.7) thread 0:
  #000: /scratch/spack_cpu/job_21700923/spack-stage/spack-stage-hdf5-1.10.7-xexa2gll6hf6okdatgrxiwhcjs2uepc7/spack-src/src/H5Dio.c line 335 in H5Dwrite(): can't write data
    major: Dataset
    minor: Write failed
  #001: /scratch/spack_cpu/job_21700923/spack-stage/spack-stage-hdf5-1.10.7-xexa2gll6hf6okdatgrxiwhcjs2uepc7/spack-src/src/H5Dio.c line 813 in H5D__write(): can't write data
    major: Dataset
    minor: Write failed
  #002: /scratch/spack_cpu/job_21700923/spack-stage/spack-stage-hdf5-1.10.7-xexa2gll6hf6okdatgrxiwhcjs2uepc7/spack-src/src/H5Dcontig.c line 659 in H5D__contig_write(): contiguous write failed
    major: Dataset
    minor: Write failed
  #003: /scratch/spack_cpu/job_21700923/spack-stage/spack-stage-hdf5-1.10.7-xexa2gll6hf6okdatgrxiwhcjs2uepc7/spack-src/src/H5Dselect.c line 321 in H5D__select_write(): write error
    major: Dataspace
    minor: Write failed
  #004: /scratch/spack_cpu/job_21700923/spack-stage/spack-stage-hdf5-1.10.7-xexa2gll6hf6okdatgrxiwhcjs2uepc7/spack-src/src/H5Dselect.c line 230 in H5D__select_io(): write error
    major: Dataspace
    minor: Write failed
  #005: /scratch/spack_cpu/job_21700923/spack-stage/spack-stage-hdf5-1.10.7-xexa2gll6hf6okdatgrxiwhcjs2uepc7/spack-src/src/H5Dcontig.c line 1281 in H5D__contig_writevv(): can't perform vectorized sieve buffer write
    major: Dataset
    minor: Can't operate on object
  #006: /scratch/spack_cpu/job_21700923/spack-stage/spack-stage-hdf5-1.10.7-xexa2gll6hf6okdatgrxiwhcjs2uepc7/spack-src/src/H5VM.c line 1464 in H5VM_opvv(): can't perform operation
    major: Internal error (too specific to document in detail)
    minor: Can't operate on object
  #007: /scratch/spack_cpu/job_21700923/spack-stage/spack-stage-hdf5-1.10.7-xexa2gll6hf6okdatgrxiwhcjs2uepc7/spack-src/src/H5Dcontig.c line 1029 in H5D__contig_writevv_sieve_cb(): block write failed
    major: Dataset
    minor: Write failed
  #008: /scratch/spack_cpu/job_21700923/spack-stage/spack-stage-hdf5-1.10.7-xexa2gll6hf6okdatgrxiwhcjs2uepc7/spack-src/src/H5Fio.c line 161 in H5F_block_write(): write through page buffer failed
    major: Low-level I/O
    minor: Write failed
  #009: /scratch/spack_cpu/job_21700923/spack-stage/spack-stage-hdf5-1.10.7-xexa2gll6hf6okdatgrxiwhcjs2uepc7/spack-src/src/H5PB.c line 1032 in H5PB_write(): write through metadata accumulator failed
    major: Page Buffering
    minor: Write failed
  #010: /scratch/spack_cpu/job_21700923/spack-stage/spack-stage-hdf5-1.10.7-xexa2gll6hf6okdatgrxiwhcjs2uepc7/spack-src/src/H5Faccum.c line 824 in H5F__accum_write(): file write failed
    major: Low-level I/O
    minor: Write failed
  #011: /scratch/spack_cpu/job_21700923/spack-stage/spack-stage-hdf5-1.10.7-xexa2gll6hf6okdatgrxiwhcjs2uepc7/spack-src/src/H5FDint.c line 249 in H5FD_write(): driver write request failed
    major: Virtual File Layer
    minor: Write failed
  #012: /scratch/spack_cpu/job_21700923/spack-stage/spack-stage-hdf5-1.10.7-xexa2gll6hf6okdatgrxiwhcjs2uepc7/spack-src/src/H5FDsec2.c line 856 in H5FD__sec2_write(): file write failed: time = Wed Nov 19 13:43:13 2025
, filename = 'checkpoint.h5', file descriptor = 5, errno = 14, error message = 'Bad address', buf = 0x1555537c4000, total write size = 15969552, bytes this sub-write = 15969552, bytes actually written = 18446744073709551615, offset = 0
    major: Low-level I/O
    minor: Write failed
HDF5-DIAG: Error detected in HDF5 (1.10.7) thread 0:
  #000: /scratch/spack_cpu/job_21700923/spack-stage/spack-stage-hdf5-1.10.7-xexa2gll6hf6okdatgrxiwhcjs2uepc7/spack-src/src/H5Dio.c line 335 in H5Dwrite(): can't write data
    major: Dataset
    minor: Write failed
  #001: /scratch/spack_cpu/job_21700923/spack-stage/spack-stage-hdf5-1.10.7-xexa2gll6hf6okdatgrxiwhcjs2uepc7/spack-src/src/H5Dio.c line 813 in H5D__write(): can't write data
    major: Dataset
    minor: Write failed
  #002: /scratch/spack_cpu/job_21700923/spack-stage/spack-stage-hdf5-1.10.7-xexa2gll6hf6okdatgrxiwhcjs2uepc7/spack-src/src/H5Dcontig.c line 659 in H5D__contig_write(): contiguous write failed
    major: Dataset
    minor: Write failed
  #003: /scratch/spack_cpu/job_21700923/spack-stage/spack-stage-hdf5-1.10.7-xexa2gll6hf6okdatgrxiwhcjs2uepc7/spack-src/src/H5Dselect.c line 321 in H5D__select_write(): write error
    major: Dataspace
    minor: Write failed
  #004: /scratch/spack_cpu/job_21700923/spack-stage/spack-stage-hdf5-1.10.7-xexa2gll6hf6okdatgrxiwhcjs2uepc7/spack-src/src/H5Dselect.c line 230 in H5D__select_io(): write error
    major: Dataspace
    minor: Write failed
  #005: /scratch/spack_cpu/job_21700923/spack-stage/spack-stage-hdf5-1.10.7-xexa2gll6hf6okdatgrxiwhcjs2uepc7/spack-src/src/H5Dcontig.c line 1281 in H5D__contig_writevv(): can't perform vectorized sieve buffer write
    major: Dataset
    minor: Can't operate on object
  #006: /scratch/spack_cpu/job_21700923/spack-stage/spack-stage-hdf5-1.10.7-xexa2gll6hf6okdatgrxiwhcjs2uepc7/spack-src/src/H5VM.c line 1464 in H5VM_opvv(): can't perform operation
    major: Internal error (too specific to document in detail)
    minor: Can't operate on object
  #007: /scratch/spack_cpu/job_21700923/spack-stage/spack-stage-hdf5-1.10.7-xexa2gll6hf6okdatgrxiwhcjs2uepc7/spack-src/src/H5Dcontig.c line 1029 in H5D__contig_writevv_sieve_cb(): block write failed
    major: Dataset
    minor: Write failed
  #008: /scratch/spack_cpu/job_21700923/spack-stage/spack-stage-hdf5-1.10.7-xexa2gll6hf6okdatgrxiwhcjs2uepc7/spack-src/src/H5Fio.c line 161 in H5F_block_write(): write through page buffer failed
    major: Low-level I/O
    minor: Write failed
  #009: /scratch/spack_cpu/job_21700923/spack-stage/spack-stage-hdf5-1.10.7-xexa2gll6hf6okdatgrxiwhcjs2uepc7/spack-src/src/H5PB.c line 1032 in H5PB_write(): write through metadata accumulator failed
    major: Page Buffering
    minor: Write failed
  #010: /scratch/spack_cpu/job_21700923/spack-stage/spack-stage-hdf5-1.10.7-xexa2gll6hf6okdatgrxiwhcjs2uepc7/spack-src/src/H5Faccum.c line 824 in H5F__accum_write(): file write failed
    major: Low-level I/O
    minor: Write failed
  #011: /scratch/spack_cpu/job_21700923/spack-stage/spack-stage-hdf5-1.10.7-xexa2gll6hf6okdatgrxiwhcjs2uepc7/spack-src/src/H5FDint.c line 249 in H5FD_write(): driver write request failed
    major: Virtual File Layer
    minor: Write failed
  #012: /scratch/spack_cpu/job_21700923/spack-stage/spack-stage-hdf5-1.10.7-xexa2gll6hf6okdatgrxiwhcjs2uepc7/spack-src/src/H5FDsec2.c line 856 in H5FD__sec2_write(): file write failed: time = Wed Nov 19 13:45:03 2025
, filename = 'checkpoint.h5', file descriptor = 5, errno = 14, error message = 'Bad address', buf = 0x1555537c4000, total write size = 15969552, bytes this sub-write = 15969552, bytes actually written = 18446744073709551615, offset = 0
    major: Low-level I/O
    minor: Write failed
HDF5-DIAG: Error detected in HDF5 (1.10.7) thread 0:
  #000: /scratch/spack_cpu/job_21700923/spack-stage/spack-stage-hdf5-1.10.7-xexa2gll6hf6okdatgrxiwhcjs2uepc7/spack-src/src/H5Dio.c line 335 in H5Dwrite(): can't write data
    major: Dataset
    minor: Write failed
  #001: /scratch/spack_cpu/job_21700923/spack-stage/spack-stage-hdf5-1.10.7-xexa2gll6hf6okdatgrxiwhcjs2uepc7/spack-src/src/H5Dio.c line 813 in H5D__write(): can't write data
    major: Dataset
    minor: Write failed
  #002: /scratch/spack_cpu/job_21700923/spack-stage/spack-stage-hdf5-1.10.7-xexa2gll6hf6okdatgrxiwhcjs2uepc7/spack-src/src/H5Dcontig.c line 659 in H5D__contig_write(): contiguous write failed
    major: Dataset
    minor: Write failed
  #003: /scratch/spack_cpu/job_21700923/spack-stage/spack-stage-hdf5-1.10.7-xexa2gll6hf6okdatgrxiwhcjs2uepc7/spack-src/src/H5Dselect.c line 321 in H5D__select_write(): write error
    major: Dataspace
    minor: Write failed
  #004: /scratch/spack_cpu/job_21700923/spack-stage/spack-stage-hdf5-1.10.7-xexa2gll6hf6okdatgrxiwhcjs2uepc7/spack-src/src/H5Dselect.c line 230 in H5D__select_io(): write error
    major: Dataspace
    minor: Write failed
  #005: /scratch/spack_cpu/job_21700923/spack-stage/spack-stage-hdf5-1.10.7-xexa2gll6hf6okdatgrxiwhcjs2uepc7/spack-src/src/H5Dcontig.c line 1281 in H5D__contig_writevv(): can't perform vectorized sieve buffer write
    major: Dataset
    minor: Can't operate on object
  #006: /scratch/spack_cpu/job_21700923/spack-stage/spack-stage-hdf5-1.10.7-xexa2gll6hf6okdatgrxiwhcjs2uepc7/spack-src/src/H5VM.c line 1464 in H5VM_opvv(): can't perform operation
    major: Internal error (too specific to document in detail)
    minor: Can't operate on object
  #007: /scratch/spack_cpu/job_21700923/spack-stage/spack-stage-hdf5-1.10.7-xexa2gll6hf6okdatgrxiwhcjs2uepc7/spack-src/src/H5Dcontig.c line 1029 in H5D__contig_writevv_sieve_cb(): block write failed
    major: Dataset
    minor: Write failed
  #008: /scratch/spack_cpu/job_21700923/spack-stage/spack-stage-hdf5-1.10.7-xexa2gll6hf6okdatgrxiwhcjs2uepc7/spack-src/src/H5Fio.c line 161 in H5F_block_write(): write through page buffer failed
    major: Low-level I/O
    minor: Write failed
  #009: /scratch/spack_cpu/job_21700923/spack-stage/spack-stage-hdf5-1.10.7-xexa2gll6hf6okdatgrxiwhcjs2uepc7/spack-src/src/H5PB.c line 1032 in H5PB_write(): write through metadata accumulator failed
    major: Page Buffering
    minor: Write failed
  #010: /scratch/spack_cpu/job_21700923/spack-stage/spack-stage-hdf5-1.10.7-xexa2gll6hf6okdatgrxiwhcjs2uepc7/spack-src/src/H5Faccum.c line 824 in H5F__accum_write(): file write failed
    major: Low-level I/O
    minor: Write failed
  #011: /scratch/spack_cpu/job_21700923/spack-stage/spack-stage-hdf5-1.10.7-xexa2gll6hf6okdatgrxiwhcjs2uepc7/spack-src/src/H5FDint.c line 249 in H5FD_write(): driver write request failed
    major: Virtual File Layer
    minor: Write failed
  #012: /scratch/spack_cpu/job_21700923/spack-stage/spack-stage-hdf5-1.10.7-xexa2gll6hf6okdatgrxiwhcjs2uepc7/spack-src/src/H5FDsec2.c line 856 in H5FD__sec2_write(): file write failed: time = Wed Nov 19 13:46:51 2025
, filename = 'checkpoint.h5', file descriptor = 5, errno = 14, error message = 'Bad address', buf = 0x1555537c4000, total write size = 15969552, bytes this sub-write = 15969552, bytes actually written = 18446744073709551615, offset = 0
    major: Low-level I/O
    minor: Write failed
HDF5-DIAG: Error detected in HDF5 (1.10.7) thread 0:
  #000: /scratch/spack_cpu/job_21700923/spack-stage/spack-stage-hdf5-1.10.7-xexa2gll6hf6okdatgrxiwhcjs2uepc7/spack-src/src/H5Dio.c line 335 in H5Dwrite(): can't write data
    major: Dataset
    minor: Write failed
  #001: /scratch/spack_cpu/job_21700923/spack-stage/spack-stage-hdf5-1.10.7-xexa2gll6hf6okdatgrxiwhcjs2uepc7/spack-src/src/H5Dio.c line 813 in H5D__write(): can't write data
    major: Dataset
    minor: Write failed
  #002: /scratch/spack_cpu/job_21700923/spack-stage/spack-stage-hdf5-1.10.7-xexa2gll6hf6okdatgrxiwhcjs2uepc7/spack-src/src/H5Dcontig.c line 659 in H5D__contig_write(): contiguous write failed
    major: Dataset
    minor: Write failed
  #003: /scratch/spack_cpu/job_21700923/spack-stage/spack-stage-hdf5-1.10.7-xexa2gll6hf6okdatgrxiwhcjs2uepc7/spack-src/src/H5Dselect.c line 321 in H5D__select_write(): write error
    major: Dataspace
    minor: Write failed
  #004: /scratch/spack_cpu/job_21700923/spack-stage/spack-stage-hdf5-1.10.7-xexa2gll6hf6okdatgrxiwhcjs2uepc7/spack-src/src/H5Dselect.c line 230 in H5D__select_io(): write error
    major: Dataspace
    minor: Write failed
  #005: /scratch/spack_cpu/job_21700923/spack-stage/spack-stage-hdf5-1.10.7-xexa2gll6hf6okdatgrxiwhcjs2uepc7/spack-src/src/H5Dcontig.c line 1281 in H5D__contig_writevv(): can't perform vectorized sieve buffer write
    major: Dataset
    minor: Can't operate on object
  #006: /scratch/spack_cpu/job_21700923/spack-stage/spack-stage-hdf5-1.10.7-xexa2gll6hf6okdatgrxiwhcjs2uepc7/spack-src/src/H5VM.c line 1464 in H5VM_opvv(): can't perform operation
    major: Internal error (too specific to document in detail)
    minor: Can't operate on object
  #007: /scratch/spack_cpu/job_21700923/spack-stage/spack-stage-hdf5-1.10.7-xexa2gll6hf6okdatgrxiwhcjs2uepc7/spack-src/src/H5Dcontig.c line 1029 in H5D__contig_writevv_sieve_cb(): block write failed
    major: Dataset
    minor: Write failed
  #008: /scratch/spack_cpu/job_21700923/spack-stage/spack-stage-hdf5-1.10.7-xexa2gll6hf6okdatgrxiwhcjs2uepc7/spack-src/src/H5Fio.c line 161 in H5F_block_write(): write through page buffer failed
    major: Low-level I/O
    minor: Write failed
  #009: /scratch/spack_cpu/job_21700923/spack-stage/spack-stage-hdf5-1.10.7-xexa2gll6hf6okdatgrxiwhcjs2uepc7/spack-src/src/H5PB.c line 1032 in H5PB_write(): write through metadata accumulator failed
    major: Page Buffering
    minor: Write failed
  #010: /scratch/spack_cpu/job_21700923/spack-stage/spack-stage-hdf5-1.10.7-xexa2gll6hf6okdatgrxiwhcjs2uepc7/spack-src/src/H5Faccum.c line 824 in H5F__accum_write(): file write failed
    major: Low-level I/O
    minor: Write failed
  #011: /scratch/spack_cpu/job_21700923/spack-stage/spack-stage-hdf5-1.10.7-xexa2gll6hf6okdatgrxiwhcjs2uepc7/spack-src/src/H5FDint.c line 249 in H5FD_write(): driver write request failed
    major: Virtual File Layer
    minor: Write failed
  #012: /scratch/spack_cpu/job_21700923/spack-stage/spack-stage-hdf5-1.10.7-xexa2gll6hf6okdatgrxiwhcjs2uepc7/spack-src/src/H5FDsec2.c line 856 in H5FD__sec2_write(): file write failed: time = Wed Nov 19 13:48:41 2025
, filename = 'checkpoint.h5', file descriptor = 5, errno = 14, error message = 'Bad address', buf = 0x1555537c4000, total write size = 15969552, bytes this sub-write = 15969552, bytes actually written = 18446744073709551615, offset = 0
    major: Low-level I/O
    minor: Write failed
HDF5-DIAG: Error detected in HDF5 (1.10.7) thread 0:
  #000: /scratch/spack_cpu/job_21700923/spack-stage/spack-stage-hdf5-1.10.7-xexa2gll6hf6okdatgrxiwhcjs2uepc7/spack-src/src/H5Dio.c line 335 in H5Dwrite(): can't write data
    major: Dataset
    minor: Write failed
  #001: /scratch/spack_cpu/job_21700923/spack-stage/spack-stage-hdf5-1.10.7-xexa2gll6hf6okdatgrxiwhcjs2uepc7/spack-src/src/H5Dio.c line 813 in H5D__write(): can't write data
    major: Dataset
    minor: Write failed
  #002: /scratch/spack_cpu/job_21700923/spack-stage/spack-stage-hdf5-1.10.7-xexa2gll6hf6okdatgrxiwhcjs2uepc7/spack-src/src/H5Dcontig.c line 659 in H5D__contig_write(): contiguous write failed
    major: Dataset
    minor: Write failed
  #003: /scratch/spack_cpu/job_21700923/spack-stage/spack-stage-hdf5-1.10.7-xexa2gll6hf6okdatgrxiwhcjs2uepc7/spack-src/src/H5Dselect.c line 321 in H5D__select_write(): write error
    major: Dataspace
    minor: Write failed
  #004: /scratch/spack_cpu/job_21700923/spack-stage/spack-stage-hdf5-1.10.7-xexa2gll6hf6okdatgrxiwhcjs2uepc7/spack-src/src/H5Dselect.c line 230 in H5D__select_io(): write error
    major: Dataspace
    minor: Write failed
  #005: /scratch/spack_cpu/job_21700923/spack-stage/spack-stage-hdf5-1.10.7-xexa2gll6hf6okdatgrxiwhcjs2uepc7/spack-src/src/H5Dcontig.c line 1281 in H5D__contig_writevv(): can't perform vectorized sieve buffer write
    major: Dataset
    minor: Can't operate on object
  #006: /scratch/spack_cpu/job_21700923/spack-stage/spack-stage-hdf5-1.10.7-xexa2gll6hf6okdatgrxiwhcjs2uepc7/spack-src/src/H5VM.c line 1464 in H5VM_opvv(): can't perform operation
    major: Internal error (too specific to document in detail)
    minor: Can't operate on object
  #007: /scratch/spack_cpu/job_21700923/spack-stage/spack-stage-hdf5-1.10.7-xexa2gll6hf6okdatgrxiwhcjs2uepc7/spack-src/src/H5Dcontig.c line 1029 in H5D__contig_writevv_sieve_cb(): block write failed
    major: Dataset
    minor: Write failed
  #008: /scratch/spack_cpu/job_21700923/spack-stage/spack-stage-hdf5-1.10.7-xexa2gll6hf6okdatgrxiwhcjs2uepc7/spack-src/src/H5Fio.c line 161 in H5F_block_write(): write through page buffer failed
    major: Low-level I/O
    minor: Write failed
  #009: /scratch/spack_cpu/job_21700923/spack-stage/spack-stage-hdf5-1.10.7-xexa2gll6hf6okdatgrxiwhcjs2uepc7/spack-src/src/H5PB.c line 1032 in H5PB_write(): write through metadata accumulator failed
    major: Page Buffering
    minor: Write failed
  #010: /scratch/spack_cpu/job_21700923/spack-stage/spack-stage-hdf5-1.10.7-xexa2gll6hf6okdatgrxiwhcjs2uepc7/spack-src/src/H5Faccum.c line 824 in H5F__accum_write(): file write failed
    major: Low-level I/O
    minor: Write failed
  #011: /scratch/spack_cpu/job_21700923/spack-stage/spack-stage-hdf5-1.10.7-xexa2gll6hf6okdatgrxiwhcjs2uepc7/spack-src/src/H5FDint.c line 249 in H5FD_write(): driver write request failed
    major: Virtual File Layer
    minor: Write failed
  #012: /scratch/spack_cpu/job_21700923/spack-stage/spack-stage-hdf5-1.10.7-xexa2gll6hf6okdatgrxiwhcjs2uepc7/spack-src/src/H5FDsec2.c line 856 in H5FD__sec2_write(): file write failed: time = Wed Nov 19 13:50:31 2025
, filename = 'checkpoint.h5', file descriptor = 5, errno = 14, error message = 'Bad address', buf = 0x1555537c4000, total write size = 15969552, bytes this sub-write = 15969552, bytes actually written = 18446744073709551615, offset = 0
    major: Low-level I/O
    minor: Write failed
HDF5-DIAG: Error detected in HDF5 (1.10.7) thread 0:
  #000: /scratch/spack_cpu/job_21700923/spack-stage/spack-stage-hdf5-1.10.7-xexa2gll6hf6okdatgrxiwhcjs2uepc7/spack-src/src/H5Dio.c line 335 in H5Dwrite(): can't write data
    major: Dataset
    minor: Write failed
  #001: /scratch/spack_cpu/job_21700923/spack-stage/spack-stage-hdf5-1.10.7-xexa2gll6hf6okdatgrxiwhcjs2uepc7/spack-src/src/H5Dio.c line 813 in H5D__write(): can't write data
    major: Dataset
    minor: Write failed
  #002: /scratch/spack_cpu/job_21700923/spack-stage/spack-stage-hdf5-1.10.7-xexa2gll6hf6okdatgrxiwhcjs2uepc7/spack-src/src/H5Dcontig.c line 659 in H5D__contig_write(): contiguous write failed
    major: Dataset
    minor: Write failed
  #003: /scratch/spack_cpu/job_21700923/spack-stage/spack-stage-hdf5-1.10.7-xexa2gll6hf6okdatgrxiwhcjs2uepc7/spack-src/src/H5Dselect.c line 321 in H5D__select_write(): write error
    major: Dataspace
    minor: Write failed
  #004: /scratch/spack_cpu/job_21700923/spack-stage/spack-stage-hdf5-1.10.7-xexa2gll6hf6okdatgrxiwhcjs2uepc7/spack-src/src/H5Dselect.c line 230 in H5D__select_io(): write error
    major: Dataspace
    minor: Write failed
  #005: /scratch/spack_cpu/job_21700923/spack-stage/spack-stage-hdf5-1.10.7-xexa2gll6hf6okdatgrxiwhcjs2uepc7/spack-src/src/H5Dcontig.c line 1281 in H5D__contig_writevv(): can't perform vectorized sieve buffer write
    major: Dataset
    minor: Can't operate on object
  #006: /scratch/spack_cpu/job_21700923/spack-stage/spack-stage-hdf5-1.10.7-xexa2gll6hf6okdatgrxiwhcjs2uepc7/spack-src/src/H5VM.c line 1464 in H5VM_opvv(): can't perform operation
    major: Internal error (too specific to document in detail)
    minor: Can't operate on object
  #007: /scratch/spack_cpu/job_21700923/spack-stage/spack-stage-hdf5-1.10.7-xexa2gll6hf6okdatgrxiwhcjs2uepc7/spack-src/src/H5Dcontig.c line 1029 in H5D__contig_writevv_sieve_cb(): block write failed
    major: Dataset
    minor: Write failed
  #008: /scratch/spack_cpu/job_21700923/spack-stage/spack-stage-hdf5-1.10.7-xexa2gll6hf6okdatgrxiwhcjs2uepc7/spack-src/src/H5Fio.c line 161 in H5F_block_write(): write through page buffer failed
    major: Low-level I/O
    minor: Write failed
  #009: /scratch/spack_cpu/job_21700923/spack-stage/spack-stage-hdf5-1.10.7-xexa2gll6hf6okdatgrxiwhcjs2uepc7/spack-src/src/H5PB.c line 1032 in H5PB_write(): write through metadata accumulator failed
    major: Page Buffering
    minor: Write failed
  #010: /scratch/spack_cpu/job_21700923/spack-stage/spack-stage-hdf5-1.10.7-xexa2gll6hf6okdatgrxiwhcjs2uepc7/spack-src/src/H5Faccum.c line 824 in H5F__accum_write(): file write failed
    major: Low-level I/O
    minor: Write failed
  #011: /scratch/spack_cpu/job_21700923/spack-stage/spack-stage-hdf5-1.10.7-xexa2gll6hf6okdatgrxiwhcjs2uepc7/spack-src/src/H5FDint.c line 249 in H5FD_write(): driver write request failed
    major: Virtual File Layer
    minor: Write failed
  #012: /scratch/spack_cpu/job_21700923/spack-stage/spack-stage-hdf5-1.10.7-xexa2gll6hf6okdatgrxiwhcjs2uepc7/spack-src/src/H5FDsec2.c line 856 in H5FD__sec2_write(): file write failed: time = Wed Nov 19 13:52:20 2025
, filename = 'checkpoint.h5', file descriptor = 5, errno = 14, error message = 'Bad address', buf = 0x1555537c4000, total write size = 15969552, bytes this sub-write = 15969552, bytes actually written = 18446744073709551615, offset = 0
    major: Low-level I/O
    minor: Write failed
HDF5-DIAG: Error detected in HDF5 (1.10.7) thread 0:
  #000: /scratch/spack_cpu/job_21700923/spack-stage/spack-stage-hdf5-1.10.7-xexa2gll6hf6okdatgrxiwhcjs2uepc7/spack-src/src/H5Dio.c line 335 in H5Dwrite(): can't write data
    major: Dataset
    minor: Write failed
  #001: /scratch/spack_cpu/job_21700923/spack-stage/spack-stage-hdf5-1.10.7-xexa2gll6hf6okdatgrxiwhcjs2uepc7/spack-src/src/H5Dio.c line 813 in H5D__write(): can't write data
    major: Dataset
    minor: Write failed
  #002: /scratch/spack_cpu/job_21700923/spack-stage/spack-stage-hdf5-1.10.7-xexa2gll6hf6okdatgrxiwhcjs2uepc7/spack-src/src/H5Dcontig.c line 659 in H5D__contig_write(): contiguous write failed
    major: Dataset
    minor: Write failed
  #003: /scratch/spack_cpu/job_21700923/spack-stage/spack-stage-hdf5-1.10.7-xexa2gll6hf6okdatgrxiwhcjs2uepc7/spack-src/src/H5Dselect.c line 321 in H5D__select_write(): write error
    major: Dataspace
    minor: Write failed
  #004: /scratch/spack_cpu/job_21700923/spack-stage/spack-stage-hdf5-1.10.7-xexa2gll6hf6okdatgrxiwhcjs2uepc7/spack-src/src/H5Dselect.c line 230 in H5D__select_io(): write error
    major: Dataspace
    minor: Write failed
  #005: /scratch/spack_cpu/job_21700923/spack-stage/spack-stage-hdf5-1.10.7-xexa2gll6hf6okdatgrxiwhcjs2uepc7/spack-src/src/H5Dcontig.c line 1281 in H5D__contig_writevv(): can't perform vectorized sieve buffer write
    major: Dataset
    minor: Can't operate on object
  #006: /scratch/spack_cpu/job_21700923/spack-stage/spack-stage-hdf5-1.10.7-xexa2gll6hf6okdatgrxiwhcjs2uepc7/spack-src/src/H5VM.c line 1464 in H5VM_opvv(): can't perform operation
    major: Internal error (too specific to document in detail)
    minor: Can't operate on object
  #007: /scratch/spack_cpu/job_21700923/spack-stage/spack-stage-hdf5-1.10.7-xexa2gll6hf6okdatgrxiwhcjs2uepc7/spack-src/src/H5Dcontig.c line 1029 in H5D__contig_writevv_sieve_cb(): block write failed
    major: Dataset
    minor: Write failed
  #008: /scratch/spack_cpu/job_21700923/spack-stage/spack-stage-hdf5-1.10.7-xexa2gll6hf6okdatgrxiwhcjs2uepc7/spack-src/src/H5Fio.c line 161 in H5F_block_write(): write through page buffer failed
    major: Low-level I/O
    minor: Write failed
  #009: /scratch/spack_cpu/job_21700923/spack-stage/spack-stage-hdf5-1.10.7-xexa2gll6hf6okdatgrxiwhcjs2uepc7/spack-src/src/H5PB.c line 1032 in H5PB_write(): write through metadata accumulator failed
    major: Page Buffering
    minor: Write failed
  #010: /scratch/spack_cpu/job_21700923/spack-stage/spack-stage-hdf5-1.10.7-xexa2gll6hf6okdatgrxiwhcjs2uepc7/spack-src/src/H5Faccum.c line 824 in H5F__accum_write(): file write failed
    major: Low-level I/O
    minor: Write failed
  #011: /scratch/spack_cpu/job_21700923/spack-stage/spack-stage-hdf5-1.10.7-xexa2gll6hf6okdatgrxiwhcjs2uepc7/spack-src/src/H5FDint.c line 249 in H5FD_write(): driver write request failed
    major: Virtual File Layer
    minor: Write failed
  #012: /scratch/spack_cpu/job_21700923/spack-stage/spack-stage-hdf5-1.10.7-xexa2gll6hf6okdatgrxiwhcjs2uepc7/spack-src/src/H5FDsec2.c line 856 in H5FD__sec2_write(): file write failed: time = Wed Nov 19 13:54:06 2025
, filename = 'checkpoint.h5', file descriptor = 5, errno = 14, error message = 'Bad address', buf = 0x1555537c4000, total write size = 15969552, bytes this sub-write = 15969552, bytes actually written = 18446744073709551615, offset = 0
    major: Low-level I/O
    minor: Write failed
HDF5-DIAG: Error detected in HDF5 (1.10.7) thread 0:
  #000: /scratch/spack_cpu/job_21700923/spack-stage/spack-stage-hdf5-1.10.7-xexa2gll6hf6okdatgrxiwhcjs2uepc7/spack-src/src/H5Dio.c line 335 in H5Dwrite(): can't write data
    major: Dataset
    minor: Write failed
  #001: /scratch/spack_cpu/job_21700923/spack-stage/spack-stage-hdf5-1.10.7-xexa2gll6hf6okdatgrxiwhcjs2uepc7/spack-src/src/H5Dio.c line 813 in H5D__write(): can't write data
    major: Dataset
    minor: Write failed
  #002: /scratch/spack_cpu/job_21700923/spack-stage/spack-stage-hdf5-1.10.7-xexa2gll6hf6okdatgrxiwhcjs2uepc7/spack-src/src/H5Dcontig.c line 659 in H5D__contig_write(): contiguous write failed
    major: Dataset
    minor: Write failed
  #003: /scratch/spack_cpu/job_21700923/spack-stage/spack-stage-hdf5-1.10.7-xexa2gll6hf6okdatgrxiwhcjs2uepc7/spack-src/src/H5Dselect.c line 321 in H5D__select_write(): write error
    major: Dataspace
    minor: Write failed
  #004: /scratch/spack_cpu/job_21700923/spack-stage/spack-stage-hdf5-1.10.7-xexa2gll6hf6okdatgrxiwhcjs2uepc7/spack-src/src/H5Dselect.c line 230 in H5D__select_io(): write error
    major: Dataspace
    minor: Write failed
  #005: /scratch/spack_cpu/job_21700923/spack-stage/spack-stage-hdf5-1.10.7-xexa2gll6hf6okdatgrxiwhcjs2uepc7/spack-src/src/H5Dcontig.c line 1281 in H5D__contig_writevv(): can't perform vectorized sieve buffer write
    major: Dataset
    minor: Can't operate on object
  #006: /scratch/spack_cpu/job_21700923/spack-stage/spack-stage-hdf5-1.10.7-xexa2gll6hf6okdatgrxiwhcjs2uepc7/spack-src/src/H5VM.c line 1464 in H5VM_opvv(): can't perform operation
    major: Internal error (too specific to document in detail)
    minor: Can't operate on object
  #007: /scratch/spack_cpu/job_21700923/spack-stage/spack-stage-hdf5-1.10.7-xexa2gll6hf6okdatgrxiwhcjs2uepc7/spack-src/src/H5Dcontig.c line 1029 in H5D__contig_writevv_sieve_cb(): block write failed
    major: Dataset
    minor: Write failed
  #008: /scratch/spack_cpu/job_21700923/spack-stage/spack-stage-hdf5-1.10.7-xexa2gll6hf6okdatgrxiwhcjs2uepc7/spack-src/src/H5Fio.c line 161 in H5F_block_write(): write through page buffer failed
    major: Low-level I/O
    minor: Write failed
  #009: /scratch/spack_cpu/job_21700923/spack-stage/spack-stage-hdf5-1.10.7-xexa2gll6hf6okdatgrxiwhcjs2uepc7/spack-src/src/H5PB.c line 1032 in H5PB_write(): write through metadata accumulator failed
    major: Page Buffering
    minor: Write failed
  #010: /scratch/spack_cpu/job_21700923/spack-stage/spack-stage-hdf5-1.10.7-xexa2gll6hf6okdatgrxiwhcjs2uepc7/spack-src/src/H5Faccum.c line 824 in H5F__accum_write(): file write failed
    major: Low-level I/O
    minor: Write failed
  #011: /scratch/spack_cpu/job_21700923/spack-stage/spack-stage-hdf5-1.10.7-xexa2gll6hf6okdatgrxiwhcjs2uepc7/spack-src/src/H5FDint.c line 249 in H5FD_write(): driver write request failed
    major: Virtual File Layer
    minor: Write failed
  #012: /scratch/spack_cpu/job_21700923/spack-stage/spack-stage-hdf5-1.10.7-xexa2gll6hf6okdatgrxiwhcjs2uepc7/spack-src/src/H5FDsec2.c line 856 in H5FD__sec2_write(): file write failed: time = Wed Nov 19 13:55:56 2025
, filename = 'checkpoint.h5', file descriptor = 5, errno = 14, error message = 'Bad address', buf = 0x1555537c4000, total write size = 15969552, bytes this sub-write = 15969552, bytes actually written = 18446744073709551615, offset = 0
    major: Low-level I/O
    minor: Write failed
HDF5-DIAG: Error detected in HDF5 (1.10.7) thread 0:
  #000: /scratch/spack_cpu/job_21700923/spack-stage/spack-stage-hdf5-1.10.7-xexa2gll6hf6okdatgrxiwhcjs2uepc7/spack-src/src/H5Dio.c line 335 in H5Dwrite(): can't write data
    major: Dataset
    minor: Write failed
  #001: /scratch/spack_cpu/job_21700923/spack-stage/spack-stage-hdf5-1.10.7-xexa2gll6hf6okdatgrxiwhcjs2uepc7/spack-src/src/H5Dio.c line 813 in H5D__write(): can't write data
    major: Dataset
    minor: Write failed
  #002: /scratch/spack_cpu/job_21700923/spack-stage/spack-stage-hdf5-1.10.7-xexa2gll6hf6okdatgrxiwhcjs2uepc7/spack-src/src/H5Dcontig.c line 659 in H5D__contig_write(): contiguous write failed
    major: Dataset
    minor: Write failed
  #003: /scratch/spack_cpu/job_21700923/spack-stage/spack-stage-hdf5-1.10.7-xexa2gll6hf6okdatgrxiwhcjs2uepc7/spack-src/src/H5Dselect.c line 321 in H5D__select_write(): write error
    major: Dataspace
    minor: Write failed
  #004: /scratch/spack_cpu/job_21700923/spack-stage/spack-stage-hdf5-1.10.7-xexa2gll6hf6okdatgrxiwhcjs2uepc7/spack-src/src/H5Dselect.c line 230 in H5D__select_io(): write error
    major: Dataspace
    minor: Write failed
  #005: /scratch/spack_cpu/job_21700923/spack-stage/spack-stage-hdf5-1.10.7-xexa2gll6hf6okdatgrxiwhcjs2uepc7/spack-src/src/H5Dcontig.c line 1281 in H5D__contig_writevv(): can't perform vectorized sieve buffer write
    major: Dataset
    minor: Can't operate on object
  #006: /scratch/spack_cpu/job_21700923/spack-stage/spack-stage-hdf5-1.10.7-xexa2gll6hf6okdatgrxiwhcjs2uepc7/spack-src/src/H5VM.c line 1464 in H5VM_opvv(): can't perform operation
    major: Internal error (too specific to document in detail)
    minor: Can't operate on object
  #007: /scratch/spack_cpu/job_21700923/spack-stage/spack-stage-hdf5-1.10.7-xexa2gll6hf6okdatgrxiwhcjs2uepc7/spack-src/src/H5Dcontig.c line 1029 in H5D__contig_writevv_sieve_cb(): block write failed
    major: Dataset
    minor: Write failed
  #008: /scratch/spack_cpu/job_21700923/spack-stage/spack-stage-hdf5-1.10.7-xexa2gll6hf6okdatgrxiwhcjs2uepc7/spack-src/src/H5Fio.c line 161 in H5F_block_write(): write through page buffer failed
    major: Low-level I/O
    minor: Write failed
  #009: /scratch/spack_cpu/job_21700923/spack-stage/spack-stage-hdf5-1.10.7-xexa2gll6hf6okdatgrxiwhcjs2uepc7/spack-src/src/H5PB.c line 1032 in H5PB_write(): write through metadata accumulator failed
    major: Page Buffering
    minor: Write failed
  #010: /scratch/spack_cpu/job_21700923/spack-stage/spack-stage-hdf5-1.10.7-xexa2gll6hf6okdatgrxiwhcjs2uepc7/spack-src/src/H5Faccum.c line 824 in H5F__accum_write(): file write failed
    major: Low-level I/O
    minor: Write failed
  #011: /scratch/spack_cpu/job_21700923/spack-stage/spack-stage-hdf5-1.10.7-xexa2gll6hf6okdatgrxiwhcjs2uepc7/spack-src/src/H5FDint.c line 249 in H5FD_write(): driver write request failed
    major: Virtual File Layer
    minor: Write failed
  #012: /scratch/spack_cpu/job_21700923/spack-stage/spack-stage-hdf5-1.10.7-xexa2gll6hf6okdatgrxiwhcjs2uepc7/spack-src/src/H5FDsec2.c line 856 in H5FD__sec2_write(): file write failed: time = Wed Nov 19 13:57:44 2025
, filename = 'checkpoint.h5', file descriptor = 5, errno = 14, error message = 'Bad address', buf = 0x1555537c4000, total write size = 15969552, bytes this sub-write = 15969552, bytes actually written = 18446744073709551615, offset = 0
    major: Low-level I/O
    minor: Write failed
HDF5-DIAG: Error detected in HDF5 (1.10.7) thread 0:
  #000: /scratch/spack_cpu/job_21700923/spack-stage/spack-stage-hdf5-1.10.7-xexa2gll6hf6okdatgrxiwhcjs2uepc7/spack-src/src/H5Dio.c line 335 in H5Dwrite(): can't write data
    major: Dataset
    minor: Write failed
  #001: /scratch/spack_cpu/job_21700923/spack-stage/spack-stage-hdf5-1.10.7-xexa2gll6hf6okdatgrxiwhcjs2uepc7/spack-src/src/H5Dio.c line 813 in H5D__write(): can't write data
    major: Dataset
    minor: Write failed
  #002: /scratch/spack_cpu/job_21700923/spack-stage/spack-stage-hdf5-1.10.7-xexa2gll6hf6okdatgrxiwhcjs2uepc7/spack-src/src/H5Dcontig.c line 659 in H5D__contig_write(): contiguous write failed
    major: Dataset
    minor: Write failed
  #003: /scratch/spack_cpu/job_21700923/spack-stage/spack-stage-hdf5-1.10.7-xexa2gll6hf6okdatgrxiwhcjs2uepc7/spack-src/src/H5Dselect.c line 321 in H5D__select_write(): write error
    major: Dataspace
    minor: Write failed
  #004: /scratch/spack_cpu/job_21700923/spack-stage/spack-stage-hdf5-1.10.7-xexa2gll6hf6okdatgrxiwhcjs2uepc7/spack-src/src/H5Dselect.c line 230 in H5D__select_io(): write error
    major: Dataspace
    minor: Write failed
  #005: /scratch/spack_cpu/job_21700923/spack-stage/spack-stage-hdf5-1.10.7-xexa2gll6hf6okdatgrxiwhcjs2uepc7/spack-src/src/H5Dcontig.c line 1281 in H5D__contig_writevv(): can't perform vectorized sieve buffer write
    major: Dataset
    minor: Can't operate on object
  #006: /scratch/spack_cpu/job_21700923/spack-stage/spack-stage-hdf5-1.10.7-xexa2gll6hf6okdatgrxiwhcjs2uepc7/spack-src/src/H5VM.c line 1464 in H5VM_opvv(): can't perform operation
    major: Internal error (too specific to document in detail)
    minor: Can't operate on object
  #007: /scratch/spack_cpu/job_21700923/spack-stage/spack-stage-hdf5-1.10.7-xexa2gll6hf6okdatgrxiwhcjs2uepc7/spack-src/src/H5Dcontig.c line 1029 in H5D__contig_writevv_sieve_cb(): block write failed
    major: Dataset
    minor: Write failed
  #008: /scratch/spack_cpu/job_21700923/spack-stage/spack-stage-hdf5-1.10.7-xexa2gll6hf6okdatgrxiwhcjs2uepc7/spack-src/src/H5Fio.c line 161 in H5F_block_write(): write through page buffer failed
    major: Low-level I/O
    minor: Write failed
  #009: /scratch/spack_cpu/job_21700923/spack-stage/spack-stage-hdf5-1.10.7-xexa2gll6hf6okdatgrxiwhcjs2uepc7/spack-src/src/H5PB.c line 1032 in H5PB_write(): write through metadata accumulator failed
    major: Page Buffering
    minor: Write failed
  #010: /scratch/spack_cpu/job_21700923/spack-stage/spack-stage-hdf5-1.10.7-xexa2gll6hf6okdatgrxiwhcjs2uepc7/spack-src/src/H5Faccum.c line 824 in H5F__accum_write(): file write failed
    major: Low-level I/O
    minor: Write failed
  #011: /scratch/spack_cpu/job_21700923/spack-stage/spack-stage-hdf5-1.10.7-xexa2gll6hf6okdatgrxiwhcjs2uepc7/spack-src/src/H5FDint.c line 249 in H5FD_write(): driver write request failed
    major: Virtual File Layer
    minor: Write failed
  #012: /scratch/spack_cpu/job_21700923/spack-stage/spack-stage-hdf5-1.10.7-xexa2gll6hf6okdatgrxiwhcjs2uepc7/spack-src/src/H5FDsec2.c line 856 in H5FD__sec2_write(): file write failed: time = Wed Nov 19 13:59:33 2025
, filename = 'checkpoint.h5', file descriptor = 5, errno = 14, error message = 'Bad address', buf = 0x1555537c4000, total write size = 15969552, bytes this sub-write = 15969552, bytes actually written = 18446744073709551615, offset = 0
    major: Low-level I/O
    minor: Write failed
HDF5-DIAG: Error detected in HDF5 (1.10.7) thread 0:
  #000: /scratch/spack_cpu/job_21700923/spack-stage/spack-stage-hdf5-1.10.7-xexa2gll6hf6okdatgrxiwhcjs2uepc7/spack-src/src/H5Dio.c line 335 in H5Dwrite(): can't write data
    major: Dataset
    minor: Write failed
  #001: /scratch/spack_cpu/job_21700923/spack-stage/spack-stage-hdf5-1.10.7-xexa2gll6hf6okdatgrxiwhcjs2uepc7/spack-src/src/H5Dio.c line 813 in H5D__write(): can't write data
    major: Dataset
    minor: Write failed
  #002: /scratch/spack_cpu/job_21700923/spack-stage/spack-stage-hdf5-1.10.7-xexa2gll6hf6okdatgrxiwhcjs2uepc7/spack-src/src/H5Dcontig.c line 659 in H5D__contig_write(): contiguous write failed
    major: Dataset
    minor: Write failed
  #003: /scratch/spack_cpu/job_21700923/spack-stage/spack-stage-hdf5-1.10.7-xexa2gll6hf6okdatgrxiwhcjs2uepc7/spack-src/src/H5Dselect.c line 321 in H5D__select_write(): write error
    major: Dataspace
    minor: Write failed
  #004: /scratch/spack_cpu/job_21700923/spack-stage/spack-stage-hdf5-1.10.7-xexa2gll6hf6okdatgrxiwhcjs2uepc7/spack-src/src/H5Dselect.c line 230 in H5D__select_io(): write error
    major: Dataspace
    minor: Write failed
  #005: /scratch/spack_cpu/job_21700923/spack-stage/spack-stage-hdf5-1.10.7-xexa2gll6hf6okdatgrxiwhcjs2uepc7/spack-src/src/H5Dcontig.c line 1281 in H5D__contig_writevv(): can't perform vectorized sieve buffer write
    major: Dataset
    minor: Can't operate on object
  #006: /scratch/spack_cpu/job_21700923/spack-stage/spack-stage-hdf5-1.10.7-xexa2gll6hf6okdatgrxiwhcjs2uepc7/spack-src/src/H5VM.c line 1464 in H5VM_opvv(): can't perform operation
    major: Internal error (too specific to document in detail)
    minor: Can't operate on object
  #007: /scratch/spack_cpu/job_21700923/spack-stage/spack-stage-hdf5-1.10.7-xexa2gll6hf6okdatgrxiwhcjs2uepc7/spack-src/src/H5Dcontig.c line 1029 in H5D__contig_writevv_sieve_cb(): block write failed
    major: Dataset
    minor: Write failed
  #008: /scratch/spack_cpu/job_21700923/spack-stage/spack-stage-hdf5-1.10.7-xexa2gll6hf6okdatgrxiwhcjs2uepc7/spack-src/src/H5Fio.c line 161 in H5F_block_write(): write through page buffer failed
    major: Low-level I/O
    minor: Write failed
  #009: /scratch/spack_cpu/job_21700923/spack-stage/spack-stage-hdf5-1.10.7-xexa2gll6hf6okdatgrxiwhcjs2uepc7/spack-src/src/H5PB.c line 1032 in H5PB_write(): write through metadata accumulator failed
    major: Page Buffering
    minor: Write failed
  #010: /scratch/spack_cpu/job_21700923/spack-stage/spack-stage-hdf5-1.10.7-xexa2gll6hf6okdatgrxiwhcjs2uepc7/spack-src/src/H5Faccum.c line 824 in H5F__accum_write(): file write failed
    major: Low-level I/O
    minor: Write failed
  #011: /scratch/spack_cpu/job_21700923/spack-stage/spack-stage-hdf5-1.10.7-xexa2gll6hf6okdatgrxiwhcjs2uepc7/spack-src/src/H5FDint.c line 249 in H5FD_write(): driver write request failed
    major: Virtual File Layer
    minor: Write failed
  #012: /scratch/spack_cpu/job_21700923/spack-stage/spack-stage-hdf5-1.10.7-xexa2gll6hf6okdatgrxiwhcjs2uepc7/spack-src/src/H5FDsec2.c line 856 in H5FD__sec2_write(): file write failed: time = Wed Nov 19 14:01:22 2025
, filename = 'checkpoint.h5', file descriptor = 5, errno = 14, error message = 'Bad address', buf = 0x1555537c4000, total write size = 15969552, bytes this sub-write = 15969552, bytes actually written = 18446744073709551615, offset = 0
    major: Low-level I/O
    minor: Write failed
HDF5-DIAG: Error detected in HDF5 (1.10.7) thread 0:
  #000: /scratch/spack_cpu/job_21700923/spack-stage/spack-stage-hdf5-1.10.7-xexa2gll6hf6okdatgrxiwhcjs2uepc7/spack-src/src/H5Dio.c line 335 in H5Dwrite(): can't write data
    major: Dataset
    minor: Write failed
  #001: /scratch/spack_cpu/job_21700923/spack-stage/spack-stage-hdf5-1.10.7-xexa2gll6hf6okdatgrxiwhcjs2uepc7/spack-src/src/H5Dio.c line 813 in H5D__write(): can't write data
    major: Dataset
    minor: Write failed
  #002: /scratch/spack_cpu/job_21700923/spack-stage/spack-stage-hdf5-1.10.7-xexa2gll6hf6okdatgrxiwhcjs2uepc7/spack-src/src/H5Dcontig.c line 659 in H5D__contig_write(): contiguous write failed
    major: Dataset
    minor: Write failed
  #003: /scratch/spack_cpu/job_21700923/spack-stage/spack-stage-hdf5-1.10.7-xexa2gll6hf6okdatgrxiwhcjs2uepc7/spack-src/src/H5Dselect.c line 321 in H5D__select_write(): write error
    major: Dataspace
    minor: Write failed
  #004: /scratch/spack_cpu/job_21700923/spack-stage/spack-stage-hdf5-1.10.7-xexa2gll6hf6okdatgrxiwhcjs2uepc7/spack-src/src/H5Dselect.c line 230 in H5D__select_io(): write error
    major: Dataspace
    minor: Write failed
  #005: /scratch/spack_cpu/job_21700923/spack-stage/spack-stage-hdf5-1.10.7-xexa2gll6hf6okdatgrxiwhcjs2uepc7/spack-src/src/H5Dcontig.c line 1281 in H5D__contig_writevv(): can't perform vectorized sieve buffer write
    major: Dataset
    minor: Can't operate on object
  #006: /scratch/spack_cpu/job_21700923/spack-stage/spack-stage-hdf5-1.10.7-xexa2gll6hf6okdatgrxiwhcjs2uepc7/spack-src/src/H5VM.c line 1464 in H5VM_opvv(): can't perform operation
    major: Internal error (too specific to document in detail)
    minor: Can't operate on object
  #007: /scratch/spack_cpu/job_21700923/spack-stage/spack-stage-hdf5-1.10.7-xexa2gll6hf6okdatgrxiwhcjs2uepc7/spack-src/src/H5Dcontig.c line 1029 in H5D__contig_writevv_sieve_cb(): block write failed
    major: Dataset
    minor: Write failed
  #008: /scratch/spack_cpu/job_21700923/spack-stage/spack-stage-hdf5-1.10.7-xexa2gll6hf6okdatgrxiwhcjs2uepc7/spack-src/src/H5Fio.c line 161 in H5F_block_write(): write through page buffer failed
    major: Low-level I/O
    minor: Write failed
  #009: /scratch/spack_cpu/job_21700923/spack-stage/spack-stage-hdf5-1.10.7-xexa2gll6hf6okdatgrxiwhcjs2uepc7/spack-src/src/H5PB.c line 1032 in H5PB_write(): write through metadata accumulator failed
    major: Page Buffering
    minor: Write failed
  #010: /scratch/spack_cpu/job_21700923/spack-stage/spack-stage-hdf5-1.10.7-xexa2gll6hf6okdatgrxiwhcjs2uepc7/spack-src/src/H5Faccum.c line 824 in H5F__accum_write(): file write failed
    major: Low-level I/O
    minor: Write failed
  #011: /scratch/spack_cpu/job_21700923/spack-stage/spack-stage-hdf5-1.10.7-xexa2gll6hf6okdatgrxiwhcjs2uepc7/spack-src/src/H5FDint.c line 249 in H5FD_write(): driver write request failed
    major: Virtual File Layer
    minor: Write failed
  #012: /scratch/spack_cpu/job_21700923/spack-stage/spack-stage-hdf5-1.10.7-xexa2gll6hf6okdatgrxiwhcjs2uepc7/spack-src/src/H5FDsec2.c line 856 in H5FD__sec2_write(): file write failed: time = Wed Nov 19 14:03:13 2025
, filename = 'checkpoint.h5', file descriptor = 5, errno = 14, error message = 'Bad address', buf = 0x1555537c4000, total write size = 15969552, bytes this sub-write = 15969552, bytes actually written = 18446744073709551615, offset = 0
    major: Low-level I/O
    minor: Write failed
HDF5-DIAG: Error detected in HDF5 (1.10.7) thread 0:
  #000: /scratch/spack_cpu/job_21700923/spack-stage/spack-stage-hdf5-1.10.7-xexa2gll6hf6okdatgrxiwhcjs2uepc7/spack-src/src/H5Dio.c line 335 in H5Dwrite(): can't write data
    major: Dataset
    minor: Write failed
  #001: /scratch/spack_cpu/job_21700923/spack-stage/spack-stage-hdf5-1.10.7-xexa2gll6hf6okdatgrxiwhcjs2uepc7/spack-src/src/H5Dio.c line 813 in H5D__write(): can't write data
    major: Dataset
    minor: Write failed
  #002: /scratch/spack_cpu/job_21700923/spack-stage/spack-stage-hdf5-1.10.7-xexa2gll6hf6okdatgrxiwhcjs2uepc7/spack-src/src/H5Dcontig.c line 659 in H5D__contig_write(): contiguous write failed
    major: Dataset
    minor: Write failed
  #003: /scratch/spack_cpu/job_21700923/spack-stage/spack-stage-hdf5-1.10.7-xexa2gll6hf6okdatgrxiwhcjs2uepc7/spack-src/src/H5Dselect.c line 321 in H5D__select_write(): write error
    major: Dataspace
    minor: Write failed
  #004: /scratch/spack_cpu/job_21700923/spack-stage/spack-stage-hdf5-1.10.7-xexa2gll6hf6okdatgrxiwhcjs2uepc7/spack-src/src/H5Dselect.c line 230 in H5D__select_io(): write error
    major: Dataspace
    minor: Write failed
  #005: /scratch/spack_cpu/job_21700923/spack-stage/spack-stage-hdf5-1.10.7-xexa2gll6hf6okdatgrxiwhcjs2uepc7/spack-src/src/H5Dcontig.c line 1281 in H5D__contig_writevv(): can't perform vectorized sieve buffer write
    major: Dataset
    minor: Can't operate on object
  #006: /scratch/spack_cpu/job_21700923/spack-stage/spack-stage-hdf5-1.10.7-xexa2gll6hf6okdatgrxiwhcjs2uepc7/spack-src/src/H5VM.c line 1464 in H5VM_opvv(): can't perform operation
    major: Internal error (too specific to document in detail)
    minor: Can't operate on object
  #007: /scratch/spack_cpu/job_21700923/spack-stage/spack-stage-hdf5-1.10.7-xexa2gll6hf6okdatgrxiwhcjs2uepc7/spack-src/src/H5Dcontig.c line 1029 in H5D__contig_writevv_sieve_cb(): block write failed
    major: Dataset
    minor: Write failed
  #008: /scratch/spack_cpu/job_21700923/spack-stage/spack-stage-hdf5-1.10.7-xexa2gll6hf6okdatgrxiwhcjs2uepc7/spack-src/src/H5Fio.c line 161 in H5F_block_write(): write through page buffer failed
    major: Low-level I/O
    minor: Write failed
  #009: /scratch/spack_cpu/job_21700923/spack-stage/spack-stage-hdf5-1.10.7-xexa2gll6hf6okdatgrxiwhcjs2uepc7/spack-src/src/H5PB.c line 1032 in H5PB_write(): write through metadata accumulator failed
    major: Page Buffering
    minor: Write failed
  #010: /scratch/spack_cpu/job_21700923/spack-stage/spack-stage-hdf5-1.10.7-xexa2gll6hf6okdatgrxiwhcjs2uepc7/spack-src/src/H5Faccum.c line 824 in H5F__accum_write(): file write failed
    major: Low-level I/O
    minor: Write failed
  #011: /scratch/spack_cpu/job_21700923/spack-stage/spack-stage-hdf5-1.10.7-xexa2gll6hf6okdatgrxiwhcjs2uepc7/spack-src/src/H5FDint.c line 249 in H5FD_write(): driver write request failed
    major: Virtual File Layer
    minor: Write failed
  #012: /scratch/spack_cpu/job_21700923/spack-stage/spack-stage-hdf5-1.10.7-xexa2gll6hf6okdatgrxiwhcjs2uepc7/spack-src/src/H5FDsec2.c line 856 in H5FD__sec2_write(): file write failed: time = Wed Nov 19 14:05:01 2025
, filename = 'checkpoint.h5', file descriptor = 5, errno = 14, error message = 'Bad address', buf = 0x1555537c4000, total write size = 15969552, bytes this sub-write = 15969552, bytes actually written = 18446744073709551615, offset = 0
    major: Low-level I/O
    minor: Write failed
HDF5-DIAG: Error detected in HDF5 (1.10.7) thread 0:
  #000: /scratch/spack_cpu/job_21700923/spack-stage/spack-stage-hdf5-1.10.7-xexa2gll6hf6okdatgrxiwhcjs2uepc7/spack-src/src/H5Dio.c line 335 in H5Dwrite(): can't write data
    major: Dataset
    minor: Write failed
  #001: /scratch/spack_cpu/job_21700923/spack-stage/spack-stage-hdf5-1.10.7-xexa2gll6hf6okdatgrxiwhcjs2uepc7/spack-src/src/H5Dio.c line 813 in H5D__write(): can't write data
    major: Dataset
    minor: Write failed
  #002: /scratch/spack_cpu/job_21700923/spack-stage/spack-stage-hdf5-1.10.7-xexa2gll6hf6okdatgrxiwhcjs2uepc7/spack-src/src/H5Dcontig.c line 659 in H5D__contig_write(): contiguous write failed
    major: Dataset
    minor: Write failed
  #003: /scratch/spack_cpu/job_21700923/spack-stage/spack-stage-hdf5-1.10.7-xexa2gll6hf6okdatgrxiwhcjs2uepc7/spack-src/src/H5Dselect.c line 321 in H5D__select_write(): write error
    major: Dataspace
    minor: Write failed
  #004: /scratch/spack_cpu/job_21700923/spack-stage/spack-stage-hdf5-1.10.7-xexa2gll6hf6okdatgrxiwhcjs2uepc7/spack-src/src/H5Dselect.c line 230 in H5D__select_io(): write error
    major: Dataspace
    minor: Write failed
  #005: /scratch/spack_cpu/job_21700923/spack-stage/spack-stage-hdf5-1.10.7-xexa2gll6hf6okdatgrxiwhcjs2uepc7/spack-src/src/H5Dcontig.c line 1281 in H5D__contig_writevv(): can't perform vectorized sieve buffer write
    major: Dataset
    minor: Can't operate on object
  #006: /scratch/spack_cpu/job_21700923/spack-stage/spack-stage-hdf5-1.10.7-xexa2gll6hf6okdatgrxiwhcjs2uepc7/spack-src/src/H5VM.c line 1464 in H5VM_opvv(): can't perform operation
    major: Internal error (too specific to document in detail)
    minor: Can't operate on object
  #007: /scratch/spack_cpu/job_21700923/spack-stage/spack-stage-hdf5-1.10.7-xexa2gll6hf6okdatgrxiwhcjs2uepc7/spack-src/src/H5Dcontig.c line 1029 in H5D__contig_writevv_sieve_cb(): block write failed
    major: Dataset
    minor: Write failed
  #008: /scratch/spack_cpu/job_21700923/spack-stage/spack-stage-hdf5-1.10.7-xexa2gll6hf6okdatgrxiwhcjs2uepc7/spack-src/src/H5Fio.c line 161 in H5F_block_write(): write through page buffer failed
    major: Low-level I/O
    minor: Write failed
  #009: /scratch/spack_cpu/job_21700923/spack-stage/spack-stage-hdf5-1.10.7-xexa2gll6hf6okdatgrxiwhcjs2uepc7/spack-src/src/H5PB.c line 1032 in H5PB_write(): write through metadata accumulator failed
    major: Page Buffering
    minor: Write failed
  #010: /scratch/spack_cpu/job_21700923/spack-stage/spack-stage-hdf5-1.10.7-xexa2gll6hf6okdatgrxiwhcjs2uepc7/spack-src/src/H5Faccum.c line 824 in H5F__accum_write(): file write failed
    major: Low-level I/O
    minor: Write failed
  #011: /scratch/spack_cpu/job_21700923/spack-stage/spack-stage-hdf5-1.10.7-xexa2gll6hf6okdatgrxiwhcjs2uepc7/spack-src/src/H5FDint.c line 249 in H5FD_write(): driver write request failed
    major: Virtual File Layer
    minor: Write failed
  #012: /scratch/spack_cpu/job_21700923/spack-stage/spack-stage-hdf5-1.10.7-xexa2gll6hf6okdatgrxiwhcjs2uepc7/spack-src/src/H5FDsec2.c line 856 in H5FD__sec2_write(): file write failed: time = Wed Nov 19 14:06:47 2025
, filename = 'checkpoint.h5', file descriptor = 5, errno = 14, error message = 'Bad address', buf = 0x1555537c4000, total write size = 15969552, bytes this sub-write = 15969552, bytes actually written = 18446744073709551615, offset = 0
    major: Low-level I/O
    minor: Write failed
HDF5-DIAG: Error detected in HDF5 (1.10.7) thread 0:
  #000: /scratch/spack_cpu/job_21700923/spack-stage/spack-stage-hdf5-1.10.7-xexa2gll6hf6okdatgrxiwhcjs2uepc7/spack-src/src/H5Dio.c line 335 in H5Dwrite(): can't write data
    major: Dataset
    minor: Write failed
  #001: /scratch/spack_cpu/job_21700923/spack-stage/spack-stage-hdf5-1.10.7-xexa2gll6hf6okdatgrxiwhcjs2uepc7/spack-src/src/H5Dio.c line 813 in H5D__write(): can't write data
    major: Dataset
    minor: Write failed
  #002: /scratch/spack_cpu/job_21700923/spack-stage/spack-stage-hdf5-1.10.7-xexa2gll6hf6okdatgrxiwhcjs2uepc7/spack-src/src/H5Dcontig.c line 659 in H5D__contig_write(): contiguous write failed
    major: Dataset
    minor: Write failed
  #003: /scratch/spack_cpu/job_21700923/spack-stage/spack-stage-hdf5-1.10.7-xexa2gll6hf6okdatgrxiwhcjs2uepc7/spack-src/src/H5Dselect.c line 321 in H5D__select_write(): write error
    major: Dataspace
    minor: Write failed
  #004: /scratch/spack_cpu/job_21700923/spack-stage/spack-stage-hdf5-1.10.7-xexa2gll6hf6okdatgrxiwhcjs2uepc7/spack-src/src/H5Dselect.c line 230 in H5D__select_io(): write error
    major: Dataspace
    minor: Write failed
  #005: /scratch/spack_cpu/job_21700923/spack-stage/spack-stage-hdf5-1.10.7-xexa2gll6hf6okdatgrxiwhcjs2uepc7/spack-src/src/H5Dcontig.c line 1281 in H5D__contig_writevv(): can't perform vectorized sieve buffer write
    major: Dataset
    minor: Can't operate on object
  #006: /scratch/spack_cpu/job_21700923/spack-stage/spack-stage-hdf5-1.10.7-xexa2gll6hf6okdatgrxiwhcjs2uepc7/spack-src/src/H5VM.c line 1464 in H5VM_opvv(): can't perform operation
    major: Internal error (too specific to document in detail)
    minor: Can't operate on object
  #007: /scratch/spack_cpu/job_21700923/spack-stage/spack-stage-hdf5-1.10.7-xexa2gll6hf6okdatgrxiwhcjs2uepc7/spack-src/src/H5Dcontig.c line 1029 in H5D__contig_writevv_sieve_cb(): block write failed
    major: Dataset
    minor: Write failed
  #008: /scratch/spack_cpu/job_21700923/spack-stage/spack-stage-hdf5-1.10.7-xexa2gll6hf6okdatgrxiwhcjs2uepc7/spack-src/src/H5Fio.c line 161 in H5F_block_write(): write through page buffer failed
    major: Low-level I/O
    minor: Write failed
  #009: /scratch/spack_cpu/job_21700923/spack-stage/spack-stage-hdf5-1.10.7-xexa2gll6hf6okdatgrxiwhcjs2uepc7/spack-src/src/H5PB.c line 1032 in H5PB_write(): write through metadata accumulator failed
    major: Page Buffering
    minor: Write failed
  #010: /scratch/spack_cpu/job_21700923/spack-stage/spack-stage-hdf5-1.10.7-xexa2gll6hf6okdatgrxiwhcjs2uepc7/spack-src/src/H5Faccum.c line 824 in H5F__accum_write(): file write failed
    major: Low-level I/O
    minor: Write failed
  #011: /scratch/spack_cpu/job_21700923/spack-stage/spack-stage-hdf5-1.10.7-xexa2gll6hf6okdatgrxiwhcjs2uepc7/spack-src/src/H5FDint.c line 249 in H5FD_write(): driver write request failed
    major: Virtual File Layer
    minor: Write failed
  #012: /scratch/spack_cpu/job_21700923/spack-stage/spack-stage-hdf5-1.10.7-xexa2gll6hf6okdatgrxiwhcjs2uepc7/spack-src/src/H5FDsec2.c line 856 in H5FD__sec2_write(): file write failed: time = Wed Nov 19 14:08:33 2025
, filename = 'checkpoint.h5', file descriptor = 5, errno = 14, error message = 'Bad address', buf = 0x1555537c4000, total write size = 15969552, bytes this sub-write = 15969552, bytes actually written = 18446744073709551615, offset = 0
    major: Low-level I/O
    minor: Write failed
HDF5-DIAG: Error detected in HDF5 (1.10.7) thread 0:
  #000: /scratch/spack_cpu/job_21700923/spack-stage/spack-stage-hdf5-1.10.7-xexa2gll6hf6okdatgrxiwhcjs2uepc7/spack-src/src/H5Dio.c line 335 in H5Dwrite(): can't write data
    major: Dataset
    minor: Write failed
  #001: /scratch/spack_cpu/job_21700923/spack-stage/spack-stage-hdf5-1.10.7-xexa2gll6hf6okdatgrxiwhcjs2uepc7/spack-src/src/H5Dio.c line 813 in H5D__write(): can't write data
    major: Dataset
    minor: Write failed
  #002: /scratch/spack_cpu/job_21700923/spack-stage/spack-stage-hdf5-1.10.7-xexa2gll6hf6okdatgrxiwhcjs2uepc7/spack-src/src/H5Dcontig.c line 659 in H5D__contig_write(): contiguous write failed
    major: Dataset
    minor: Write failed
  #003: /scratch/spack_cpu/job_21700923/spack-stage/spack-stage-hdf5-1.10.7-xexa2gll6hf6okdatgrxiwhcjs2uepc7/spack-src/src/H5Dselect.c line 321 in H5D__select_write(): write error
    major: Dataspace
    minor: Write failed
  #004: /scratch/spack_cpu/job_21700923/spack-stage/spack-stage-hdf5-1.10.7-xexa2gll6hf6okdatgrxiwhcjs2uepc7/spack-src/src/H5Dselect.c line 230 in H5D__select_io(): write error
    major: Dataspace
    minor: Write failed
  #005: /scratch/spack_cpu/job_21700923/spack-stage/spack-stage-hdf5-1.10.7-xexa2gll6hf6okdatgrxiwhcjs2uepc7/spack-src/src/H5Dcontig.c line 1281 in H5D__contig_writevv(): can't perform vectorized sieve buffer write
    major: Dataset
    minor: Can't operate on object
  #006: /scratch/spack_cpu/job_21700923/spack-stage/spack-stage-hdf5-1.10.7-xexa2gll6hf6okdatgrxiwhcjs2uepc7/spack-src/src/H5VM.c line 1464 in H5VM_opvv(): can't perform operation
    major: Internal error (too specific to document in detail)
    minor: Can't operate on object
  #007: /scratch/spack_cpu/job_21700923/spack-stage/spack-stage-hdf5-1.10.7-xexa2gll6hf6okdatgrxiwhcjs2uepc7/spack-src/src/H5Dcontig.c line 1029 in H5D__contig_writevv_sieve_cb(): block write failed
    major: Dataset
    minor: Write failed
  #008: /scratch/spack_cpu/job_21700923/spack-stage/spack-stage-hdf5-1.10.7-xexa2gll6hf6okdatgrxiwhcjs2uepc7/spack-src/src/H5Fio.c line 161 in H5F_block_write(): write through page buffer failed
    major: Low-level I/O
    minor: Write failed
  #009: /scratch/spack_cpu/job_21700923/spack-stage/spack-stage-hdf5-1.10.7-xexa2gll6hf6okdatgrxiwhcjs2uepc7/spack-src/src/H5PB.c line 1032 in H5PB_write(): write through metadata accumulator failed
    major: Page Buffering
    minor: Write failed
  #010: /scratch/spack_cpu/job_21700923/spack-stage/spack-stage-hdf5-1.10.7-xexa2gll6hf6okdatgrxiwhcjs2uepc7/spack-src/src/H5Faccum.c line 824 in H5F__accum_write(): file write failed
    major: Low-level I/O
    minor: Write failed
  #011: /scratch/spack_cpu/job_21700923/spack-stage/spack-stage-hdf5-1.10.7-xexa2gll6hf6okdatgrxiwhcjs2uepc7/spack-src/src/H5FDint.c line 249 in H5FD_write(): driver write request failed
    major: Virtual File Layer
    minor: Write failed
  #012: /scratch/spack_cpu/job_21700923/spack-stage/spack-stage-hdf5-1.10.7-xexa2gll6hf6okdatgrxiwhcjs2uepc7/spack-src/src/H5FDsec2.c line 856 in H5FD__sec2_write(): file write failed: time = Wed Nov 19 14:10:20 2025
, filename = 'checkpoint.h5', file descriptor = 5, errno = 14, error message = 'Bad address', buf = 0x1555537c4000, total write size = 15969552, bytes this sub-write = 15969552, bytes actually written = 18446744073709551615, offset = 0
    major: Low-level I/O
    minor: Write failed
HDF5-DIAG: Error detected in HDF5 (1.10.7) thread 0:
  #000: /scratch/spack_cpu/job_21700923/spack-stage/spack-stage-hdf5-1.10.7-xexa2gll6hf6okdatgrxiwhcjs2uepc7/spack-src/src/H5Dio.c line 335 in H5Dwrite(): can't write data
    major: Dataset
    minor: Write failed
  #001: /scratch/spack_cpu/job_21700923/spack-stage/spack-stage-hdf5-1.10.7-xexa2gll6hf6okdatgrxiwhcjs2uepc7/spack-src/src/H5Dio.c line 813 in H5D__write(): can't write data
    major: Dataset
    minor: Write failed
  #002: /scratch/spack_cpu/job_21700923/spack-stage/spack-stage-hdf5-1.10.7-xexa2gll6hf6okdatgrxiwhcjs2uepc7/spack-src/src/H5Dcontig.c line 659 in H5D__contig_write(): contiguous write failed
    major: Dataset
    minor: Write failed
  #003: /scratch/spack_cpu/job_21700923/spack-stage/spack-stage-hdf5-1.10.7-xexa2gll6hf6okdatgrxiwhcjs2uepc7/spack-src/src/H5Dselect.c line 321 in H5D__select_write(): write error
    major: Dataspace
    minor: Write failed
  #004: /scratch/spack_cpu/job_21700923/spack-stage/spack-stage-hdf5-1.10.7-xexa2gll6hf6okdatgrxiwhcjs2uepc7/spack-src/src/H5Dselect.c line 230 in H5D__select_io(): write error
    major: Dataspace
    minor: Write failed
  #005: /scratch/spack_cpu/job_21700923/spack-stage/spack-stage-hdf5-1.10.7-xexa2gll6hf6okdatgrxiwhcjs2uepc7/spack-src/src/H5Dcontig.c line 1281 in H5D__contig_writevv(): can't perform vectorized sieve buffer write
    major: Dataset
    minor: Can't operate on object
  #006: /scratch/spack_cpu/job_21700923/spack-stage/spack-stage-hdf5-1.10.7-xexa2gll6hf6okdatgrxiwhcjs2uepc7/spack-src/src/H5VM.c line 1464 in H5VM_opvv(): can't perform operation
    major: Internal error (too specific to document in detail)
    minor: Can't operate on object
  #007: /scratch/spack_cpu/job_21700923/spack-stage/spack-stage-hdf5-1.10.7-xexa2gll6hf6okdatgrxiwhcjs2uepc7/spack-src/src/H5Dcontig.c line 1029 in H5D__contig_writevv_sieve_cb(): block write failed
    major: Dataset
    minor: Write failed
  #008: /scratch/spack_cpu/job_21700923/spack-stage/spack-stage-hdf5-1.10.7-xexa2gll6hf6okdatgrxiwhcjs2uepc7/spack-src/src/H5Fio.c line 161 in H5F_block_write(): write through page buffer failed
    major: Low-level I/O
    minor: Write failed
  #009: /scratch/spack_cpu/job_21700923/spack-stage/spack-stage-hdf5-1.10.7-xexa2gll6hf6okdatgrxiwhcjs2uepc7/spack-src/src/H5PB.c line 1032 in H5PB_write(): write through metadata accumulator failed
    major: Page Buffering
    minor: Write failed
  #010: /scratch/spack_cpu/job_21700923/spack-stage/spack-stage-hdf5-1.10.7-xexa2gll6hf6okdatgrxiwhcjs2uepc7/spack-src/src/H5Faccum.c line 824 in H5F__accum_write(): file write failed
    major: Low-level I/O
    minor: Write failed
  #011: /scratch/spack_cpu/job_21700923/spack-stage/spack-stage-hdf5-1.10.7-xexa2gll6hf6okdatgrxiwhcjs2uepc7/spack-src/src/H5FDint.c line 249 in H5FD_write(): driver write request failed
    major: Virtual File Layer
    minor: Write failed
  #012: /scratch/spack_cpu/job_21700923/spack-stage/spack-stage-hdf5-1.10.7-xexa2gll6hf6okdatgrxiwhcjs2uepc7/spack-src/src/H5FDsec2.c line 856 in H5FD__sec2_write(): file write failed: time = Wed Nov 19 14:12:09 2025
, filename = 'checkpoint.h5', file descriptor = 5, errno = 14, error message = 'Bad address', buf = 0x1555537c4000, total write size = 15969552, bytes this sub-write = 15969552, bytes actually written = 18446744073709551615, offset = 0
    major: Low-level I/O
    minor: Write failed
HDF5-DIAG: Error detected in HDF5 (1.10.7) thread 0:
  #000: /scratch/spack_cpu/job_21700923/spack-stage/spack-stage-hdf5-1.10.7-xexa2gll6hf6okdatgrxiwhcjs2uepc7/spack-src/src/H5Dio.c line 335 in H5Dwrite(): can't write data
    major: Dataset
    minor: Write failed
  #001: /scratch/spack_cpu/job_21700923/spack-stage/spack-stage-hdf5-1.10.7-xexa2gll6hf6okdatgrxiwhcjs2uepc7/spack-src/src/H5Dio.c line 813 in H5D__write(): can't write data
    major: Dataset
    minor: Write failed
  #002: /scratch/spack_cpu/job_21700923/spack-stage/spack-stage-hdf5-1.10.7-xexa2gll6hf6okdatgrxiwhcjs2uepc7/spack-src/src/H5Dcontig.c line 659 in H5D__contig_write(): contiguous write failed
    major: Dataset
    minor: Write failed
  #003: /scratch/spack_cpu/job_21700923/spack-stage/spack-stage-hdf5-1.10.7-xexa2gll6hf6okdatgrxiwhcjs2uepc7/spack-src/src/H5Dselect.c line 321 in H5D__select_write(): write error
    major: Dataspace
    minor: Write failed
  #004: /scratch/spack_cpu/job_21700923/spack-stage/spack-stage-hdf5-1.10.7-xexa2gll6hf6okdatgrxiwhcjs2uepc7/spack-src/src/H5Dselect.c line 230 in H5D__select_io(): write error
    major: Dataspace
    minor: Write failed
  #005: /scratch/spack_cpu/job_21700923/spack-stage/spack-stage-hdf5-1.10.7-xexa2gll6hf6okdatgrxiwhcjs2uepc7/spack-src/src/H5Dcontig.c line 1281 in H5D__contig_writevv(): can't perform vectorized sieve buffer write
    major: Dataset
    minor: Can't operate on object
  #006: /scratch/spack_cpu/job_21700923/spack-stage/spack-stage-hdf5-1.10.7-xexa2gll6hf6okdatgrxiwhcjs2uepc7/spack-src/src/H5VM.c line 1464 in H5VM_opvv(): can't perform operation
    major: Internal error (too specific to document in detail)
    minor: Can't operate on object
  #007: /scratch/spack_cpu/job_21700923/spack-stage/spack-stage-hdf5-1.10.7-xexa2gll6hf6okdatgrxiwhcjs2uepc7/spack-src/src/H5Dcontig.c line 1029 in H5D__contig_writevv_sieve_cb(): block write failed
    major: Dataset
    minor: Write failed
  #008: /scratch/spack_cpu/job_21700923/spack-stage/spack-stage-hdf5-1.10.7-xexa2gll6hf6okdatgrxiwhcjs2uepc7/spack-src/src/H5Fio.c line 161 in H5F_block_write(): write through page buffer failed
    major: Low-level I/O
    minor: Write failed
  #009: /scratch/spack_cpu/job_21700923/spack-stage/spack-stage-hdf5-1.10.7-xexa2gll6hf6okdatgrxiwhcjs2uepc7/spack-src/src/H5PB.c line 1032 in H5PB_write(): write through metadata accumulator failed
    major: Page Buffering
    minor: Write failed
  #010: /scratch/spack_cpu/job_21700923/spack-stage/spack-stage-hdf5-1.10.7-xexa2gll6hf6okdatgrxiwhcjs2uepc7/spack-src/src/H5Faccum.c line 824 in H5F__accum_write(): file write failed
    major: Low-level I/O
    minor: Write failed
  #011: /scratch/spack_cpu/job_21700923/spack-stage/spack-stage-hdf5-1.10.7-xexa2gll6hf6okdatgrxiwhcjs2uepc7/spack-src/src/H5FDint.c line 249 in H5FD_write(): driver write request failed
    major: Virtual File Layer
    minor: Write failed
  #012: /scratch/spack_cpu/job_21700923/spack-stage/spack-stage-hdf5-1.10.7-xexa2gll6hf6okdatgrxiwhcjs2uepc7/spack-src/src/H5FDsec2.c line 856 in H5FD__sec2_write(): file write failed: time = Wed Nov 19 14:13:57 2025
, filename = 'checkpoint.h5', file descriptor = 5, errno = 14, error message = 'Bad address', buf = 0x1555537c4000, total write size = 15969552, bytes this sub-write = 15969552, bytes actually written = 18446744073709551615, offset = 0
    major: Low-level I/O
    minor: Write failed
HDF5-DIAG: Error detected in HDF5 (1.10.7) thread 0:
  #000: /scratch/spack_cpu/job_21700923/spack-stage/spack-stage-hdf5-1.10.7-xexa2gll6hf6okdatgrxiwhcjs2uepc7/spack-src/src/H5Dio.c line 335 in H5Dwrite(): can't write data
    major: Dataset
    minor: Write failed
  #001: /scratch/spack_cpu/job_21700923/spack-stage/spack-stage-hdf5-1.10.7-xexa2gll6hf6okdatgrxiwhcjs2uepc7/spack-src/src/H5Dio.c line 813 in H5D__write(): can't write data
    major: Dataset
    minor: Write failed
  #002: /scratch/spack_cpu/job_21700923/spack-stage/spack-stage-hdf5-1.10.7-xexa2gll6hf6okdatgrxiwhcjs2uepc7/spack-src/src/H5Dcontig.c line 659 in H5D__contig_write(): contiguous write failed
    major: Dataset
    minor: Write failed
  #003: /scratch/spack_cpu/job_21700923/spack-stage/spack-stage-hdf5-1.10.7-xexa2gll6hf6okdatgrxiwhcjs2uepc7/spack-src/src/H5Dselect.c line 321 in H5D__select_write(): write error
    major: Dataspace
    minor: Write failed
  #004: /scratch/spack_cpu/job_21700923/spack-stage/spack-stage-hdf5-1.10.7-xexa2gll6hf6okdatgrxiwhcjs2uepc7/spack-src/src/H5Dselect.c line 230 in H5D__select_io(): write error
    major: Dataspace
    minor: Write failed
  #005: /scratch/spack_cpu/job_21700923/spack-stage/spack-stage-hdf5-1.10.7-xexa2gll6hf6okdatgrxiwhcjs2uepc7/spack-src/src/H5Dcontig.c line 1281 in H5D__contig_writevv(): can't perform vectorized sieve buffer write
    major: Dataset
    minor: Can't operate on object
  #006: /scratch/spack_cpu/job_21700923/spack-stage/spack-stage-hdf5-1.10.7-xexa2gll6hf6okdatgrxiwhcjs2uepc7/spack-src/src/H5VM.c line 1464 in H5VM_opvv(): can't perform operation
    major: Internal error (too specific to document in detail)
    minor: Can't operate on object
  #007: /scratch/spack_cpu/job_21700923/spack-stage/spack-stage-hdf5-1.10.7-xexa2gll6hf6okdatgrxiwhcjs2uepc7/spack-src/src/H5Dcontig.c line 1029 in H5D__contig_writevv_sieve_cb(): block write failed
    major: Dataset
    minor: Write failed
  #008: /scratch/spack_cpu/job_21700923/spack-stage/spack-stage-hdf5-1.10.7-xexa2gll6hf6okdatgrxiwhcjs2uepc7/spack-src/src/H5Fio.c line 161 in H5F_block_write(): write through page buffer failed
    major: Low-level I/O
    minor: Write failed
  #009: /scratch/spack_cpu/job_21700923/spack-stage/spack-stage-hdf5-1.10.7-xexa2gll6hf6okdatgrxiwhcjs2uepc7/spack-src/src/H5PB.c line 1032 in H5PB_write(): write through metadata accumulator failed
    major: Page Buffering
    minor: Write failed
  #010: /scratch/spack_cpu/job_21700923/spack-stage/spack-stage-hdf5-1.10.7-xexa2gll6hf6okdatgrxiwhcjs2uepc7/spack-src/src/H5Faccum.c line 824 in H5F__accum_write(): file write failed
    major: Low-level I/O
    minor: Write failed
  #011: /scratch/spack_cpu/job_21700923/spack-stage/spack-stage-hdf5-1.10.7-xexa2gll6hf6okdatgrxiwhcjs2uepc7/spack-src/src/H5FDint.c line 249 in H5FD_write(): driver write request failed
    major: Virtual File Layer
    minor: Write failed
  #012: /scratch/spack_cpu/job_21700923/spack-stage/spack-stage-hdf5-1.10.7-xexa2gll6hf6okdatgrxiwhcjs2uepc7/spack-src/src/H5FDsec2.c line 856 in H5FD__sec2_write(): file write failed: time = Wed Nov 19 14:15:44 2025
, filename = 'checkpoint.h5', file descriptor = 5, errno = 14, error message = 'Bad address', buf = 0x1555537c4000, total write size = 15969552, bytes this sub-write = 15969552, bytes actually written = 18446744073709551615, offset = 0
    major: Low-level I/O
    minor: Write failed
HDF5-DIAG: Error detected in HDF5 (1.10.7) thread 0:
  #000: /scratch/spack_cpu/job_21700923/spack-stage/spack-stage-hdf5-1.10.7-xexa2gll6hf6okdatgrxiwhcjs2uepc7/spack-src/src/H5Dio.c line 335 in H5Dwrite(): can't write data
    major: Dataset
    minor: Write failed
  #001: /scratch/spack_cpu/job_21700923/spack-stage/spack-stage-hdf5-1.10.7-xexa2gll6hf6okdatgrxiwhcjs2uepc7/spack-src/src/H5Dio.c line 813 in H5D__write(): can't write data
    major: Dataset
    minor: Write failed
  #002: /scratch/spack_cpu/job_21700923/spack-stage/spack-stage-hdf5-1.10.7-xexa2gll6hf6okdatgrxiwhcjs2uepc7/spack-src/src/H5Dcontig.c line 659 in H5D__contig_write(): contiguous write failed
    major: Dataset
    minor: Write failed
  #003: /scratch/spack_cpu/job_21700923/spack-stage/spack-stage-hdf5-1.10.7-xexa2gll6hf6okdatgrxiwhcjs2uepc7/spack-src/src/H5Dselect.c line 321 in H5D__select_write(): write error
    major: Dataspace
    minor: Write failed
  #004: /scratch/spack_cpu/job_21700923/spack-stage/spack-stage-hdf5-1.10.7-xexa2gll6hf6okdatgrxiwhcjs2uepc7/spack-src/src/H5Dselect.c line 230 in H5D__select_io(): write error
    major: Dataspace
    minor: Write failed
  #005: /scratch/spack_cpu/job_21700923/spack-stage/spack-stage-hdf5-1.10.7-xexa2gll6hf6okdatgrxiwhcjs2uepc7/spack-src/src/H5Dcontig.c line 1281 in H5D__contig_writevv(): can't perform vectorized sieve buffer write
    major: Dataset
    minor: Can't operate on object
  #006: /scratch/spack_cpu/job_21700923/spack-stage/spack-stage-hdf5-1.10.7-xexa2gll6hf6okdatgrxiwhcjs2uepc7/spack-src/src/H5VM.c line 1464 in H5VM_opvv(): can't perform operation
    major: Internal error (too specific to document in detail)
    minor: Can't operate on object
  #007: /scratch/spack_cpu/job_21700923/spack-stage/spack-stage-hdf5-1.10.7-xexa2gll6hf6okdatgrxiwhcjs2uepc7/spack-src/src/H5Dcontig.c line 1029 in H5D__contig_writevv_sieve_cb(): block write failed
    major: Dataset
    minor: Write failed
  #008: /scratch/spack_cpu/job_21700923/spack-stage/spack-stage-hdf5-1.10.7-xexa2gll6hf6okdatgrxiwhcjs2uepc7/spack-src/src/H5Fio.c line 161 in H5F_block_write(): write through page buffer failed
    major: Low-level I/O
    minor: Write failed
  #009: /scratch/spack_cpu/job_21700923/spack-stage/spack-stage-hdf5-1.10.7-xexa2gll6hf6okdatgrxiwhcjs2uepc7/spack-src/src/H5PB.c line 1032 in H5PB_write(): write through metadata accumulator failed
    major: Page Buffering
    minor: Write failed
  #010: /scratch/spack_cpu/job_21700923/spack-stage/spack-stage-hdf5-1.10.7-xexa2gll6hf6okdatgrxiwhcjs2uepc7/spack-src/src/H5Faccum.c line 824 in H5F__accum_write(): file write failed
    major: Low-level I/O
    minor: Write failed
  #011: /scratch/spack_cpu/job_21700923/spack-stage/spack-stage-hdf5-1.10.7-xexa2gll6hf6okdatgrxiwhcjs2uepc7/spack-src/src/H5FDint.c line 249 in H5FD_write(): driver write request failed
    major: Virtual File Layer
    minor: Write failed
  #012: /scratch/spack_cpu/job_21700923/spack-stage/spack-stage-hdf5-1.10.7-xexa2gll6hf6okdatgrxiwhcjs2uepc7/spack-src/src/H5FDsec2.c line 856 in H5FD__sec2_write(): file write failed: time = Wed Nov 19 14:17:35 2025
, filename = 'checkpoint.h5', file descriptor = 5, errno = 14, error message = 'Bad address', buf = 0x1555537c4000, total write size = 15969552, bytes this sub-write = 15969552, bytes actually written = 18446744073709551615, offset = 0
    major: Low-level I/O
    minor: Write failed
HDF5-DIAG: Error detected in HDF5 (1.10.7) thread 0:
  #000: /scratch/spack_cpu/job_21700923/spack-stage/spack-stage-hdf5-1.10.7-xexa2gll6hf6okdatgrxiwhcjs2uepc7/spack-src/src/H5Dio.c line 335 in H5Dwrite(): can't write data
    major: Dataset
    minor: Write failed
  #001: /scratch/spack_cpu/job_21700923/spack-stage/spack-stage-hdf5-1.10.7-xexa2gll6hf6okdatgrxiwhcjs2uepc7/spack-src/src/H5Dio.c line 813 in H5D__write(): can't write data
    major: Dataset
    minor: Write failed
  #002: /scratch/spack_cpu/job_21700923/spack-stage/spack-stage-hdf5-1.10.7-xexa2gll6hf6okdatgrxiwhcjs2uepc7/spack-src/src/H5Dcontig.c line 659 in H5D__contig_write(): contiguous write failed
    major: Dataset
    minor: Write failed
  #003: /scratch/spack_cpu/job_21700923/spack-stage/spack-stage-hdf5-1.10.7-xexa2gll6hf6okdatgrxiwhcjs2uepc7/spack-src/src/H5Dselect.c line 321 in H5D__select_write(): write error
    major: Dataspace
    minor: Write failed
  #004: /scratch/spack_cpu/job_21700923/spack-stage/spack-stage-hdf5-1.10.7-xexa2gll6hf6okdatgrxiwhcjs2uepc7/spack-src/src/H5Dselect.c line 230 in H5D__select_io(): write error
    major: Dataspace
    minor: Write failed
  #005: /scratch/spack_cpu/job_21700923/spack-stage/spack-stage-hdf5-1.10.7-xexa2gll6hf6okdatgrxiwhcjs2uepc7/spack-src/src/H5Dcontig.c line 1281 in H5D__contig_writevv(): can't perform vectorized sieve buffer write
    major: Dataset
    minor: Can't operate on object
  #006: /scratch/spack_cpu/job_21700923/spack-stage/spack-stage-hdf5-1.10.7-xexa2gll6hf6okdatgrxiwhcjs2uepc7/spack-src/src/H5VM.c line 1464 in H5VM_opvv(): can't perform operation
    major: Internal error (too specific to document in detail)
    minor: Can't operate on object
  #007: /scratch/spack_cpu/job_21700923/spack-stage/spack-stage-hdf5-1.10.7-xexa2gll6hf6okdatgrxiwhcjs2uepc7/spack-src/src/H5Dcontig.c line 1029 in H5D__contig_writevv_sieve_cb(): block write failed
    major: Dataset
    minor: Write failed
  #008: /scratch/spack_cpu/job_21700923/spack-stage/spack-stage-hdf5-1.10.7-xexa2gll6hf6okdatgrxiwhcjs2uepc7/spack-src/src/H5Fio.c line 161 in H5F_block_write(): write through page buffer failed
    major: Low-level I/O
    minor: Write failed
  #009: /scratch/spack_cpu/job_21700923/spack-stage/spack-stage-hdf5-1.10.7-xexa2gll6hf6okdatgrxiwhcjs2uepc7/spack-src/src/H5PB.c line 1032 in H5PB_write(): write through metadata accumulator failed
    major: Page Buffering
    minor: Write failed
  #010: /scratch/spack_cpu/job_21700923/spack-stage/spack-stage-hdf5-1.10.7-xexa2gll6hf6okdatgrxiwhcjs2uepc7/spack-src/src/H5Faccum.c line 824 in H5F__accum_write(): file write failed
    major: Low-level I/O
    minor: Write failed
  #011: /scratch/spack_cpu/job_21700923/spack-stage/spack-stage-hdf5-1.10.7-xexa2gll6hf6okdatgrxiwhcjs2uepc7/spack-src/src/H5FDint.c line 249 in H5FD_write(): driver write request failed
    major: Virtual File Layer
    minor: Write failed
  #012: /scratch/spack_cpu/job_21700923/spack-stage/spack-stage-hdf5-1.10.7-xexa2gll6hf6okdatgrxiwhcjs2uepc7/spack-src/src/H5FDsec2.c line 856 in H5FD__sec2_write(): file write failed: time = Wed Nov 19 14:19:22 2025
, filename = 'checkpoint.h5', file descriptor = 5, errno = 14, error message = 'Bad address', buf = 0x1555537c4000, total write size = 15969552, bytes this sub-write = 15969552, bytes actually written = 18446744073709551615, offset = 0
    major: Low-level I/O
    minor: Write failed
HDF5-DIAG: Error detected in HDF5 (1.10.7) thread 0:
  #000: /scratch/spack_cpu/job_21700923/spack-stage/spack-stage-hdf5-1.10.7-xexa2gll6hf6okdatgrxiwhcjs2uepc7/spack-src/src/H5Dio.c line 335 in H5Dwrite(): can't write data
    major: Dataset
    minor: Write failed
  #001: /scratch/spack_cpu/job_21700923/spack-stage/spack-stage-hdf5-1.10.7-xexa2gll6hf6okdatgrxiwhcjs2uepc7/spack-src/src/H5Dio.c line 813 in H5D__write(): can't write data
    major: Dataset
    minor: Write failed
  #002: /scratch/spack_cpu/job_21700923/spack-stage/spack-stage-hdf5-1.10.7-xexa2gll6hf6okdatgrxiwhcjs2uepc7/spack-src/src/H5Dcontig.c line 659 in H5D__contig_write(): contiguous write failed
    major: Dataset
    minor: Write failed
  #003: /scratch/spack_cpu/job_21700923/spack-stage/spack-stage-hdf5-1.10.7-xexa2gll6hf6okdatgrxiwhcjs2uepc7/spack-src/src/H5Dselect.c line 321 in H5D__select_write(): write error
    major: Dataspace
    minor: Write failed
  #004: /scratch/spack_cpu/job_21700923/spack-stage/spack-stage-hdf5-1.10.7-xexa2gll6hf6okdatgrxiwhcjs2uepc7/spack-src/src/H5Dselect.c line 230 in H5D__select_io(): write error
    major: Dataspace
    minor: Write failed
  #005: /scratch/spack_cpu/job_21700923/spack-stage/spack-stage-hdf5-1.10.7-xexa2gll6hf6okdatgrxiwhcjs2uepc7/spack-src/src/H5Dcontig.c line 1281 in H5D__contig_writevv(): can't perform vectorized sieve buffer write
    major: Dataset
    minor: Can't operate on object
  #006: /scratch/spack_cpu/job_21700923/spack-stage/spack-stage-hdf5-1.10.7-xexa2gll6hf6okdatgrxiwhcjs2uepc7/spack-src/src/H5VM.c line 1464 in H5VM_opvv(): can't perform operation
    major: Internal error (too specific to document in detail)
    minor: Can't operate on object
  #007: /scratch/spack_cpu/job_21700923/spack-stage/spack-stage-hdf5-1.10.7-xexa2gll6hf6okdatgrxiwhcjs2uepc7/spack-src/src/H5Dcontig.c line 1029 in H5D__contig_writevv_sieve_cb(): block write failed
    major: Dataset
    minor: Write failed
  #008: /scratch/spack_cpu/job_21700923/spack-stage/spack-stage-hdf5-1.10.7-xexa2gll6hf6okdatgrxiwhcjs2uepc7/spack-src/src/H5Fio.c line 161 in H5F_block_write(): write through page buffer failed
    major: Low-level I/O
    minor: Write failed
  #009: /scratch/spack_cpu/job_21700923/spack-stage/spack-stage-hdf5-1.10.7-xexa2gll6hf6okdatgrxiwhcjs2uepc7/spack-src/src/H5PB.c line 1032 in H5PB_write(): write through metadata accumulator failed
    major: Page Buffering
    minor: Write failed
  #010: /scratch/spack_cpu/job_21700923/spack-stage/spack-stage-hdf5-1.10.7-xexa2gll6hf6okdatgrxiwhcjs2uepc7/spack-src/src/H5Faccum.c line 824 in H5F__accum_write(): file write failed
    major: Low-level I/O
    minor: Write failed
  #011: /scratch/spack_cpu/job_21700923/spack-stage/spack-stage-hdf5-1.10.7-xexa2gll6hf6okdatgrxiwhcjs2uepc7/spack-src/src/H5FDint.c line 249 in H5FD_write(): driver write request failed
    major: Virtual File Layer
    minor: Write failed
  #012: /scratch/spack_cpu/job_21700923/spack-stage/spack-stage-hdf5-1.10.7-xexa2gll6hf6okdatgrxiwhcjs2uepc7/spack-src/src/H5FDsec2.c line 856 in H5FD__sec2_write(): file write failed: time = Wed Nov 19 14:21:10 2025
, filename = 'checkpoint.h5', file descriptor = 5, errno = 14, error message = 'Bad address', buf = 0x1555537c4000, total write size = 15969552, bytes this sub-write = 15969552, bytes actually written = 18446744073709551615, offset = 0
    major: Low-level I/O
    minor: Write failed
Simulation time: 372.5 min
