Resetting modules to system default. Reseting $MODULEPATH back to system default. All extra directories will be removed from $MODULEPATH.
Total Mass: 5.94961e+10
Boyd ZL0: 224.971
kI: 5.4137e-07
kD: 831.352
kT: 1e+09
HDF5-DIAG: Error detected in HDF5 (1.10.7) thread 0:
  #000: /scratch/spack_cpu/job_21700923/spack-stage/spack-stage-hdf5-1.10.7-xexa2gll6hf6okdatgrxiwhcjs2uepc7/spack-src/src/H5Dio.c line 335 in H5Dwrite(): can't write data
    major: Dataset
    minor: Write failed
  #001: /scratch/spack_cpu/job_21700923/spack-stage/spack-stage-hdf5-1.10.7-xexa2gll6hf6okdatgrxiwhcjs2uepc7/spack-src/src/H5Dio.c line 813 in H5D__write(): can't write data
    major: Dataset
    minor: Write failed
  #002: /scratch/spack_cpu/job_21700923/spack-stage/spack-stage-hdf5-1.10.7-xexa2gll6hf6okdatgrxiwhcjs2uepc7/spack-src/src/H5Dcontig.c line 659 in H5D__contig_write(): contiguous write failed
    major: Dataset
    minor: Write failed
  #003: /scratch/spack_cpu/job_21700923/spack-stage/spack-stage-hdf5-1.10.7-xexa2gll6hf6okdatgrxiwhcjs2uepc7/spack-src/src/H5Dselect.c line 321 in H5D__select_write(): write error
    major: Dataspace
    minor: Write failed
  #004: /scratch/spack_cpu/job_21700923/spack-stage/spack-stage-hdf5-1.10.7-xexa2gll6hf6okdatgrxiwhcjs2uepc7/spack-src/src/H5Dselect.c line 230 in H5D__select_io(): write error
    major: Dataspace
    minor: Write failed
  #005: /scratch/spack_cpu/job_21700923/spack-stage/spack-stage-hdf5-1.10.7-xexa2gll6hf6okdatgrxiwhcjs2uepc7/spack-src/src/H5Dcontig.c line 1281 in H5D__contig_writevv(): can't perform vectorized sieve buffer write
    major: Dataset
    minor: Can't operate on object
  #006: /scratch/spack_cpu/job_21700923/spack-stage/spack-stage-hdf5-1.10.7-xexa2gll6hf6okdatgrxiwhcjs2uepc7/spack-src/src/H5VM.c line 1464 in H5VM_opvv(): can't perform operation
    major: Internal error (too specific to document in detail)
    minor: Can't operate on object
  #007: /scratch/spack_cpu/job_21700923/spack-stage/spack-stage-hdf5-1.10.7-xexa2gll6hf6okdatgrxiwhcjs2uepc7/spack-src/src/H5Dcontig.c line 1029 in H5D__contig_writevv_sieve_cb(): block write failed
    major: Dataset
    minor: Write failed
  #008: /scratch/spack_cpu/job_21700923/spack-stage/spack-stage-hdf5-1.10.7-xexa2gll6hf6okdatgrxiwhcjs2uepc7/spack-src/src/H5Fio.c line 161 in H5F_block_write(): write through page buffer failed
    major: Low-level I/O
    minor: Write failed
  #009: /scratch/spack_cpu/job_21700923/spack-stage/spack-stage-hdf5-1.10.7-xexa2gll6hf6okdatgrxiwhcjs2uepc7/spack-src/src/H5PB.c line 1032 in H5PB_write(): write through metadata accumulator failed
    major: Page Buffering
    minor: Write failed
  #010: /scratch/spack_cpu/job_21700923/spack-stage/spack-stage-hdf5-1.10.7-xexa2gll6hf6okdatgrxiwhcjs2uepc7/spack-src/src/H5Faccum.c line 824 in H5F__accum_write(): file write failed
    major: Low-level I/O
    minor: Write failed
  #011: /scratch/spack_cpu/job_21700923/spack-stage/spack-stage-hdf5-1.10.7-xexa2gll6hf6okdatgrxiwhcjs2uepc7/spack-src/src/H5FDint.c line 249 in H5FD_write(): driver write request failed
    major: Virtual File Layer
    minor: Write failed
  #012: /scratch/spack_cpu/job_21700923/spack-stage/spack-stage-hdf5-1.10.7-xexa2gll6hf6okdatgrxiwhcjs2uepc7/spack-src/src/H5FDsec2.c line 856 in H5FD__sec2_write(): file write failed: time = Wed Nov 19 08:08:43 2025
, filename = 'checkpoint.h5', file descriptor = 5, errno = 14, error message = 'Bad address', buf = 0x1555537c4000, total write size = 15969552, bytes this sub-write = 15969552, bytes actually written = 18446744073709551615, offset = 0
    major: Low-level I/O
    minor: Write failed
HDF5-DIAG: Error detected in HDF5 (1.10.7) thread 0:
  #000: /scratch/spack_cpu/job_21700923/spack-stage/spack-stage-hdf5-1.10.7-xexa2gll6hf6okdatgrxiwhcjs2uepc7/spack-src/src/H5Dio.c line 335 in H5Dwrite(): can't write data
    major: Dataset
    minor: Write failed
  #001: /scratch/spack_cpu/job_21700923/spack-stage/spack-stage-hdf5-1.10.7-xexa2gll6hf6okdatgrxiwhcjs2uepc7/spack-src/src/H5Dio.c line 813 in H5D__write(): can't write data
    major: Dataset
    minor: Write failed
  #002: /scratch/spack_cpu/job_21700923/spack-stage/spack-stage-hdf5-1.10.7-xexa2gll6hf6okdatgrxiwhcjs2uepc7/spack-src/src/H5Dcontig.c line 659 in H5D__contig_write(): contiguous write failed
    major: Dataset
    minor: Write failed
  #003: /scratch/spack_cpu/job_21700923/spack-stage/spack-stage-hdf5-1.10.7-xexa2gll6hf6okdatgrxiwhcjs2uepc7/spack-src/src/H5Dselect.c line 321 in H5D__select_write(): write error
    major: Dataspace
    minor: Write failed
  #004: /scratch/spack_cpu/job_21700923/spack-stage/spack-stage-hdf5-1.10.7-xexa2gll6hf6okdatgrxiwhcjs2uepc7/spack-src/src/H5Dselect.c line 230 in H5D__select_io(): write error
    major: Dataspace
    minor: Write failed
  #005: /scratch/spack_cpu/job_21700923/spack-stage/spack-stage-hdf5-1.10.7-xexa2gll6hf6okdatgrxiwhcjs2uepc7/spack-src/src/H5Dcontig.c line 1281 in H5D__contig_writevv(): can't perform vectorized sieve buffer write
    major: Dataset
    minor: Can't operate on object
  #006: /scratch/spack_cpu/job_21700923/spack-stage/spack-stage-hdf5-1.10.7-xexa2gll6hf6okdatgrxiwhcjs2uepc7/spack-src/src/H5VM.c line 1464 in H5VM_opvv(): can't perform operation
    major: Internal error (too specific to document in detail)
    minor: Can't operate on object
  #007: /scratch/spack_cpu/job_21700923/spack-stage/spack-stage-hdf5-1.10.7-xexa2gll6hf6okdatgrxiwhcjs2uepc7/spack-src/src/H5Dcontig.c line 1029 in H5D__contig_writevv_sieve_cb(): block write failed
    major: Dataset
    minor: Write failed
  #008: /scratch/spack_cpu/job_21700923/spack-stage/spack-stage-hdf5-1.10.7-xexa2gll6hf6okdatgrxiwhcjs2uepc7/spack-src/src/H5Fio.c line 161 in H5F_block_write(): write through page buffer failed
    major: Low-level I/O
    minor: Write failed
  #009: /scratch/spack_cpu/job_21700923/spack-stage/spack-stage-hdf5-1.10.7-xexa2gll6hf6okdatgrxiwhcjs2uepc7/spack-src/src/H5PB.c line 1032 in H5PB_write(): write through metadata accumulator failed
    major: Page Buffering
    minor: Write failed
  #010: /scratch/spack_cpu/job_21700923/spack-stage/spack-stage-hdf5-1.10.7-xexa2gll6hf6okdatgrxiwhcjs2uepc7/spack-src/src/H5Faccum.c line 824 in H5F__accum_write(): file write failed
    major: Low-level I/O
    minor: Write failed
  #011: /scratch/spack_cpu/job_21700923/spack-stage/spack-stage-hdf5-1.10.7-xexa2gll6hf6okdatgrxiwhcjs2uepc7/spack-src/src/H5FDint.c line 249 in H5FD_write(): driver write request failed
    major: Virtual File Layer
    minor: Write failed
  #012: /scratch/spack_cpu/job_21700923/spack-stage/spack-stage-hdf5-1.10.7-xexa2gll6hf6okdatgrxiwhcjs2uepc7/spack-src/src/H5FDsec2.c line 856 in H5FD__sec2_write(): file write failed: time = Wed Nov 19 08:09:01 2025
, filename = 'checkpoint.h5', file descriptor = 5, errno = 14, error message = 'Bad address', buf = 0x1555537c4000, total write size = 15969552, bytes this sub-write = 15969552, bytes actually written = 18446744073709551615, offset = 0
    major: Low-level I/O
    minor: Write failed
HDF5-DIAG: Error detected in HDF5 (1.10.7) thread 0:
  #000: /scratch/spack_cpu/job_21700923/spack-stage/spack-stage-hdf5-1.10.7-xexa2gll6hf6okdatgrxiwhcjs2uepc7/spack-src/src/H5Dio.c line 335 in H5Dwrite(): can't write data
    major: Dataset
    minor: Write failed
  #001: /scratch/spack_cpu/job_21700923/spack-stage/spack-stage-hdf5-1.10.7-xexa2gll6hf6okdatgrxiwhcjs2uepc7/spack-src/src/H5Dio.c line 813 in H5D__write(): can't write data
    major: Dataset
    minor: Write failed
  #002: /scratch/spack_cpu/job_21700923/spack-stage/spack-stage-hdf5-1.10.7-xexa2gll6hf6okdatgrxiwhcjs2uepc7/spack-src/src/H5Dcontig.c line 659 in H5D__contig_write(): contiguous write failed
    major: Dataset
    minor: Write failed
  #003: /scratch/spack_cpu/job_21700923/spack-stage/spack-stage-hdf5-1.10.7-xexa2gll6hf6okdatgrxiwhcjs2uepc7/spack-src/src/H5Dselect.c line 321 in H5D__select_write(): write error
    major: Dataspace
    minor: Write failed
  #004: /scratch/spack_cpu/job_21700923/spack-stage/spack-stage-hdf5-1.10.7-xexa2gll6hf6okdatgrxiwhcjs2uepc7/spack-src/src/H5Dselect.c line 230 in H5D__select_io(): write error
    major: Dataspace
    minor: Write failed
  #005: /scratch/spack_cpu/job_21700923/spack-stage/spack-stage-hdf5-1.10.7-xexa2gll6hf6okdatgrxiwhcjs2uepc7/spack-src/src/H5Dcontig.c line 1281 in H5D__contig_writevv(): can't perform vectorized sieve buffer write
    major: Dataset
    minor: Can't operate on object
  #006: /scratch/spack_cpu/job_21700923/spack-stage/spack-stage-hdf5-1.10.7-xexa2gll6hf6okdatgrxiwhcjs2uepc7/spack-src/src/H5VM.c line 1464 in H5VM_opvv(): can't perform operation
    major: Internal error (too specific to document in detail)
    minor: Can't operate on object
  #007: /scratch/spack_cpu/job_21700923/spack-stage/spack-stage-hdf5-1.10.7-xexa2gll6hf6okdatgrxiwhcjs2uepc7/spack-src/src/H5Dcontig.c line 1029 in H5D__contig_writevv_sieve_cb(): block write failed
    major: Dataset
    minor: Write failed
  #008: /scratch/spack_cpu/job_21700923/spack-stage/spack-stage-hdf5-1.10.7-xexa2gll6hf6okdatgrxiwhcjs2uepc7/spack-src/src/H5Fio.c line 161 in H5F_block_write(): write through page buffer failed
    major: Low-level I/O
    minor: Write failed
  #009: /scratch/spack_cpu/job_21700923/spack-stage/spack-stage-hdf5-1.10.7-xexa2gll6hf6okdatgrxiwhcjs2uepc7/spack-src/src/H5PB.c line 1032 in H5PB_write(): write through metadata accumulator failed
    major: Page Buffering
    minor: Write failed
  #010: /scratch/spack_cpu/job_21700923/spack-stage/spack-stage-hdf5-1.10.7-xexa2gll6hf6okdatgrxiwhcjs2uepc7/spack-src/src/H5Faccum.c line 824 in H5F__accum_write(): file write failed
    major: Low-level I/O
    minor: Write failed
  #011: /scratch/spack_cpu/job_21700923/spack-stage/spack-stage-hdf5-1.10.7-xexa2gll6hf6okdatgrxiwhcjs2uepc7/spack-src/src/H5FDint.c line 249 in H5FD_write(): driver write request failed
    major: Virtual File Layer
    minor: Write failed
  #012: /scratch/spack_cpu/job_21700923/spack-stage/spack-stage-hdf5-1.10.7-xexa2gll6hf6okdatgrxiwhcjs2uepc7/spack-src/src/H5FDsec2.c line 856 in H5FD__sec2_write(): file write failed: time = Wed Nov 19 08:09:18 2025
, filename = 'checkpoint.h5', file descriptor = 5, errno = 14, error message = 'Bad address', buf = 0x1555537c4000, total write size = 15969552, bytes this sub-write = 15969552, bytes actually written = 18446744073709551615, offset = 0
    major: Low-level I/O
    minor: Write failed
HDF5-DIAG: Error detected in HDF5 (1.10.7) thread 0:
  #000: /scratch/spack_cpu/job_21700923/spack-stage/spack-stage-hdf5-1.10.7-xexa2gll6hf6okdatgrxiwhcjs2uepc7/spack-src/src/H5Dio.c line 335 in H5Dwrite(): can't write data
    major: Dataset
    minor: Write failed
  #001: /scratch/spack_cpu/job_21700923/spack-stage/spack-stage-hdf5-1.10.7-xexa2gll6hf6okdatgrxiwhcjs2uepc7/spack-src/src/H5Dio.c line 813 in H5D__write(): can't write data
    major: Dataset
    minor: Write failed
  #002: /scratch/spack_cpu/job_21700923/spack-stage/spack-stage-hdf5-1.10.7-xexa2gll6hf6okdatgrxiwhcjs2uepc7/spack-src/src/H5Dcontig.c line 659 in H5D__contig_write(): contiguous write failed
    major: Dataset
    minor: Write failed
  #003: /scratch/spack_cpu/job_21700923/spack-stage/spack-stage-hdf5-1.10.7-xexa2gll6hf6okdatgrxiwhcjs2uepc7/spack-src/src/H5Dselect.c line 321 in H5D__select_write(): write error
    major: Dataspace
    minor: Write failed
  #004: /scratch/spack_cpu/job_21700923/spack-stage/spack-stage-hdf5-1.10.7-xexa2gll6hf6okdatgrxiwhcjs2uepc7/spack-src/src/H5Dselect.c line 230 in H5D__select_io(): write error
    major: Dataspace
    minor: Write failed
  #005: /scratch/spack_cpu/job_21700923/spack-stage/spack-stage-hdf5-1.10.7-xexa2gll6hf6okdatgrxiwhcjs2uepc7/spack-src/src/H5Dcontig.c line 1281 in H5D__contig_writevv(): can't perform vectorized sieve buffer write
    major: Dataset
    minor: Can't operate on object
  #006: /scratch/spack_cpu/job_21700923/spack-stage/spack-stage-hdf5-1.10.7-xexa2gll6hf6okdatgrxiwhcjs2uepc7/spack-src/src/H5VM.c line 1464 in H5VM_opvv(): can't perform operation
    major: Internal error (too specific to document in detail)
    minor: Can't operate on object
  #007: /scratch/spack_cpu/job_21700923/spack-stage/spack-stage-hdf5-1.10.7-xexa2gll6hf6okdatgrxiwhcjs2uepc7/spack-src/src/H5Dcontig.c line 1029 in H5D__contig_writevv_sieve_cb(): block write failed
    major: Dataset
    minor: Write failed
  #008: /scratch/spack_cpu/job_21700923/spack-stage/spack-stage-hdf5-1.10.7-xexa2gll6hf6okdatgrxiwhcjs2uepc7/spack-src/src/H5Fio.c line 161 in H5F_block_write(): write through page buffer failed
    major: Low-level I/O
    minor: Write failed
  #009: /scratch/spack_cpu/job_21700923/spack-stage/spack-stage-hdf5-1.10.7-xexa2gll6hf6okdatgrxiwhcjs2uepc7/spack-src/src/H5PB.c line 1032 in H5PB_write(): write through metadata accumulator failed
    major: Page Buffering
    minor: Write failed
  #010: /scratch/spack_cpu/job_21700923/spack-stage/spack-stage-hdf5-1.10.7-xexa2gll6hf6okdatgrxiwhcjs2uepc7/spack-src/src/H5Faccum.c line 824 in H5F__accum_write(): file write failed
    major: Low-level I/O
    minor: Write failed
  #011: /scratch/spack_cpu/job_21700923/spack-stage/spack-stage-hdf5-1.10.7-xexa2gll6hf6okdatgrxiwhcjs2uepc7/spack-src/src/H5FDint.c line 249 in H5FD_write(): driver write request failed
    major: Virtual File Layer
    minor: Write failed
  #012: /scratch/spack_cpu/job_21700923/spack-stage/spack-stage-hdf5-1.10.7-xexa2gll6hf6okdatgrxiwhcjs2uepc7/spack-src/src/H5FDsec2.c line 856 in H5FD__sec2_write(): file write failed: time = Wed Nov 19 08:09:35 2025
, filename = 'checkpoint.h5', file descriptor = 5, errno = 14, error message = 'Bad address', buf = 0x1555537c4000, total write size = 15969552, bytes this sub-write = 15969552, bytes actually written = 18446744073709551615, offset = 0
    major: Low-level I/O
    minor: Write failed
HDF5-DIAG: Error detected in HDF5 (1.10.7) thread 0:
  #000: /scratch/spack_cpu/job_21700923/spack-stage/spack-stage-hdf5-1.10.7-xexa2gll6hf6okdatgrxiwhcjs2uepc7/spack-src/src/H5Dio.c line 335 in H5Dwrite(): can't write data
    major: Dataset
    minor: Write failed
  #001: /scratch/spack_cpu/job_21700923/spack-stage/spack-stage-hdf5-1.10.7-xexa2gll6hf6okdatgrxiwhcjs2uepc7/spack-src/src/H5Dio.c line 813 in H5D__write(): can't write data
    major: Dataset
    minor: Write failed
  #002: /scratch/spack_cpu/job_21700923/spack-stage/spack-stage-hdf5-1.10.7-xexa2gll6hf6okdatgrxiwhcjs2uepc7/spack-src/src/H5Dcontig.c line 659 in H5D__contig_write(): contiguous write failed
    major: Dataset
    minor: Write failed
  #003: /scratch/spack_cpu/job_21700923/spack-stage/spack-stage-hdf5-1.10.7-xexa2gll6hf6okdatgrxiwhcjs2uepc7/spack-src/src/H5Dselect.c line 321 in H5D__select_write(): write error
    major: Dataspace
    minor: Write failed
  #004: /scratch/spack_cpu/job_21700923/spack-stage/spack-stage-hdf5-1.10.7-xexa2gll6hf6okdatgrxiwhcjs2uepc7/spack-src/src/H5Dselect.c line 230 in H5D__select_io(): write error
    major: Dataspace
    minor: Write failed
  #005: /scratch/spack_cpu/job_21700923/spack-stage/spack-stage-hdf5-1.10.7-xexa2gll6hf6okdatgrxiwhcjs2uepc7/spack-src/src/H5Dcontig.c line 1281 in H5D__contig_writevv(): can't perform vectorized sieve buffer write
    major: Dataset
    minor: Can't operate on object
  #006: /scratch/spack_cpu/job_21700923/spack-stage/spack-stage-hdf5-1.10.7-xexa2gll6hf6okdatgrxiwhcjs2uepc7/spack-src/src/H5VM.c line 1464 in H5VM_opvv(): can't perform operation
    major: Internal error (too specific to document in detail)
    minor: Can't operate on object
  #007: /scratch/spack_cpu/job_21700923/spack-stage/spack-stage-hdf5-1.10.7-xexa2gll6hf6okdatgrxiwhcjs2uepc7/spack-src/src/H5Dcontig.c line 1029 in H5D__contig_writevv_sieve_cb(): block write failed
    major: Dataset
    minor: Write failed
  #008: /scratch/spack_cpu/job_21700923/spack-stage/spack-stage-hdf5-1.10.7-xexa2gll6hf6okdatgrxiwhcjs2uepc7/spack-src/src/H5Fio.c line 161 in H5F_block_write(): write through page buffer failed
    major: Low-level I/O
    minor: Write failed
  #009: /scratch/spack_cpu/job_21700923/spack-stage/spack-stage-hdf5-1.10.7-xexa2gll6hf6okdatgrxiwhcjs2uepc7/spack-src/src/H5PB.c line 1032 in H5PB_write(): write through metadata accumulator failed
    major: Page Buffering
    minor: Write failed
  #010: /scratch/spack_cpu/job_21700923/spack-stage/spack-stage-hdf5-1.10.7-xexa2gll6hf6okdatgrxiwhcjs2uepc7/spack-src/src/H5Faccum.c line 824 in H5F__accum_write(): file write failed
    major: Low-level I/O
    minor: Write failed
  #011: /scratch/spack_cpu/job_21700923/spack-stage/spack-stage-hdf5-1.10.7-xexa2gll6hf6okdatgrxiwhcjs2uepc7/spack-src/src/H5FDint.c line 249 in H5FD_write(): driver write request failed
    major: Virtual File Layer
    minor: Write failed
  #012: /scratch/spack_cpu/job_21700923/spack-stage/spack-stage-hdf5-1.10.7-xexa2gll6hf6okdatgrxiwhcjs2uepc7/spack-src/src/H5FDsec2.c line 856 in H5FD__sec2_write(): file write failed: time = Wed Nov 19 08:09:51 2025
, filename = 'checkpoint.h5', file descriptor = 5, errno = 14, error message = 'Bad address', buf = 0x1555537c4000, total write size = 15969552, bytes this sub-write = 15969552, bytes actually written = 18446744073709551615, offset = 0
    major: Low-level I/O
    minor: Write failed
HDF5-DIAG: Error detected in HDF5 (1.10.7) thread 0:
  #000: /scratch/spack_cpu/job_21700923/spack-stage/spack-stage-hdf5-1.10.7-xexa2gll6hf6okdatgrxiwhcjs2uepc7/spack-src/src/H5Dio.c line 335 in H5Dwrite(): can't write data
    major: Dataset
    minor: Write failed
  #001: /scratch/spack_cpu/job_21700923/spack-stage/spack-stage-hdf5-1.10.7-xexa2gll6hf6okdatgrxiwhcjs2uepc7/spack-src/src/H5Dio.c line 813 in H5D__write(): can't write data
    major: Dataset
    minor: Write failed
  #002: /scratch/spack_cpu/job_21700923/spack-stage/spack-stage-hdf5-1.10.7-xexa2gll6hf6okdatgrxiwhcjs2uepc7/spack-src/src/H5Dcontig.c line 659 in H5D__contig_write(): contiguous write failed
    major: Dataset
    minor: Write failed
  #003: /scratch/spack_cpu/job_21700923/spack-stage/spack-stage-hdf5-1.10.7-xexa2gll6hf6okdatgrxiwhcjs2uepc7/spack-src/src/H5Dselect.c line 321 in H5D__select_write(): write error
    major: Dataspace
    minor: Write failed
  #004: /scratch/spack_cpu/job_21700923/spack-stage/spack-stage-hdf5-1.10.7-xexa2gll6hf6okdatgrxiwhcjs2uepc7/spack-src/src/H5Dselect.c line 230 in H5D__select_io(): write error
    major: Dataspace
    minor: Write failed
  #005: /scratch/spack_cpu/job_21700923/spack-stage/spack-stage-hdf5-1.10.7-xexa2gll6hf6okdatgrxiwhcjs2uepc7/spack-src/src/H5Dcontig.c line 1281 in H5D__contig_writevv(): can't perform vectorized sieve buffer write
    major: Dataset
    minor: Can't operate on object
  #006: /scratch/spack_cpu/job_21700923/spack-stage/spack-stage-hdf5-1.10.7-xexa2gll6hf6okdatgrxiwhcjs2uepc7/spack-src/src/H5VM.c line 1464 in H5VM_opvv(): can't perform operation
    major: Internal error (too specific to document in detail)
    minor: Can't operate on object
  #007: /scratch/spack_cpu/job_21700923/spack-stage/spack-stage-hdf5-1.10.7-xexa2gll6hf6okdatgrxiwhcjs2uepc7/spack-src/src/H5Dcontig.c line 1029 in H5D__contig_writevv_sieve_cb(): block write failed
    major: Dataset
    minor: Write failed
  #008: /scratch/spack_cpu/job_21700923/spack-stage/spack-stage-hdf5-1.10.7-xexa2gll6hf6okdatgrxiwhcjs2uepc7/spack-src/src/H5Fio.c line 161 in H5F_block_write(): write through page buffer failed
    major: Low-level I/O
    minor: Write failed
  #009: /scratch/spack_cpu/job_21700923/spack-stage/spack-stage-hdf5-1.10.7-xexa2gll6hf6okdatgrxiwhcjs2uepc7/spack-src/src/H5PB.c line 1032 in H5PB_write(): write through metadata accumulator failed
    major: Page Buffering
    minor: Write failed
  #010: /scratch/spack_cpu/job_21700923/spack-stage/spack-stage-hdf5-1.10.7-xexa2gll6hf6okdatgrxiwhcjs2uepc7/spack-src/src/H5Faccum.c line 824 in H5F__accum_write(): file write failed
    major: Low-level I/O
    minor: Write failed
  #011: /scratch/spack_cpu/job_21700923/spack-stage/spack-stage-hdf5-1.10.7-xexa2gll6hf6okdatgrxiwhcjs2uepc7/spack-src/src/H5FDint.c line 249 in H5FD_write(): driver write request failed
    major: Virtual File Layer
    minor: Write failed
  #012: /scratch/spack_cpu/job_21700923/spack-stage/spack-stage-hdf5-1.10.7-xexa2gll6hf6okdatgrxiwhcjs2uepc7/spack-src/src/H5FDsec2.c line 856 in H5FD__sec2_write(): file write failed: time = Wed Nov 19 08:10:07 2025
, filename = 'checkpoint.h5', file descriptor = 5, errno = 14, error message = 'Bad address', buf = 0x1555537c4000, total write size = 15969552, bytes this sub-write = 15969552, bytes actually written = 18446744073709551615, offset = 0
    major: Low-level I/O
    minor: Write failed
HDF5-DIAG: Error detected in HDF5 (1.10.7) thread 0:
  #000: /scratch/spack_cpu/job_21700923/spack-stage/spack-stage-hdf5-1.10.7-xexa2gll6hf6okdatgrxiwhcjs2uepc7/spack-src/src/H5Dio.c line 335 in H5Dwrite(): can't write data
    major: Dataset
    minor: Write failed
  #001: /scratch/spack_cpu/job_21700923/spack-stage/spack-stage-hdf5-1.10.7-xexa2gll6hf6okdatgrxiwhcjs2uepc7/spack-src/src/H5Dio.c line 813 in H5D__write(): can't write data
    major: Dataset
    minor: Write failed
  #002: /scratch/spack_cpu/job_21700923/spack-stage/spack-stage-hdf5-1.10.7-xexa2gll6hf6okdatgrxiwhcjs2uepc7/spack-src/src/H5Dcontig.c line 659 in H5D__contig_write(): contiguous write failed
    major: Dataset
    minor: Write failed
  #003: /scratch/spack_cpu/job_21700923/spack-stage/spack-stage-hdf5-1.10.7-xexa2gll6hf6okdatgrxiwhcjs2uepc7/spack-src/src/H5Dselect.c line 321 in H5D__select_write(): write error
    major: Dataspace
    minor: Write failed
  #004: /scratch/spack_cpu/job_21700923/spack-stage/spack-stage-hdf5-1.10.7-xexa2gll6hf6okdatgrxiwhcjs2uepc7/spack-src/src/H5Dselect.c line 230 in H5D__select_io(): write error
    major: Dataspace
    minor: Write failed
  #005: /scratch/spack_cpu/job_21700923/spack-stage/spack-stage-hdf5-1.10.7-xexa2gll6hf6okdatgrxiwhcjs2uepc7/spack-src/src/H5Dcontig.c line 1281 in H5D__contig_writevv(): can't perform vectorized sieve buffer write
    major: Dataset
    minor: Can't operate on object
  #006: /scratch/spack_cpu/job_21700923/spack-stage/spack-stage-hdf5-1.10.7-xexa2gll6hf6okdatgrxiwhcjs2uepc7/spack-src/src/H5VM.c line 1464 in H5VM_opvv(): can't perform operation
    major: Internal error (too specific to document in detail)
    minor: Can't operate on object
  #007: /scratch/spack_cpu/job_21700923/spack-stage/spack-stage-hdf5-1.10.7-xexa2gll6hf6okdatgrxiwhcjs2uepc7/spack-src/src/H5Dcontig.c line 1029 in H5D__contig_writevv_sieve_cb(): block write failed
    major: Dataset
    minor: Write failed
  #008: /scratch/spack_cpu/job_21700923/spack-stage/spack-stage-hdf5-1.10.7-xexa2gll6hf6okdatgrxiwhcjs2uepc7/spack-src/src/H5Fio.c line 161 in H5F_block_write(): write through page buffer failed
    major: Low-level I/O
    minor: Write failed
  #009: /scratch/spack_cpu/job_21700923/spack-stage/spack-stage-hdf5-1.10.7-xexa2gll6hf6okdatgrxiwhcjs2uepc7/spack-src/src/H5PB.c line 1032 in H5PB_write(): write through metadata accumulator failed
    major: Page Buffering
    minor: Write failed
  #010: /scratch/spack_cpu/job_21700923/spack-stage/spack-stage-hdf5-1.10.7-xexa2gll6hf6okdatgrxiwhcjs2uepc7/spack-src/src/H5Faccum.c line 824 in H5F__accum_write(): file write failed
    major: Low-level I/O
    minor: Write failed
  #011: /scratch/spack_cpu/job_21700923/spack-stage/spack-stage-hdf5-1.10.7-xexa2gll6hf6okdatgrxiwhcjs2uepc7/spack-src/src/H5FDint.c line 249 in H5FD_write(): driver write request failed
    major: Virtual File Layer
    minor: Write failed
  #012: /scratch/spack_cpu/job_21700923/spack-stage/spack-stage-hdf5-1.10.7-xexa2gll6hf6okdatgrxiwhcjs2uepc7/spack-src/src/H5FDsec2.c line 856 in H5FD__sec2_write(): file write failed: time = Wed Nov 19 08:10:24 2025
, filename = 'checkpoint.h5', file descriptor = 5, errno = 14, error message = 'Bad address', buf = 0x1555537c4000, total write size = 15969552, bytes this sub-write = 15969552, bytes actually written = 18446744073709551615, offset = 0
    major: Low-level I/O
    minor: Write failed
HDF5-DIAG: Error detected in HDF5 (1.10.7) thread 0:
  #000: /scratch/spack_cpu/job_21700923/spack-stage/spack-stage-hdf5-1.10.7-xexa2gll6hf6okdatgrxiwhcjs2uepc7/spack-src/src/H5Dio.c line 335 in H5Dwrite(): can't write data
    major: Dataset
    minor: Write failed
  #001: /scratch/spack_cpu/job_21700923/spack-stage/spack-stage-hdf5-1.10.7-xexa2gll6hf6okdatgrxiwhcjs2uepc7/spack-src/src/H5Dio.c line 813 in H5D__write(): can't write data
    major: Dataset
    minor: Write failed
  #002: /scratch/spack_cpu/job_21700923/spack-stage/spack-stage-hdf5-1.10.7-xexa2gll6hf6okdatgrxiwhcjs2uepc7/spack-src/src/H5Dcontig.c line 659 in H5D__contig_write(): contiguous write failed
    major: Dataset
    minor: Write failed
  #003: /scratch/spack_cpu/job_21700923/spack-stage/spack-stage-hdf5-1.10.7-xexa2gll6hf6okdatgrxiwhcjs2uepc7/spack-src/src/H5Dselect.c line 321 in H5D__select_write(): write error
    major: Dataspace
    minor: Write failed
  #004: /scratch/spack_cpu/job_21700923/spack-stage/spack-stage-hdf5-1.10.7-xexa2gll6hf6okdatgrxiwhcjs2uepc7/spack-src/src/H5Dselect.c line 230 in H5D__select_io(): write error
    major: Dataspace
    minor: Write failed
  #005: /scratch/spack_cpu/job_21700923/spack-stage/spack-stage-hdf5-1.10.7-xexa2gll6hf6okdatgrxiwhcjs2uepc7/spack-src/src/H5Dcontig.c line 1281 in H5D__contig_writevv(): can't perform vectorized sieve buffer write
    major: Dataset
    minor: Can't operate on object
  #006: /scratch/spack_cpu/job_21700923/spack-stage/spack-stage-hdf5-1.10.7-xexa2gll6hf6okdatgrxiwhcjs2uepc7/spack-src/src/H5VM.c line 1464 in H5VM_opvv(): can't perform operation
    major: Internal error (too specific to document in detail)
    minor: Can't operate on object
  #007: /scratch/spack_cpu/job_21700923/spack-stage/spack-stage-hdf5-1.10.7-xexa2gll6hf6okdatgrxiwhcjs2uepc7/spack-src/src/H5Dcontig.c line 1029 in H5D__contig_writevv_sieve_cb(): block write failed
    major: Dataset
    minor: Write failed
  #008: /scratch/spack_cpu/job_21700923/spack-stage/spack-stage-hdf5-1.10.7-xexa2gll6hf6okdatgrxiwhcjs2uepc7/spack-src/src/H5Fio.c line 161 in H5F_block_write(): write through page buffer failed
    major: Low-level I/O
    minor: Write failed
  #009: /scratch/spack_cpu/job_21700923/spack-stage/spack-stage-hdf5-1.10.7-xexa2gll6hf6okdatgrxiwhcjs2uepc7/spack-src/src/H5PB.c line 1032 in H5PB_write(): write through metadata accumulator failed
    major: Page Buffering
    minor: Write failed
  #010: /scratch/spack_cpu/job_21700923/spack-stage/spack-stage-hdf5-1.10.7-xexa2gll6hf6okdatgrxiwhcjs2uepc7/spack-src/src/H5Faccum.c line 824 in H5F__accum_write(): file write failed
    major: Low-level I/O
    minor: Write failed
  #011: /scratch/spack_cpu/job_21700923/spack-stage/spack-stage-hdf5-1.10.7-xexa2gll6hf6okdatgrxiwhcjs2uepc7/spack-src/src/H5FDint.c line 249 in H5FD_write(): driver write request failed
    major: Virtual File Layer
    minor: Write failed
  #012: /scratch/spack_cpu/job_21700923/spack-stage/spack-stage-hdf5-1.10.7-xexa2gll6hf6okdatgrxiwhcjs2uepc7/spack-src/src/H5FDsec2.c line 856 in H5FD__sec2_write(): file write failed: time = Wed Nov 19 08:10:41 2025
, filename = 'checkpoint.h5', file descriptor = 5, errno = 14, error message = 'Bad address', buf = 0x1555537c4000, total write size = 15969552, bytes this sub-write = 15969552, bytes actually written = 18446744073709551615, offset = 0
    major: Low-level I/O
    minor: Write failed
HDF5-DIAG: Error detected in HDF5 (1.10.7) thread 0:
  #000: /scratch/spack_cpu/job_21700923/spack-stage/spack-stage-hdf5-1.10.7-xexa2gll6hf6okdatgrxiwhcjs2uepc7/spack-src/src/H5Dio.c line 335 in H5Dwrite(): can't write data
    major: Dataset
    minor: Write failed
  #001: /scratch/spack_cpu/job_21700923/spack-stage/spack-stage-hdf5-1.10.7-xexa2gll6hf6okdatgrxiwhcjs2uepc7/spack-src/src/H5Dio.c line 813 in H5D__write(): can't write data
    major: Dataset
    minor: Write failed
  #002: /scratch/spack_cpu/job_21700923/spack-stage/spack-stage-hdf5-1.10.7-xexa2gll6hf6okdatgrxiwhcjs2uepc7/spack-src/src/H5Dcontig.c line 659 in H5D__contig_write(): contiguous write failed
    major: Dataset
    minor: Write failed
  #003: /scratch/spack_cpu/job_21700923/spack-stage/spack-stage-hdf5-1.10.7-xexa2gll6hf6okdatgrxiwhcjs2uepc7/spack-src/src/H5Dselect.c line 321 in H5D__select_write(): write error
    major: Dataspace
    minor: Write failed
  #004: /scratch/spack_cpu/job_21700923/spack-stage/spack-stage-hdf5-1.10.7-xexa2gll6hf6okdatgrxiwhcjs2uepc7/spack-src/src/H5Dselect.c line 230 in H5D__select_io(): write error
    major: Dataspace
    minor: Write failed
  #005: /scratch/spack_cpu/job_21700923/spack-stage/spack-stage-hdf5-1.10.7-xexa2gll6hf6okdatgrxiwhcjs2uepc7/spack-src/src/H5Dcontig.c line 1281 in H5D__contig_writevv(): can't perform vectorized sieve buffer write
    major: Dataset
    minor: Can't operate on object
  #006: /scratch/spack_cpu/job_21700923/spack-stage/spack-stage-hdf5-1.10.7-xexa2gll6hf6okdatgrxiwhcjs2uepc7/spack-src/src/H5VM.c line 1464 in H5VM_opvv(): can't perform operation
    major: Internal error (too specific to document in detail)
    minor: Can't operate on object
  #007: /scratch/spack_cpu/job_21700923/spack-stage/spack-stage-hdf5-1.10.7-xexa2gll6hf6okdatgrxiwhcjs2uepc7/spack-src/src/H5Dcontig.c line 1029 in H5D__contig_writevv_sieve_cb(): block write failed
    major: Dataset
    minor: Write failed
  #008: /scratch/spack_cpu/job_21700923/spack-stage/spack-stage-hdf5-1.10.7-xexa2gll6hf6okdatgrxiwhcjs2uepc7/spack-src/src/H5Fio.c line 161 in H5F_block_write(): write through page buffer failed
    major: Low-level I/O
    minor: Write failed
  #009: /scratch/spack_cpu/job_21700923/spack-stage/spack-stage-hdf5-1.10.7-xexa2gll6hf6okdatgrxiwhcjs2uepc7/spack-src/src/H5PB.c line 1032 in H5PB_write(): write through metadata accumulator failed
    major: Page Buffering
    minor: Write failed
  #010: /scratch/spack_cpu/job_21700923/spack-stage/spack-stage-hdf5-1.10.7-xexa2gll6hf6okdatgrxiwhcjs2uepc7/spack-src/src/H5Faccum.c line 824 in H5F__accum_write(): file write failed
    major: Low-level I/O
    minor: Write failed
  #011: /scratch/spack_cpu/job_21700923/spack-stage/spack-stage-hdf5-1.10.7-xexa2gll6hf6okdatgrxiwhcjs2uepc7/spack-src/src/H5FDint.c line 249 in H5FD_write(): driver write request failed
    major: Virtual File Layer
    minor: Write failed
  #012: /scratch/spack_cpu/job_21700923/spack-stage/spack-stage-hdf5-1.10.7-xexa2gll6hf6okdatgrxiwhcjs2uepc7/spack-src/src/H5FDsec2.c line 856 in H5FD__sec2_write(): file write failed: time = Wed Nov 19 08:10:59 2025
, filename = 'checkpoint.h5', file descriptor = 5, errno = 14, error message = 'Bad address', buf = 0x1555537c4000, total write size = 15969552, bytes this sub-write = 15969552, bytes actually written = 18446744073709551615, offset = 0
    major: Low-level I/O
    minor: Write failed
HDF5-DIAG: Error detected in HDF5 (1.10.7) thread 0:
  #000: /scratch/spack_cpu/job_21700923/spack-stage/spack-stage-hdf5-1.10.7-xexa2gll6hf6okdatgrxiwhcjs2uepc7/spack-src/src/H5Dio.c line 335 in H5Dwrite(): can't write data
    major: Dataset
    minor: Write failed
  #001: /scratch/spack_cpu/job_21700923/spack-stage/spack-stage-hdf5-1.10.7-xexa2gll6hf6okdatgrxiwhcjs2uepc7/spack-src/src/H5Dio.c line 813 in H5D__write(): can't write data
    major: Dataset
    minor: Write failed
  #002: /scratch/spack_cpu/job_21700923/spack-stage/spack-stage-hdf5-1.10.7-xexa2gll6hf6okdatgrxiwhcjs2uepc7/spack-src/src/H5Dcontig.c line 659 in H5D__contig_write(): contiguous write failed
    major: Dataset
    minor: Write failed
  #003: /scratch/spack_cpu/job_21700923/spack-stage/spack-stage-hdf5-1.10.7-xexa2gll6hf6okdatgrxiwhcjs2uepc7/spack-src/src/H5Dselect.c line 321 in H5D__select_write(): write error
    major: Dataspace
    minor: Write failed
  #004: /scratch/spack_cpu/job_21700923/spack-stage/spack-stage-hdf5-1.10.7-xexa2gll6hf6okdatgrxiwhcjs2uepc7/spack-src/src/H5Dselect.c line 230 in H5D__select_io(): write error
    major: Dataspace
    minor: Write failed
  #005: /scratch/spack_cpu/job_21700923/spack-stage/spack-stage-hdf5-1.10.7-xexa2gll6hf6okdatgrxiwhcjs2uepc7/spack-src/src/H5Dcontig.c line 1281 in H5D__contig_writevv(): can't perform vectorized sieve buffer write
    major: Dataset
    minor: Can't operate on object
  #006: /scratch/spack_cpu/job_21700923/spack-stage/spack-stage-hdf5-1.10.7-xexa2gll6hf6okdatgrxiwhcjs2uepc7/spack-src/src/H5VM.c line 1464 in H5VM_opvv(): can't perform operation
    major: Internal error (too specific to document in detail)
    minor: Can't operate on object
  #007: /scratch/spack_cpu/job_21700923/spack-stage/spack-stage-hdf5-1.10.7-xexa2gll6hf6okdatgrxiwhcjs2uepc7/spack-src/src/H5Dcontig.c line 1029 in H5D__contig_writevv_sieve_cb(): block write failed
    major: Dataset
    minor: Write failed
  #008: /scratch/spack_cpu/job_21700923/spack-stage/spack-stage-hdf5-1.10.7-xexa2gll6hf6okdatgrxiwhcjs2uepc7/spack-src/src/H5Fio.c line 161 in H5F_block_write(): write through page buffer failed
    major: Low-level I/O
    minor: Write failed
  #009: /scratch/spack_cpu/job_21700923/spack-stage/spack-stage-hdf5-1.10.7-xexa2gll6hf6okdatgrxiwhcjs2uepc7/spack-src/src/H5PB.c line 1032 in H5PB_write(): write through metadata accumulator failed
    major: Page Buffering
    minor: Write failed
  #010: /scratch/spack_cpu/job_21700923/spack-stage/spack-stage-hdf5-1.10.7-xexa2gll6hf6okdatgrxiwhcjs2uepc7/spack-src/src/H5Faccum.c line 824 in H5F__accum_write(): file write failed
    major: Low-level I/O
    minor: Write failed
  #011: /scratch/spack_cpu/job_21700923/spack-stage/spack-stage-hdf5-1.10.7-xexa2gll6hf6okdatgrxiwhcjs2uepc7/spack-src/src/H5FDint.c line 249 in H5FD_write(): driver write request failed
    major: Virtual File Layer
    minor: Write failed
  #012: /scratch/spack_cpu/job_21700923/spack-stage/spack-stage-hdf5-1.10.7-xexa2gll6hf6okdatgrxiwhcjs2uepc7/spack-src/src/H5FDsec2.c line 856 in H5FD__sec2_write(): file write failed: time = Wed Nov 19 08:11:16 2025
, filename = 'checkpoint.h5', file descriptor = 5, errno = 14, error message = 'Bad address', buf = 0x1555537c4000, total write size = 15969552, bytes this sub-write = 15969552, bytes actually written = 18446744073709551615, offset = 0
    major: Low-level I/O
    minor: Write failed
HDF5-DIAG: Error detected in HDF5 (1.10.7) thread 0:
  #000: /scratch/spack_cpu/job_21700923/spack-stage/spack-stage-hdf5-1.10.7-xexa2gll6hf6okdatgrxiwhcjs2uepc7/spack-src/src/H5Dio.c line 335 in H5Dwrite(): can't write data
    major: Dataset
    minor: Write failed
  #001: /scratch/spack_cpu/job_21700923/spack-stage/spack-stage-hdf5-1.10.7-xexa2gll6hf6okdatgrxiwhcjs2uepc7/spack-src/src/H5Dio.c line 813 in H5D__write(): can't write data
    major: Dataset
    minor: Write failed
  #002: /scratch/spack_cpu/job_21700923/spack-stage/spack-stage-hdf5-1.10.7-xexa2gll6hf6okdatgrxiwhcjs2uepc7/spack-src/src/H5Dcontig.c line 659 in H5D__contig_write(): contiguous write failed
    major: Dataset
    minor: Write failed
  #003: /scratch/spack_cpu/job_21700923/spack-stage/spack-stage-hdf5-1.10.7-xexa2gll6hf6okdatgrxiwhcjs2uepc7/spack-src/src/H5Dselect.c line 321 in H5D__select_write(): write error
    major: Dataspace
    minor: Write failed
  #004: /scratch/spack_cpu/job_21700923/spack-stage/spack-stage-hdf5-1.10.7-xexa2gll6hf6okdatgrxiwhcjs2uepc7/spack-src/src/H5Dselect.c line 230 in H5D__select_io(): write error
    major: Dataspace
    minor: Write failed
  #005: /scratch/spack_cpu/job_21700923/spack-stage/spack-stage-hdf5-1.10.7-xexa2gll6hf6okdatgrxiwhcjs2uepc7/spack-src/src/H5Dcontig.c line 1281 in H5D__contig_writevv(): can't perform vectorized sieve buffer write
    major: Dataset
    minor: Can't operate on object
  #006: /scratch/spack_cpu/job_21700923/spack-stage/spack-stage-hdf5-1.10.7-xexa2gll6hf6okdatgrxiwhcjs2uepc7/spack-src/src/H5VM.c line 1464 in H5VM_opvv(): can't perform operation
    major: Internal error (too specific to document in detail)
    minor: Can't operate on object
  #007: /scratch/spack_cpu/job_21700923/spack-stage/spack-stage-hdf5-1.10.7-xexa2gll6hf6okdatgrxiwhcjs2uepc7/spack-src/src/H5Dcontig.c line 1029 in H5D__contig_writevv_sieve_cb(): block write failed
    major: Dataset
    minor: Write failed
  #008: /scratch/spack_cpu/job_21700923/spack-stage/spack-stage-hdf5-1.10.7-xexa2gll6hf6okdatgrxiwhcjs2uepc7/spack-src/src/H5Fio.c line 161 in H5F_block_write(): write through page buffer failed
    major: Low-level I/O
    minor: Write failed
  #009: /scratch/spack_cpu/job_21700923/spack-stage/spack-stage-hdf5-1.10.7-xexa2gll6hf6okdatgrxiwhcjs2uepc7/spack-src/src/H5PB.c line 1032 in H5PB_write(): write through metadata accumulator failed
    major: Page Buffering
    minor: Write failed
  #010: /scratch/spack_cpu/job_21700923/spack-stage/spack-stage-hdf5-1.10.7-xexa2gll6hf6okdatgrxiwhcjs2uepc7/spack-src/src/H5Faccum.c line 824 in H5F__accum_write(): file write failed
    major: Low-level I/O
    minor: Write failed
  #011: /scratch/spack_cpu/job_21700923/spack-stage/spack-stage-hdf5-1.10.7-xexa2gll6hf6okdatgrxiwhcjs2uepc7/spack-src/src/H5FDint.c line 249 in H5FD_write(): driver write request failed
    major: Virtual File Layer
    minor: Write failed
  #012: /scratch/spack_cpu/job_21700923/spack-stage/spack-stage-hdf5-1.10.7-xexa2gll6hf6okdatgrxiwhcjs2uepc7/spack-src/src/H5FDsec2.c line 856 in H5FD__sec2_write(): file write failed: time = Wed Nov 19 08:11:33 2025
, filename = 'checkpoint.h5', file descriptor = 5, errno = 14, error message = 'Bad address', buf = 0x1555537c4000, total write size = 15969552, bytes this sub-write = 15969552, bytes actually written = 18446744073709551615, offset = 0
    major: Low-level I/O
    minor: Write failed
HDF5-DIAG: Error detected in HDF5 (1.10.7) thread 0:
  #000: /scratch/spack_cpu/job_21700923/spack-stage/spack-stage-hdf5-1.10.7-xexa2gll6hf6okdatgrxiwhcjs2uepc7/spack-src/src/H5Dio.c line 335 in H5Dwrite(): can't write data
    major: Dataset
    minor: Write failed
  #001: /scratch/spack_cpu/job_21700923/spack-stage/spack-stage-hdf5-1.10.7-xexa2gll6hf6okdatgrxiwhcjs2uepc7/spack-src/src/H5Dio.c line 813 in H5D__write(): can't write data
    major: Dataset
    minor: Write failed
  #002: /scratch/spack_cpu/job_21700923/spack-stage/spack-stage-hdf5-1.10.7-xexa2gll6hf6okdatgrxiwhcjs2uepc7/spack-src/src/H5Dcontig.c line 659 in H5D__contig_write(): contiguous write failed
    major: Dataset
    minor: Write failed
  #003: /scratch/spack_cpu/job_21700923/spack-stage/spack-stage-hdf5-1.10.7-xexa2gll6hf6okdatgrxiwhcjs2uepc7/spack-src/src/H5Dselect.c line 321 in H5D__select_write(): write error
    major: Dataspace
    minor: Write failed
  #004: /scratch/spack_cpu/job_21700923/spack-stage/spack-stage-hdf5-1.10.7-xexa2gll6hf6okdatgrxiwhcjs2uepc7/spack-src/src/H5Dselect.c line 230 in H5D__select_io(): write error
    major: Dataspace
    minor: Write failed
  #005: /scratch/spack_cpu/job_21700923/spack-stage/spack-stage-hdf5-1.10.7-xexa2gll6hf6okdatgrxiwhcjs2uepc7/spack-src/src/H5Dcontig.c line 1281 in H5D__contig_writevv(): can't perform vectorized sieve buffer write
    major: Dataset
    minor: Can't operate on object
  #006: /scratch/spack_cpu/job_21700923/spack-stage/spack-stage-hdf5-1.10.7-xexa2gll6hf6okdatgrxiwhcjs2uepc7/spack-src/src/H5VM.c line 1464 in H5VM_opvv(): can't perform operation
    major: Internal error (too specific to document in detail)
    minor: Can't operate on object
  #007: /scratch/spack_cpu/job_21700923/spack-stage/spack-stage-hdf5-1.10.7-xexa2gll6hf6okdatgrxiwhcjs2uepc7/spack-src/src/H5Dcontig.c line 1029 in H5D__contig_writevv_sieve_cb(): block write failed
    major: Dataset
    minor: Write failed
  #008: /scratch/spack_cpu/job_21700923/spack-stage/spack-stage-hdf5-1.10.7-xexa2gll6hf6okdatgrxiwhcjs2uepc7/spack-src/src/H5Fio.c line 161 in H5F_block_write(): write through page buffer failed
    major: Low-level I/O
    minor: Write failed
  #009: /scratch/spack_cpu/job_21700923/spack-stage/spack-stage-hdf5-1.10.7-xexa2gll6hf6okdatgrxiwhcjs2uepc7/spack-src/src/H5PB.c line 1032 in H5PB_write(): write through metadata accumulator failed
    major: Page Buffering
    minor: Write failed
  #010: /scratch/spack_cpu/job_21700923/spack-stage/spack-stage-hdf5-1.10.7-xexa2gll6hf6okdatgrxiwhcjs2uepc7/spack-src/src/H5Faccum.c line 824 in H5F__accum_write(): file write failed
    major: Low-level I/O
    minor: Write failed
  #011: /scratch/spack_cpu/job_21700923/spack-stage/spack-stage-hdf5-1.10.7-xexa2gll6hf6okdatgrxiwhcjs2uepc7/spack-src/src/H5FDint.c line 249 in H5FD_write(): driver write request failed
    major: Virtual File Layer
    minor: Write failed
  #012: /scratch/spack_cpu/job_21700923/spack-stage/spack-stage-hdf5-1.10.7-xexa2gll6hf6okdatgrxiwhcjs2uepc7/spack-src/src/H5FDsec2.c line 856 in H5FD__sec2_write(): file write failed: time = Wed Nov 19 08:11:50 2025
, filename = 'checkpoint.h5', file descriptor = 5, errno = 14, error message = 'Bad address', buf = 0x1555537c4000, total write size = 15969552, bytes this sub-write = 15969552, bytes actually written = 18446744073709551615, offset = 0
    major: Low-level I/O
    minor: Write failed
HDF5-DIAG: Error detected in HDF5 (1.10.7) thread 0:
  #000: /scratch/spack_cpu/job_21700923/spack-stage/spack-stage-hdf5-1.10.7-xexa2gll6hf6okdatgrxiwhcjs2uepc7/spack-src/src/H5Dio.c line 335 in H5Dwrite(): can't write data
    major: Dataset
    minor: Write failed
  #001: /scratch/spack_cpu/job_21700923/spack-stage/spack-stage-hdf5-1.10.7-xexa2gll6hf6okdatgrxiwhcjs2uepc7/spack-src/src/H5Dio.c line 813 in H5D__write(): can't write data
    major: Dataset
    minor: Write failed
  #002: /scratch/spack_cpu/job_21700923/spack-stage/spack-stage-hdf5-1.10.7-xexa2gll6hf6okdatgrxiwhcjs2uepc7/spack-src/src/H5Dcontig.c line 659 in H5D__contig_write(): contiguous write failed
    major: Dataset
    minor: Write failed
  #003: /scratch/spack_cpu/job_21700923/spack-stage/spack-stage-hdf5-1.10.7-xexa2gll6hf6okdatgrxiwhcjs2uepc7/spack-src/src/H5Dselect.c line 321 in H5D__select_write(): write error
    major: Dataspace
    minor: Write failed
  #004: /scratch/spack_cpu/job_21700923/spack-stage/spack-stage-hdf5-1.10.7-xexa2gll6hf6okdatgrxiwhcjs2uepc7/spack-src/src/H5Dselect.c line 230 in H5D__select_io(): write error
    major: Dataspace
    minor: Write failed
  #005: /scratch/spack_cpu/job_21700923/spack-stage/spack-stage-hdf5-1.10.7-xexa2gll6hf6okdatgrxiwhcjs2uepc7/spack-src/src/H5Dcontig.c line 1281 in H5D__contig_writevv(): can't perform vectorized sieve buffer write
    major: Dataset
    minor: Can't operate on object
  #006: /scratch/spack_cpu/job_21700923/spack-stage/spack-stage-hdf5-1.10.7-xexa2gll6hf6okdatgrxiwhcjs2uepc7/spack-src/src/H5VM.c line 1464 in H5VM_opvv(): can't perform operation
    major: Internal error (too specific to document in detail)
    minor: Can't operate on object
  #007: /scratch/spack_cpu/job_21700923/spack-stage/spack-stage-hdf5-1.10.7-xexa2gll6hf6okdatgrxiwhcjs2uepc7/spack-src/src/H5Dcontig.c line 1029 in H5D__contig_writevv_sieve_cb(): block write failed
    major: Dataset
    minor: Write failed
  #008: /scratch/spack_cpu/job_21700923/spack-stage/spack-stage-hdf5-1.10.7-xexa2gll6hf6okdatgrxiwhcjs2uepc7/spack-src/src/H5Fio.c line 161 in H5F_block_write(): write through page buffer failed
    major: Low-level I/O
    minor: Write failed
  #009: /scratch/spack_cpu/job_21700923/spack-stage/spack-stage-hdf5-1.10.7-xexa2gll6hf6okdatgrxiwhcjs2uepc7/spack-src/src/H5PB.c line 1032 in H5PB_write(): write through metadata accumulator failed
    major: Page Buffering
    minor: Write failed
  #010: /scratch/spack_cpu/job_21700923/spack-stage/spack-stage-hdf5-1.10.7-xexa2gll6hf6okdatgrxiwhcjs2uepc7/spack-src/src/H5Faccum.c line 824 in H5F__accum_write(): file write failed
    major: Low-level I/O
    minor: Write failed
  #011: /scratch/spack_cpu/job_21700923/spack-stage/spack-stage-hdf5-1.10.7-xexa2gll6hf6okdatgrxiwhcjs2uepc7/spack-src/src/H5FDint.c line 249 in H5FD_write(): driver write request failed
    major: Virtual File Layer
    minor: Write failed
  #012: /scratch/spack_cpu/job_21700923/spack-stage/spack-stage-hdf5-1.10.7-xexa2gll6hf6okdatgrxiwhcjs2uepc7/spack-src/src/H5FDsec2.c line 856 in H5FD__sec2_write(): file write failed: time = Wed Nov 19 08:12:06 2025
, filename = 'checkpoint.h5', file descriptor = 5, errno = 14, error message = 'Bad address', buf = 0x1555537c4000, total write size = 15969552, bytes this sub-write = 15969552, bytes actually written = 18446744073709551615, offset = 0
    major: Low-level I/O
    minor: Write failed
HDF5-DIAG: Error detected in HDF5 (1.10.7) thread 0:
  #000: /scratch/spack_cpu/job_21700923/spack-stage/spack-stage-hdf5-1.10.7-xexa2gll6hf6okdatgrxiwhcjs2uepc7/spack-src/src/H5Dio.c line 335 in H5Dwrite(): can't write data
    major: Dataset
    minor: Write failed
  #001: /scratch/spack_cpu/job_21700923/spack-stage/spack-stage-hdf5-1.10.7-xexa2gll6hf6okdatgrxiwhcjs2uepc7/spack-src/src/H5Dio.c line 813 in H5D__write(): can't write data
    major: Dataset
    minor: Write failed
  #002: /scratch/spack_cpu/job_21700923/spack-stage/spack-stage-hdf5-1.10.7-xexa2gll6hf6okdatgrxiwhcjs2uepc7/spack-src/src/H5Dcontig.c line 659 in H5D__contig_write(): contiguous write failed
    major: Dataset
    minor: Write failed
  #003: /scratch/spack_cpu/job_21700923/spack-stage/spack-stage-hdf5-1.10.7-xexa2gll6hf6okdatgrxiwhcjs2uepc7/spack-src/src/H5Dselect.c line 321 in H5D__select_write(): write error
    major: Dataspace
    minor: Write failed
  #004: /scratch/spack_cpu/job_21700923/spack-stage/spack-stage-hdf5-1.10.7-xexa2gll6hf6okdatgrxiwhcjs2uepc7/spack-src/src/H5Dselect.c line 230 in H5D__select_io(): write error
    major: Dataspace
    minor: Write failed
  #005: /scratch/spack_cpu/job_21700923/spack-stage/spack-stage-hdf5-1.10.7-xexa2gll6hf6okdatgrxiwhcjs2uepc7/spack-src/src/H5Dcontig.c line 1281 in H5D__contig_writevv(): can't perform vectorized sieve buffer write
    major: Dataset
    minor: Can't operate on object
  #006: /scratch/spack_cpu/job_21700923/spack-stage/spack-stage-hdf5-1.10.7-xexa2gll6hf6okdatgrxiwhcjs2uepc7/spack-src/src/H5VM.c line 1464 in H5VM_opvv(): can't perform operation
    major: Internal error (too specific to document in detail)
    minor: Can't operate on object
  #007: /scratch/spack_cpu/job_21700923/spack-stage/spack-stage-hdf5-1.10.7-xexa2gll6hf6okdatgrxiwhcjs2uepc7/spack-src/src/H5Dcontig.c line 1029 in H5D__contig_writevv_sieve_cb(): block write failed
    major: Dataset
    minor: Write failed
  #008: /scratch/spack_cpu/job_21700923/spack-stage/spack-stage-hdf5-1.10.7-xexa2gll6hf6okdatgrxiwhcjs2uepc7/spack-src/src/H5Fio.c line 161 in H5F_block_write(): write through page buffer failed
    major: Low-level I/O
    minor: Write failed
  #009: /scratch/spack_cpu/job_21700923/spack-stage/spack-stage-hdf5-1.10.7-xexa2gll6hf6okdatgrxiwhcjs2uepc7/spack-src/src/H5PB.c line 1032 in H5PB_write(): write through metadata accumulator failed
    major: Page Buffering
    minor: Write failed
  #010: /scratch/spack_cpu/job_21700923/spack-stage/spack-stage-hdf5-1.10.7-xexa2gll6hf6okdatgrxiwhcjs2uepc7/spack-src/src/H5Faccum.c line 824 in H5F__accum_write(): file write failed
    major: Low-level I/O
    minor: Write failed
  #011: /scratch/spack_cpu/job_21700923/spack-stage/spack-stage-hdf5-1.10.7-xexa2gll6hf6okdatgrxiwhcjs2uepc7/spack-src/src/H5FDint.c line 249 in H5FD_write(): driver write request failed
    major: Virtual File Layer
    minor: Write failed
  #012: /scratch/spack_cpu/job_21700923/spack-stage/spack-stage-hdf5-1.10.7-xexa2gll6hf6okdatgrxiwhcjs2uepc7/spack-src/src/H5FDsec2.c line 856 in H5FD__sec2_write(): file write failed: time = Wed Nov 19 08:12:22 2025
, filename = 'checkpoint.h5', file descriptor = 5, errno = 14, error message = 'Bad address', buf = 0x1555537c4000, total write size = 15969552, bytes this sub-write = 15969552, bytes actually written = 18446744073709551615, offset = 0
    major: Low-level I/O
    minor: Write failed
HDF5-DIAG: Error detected in HDF5 (1.10.7) thread 0:
  #000: /scratch/spack_cpu/job_21700923/spack-stage/spack-stage-hdf5-1.10.7-xexa2gll6hf6okdatgrxiwhcjs2uepc7/spack-src/src/H5Dio.c line 335 in H5Dwrite(): can't write data
    major: Dataset
    minor: Write failed
  #001: /scratch/spack_cpu/job_21700923/spack-stage/spack-stage-hdf5-1.10.7-xexa2gll6hf6okdatgrxiwhcjs2uepc7/spack-src/src/H5Dio.c line 813 in H5D__write(): can't write data
    major: Dataset
    minor: Write failed
  #002: /scratch/spack_cpu/job_21700923/spack-stage/spack-stage-hdf5-1.10.7-xexa2gll6hf6okdatgrxiwhcjs2uepc7/spack-src/src/H5Dcontig.c line 659 in H5D__contig_write(): contiguous write failed
    major: Dataset
    minor: Write failed
  #003: /scratch/spack_cpu/job_21700923/spack-stage/spack-stage-hdf5-1.10.7-xexa2gll6hf6okdatgrxiwhcjs2uepc7/spack-src/src/H5Dselect.c line 321 in H5D__select_write(): write error
    major: Dataspace
    minor: Write failed
  #004: /scratch/spack_cpu/job_21700923/spack-stage/spack-stage-hdf5-1.10.7-xexa2gll6hf6okdatgrxiwhcjs2uepc7/spack-src/src/H5Dselect.c line 230 in H5D__select_io(): write error
    major: Dataspace
    minor: Write failed
  #005: /scratch/spack_cpu/job_21700923/spack-stage/spack-stage-hdf5-1.10.7-xexa2gll6hf6okdatgrxiwhcjs2uepc7/spack-src/src/H5Dcontig.c line 1281 in H5D__contig_writevv(): can't perform vectorized sieve buffer write
    major: Dataset
    minor: Can't operate on object
  #006: /scratch/spack_cpu/job_21700923/spack-stage/spack-stage-hdf5-1.10.7-xexa2gll6hf6okdatgrxiwhcjs2uepc7/spack-src/src/H5VM.c line 1464 in H5VM_opvv(): can't perform operation
    major: Internal error (too specific to document in detail)
    minor: Can't operate on object
  #007: /scratch/spack_cpu/job_21700923/spack-stage/spack-stage-hdf5-1.10.7-xexa2gll6hf6okdatgrxiwhcjs2uepc7/spack-src/src/H5Dcontig.c line 1029 in H5D__contig_writevv_sieve_cb(): block write failed
    major: Dataset
    minor: Write failed
  #008: /scratch/spack_cpu/job_21700923/spack-stage/spack-stage-hdf5-1.10.7-xexa2gll6hf6okdatgrxiwhcjs2uepc7/spack-src/src/H5Fio.c line 161 in H5F_block_write(): write through page buffer failed
    major: Low-level I/O
    minor: Write failed
  #009: /scratch/spack_cpu/job_21700923/spack-stage/spack-stage-hdf5-1.10.7-xexa2gll6hf6okdatgrxiwhcjs2uepc7/spack-src/src/H5PB.c line 1032 in H5PB_write(): write through metadata accumulator failed
    major: Page Buffering
    minor: Write failed
  #010: /scratch/spack_cpu/job_21700923/spack-stage/spack-stage-hdf5-1.10.7-xexa2gll6hf6okdatgrxiwhcjs2uepc7/spack-src/src/H5Faccum.c line 824 in H5F__accum_write(): file write failed
    major: Low-level I/O
    minor: Write failed
  #011: /scratch/spack_cpu/job_21700923/spack-stage/spack-stage-hdf5-1.10.7-xexa2gll6hf6okdatgrxiwhcjs2uepc7/spack-src/src/H5FDint.c line 249 in H5FD_write(): driver write request failed
    major: Virtual File Layer
    minor: Write failed
  #012: /scratch/spack_cpu/job_21700923/spack-stage/spack-stage-hdf5-1.10.7-xexa2gll6hf6okdatgrxiwhcjs2uepc7/spack-src/src/H5FDsec2.c line 856 in H5FD__sec2_write(): file write failed: time = Wed Nov 19 08:12:39 2025
, filename = 'checkpoint.h5', file descriptor = 5, errno = 14, error message = 'Bad address', buf = 0x1555537c4000, total write size = 15969552, bytes this sub-write = 15969552, bytes actually written = 18446744073709551615, offset = 0
    major: Low-level I/O
    minor: Write failed
HDF5-DIAG: Error detected in HDF5 (1.10.7) thread 0:
  #000: /scratch/spack_cpu/job_21700923/spack-stage/spack-stage-hdf5-1.10.7-xexa2gll6hf6okdatgrxiwhcjs2uepc7/spack-src/src/H5Dio.c line 335 in H5Dwrite(): can't write data
    major: Dataset
    minor: Write failed
  #001: /scratch/spack_cpu/job_21700923/spack-stage/spack-stage-hdf5-1.10.7-xexa2gll6hf6okdatgrxiwhcjs2uepc7/spack-src/src/H5Dio.c line 813 in H5D__write(): can't write data
    major: Dataset
    minor: Write failed
  #002: /scratch/spack_cpu/job_21700923/spack-stage/spack-stage-hdf5-1.10.7-xexa2gll6hf6okdatgrxiwhcjs2uepc7/spack-src/src/H5Dcontig.c line 659 in H5D__contig_write(): contiguous write failed
    major: Dataset
    minor: Write failed
  #003: /scratch/spack_cpu/job_21700923/spack-stage/spack-stage-hdf5-1.10.7-xexa2gll6hf6okdatgrxiwhcjs2uepc7/spack-src/src/H5Dselect.c line 321 in H5D__select_write(): write error
    major: Dataspace
    minor: Write failed
  #004: /scratch/spack_cpu/job_21700923/spack-stage/spack-stage-hdf5-1.10.7-xexa2gll6hf6okdatgrxiwhcjs2uepc7/spack-src/src/H5Dselect.c line 230 in H5D__select_io(): write error
    major: Dataspace
    minor: Write failed
  #005: /scratch/spack_cpu/job_21700923/spack-stage/spack-stage-hdf5-1.10.7-xexa2gll6hf6okdatgrxiwhcjs2uepc7/spack-src/src/H5Dcontig.c line 1281 in H5D__contig_writevv(): can't perform vectorized sieve buffer write
    major: Dataset
    minor: Can't operate on object
  #006: /scratch/spack_cpu/job_21700923/spack-stage/spack-stage-hdf5-1.10.7-xexa2gll6hf6okdatgrxiwhcjs2uepc7/spack-src/src/H5VM.c line 1464 in H5VM_opvv(): can't perform operation
    major: Internal error (too specific to document in detail)
    minor: Can't operate on object
  #007: /scratch/spack_cpu/job_21700923/spack-stage/spack-stage-hdf5-1.10.7-xexa2gll6hf6okdatgrxiwhcjs2uepc7/spack-src/src/H5Dcontig.c line 1029 in H5D__contig_writevv_sieve_cb(): block write failed
    major: Dataset
    minor: Write failed
  #008: /scratch/spack_cpu/job_21700923/spack-stage/spack-stage-hdf5-1.10.7-xexa2gll6hf6okdatgrxiwhcjs2uepc7/spack-src/src/H5Fio.c line 161 in H5F_block_write(): write through page buffer failed
    major: Low-level I/O
    minor: Write failed
  #009: /scratch/spack_cpu/job_21700923/spack-stage/spack-stage-hdf5-1.10.7-xexa2gll6hf6okdatgrxiwhcjs2uepc7/spack-src/src/H5PB.c line 1032 in H5PB_write(): write through metadata accumulator failed
    major: Page Buffering
    minor: Write failed
  #010: /scratch/spack_cpu/job_21700923/spack-stage/spack-stage-hdf5-1.10.7-xexa2gll6hf6okdatgrxiwhcjs2uepc7/spack-src/src/H5Faccum.c line 824 in H5F__accum_write(): file write failed
    major: Low-level I/O
    minor: Write failed
  #011: /scratch/spack_cpu/job_21700923/spack-stage/spack-stage-hdf5-1.10.7-xexa2gll6hf6okdatgrxiwhcjs2uepc7/spack-src/src/H5FDint.c line 249 in H5FD_write(): driver write request failed
    major: Virtual File Layer
    minor: Write failed
  #012: /scratch/spack_cpu/job_21700923/spack-stage/spack-stage-hdf5-1.10.7-xexa2gll6hf6okdatgrxiwhcjs2uepc7/spack-src/src/H5FDsec2.c line 856 in H5FD__sec2_write(): file write failed: time = Wed Nov 19 08:12:53 2025
, filename = 'checkpoint.h5', file descriptor = 5, errno = 14, error message = 'Bad address', buf = 0x1555537c4000, total write size = 15969552, bytes this sub-write = 15969552, bytes actually written = 18446744073709551615, offset = 0
    major: Low-level I/O
    minor: Write failed
HDF5-DIAG: Error detected in HDF5 (1.10.7) thread 0:
  #000: /scratch/spack_cpu/job_21700923/spack-stage/spack-stage-hdf5-1.10.7-xexa2gll6hf6okdatgrxiwhcjs2uepc7/spack-src/src/H5Dio.c line 335 in H5Dwrite(): can't write data
    major: Dataset
    minor: Write failed
  #001: /scratch/spack_cpu/job_21700923/spack-stage/spack-stage-hdf5-1.10.7-xexa2gll6hf6okdatgrxiwhcjs2uepc7/spack-src/src/H5Dio.c line 813 in H5D__write(): can't write data
    major: Dataset
    minor: Write failed
  #002: /scratch/spack_cpu/job_21700923/spack-stage/spack-stage-hdf5-1.10.7-xexa2gll6hf6okdatgrxiwhcjs2uepc7/spack-src/src/H5Dcontig.c line 659 in H5D__contig_write(): contiguous write failed
    major: Dataset
    minor: Write failed
  #003: /scratch/spack_cpu/job_21700923/spack-stage/spack-stage-hdf5-1.10.7-xexa2gll6hf6okdatgrxiwhcjs2uepc7/spack-src/src/H5Dselect.c line 321 in H5D__select_write(): write error
    major: Dataspace
    minor: Write failed
  #004: /scratch/spack_cpu/job_21700923/spack-stage/spack-stage-hdf5-1.10.7-xexa2gll6hf6okdatgrxiwhcjs2uepc7/spack-src/src/H5Dselect.c line 230 in H5D__select_io(): write error
    major: Dataspace
    minor: Write failed
  #005: /scratch/spack_cpu/job_21700923/spack-stage/spack-stage-hdf5-1.10.7-xexa2gll6hf6okdatgrxiwhcjs2uepc7/spack-src/src/H5Dcontig.c line 1281 in H5D__contig_writevv(): can't perform vectorized sieve buffer write
    major: Dataset
    minor: Can't operate on object
  #006: /scratch/spack_cpu/job_21700923/spack-stage/spack-stage-hdf5-1.10.7-xexa2gll6hf6okdatgrxiwhcjs2uepc7/spack-src/src/H5VM.c line 1464 in H5VM_opvv(): can't perform operation
    major: Internal error (too specific to document in detail)
    minor: Can't operate on object
  #007: /scratch/spack_cpu/job_21700923/spack-stage/spack-stage-hdf5-1.10.7-xexa2gll6hf6okdatgrxiwhcjs2uepc7/spack-src/src/H5Dcontig.c line 1029 in H5D__contig_writevv_sieve_cb(): block write failed
    major: Dataset
    minor: Write failed
  #008: /scratch/spack_cpu/job_21700923/spack-stage/spack-stage-hdf5-1.10.7-xexa2gll6hf6okdatgrxiwhcjs2uepc7/spack-src/src/H5Fio.c line 161 in H5F_block_write(): write through page buffer failed
    major: Low-level I/O
    minor: Write failed
  #009: /scratch/spack_cpu/job_21700923/spack-stage/spack-stage-hdf5-1.10.7-xexa2gll6hf6okdatgrxiwhcjs2uepc7/spack-src/src/H5PB.c line 1032 in H5PB_write(): write through metadata accumulator failed
    major: Page Buffering
    minor: Write failed
  #010: /scratch/spack_cpu/job_21700923/spack-stage/spack-stage-hdf5-1.10.7-xexa2gll6hf6okdatgrxiwhcjs2uepc7/spack-src/src/H5Faccum.c line 824 in H5F__accum_write(): file write failed
    major: Low-level I/O
    minor: Write failed
  #011: /scratch/spack_cpu/job_21700923/spack-stage/spack-stage-hdf5-1.10.7-xexa2gll6hf6okdatgrxiwhcjs2uepc7/spack-src/src/H5FDint.c line 249 in H5FD_write(): driver write request failed
    major: Virtual File Layer
    minor: Write failed
  #012: /scratch/spack_cpu/job_21700923/spack-stage/spack-stage-hdf5-1.10.7-xexa2gll6hf6okdatgrxiwhcjs2uepc7/spack-src/src/H5FDsec2.c line 856 in H5FD__sec2_write(): file write failed: time = Wed Nov 19 08:13:06 2025
, filename = 'checkpoint.h5', file descriptor = 5, errno = 14, error message = 'Bad address', buf = 0x1555537c4000, total write size = 15969552, bytes this sub-write = 15969552, bytes actually written = 18446744073709551615, offset = 0
    major: Low-level I/O
    minor: Write failed
HDF5-DIAG: Error detected in HDF5 (1.10.7) thread 0:
  #000: /scratch/spack_cpu/job_21700923/spack-stage/spack-stage-hdf5-1.10.7-xexa2gll6hf6okdatgrxiwhcjs2uepc7/spack-src/src/H5Dio.c line 335 in H5Dwrite(): can't write data
    major: Dataset
    minor: Write failed
  #001: /scratch/spack_cpu/job_21700923/spack-stage/spack-stage-hdf5-1.10.7-xexa2gll6hf6okdatgrxiwhcjs2uepc7/spack-src/src/H5Dio.c line 813 in H5D__write(): can't write data
    major: Dataset
    minor: Write failed
  #002: /scratch/spack_cpu/job_21700923/spack-stage/spack-stage-hdf5-1.10.7-xexa2gll6hf6okdatgrxiwhcjs2uepc7/spack-src/src/H5Dcontig.c line 659 in H5D__contig_write(): contiguous write failed
    major: Dataset
    minor: Write failed
  #003: /scratch/spack_cpu/job_21700923/spack-stage/spack-stage-hdf5-1.10.7-xexa2gll6hf6okdatgrxiwhcjs2uepc7/spack-src/src/H5Dselect.c line 321 in H5D__select_write(): write error
    major: Dataspace
    minor: Write failed
  #004: /scratch/spack_cpu/job_21700923/spack-stage/spack-stage-hdf5-1.10.7-xexa2gll6hf6okdatgrxiwhcjs2uepc7/spack-src/src/H5Dselect.c line 230 in H5D__select_io(): write error
    major: Dataspace
    minor: Write failed
  #005: /scratch/spack_cpu/job_21700923/spack-stage/spack-stage-hdf5-1.10.7-xexa2gll6hf6okdatgrxiwhcjs2uepc7/spack-src/src/H5Dcontig.c line 1281 in H5D__contig_writevv(): can't perform vectorized sieve buffer write
    major: Dataset
    minor: Can't operate on object
  #006: /scratch/spack_cpu/job_21700923/spack-stage/spack-stage-hdf5-1.10.7-xexa2gll6hf6okdatgrxiwhcjs2uepc7/spack-src/src/H5VM.c line 1464 in H5VM_opvv(): can't perform operation
    major: Internal error (too specific to document in detail)
    minor: Can't operate on object
  #007: /scratch/spack_cpu/job_21700923/spack-stage/spack-stage-hdf5-1.10.7-xexa2gll6hf6okdatgrxiwhcjs2uepc7/spack-src/src/H5Dcontig.c line 1029 in H5D__contig_writevv_sieve_cb(): block write failed
    major: Dataset
    minor: Write failed
  #008: /scratch/spack_cpu/job_21700923/spack-stage/spack-stage-hdf5-1.10.7-xexa2gll6hf6okdatgrxiwhcjs2uepc7/spack-src/src/H5Fio.c line 161 in H5F_block_write(): write through page buffer failed
    major: Low-level I/O
    minor: Write failed
  #009: /scratch/spack_cpu/job_21700923/spack-stage/spack-stage-hdf5-1.10.7-xexa2gll6hf6okdatgrxiwhcjs2uepc7/spack-src/src/H5PB.c line 1032 in H5PB_write(): write through metadata accumulator failed
    major: Page Buffering
    minor: Write failed
  #010: /scratch/spack_cpu/job_21700923/spack-stage/spack-stage-hdf5-1.10.7-xexa2gll6hf6okdatgrxiwhcjs2uepc7/spack-src/src/H5Faccum.c line 824 in H5F__accum_write(): file write failed
    major: Low-level I/O
    minor: Write failed
  #011: /scratch/spack_cpu/job_21700923/spack-stage/spack-stage-hdf5-1.10.7-xexa2gll6hf6okdatgrxiwhcjs2uepc7/spack-src/src/H5FDint.c line 249 in H5FD_write(): driver write request failed
    major: Virtual File Layer
    minor: Write failed
  #012: /scratch/spack_cpu/job_21700923/spack-stage/spack-stage-hdf5-1.10.7-xexa2gll6hf6okdatgrxiwhcjs2uepc7/spack-src/src/H5FDsec2.c line 856 in H5FD__sec2_write(): file write failed: time = Wed Nov 19 08:13:19 2025
, filename = 'checkpoint.h5', file descriptor = 5, errno = 14, error message = 'Bad address', buf = 0x1555537c4000, total write size = 15969552, bytes this sub-write = 15969552, bytes actually written = 18446744073709551615, offset = 0
    major: Low-level I/O
    minor: Write failed
HDF5-DIAG: Error detected in HDF5 (1.10.7) thread 0:
  #000: /scratch/spack_cpu/job_21700923/spack-stage/spack-stage-hdf5-1.10.7-xexa2gll6hf6okdatgrxiwhcjs2uepc7/spack-src/src/H5Dio.c line 335 in H5Dwrite(): can't write data
    major: Dataset
    minor: Write failed
  #001: /scratch/spack_cpu/job_21700923/spack-stage/spack-stage-hdf5-1.10.7-xexa2gll6hf6okdatgrxiwhcjs2uepc7/spack-src/src/H5Dio.c line 813 in H5D__write(): can't write data
    major: Dataset
    minor: Write failed
  #002: /scratch/spack_cpu/job_21700923/spack-stage/spack-stage-hdf5-1.10.7-xexa2gll6hf6okdatgrxiwhcjs2uepc7/spack-src/src/H5Dcontig.c line 659 in H5D__contig_write(): contiguous write failed
    major: Dataset
    minor: Write failed
  #003: /scratch/spack_cpu/job_21700923/spack-stage/spack-stage-hdf5-1.10.7-xexa2gll6hf6okdatgrxiwhcjs2uepc7/spack-src/src/H5Dselect.c line 321 in H5D__select_write(): write error
    major: Dataspace
    minor: Write failed
  #004: /scratch/spack_cpu/job_21700923/spack-stage/spack-stage-hdf5-1.10.7-xexa2gll6hf6okdatgrxiwhcjs2uepc7/spack-src/src/H5Dselect.c line 230 in H5D__select_io(): write error
    major: Dataspace
    minor: Write failed
  #005: /scratch/spack_cpu/job_21700923/spack-stage/spack-stage-hdf5-1.10.7-xexa2gll6hf6okdatgrxiwhcjs2uepc7/spack-src/src/H5Dcontig.c line 1281 in H5D__contig_writevv(): can't perform vectorized sieve buffer write
    major: Dataset
    minor: Can't operate on object
  #006: /scratch/spack_cpu/job_21700923/spack-stage/spack-stage-hdf5-1.10.7-xexa2gll6hf6okdatgrxiwhcjs2uepc7/spack-src/src/H5VM.c line 1464 in H5VM_opvv(): can't perform operation
    major: Internal error (too specific to document in detail)
    minor: Can't operate on object
  #007: /scratch/spack_cpu/job_21700923/spack-stage/spack-stage-hdf5-1.10.7-xexa2gll6hf6okdatgrxiwhcjs2uepc7/spack-src/src/H5Dcontig.c line 1029 in H5D__contig_writevv_sieve_cb(): block write failed
    major: Dataset
    minor: Write failed
  #008: /scratch/spack_cpu/job_21700923/spack-stage/spack-stage-hdf5-1.10.7-xexa2gll6hf6okdatgrxiwhcjs2uepc7/spack-src/src/H5Fio.c line 161 in H5F_block_write(): write through page buffer failed
    major: Low-level I/O
    minor: Write failed
  #009: /scratch/spack_cpu/job_21700923/spack-stage/spack-stage-hdf5-1.10.7-xexa2gll6hf6okdatgrxiwhcjs2uepc7/spack-src/src/H5PB.c line 1032 in H5PB_write(): write through metadata accumulator failed
    major: Page Buffering
    minor: Write failed
  #010: /scratch/spack_cpu/job_21700923/spack-stage/spack-stage-hdf5-1.10.7-xexa2gll6hf6okdatgrxiwhcjs2uepc7/spack-src/src/H5Faccum.c line 824 in H5F__accum_write(): file write failed
    major: Low-level I/O
    minor: Write failed
  #011: /scratch/spack_cpu/job_21700923/spack-stage/spack-stage-hdf5-1.10.7-xexa2gll6hf6okdatgrxiwhcjs2uepc7/spack-src/src/H5FDint.c line 249 in H5FD_write(): driver write request failed
    major: Virtual File Layer
    minor: Write failed
  #012: /scratch/spack_cpu/job_21700923/spack-stage/spack-stage-hdf5-1.10.7-xexa2gll6hf6okdatgrxiwhcjs2uepc7/spack-src/src/H5FDsec2.c line 856 in H5FD__sec2_write(): file write failed: time = Wed Nov 19 08:13:32 2025
, filename = 'checkpoint.h5', file descriptor = 5, errno = 14, error message = 'Bad address', buf = 0x1555537c4000, total write size = 15969552, bytes this sub-write = 15969552, bytes actually written = 18446744073709551615, offset = 0
    major: Low-level I/O
    minor: Write failed
HDF5-DIAG: Error detected in HDF5 (1.10.7) thread 0:
  #000: /scratch/spack_cpu/job_21700923/spack-stage/spack-stage-hdf5-1.10.7-xexa2gll6hf6okdatgrxiwhcjs2uepc7/spack-src/src/H5Dio.c line 335 in H5Dwrite(): can't write data
    major: Dataset
    minor: Write failed
  #001: /scratch/spack_cpu/job_21700923/spack-stage/spack-stage-hdf5-1.10.7-xexa2gll6hf6okdatgrxiwhcjs2uepc7/spack-src/src/H5Dio.c line 813 in H5D__write(): can't write data
    major: Dataset
    minor: Write failed
  #002: /scratch/spack_cpu/job_21700923/spack-stage/spack-stage-hdf5-1.10.7-xexa2gll6hf6okdatgrxiwhcjs2uepc7/spack-src/src/H5Dcontig.c line 659 in H5D__contig_write(): contiguous write failed
    major: Dataset
    minor: Write failed
  #003: /scratch/spack_cpu/job_21700923/spack-stage/spack-stage-hdf5-1.10.7-xexa2gll6hf6okdatgrxiwhcjs2uepc7/spack-src/src/H5Dselect.c line 321 in H5D__select_write(): write error
    major: Dataspace
    minor: Write failed
  #004: /scratch/spack_cpu/job_21700923/spack-stage/spack-stage-hdf5-1.10.7-xexa2gll6hf6okdatgrxiwhcjs2uepc7/spack-src/src/H5Dselect.c line 230 in H5D__select_io(): write error
    major: Dataspace
    minor: Write failed
  #005: /scratch/spack_cpu/job_21700923/spack-stage/spack-stage-hdf5-1.10.7-xexa2gll6hf6okdatgrxiwhcjs2uepc7/spack-src/src/H5Dcontig.c line 1281 in H5D__contig_writevv(): can't perform vectorized sieve buffer write
    major: Dataset
    minor: Can't operate on object
  #006: /scratch/spack_cpu/job_21700923/spack-stage/spack-stage-hdf5-1.10.7-xexa2gll6hf6okdatgrxiwhcjs2uepc7/spack-src/src/H5VM.c line 1464 in H5VM_opvv(): can't perform operation
    major: Internal error (too specific to document in detail)
    minor: Can't operate on object
  #007: /scratch/spack_cpu/job_21700923/spack-stage/spack-stage-hdf5-1.10.7-xexa2gll6hf6okdatgrxiwhcjs2uepc7/spack-src/src/H5Dcontig.c line 1029 in H5D__contig_writevv_sieve_cb(): block write failed
    major: Dataset
    minor: Write failed
  #008: /scratch/spack_cpu/job_21700923/spack-stage/spack-stage-hdf5-1.10.7-xexa2gll6hf6okdatgrxiwhcjs2uepc7/spack-src/src/H5Fio.c line 161 in H5F_block_write(): write through page buffer failed
    major: Low-level I/O
    minor: Write failed
  #009: /scratch/spack_cpu/job_21700923/spack-stage/spack-stage-hdf5-1.10.7-xexa2gll6hf6okdatgrxiwhcjs2uepc7/spack-src/src/H5PB.c line 1032 in H5PB_write(): write through metadata accumulator failed
    major: Page Buffering
    minor: Write failed
  #010: /scratch/spack_cpu/job_21700923/spack-stage/spack-stage-hdf5-1.10.7-xexa2gll6hf6okdatgrxiwhcjs2uepc7/spack-src/src/H5Faccum.c line 824 in H5F__accum_write(): file write failed
    major: Low-level I/O
    minor: Write failed
  #011: /scratch/spack_cpu/job_21700923/spack-stage/spack-stage-hdf5-1.10.7-xexa2gll6hf6okdatgrxiwhcjs2uepc7/spack-src/src/H5FDint.c line 249 in H5FD_write(): driver write request failed
    major: Virtual File Layer
    minor: Write failed
  #012: /scratch/spack_cpu/job_21700923/spack-stage/spack-stage-hdf5-1.10.7-xexa2gll6hf6okdatgrxiwhcjs2uepc7/spack-src/src/H5FDsec2.c line 856 in H5FD__sec2_write(): file write failed: time = Wed Nov 19 08:13:44 2025
, filename = 'checkpoint.h5', file descriptor = 5, errno = 14, error message = 'Bad address', buf = 0x1555537c4000, total write size = 15969552, bytes this sub-write = 15969552, bytes actually written = 18446744073709551615, offset = 0
    major: Low-level I/O
    minor: Write failed
HDF5-DIAG: Error detected in HDF5 (1.10.7) thread 0:
  #000: /scratch/spack_cpu/job_21700923/spack-stage/spack-stage-hdf5-1.10.7-xexa2gll6hf6okdatgrxiwhcjs2uepc7/spack-src/src/H5Dio.c line 335 in H5Dwrite(): can't write data
    major: Dataset
    minor: Write failed
  #001: /scratch/spack_cpu/job_21700923/spack-stage/spack-stage-hdf5-1.10.7-xexa2gll6hf6okdatgrxiwhcjs2uepc7/spack-src/src/H5Dio.c line 813 in H5D__write(): can't write data
    major: Dataset
    minor: Write failed
  #002: /scratch/spack_cpu/job_21700923/spack-stage/spack-stage-hdf5-1.10.7-xexa2gll6hf6okdatgrxiwhcjs2uepc7/spack-src/src/H5Dcontig.c line 659 in H5D__contig_write(): contiguous write failed
    major: Dataset
    minor: Write failed
  #003: /scratch/spack_cpu/job_21700923/spack-stage/spack-stage-hdf5-1.10.7-xexa2gll6hf6okdatgrxiwhcjs2uepc7/spack-src/src/H5Dselect.c line 321 in H5D__select_write(): write error
    major: Dataspace
    minor: Write failed
  #004: /scratch/spack_cpu/job_21700923/spack-stage/spack-stage-hdf5-1.10.7-xexa2gll6hf6okdatgrxiwhcjs2uepc7/spack-src/src/H5Dselect.c line 230 in H5D__select_io(): write error
    major: Dataspace
    minor: Write failed
  #005: /scratch/spack_cpu/job_21700923/spack-stage/spack-stage-hdf5-1.10.7-xexa2gll6hf6okdatgrxiwhcjs2uepc7/spack-src/src/H5Dcontig.c line 1281 in H5D__contig_writevv(): can't perform vectorized sieve buffer write
    major: Dataset
    minor: Can't operate on object
  #006: /scratch/spack_cpu/job_21700923/spack-stage/spack-stage-hdf5-1.10.7-xexa2gll6hf6okdatgrxiwhcjs2uepc7/spack-src/src/H5VM.c line 1464 in H5VM_opvv(): can't perform operation
    major: Internal error (too specific to document in detail)
    minor: Can't operate on object
  #007: /scratch/spack_cpu/job_21700923/spack-stage/spack-stage-hdf5-1.10.7-xexa2gll6hf6okdatgrxiwhcjs2uepc7/spack-src/src/H5Dcontig.c line 1029 in H5D__contig_writevv_sieve_cb(): block write failed
    major: Dataset
    minor: Write failed
  #008: /scratch/spack_cpu/job_21700923/spack-stage/spack-stage-hdf5-1.10.7-xexa2gll6hf6okdatgrxiwhcjs2uepc7/spack-src/src/H5Fio.c line 161 in H5F_block_write(): write through page buffer failed
    major: Low-level I/O
    minor: Write failed
  #009: /scratch/spack_cpu/job_21700923/spack-stage/spack-stage-hdf5-1.10.7-xexa2gll6hf6okdatgrxiwhcjs2uepc7/spack-src/src/H5PB.c line 1032 in H5PB_write(): write through metadata accumulator failed
    major: Page Buffering
    minor: Write failed
  #010: /scratch/spack_cpu/job_21700923/spack-stage/spack-stage-hdf5-1.10.7-xexa2gll6hf6okdatgrxiwhcjs2uepc7/spack-src/src/H5Faccum.c line 824 in H5F__accum_write(): file write failed
    major: Low-level I/O
    minor: Write failed
  #011: /scratch/spack_cpu/job_21700923/spack-stage/spack-stage-hdf5-1.10.7-xexa2gll6hf6okdatgrxiwhcjs2uepc7/spack-src/src/H5FDint.c line 249 in H5FD_write(): driver write request failed
    major: Virtual File Layer
    minor: Write failed
  #012: /scratch/spack_cpu/job_21700923/spack-stage/spack-stage-hdf5-1.10.7-xexa2gll6hf6okdatgrxiwhcjs2uepc7/spack-src/src/H5FDsec2.c line 856 in H5FD__sec2_write(): file write failed: time = Wed Nov 19 08:13:58 2025
, filename = 'checkpoint.h5', file descriptor = 5, errno = 14, error message = 'Bad address', buf = 0x1555537c4000, total write size = 15969552, bytes this sub-write = 15969552, bytes actually written = 18446744073709551615, offset = 0
    major: Low-level I/O
    minor: Write failed
HDF5-DIAG: Error detected in HDF5 (1.10.7) thread 0:
  #000: /scratch/spack_cpu/job_21700923/spack-stage/spack-stage-hdf5-1.10.7-xexa2gll6hf6okdatgrxiwhcjs2uepc7/spack-src/src/H5Dio.c line 335 in H5Dwrite(): can't write data
    major: Dataset
    minor: Write failed
  #001: /scratch/spack_cpu/job_21700923/spack-stage/spack-stage-hdf5-1.10.7-xexa2gll6hf6okdatgrxiwhcjs2uepc7/spack-src/src/H5Dio.c line 813 in H5D__write(): can't write data
    major: Dataset
    minor: Write failed
  #002: /scratch/spack_cpu/job_21700923/spack-stage/spack-stage-hdf5-1.10.7-xexa2gll6hf6okdatgrxiwhcjs2uepc7/spack-src/src/H5Dcontig.c line 659 in H5D__contig_write(): contiguous write failed
    major: Dataset
    minor: Write failed
  #003: /scratch/spack_cpu/job_21700923/spack-stage/spack-stage-hdf5-1.10.7-xexa2gll6hf6okdatgrxiwhcjs2uepc7/spack-src/src/H5Dselect.c line 321 in H5D__select_write(): write error
    major: Dataspace
    minor: Write failed
  #004: /scratch/spack_cpu/job_21700923/spack-stage/spack-stage-hdf5-1.10.7-xexa2gll6hf6okdatgrxiwhcjs2uepc7/spack-src/src/H5Dselect.c line 230 in H5D__select_io(): write error
    major: Dataspace
    minor: Write failed
  #005: /scratch/spack_cpu/job_21700923/spack-stage/spack-stage-hdf5-1.10.7-xexa2gll6hf6okdatgrxiwhcjs2uepc7/spack-src/src/H5Dcontig.c line 1281 in H5D__contig_writevv(): can't perform vectorized sieve buffer write
    major: Dataset
    minor: Can't operate on object
  #006: /scratch/spack_cpu/job_21700923/spack-stage/spack-stage-hdf5-1.10.7-xexa2gll6hf6okdatgrxiwhcjs2uepc7/spack-src/src/H5VM.c line 1464 in H5VM_opvv(): can't perform operation
    major: Internal error (too specific to document in detail)
    minor: Can't operate on object
  #007: /scratch/spack_cpu/job_21700923/spack-stage/spack-stage-hdf5-1.10.7-xexa2gll6hf6okdatgrxiwhcjs2uepc7/spack-src/src/H5Dcontig.c line 1029 in H5D__contig_writevv_sieve_cb(): block write failed
    major: Dataset
    minor: Write failed
  #008: /scratch/spack_cpu/job_21700923/spack-stage/spack-stage-hdf5-1.10.7-xexa2gll6hf6okdatgrxiwhcjs2uepc7/spack-src/src/H5Fio.c line 161 in H5F_block_write(): write through page buffer failed
    major: Low-level I/O
    minor: Write failed
  #009: /scratch/spack_cpu/job_21700923/spack-stage/spack-stage-hdf5-1.10.7-xexa2gll6hf6okdatgrxiwhcjs2uepc7/spack-src/src/H5PB.c line 1032 in H5PB_write(): write through metadata accumulator failed
    major: Page Buffering
    minor: Write failed
  #010: /scratch/spack_cpu/job_21700923/spack-stage/spack-stage-hdf5-1.10.7-xexa2gll6hf6okdatgrxiwhcjs2uepc7/spack-src/src/H5Faccum.c line 824 in H5F__accum_write(): file write failed
    major: Low-level I/O
    minor: Write failed
  #011: /scratch/spack_cpu/job_21700923/spack-stage/spack-stage-hdf5-1.10.7-xexa2gll6hf6okdatgrxiwhcjs2uepc7/spack-src/src/H5FDint.c line 249 in H5FD_write(): driver write request failed
    major: Virtual File Layer
    minor: Write failed
  #012: /scratch/spack_cpu/job_21700923/spack-stage/spack-stage-hdf5-1.10.7-xexa2gll6hf6okdatgrxiwhcjs2uepc7/spack-src/src/H5FDsec2.c line 856 in H5FD__sec2_write(): file write failed: time = Wed Nov 19 08:14:11 2025
, filename = 'checkpoint.h5', file descriptor = 5, errno = 14, error message = 'Bad address', buf = 0x1555537c4000, total write size = 15969552, bytes this sub-write = 15969552, bytes actually written = 18446744073709551615, offset = 0
    major: Low-level I/O
    minor: Write failed
HDF5-DIAG: Error detected in HDF5 (1.10.7) thread 0:
  #000: /scratch/spack_cpu/job_21700923/spack-stage/spack-stage-hdf5-1.10.7-xexa2gll6hf6okdatgrxiwhcjs2uepc7/spack-src/src/H5Dio.c line 335 in H5Dwrite(): can't write data
    major: Dataset
    minor: Write failed
  #001: /scratch/spack_cpu/job_21700923/spack-stage/spack-stage-hdf5-1.10.7-xexa2gll6hf6okdatgrxiwhcjs2uepc7/spack-src/src/H5Dio.c line 813 in H5D__write(): can't write data
    major: Dataset
    minor: Write failed
  #002: /scratch/spack_cpu/job_21700923/spack-stage/spack-stage-hdf5-1.10.7-xexa2gll6hf6okdatgrxiwhcjs2uepc7/spack-src/src/H5Dcontig.c line 659 in H5D__contig_write(): contiguous write failed
    major: Dataset
    minor: Write failed
  #003: /scratch/spack_cpu/job_21700923/spack-stage/spack-stage-hdf5-1.10.7-xexa2gll6hf6okdatgrxiwhcjs2uepc7/spack-src/src/H5Dselect.c line 321 in H5D__select_write(): write error
    major: Dataspace
    minor: Write failed
  #004: /scratch/spack_cpu/job_21700923/spack-stage/spack-stage-hdf5-1.10.7-xexa2gll6hf6okdatgrxiwhcjs2uepc7/spack-src/src/H5Dselect.c line 230 in H5D__select_io(): write error
    major: Dataspace
    minor: Write failed
  #005: /scratch/spack_cpu/job_21700923/spack-stage/spack-stage-hdf5-1.10.7-xexa2gll6hf6okdatgrxiwhcjs2uepc7/spack-src/src/H5Dcontig.c line 1281 in H5D__contig_writevv(): can't perform vectorized sieve buffer write
    major: Dataset
    minor: Can't operate on object
  #006: /scratch/spack_cpu/job_21700923/spack-stage/spack-stage-hdf5-1.10.7-xexa2gll6hf6okdatgrxiwhcjs2uepc7/spack-src/src/H5VM.c line 1464 in H5VM_opvv(): can't perform operation
    major: Internal error (too specific to document in detail)
    minor: Can't operate on object
  #007: /scratch/spack_cpu/job_21700923/spack-stage/spack-stage-hdf5-1.10.7-xexa2gll6hf6okdatgrxiwhcjs2uepc7/spack-src/src/H5Dcontig.c line 1029 in H5D__contig_writevv_sieve_cb(): block write failed
    major: Dataset
    minor: Write failed
  #008: /scratch/spack_cpu/job_21700923/spack-stage/spack-stage-hdf5-1.10.7-xexa2gll6hf6okdatgrxiwhcjs2uepc7/spack-src/src/H5Fio.c line 161 in H5F_block_write(): write through page buffer failed
    major: Low-level I/O
    minor: Write failed
  #009: /scratch/spack_cpu/job_21700923/spack-stage/spack-stage-hdf5-1.10.7-xexa2gll6hf6okdatgrxiwhcjs2uepc7/spack-src/src/H5PB.c line 1032 in H5PB_write(): write through metadata accumulator failed
    major: Page Buffering
    minor: Write failed
  #010: /scratch/spack_cpu/job_21700923/spack-stage/spack-stage-hdf5-1.10.7-xexa2gll6hf6okdatgrxiwhcjs2uepc7/spack-src/src/H5Faccum.c line 824 in H5F__accum_write(): file write failed
    major: Low-level I/O
    minor: Write failed
  #011: /scratch/spack_cpu/job_21700923/spack-stage/spack-stage-hdf5-1.10.7-xexa2gll6hf6okdatgrxiwhcjs2uepc7/spack-src/src/H5FDint.c line 249 in H5FD_write(): driver write request failed
    major: Virtual File Layer
    minor: Write failed
  #012: /scratch/spack_cpu/job_21700923/spack-stage/spack-stage-hdf5-1.10.7-xexa2gll6hf6okdatgrxiwhcjs2uepc7/spack-src/src/H5FDsec2.c line 856 in H5FD__sec2_write(): file write failed: time = Wed Nov 19 08:14:24 2025
, filename = 'checkpoint.h5', file descriptor = 5, errno = 14, error message = 'Bad address', buf = 0x1555537c4000, total write size = 15969552, bytes this sub-write = 15969552, bytes actually written = 18446744073709551615, offset = 0
    major: Low-level I/O
    minor: Write failed
HDF5-DIAG: Error detected in HDF5 (1.10.7) thread 0:
  #000: /scratch/spack_cpu/job_21700923/spack-stage/spack-stage-hdf5-1.10.7-xexa2gll6hf6okdatgrxiwhcjs2uepc7/spack-src/src/H5Dio.c line 335 in H5Dwrite(): can't write data
    major: Dataset
    minor: Write failed
  #001: /scratch/spack_cpu/job_21700923/spack-stage/spack-stage-hdf5-1.10.7-xexa2gll6hf6okdatgrxiwhcjs2uepc7/spack-src/src/H5Dio.c line 813 in H5D__write(): can't write data
    major: Dataset
    minor: Write failed
  #002: /scratch/spack_cpu/job_21700923/spack-stage/spack-stage-hdf5-1.10.7-xexa2gll6hf6okdatgrxiwhcjs2uepc7/spack-src/src/H5Dcontig.c line 659 in H5D__contig_write(): contiguous write failed
    major: Dataset
    minor: Write failed
  #003: /scratch/spack_cpu/job_21700923/spack-stage/spack-stage-hdf5-1.10.7-xexa2gll6hf6okdatgrxiwhcjs2uepc7/spack-src/src/H5Dselect.c line 321 in H5D__select_write(): write error
    major: Dataspace
    minor: Write failed
  #004: /scratch/spack_cpu/job_21700923/spack-stage/spack-stage-hdf5-1.10.7-xexa2gll6hf6okdatgrxiwhcjs2uepc7/spack-src/src/H5Dselect.c line 230 in H5D__select_io(): write error
    major: Dataspace
    minor: Write failed
  #005: /scratch/spack_cpu/job_21700923/spack-stage/spack-stage-hdf5-1.10.7-xexa2gll6hf6okdatgrxiwhcjs2uepc7/spack-src/src/H5Dcontig.c line 1281 in H5D__contig_writevv(): can't perform vectorized sieve buffer write
    major: Dataset
    minor: Can't operate on object
  #006: /scratch/spack_cpu/job_21700923/spack-stage/spack-stage-hdf5-1.10.7-xexa2gll6hf6okdatgrxiwhcjs2uepc7/spack-src/src/H5VM.c line 1464 in H5VM_opvv(): can't perform operation
    major: Internal error (too specific to document in detail)
    minor: Can't operate on object
  #007: /scratch/spack_cpu/job_21700923/spack-stage/spack-stage-hdf5-1.10.7-xexa2gll6hf6okdatgrxiwhcjs2uepc7/spack-src/src/H5Dcontig.c line 1029 in H5D__contig_writevv_sieve_cb(): block write failed
    major: Dataset
    minor: Write failed
  #008: /scratch/spack_cpu/job_21700923/spack-stage/spack-stage-hdf5-1.10.7-xexa2gll6hf6okdatgrxiwhcjs2uepc7/spack-src/src/H5Fio.c line 161 in H5F_block_write(): write through page buffer failed
    major: Low-level I/O
    minor: Write failed
  #009: /scratch/spack_cpu/job_21700923/spack-stage/spack-stage-hdf5-1.10.7-xexa2gll6hf6okdatgrxiwhcjs2uepc7/spack-src/src/H5PB.c line 1032 in H5PB_write(): write through metadata accumulator failed
    major: Page Buffering
    minor: Write failed
  #010: /scratch/spack_cpu/job_21700923/spack-stage/spack-stage-hdf5-1.10.7-xexa2gll6hf6okdatgrxiwhcjs2uepc7/spack-src/src/H5Faccum.c line 824 in H5F__accum_write(): file write failed
    major: Low-level I/O
    minor: Write failed
  #011: /scratch/spack_cpu/job_21700923/spack-stage/spack-stage-hdf5-1.10.7-xexa2gll6hf6okdatgrxiwhcjs2uepc7/spack-src/src/H5FDint.c line 249 in H5FD_write(): driver write request failed
    major: Virtual File Layer
    minor: Write failed
  #012: /scratch/spack_cpu/job_21700923/spack-stage/spack-stage-hdf5-1.10.7-xexa2gll6hf6okdatgrxiwhcjs2uepc7/spack-src/src/H5FDsec2.c line 856 in H5FD__sec2_write(): file write failed: time = Wed Nov 19 08:14:37 2025
, filename = 'checkpoint.h5', file descriptor = 5, errno = 14, error message = 'Bad address', buf = 0x1555537c4000, total write size = 15969552, bytes this sub-write = 15969552, bytes actually written = 18446744073709551615, offset = 0
    major: Low-level I/O
    minor: Write failed
HDF5-DIAG: Error detected in HDF5 (1.10.7) thread 0:
  #000: /scratch/spack_cpu/job_21700923/spack-stage/spack-stage-hdf5-1.10.7-xexa2gll6hf6okdatgrxiwhcjs2uepc7/spack-src/src/H5Dio.c line 335 in H5Dwrite(): can't write data
    major: Dataset
    minor: Write failed
  #001: /scratch/spack_cpu/job_21700923/spack-stage/spack-stage-hdf5-1.10.7-xexa2gll6hf6okdatgrxiwhcjs2uepc7/spack-src/src/H5Dio.c line 813 in H5D__write(): can't write data
    major: Dataset
    minor: Write failed
  #002: /scratch/spack_cpu/job_21700923/spack-stage/spack-stage-hdf5-1.10.7-xexa2gll6hf6okdatgrxiwhcjs2uepc7/spack-src/src/H5Dcontig.c line 659 in H5D__contig_write(): contiguous write failed
    major: Dataset
    minor: Write failed
  #003: /scratch/spack_cpu/job_21700923/spack-stage/spack-stage-hdf5-1.10.7-xexa2gll6hf6okdatgrxiwhcjs2uepc7/spack-src/src/H5Dselect.c line 321 in H5D__select_write(): write error
    major: Dataspace
    minor: Write failed
  #004: /scratch/spack_cpu/job_21700923/spack-stage/spack-stage-hdf5-1.10.7-xexa2gll6hf6okdatgrxiwhcjs2uepc7/spack-src/src/H5Dselect.c line 230 in H5D__select_io(): write error
    major: Dataspace
    minor: Write failed
  #005: /scratch/spack_cpu/job_21700923/spack-stage/spack-stage-hdf5-1.10.7-xexa2gll6hf6okdatgrxiwhcjs2uepc7/spack-src/src/H5Dcontig.c line 1281 in H5D__contig_writevv(): can't perform vectorized sieve buffer write
    major: Dataset
    minor: Can't operate on object
  #006: /scratch/spack_cpu/job_21700923/spack-stage/spack-stage-hdf5-1.10.7-xexa2gll6hf6okdatgrxiwhcjs2uepc7/spack-src/src/H5VM.c line 1464 in H5VM_opvv(): can't perform operation
    major: Internal error (too specific to document in detail)
    minor: Can't operate on object
  #007: /scratch/spack_cpu/job_21700923/spack-stage/spack-stage-hdf5-1.10.7-xexa2gll6hf6okdatgrxiwhcjs2uepc7/spack-src/src/H5Dcontig.c line 1029 in H5D__contig_writevv_sieve_cb(): block write failed
    major: Dataset
    minor: Write failed
  #008: /scratch/spack_cpu/job_21700923/spack-stage/spack-stage-hdf5-1.10.7-xexa2gll6hf6okdatgrxiwhcjs2uepc7/spack-src/src/H5Fio.c line 161 in H5F_block_write(): write through page buffer failed
    major: Low-level I/O
    minor: Write failed
  #009: /scratch/spack_cpu/job_21700923/spack-stage/spack-stage-hdf5-1.10.7-xexa2gll6hf6okdatgrxiwhcjs2uepc7/spack-src/src/H5PB.c line 1032 in H5PB_write(): write through metadata accumulator failed
    major: Page Buffering
    minor: Write failed
  #010: /scratch/spack_cpu/job_21700923/spack-stage/spack-stage-hdf5-1.10.7-xexa2gll6hf6okdatgrxiwhcjs2uepc7/spack-src/src/H5Faccum.c line 824 in H5F__accum_write(): file write failed
    major: Low-level I/O
    minor: Write failed
  #011: /scratch/spack_cpu/job_21700923/spack-stage/spack-stage-hdf5-1.10.7-xexa2gll6hf6okdatgrxiwhcjs2uepc7/spack-src/src/H5FDint.c line 249 in H5FD_write(): driver write request failed
    major: Virtual File Layer
    minor: Write failed
  #012: /scratch/spack_cpu/job_21700923/spack-stage/spack-stage-hdf5-1.10.7-xexa2gll6hf6okdatgrxiwhcjs2uepc7/spack-src/src/H5FDsec2.c line 856 in H5FD__sec2_write(): file write failed: time = Wed Nov 19 08:14:50 2025
, filename = 'checkpoint.h5', file descriptor = 5, errno = 14, error message = 'Bad address', buf = 0x1555537c4000, total write size = 15969552, bytes this sub-write = 15969552, bytes actually written = 18446744073709551615, offset = 0
    major: Low-level I/O
    minor: Write failed
HDF5-DIAG: Error detected in HDF5 (1.10.7) thread 0:
  #000: /scratch/spack_cpu/job_21700923/spack-stage/spack-stage-hdf5-1.10.7-xexa2gll6hf6okdatgrxiwhcjs2uepc7/spack-src/src/H5Dio.c line 335 in H5Dwrite(): can't write data
    major: Dataset
    minor: Write failed
  #001: /scratch/spack_cpu/job_21700923/spack-stage/spack-stage-hdf5-1.10.7-xexa2gll6hf6okdatgrxiwhcjs2uepc7/spack-src/src/H5Dio.c line 813 in H5D__write(): can't write data
    major: Dataset
    minor: Write failed
  #002: /scratch/spack_cpu/job_21700923/spack-stage/spack-stage-hdf5-1.10.7-xexa2gll6hf6okdatgrxiwhcjs2uepc7/spack-src/src/H5Dcontig.c line 659 in H5D__contig_write(): contiguous write failed
    major: Dataset
    minor: Write failed
  #003: /scratch/spack_cpu/job_21700923/spack-stage/spack-stage-hdf5-1.10.7-xexa2gll6hf6okdatgrxiwhcjs2uepc7/spack-src/src/H5Dselect.c line 321 in H5D__select_write(): write error
    major: Dataspace
    minor: Write failed
  #004: /scratch/spack_cpu/job_21700923/spack-stage/spack-stage-hdf5-1.10.7-xexa2gll6hf6okdatgrxiwhcjs2uepc7/spack-src/src/H5Dselect.c line 230 in H5D__select_io(): write error
    major: Dataspace
    minor: Write failed
  #005: /scratch/spack_cpu/job_21700923/spack-stage/spack-stage-hdf5-1.10.7-xexa2gll6hf6okdatgrxiwhcjs2uepc7/spack-src/src/H5Dcontig.c line 1281 in H5D__contig_writevv(): can't perform vectorized sieve buffer write
    major: Dataset
    minor: Can't operate on object
  #006: /scratch/spack_cpu/job_21700923/spack-stage/spack-stage-hdf5-1.10.7-xexa2gll6hf6okdatgrxiwhcjs2uepc7/spack-src/src/H5VM.c line 1464 in H5VM_opvv(): can't perform operation
    major: Internal error (too specific to document in detail)
    minor: Can't operate on object
  #007: /scratch/spack_cpu/job_21700923/spack-stage/spack-stage-hdf5-1.10.7-xexa2gll6hf6okdatgrxiwhcjs2uepc7/spack-src/src/H5Dcontig.c line 1029 in H5D__contig_writevv_sieve_cb(): block write failed
    major: Dataset
    minor: Write failed
  #008: /scratch/spack_cpu/job_21700923/spack-stage/spack-stage-hdf5-1.10.7-xexa2gll6hf6okdatgrxiwhcjs2uepc7/spack-src/src/H5Fio.c line 161 in H5F_block_write(): write through page buffer failed
    major: Low-level I/O
    minor: Write failed
  #009: /scratch/spack_cpu/job_21700923/spack-stage/spack-stage-hdf5-1.10.7-xexa2gll6hf6okdatgrxiwhcjs2uepc7/spack-src/src/H5PB.c line 1032 in H5PB_write(): write through metadata accumulator failed
    major: Page Buffering
    minor: Write failed
  #010: /scratch/spack_cpu/job_21700923/spack-stage/spack-stage-hdf5-1.10.7-xexa2gll6hf6okdatgrxiwhcjs2uepc7/spack-src/src/H5Faccum.c line 824 in H5F__accum_write(): file write failed
    major: Low-level I/O
    minor: Write failed
  #011: /scratch/spack_cpu/job_21700923/spack-stage/spack-stage-hdf5-1.10.7-xexa2gll6hf6okdatgrxiwhcjs2uepc7/spack-src/src/H5FDint.c line 249 in H5FD_write(): driver write request failed
    major: Virtual File Layer
    minor: Write failed
  #012: /scratch/spack_cpu/job_21700923/spack-stage/spack-stage-hdf5-1.10.7-xexa2gll6hf6okdatgrxiwhcjs2uepc7/spack-src/src/H5FDsec2.c line 856 in H5FD__sec2_write(): file write failed: time = Wed Nov 19 08:15:03 2025
, filename = 'checkpoint.h5', file descriptor = 5, errno = 14, error message = 'Bad address', buf = 0x1555537c4000, total write size = 15969552, bytes this sub-write = 15969552, bytes actually written = 18446744073709551615, offset = 0
    major: Low-level I/O
    minor: Write failed
HDF5-DIAG: Error detected in HDF5 (1.10.7) thread 0:
  #000: /scratch/spack_cpu/job_21700923/spack-stage/spack-stage-hdf5-1.10.7-xexa2gll6hf6okdatgrxiwhcjs2uepc7/spack-src/src/H5Dio.c line 335 in H5Dwrite(): can't write data
    major: Dataset
    minor: Write failed
  #001: /scratch/spack_cpu/job_21700923/spack-stage/spack-stage-hdf5-1.10.7-xexa2gll6hf6okdatgrxiwhcjs2uepc7/spack-src/src/H5Dio.c line 813 in H5D__write(): can't write data
    major: Dataset
    minor: Write failed
  #002: /scratch/spack_cpu/job_21700923/spack-stage/spack-stage-hdf5-1.10.7-xexa2gll6hf6okdatgrxiwhcjs2uepc7/spack-src/src/H5Dcontig.c line 659 in H5D__contig_write(): contiguous write failed
    major: Dataset
    minor: Write failed
  #003: /scratch/spack_cpu/job_21700923/spack-stage/spack-stage-hdf5-1.10.7-xexa2gll6hf6okdatgrxiwhcjs2uepc7/spack-src/src/H5Dselect.c line 321 in H5D__select_write(): write error
    major: Dataspace
    minor: Write failed
  #004: /scratch/spack_cpu/job_21700923/spack-stage/spack-stage-hdf5-1.10.7-xexa2gll6hf6okdatgrxiwhcjs2uepc7/spack-src/src/H5Dselect.c line 230 in H5D__select_io(): write error
    major: Dataspace
    minor: Write failed
  #005: /scratch/spack_cpu/job_21700923/spack-stage/spack-stage-hdf5-1.10.7-xexa2gll6hf6okdatgrxiwhcjs2uepc7/spack-src/src/H5Dcontig.c line 1281 in H5D__contig_writevv(): can't perform vectorized sieve buffer write
    major: Dataset
    minor: Can't operate on object
  #006: /scratch/spack_cpu/job_21700923/spack-stage/spack-stage-hdf5-1.10.7-xexa2gll6hf6okdatgrxiwhcjs2uepc7/spack-src/src/H5VM.c line 1464 in H5VM_opvv(): can't perform operation
    major: Internal error (too specific to document in detail)
    minor: Can't operate on object
  #007: /scratch/spack_cpu/job_21700923/spack-stage/spack-stage-hdf5-1.10.7-xexa2gll6hf6okdatgrxiwhcjs2uepc7/spack-src/src/H5Dcontig.c line 1029 in H5D__contig_writevv_sieve_cb(): block write failed
    major: Dataset
    minor: Write failed
  #008: /scratch/spack_cpu/job_21700923/spack-stage/spack-stage-hdf5-1.10.7-xexa2gll6hf6okdatgrxiwhcjs2uepc7/spack-src/src/H5Fio.c line 161 in H5F_block_write(): write through page buffer failed
    major: Low-level I/O
    minor: Write failed
  #009: /scratch/spack_cpu/job_21700923/spack-stage/spack-stage-hdf5-1.10.7-xexa2gll6hf6okdatgrxiwhcjs2uepc7/spack-src/src/H5PB.c line 1032 in H5PB_write(): write through metadata accumulator failed
    major: Page Buffering
    minor: Write failed
  #010: /scratch/spack_cpu/job_21700923/spack-stage/spack-stage-hdf5-1.10.7-xexa2gll6hf6okdatgrxiwhcjs2uepc7/spack-src/src/H5Faccum.c line 824 in H5F__accum_write(): file write failed
    major: Low-level I/O
    minor: Write failed
  #011: /scratch/spack_cpu/job_21700923/spack-stage/spack-stage-hdf5-1.10.7-xexa2gll6hf6okdatgrxiwhcjs2uepc7/spack-src/src/H5FDint.c line 249 in H5FD_write(): driver write request failed
    major: Virtual File Layer
    minor: Write failed
  #012: /scratch/spack_cpu/job_21700923/spack-stage/spack-stage-hdf5-1.10.7-xexa2gll6hf6okdatgrxiwhcjs2uepc7/spack-src/src/H5FDsec2.c line 856 in H5FD__sec2_write(): file write failed: time = Wed Nov 19 08:15:16 2025
, filename = 'checkpoint.h5', file descriptor = 5, errno = 14, error message = 'Bad address', buf = 0x1555537c4000, total write size = 15969552, bytes this sub-write = 15969552, bytes actually written = 18446744073709551615, offset = 0
    major: Low-level I/O
    minor: Write failed
HDF5-DIAG: Error detected in HDF5 (1.10.7) thread 0:
  #000: /scratch/spack_cpu/job_21700923/spack-stage/spack-stage-hdf5-1.10.7-xexa2gll6hf6okdatgrxiwhcjs2uepc7/spack-src/src/H5Dio.c line 335 in H5Dwrite(): can't write data
    major: Dataset
    minor: Write failed
  #001: /scratch/spack_cpu/job_21700923/spack-stage/spack-stage-hdf5-1.10.7-xexa2gll6hf6okdatgrxiwhcjs2uepc7/spack-src/src/H5Dio.c line 813 in H5D__write(): can't write data
    major: Dataset
    minor: Write failed
  #002: /scratch/spack_cpu/job_21700923/spack-stage/spack-stage-hdf5-1.10.7-xexa2gll6hf6okdatgrxiwhcjs2uepc7/spack-src/src/H5Dcontig.c line 659 in H5D__contig_write(): contiguous write failed
    major: Dataset
    minor: Write failed
  #003: /scratch/spack_cpu/job_21700923/spack-stage/spack-stage-hdf5-1.10.7-xexa2gll6hf6okdatgrxiwhcjs2uepc7/spack-src/src/H5Dselect.c line 321 in H5D__select_write(): write error
    major: Dataspace
    minor: Write failed
  #004: /scratch/spack_cpu/job_21700923/spack-stage/spack-stage-hdf5-1.10.7-xexa2gll6hf6okdatgrxiwhcjs2uepc7/spack-src/src/H5Dselect.c line 230 in H5D__select_io(): write error
    major: Dataspace
    minor: Write failed
  #005: /scratch/spack_cpu/job_21700923/spack-stage/spack-stage-hdf5-1.10.7-xexa2gll6hf6okdatgrxiwhcjs2uepc7/spack-src/src/H5Dcontig.c line 1281 in H5D__contig_writevv(): can't perform vectorized sieve buffer write
    major: Dataset
    minor: Can't operate on object
  #006: /scratch/spack_cpu/job_21700923/spack-stage/spack-stage-hdf5-1.10.7-xexa2gll6hf6okdatgrxiwhcjs2uepc7/spack-src/src/H5VM.c line 1464 in H5VM_opvv(): can't perform operation
    major: Internal error (too specific to document in detail)
    minor: Can't operate on object
  #007: /scratch/spack_cpu/job_21700923/spack-stage/spack-stage-hdf5-1.10.7-xexa2gll6hf6okdatgrxiwhcjs2uepc7/spack-src/src/H5Dcontig.c line 1029 in H5D__contig_writevv_sieve_cb(): block write failed
    major: Dataset
    minor: Write failed
  #008: /scratch/spack_cpu/job_21700923/spack-stage/spack-stage-hdf5-1.10.7-xexa2gll6hf6okdatgrxiwhcjs2uepc7/spack-src/src/H5Fio.c line 161 in H5F_block_write(): write through page buffer failed
    major: Low-level I/O
    minor: Write failed
  #009: /scratch/spack_cpu/job_21700923/spack-stage/spack-stage-hdf5-1.10.7-xexa2gll6hf6okdatgrxiwhcjs2uepc7/spack-src/src/H5PB.c line 1032 in H5PB_write(): write through metadata accumulator failed
    major: Page Buffering
    minor: Write failed
  #010: /scratch/spack_cpu/job_21700923/spack-stage/spack-stage-hdf5-1.10.7-xexa2gll6hf6okdatgrxiwhcjs2uepc7/spack-src/src/H5Faccum.c line 824 in H5F__accum_write(): file write failed
    major: Low-level I/O
    minor: Write failed
  #011: /scratch/spack_cpu/job_21700923/spack-stage/spack-stage-hdf5-1.10.7-xexa2gll6hf6okdatgrxiwhcjs2uepc7/spack-src/src/H5FDint.c line 249 in H5FD_write(): driver write request failed
    major: Virtual File Layer
    minor: Write failed
  #012: /scratch/spack_cpu/job_21700923/spack-stage/spack-stage-hdf5-1.10.7-xexa2gll6hf6okdatgrxiwhcjs2uepc7/spack-src/src/H5FDsec2.c line 856 in H5FD__sec2_write(): file write failed: time = Wed Nov 19 08:15:28 2025
, filename = 'checkpoint.h5', file descriptor = 5, errno = 14, error message = 'Bad address', buf = 0x1555537c4000, total write size = 15969552, bytes this sub-write = 15969552, bytes actually written = 18446744073709551615, offset = 0
    major: Low-level I/O
    minor: Write failed
HDF5-DIAG: Error detected in HDF5 (1.10.7) thread 0:
  #000: /scratch/spack_cpu/job_21700923/spack-stage/spack-stage-hdf5-1.10.7-xexa2gll6hf6okdatgrxiwhcjs2uepc7/spack-src/src/H5Dio.c line 335 in H5Dwrite(): can't write data
    major: Dataset
    minor: Write failed
  #001: /scratch/spack_cpu/job_21700923/spack-stage/spack-stage-hdf5-1.10.7-xexa2gll6hf6okdatgrxiwhcjs2uepc7/spack-src/src/H5Dio.c line 813 in H5D__write(): can't write data
    major: Dataset
    minor: Write failed
  #002: /scratch/spack_cpu/job_21700923/spack-stage/spack-stage-hdf5-1.10.7-xexa2gll6hf6okdatgrxiwhcjs2uepc7/spack-src/src/H5Dcontig.c line 659 in H5D__contig_write(): contiguous write failed
    major: Dataset
    minor: Write failed
  #003: /scratch/spack_cpu/job_21700923/spack-stage/spack-stage-hdf5-1.10.7-xexa2gll6hf6okdatgrxiwhcjs2uepc7/spack-src/src/H5Dselect.c line 321 in H5D__select_write(): write error
    major: Dataspace
    minor: Write failed
  #004: /scratch/spack_cpu/job_21700923/spack-stage/spack-stage-hdf5-1.10.7-xexa2gll6hf6okdatgrxiwhcjs2uepc7/spack-src/src/H5Dselect.c line 230 in H5D__select_io(): write error
    major: Dataspace
    minor: Write failed
  #005: /scratch/spack_cpu/job_21700923/spack-stage/spack-stage-hdf5-1.10.7-xexa2gll6hf6okdatgrxiwhcjs2uepc7/spack-src/src/H5Dcontig.c line 1281 in H5D__contig_writevv(): can't perform vectorized sieve buffer write
    major: Dataset
    minor: Can't operate on object
  #006: /scratch/spack_cpu/job_21700923/spack-stage/spack-stage-hdf5-1.10.7-xexa2gll6hf6okdatgrxiwhcjs2uepc7/spack-src/src/H5VM.c line 1464 in H5VM_opvv(): can't perform operation
    major: Internal error (too specific to document in detail)
    minor: Can't operate on object
  #007: /scratch/spack_cpu/job_21700923/spack-stage/spack-stage-hdf5-1.10.7-xexa2gll6hf6okdatgrxiwhcjs2uepc7/spack-src/src/H5Dcontig.c line 1029 in H5D__contig_writevv_sieve_cb(): block write failed
    major: Dataset
    minor: Write failed
  #008: /scratch/spack_cpu/job_21700923/spack-stage/spack-stage-hdf5-1.10.7-xexa2gll6hf6okdatgrxiwhcjs2uepc7/spack-src/src/H5Fio.c line 161 in H5F_block_write(): write through page buffer failed
    major: Low-level I/O
    minor: Write failed
  #009: /scratch/spack_cpu/job_21700923/spack-stage/spack-stage-hdf5-1.10.7-xexa2gll6hf6okdatgrxiwhcjs2uepc7/spack-src/src/H5PB.c line 1032 in H5PB_write(): write through metadata accumulator failed
    major: Page Buffering
    minor: Write failed
  #010: /scratch/spack_cpu/job_21700923/spack-stage/spack-stage-hdf5-1.10.7-xexa2gll6hf6okdatgrxiwhcjs2uepc7/spack-src/src/H5Faccum.c line 824 in H5F__accum_write(): file write failed
    major: Low-level I/O
    minor: Write failed
  #011: /scratch/spack_cpu/job_21700923/spack-stage/spack-stage-hdf5-1.10.7-xexa2gll6hf6okdatgrxiwhcjs2uepc7/spack-src/src/H5FDint.c line 249 in H5FD_write(): driver write request failed
    major: Virtual File Layer
    minor: Write failed
  #012: /scratch/spack_cpu/job_21700923/spack-stage/spack-stage-hdf5-1.10.7-xexa2gll6hf6okdatgrxiwhcjs2uepc7/spack-src/src/H5FDsec2.c line 856 in H5FD__sec2_write(): file write failed: time = Wed Nov 19 08:15:41 2025
, filename = 'checkpoint.h5', file descriptor = 5, errno = 14, error message = 'Bad address', buf = 0x1555537c4000, total write size = 15969552, bytes this sub-write = 15969552, bytes actually written = 18446744073709551615, offset = 0
    major: Low-level I/O
    minor: Write failed
HDF5-DIAG: Error detected in HDF5 (1.10.7) thread 0:
  #000: /scratch/spack_cpu/job_21700923/spack-stage/spack-stage-hdf5-1.10.7-xexa2gll6hf6okdatgrxiwhcjs2uepc7/spack-src/src/H5Dio.c line 335 in H5Dwrite(): can't write data
    major: Dataset
    minor: Write failed
  #001: /scratch/spack_cpu/job_21700923/spack-stage/spack-stage-hdf5-1.10.7-xexa2gll6hf6okdatgrxiwhcjs2uepc7/spack-src/src/H5Dio.c line 813 in H5D__write(): can't write data
    major: Dataset
    minor: Write failed
  #002: /scratch/spack_cpu/job_21700923/spack-stage/spack-stage-hdf5-1.10.7-xexa2gll6hf6okdatgrxiwhcjs2uepc7/spack-src/src/H5Dcontig.c line 659 in H5D__contig_write(): contiguous write failed
    major: Dataset
    minor: Write failed
  #003: /scratch/spack_cpu/job_21700923/spack-stage/spack-stage-hdf5-1.10.7-xexa2gll6hf6okdatgrxiwhcjs2uepc7/spack-src/src/H5Dselect.c line 321 in H5D__select_write(): write error
    major: Dataspace
    minor: Write failed
  #004: /scratch/spack_cpu/job_21700923/spack-stage/spack-stage-hdf5-1.10.7-xexa2gll6hf6okdatgrxiwhcjs2uepc7/spack-src/src/H5Dselect.c line 230 in H5D__select_io(): write error
    major: Dataspace
    minor: Write failed
  #005: /scratch/spack_cpu/job_21700923/spack-stage/spack-stage-hdf5-1.10.7-xexa2gll6hf6okdatgrxiwhcjs2uepc7/spack-src/src/H5Dcontig.c line 1281 in H5D__contig_writevv(): can't perform vectorized sieve buffer write
    major: Dataset
    minor: Can't operate on object
  #006: /scratch/spack_cpu/job_21700923/spack-stage/spack-stage-hdf5-1.10.7-xexa2gll6hf6okdatgrxiwhcjs2uepc7/spack-src/src/H5VM.c line 1464 in H5VM_opvv(): can't perform operation
    major: Internal error (too specific to document in detail)
    minor: Can't operate on object
  #007: /scratch/spack_cpu/job_21700923/spack-stage/spack-stage-hdf5-1.10.7-xexa2gll6hf6okdatgrxiwhcjs2uepc7/spack-src/src/H5Dcontig.c line 1029 in H5D__contig_writevv_sieve_cb(): block write failed
    major: Dataset
    minor: Write failed
  #008: /scratch/spack_cpu/job_21700923/spack-stage/spack-stage-hdf5-1.10.7-xexa2gll6hf6okdatgrxiwhcjs2uepc7/spack-src/src/H5Fio.c line 161 in H5F_block_write(): write through page buffer failed
    major: Low-level I/O
    minor: Write failed
  #009: /scratch/spack_cpu/job_21700923/spack-stage/spack-stage-hdf5-1.10.7-xexa2gll6hf6okdatgrxiwhcjs2uepc7/spack-src/src/H5PB.c line 1032 in H5PB_write(): write through metadata accumulator failed
    major: Page Buffering
    minor: Write failed
  #010: /scratch/spack_cpu/job_21700923/spack-stage/spack-stage-hdf5-1.10.7-xexa2gll6hf6okdatgrxiwhcjs2uepc7/spack-src/src/H5Faccum.c line 824 in H5F__accum_write(): file write failed
    major: Low-level I/O
    minor: Write failed
  #011: /scratch/spack_cpu/job_21700923/spack-stage/spack-stage-hdf5-1.10.7-xexa2gll6hf6okdatgrxiwhcjs2uepc7/spack-src/src/H5FDint.c line 249 in H5FD_write(): driver write request failed
    major: Virtual File Layer
    minor: Write failed
  #012: /scratch/spack_cpu/job_21700923/spack-stage/spack-stage-hdf5-1.10.7-xexa2gll6hf6okdatgrxiwhcjs2uepc7/spack-src/src/H5FDsec2.c line 856 in H5FD__sec2_write(): file write failed: time = Wed Nov 19 08:15:55 2025
, filename = 'checkpoint.h5', file descriptor = 5, errno = 14, error message = 'Bad address', buf = 0x1555537c4000, total write size = 15969552, bytes this sub-write = 15969552, bytes actually written = 18446744073709551615, offset = 0
    major: Low-level I/O
    minor: Write failed
HDF5-DIAG: Error detected in HDF5 (1.10.7) thread 0:
  #000: /scratch/spack_cpu/job_21700923/spack-stage/spack-stage-hdf5-1.10.7-xexa2gll6hf6okdatgrxiwhcjs2uepc7/spack-src/src/H5Dio.c line 335 in H5Dwrite(): can't write data
    major: Dataset
    minor: Write failed
  #001: /scratch/spack_cpu/job_21700923/spack-stage/spack-stage-hdf5-1.10.7-xexa2gll6hf6okdatgrxiwhcjs2uepc7/spack-src/src/H5Dio.c line 813 in H5D__write(): can't write data
    major: Dataset
    minor: Write failed
  #002: /scratch/spack_cpu/job_21700923/spack-stage/spack-stage-hdf5-1.10.7-xexa2gll6hf6okdatgrxiwhcjs2uepc7/spack-src/src/H5Dcontig.c line 659 in H5D__contig_write(): contiguous write failed
    major: Dataset
    minor: Write failed
  #003: /scratch/spack_cpu/job_21700923/spack-stage/spack-stage-hdf5-1.10.7-xexa2gll6hf6okdatgrxiwhcjs2uepc7/spack-src/src/H5Dselect.c line 321 in H5D__select_write(): write error
    major: Dataspace
    minor: Write failed
  #004: /scratch/spack_cpu/job_21700923/spack-stage/spack-stage-hdf5-1.10.7-xexa2gll6hf6okdatgrxiwhcjs2uepc7/spack-src/src/H5Dselect.c line 230 in H5D__select_io(): write error
    major: Dataspace
    minor: Write failed
  #005: /scratch/spack_cpu/job_21700923/spack-stage/spack-stage-hdf5-1.10.7-xexa2gll6hf6okdatgrxiwhcjs2uepc7/spack-src/src/H5Dcontig.c line 1281 in H5D__contig_writevv(): can't perform vectorized sieve buffer write
    major: Dataset
    minor: Can't operate on object
  #006: /scratch/spack_cpu/job_21700923/spack-stage/spack-stage-hdf5-1.10.7-xexa2gll6hf6okdatgrxiwhcjs2uepc7/spack-src/src/H5VM.c line 1464 in H5VM_opvv(): can't perform operation
    major: Internal error (too specific to document in detail)
    minor: Can't operate on object
  #007: /scratch/spack_cpu/job_21700923/spack-stage/spack-stage-hdf5-1.10.7-xexa2gll6hf6okdatgrxiwhcjs2uepc7/spack-src/src/H5Dcontig.c line 1029 in H5D__contig_writevv_sieve_cb(): block write failed
    major: Dataset
    minor: Write failed
  #008: /scratch/spack_cpu/job_21700923/spack-stage/spack-stage-hdf5-1.10.7-xexa2gll6hf6okdatgrxiwhcjs2uepc7/spack-src/src/H5Fio.c line 161 in H5F_block_write(): write through page buffer failed
    major: Low-level I/O
    minor: Write failed
  #009: /scratch/spack_cpu/job_21700923/spack-stage/spack-stage-hdf5-1.10.7-xexa2gll6hf6okdatgrxiwhcjs2uepc7/spack-src/src/H5PB.c line 1032 in H5PB_write(): write through metadata accumulator failed
    major: Page Buffering
    minor: Write failed
  #010: /scratch/spack_cpu/job_21700923/spack-stage/spack-stage-hdf5-1.10.7-xexa2gll6hf6okdatgrxiwhcjs2uepc7/spack-src/src/H5Faccum.c line 824 in H5F__accum_write(): file write failed
    major: Low-level I/O
    minor: Write failed
  #011: /scratch/spack_cpu/job_21700923/spack-stage/spack-stage-hdf5-1.10.7-xexa2gll6hf6okdatgrxiwhcjs2uepc7/spack-src/src/H5FDint.c line 249 in H5FD_write(): driver write request failed
    major: Virtual File Layer
    minor: Write failed
  #012: /scratch/spack_cpu/job_21700923/spack-stage/spack-stage-hdf5-1.10.7-xexa2gll6hf6okdatgrxiwhcjs2uepc7/spack-src/src/H5FDsec2.c line 856 in H5FD__sec2_write(): file write failed: time = Wed Nov 19 08:16:09 2025
, filename = 'checkpoint.h5', file descriptor = 5, errno = 14, error message = 'Bad address', buf = 0x1555537c4000, total write size = 15969552, bytes this sub-write = 15969552, bytes actually written = 18446744073709551615, offset = 0
    major: Low-level I/O
    minor: Write failed
HDF5-DIAG: Error detected in HDF5 (1.10.7) thread 0:
  #000: /scratch/spack_cpu/job_21700923/spack-stage/spack-stage-hdf5-1.10.7-xexa2gll6hf6okdatgrxiwhcjs2uepc7/spack-src/src/H5Dio.c line 335 in H5Dwrite(): can't write data
    major: Dataset
    minor: Write failed
  #001: /scratch/spack_cpu/job_21700923/spack-stage/spack-stage-hdf5-1.10.7-xexa2gll6hf6okdatgrxiwhcjs2uepc7/spack-src/src/H5Dio.c line 813 in H5D__write(): can't write data
    major: Dataset
    minor: Write failed
  #002: /scratch/spack_cpu/job_21700923/spack-stage/spack-stage-hdf5-1.10.7-xexa2gll6hf6okdatgrxiwhcjs2uepc7/spack-src/src/H5Dcontig.c line 659 in H5D__contig_write(): contiguous write failed
    major: Dataset
    minor: Write failed
  #003: /scratch/spack_cpu/job_21700923/spack-stage/spack-stage-hdf5-1.10.7-xexa2gll6hf6okdatgrxiwhcjs2uepc7/spack-src/src/H5Dselect.c line 321 in H5D__select_write(): write error
    major: Dataspace
    minor: Write failed
  #004: /scratch/spack_cpu/job_21700923/spack-stage/spack-stage-hdf5-1.10.7-xexa2gll6hf6okdatgrxiwhcjs2uepc7/spack-src/src/H5Dselect.c line 230 in H5D__select_io(): write error
    major: Dataspace
    minor: Write failed
  #005: /scratch/spack_cpu/job_21700923/spack-stage/spack-stage-hdf5-1.10.7-xexa2gll6hf6okdatgrxiwhcjs2uepc7/spack-src/src/H5Dcontig.c line 1281 in H5D__contig_writevv(): can't perform vectorized sieve buffer write
    major: Dataset
    minor: Can't operate on object
  #006: /scratch/spack_cpu/job_21700923/spack-stage/spack-stage-hdf5-1.10.7-xexa2gll6hf6okdatgrxiwhcjs2uepc7/spack-src/src/H5VM.c line 1464 in H5VM_opvv(): can't perform operation
    major: Internal error (too specific to document in detail)
    minor: Can't operate on object
  #007: /scratch/spack_cpu/job_21700923/spack-stage/spack-stage-hdf5-1.10.7-xexa2gll6hf6okdatgrxiwhcjs2uepc7/spack-src/src/H5Dcontig.c line 1029 in H5D__contig_writevv_sieve_cb(): block write failed
    major: Dataset
    minor: Write failed
  #008: /scratch/spack_cpu/job_21700923/spack-stage/spack-stage-hdf5-1.10.7-xexa2gll6hf6okdatgrxiwhcjs2uepc7/spack-src/src/H5Fio.c line 161 in H5F_block_write(): write through page buffer failed
    major: Low-level I/O
    minor: Write failed
  #009: /scratch/spack_cpu/job_21700923/spack-stage/spack-stage-hdf5-1.10.7-xexa2gll6hf6okdatgrxiwhcjs2uepc7/spack-src/src/H5PB.c line 1032 in H5PB_write(): write through metadata accumulator failed
    major: Page Buffering
    minor: Write failed
  #010: /scratch/spack_cpu/job_21700923/spack-stage/spack-stage-hdf5-1.10.7-xexa2gll6hf6okdatgrxiwhcjs2uepc7/spack-src/src/H5Faccum.c line 824 in H5F__accum_write(): file write failed
    major: Low-level I/O
    minor: Write failed
  #011: /scratch/spack_cpu/job_21700923/spack-stage/spack-stage-hdf5-1.10.7-xexa2gll6hf6okdatgrxiwhcjs2uepc7/spack-src/src/H5FDint.c line 249 in H5FD_write(): driver write request failed
    major: Virtual File Layer
    minor: Write failed
  #012: /scratch/spack_cpu/job_21700923/spack-stage/spack-stage-hdf5-1.10.7-xexa2gll6hf6okdatgrxiwhcjs2uepc7/spack-src/src/H5FDsec2.c line 856 in H5FD__sec2_write(): file write failed: time = Wed Nov 19 08:16:22 2025
, filename = 'checkpoint.h5', file descriptor = 5, errno = 14, error message = 'Bad address', buf = 0x1555537c4000, total write size = 15969552, bytes this sub-write = 15969552, bytes actually written = 18446744073709551615, offset = 0
    major: Low-level I/O
    minor: Write failed
HDF5-DIAG: Error detected in HDF5 (1.10.7) thread 0:
  #000: /scratch/spack_cpu/job_21700923/spack-stage/spack-stage-hdf5-1.10.7-xexa2gll6hf6okdatgrxiwhcjs2uepc7/spack-src/src/H5Dio.c line 335 in H5Dwrite(): can't write data
    major: Dataset
    minor: Write failed
  #001: /scratch/spack_cpu/job_21700923/spack-stage/spack-stage-hdf5-1.10.7-xexa2gll6hf6okdatgrxiwhcjs2uepc7/spack-src/src/H5Dio.c line 813 in H5D__write(): can't write data
    major: Dataset
    minor: Write failed
  #002: /scratch/spack_cpu/job_21700923/spack-stage/spack-stage-hdf5-1.10.7-xexa2gll6hf6okdatgrxiwhcjs2uepc7/spack-src/src/H5Dcontig.c line 659 in H5D__contig_write(): contiguous write failed
    major: Dataset
    minor: Write failed
  #003: /scratch/spack_cpu/job_21700923/spack-stage/spack-stage-hdf5-1.10.7-xexa2gll6hf6okdatgrxiwhcjs2uepc7/spack-src/src/H5Dselect.c line 321 in H5D__select_write(): write error
    major: Dataspace
    minor: Write failed
  #004: /scratch/spack_cpu/job_21700923/spack-stage/spack-stage-hdf5-1.10.7-xexa2gll6hf6okdatgrxiwhcjs2uepc7/spack-src/src/H5Dselect.c line 230 in H5D__select_io(): write error
    major: Dataspace
    minor: Write failed
  #005: /scratch/spack_cpu/job_21700923/spack-stage/spack-stage-hdf5-1.10.7-xexa2gll6hf6okdatgrxiwhcjs2uepc7/spack-src/src/H5Dcontig.c line 1281 in H5D__contig_writevv(): can't perform vectorized sieve buffer write
    major: Dataset
    minor: Can't operate on object
  #006: /scratch/spack_cpu/job_21700923/spack-stage/spack-stage-hdf5-1.10.7-xexa2gll6hf6okdatgrxiwhcjs2uepc7/spack-src/src/H5VM.c line 1464 in H5VM_opvv(): can't perform operation
    major: Internal error (too specific to document in detail)
    minor: Can't operate on object
  #007: /scratch/spack_cpu/job_21700923/spack-stage/spack-stage-hdf5-1.10.7-xexa2gll6hf6okdatgrxiwhcjs2uepc7/spack-src/src/H5Dcontig.c line 1029 in H5D__contig_writevv_sieve_cb(): block write failed
    major: Dataset
    minor: Write failed
  #008: /scratch/spack_cpu/job_21700923/spack-stage/spack-stage-hdf5-1.10.7-xexa2gll6hf6okdatgrxiwhcjs2uepc7/spack-src/src/H5Fio.c line 161 in H5F_block_write(): write through page buffer failed
    major: Low-level I/O
    minor: Write failed
  #009: /scratch/spack_cpu/job_21700923/spack-stage/spack-stage-hdf5-1.10.7-xexa2gll6hf6okdatgrxiwhcjs2uepc7/spack-src/src/H5PB.c line 1032 in H5PB_write(): write through metadata accumulator failed
    major: Page Buffering
    minor: Write failed
  #010: /scratch/spack_cpu/job_21700923/spack-stage/spack-stage-hdf5-1.10.7-xexa2gll6hf6okdatgrxiwhcjs2uepc7/spack-src/src/H5Faccum.c line 824 in H5F__accum_write(): file write failed
    major: Low-level I/O
    minor: Write failed
  #011: /scratch/spack_cpu/job_21700923/spack-stage/spack-stage-hdf5-1.10.7-xexa2gll6hf6okdatgrxiwhcjs2uepc7/spack-src/src/H5FDint.c line 249 in H5FD_write(): driver write request failed
    major: Virtual File Layer
    minor: Write failed
  #012: /scratch/spack_cpu/job_21700923/spack-stage/spack-stage-hdf5-1.10.7-xexa2gll6hf6okdatgrxiwhcjs2uepc7/spack-src/src/H5FDsec2.c line 856 in H5FD__sec2_write(): file write failed: time = Wed Nov 19 08:16:35 2025
, filename = 'checkpoint.h5', file descriptor = 5, errno = 14, error message = 'Bad address', buf = 0x1555537c4000, total write size = 15969552, bytes this sub-write = 15969552, bytes actually written = 18446744073709551615, offset = 0
    major: Low-level I/O
    minor: Write failed
HDF5-DIAG: Error detected in HDF5 (1.10.7) thread 0:
  #000: /scratch/spack_cpu/job_21700923/spack-stage/spack-stage-hdf5-1.10.7-xexa2gll6hf6okdatgrxiwhcjs2uepc7/spack-src/src/H5Dio.c line 335 in H5Dwrite(): can't write data
    major: Dataset
    minor: Write failed
  #001: /scratch/spack_cpu/job_21700923/spack-stage/spack-stage-hdf5-1.10.7-xexa2gll6hf6okdatgrxiwhcjs2uepc7/spack-src/src/H5Dio.c line 813 in H5D__write(): can't write data
    major: Dataset
    minor: Write failed
  #002: /scratch/spack_cpu/job_21700923/spack-stage/spack-stage-hdf5-1.10.7-xexa2gll6hf6okdatgrxiwhcjs2uepc7/spack-src/src/H5Dcontig.c line 659 in H5D__contig_write(): contiguous write failed
    major: Dataset
    minor: Write failed
  #003: /scratch/spack_cpu/job_21700923/spack-stage/spack-stage-hdf5-1.10.7-xexa2gll6hf6okdatgrxiwhcjs2uepc7/spack-src/src/H5Dselect.c line 321 in H5D__select_write(): write error
    major: Dataspace
    minor: Write failed
  #004: /scratch/spack_cpu/job_21700923/spack-stage/spack-stage-hdf5-1.10.7-xexa2gll6hf6okdatgrxiwhcjs2uepc7/spack-src/src/H5Dselect.c line 230 in H5D__select_io(): write error
    major: Dataspace
    minor: Write failed
  #005: /scratch/spack_cpu/job_21700923/spack-stage/spack-stage-hdf5-1.10.7-xexa2gll6hf6okdatgrxiwhcjs2uepc7/spack-src/src/H5Dcontig.c line 1281 in H5D__contig_writevv(): can't perform vectorized sieve buffer write
    major: Dataset
    minor: Can't operate on object
  #006: /scratch/spack_cpu/job_21700923/spack-stage/spack-stage-hdf5-1.10.7-xexa2gll6hf6okdatgrxiwhcjs2uepc7/spack-src/src/H5VM.c line 1464 in H5VM_opvv(): can't perform operation
    major: Internal error (too specific to document in detail)
    minor: Can't operate on object
  #007: /scratch/spack_cpu/job_21700923/spack-stage/spack-stage-hdf5-1.10.7-xexa2gll6hf6okdatgrxiwhcjs2uepc7/spack-src/src/H5Dcontig.c line 1029 in H5D__contig_writevv_sieve_cb(): block write failed
    major: Dataset
    minor: Write failed
  #008: /scratch/spack_cpu/job_21700923/spack-stage/spack-stage-hdf5-1.10.7-xexa2gll6hf6okdatgrxiwhcjs2uepc7/spack-src/src/H5Fio.c line 161 in H5F_block_write(): write through page buffer failed
    major: Low-level I/O
    minor: Write failed
  #009: /scratch/spack_cpu/job_21700923/spack-stage/spack-stage-hdf5-1.10.7-xexa2gll6hf6okdatgrxiwhcjs2uepc7/spack-src/src/H5PB.c line 1032 in H5PB_write(): write through metadata accumulator failed
    major: Page Buffering
    minor: Write failed
  #010: /scratch/spack_cpu/job_21700923/spack-stage/spack-stage-hdf5-1.10.7-xexa2gll6hf6okdatgrxiwhcjs2uepc7/spack-src/src/H5Faccum.c line 824 in H5F__accum_write(): file write failed
    major: Low-level I/O
    minor: Write failed
  #011: /scratch/spack_cpu/job_21700923/spack-stage/spack-stage-hdf5-1.10.7-xexa2gll6hf6okdatgrxiwhcjs2uepc7/spack-src/src/H5FDint.c line 249 in H5FD_write(): driver write request failed
    major: Virtual File Layer
    minor: Write failed
  #012: /scratch/spack_cpu/job_21700923/spack-stage/spack-stage-hdf5-1.10.7-xexa2gll6hf6okdatgrxiwhcjs2uepc7/spack-src/src/H5FDsec2.c line 856 in H5FD__sec2_write(): file write failed: time = Wed Nov 19 08:16:48 2025
, filename = 'checkpoint.h5', file descriptor = 5, errno = 14, error message = 'Bad address', buf = 0x1555537c4000, total write size = 15969552, bytes this sub-write = 15969552, bytes actually written = 18446744073709551615, offset = 0
    major: Low-level I/O
    minor: Write failed
HDF5-DIAG: Error detected in HDF5 (1.10.7) thread 0:
  #000: /scratch/spack_cpu/job_21700923/spack-stage/spack-stage-hdf5-1.10.7-xexa2gll6hf6okdatgrxiwhcjs2uepc7/spack-src/src/H5Dio.c line 335 in H5Dwrite(): can't write data
    major: Dataset
    minor: Write failed
  #001: /scratch/spack_cpu/job_21700923/spack-stage/spack-stage-hdf5-1.10.7-xexa2gll6hf6okdatgrxiwhcjs2uepc7/spack-src/src/H5Dio.c line 813 in H5D__write(): can't write data
    major: Dataset
    minor: Write failed
  #002: /scratch/spack_cpu/job_21700923/spack-stage/spack-stage-hdf5-1.10.7-xexa2gll6hf6okdatgrxiwhcjs2uepc7/spack-src/src/H5Dcontig.c line 659 in H5D__contig_write(): contiguous write failed
    major: Dataset
    minor: Write failed
  #003: /scratch/spack_cpu/job_21700923/spack-stage/spack-stage-hdf5-1.10.7-xexa2gll6hf6okdatgrxiwhcjs2uepc7/spack-src/src/H5Dselect.c line 321 in H5D__select_write(): write error
    major: Dataspace
    minor: Write failed
  #004: /scratch/spack_cpu/job_21700923/spack-stage/spack-stage-hdf5-1.10.7-xexa2gll6hf6okdatgrxiwhcjs2uepc7/spack-src/src/H5Dselect.c line 230 in H5D__select_io(): write error
    major: Dataspace
    minor: Write failed
  #005: /scratch/spack_cpu/job_21700923/spack-stage/spack-stage-hdf5-1.10.7-xexa2gll6hf6okdatgrxiwhcjs2uepc7/spack-src/src/H5Dcontig.c line 1281 in H5D__contig_writevv(): can't perform vectorized sieve buffer write
    major: Dataset
    minor: Can't operate on object
  #006: /scratch/spack_cpu/job_21700923/spack-stage/spack-stage-hdf5-1.10.7-xexa2gll6hf6okdatgrxiwhcjs2uepc7/spack-src/src/H5VM.c line 1464 in H5VM_opvv(): can't perform operation
    major: Internal error (too specific to document in detail)
    minor: Can't operate on object
  #007: /scratch/spack_cpu/job_21700923/spack-stage/spack-stage-hdf5-1.10.7-xexa2gll6hf6okdatgrxiwhcjs2uepc7/spack-src/src/H5Dcontig.c line 1029 in H5D__contig_writevv_sieve_cb(): block write failed
    major: Dataset
    minor: Write failed
  #008: /scratch/spack_cpu/job_21700923/spack-stage/spack-stage-hdf5-1.10.7-xexa2gll6hf6okdatgrxiwhcjs2uepc7/spack-src/src/H5Fio.c line 161 in H5F_block_write(): write through page buffer failed
    major: Low-level I/O
    minor: Write failed
  #009: /scratch/spack_cpu/job_21700923/spack-stage/spack-stage-hdf5-1.10.7-xexa2gll6hf6okdatgrxiwhcjs2uepc7/spack-src/src/H5PB.c line 1032 in H5PB_write(): write through metadata accumulator failed
    major: Page Buffering
    minor: Write failed
  #010: /scratch/spack_cpu/job_21700923/spack-stage/spack-stage-hdf5-1.10.7-xexa2gll6hf6okdatgrxiwhcjs2uepc7/spack-src/src/H5Faccum.c line 824 in H5F__accum_write(): file write failed
    major: Low-level I/O
    minor: Write failed
  #011: /scratch/spack_cpu/job_21700923/spack-stage/spack-stage-hdf5-1.10.7-xexa2gll6hf6okdatgrxiwhcjs2uepc7/spack-src/src/H5FDint.c line 249 in H5FD_write(): driver write request failed
    major: Virtual File Layer
    minor: Write failed
  #012: /scratch/spack_cpu/job_21700923/spack-stage/spack-stage-hdf5-1.10.7-xexa2gll6hf6okdatgrxiwhcjs2uepc7/spack-src/src/H5FDsec2.c line 856 in H5FD__sec2_write(): file write failed: time = Wed Nov 19 08:17:01 2025
, filename = 'checkpoint.h5', file descriptor = 5, errno = 14, error message = 'Bad address', buf = 0x1555537c4000, total write size = 15969552, bytes this sub-write = 15969552, bytes actually written = 18446744073709551615, offset = 0
    major: Low-level I/O
    minor: Write failed
HDF5-DIAG: Error detected in HDF5 (1.10.7) thread 0:
  #000: /scratch/spack_cpu/job_21700923/spack-stage/spack-stage-hdf5-1.10.7-xexa2gll6hf6okdatgrxiwhcjs2uepc7/spack-src/src/H5Dio.c line 335 in H5Dwrite(): can't write data
    major: Dataset
    minor: Write failed
  #001: /scratch/spack_cpu/job_21700923/spack-stage/spack-stage-hdf5-1.10.7-xexa2gll6hf6okdatgrxiwhcjs2uepc7/spack-src/src/H5Dio.c line 813 in H5D__write(): can't write data
    major: Dataset
    minor: Write failed
  #002: /scratch/spack_cpu/job_21700923/spack-stage/spack-stage-hdf5-1.10.7-xexa2gll6hf6okdatgrxiwhcjs2uepc7/spack-src/src/H5Dcontig.c line 659 in H5D__contig_write(): contiguous write failed
    major: Dataset
    minor: Write failed
  #003: /scratch/spack_cpu/job_21700923/spack-stage/spack-stage-hdf5-1.10.7-xexa2gll6hf6okdatgrxiwhcjs2uepc7/spack-src/src/H5Dselect.c line 321 in H5D__select_write(): write error
    major: Dataspace
    minor: Write failed
  #004: /scratch/spack_cpu/job_21700923/spack-stage/spack-stage-hdf5-1.10.7-xexa2gll6hf6okdatgrxiwhcjs2uepc7/spack-src/src/H5Dselect.c line 230 in H5D__select_io(): write error
    major: Dataspace
    minor: Write failed
  #005: /scratch/spack_cpu/job_21700923/spack-stage/spack-stage-hdf5-1.10.7-xexa2gll6hf6okdatgrxiwhcjs2uepc7/spack-src/src/H5Dcontig.c line 1281 in H5D__contig_writevv(): can't perform vectorized sieve buffer write
    major: Dataset
    minor: Can't operate on object
  #006: /scratch/spack_cpu/job_21700923/spack-stage/spack-stage-hdf5-1.10.7-xexa2gll6hf6okdatgrxiwhcjs2uepc7/spack-src/src/H5VM.c line 1464 in H5VM_opvv(): can't perform operation
    major: Internal error (too specific to document in detail)
    minor: Can't operate on object
  #007: /scratch/spack_cpu/job_21700923/spack-stage/spack-stage-hdf5-1.10.7-xexa2gll6hf6okdatgrxiwhcjs2uepc7/spack-src/src/H5Dcontig.c line 1029 in H5D__contig_writevv_sieve_cb(): block write failed
    major: Dataset
    minor: Write failed
  #008: /scratch/spack_cpu/job_21700923/spack-stage/spack-stage-hdf5-1.10.7-xexa2gll6hf6okdatgrxiwhcjs2uepc7/spack-src/src/H5Fio.c line 161 in H5F_block_write(): write through page buffer failed
    major: Low-level I/O
    minor: Write failed
  #009: /scratch/spack_cpu/job_21700923/spack-stage/spack-stage-hdf5-1.10.7-xexa2gll6hf6okdatgrxiwhcjs2uepc7/spack-src/src/H5PB.c line 1032 in H5PB_write(): write through metadata accumulator failed
    major: Page Buffering
    minor: Write failed
  #010: /scratch/spack_cpu/job_21700923/spack-stage/spack-stage-hdf5-1.10.7-xexa2gll6hf6okdatgrxiwhcjs2uepc7/spack-src/src/H5Faccum.c line 824 in H5F__accum_write(): file write failed
    major: Low-level I/O
    minor: Write failed
  #011: /scratch/spack_cpu/job_21700923/spack-stage/spack-stage-hdf5-1.10.7-xexa2gll6hf6okdatgrxiwhcjs2uepc7/spack-src/src/H5FDint.c line 249 in H5FD_write(): driver write request failed
    major: Virtual File Layer
    minor: Write failed
  #012: /scratch/spack_cpu/job_21700923/spack-stage/spack-stage-hdf5-1.10.7-xexa2gll6hf6okdatgrxiwhcjs2uepc7/spack-src/src/H5FDsec2.c line 856 in H5FD__sec2_write(): file write failed: time = Wed Nov 19 08:17:14 2025
, filename = 'checkpoint.h5', file descriptor = 5, errno = 14, error message = 'Bad address', buf = 0x1555537c4000, total write size = 15969552, bytes this sub-write = 15969552, bytes actually written = 18446744073709551615, offset = 0
    major: Low-level I/O
    minor: Write failed
HDF5-DIAG: Error detected in HDF5 (1.10.7) thread 0:
  #000: /scratch/spack_cpu/job_21700923/spack-stage/spack-stage-hdf5-1.10.7-xexa2gll6hf6okdatgrxiwhcjs2uepc7/spack-src/src/H5Dio.c line 335 in H5Dwrite(): can't write data
    major: Dataset
    minor: Write failed
  #001: /scratch/spack_cpu/job_21700923/spack-stage/spack-stage-hdf5-1.10.7-xexa2gll6hf6okdatgrxiwhcjs2uepc7/spack-src/src/H5Dio.c line 813 in H5D__write(): can't write data
    major: Dataset
    minor: Write failed
  #002: /scratch/spack_cpu/job_21700923/spack-stage/spack-stage-hdf5-1.10.7-xexa2gll6hf6okdatgrxiwhcjs2uepc7/spack-src/src/H5Dcontig.c line 659 in H5D__contig_write(): contiguous write failed
    major: Dataset
    minor: Write failed
  #003: /scratch/spack_cpu/job_21700923/spack-stage/spack-stage-hdf5-1.10.7-xexa2gll6hf6okdatgrxiwhcjs2uepc7/spack-src/src/H5Dselect.c line 321 in H5D__select_write(): write error
    major: Dataspace
    minor: Write failed
  #004: /scratch/spack_cpu/job_21700923/spack-stage/spack-stage-hdf5-1.10.7-xexa2gll6hf6okdatgrxiwhcjs2uepc7/spack-src/src/H5Dselect.c line 230 in H5D__select_io(): write error
    major: Dataspace
    minor: Write failed
  #005: /scratch/spack_cpu/job_21700923/spack-stage/spack-stage-hdf5-1.10.7-xexa2gll6hf6okdatgrxiwhcjs2uepc7/spack-src/src/H5Dcontig.c line 1281 in H5D__contig_writevv(): can't perform vectorized sieve buffer write
    major: Dataset
    minor: Can't operate on object
  #006: /scratch/spack_cpu/job_21700923/spack-stage/spack-stage-hdf5-1.10.7-xexa2gll6hf6okdatgrxiwhcjs2uepc7/spack-src/src/H5VM.c line 1464 in H5VM_opvv(): can't perform operation
    major: Internal error (too specific to document in detail)
    minor: Can't operate on object
  #007: /scratch/spack_cpu/job_21700923/spack-stage/spack-stage-hdf5-1.10.7-xexa2gll6hf6okdatgrxiwhcjs2uepc7/spack-src/src/H5Dcontig.c line 1029 in H5D__contig_writevv_sieve_cb(): block write failed
    major: Dataset
    minor: Write failed
  #008: /scratch/spack_cpu/job_21700923/spack-stage/spack-stage-hdf5-1.10.7-xexa2gll6hf6okdatgrxiwhcjs2uepc7/spack-src/src/H5Fio.c line 161 in H5F_block_write(): write through page buffer failed
    major: Low-level I/O
    minor: Write failed
  #009: /scratch/spack_cpu/job_21700923/spack-stage/spack-stage-hdf5-1.10.7-xexa2gll6hf6okdatgrxiwhcjs2uepc7/spack-src/src/H5PB.c line 1032 in H5PB_write(): write through metadata accumulator failed
    major: Page Buffering
    minor: Write failed
  #010: /scratch/spack_cpu/job_21700923/spack-stage/spack-stage-hdf5-1.10.7-xexa2gll6hf6okdatgrxiwhcjs2uepc7/spack-src/src/H5Faccum.c line 824 in H5F__accum_write(): file write failed
    major: Low-level I/O
    minor: Write failed
  #011: /scratch/spack_cpu/job_21700923/spack-stage/spack-stage-hdf5-1.10.7-xexa2gll6hf6okdatgrxiwhcjs2uepc7/spack-src/src/H5FDint.c line 249 in H5FD_write(): driver write request failed
    major: Virtual File Layer
    minor: Write failed
  #012: /scratch/spack_cpu/job_21700923/spack-stage/spack-stage-hdf5-1.10.7-xexa2gll6hf6okdatgrxiwhcjs2uepc7/spack-src/src/H5FDsec2.c line 856 in H5FD__sec2_write(): file write failed: time = Wed Nov 19 08:17:27 2025
, filename = 'checkpoint.h5', file descriptor = 5, errno = 14, error message = 'Bad address', buf = 0x1555537c4000, total write size = 15969552, bytes this sub-write = 15969552, bytes actually written = 18446744073709551615, offset = 0
    major: Low-level I/O
    minor: Write failed
HDF5-DIAG: Error detected in HDF5 (1.10.7) thread 0:
  #000: /scratch/spack_cpu/job_21700923/spack-stage/spack-stage-hdf5-1.10.7-xexa2gll6hf6okdatgrxiwhcjs2uepc7/spack-src/src/H5Dio.c line 335 in H5Dwrite(): can't write data
    major: Dataset
    minor: Write failed
  #001: /scratch/spack_cpu/job_21700923/spack-stage/spack-stage-hdf5-1.10.7-xexa2gll6hf6okdatgrxiwhcjs2uepc7/spack-src/src/H5Dio.c line 813 in H5D__write(): can't write data
    major: Dataset
    minor: Write failed
  #002: /scratch/spack_cpu/job_21700923/spack-stage/spack-stage-hdf5-1.10.7-xexa2gll6hf6okdatgrxiwhcjs2uepc7/spack-src/src/H5Dcontig.c line 659 in H5D__contig_write(): contiguous write failed
    major: Dataset
    minor: Write failed
  #003: /scratch/spack_cpu/job_21700923/spack-stage/spack-stage-hdf5-1.10.7-xexa2gll6hf6okdatgrxiwhcjs2uepc7/spack-src/src/H5Dselect.c line 321 in H5D__select_write(): write error
    major: Dataspace
    minor: Write failed
  #004: /scratch/spack_cpu/job_21700923/spack-stage/spack-stage-hdf5-1.10.7-xexa2gll6hf6okdatgrxiwhcjs2uepc7/spack-src/src/H5Dselect.c line 230 in H5D__select_io(): write error
    major: Dataspace
    minor: Write failed
  #005: /scratch/spack_cpu/job_21700923/spack-stage/spack-stage-hdf5-1.10.7-xexa2gll6hf6okdatgrxiwhcjs2uepc7/spack-src/src/H5Dcontig.c line 1281 in H5D__contig_writevv(): can't perform vectorized sieve buffer write
    major: Dataset
    minor: Can't operate on object
  #006: /scratch/spack_cpu/job_21700923/spack-stage/spack-stage-hdf5-1.10.7-xexa2gll6hf6okdatgrxiwhcjs2uepc7/spack-src/src/H5VM.c line 1464 in H5VM_opvv(): can't perform operation
    major: Internal error (too specific to document in detail)
    minor: Can't operate on object
  #007: /scratch/spack_cpu/job_21700923/spack-stage/spack-stage-hdf5-1.10.7-xexa2gll6hf6okdatgrxiwhcjs2uepc7/spack-src/src/H5Dcontig.c line 1029 in H5D__contig_writevv_sieve_cb(): block write failed
    major: Dataset
    minor: Write failed
  #008: /scratch/spack_cpu/job_21700923/spack-stage/spack-stage-hdf5-1.10.7-xexa2gll6hf6okdatgrxiwhcjs2uepc7/spack-src/src/H5Fio.c line 161 in H5F_block_write(): write through page buffer failed
    major: Low-level I/O
    minor: Write failed
  #009: /scratch/spack_cpu/job_21700923/spack-stage/spack-stage-hdf5-1.10.7-xexa2gll6hf6okdatgrxiwhcjs2uepc7/spack-src/src/H5PB.c line 1032 in H5PB_write(): write through metadata accumulator failed
    major: Page Buffering
    minor: Write failed
  #010: /scratch/spack_cpu/job_21700923/spack-stage/spack-stage-hdf5-1.10.7-xexa2gll6hf6okdatgrxiwhcjs2uepc7/spack-src/src/H5Faccum.c line 824 in H5F__accum_write(): file write failed
    major: Low-level I/O
    minor: Write failed
  #011: /scratch/spack_cpu/job_21700923/spack-stage/spack-stage-hdf5-1.10.7-xexa2gll6hf6okdatgrxiwhcjs2uepc7/spack-src/src/H5FDint.c line 249 in H5FD_write(): driver write request failed
    major: Virtual File Layer
    minor: Write failed
  #012: /scratch/spack_cpu/job_21700923/spack-stage/spack-stage-hdf5-1.10.7-xexa2gll6hf6okdatgrxiwhcjs2uepc7/spack-src/src/H5FDsec2.c line 856 in H5FD__sec2_write(): file write failed: time = Wed Nov 19 08:17:39 2025
, filename = 'checkpoint.h5', file descriptor = 5, errno = 14, error message = 'Bad address', buf = 0x1555537c4000, total write size = 15969552, bytes this sub-write = 15969552, bytes actually written = 18446744073709551615, offset = 0
    major: Low-level I/O
    minor: Write failed
HDF5-DIAG: Error detected in HDF5 (1.10.7) thread 0:
  #000: /scratch/spack_cpu/job_21700923/spack-stage/spack-stage-hdf5-1.10.7-xexa2gll6hf6okdatgrxiwhcjs2uepc7/spack-src/src/H5Dio.c line 335 in H5Dwrite(): can't write data
    major: Dataset
    minor: Write failed
  #001: /scratch/spack_cpu/job_21700923/spack-stage/spack-stage-hdf5-1.10.7-xexa2gll6hf6okdatgrxiwhcjs2uepc7/spack-src/src/H5Dio.c line 813 in H5D__write(): can't write data
    major: Dataset
    minor: Write failed
  #002: /scratch/spack_cpu/job_21700923/spack-stage/spack-stage-hdf5-1.10.7-xexa2gll6hf6okdatgrxiwhcjs2uepc7/spack-src/src/H5Dcontig.c line 659 in H5D__contig_write(): contiguous write failed
    major: Dataset
    minor: Write failed
  #003: /scratch/spack_cpu/job_21700923/spack-stage/spack-stage-hdf5-1.10.7-xexa2gll6hf6okdatgrxiwhcjs2uepc7/spack-src/src/H5Dselect.c line 321 in H5D__select_write(): write error
    major: Dataspace
    minor: Write failed
  #004: /scratch/spack_cpu/job_21700923/spack-stage/spack-stage-hdf5-1.10.7-xexa2gll6hf6okdatgrxiwhcjs2uepc7/spack-src/src/H5Dselect.c line 230 in H5D__select_io(): write error
    major: Dataspace
    minor: Write failed
  #005: /scratch/spack_cpu/job_21700923/spack-stage/spack-stage-hdf5-1.10.7-xexa2gll6hf6okdatgrxiwhcjs2uepc7/spack-src/src/H5Dcontig.c line 1281 in H5D__contig_writevv(): can't perform vectorized sieve buffer write
    major: Dataset
    minor: Can't operate on object
  #006: /scratch/spack_cpu/job_21700923/spack-stage/spack-stage-hdf5-1.10.7-xexa2gll6hf6okdatgrxiwhcjs2uepc7/spack-src/src/H5VM.c line 1464 in H5VM_opvv(): can't perform operation
    major: Internal error (too specific to document in detail)
    minor: Can't operate on object
  #007: /scratch/spack_cpu/job_21700923/spack-stage/spack-stage-hdf5-1.10.7-xexa2gll6hf6okdatgrxiwhcjs2uepc7/spack-src/src/H5Dcontig.c line 1029 in H5D__contig_writevv_sieve_cb(): block write failed
    major: Dataset
    minor: Write failed
  #008: /scratch/spack_cpu/job_21700923/spack-stage/spack-stage-hdf5-1.10.7-xexa2gll6hf6okdatgrxiwhcjs2uepc7/spack-src/src/H5Fio.c line 161 in H5F_block_write(): write through page buffer failed
    major: Low-level I/O
    minor: Write failed
  #009: /scratch/spack_cpu/job_21700923/spack-stage/spack-stage-hdf5-1.10.7-xexa2gll6hf6okdatgrxiwhcjs2uepc7/spack-src/src/H5PB.c line 1032 in H5PB_write(): write through metadata accumulator failed
    major: Page Buffering
    minor: Write failed
  #010: /scratch/spack_cpu/job_21700923/spack-stage/spack-stage-hdf5-1.10.7-xexa2gll6hf6okdatgrxiwhcjs2uepc7/spack-src/src/H5Faccum.c line 824 in H5F__accum_write(): file write failed
    major: Low-level I/O
    minor: Write failed
  #011: /scratch/spack_cpu/job_21700923/spack-stage/spack-stage-hdf5-1.10.7-xexa2gll6hf6okdatgrxiwhcjs2uepc7/spack-src/src/H5FDint.c line 249 in H5FD_write(): driver write request failed
    major: Virtual File Layer
    minor: Write failed
  #012: /scratch/spack_cpu/job_21700923/spack-stage/spack-stage-hdf5-1.10.7-xexa2gll6hf6okdatgrxiwhcjs2uepc7/spack-src/src/H5FDsec2.c line 856 in H5FD__sec2_write(): file write failed: time = Wed Nov 19 08:17:53 2025
, filename = 'checkpoint.h5', file descriptor = 5, errno = 14, error message = 'Bad address', buf = 0x1555537c4000, total write size = 15969552, bytes this sub-write = 15969552, bytes actually written = 18446744073709551615, offset = 0
    major: Low-level I/O
    minor: Write failed
HDF5-DIAG: Error detected in HDF5 (1.10.7) thread 0:
  #000: /scratch/spack_cpu/job_21700923/spack-stage/spack-stage-hdf5-1.10.7-xexa2gll6hf6okdatgrxiwhcjs2uepc7/spack-src/src/H5Dio.c line 335 in H5Dwrite(): can't write data
    major: Dataset
    minor: Write failed
  #001: /scratch/spack_cpu/job_21700923/spack-stage/spack-stage-hdf5-1.10.7-xexa2gll6hf6okdatgrxiwhcjs2uepc7/spack-src/src/H5Dio.c line 813 in H5D__write(): can't write data
    major: Dataset
    minor: Write failed
  #002: /scratch/spack_cpu/job_21700923/spack-stage/spack-stage-hdf5-1.10.7-xexa2gll6hf6okdatgrxiwhcjs2uepc7/spack-src/src/H5Dcontig.c line 659 in H5D__contig_write(): contiguous write failed
    major: Dataset
    minor: Write failed
  #003: /scratch/spack_cpu/job_21700923/spack-stage/spack-stage-hdf5-1.10.7-xexa2gll6hf6okdatgrxiwhcjs2uepc7/spack-src/src/H5Dselect.c line 321 in H5D__select_write(): write error
    major: Dataspace
    minor: Write failed
  #004: /scratch/spack_cpu/job_21700923/spack-stage/spack-stage-hdf5-1.10.7-xexa2gll6hf6okdatgrxiwhcjs2uepc7/spack-src/src/H5Dselect.c line 230 in H5D__select_io(): write error
    major: Dataspace
    minor: Write failed
  #005: /scratch/spack_cpu/job_21700923/spack-stage/spack-stage-hdf5-1.10.7-xexa2gll6hf6okdatgrxiwhcjs2uepc7/spack-src/src/H5Dcontig.c line 1281 in H5D__contig_writevv(): can't perform vectorized sieve buffer write
    major: Dataset
    minor: Can't operate on object
  #006: /scratch/spack_cpu/job_21700923/spack-stage/spack-stage-hdf5-1.10.7-xexa2gll6hf6okdatgrxiwhcjs2uepc7/spack-src/src/H5VM.c line 1464 in H5VM_opvv(): can't perform operation
    major: Internal error (too specific to document in detail)
    minor: Can't operate on object
  #007: /scratch/spack_cpu/job_21700923/spack-stage/spack-stage-hdf5-1.10.7-xexa2gll6hf6okdatgrxiwhcjs2uepc7/spack-src/src/H5Dcontig.c line 1029 in H5D__contig_writevv_sieve_cb(): block write failed
    major: Dataset
    minor: Write failed
  #008: /scratch/spack_cpu/job_21700923/spack-stage/spack-stage-hdf5-1.10.7-xexa2gll6hf6okdatgrxiwhcjs2uepc7/spack-src/src/H5Fio.c line 161 in H5F_block_write(): write through page buffer failed
    major: Low-level I/O
    minor: Write failed
  #009: /scratch/spack_cpu/job_21700923/spack-stage/spack-stage-hdf5-1.10.7-xexa2gll6hf6okdatgrxiwhcjs2uepc7/spack-src/src/H5PB.c line 1032 in H5PB_write(): write through metadata accumulator failed
    major: Page Buffering
    minor: Write failed
  #010: /scratch/spack_cpu/job_21700923/spack-stage/spack-stage-hdf5-1.10.7-xexa2gll6hf6okdatgrxiwhcjs2uepc7/spack-src/src/H5Faccum.c line 824 in H5F__accum_write(): file write failed
    major: Low-level I/O
    minor: Write failed
  #011: /scratch/spack_cpu/job_21700923/spack-stage/spack-stage-hdf5-1.10.7-xexa2gll6hf6okdatgrxiwhcjs2uepc7/spack-src/src/H5FDint.c line 249 in H5FD_write(): driver write request failed
    major: Virtual File Layer
    minor: Write failed
  #012: /scratch/spack_cpu/job_21700923/spack-stage/spack-stage-hdf5-1.10.7-xexa2gll6hf6okdatgrxiwhcjs2uepc7/spack-src/src/H5FDsec2.c line 856 in H5FD__sec2_write(): file write failed: time = Wed Nov 19 08:18:05 2025
, filename = 'checkpoint.h5', file descriptor = 5, errno = 14, error message = 'Bad address', buf = 0x1555537c4000, total write size = 15969552, bytes this sub-write = 15969552, bytes actually written = 18446744073709551615, offset = 0
    major: Low-level I/O
    minor: Write failed
HDF5-DIAG: Error detected in HDF5 (1.10.7) thread 0:
  #000: /scratch/spack_cpu/job_21700923/spack-stage/spack-stage-hdf5-1.10.7-xexa2gll6hf6okdatgrxiwhcjs2uepc7/spack-src/src/H5Dio.c line 335 in H5Dwrite(): can't write data
    major: Dataset
    minor: Write failed
  #001: /scratch/spack_cpu/job_21700923/spack-stage/spack-stage-hdf5-1.10.7-xexa2gll6hf6okdatgrxiwhcjs2uepc7/spack-src/src/H5Dio.c line 813 in H5D__write(): can't write data
    major: Dataset
    minor: Write failed
  #002: /scratch/spack_cpu/job_21700923/spack-stage/spack-stage-hdf5-1.10.7-xexa2gll6hf6okdatgrxiwhcjs2uepc7/spack-src/src/H5Dcontig.c line 659 in H5D__contig_write(): contiguous write failed
    major: Dataset
    minor: Write failed
  #003: /scratch/spack_cpu/job_21700923/spack-stage/spack-stage-hdf5-1.10.7-xexa2gll6hf6okdatgrxiwhcjs2uepc7/spack-src/src/H5Dselect.c line 321 in H5D__select_write(): write error
    major: Dataspace
    minor: Write failed
  #004: /scratch/spack_cpu/job_21700923/spack-stage/spack-stage-hdf5-1.10.7-xexa2gll6hf6okdatgrxiwhcjs2uepc7/spack-src/src/H5Dselect.c line 230 in H5D__select_io(): write error
    major: Dataspace
    minor: Write failed
  #005: /scratch/spack_cpu/job_21700923/spack-stage/spack-stage-hdf5-1.10.7-xexa2gll6hf6okdatgrxiwhcjs2uepc7/spack-src/src/H5Dcontig.c line 1281 in H5D__contig_writevv(): can't perform vectorized sieve buffer write
    major: Dataset
    minor: Can't operate on object
  #006: /scratch/spack_cpu/job_21700923/spack-stage/spack-stage-hdf5-1.10.7-xexa2gll6hf6okdatgrxiwhcjs2uepc7/spack-src/src/H5VM.c line 1464 in H5VM_opvv(): can't perform operation
    major: Internal error (too specific to document in detail)
    minor: Can't operate on object
  #007: /scratch/spack_cpu/job_21700923/spack-stage/spack-stage-hdf5-1.10.7-xexa2gll6hf6okdatgrxiwhcjs2uepc7/spack-src/src/H5Dcontig.c line 1029 in H5D__contig_writevv_sieve_cb(): block write failed
    major: Dataset
    minor: Write failed
  #008: /scratch/spack_cpu/job_21700923/spack-stage/spack-stage-hdf5-1.10.7-xexa2gll6hf6okdatgrxiwhcjs2uepc7/spack-src/src/H5Fio.c line 161 in H5F_block_write(): write through page buffer failed
    major: Low-level I/O
    minor: Write failed
  #009: /scratch/spack_cpu/job_21700923/spack-stage/spack-stage-hdf5-1.10.7-xexa2gll6hf6okdatgrxiwhcjs2uepc7/spack-src/src/H5PB.c line 1032 in H5PB_write(): write through metadata accumulator failed
    major: Page Buffering
    minor: Write failed
  #010: /scratch/spack_cpu/job_21700923/spack-stage/spack-stage-hdf5-1.10.7-xexa2gll6hf6okdatgrxiwhcjs2uepc7/spack-src/src/H5Faccum.c line 824 in H5F__accum_write(): file write failed
    major: Low-level I/O
    minor: Write failed
  #011: /scratch/spack_cpu/job_21700923/spack-stage/spack-stage-hdf5-1.10.7-xexa2gll6hf6okdatgrxiwhcjs2uepc7/spack-src/src/H5FDint.c line 249 in H5FD_write(): driver write request failed
    major: Virtual File Layer
    minor: Write failed
  #012: /scratch/spack_cpu/job_21700923/spack-stage/spack-stage-hdf5-1.10.7-xexa2gll6hf6okdatgrxiwhcjs2uepc7/spack-src/src/H5FDsec2.c line 856 in H5FD__sec2_write(): file write failed: time = Wed Nov 19 08:18:17 2025
, filename = 'checkpoint.h5', file descriptor = 5, errno = 14, error message = 'Bad address', buf = 0x1555537c4000, total write size = 15969552, bytes this sub-write = 15969552, bytes actually written = 18446744073709551615, offset = 0
    major: Low-level I/O
    minor: Write failed
HDF5-DIAG: Error detected in HDF5 (1.10.7) thread 0:
  #000: /scratch/spack_cpu/job_21700923/spack-stage/spack-stage-hdf5-1.10.7-xexa2gll6hf6okdatgrxiwhcjs2uepc7/spack-src/src/H5Dio.c line 335 in H5Dwrite(): can't write data
    major: Dataset
    minor: Write failed
  #001: /scratch/spack_cpu/job_21700923/spack-stage/spack-stage-hdf5-1.10.7-xexa2gll6hf6okdatgrxiwhcjs2uepc7/spack-src/src/H5Dio.c line 813 in H5D__write(): can't write data
    major: Dataset
    minor: Write failed
  #002: /scratch/spack_cpu/job_21700923/spack-stage/spack-stage-hdf5-1.10.7-xexa2gll6hf6okdatgrxiwhcjs2uepc7/spack-src/src/H5Dcontig.c line 659 in H5D__contig_write(): contiguous write failed
    major: Dataset
    minor: Write failed
  #003: /scratch/spack_cpu/job_21700923/spack-stage/spack-stage-hdf5-1.10.7-xexa2gll6hf6okdatgrxiwhcjs2uepc7/spack-src/src/H5Dselect.c line 321 in H5D__select_write(): write error
    major: Dataspace
    minor: Write failed
  #004: /scratch/spack_cpu/job_21700923/spack-stage/spack-stage-hdf5-1.10.7-xexa2gll6hf6okdatgrxiwhcjs2uepc7/spack-src/src/H5Dselect.c line 230 in H5D__select_io(): write error
    major: Dataspace
    minor: Write failed
  #005: /scratch/spack_cpu/job_21700923/spack-stage/spack-stage-hdf5-1.10.7-xexa2gll6hf6okdatgrxiwhcjs2uepc7/spack-src/src/H5Dcontig.c line 1281 in H5D__contig_writevv(): can't perform vectorized sieve buffer write
    major: Dataset
    minor: Can't operate on object
  #006: /scratch/spack_cpu/job_21700923/spack-stage/spack-stage-hdf5-1.10.7-xexa2gll6hf6okdatgrxiwhcjs2uepc7/spack-src/src/H5VM.c line 1464 in H5VM_opvv(): can't perform operation
    major: Internal error (too specific to document in detail)
    minor: Can't operate on object
  #007: /scratch/spack_cpu/job_21700923/spack-stage/spack-stage-hdf5-1.10.7-xexa2gll6hf6okdatgrxiwhcjs2uepc7/spack-src/src/H5Dcontig.c line 1029 in H5D__contig_writevv_sieve_cb(): block write failed
    major: Dataset
    minor: Write failed
  #008: /scratch/spack_cpu/job_21700923/spack-stage/spack-stage-hdf5-1.10.7-xexa2gll6hf6okdatgrxiwhcjs2uepc7/spack-src/src/H5Fio.c line 161 in H5F_block_write(): write through page buffer failed
    major: Low-level I/O
    minor: Write failed
  #009: /scratch/spack_cpu/job_21700923/spack-stage/spack-stage-hdf5-1.10.7-xexa2gll6hf6okdatgrxiwhcjs2uepc7/spack-src/src/H5PB.c line 1032 in H5PB_write(): write through metadata accumulator failed
    major: Page Buffering
    minor: Write failed
  #010: /scratch/spack_cpu/job_21700923/spack-stage/spack-stage-hdf5-1.10.7-xexa2gll6hf6okdatgrxiwhcjs2uepc7/spack-src/src/H5Faccum.c line 824 in H5F__accum_write(): file write failed
    major: Low-level I/O
    minor: Write failed
  #011: /scratch/spack_cpu/job_21700923/spack-stage/spack-stage-hdf5-1.10.7-xexa2gll6hf6okdatgrxiwhcjs2uepc7/spack-src/src/H5FDint.c line 249 in H5FD_write(): driver write request failed
    major: Virtual File Layer
    minor: Write failed
  #012: /scratch/spack_cpu/job_21700923/spack-stage/spack-stage-hdf5-1.10.7-xexa2gll6hf6okdatgrxiwhcjs2uepc7/spack-src/src/H5FDsec2.c line 856 in H5FD__sec2_write(): file write failed: time = Wed Nov 19 08:18:30 2025
, filename = 'checkpoint.h5', file descriptor = 5, errno = 14, error message = 'Bad address', buf = 0x1555537c4000, total write size = 15969552, bytes this sub-write = 15969552, bytes actually written = 18446744073709551615, offset = 0
    major: Low-level I/O
    minor: Write failed
HDF5-DIAG: Error detected in HDF5 (1.10.7) thread 0:
  #000: /scratch/spack_cpu/job_21700923/spack-stage/spack-stage-hdf5-1.10.7-xexa2gll6hf6okdatgrxiwhcjs2uepc7/spack-src/src/H5Dio.c line 335 in H5Dwrite(): can't write data
    major: Dataset
    minor: Write failed
  #001: /scratch/spack_cpu/job_21700923/spack-stage/spack-stage-hdf5-1.10.7-xexa2gll6hf6okdatgrxiwhcjs2uepc7/spack-src/src/H5Dio.c line 813 in H5D__write(): can't write data
    major: Dataset
    minor: Write failed
  #002: /scratch/spack_cpu/job_21700923/spack-stage/spack-stage-hdf5-1.10.7-xexa2gll6hf6okdatgrxiwhcjs2uepc7/spack-src/src/H5Dcontig.c line 659 in H5D__contig_write(): contiguous write failed
    major: Dataset
    minor: Write failed
  #003: /scratch/spack_cpu/job_21700923/spack-stage/spack-stage-hdf5-1.10.7-xexa2gll6hf6okdatgrxiwhcjs2uepc7/spack-src/src/H5Dselect.c line 321 in H5D__select_write(): write error
    major: Dataspace
    minor: Write failed
  #004: /scratch/spack_cpu/job_21700923/spack-stage/spack-stage-hdf5-1.10.7-xexa2gll6hf6okdatgrxiwhcjs2uepc7/spack-src/src/H5Dselect.c line 230 in H5D__select_io(): write error
    major: Dataspace
    minor: Write failed
  #005: /scratch/spack_cpu/job_21700923/spack-stage/spack-stage-hdf5-1.10.7-xexa2gll6hf6okdatgrxiwhcjs2uepc7/spack-src/src/H5Dcontig.c line 1281 in H5D__contig_writevv(): can't perform vectorized sieve buffer write
    major: Dataset
    minor: Can't operate on object
  #006: /scratch/spack_cpu/job_21700923/spack-stage/spack-stage-hdf5-1.10.7-xexa2gll6hf6okdatgrxiwhcjs2uepc7/spack-src/src/H5VM.c line 1464 in H5VM_opvv(): can't perform operation
    major: Internal error (too specific to document in detail)
    minor: Can't operate on object
  #007: /scratch/spack_cpu/job_21700923/spack-stage/spack-stage-hdf5-1.10.7-xexa2gll6hf6okdatgrxiwhcjs2uepc7/spack-src/src/H5Dcontig.c line 1029 in H5D__contig_writevv_sieve_cb(): block write failed
    major: Dataset
    minor: Write failed
  #008: /scratch/spack_cpu/job_21700923/spack-stage/spack-stage-hdf5-1.10.7-xexa2gll6hf6okdatgrxiwhcjs2uepc7/spack-src/src/H5Fio.c line 161 in H5F_block_write(): write through page buffer failed
    major: Low-level I/O
    minor: Write failed
  #009: /scratch/spack_cpu/job_21700923/spack-stage/spack-stage-hdf5-1.10.7-xexa2gll6hf6okdatgrxiwhcjs2uepc7/spack-src/src/H5PB.c line 1032 in H5PB_write(): write through metadata accumulator failed
    major: Page Buffering
    minor: Write failed
  #010: /scratch/spack_cpu/job_21700923/spack-stage/spack-stage-hdf5-1.10.7-xexa2gll6hf6okdatgrxiwhcjs2uepc7/spack-src/src/H5Faccum.c line 824 in H5F__accum_write(): file write failed
    major: Low-level I/O
    minor: Write failed
  #011: /scratch/spack_cpu/job_21700923/spack-stage/spack-stage-hdf5-1.10.7-xexa2gll6hf6okdatgrxiwhcjs2uepc7/spack-src/src/H5FDint.c line 249 in H5FD_write(): driver write request failed
    major: Virtual File Layer
    minor: Write failed
  #012: /scratch/spack_cpu/job_21700923/spack-stage/spack-stage-hdf5-1.10.7-xexa2gll6hf6okdatgrxiwhcjs2uepc7/spack-src/src/H5FDsec2.c line 856 in H5FD__sec2_write(): file write failed: time = Wed Nov 19 08:18:43 2025
, filename = 'checkpoint.h5', file descriptor = 5, errno = 14, error message = 'Bad address', buf = 0x1555537c4000, total write size = 15969552, bytes this sub-write = 15969552, bytes actually written = 18446744073709551615, offset = 0
    major: Low-level I/O
    minor: Write failed
HDF5-DIAG: Error detected in HDF5 (1.10.7) thread 0:
  #000: /scratch/spack_cpu/job_21700923/spack-stage/spack-stage-hdf5-1.10.7-xexa2gll6hf6okdatgrxiwhcjs2uepc7/spack-src/src/H5Dio.c line 335 in H5Dwrite(): can't write data
    major: Dataset
    minor: Write failed
  #001: /scratch/spack_cpu/job_21700923/spack-stage/spack-stage-hdf5-1.10.7-xexa2gll6hf6okdatgrxiwhcjs2uepc7/spack-src/src/H5Dio.c line 813 in H5D__write(): can't write data
    major: Dataset
    minor: Write failed
  #002: /scratch/spack_cpu/job_21700923/spack-stage/spack-stage-hdf5-1.10.7-xexa2gll6hf6okdatgrxiwhcjs2uepc7/spack-src/src/H5Dcontig.c line 659 in H5D__contig_write(): contiguous write failed
    major: Dataset
    minor: Write failed
  #003: /scratch/spack_cpu/job_21700923/spack-stage/spack-stage-hdf5-1.10.7-xexa2gll6hf6okdatgrxiwhcjs2uepc7/spack-src/src/H5Dselect.c line 321 in H5D__select_write(): write error
    major: Dataspace
    minor: Write failed
  #004: /scratch/spack_cpu/job_21700923/spack-stage/spack-stage-hdf5-1.10.7-xexa2gll6hf6okdatgrxiwhcjs2uepc7/spack-src/src/H5Dselect.c line 230 in H5D__select_io(): write error
    major: Dataspace
    minor: Write failed
  #005: /scratch/spack_cpu/job_21700923/spack-stage/spack-stage-hdf5-1.10.7-xexa2gll6hf6okdatgrxiwhcjs2uepc7/spack-src/src/H5Dcontig.c line 1281 in H5D__contig_writevv(): can't perform vectorized sieve buffer write
    major: Dataset
    minor: Can't operate on object
  #006: /scratch/spack_cpu/job_21700923/spack-stage/spack-stage-hdf5-1.10.7-xexa2gll6hf6okdatgrxiwhcjs2uepc7/spack-src/src/H5VM.c line 1464 in H5VM_opvv(): can't perform operation
    major: Internal error (too specific to document in detail)
    minor: Can't operate on object
  #007: /scratch/spack_cpu/job_21700923/spack-stage/spack-stage-hdf5-1.10.7-xexa2gll6hf6okdatgrxiwhcjs2uepc7/spack-src/src/H5Dcontig.c line 1029 in H5D__contig_writevv_sieve_cb(): block write failed
    major: Dataset
    minor: Write failed
  #008: /scratch/spack_cpu/job_21700923/spack-stage/spack-stage-hdf5-1.10.7-xexa2gll6hf6okdatgrxiwhcjs2uepc7/spack-src/src/H5Fio.c line 161 in H5F_block_write(): write through page buffer failed
    major: Low-level I/O
    minor: Write failed
  #009: /scratch/spack_cpu/job_21700923/spack-stage/spack-stage-hdf5-1.10.7-xexa2gll6hf6okdatgrxiwhcjs2uepc7/spack-src/src/H5PB.c line 1032 in H5PB_write(): write through metadata accumulator failed
    major: Page Buffering
    minor: Write failed
  #010: /scratch/spack_cpu/job_21700923/spack-stage/spack-stage-hdf5-1.10.7-xexa2gll6hf6okdatgrxiwhcjs2uepc7/spack-src/src/H5Faccum.c line 824 in H5F__accum_write(): file write failed
    major: Low-level I/O
    minor: Write failed
  #011: /scratch/spack_cpu/job_21700923/spack-stage/spack-stage-hdf5-1.10.7-xexa2gll6hf6okdatgrxiwhcjs2uepc7/spack-src/src/H5FDint.c line 249 in H5FD_write(): driver write request failed
    major: Virtual File Layer
    minor: Write failed
  #012: /scratch/spack_cpu/job_21700923/spack-stage/spack-stage-hdf5-1.10.7-xexa2gll6hf6okdatgrxiwhcjs2uepc7/spack-src/src/H5FDsec2.c line 856 in H5FD__sec2_write(): file write failed: time = Wed Nov 19 08:18:55 2025
, filename = 'checkpoint.h5', file descriptor = 5, errno = 14, error message = 'Bad address', buf = 0x1555537c4000, total write size = 15969552, bytes this sub-write = 15969552, bytes actually written = 18446744073709551615, offset = 0
    major: Low-level I/O
    minor: Write failed
HDF5-DIAG: Error detected in HDF5 (1.10.7) thread 0:
  #000: /scratch/spack_cpu/job_21700923/spack-stage/spack-stage-hdf5-1.10.7-xexa2gll6hf6okdatgrxiwhcjs2uepc7/spack-src/src/H5Dio.c line 335 in H5Dwrite(): can't write data
    major: Dataset
    minor: Write failed
  #001: /scratch/spack_cpu/job_21700923/spack-stage/spack-stage-hdf5-1.10.7-xexa2gll6hf6okdatgrxiwhcjs2uepc7/spack-src/src/H5Dio.c line 813 in H5D__write(): can't write data
    major: Dataset
    minor: Write failed
  #002: /scratch/spack_cpu/job_21700923/spack-stage/spack-stage-hdf5-1.10.7-xexa2gll6hf6okdatgrxiwhcjs2uepc7/spack-src/src/H5Dcontig.c line 659 in H5D__contig_write(): contiguous write failed
    major: Dataset
    minor: Write failed
  #003: /scratch/spack_cpu/job_21700923/spack-stage/spack-stage-hdf5-1.10.7-xexa2gll6hf6okdatgrxiwhcjs2uepc7/spack-src/src/H5Dselect.c line 321 in H5D__select_write(): write error
    major: Dataspace
    minor: Write failed
  #004: /scratch/spack_cpu/job_21700923/spack-stage/spack-stage-hdf5-1.10.7-xexa2gll6hf6okdatgrxiwhcjs2uepc7/spack-src/src/H5Dselect.c line 230 in H5D__select_io(): write error
    major: Dataspace
    minor: Write failed
  #005: /scratch/spack_cpu/job_21700923/spack-stage/spack-stage-hdf5-1.10.7-xexa2gll6hf6okdatgrxiwhcjs2uepc7/spack-src/src/H5Dcontig.c line 1281 in H5D__contig_writevv(): can't perform vectorized sieve buffer write
    major: Dataset
    minor: Can't operate on object
  #006: /scratch/spack_cpu/job_21700923/spack-stage/spack-stage-hdf5-1.10.7-xexa2gll6hf6okdatgrxiwhcjs2uepc7/spack-src/src/H5VM.c line 1464 in H5VM_opvv(): can't perform operation
    major: Internal error (too specific to document in detail)
    minor: Can't operate on object
  #007: /scratch/spack_cpu/job_21700923/spack-stage/spack-stage-hdf5-1.10.7-xexa2gll6hf6okdatgrxiwhcjs2uepc7/spack-src/src/H5Dcontig.c line 1029 in H5D__contig_writevv_sieve_cb(): block write failed
    major: Dataset
    minor: Write failed
  #008: /scratch/spack_cpu/job_21700923/spack-stage/spack-stage-hdf5-1.10.7-xexa2gll6hf6okdatgrxiwhcjs2uepc7/spack-src/src/H5Fio.c line 161 in H5F_block_write(): write through page buffer failed
    major: Low-level I/O
    minor: Write failed
  #009: /scratch/spack_cpu/job_21700923/spack-stage/spack-stage-hdf5-1.10.7-xexa2gll6hf6okdatgrxiwhcjs2uepc7/spack-src/src/H5PB.c line 1032 in H5PB_write(): write through metadata accumulator failed
    major: Page Buffering
    minor: Write failed
  #010: /scratch/spack_cpu/job_21700923/spack-stage/spack-stage-hdf5-1.10.7-xexa2gll6hf6okdatgrxiwhcjs2uepc7/spack-src/src/H5Faccum.c line 824 in H5F__accum_write(): file write failed
    major: Low-level I/O
    minor: Write failed
  #011: /scratch/spack_cpu/job_21700923/spack-stage/spack-stage-hdf5-1.10.7-xexa2gll6hf6okdatgrxiwhcjs2uepc7/spack-src/src/H5FDint.c line 249 in H5FD_write(): driver write request failed
    major: Virtual File Layer
    minor: Write failed
  #012: /scratch/spack_cpu/job_21700923/spack-stage/spack-stage-hdf5-1.10.7-xexa2gll6hf6okdatgrxiwhcjs2uepc7/spack-src/src/H5FDsec2.c line 856 in H5FD__sec2_write(): file write failed: time = Wed Nov 19 08:19:08 2025
, filename = 'checkpoint.h5', file descriptor = 5, errno = 14, error message = 'Bad address', buf = 0x1555537c4000, total write size = 15969552, bytes this sub-write = 15969552, bytes actually written = 18446744073709551615, offset = 0
    major: Low-level I/O
    minor: Write failed
HDF5-DIAG: Error detected in HDF5 (1.10.7) thread 0:
  #000: /scratch/spack_cpu/job_21700923/spack-stage/spack-stage-hdf5-1.10.7-xexa2gll6hf6okdatgrxiwhcjs2uepc7/spack-src/src/H5Dio.c line 335 in H5Dwrite(): can't write data
    major: Dataset
    minor: Write failed
  #001: /scratch/spack_cpu/job_21700923/spack-stage/spack-stage-hdf5-1.10.7-xexa2gll6hf6okdatgrxiwhcjs2uepc7/spack-src/src/H5Dio.c line 813 in H5D__write(): can't write data
    major: Dataset
    minor: Write failed
  #002: /scratch/spack_cpu/job_21700923/spack-stage/spack-stage-hdf5-1.10.7-xexa2gll6hf6okdatgrxiwhcjs2uepc7/spack-src/src/H5Dcontig.c line 659 in H5D__contig_write(): contiguous write failed
    major: Dataset
    minor: Write failed
  #003: /scratch/spack_cpu/job_21700923/spack-stage/spack-stage-hdf5-1.10.7-xexa2gll6hf6okdatgrxiwhcjs2uepc7/spack-src/src/H5Dselect.c line 321 in H5D__select_write(): write error
    major: Dataspace
    minor: Write failed
  #004: /scratch/spack_cpu/job_21700923/spack-stage/spack-stage-hdf5-1.10.7-xexa2gll6hf6okdatgrxiwhcjs2uepc7/spack-src/src/H5Dselect.c line 230 in H5D__select_io(): write error
    major: Dataspace
    minor: Write failed
  #005: /scratch/spack_cpu/job_21700923/spack-stage/spack-stage-hdf5-1.10.7-xexa2gll6hf6okdatgrxiwhcjs2uepc7/spack-src/src/H5Dcontig.c line 1281 in H5D__contig_writevv(): can't perform vectorized sieve buffer write
    major: Dataset
    minor: Can't operate on object
  #006: /scratch/spack_cpu/job_21700923/spack-stage/spack-stage-hdf5-1.10.7-xexa2gll6hf6okdatgrxiwhcjs2uepc7/spack-src/src/H5VM.c line 1464 in H5VM_opvv(): can't perform operation
    major: Internal error (too specific to document in detail)
    minor: Can't operate on object
  #007: /scratch/spack_cpu/job_21700923/spack-stage/spack-stage-hdf5-1.10.7-xexa2gll6hf6okdatgrxiwhcjs2uepc7/spack-src/src/H5Dcontig.c line 1029 in H5D__contig_writevv_sieve_cb(): block write failed
    major: Dataset
    minor: Write failed
  #008: /scratch/spack_cpu/job_21700923/spack-stage/spack-stage-hdf5-1.10.7-xexa2gll6hf6okdatgrxiwhcjs2uepc7/spack-src/src/H5Fio.c line 161 in H5F_block_write(): write through page buffer failed
    major: Low-level I/O
    minor: Write failed
  #009: /scratch/spack_cpu/job_21700923/spack-stage/spack-stage-hdf5-1.10.7-xexa2gll6hf6okdatgrxiwhcjs2uepc7/spack-src/src/H5PB.c line 1032 in H5PB_write(): write through metadata accumulator failed
    major: Page Buffering
    minor: Write failed
  #010: /scratch/spack_cpu/job_21700923/spack-stage/spack-stage-hdf5-1.10.7-xexa2gll6hf6okdatgrxiwhcjs2uepc7/spack-src/src/H5Faccum.c line 824 in H5F__accum_write(): file write failed
    major: Low-level I/O
    minor: Write failed
  #011: /scratch/spack_cpu/job_21700923/spack-stage/spack-stage-hdf5-1.10.7-xexa2gll6hf6okdatgrxiwhcjs2uepc7/spack-src/src/H5FDint.c line 249 in H5FD_write(): driver write request failed
    major: Virtual File Layer
    minor: Write failed
  #012: /scratch/spack_cpu/job_21700923/spack-stage/spack-stage-hdf5-1.10.7-xexa2gll6hf6okdatgrxiwhcjs2uepc7/spack-src/src/H5FDsec2.c line 856 in H5FD__sec2_write(): file write failed: time = Wed Nov 19 08:19:20 2025
, filename = 'checkpoint.h5', file descriptor = 5, errno = 14, error message = 'Bad address', buf = 0x1555537c4000, total write size = 15969552, bytes this sub-write = 15969552, bytes actually written = 18446744073709551615, offset = 0
    major: Low-level I/O
    minor: Write failed
HDF5-DIAG: Error detected in HDF5 (1.10.7) thread 0:
  #000: /scratch/spack_cpu/job_21700923/spack-stage/spack-stage-hdf5-1.10.7-xexa2gll6hf6okdatgrxiwhcjs2uepc7/spack-src/src/H5Dio.c line 335 in H5Dwrite(): can't write data
    major: Dataset
    minor: Write failed
  #001: /scratch/spack_cpu/job_21700923/spack-stage/spack-stage-hdf5-1.10.7-xexa2gll6hf6okdatgrxiwhcjs2uepc7/spack-src/src/H5Dio.c line 813 in H5D__write(): can't write data
    major: Dataset
    minor: Write failed
  #002: /scratch/spack_cpu/job_21700923/spack-stage/spack-stage-hdf5-1.10.7-xexa2gll6hf6okdatgrxiwhcjs2uepc7/spack-src/src/H5Dcontig.c line 659 in H5D__contig_write(): contiguous write failed
    major: Dataset
    minor: Write failed
  #003: /scratch/spack_cpu/job_21700923/spack-stage/spack-stage-hdf5-1.10.7-xexa2gll6hf6okdatgrxiwhcjs2uepc7/spack-src/src/H5Dselect.c line 321 in H5D__select_write(): write error
    major: Dataspace
    minor: Write failed
  #004: /scratch/spack_cpu/job_21700923/spack-stage/spack-stage-hdf5-1.10.7-xexa2gll6hf6okdatgrxiwhcjs2uepc7/spack-src/src/H5Dselect.c line 230 in H5D__select_io(): write error
    major: Dataspace
    minor: Write failed
  #005: /scratch/spack_cpu/job_21700923/spack-stage/spack-stage-hdf5-1.10.7-xexa2gll6hf6okdatgrxiwhcjs2uepc7/spack-src/src/H5Dcontig.c line 1281 in H5D__contig_writevv(): can't perform vectorized sieve buffer write
    major: Dataset
    minor: Can't operate on object
  #006: /scratch/spack_cpu/job_21700923/spack-stage/spack-stage-hdf5-1.10.7-xexa2gll6hf6okdatgrxiwhcjs2uepc7/spack-src/src/H5VM.c line 1464 in H5VM_opvv(): can't perform operation
    major: Internal error (too specific to document in detail)
    minor: Can't operate on object
  #007: /scratch/spack_cpu/job_21700923/spack-stage/spack-stage-hdf5-1.10.7-xexa2gll6hf6okdatgrxiwhcjs2uepc7/spack-src/src/H5Dcontig.c line 1029 in H5D__contig_writevv_sieve_cb(): block write failed
    major: Dataset
    minor: Write failed
  #008: /scratch/spack_cpu/job_21700923/spack-stage/spack-stage-hdf5-1.10.7-xexa2gll6hf6okdatgrxiwhcjs2uepc7/spack-src/src/H5Fio.c line 161 in H5F_block_write(): write through page buffer failed
    major: Low-level I/O
    minor: Write failed
  #009: /scratch/spack_cpu/job_21700923/spack-stage/spack-stage-hdf5-1.10.7-xexa2gll6hf6okdatgrxiwhcjs2uepc7/spack-src/src/H5PB.c line 1032 in H5PB_write(): write through metadata accumulator failed
    major: Page Buffering
    minor: Write failed
  #010: /scratch/spack_cpu/job_21700923/spack-stage/spack-stage-hdf5-1.10.7-xexa2gll6hf6okdatgrxiwhcjs2uepc7/spack-src/src/H5Faccum.c line 824 in H5F__accum_write(): file write failed
    major: Low-level I/O
    minor: Write failed
  #011: /scratch/spack_cpu/job_21700923/spack-stage/spack-stage-hdf5-1.10.7-xexa2gll6hf6okdatgrxiwhcjs2uepc7/spack-src/src/H5FDint.c line 249 in H5FD_write(): driver write request failed
    major: Virtual File Layer
    minor: Write failed
  #012: /scratch/spack_cpu/job_21700923/spack-stage/spack-stage-hdf5-1.10.7-xexa2gll6hf6okdatgrxiwhcjs2uepc7/spack-src/src/H5FDsec2.c line 856 in H5FD__sec2_write(): file write failed: time = Wed Nov 19 08:19:33 2025
, filename = 'checkpoint.h5', file descriptor = 5, errno = 14, error message = 'Bad address', buf = 0x1555537c4000, total write size = 15969552, bytes this sub-write = 15969552, bytes actually written = 18446744073709551615, offset = 0
    major: Low-level I/O
    minor: Write failed
HDF5-DIAG: Error detected in HDF5 (1.10.7) thread 0:
  #000: /scratch/spack_cpu/job_21700923/spack-stage/spack-stage-hdf5-1.10.7-xexa2gll6hf6okdatgrxiwhcjs2uepc7/spack-src/src/H5Dio.c line 335 in H5Dwrite(): can't write data
    major: Dataset
    minor: Write failed
  #001: /scratch/spack_cpu/job_21700923/spack-stage/spack-stage-hdf5-1.10.7-xexa2gll6hf6okdatgrxiwhcjs2uepc7/spack-src/src/H5Dio.c line 813 in H5D__write(): can't write data
    major: Dataset
    minor: Write failed
  #002: /scratch/spack_cpu/job_21700923/spack-stage/spack-stage-hdf5-1.10.7-xexa2gll6hf6okdatgrxiwhcjs2uepc7/spack-src/src/H5Dcontig.c line 659 in H5D__contig_write(): contiguous write failed
    major: Dataset
    minor: Write failed
  #003: /scratch/spack_cpu/job_21700923/spack-stage/spack-stage-hdf5-1.10.7-xexa2gll6hf6okdatgrxiwhcjs2uepc7/spack-src/src/H5Dselect.c line 321 in H5D__select_write(): write error
    major: Dataspace
    minor: Write failed
  #004: /scratch/spack_cpu/job_21700923/spack-stage/spack-stage-hdf5-1.10.7-xexa2gll6hf6okdatgrxiwhcjs2uepc7/spack-src/src/H5Dselect.c line 230 in H5D__select_io(): write error
    major: Dataspace
    minor: Write failed
  #005: /scratch/spack_cpu/job_21700923/spack-stage/spack-stage-hdf5-1.10.7-xexa2gll6hf6okdatgrxiwhcjs2uepc7/spack-src/src/H5Dcontig.c line 1281 in H5D__contig_writevv(): can't perform vectorized sieve buffer write
    major: Dataset
    minor: Can't operate on object
  #006: /scratch/spack_cpu/job_21700923/spack-stage/spack-stage-hdf5-1.10.7-xexa2gll6hf6okdatgrxiwhcjs2uepc7/spack-src/src/H5VM.c line 1464 in H5VM_opvv(): can't perform operation
    major: Internal error (too specific to document in detail)
    minor: Can't operate on object
  #007: /scratch/spack_cpu/job_21700923/spack-stage/spack-stage-hdf5-1.10.7-xexa2gll6hf6okdatgrxiwhcjs2uepc7/spack-src/src/H5Dcontig.c line 1029 in H5D__contig_writevv_sieve_cb(): block write failed
    major: Dataset
    minor: Write failed
  #008: /scratch/spack_cpu/job_21700923/spack-stage/spack-stage-hdf5-1.10.7-xexa2gll6hf6okdatgrxiwhcjs2uepc7/spack-src/src/H5Fio.c line 161 in H5F_block_write(): write through page buffer failed
    major: Low-level I/O
    minor: Write failed
  #009: /scratch/spack_cpu/job_21700923/spack-stage/spack-stage-hdf5-1.10.7-xexa2gll6hf6okdatgrxiwhcjs2uepc7/spack-src/src/H5PB.c line 1032 in H5PB_write(): write through metadata accumulator failed
    major: Page Buffering
    minor: Write failed
  #010: /scratch/spack_cpu/job_21700923/spack-stage/spack-stage-hdf5-1.10.7-xexa2gll6hf6okdatgrxiwhcjs2uepc7/spack-src/src/H5Faccum.c line 824 in H5F__accum_write(): file write failed
    major: Low-level I/O
    minor: Write failed
  #011: /scratch/spack_cpu/job_21700923/spack-stage/spack-stage-hdf5-1.10.7-xexa2gll6hf6okdatgrxiwhcjs2uepc7/spack-src/src/H5FDint.c line 249 in H5FD_write(): driver write request failed
    major: Virtual File Layer
    minor: Write failed
  #012: /scratch/spack_cpu/job_21700923/spack-stage/spack-stage-hdf5-1.10.7-xexa2gll6hf6okdatgrxiwhcjs2uepc7/spack-src/src/H5FDsec2.c line 856 in H5FD__sec2_write(): file write failed: time = Wed Nov 19 08:19:46 2025
, filename = 'checkpoint.h5', file descriptor = 5, errno = 14, error message = 'Bad address', buf = 0x1555537c4000, total write size = 15969552, bytes this sub-write = 15969552, bytes actually written = 18446744073709551615, offset = 0
    major: Low-level I/O
    minor: Write failed
HDF5-DIAG: Error detected in HDF5 (1.10.7) thread 0:
  #000: /scratch/spack_cpu/job_21700923/spack-stage/spack-stage-hdf5-1.10.7-xexa2gll6hf6okdatgrxiwhcjs2uepc7/spack-src/src/H5Dio.c line 335 in H5Dwrite(): can't write data
    major: Dataset
    minor: Write failed
  #001: /scratch/spack_cpu/job_21700923/spack-stage/spack-stage-hdf5-1.10.7-xexa2gll6hf6okdatgrxiwhcjs2uepc7/spack-src/src/H5Dio.c line 813 in H5D__write(): can't write data
    major: Dataset
    minor: Write failed
  #002: /scratch/spack_cpu/job_21700923/spack-stage/spack-stage-hdf5-1.10.7-xexa2gll6hf6okdatgrxiwhcjs2uepc7/spack-src/src/H5Dcontig.c line 659 in H5D__contig_write(): contiguous write failed
    major: Dataset
    minor: Write failed
  #003: /scratch/spack_cpu/job_21700923/spack-stage/spack-stage-hdf5-1.10.7-xexa2gll6hf6okdatgrxiwhcjs2uepc7/spack-src/src/H5Dselect.c line 321 in H5D__select_write(): write error
    major: Dataspace
    minor: Write failed
  #004: /scratch/spack_cpu/job_21700923/spack-stage/spack-stage-hdf5-1.10.7-xexa2gll6hf6okdatgrxiwhcjs2uepc7/spack-src/src/H5Dselect.c line 230 in H5D__select_io(): write error
    major: Dataspace
    minor: Write failed
  #005: /scratch/spack_cpu/job_21700923/spack-stage/spack-stage-hdf5-1.10.7-xexa2gll6hf6okdatgrxiwhcjs2uepc7/spack-src/src/H5Dcontig.c line 1281 in H5D__contig_writevv(): can't perform vectorized sieve buffer write
    major: Dataset
    minor: Can't operate on object
  #006: /scratch/spack_cpu/job_21700923/spack-stage/spack-stage-hdf5-1.10.7-xexa2gll6hf6okdatgrxiwhcjs2uepc7/spack-src/src/H5VM.c line 1464 in H5VM_opvv(): can't perform operation
    major: Internal error (too specific to document in detail)
    minor: Can't operate on object
  #007: /scratch/spack_cpu/job_21700923/spack-stage/spack-stage-hdf5-1.10.7-xexa2gll6hf6okdatgrxiwhcjs2uepc7/spack-src/src/H5Dcontig.c line 1029 in H5D__contig_writevv_sieve_cb(): block write failed
    major: Dataset
    minor: Write failed
  #008: /scratch/spack_cpu/job_21700923/spack-stage/spack-stage-hdf5-1.10.7-xexa2gll6hf6okdatgrxiwhcjs2uepc7/spack-src/src/H5Fio.c line 161 in H5F_block_write(): write through page buffer failed
    major: Low-level I/O
    minor: Write failed
  #009: /scratch/spack_cpu/job_21700923/spack-stage/spack-stage-hdf5-1.10.7-xexa2gll6hf6okdatgrxiwhcjs2uepc7/spack-src/src/H5PB.c line 1032 in H5PB_write(): write through metadata accumulator failed
    major: Page Buffering
    minor: Write failed
  #010: /scratch/spack_cpu/job_21700923/spack-stage/spack-stage-hdf5-1.10.7-xexa2gll6hf6okdatgrxiwhcjs2uepc7/spack-src/src/H5Faccum.c line 824 in H5F__accum_write(): file write failed
    major: Low-level I/O
    minor: Write failed
  #011: /scratch/spack_cpu/job_21700923/spack-stage/spack-stage-hdf5-1.10.7-xexa2gll6hf6okdatgrxiwhcjs2uepc7/spack-src/src/H5FDint.c line 249 in H5FD_write(): driver write request failed
    major: Virtual File Layer
    minor: Write failed
  #012: /scratch/spack_cpu/job_21700923/spack-stage/spack-stage-hdf5-1.10.7-xexa2gll6hf6okdatgrxiwhcjs2uepc7/spack-src/src/H5FDsec2.c line 856 in H5FD__sec2_write(): file write failed: time = Wed Nov 19 08:19:59 2025
, filename = 'checkpoint.h5', file descriptor = 5, errno = 14, error message = 'Bad address', buf = 0x1555537c4000, total write size = 15969552, bytes this sub-write = 15969552, bytes actually written = 18446744073709551615, offset = 0
    major: Low-level I/O
    minor: Write failed
HDF5-DIAG: Error detected in HDF5 (1.10.7) thread 0:
  #000: /scratch/spack_cpu/job_21700923/spack-stage/spack-stage-hdf5-1.10.7-xexa2gll6hf6okdatgrxiwhcjs2uepc7/spack-src/src/H5Dio.c line 335 in H5Dwrite(): can't write data
    major: Dataset
    minor: Write failed
  #001: /scratch/spack_cpu/job_21700923/spack-stage/spack-stage-hdf5-1.10.7-xexa2gll6hf6okdatgrxiwhcjs2uepc7/spack-src/src/H5Dio.c line 813 in H5D__write(): can't write data
    major: Dataset
    minor: Write failed
  #002: /scratch/spack_cpu/job_21700923/spack-stage/spack-stage-hdf5-1.10.7-xexa2gll6hf6okdatgrxiwhcjs2uepc7/spack-src/src/H5Dcontig.c line 659 in H5D__contig_write(): contiguous write failed
    major: Dataset
    minor: Write failed
  #003: /scratch/spack_cpu/job_21700923/spack-stage/spack-stage-hdf5-1.10.7-xexa2gll6hf6okdatgrxiwhcjs2uepc7/spack-src/src/H5Dselect.c line 321 in H5D__select_write(): write error
    major: Dataspace
    minor: Write failed
  #004: /scratch/spack_cpu/job_21700923/spack-stage/spack-stage-hdf5-1.10.7-xexa2gll6hf6okdatgrxiwhcjs2uepc7/spack-src/src/H5Dselect.c line 230 in H5D__select_io(): write error
    major: Dataspace
    minor: Write failed
  #005: /scratch/spack_cpu/job_21700923/spack-stage/spack-stage-hdf5-1.10.7-xexa2gll6hf6okdatgrxiwhcjs2uepc7/spack-src/src/H5Dcontig.c line 1281 in H5D__contig_writevv(): can't perform vectorized sieve buffer write
    major: Dataset
    minor: Can't operate on object
  #006: /scratch/spack_cpu/job_21700923/spack-stage/spack-stage-hdf5-1.10.7-xexa2gll6hf6okdatgrxiwhcjs2uepc7/spack-src/src/H5VM.c line 1464 in H5VM_opvv(): can't perform operation
    major: Internal error (too specific to document in detail)
    minor: Can't operate on object
  #007: /scratch/spack_cpu/job_21700923/spack-stage/spack-stage-hdf5-1.10.7-xexa2gll6hf6okdatgrxiwhcjs2uepc7/spack-src/src/H5Dcontig.c line 1029 in H5D__contig_writevv_sieve_cb(): block write failed
    major: Dataset
    minor: Write failed
  #008: /scratch/spack_cpu/job_21700923/spack-stage/spack-stage-hdf5-1.10.7-xexa2gll6hf6okdatgrxiwhcjs2uepc7/spack-src/src/H5Fio.c line 161 in H5F_block_write(): write through page buffer failed
    major: Low-level I/O
    minor: Write failed
  #009: /scratch/spack_cpu/job_21700923/spack-stage/spack-stage-hdf5-1.10.7-xexa2gll6hf6okdatgrxiwhcjs2uepc7/spack-src/src/H5PB.c line 1032 in H5PB_write(): write through metadata accumulator failed
    major: Page Buffering
    minor: Write failed
  #010: /scratch/spack_cpu/job_21700923/spack-stage/spack-stage-hdf5-1.10.7-xexa2gll6hf6okdatgrxiwhcjs2uepc7/spack-src/src/H5Faccum.c line 824 in H5F__accum_write(): file write failed
    major: Low-level I/O
    minor: Write failed
  #011: /scratch/spack_cpu/job_21700923/spack-stage/spack-stage-hdf5-1.10.7-xexa2gll6hf6okdatgrxiwhcjs2uepc7/spack-src/src/H5FDint.c line 249 in H5FD_write(): driver write request failed
    major: Virtual File Layer
    minor: Write failed
  #012: /scratch/spack_cpu/job_21700923/spack-stage/spack-stage-hdf5-1.10.7-xexa2gll6hf6okdatgrxiwhcjs2uepc7/spack-src/src/H5FDsec2.c line 856 in H5FD__sec2_write(): file write failed: time = Wed Nov 19 08:20:11 2025
, filename = 'checkpoint.h5', file descriptor = 5, errno = 14, error message = 'Bad address', buf = 0x1555537c4000, total write size = 15969552, bytes this sub-write = 15969552, bytes actually written = 18446744073709551615, offset = 0
    major: Low-level I/O
    minor: Write failed
HDF5-DIAG: Error detected in HDF5 (1.10.7) thread 0:
  #000: /scratch/spack_cpu/job_21700923/spack-stage/spack-stage-hdf5-1.10.7-xexa2gll6hf6okdatgrxiwhcjs2uepc7/spack-src/src/H5Dio.c line 335 in H5Dwrite(): can't write data
    major: Dataset
    minor: Write failed
  #001: /scratch/spack_cpu/job_21700923/spack-stage/spack-stage-hdf5-1.10.7-xexa2gll6hf6okdatgrxiwhcjs2uepc7/spack-src/src/H5Dio.c line 813 in H5D__write(): can't write data
    major: Dataset
    minor: Write failed
  #002: /scratch/spack_cpu/job_21700923/spack-stage/spack-stage-hdf5-1.10.7-xexa2gll6hf6okdatgrxiwhcjs2uepc7/spack-src/src/H5Dcontig.c line 659 in H5D__contig_write(): contiguous write failed
    major: Dataset
    minor: Write failed
  #003: /scratch/spack_cpu/job_21700923/spack-stage/spack-stage-hdf5-1.10.7-xexa2gll6hf6okdatgrxiwhcjs2uepc7/spack-src/src/H5Dselect.c line 321 in H5D__select_write(): write error
    major: Dataspace
    minor: Write failed
  #004: /scratch/spack_cpu/job_21700923/spack-stage/spack-stage-hdf5-1.10.7-xexa2gll6hf6okdatgrxiwhcjs2uepc7/spack-src/src/H5Dselect.c line 230 in H5D__select_io(): write error
    major: Dataspace
    minor: Write failed
  #005: /scratch/spack_cpu/job_21700923/spack-stage/spack-stage-hdf5-1.10.7-xexa2gll6hf6okdatgrxiwhcjs2uepc7/spack-src/src/H5Dcontig.c line 1281 in H5D__contig_writevv(): can't perform vectorized sieve buffer write
    major: Dataset
    minor: Can't operate on object
  #006: /scratch/spack_cpu/job_21700923/spack-stage/spack-stage-hdf5-1.10.7-xexa2gll6hf6okdatgrxiwhcjs2uepc7/spack-src/src/H5VM.c line 1464 in H5VM_opvv(): can't perform operation
    major: Internal error (too specific to document in detail)
    minor: Can't operate on object
  #007: /scratch/spack_cpu/job_21700923/spack-stage/spack-stage-hdf5-1.10.7-xexa2gll6hf6okdatgrxiwhcjs2uepc7/spack-src/src/H5Dcontig.c line 1029 in H5D__contig_writevv_sieve_cb(): block write failed
    major: Dataset
    minor: Write failed
  #008: /scratch/spack_cpu/job_21700923/spack-stage/spack-stage-hdf5-1.10.7-xexa2gll6hf6okdatgrxiwhcjs2uepc7/spack-src/src/H5Fio.c line 161 in H5F_block_write(): write through page buffer failed
    major: Low-level I/O
    minor: Write failed
  #009: /scratch/spack_cpu/job_21700923/spack-stage/spack-stage-hdf5-1.10.7-xexa2gll6hf6okdatgrxiwhcjs2uepc7/spack-src/src/H5PB.c line 1032 in H5PB_write(): write through metadata accumulator failed
    major: Page Buffering
    minor: Write failed
  #010: /scratch/spack_cpu/job_21700923/spack-stage/spack-stage-hdf5-1.10.7-xexa2gll6hf6okdatgrxiwhcjs2uepc7/spack-src/src/H5Faccum.c line 824 in H5F__accum_write(): file write failed
    major: Low-level I/O
    minor: Write failed
  #011: /scratch/spack_cpu/job_21700923/spack-stage/spack-stage-hdf5-1.10.7-xexa2gll6hf6okdatgrxiwhcjs2uepc7/spack-src/src/H5FDint.c line 249 in H5FD_write(): driver write request failed
    major: Virtual File Layer
    minor: Write failed
  #012: /scratch/spack_cpu/job_21700923/spack-stage/spack-stage-hdf5-1.10.7-xexa2gll6hf6okdatgrxiwhcjs2uepc7/spack-src/src/H5FDsec2.c line 856 in H5FD__sec2_write(): file write failed: time = Wed Nov 19 08:20:23 2025
, filename = 'checkpoint.h5', file descriptor = 5, errno = 14, error message = 'Bad address', buf = 0x1555537c4000, total write size = 15969552, bytes this sub-write = 15969552, bytes actually written = 18446744073709551615, offset = 0
    major: Low-level I/O
    minor: Write failed
HDF5-DIAG: Error detected in HDF5 (1.10.7) thread 0:
  #000: /scratch/spack_cpu/job_21700923/spack-stage/spack-stage-hdf5-1.10.7-xexa2gll6hf6okdatgrxiwhcjs2uepc7/spack-src/src/H5Dio.c line 335 in H5Dwrite(): can't write data
    major: Dataset
    minor: Write failed
  #001: /scratch/spack_cpu/job_21700923/spack-stage/spack-stage-hdf5-1.10.7-xexa2gll6hf6okdatgrxiwhcjs2uepc7/spack-src/src/H5Dio.c line 813 in H5D__write(): can't write data
    major: Dataset
    minor: Write failed
  #002: /scratch/spack_cpu/job_21700923/spack-stage/spack-stage-hdf5-1.10.7-xexa2gll6hf6okdatgrxiwhcjs2uepc7/spack-src/src/H5Dcontig.c line 659 in H5D__contig_write(): contiguous write failed
    major: Dataset
    minor: Write failed
  #003: /scratch/spack_cpu/job_21700923/spack-stage/spack-stage-hdf5-1.10.7-xexa2gll6hf6okdatgrxiwhcjs2uepc7/spack-src/src/H5Dselect.c line 321 in H5D__select_write(): write error
    major: Dataspace
    minor: Write failed
  #004: /scratch/spack_cpu/job_21700923/spack-stage/spack-stage-hdf5-1.10.7-xexa2gll6hf6okdatgrxiwhcjs2uepc7/spack-src/src/H5Dselect.c line 230 in H5D__select_io(): write error
    major: Dataspace
    minor: Write failed
  #005: /scratch/spack_cpu/job_21700923/spack-stage/spack-stage-hdf5-1.10.7-xexa2gll6hf6okdatgrxiwhcjs2uepc7/spack-src/src/H5Dcontig.c line 1281 in H5D__contig_writevv(): can't perform vectorized sieve buffer write
    major: Dataset
    minor: Can't operate on object
  #006: /scratch/spack_cpu/job_21700923/spack-stage/spack-stage-hdf5-1.10.7-xexa2gll6hf6okdatgrxiwhcjs2uepc7/spack-src/src/H5VM.c line 1464 in H5VM_opvv(): can't perform operation
    major: Internal error (too specific to document in detail)
    minor: Can't operate on object
  #007: /scratch/spack_cpu/job_21700923/spack-stage/spack-stage-hdf5-1.10.7-xexa2gll6hf6okdatgrxiwhcjs2uepc7/spack-src/src/H5Dcontig.c line 1029 in H5D__contig_writevv_sieve_cb(): block write failed
    major: Dataset
    minor: Write failed
  #008: /scratch/spack_cpu/job_21700923/spack-stage/spack-stage-hdf5-1.10.7-xexa2gll6hf6okdatgrxiwhcjs2uepc7/spack-src/src/H5Fio.c line 161 in H5F_block_write(): write through page buffer failed
    major: Low-level I/O
    minor: Write failed
  #009: /scratch/spack_cpu/job_21700923/spack-stage/spack-stage-hdf5-1.10.7-xexa2gll6hf6okdatgrxiwhcjs2uepc7/spack-src/src/H5PB.c line 1032 in H5PB_write(): write through metadata accumulator failed
    major: Page Buffering
    minor: Write failed
  #010: /scratch/spack_cpu/job_21700923/spack-stage/spack-stage-hdf5-1.10.7-xexa2gll6hf6okdatgrxiwhcjs2uepc7/spack-src/src/H5Faccum.c line 824 in H5F__accum_write(): file write failed
    major: Low-level I/O
    minor: Write failed
  #011: /scratch/spack_cpu/job_21700923/spack-stage/spack-stage-hdf5-1.10.7-xexa2gll6hf6okdatgrxiwhcjs2uepc7/spack-src/src/H5FDint.c line 249 in H5FD_write(): driver write request failed
    major: Virtual File Layer
    minor: Write failed
  #012: /scratch/spack_cpu/job_21700923/spack-stage/spack-stage-hdf5-1.10.7-xexa2gll6hf6okdatgrxiwhcjs2uepc7/spack-src/src/H5FDsec2.c line 856 in H5FD__sec2_write(): file write failed: time = Wed Nov 19 08:20:36 2025
, filename = 'checkpoint.h5', file descriptor = 5, errno = 14, error message = 'Bad address', buf = 0x1555537c4000, total write size = 15969552, bytes this sub-write = 15969552, bytes actually written = 18446744073709551615, offset = 0
    major: Low-level I/O
    minor: Write failed
HDF5-DIAG: Error detected in HDF5 (1.10.7) thread 0:
  #000: /scratch/spack_cpu/job_21700923/spack-stage/spack-stage-hdf5-1.10.7-xexa2gll6hf6okdatgrxiwhcjs2uepc7/spack-src/src/H5Dio.c line 335 in H5Dwrite(): can't write data
    major: Dataset
    minor: Write failed
  #001: /scratch/spack_cpu/job_21700923/spack-stage/spack-stage-hdf5-1.10.7-xexa2gll6hf6okdatgrxiwhcjs2uepc7/spack-src/src/H5Dio.c line 813 in H5D__write(): can't write data
    major: Dataset
    minor: Write failed
  #002: /scratch/spack_cpu/job_21700923/spack-stage/spack-stage-hdf5-1.10.7-xexa2gll6hf6okdatgrxiwhcjs2uepc7/spack-src/src/H5Dcontig.c line 659 in H5D__contig_write(): contiguous write failed
    major: Dataset
    minor: Write failed
  #003: /scratch/spack_cpu/job_21700923/spack-stage/spack-stage-hdf5-1.10.7-xexa2gll6hf6okdatgrxiwhcjs2uepc7/spack-src/src/H5Dselect.c line 321 in H5D__select_write(): write error
    major: Dataspace
    minor: Write failed
  #004: /scratch/spack_cpu/job_21700923/spack-stage/spack-stage-hdf5-1.10.7-xexa2gll6hf6okdatgrxiwhcjs2uepc7/spack-src/src/H5Dselect.c line 230 in H5D__select_io(): write error
    major: Dataspace
    minor: Write failed
  #005: /scratch/spack_cpu/job_21700923/spack-stage/spack-stage-hdf5-1.10.7-xexa2gll6hf6okdatgrxiwhcjs2uepc7/spack-src/src/H5Dcontig.c line 1281 in H5D__contig_writevv(): can't perform vectorized sieve buffer write
    major: Dataset
    minor: Can't operate on object
  #006: /scratch/spack_cpu/job_21700923/spack-stage/spack-stage-hdf5-1.10.7-xexa2gll6hf6okdatgrxiwhcjs2uepc7/spack-src/src/H5VM.c line 1464 in H5VM_opvv(): can't perform operation
    major: Internal error (too specific to document in detail)
    minor: Can't operate on object
  #007: /scratch/spack_cpu/job_21700923/spack-stage/spack-stage-hdf5-1.10.7-xexa2gll6hf6okdatgrxiwhcjs2uepc7/spack-src/src/H5Dcontig.c line 1029 in H5D__contig_writevv_sieve_cb(): block write failed
    major: Dataset
    minor: Write failed
  #008: /scratch/spack_cpu/job_21700923/spack-stage/spack-stage-hdf5-1.10.7-xexa2gll6hf6okdatgrxiwhcjs2uepc7/spack-src/src/H5Fio.c line 161 in H5F_block_write(): write through page buffer failed
    major: Low-level I/O
    minor: Write failed
  #009: /scratch/spack_cpu/job_21700923/spack-stage/spack-stage-hdf5-1.10.7-xexa2gll6hf6okdatgrxiwhcjs2uepc7/spack-src/src/H5PB.c line 1032 in H5PB_write(): write through metadata accumulator failed
    major: Page Buffering
    minor: Write failed
  #010: /scratch/spack_cpu/job_21700923/spack-stage/spack-stage-hdf5-1.10.7-xexa2gll6hf6okdatgrxiwhcjs2uepc7/spack-src/src/H5Faccum.c line 824 in H5F__accum_write(): file write failed
    major: Low-level I/O
    minor: Write failed
  #011: /scratch/spack_cpu/job_21700923/spack-stage/spack-stage-hdf5-1.10.7-xexa2gll6hf6okdatgrxiwhcjs2uepc7/spack-src/src/H5FDint.c line 249 in H5FD_write(): driver write request failed
    major: Virtual File Layer
    minor: Write failed
  #012: /scratch/spack_cpu/job_21700923/spack-stage/spack-stage-hdf5-1.10.7-xexa2gll6hf6okdatgrxiwhcjs2uepc7/spack-src/src/H5FDsec2.c line 856 in H5FD__sec2_write(): file write failed: time = Wed Nov 19 08:20:49 2025
, filename = 'checkpoint.h5', file descriptor = 5, errno = 14, error message = 'Bad address', buf = 0x1555537c4000, total write size = 15969552, bytes this sub-write = 15969552, bytes actually written = 18446744073709551615, offset = 0
    major: Low-level I/O
    minor: Write failed
HDF5-DIAG: Error detected in HDF5 (1.10.7) thread 0:
  #000: /scratch/spack_cpu/job_21700923/spack-stage/spack-stage-hdf5-1.10.7-xexa2gll6hf6okdatgrxiwhcjs2uepc7/spack-src/src/H5Dio.c line 335 in H5Dwrite(): can't write data
    major: Dataset
    minor: Write failed
  #001: /scratch/spack_cpu/job_21700923/spack-stage/spack-stage-hdf5-1.10.7-xexa2gll6hf6okdatgrxiwhcjs2uepc7/spack-src/src/H5Dio.c line 813 in H5D__write(): can't write data
    major: Dataset
    minor: Write failed
  #002: /scratch/spack_cpu/job_21700923/spack-stage/spack-stage-hdf5-1.10.7-xexa2gll6hf6okdatgrxiwhcjs2uepc7/spack-src/src/H5Dcontig.c line 659 in H5D__contig_write(): contiguous write failed
    major: Dataset
    minor: Write failed
  #003: /scratch/spack_cpu/job_21700923/spack-stage/spack-stage-hdf5-1.10.7-xexa2gll6hf6okdatgrxiwhcjs2uepc7/spack-src/src/H5Dselect.c line 321 in H5D__select_write(): write error
    major: Dataspace
    minor: Write failed
  #004: /scratch/spack_cpu/job_21700923/spack-stage/spack-stage-hdf5-1.10.7-xexa2gll6hf6okdatgrxiwhcjs2uepc7/spack-src/src/H5Dselect.c line 230 in H5D__select_io(): write error
    major: Dataspace
    minor: Write failed
  #005: /scratch/spack_cpu/job_21700923/spack-stage/spack-stage-hdf5-1.10.7-xexa2gll6hf6okdatgrxiwhcjs2uepc7/spack-src/src/H5Dcontig.c line 1281 in H5D__contig_writevv(): can't perform vectorized sieve buffer write
    major: Dataset
    minor: Can't operate on object
  #006: /scratch/spack_cpu/job_21700923/spack-stage/spack-stage-hdf5-1.10.7-xexa2gll6hf6okdatgrxiwhcjs2uepc7/spack-src/src/H5VM.c line 1464 in H5VM_opvv(): can't perform operation
    major: Internal error (too specific to document in detail)
    minor: Can't operate on object
  #007: /scratch/spack_cpu/job_21700923/spack-stage/spack-stage-hdf5-1.10.7-xexa2gll6hf6okdatgrxiwhcjs2uepc7/spack-src/src/H5Dcontig.c line 1029 in H5D__contig_writevv_sieve_cb(): block write failed
    major: Dataset
    minor: Write failed
  #008: /scratch/spack_cpu/job_21700923/spack-stage/spack-stage-hdf5-1.10.7-xexa2gll6hf6okdatgrxiwhcjs2uepc7/spack-src/src/H5Fio.c line 161 in H5F_block_write(): write through page buffer failed
    major: Low-level I/O
    minor: Write failed
  #009: /scratch/spack_cpu/job_21700923/spack-stage/spack-stage-hdf5-1.10.7-xexa2gll6hf6okdatgrxiwhcjs2uepc7/spack-src/src/H5PB.c line 1032 in H5PB_write(): write through metadata accumulator failed
    major: Page Buffering
    minor: Write failed
  #010: /scratch/spack_cpu/job_21700923/spack-stage/spack-stage-hdf5-1.10.7-xexa2gll6hf6okdatgrxiwhcjs2uepc7/spack-src/src/H5Faccum.c line 824 in H5F__accum_write(): file write failed
    major: Low-level I/O
    minor: Write failed
  #011: /scratch/spack_cpu/job_21700923/spack-stage/spack-stage-hdf5-1.10.7-xexa2gll6hf6okdatgrxiwhcjs2uepc7/spack-src/src/H5FDint.c line 249 in H5FD_write(): driver write request failed
    major: Virtual File Layer
    minor: Write failed
  #012: /scratch/spack_cpu/job_21700923/spack-stage/spack-stage-hdf5-1.10.7-xexa2gll6hf6okdatgrxiwhcjs2uepc7/spack-src/src/H5FDsec2.c line 856 in H5FD__sec2_write(): file write failed: time = Wed Nov 19 08:21:02 2025
, filename = 'checkpoint.h5', file descriptor = 5, errno = 14, error message = 'Bad address', buf = 0x1555537c4000, total write size = 15969552, bytes this sub-write = 15969552, bytes actually written = 18446744073709551615, offset = 0
    major: Low-level I/O
    minor: Write failed
HDF5-DIAG: Error detected in HDF5 (1.10.7) thread 0:
  #000: /scratch/spack_cpu/job_21700923/spack-stage/spack-stage-hdf5-1.10.7-xexa2gll6hf6okdatgrxiwhcjs2uepc7/spack-src/src/H5Dio.c line 335 in H5Dwrite(): can't write data
    major: Dataset
    minor: Write failed
  #001: /scratch/spack_cpu/job_21700923/spack-stage/spack-stage-hdf5-1.10.7-xexa2gll6hf6okdatgrxiwhcjs2uepc7/spack-src/src/H5Dio.c line 813 in H5D__write(): can't write data
    major: Dataset
    minor: Write failed
  #002: /scratch/spack_cpu/job_21700923/spack-stage/spack-stage-hdf5-1.10.7-xexa2gll6hf6okdatgrxiwhcjs2uepc7/spack-src/src/H5Dcontig.c line 659 in H5D__contig_write(): contiguous write failed
    major: Dataset
    minor: Write failed
  #003: /scratch/spack_cpu/job_21700923/spack-stage/spack-stage-hdf5-1.10.7-xexa2gll6hf6okdatgrxiwhcjs2uepc7/spack-src/src/H5Dselect.c line 321 in H5D__select_write(): write error
    major: Dataspace
    minor: Write failed
  #004: /scratch/spack_cpu/job_21700923/spack-stage/spack-stage-hdf5-1.10.7-xexa2gll6hf6okdatgrxiwhcjs2uepc7/spack-src/src/H5Dselect.c line 230 in H5D__select_io(): write error
    major: Dataspace
    minor: Write failed
  #005: /scratch/spack_cpu/job_21700923/spack-stage/spack-stage-hdf5-1.10.7-xexa2gll6hf6okdatgrxiwhcjs2uepc7/spack-src/src/H5Dcontig.c line 1281 in H5D__contig_writevv(): can't perform vectorized sieve buffer write
    major: Dataset
    minor: Can't operate on object
  #006: /scratch/spack_cpu/job_21700923/spack-stage/spack-stage-hdf5-1.10.7-xexa2gll6hf6okdatgrxiwhcjs2uepc7/spack-src/src/H5VM.c line 1464 in H5VM_opvv(): can't perform operation
    major: Internal error (too specific to document in detail)
    minor: Can't operate on object
  #007: /scratch/spack_cpu/job_21700923/spack-stage/spack-stage-hdf5-1.10.7-xexa2gll6hf6okdatgrxiwhcjs2uepc7/spack-src/src/H5Dcontig.c line 1029 in H5D__contig_writevv_sieve_cb(): block write failed
    major: Dataset
    minor: Write failed
  #008: /scratch/spack_cpu/job_21700923/spack-stage/spack-stage-hdf5-1.10.7-xexa2gll6hf6okdatgrxiwhcjs2uepc7/spack-src/src/H5Fio.c line 161 in H5F_block_write(): write through page buffer failed
    major: Low-level I/O
    minor: Write failed
  #009: /scratch/spack_cpu/job_21700923/spack-stage/spack-stage-hdf5-1.10.7-xexa2gll6hf6okdatgrxiwhcjs2uepc7/spack-src/src/H5PB.c line 1032 in H5PB_write(): write through metadata accumulator failed
    major: Page Buffering
    minor: Write failed
  #010: /scratch/spack_cpu/job_21700923/spack-stage/spack-stage-hdf5-1.10.7-xexa2gll6hf6okdatgrxiwhcjs2uepc7/spack-src/src/H5Faccum.c line 824 in H5F__accum_write(): file write failed
    major: Low-level I/O
    minor: Write failed
  #011: /scratch/spack_cpu/job_21700923/spack-stage/spack-stage-hdf5-1.10.7-xexa2gll6hf6okdatgrxiwhcjs2uepc7/spack-src/src/H5FDint.c line 249 in H5FD_write(): driver write request failed
    major: Virtual File Layer
    minor: Write failed
  #012: /scratch/spack_cpu/job_21700923/spack-stage/spack-stage-hdf5-1.10.7-xexa2gll6hf6okdatgrxiwhcjs2uepc7/spack-src/src/H5FDsec2.c line 856 in H5FD__sec2_write(): file write failed: time = Wed Nov 19 08:21:14 2025
, filename = 'checkpoint.h5', file descriptor = 5, errno = 14, error message = 'Bad address', buf = 0x1555537c4000, total write size = 15969552, bytes this sub-write = 15969552, bytes actually written = 18446744073709551615, offset = 0
    major: Low-level I/O
    minor: Write failed
HDF5-DIAG: Error detected in HDF5 (1.10.7) thread 0:
  #000: /scratch/spack_cpu/job_21700923/spack-stage/spack-stage-hdf5-1.10.7-xexa2gll6hf6okdatgrxiwhcjs2uepc7/spack-src/src/H5Dio.c line 335 in H5Dwrite(): can't write data
    major: Dataset
    minor: Write failed
  #001: /scratch/spack_cpu/job_21700923/spack-stage/spack-stage-hdf5-1.10.7-xexa2gll6hf6okdatgrxiwhcjs2uepc7/spack-src/src/H5Dio.c line 813 in H5D__write(): can't write data
    major: Dataset
    minor: Write failed
  #002: /scratch/spack_cpu/job_21700923/spack-stage/spack-stage-hdf5-1.10.7-xexa2gll6hf6okdatgrxiwhcjs2uepc7/spack-src/src/H5Dcontig.c line 659 in H5D__contig_write(): contiguous write failed
    major: Dataset
    minor: Write failed
  #003: /scratch/spack_cpu/job_21700923/spack-stage/spack-stage-hdf5-1.10.7-xexa2gll6hf6okdatgrxiwhcjs2uepc7/spack-src/src/H5Dselect.c line 321 in H5D__select_write(): write error
    major: Dataspace
    minor: Write failed
  #004: /scratch/spack_cpu/job_21700923/spack-stage/spack-stage-hdf5-1.10.7-xexa2gll6hf6okdatgrxiwhcjs2uepc7/spack-src/src/H5Dselect.c line 230 in H5D__select_io(): write error
    major: Dataspace
    minor: Write failed
  #005: /scratch/spack_cpu/job_21700923/spack-stage/spack-stage-hdf5-1.10.7-xexa2gll6hf6okdatgrxiwhcjs2uepc7/spack-src/src/H5Dcontig.c line 1281 in H5D__contig_writevv(): can't perform vectorized sieve buffer write
    major: Dataset
    minor: Can't operate on object
  #006: /scratch/spack_cpu/job_21700923/spack-stage/spack-stage-hdf5-1.10.7-xexa2gll6hf6okdatgrxiwhcjs2uepc7/spack-src/src/H5VM.c line 1464 in H5VM_opvv(): can't perform operation
    major: Internal error (too specific to document in detail)
    minor: Can't operate on object
  #007: /scratch/spack_cpu/job_21700923/spack-stage/spack-stage-hdf5-1.10.7-xexa2gll6hf6okdatgrxiwhcjs2uepc7/spack-src/src/H5Dcontig.c line 1029 in H5D__contig_writevv_sieve_cb(): block write failed
    major: Dataset
    minor: Write failed
  #008: /scratch/spack_cpu/job_21700923/spack-stage/spack-stage-hdf5-1.10.7-xexa2gll6hf6okdatgrxiwhcjs2uepc7/spack-src/src/H5Fio.c line 161 in H5F_block_write(): write through page buffer failed
    major: Low-level I/O
    minor: Write failed
  #009: /scratch/spack_cpu/job_21700923/spack-stage/spack-stage-hdf5-1.10.7-xexa2gll6hf6okdatgrxiwhcjs2uepc7/spack-src/src/H5PB.c line 1032 in H5PB_write(): write through metadata accumulator failed
    major: Page Buffering
    minor: Write failed
  #010: /scratch/spack_cpu/job_21700923/spack-stage/spack-stage-hdf5-1.10.7-xexa2gll6hf6okdatgrxiwhcjs2uepc7/spack-src/src/H5Faccum.c line 824 in H5F__accum_write(): file write failed
    major: Low-level I/O
    minor: Write failed
  #011: /scratch/spack_cpu/job_21700923/spack-stage/spack-stage-hdf5-1.10.7-xexa2gll6hf6okdatgrxiwhcjs2uepc7/spack-src/src/H5FDint.c line 249 in H5FD_write(): driver write request failed
    major: Virtual File Layer
    minor: Write failed
  #012: /scratch/spack_cpu/job_21700923/spack-stage/spack-stage-hdf5-1.10.7-xexa2gll6hf6okdatgrxiwhcjs2uepc7/spack-src/src/H5FDsec2.c line 856 in H5FD__sec2_write(): file write failed: time = Wed Nov 19 08:21:27 2025
, filename = 'checkpoint.h5', file descriptor = 5, errno = 14, error message = 'Bad address', buf = 0x1555537c4000, total write size = 15969552, bytes this sub-write = 15969552, bytes actually written = 18446744073709551615, offset = 0
    major: Low-level I/O
    minor: Write failed
HDF5-DIAG: Error detected in HDF5 (1.10.7) thread 0:
  #000: /scratch/spack_cpu/job_21700923/spack-stage/spack-stage-hdf5-1.10.7-xexa2gll6hf6okdatgrxiwhcjs2uepc7/spack-src/src/H5Dio.c line 335 in H5Dwrite(): can't write data
    major: Dataset
    minor: Write failed
  #001: /scratch/spack_cpu/job_21700923/spack-stage/spack-stage-hdf5-1.10.7-xexa2gll6hf6okdatgrxiwhcjs2uepc7/spack-src/src/H5Dio.c line 813 in H5D__write(): can't write data
    major: Dataset
    minor: Write failed
  #002: /scratch/spack_cpu/job_21700923/spack-stage/spack-stage-hdf5-1.10.7-xexa2gll6hf6okdatgrxiwhcjs2uepc7/spack-src/src/H5Dcontig.c line 659 in H5D__contig_write(): contiguous write failed
    major: Dataset
    minor: Write failed
  #003: /scratch/spack_cpu/job_21700923/spack-stage/spack-stage-hdf5-1.10.7-xexa2gll6hf6okdatgrxiwhcjs2uepc7/spack-src/src/H5Dselect.c line 321 in H5D__select_write(): write error
    major: Dataspace
    minor: Write failed
  #004: /scratch/spack_cpu/job_21700923/spack-stage/spack-stage-hdf5-1.10.7-xexa2gll6hf6okdatgrxiwhcjs2uepc7/spack-src/src/H5Dselect.c line 230 in H5D__select_io(): write error
    major: Dataspace
    minor: Write failed
  #005: /scratch/spack_cpu/job_21700923/spack-stage/spack-stage-hdf5-1.10.7-xexa2gll6hf6okdatgrxiwhcjs2uepc7/spack-src/src/H5Dcontig.c line 1281 in H5D__contig_writevv(): can't perform vectorized sieve buffer write
    major: Dataset
    minor: Can't operate on object
  #006: /scratch/spack_cpu/job_21700923/spack-stage/spack-stage-hdf5-1.10.7-xexa2gll6hf6okdatgrxiwhcjs2uepc7/spack-src/src/H5VM.c line 1464 in H5VM_opvv(): can't perform operation
    major: Internal error (too specific to document in detail)
    minor: Can't operate on object
  #007: /scratch/spack_cpu/job_21700923/spack-stage/spack-stage-hdf5-1.10.7-xexa2gll6hf6okdatgrxiwhcjs2uepc7/spack-src/src/H5Dcontig.c line 1029 in H5D__contig_writevv_sieve_cb(): block write failed
    major: Dataset
    minor: Write failed
  #008: /scratch/spack_cpu/job_21700923/spack-stage/spack-stage-hdf5-1.10.7-xexa2gll6hf6okdatgrxiwhcjs2uepc7/spack-src/src/H5Fio.c line 161 in H5F_block_write(): write through page buffer failed
    major: Low-level I/O
    minor: Write failed
  #009: /scratch/spack_cpu/job_21700923/spack-stage/spack-stage-hdf5-1.10.7-xexa2gll6hf6okdatgrxiwhcjs2uepc7/spack-src/src/H5PB.c line 1032 in H5PB_write(): write through metadata accumulator failed
    major: Page Buffering
    minor: Write failed
  #010: /scratch/spack_cpu/job_21700923/spack-stage/spack-stage-hdf5-1.10.7-xexa2gll6hf6okdatgrxiwhcjs2uepc7/spack-src/src/H5Faccum.c line 824 in H5F__accum_write(): file write failed
    major: Low-level I/O
    minor: Write failed
  #011: /scratch/spack_cpu/job_21700923/spack-stage/spack-stage-hdf5-1.10.7-xexa2gll6hf6okdatgrxiwhcjs2uepc7/spack-src/src/H5FDint.c line 249 in H5FD_write(): driver write request failed
    major: Virtual File Layer
    minor: Write failed
  #012: /scratch/spack_cpu/job_21700923/spack-stage/spack-stage-hdf5-1.10.7-xexa2gll6hf6okdatgrxiwhcjs2uepc7/spack-src/src/H5FDsec2.c line 856 in H5FD__sec2_write(): file write failed: time = Wed Nov 19 08:21:39 2025
, filename = 'checkpoint.h5', file descriptor = 5, errno = 14, error message = 'Bad address', buf = 0x1555537c4000, total write size = 15969552, bytes this sub-write = 15969552, bytes actually written = 18446744073709551615, offset = 0
    major: Low-level I/O
    minor: Write failed
HDF5-DIAG: Error detected in HDF5 (1.10.7) thread 0:
  #000: /scratch/spack_cpu/job_21700923/spack-stage/spack-stage-hdf5-1.10.7-xexa2gll6hf6okdatgrxiwhcjs2uepc7/spack-src/src/H5Dio.c line 335 in H5Dwrite(): can't write data
    major: Dataset
    minor: Write failed
  #001: /scratch/spack_cpu/job_21700923/spack-stage/spack-stage-hdf5-1.10.7-xexa2gll6hf6okdatgrxiwhcjs2uepc7/spack-src/src/H5Dio.c line 813 in H5D__write(): can't write data
    major: Dataset
    minor: Write failed
  #002: /scratch/spack_cpu/job_21700923/spack-stage/spack-stage-hdf5-1.10.7-xexa2gll6hf6okdatgrxiwhcjs2uepc7/spack-src/src/H5Dcontig.c line 659 in H5D__contig_write(): contiguous write failed
    major: Dataset
    minor: Write failed
  #003: /scratch/spack_cpu/job_21700923/spack-stage/spack-stage-hdf5-1.10.7-xexa2gll6hf6okdatgrxiwhcjs2uepc7/spack-src/src/H5Dselect.c line 321 in H5D__select_write(): write error
    major: Dataspace
    minor: Write failed
  #004: /scratch/spack_cpu/job_21700923/spack-stage/spack-stage-hdf5-1.10.7-xexa2gll6hf6okdatgrxiwhcjs2uepc7/spack-src/src/H5Dselect.c line 230 in H5D__select_io(): write error
    major: Dataspace
    minor: Write failed
  #005: /scratch/spack_cpu/job_21700923/spack-stage/spack-stage-hdf5-1.10.7-xexa2gll6hf6okdatgrxiwhcjs2uepc7/spack-src/src/H5Dcontig.c line 1281 in H5D__contig_writevv(): can't perform vectorized sieve buffer write
    major: Dataset
    minor: Can't operate on object
  #006: /scratch/spack_cpu/job_21700923/spack-stage/spack-stage-hdf5-1.10.7-xexa2gll6hf6okdatgrxiwhcjs2uepc7/spack-src/src/H5VM.c line 1464 in H5VM_opvv(): can't perform operation
    major: Internal error (too specific to document in detail)
    minor: Can't operate on object
  #007: /scratch/spack_cpu/job_21700923/spack-stage/spack-stage-hdf5-1.10.7-xexa2gll6hf6okdatgrxiwhcjs2uepc7/spack-src/src/H5Dcontig.c line 1029 in H5D__contig_writevv_sieve_cb(): block write failed
    major: Dataset
    minor: Write failed
  #008: /scratch/spack_cpu/job_21700923/spack-stage/spack-stage-hdf5-1.10.7-xexa2gll6hf6okdatgrxiwhcjs2uepc7/spack-src/src/H5Fio.c line 161 in H5F_block_write(): write through page buffer failed
    major: Low-level I/O
    minor: Write failed
  #009: /scratch/spack_cpu/job_21700923/spack-stage/spack-stage-hdf5-1.10.7-xexa2gll6hf6okdatgrxiwhcjs2uepc7/spack-src/src/H5PB.c line 1032 in H5PB_write(): write through metadata accumulator failed
    major: Page Buffering
    minor: Write failed
  #010: /scratch/spack_cpu/job_21700923/spack-stage/spack-stage-hdf5-1.10.7-xexa2gll6hf6okdatgrxiwhcjs2uepc7/spack-src/src/H5Faccum.c line 824 in H5F__accum_write(): file write failed
    major: Low-level I/O
    minor: Write failed
  #011: /scratch/spack_cpu/job_21700923/spack-stage/spack-stage-hdf5-1.10.7-xexa2gll6hf6okdatgrxiwhcjs2uepc7/spack-src/src/H5FDint.c line 249 in H5FD_write(): driver write request failed
    major: Virtual File Layer
    minor: Write failed
  #012: /scratch/spack_cpu/job_21700923/spack-stage/spack-stage-hdf5-1.10.7-xexa2gll6hf6okdatgrxiwhcjs2uepc7/spack-src/src/H5FDsec2.c line 856 in H5FD__sec2_write(): file write failed: time = Wed Nov 19 08:21:52 2025
, filename = 'checkpoint.h5', file descriptor = 5, errno = 14, error message = 'Bad address', buf = 0x1555537c4000, total write size = 15969552, bytes this sub-write = 15969552, bytes actually written = 18446744073709551615, offset = 0
    major: Low-level I/O
    minor: Write failed
HDF5-DIAG: Error detected in HDF5 (1.10.7) thread 0:
  #000: /scratch/spack_cpu/job_21700923/spack-stage/spack-stage-hdf5-1.10.7-xexa2gll6hf6okdatgrxiwhcjs2uepc7/spack-src/src/H5Dio.c line 335 in H5Dwrite(): can't write data
    major: Dataset
    minor: Write failed
  #001: /scratch/spack_cpu/job_21700923/spack-stage/spack-stage-hdf5-1.10.7-xexa2gll6hf6okdatgrxiwhcjs2uepc7/spack-src/src/H5Dio.c line 813 in H5D__write(): can't write data
    major: Dataset
    minor: Write failed
  #002: /scratch/spack_cpu/job_21700923/spack-stage/spack-stage-hdf5-1.10.7-xexa2gll6hf6okdatgrxiwhcjs2uepc7/spack-src/src/H5Dcontig.c line 659 in H5D__contig_write(): contiguous write failed
    major: Dataset
    minor: Write failed
  #003: /scratch/spack_cpu/job_21700923/spack-stage/spack-stage-hdf5-1.10.7-xexa2gll6hf6okdatgrxiwhcjs2uepc7/spack-src/src/H5Dselect.c line 321 in H5D__select_write(): write error
    major: Dataspace
    minor: Write failed
  #004: /scratch/spack_cpu/job_21700923/spack-stage/spack-stage-hdf5-1.10.7-xexa2gll6hf6okdatgrxiwhcjs2uepc7/spack-src/src/H5Dselect.c line 230 in H5D__select_io(): write error
    major: Dataspace
    minor: Write failed
  #005: /scratch/spack_cpu/job_21700923/spack-stage/spack-stage-hdf5-1.10.7-xexa2gll6hf6okdatgrxiwhcjs2uepc7/spack-src/src/H5Dcontig.c line 1281 in H5D__contig_writevv(): can't perform vectorized sieve buffer write
    major: Dataset
    minor: Can't operate on object
  #006: /scratch/spack_cpu/job_21700923/spack-stage/spack-stage-hdf5-1.10.7-xexa2gll6hf6okdatgrxiwhcjs2uepc7/spack-src/src/H5VM.c line 1464 in H5VM_opvv(): can't perform operation
    major: Internal error (too specific to document in detail)
    minor: Can't operate on object
  #007: /scratch/spack_cpu/job_21700923/spack-stage/spack-stage-hdf5-1.10.7-xexa2gll6hf6okdatgrxiwhcjs2uepc7/spack-src/src/H5Dcontig.c line 1029 in H5D__contig_writevv_sieve_cb(): block write failed
    major: Dataset
    minor: Write failed
  #008: /scratch/spack_cpu/job_21700923/spack-stage/spack-stage-hdf5-1.10.7-xexa2gll6hf6okdatgrxiwhcjs2uepc7/spack-src/src/H5Fio.c line 161 in H5F_block_write(): write through page buffer failed
    major: Low-level I/O
    minor: Write failed
  #009: /scratch/spack_cpu/job_21700923/spack-stage/spack-stage-hdf5-1.10.7-xexa2gll6hf6okdatgrxiwhcjs2uepc7/spack-src/src/H5PB.c line 1032 in H5PB_write(): write through metadata accumulator failed
    major: Page Buffering
    minor: Write failed
  #010: /scratch/spack_cpu/job_21700923/spack-stage/spack-stage-hdf5-1.10.7-xexa2gll6hf6okdatgrxiwhcjs2uepc7/spack-src/src/H5Faccum.c line 824 in H5F__accum_write(): file write failed
    major: Low-level I/O
    minor: Write failed
  #011: /scratch/spack_cpu/job_21700923/spack-stage/spack-stage-hdf5-1.10.7-xexa2gll6hf6okdatgrxiwhcjs2uepc7/spack-src/src/H5FDint.c line 249 in H5FD_write(): driver write request failed
    major: Virtual File Layer
    minor: Write failed
  #012: /scratch/spack_cpu/job_21700923/spack-stage/spack-stage-hdf5-1.10.7-xexa2gll6hf6okdatgrxiwhcjs2uepc7/spack-src/src/H5FDsec2.c line 856 in H5FD__sec2_write(): file write failed: time = Wed Nov 19 08:22:04 2025
, filename = 'checkpoint.h5', file descriptor = 5, errno = 14, error message = 'Bad address', buf = 0x1555537c4000, total write size = 15969552, bytes this sub-write = 15969552, bytes actually written = 18446744073709551615, offset = 0
    major: Low-level I/O
    minor: Write failed
HDF5-DIAG: Error detected in HDF5 (1.10.7) thread 0:
  #000: /scratch/spack_cpu/job_21700923/spack-stage/spack-stage-hdf5-1.10.7-xexa2gll6hf6okdatgrxiwhcjs2uepc7/spack-src/src/H5Dio.c line 335 in H5Dwrite(): can't write data
    major: Dataset
    minor: Write failed
  #001: /scratch/spack_cpu/job_21700923/spack-stage/spack-stage-hdf5-1.10.7-xexa2gll6hf6okdatgrxiwhcjs2uepc7/spack-src/src/H5Dio.c line 813 in H5D__write(): can't write data
    major: Dataset
    minor: Write failed
  #002: /scratch/spack_cpu/job_21700923/spack-stage/spack-stage-hdf5-1.10.7-xexa2gll6hf6okdatgrxiwhcjs2uepc7/spack-src/src/H5Dcontig.c line 659 in H5D__contig_write(): contiguous write failed
    major: Dataset
    minor: Write failed
  #003: /scratch/spack_cpu/job_21700923/spack-stage/spack-stage-hdf5-1.10.7-xexa2gll6hf6okdatgrxiwhcjs2uepc7/spack-src/src/H5Dselect.c line 321 in H5D__select_write(): write error
    major: Dataspace
    minor: Write failed
  #004: /scratch/spack_cpu/job_21700923/spack-stage/spack-stage-hdf5-1.10.7-xexa2gll6hf6okdatgrxiwhcjs2uepc7/spack-src/src/H5Dselect.c line 230 in H5D__select_io(): write error
    major: Dataspace
    minor: Write failed
  #005: /scratch/spack_cpu/job_21700923/spack-stage/spack-stage-hdf5-1.10.7-xexa2gll6hf6okdatgrxiwhcjs2uepc7/spack-src/src/H5Dcontig.c line 1281 in H5D__contig_writevv(): can't perform vectorized sieve buffer write
    major: Dataset
    minor: Can't operate on object
  #006: /scratch/spack_cpu/job_21700923/spack-stage/spack-stage-hdf5-1.10.7-xexa2gll6hf6okdatgrxiwhcjs2uepc7/spack-src/src/H5VM.c line 1464 in H5VM_opvv(): can't perform operation
    major: Internal error (too specific to document in detail)
    minor: Can't operate on object
  #007: /scratch/spack_cpu/job_21700923/spack-stage/spack-stage-hdf5-1.10.7-xexa2gll6hf6okdatgrxiwhcjs2uepc7/spack-src/src/H5Dcontig.c line 1029 in H5D__contig_writevv_sieve_cb(): block write failed
    major: Dataset
    minor: Write failed
  #008: /scratch/spack_cpu/job_21700923/spack-stage/spack-stage-hdf5-1.10.7-xexa2gll6hf6okdatgrxiwhcjs2uepc7/spack-src/src/H5Fio.c line 161 in H5F_block_write(): write through page buffer failed
    major: Low-level I/O
    minor: Write failed
  #009: /scratch/spack_cpu/job_21700923/spack-stage/spack-stage-hdf5-1.10.7-xexa2gll6hf6okdatgrxiwhcjs2uepc7/spack-src/src/H5PB.c line 1032 in H5PB_write(): write through metadata accumulator failed
    major: Page Buffering
    minor: Write failed
  #010: /scratch/spack_cpu/job_21700923/spack-stage/spack-stage-hdf5-1.10.7-xexa2gll6hf6okdatgrxiwhcjs2uepc7/spack-src/src/H5Faccum.c line 824 in H5F__accum_write(): file write failed
    major: Low-level I/O
    minor: Write failed
  #011: /scratch/spack_cpu/job_21700923/spack-stage/spack-stage-hdf5-1.10.7-xexa2gll6hf6okdatgrxiwhcjs2uepc7/spack-src/src/H5FDint.c line 249 in H5FD_write(): driver write request failed
    major: Virtual File Layer
    minor: Write failed
  #012: /scratch/spack_cpu/job_21700923/spack-stage/spack-stage-hdf5-1.10.7-xexa2gll6hf6okdatgrxiwhcjs2uepc7/spack-src/src/H5FDsec2.c line 856 in H5FD__sec2_write(): file write failed: time = Wed Nov 19 08:22:17 2025
, filename = 'checkpoint.h5', file descriptor = 5, errno = 14, error message = 'Bad address', buf = 0x1555537c4000, total write size = 15969552, bytes this sub-write = 15969552, bytes actually written = 18446744073709551615, offset = 0
    major: Low-level I/O
    minor: Write failed
HDF5-DIAG: Error detected in HDF5 (1.10.7) thread 0:
  #000: /scratch/spack_cpu/job_21700923/spack-stage/spack-stage-hdf5-1.10.7-xexa2gll6hf6okdatgrxiwhcjs2uepc7/spack-src/src/H5Dio.c line 335 in H5Dwrite(): can't write data
    major: Dataset
    minor: Write failed
  #001: /scratch/spack_cpu/job_21700923/spack-stage/spack-stage-hdf5-1.10.7-xexa2gll6hf6okdatgrxiwhcjs2uepc7/spack-src/src/H5Dio.c line 813 in H5D__write(): can't write data
    major: Dataset
    minor: Write failed
  #002: /scratch/spack_cpu/job_21700923/spack-stage/spack-stage-hdf5-1.10.7-xexa2gll6hf6okdatgrxiwhcjs2uepc7/spack-src/src/H5Dcontig.c line 659 in H5D__contig_write(): contiguous write failed
    major: Dataset
    minor: Write failed
  #003: /scratch/spack_cpu/job_21700923/spack-stage/spack-stage-hdf5-1.10.7-xexa2gll6hf6okdatgrxiwhcjs2uepc7/spack-src/src/H5Dselect.c line 321 in H5D__select_write(): write error
    major: Dataspace
    minor: Write failed
  #004: /scratch/spack_cpu/job_21700923/spack-stage/spack-stage-hdf5-1.10.7-xexa2gll6hf6okdatgrxiwhcjs2uepc7/spack-src/src/H5Dselect.c line 230 in H5D__select_io(): write error
    major: Dataspace
    minor: Write failed
  #005: /scratch/spack_cpu/job_21700923/spack-stage/spack-stage-hdf5-1.10.7-xexa2gll6hf6okdatgrxiwhcjs2uepc7/spack-src/src/H5Dcontig.c line 1281 in H5D__contig_writevv(): can't perform vectorized sieve buffer write
    major: Dataset
    minor: Can't operate on object
  #006: /scratch/spack_cpu/job_21700923/spack-stage/spack-stage-hdf5-1.10.7-xexa2gll6hf6okdatgrxiwhcjs2uepc7/spack-src/src/H5VM.c line 1464 in H5VM_opvv(): can't perform operation
    major: Internal error (too specific to document in detail)
    minor: Can't operate on object
  #007: /scratch/spack_cpu/job_21700923/spack-stage/spack-stage-hdf5-1.10.7-xexa2gll6hf6okdatgrxiwhcjs2uepc7/spack-src/src/H5Dcontig.c line 1029 in H5D__contig_writevv_sieve_cb(): block write failed
    major: Dataset
    minor: Write failed
  #008: /scratch/spack_cpu/job_21700923/spack-stage/spack-stage-hdf5-1.10.7-xexa2gll6hf6okdatgrxiwhcjs2uepc7/spack-src/src/H5Fio.c line 161 in H5F_block_write(): write through page buffer failed
    major: Low-level I/O
    minor: Write failed
  #009: /scratch/spack_cpu/job_21700923/spack-stage/spack-stage-hdf5-1.10.7-xexa2gll6hf6okdatgrxiwhcjs2uepc7/spack-src/src/H5PB.c line 1032 in H5PB_write(): write through metadata accumulator failed
    major: Page Buffering
    minor: Write failed
  #010: /scratch/spack_cpu/job_21700923/spack-stage/spack-stage-hdf5-1.10.7-xexa2gll6hf6okdatgrxiwhcjs2uepc7/spack-src/src/H5Faccum.c line 824 in H5F__accum_write(): file write failed
    major: Low-level I/O
    minor: Write failed
  #011: /scratch/spack_cpu/job_21700923/spack-stage/spack-stage-hdf5-1.10.7-xexa2gll6hf6okdatgrxiwhcjs2uepc7/spack-src/src/H5FDint.c line 249 in H5FD_write(): driver write request failed
    major: Virtual File Layer
    minor: Write failed
  #012: /scratch/spack_cpu/job_21700923/spack-stage/spack-stage-hdf5-1.10.7-xexa2gll6hf6okdatgrxiwhcjs2uepc7/spack-src/src/H5FDsec2.c line 856 in H5FD__sec2_write(): file write failed: time = Wed Nov 19 08:22:30 2025
, filename = 'checkpoint.h5', file descriptor = 5, errno = 14, error message = 'Bad address', buf = 0x1555537c4000, total write size = 15969552, bytes this sub-write = 15969552, bytes actually written = 18446744073709551615, offset = 0
    major: Low-level I/O
    minor: Write failed
HDF5-DIAG: Error detected in HDF5 (1.10.7) thread 0:
  #000: /scratch/spack_cpu/job_21700923/spack-stage/spack-stage-hdf5-1.10.7-xexa2gll6hf6okdatgrxiwhcjs2uepc7/spack-src/src/H5Dio.c line 335 in H5Dwrite(): can't write data
    major: Dataset
    minor: Write failed
  #001: /scratch/spack_cpu/job_21700923/spack-stage/spack-stage-hdf5-1.10.7-xexa2gll6hf6okdatgrxiwhcjs2uepc7/spack-src/src/H5Dio.c line 813 in H5D__write(): can't write data
    major: Dataset
    minor: Write failed
  #002: /scratch/spack_cpu/job_21700923/spack-stage/spack-stage-hdf5-1.10.7-xexa2gll6hf6okdatgrxiwhcjs2uepc7/spack-src/src/H5Dcontig.c line 659 in H5D__contig_write(): contiguous write failed
    major: Dataset
    minor: Write failed
  #003: /scratch/spack_cpu/job_21700923/spack-stage/spack-stage-hdf5-1.10.7-xexa2gll6hf6okdatgrxiwhcjs2uepc7/spack-src/src/H5Dselect.c line 321 in H5D__select_write(): write error
    major: Dataspace
    minor: Write failed
  #004: /scratch/spack_cpu/job_21700923/spack-stage/spack-stage-hdf5-1.10.7-xexa2gll6hf6okdatgrxiwhcjs2uepc7/spack-src/src/H5Dselect.c line 230 in H5D__select_io(): write error
    major: Dataspace
    minor: Write failed
  #005: /scratch/spack_cpu/job_21700923/spack-stage/spack-stage-hdf5-1.10.7-xexa2gll6hf6okdatgrxiwhcjs2uepc7/spack-src/src/H5Dcontig.c line 1281 in H5D__contig_writevv(): can't perform vectorized sieve buffer write
    major: Dataset
    minor: Can't operate on object
  #006: /scratch/spack_cpu/job_21700923/spack-stage/spack-stage-hdf5-1.10.7-xexa2gll6hf6okdatgrxiwhcjs2uepc7/spack-src/src/H5VM.c line 1464 in H5VM_opvv(): can't perform operation
    major: Internal error (too specific to document in detail)
    minor: Can't operate on object
  #007: /scratch/spack_cpu/job_21700923/spack-stage/spack-stage-hdf5-1.10.7-xexa2gll6hf6okdatgrxiwhcjs2uepc7/spack-src/src/H5Dcontig.c line 1029 in H5D__contig_writevv_sieve_cb(): block write failed
    major: Dataset
    minor: Write failed
  #008: /scratch/spack_cpu/job_21700923/spack-stage/spack-stage-hdf5-1.10.7-xexa2gll6hf6okdatgrxiwhcjs2uepc7/spack-src/src/H5Fio.c line 161 in H5F_block_write(): write through page buffer failed
    major: Low-level I/O
    minor: Write failed
  #009: /scratch/spack_cpu/job_21700923/spack-stage/spack-stage-hdf5-1.10.7-xexa2gll6hf6okdatgrxiwhcjs2uepc7/spack-src/src/H5PB.c line 1032 in H5PB_write(): write through metadata accumulator failed
    major: Page Buffering
    minor: Write failed
  #010: /scratch/spack_cpu/job_21700923/spack-stage/spack-stage-hdf5-1.10.7-xexa2gll6hf6okdatgrxiwhcjs2uepc7/spack-src/src/H5Faccum.c line 824 in H5F__accum_write(): file write failed
    major: Low-level I/O
    minor: Write failed
  #011: /scratch/spack_cpu/job_21700923/spack-stage/spack-stage-hdf5-1.10.7-xexa2gll6hf6okdatgrxiwhcjs2uepc7/spack-src/src/H5FDint.c line 249 in H5FD_write(): driver write request failed
    major: Virtual File Layer
    minor: Write failed
  #012: /scratch/spack_cpu/job_21700923/spack-stage/spack-stage-hdf5-1.10.7-xexa2gll6hf6okdatgrxiwhcjs2uepc7/spack-src/src/H5FDsec2.c line 856 in H5FD__sec2_write(): file write failed: time = Wed Nov 19 08:22:42 2025
, filename = 'checkpoint.h5', file descriptor = 5, errno = 14, error message = 'Bad address', buf = 0x1555537c4000, total write size = 15969552, bytes this sub-write = 15969552, bytes actually written = 18446744073709551615, offset = 0
    major: Low-level I/O
    minor: Write failed
HDF5-DIAG: Error detected in HDF5 (1.10.7) thread 0:
  #000: /scratch/spack_cpu/job_21700923/spack-stage/spack-stage-hdf5-1.10.7-xexa2gll6hf6okdatgrxiwhcjs2uepc7/spack-src/src/H5Dio.c line 335 in H5Dwrite(): can't write data
    major: Dataset
    minor: Write failed
  #001: /scratch/spack_cpu/job_21700923/spack-stage/spack-stage-hdf5-1.10.7-xexa2gll6hf6okdatgrxiwhcjs2uepc7/spack-src/src/H5Dio.c line 813 in H5D__write(): can't write data
    major: Dataset
    minor: Write failed
  #002: /scratch/spack_cpu/job_21700923/spack-stage/spack-stage-hdf5-1.10.7-xexa2gll6hf6okdatgrxiwhcjs2uepc7/spack-src/src/H5Dcontig.c line 659 in H5D__contig_write(): contiguous write failed
    major: Dataset
    minor: Write failed
  #003: /scratch/spack_cpu/job_21700923/spack-stage/spack-stage-hdf5-1.10.7-xexa2gll6hf6okdatgrxiwhcjs2uepc7/spack-src/src/H5Dselect.c line 321 in H5D__select_write(): write error
    major: Dataspace
    minor: Write failed
  #004: /scratch/spack_cpu/job_21700923/spack-stage/spack-stage-hdf5-1.10.7-xexa2gll6hf6okdatgrxiwhcjs2uepc7/spack-src/src/H5Dselect.c line 230 in H5D__select_io(): write error
    major: Dataspace
    minor: Write failed
  #005: /scratch/spack_cpu/job_21700923/spack-stage/spack-stage-hdf5-1.10.7-xexa2gll6hf6okdatgrxiwhcjs2uepc7/spack-src/src/H5Dcontig.c line 1281 in H5D__contig_writevv(): can't perform vectorized sieve buffer write
    major: Dataset
    minor: Can't operate on object
  #006: /scratch/spack_cpu/job_21700923/spack-stage/spack-stage-hdf5-1.10.7-xexa2gll6hf6okdatgrxiwhcjs2uepc7/spack-src/src/H5VM.c line 1464 in H5VM_opvv(): can't perform operation
    major: Internal error (too specific to document in detail)
    minor: Can't operate on object
  #007: /scratch/spack_cpu/job_21700923/spack-stage/spack-stage-hdf5-1.10.7-xexa2gll6hf6okdatgrxiwhcjs2uepc7/spack-src/src/H5Dcontig.c line 1029 in H5D__contig_writevv_sieve_cb(): block write failed
    major: Dataset
    minor: Write failed
  #008: /scratch/spack_cpu/job_21700923/spack-stage/spack-stage-hdf5-1.10.7-xexa2gll6hf6okdatgrxiwhcjs2uepc7/spack-src/src/H5Fio.c line 161 in H5F_block_write(): write through page buffer failed
    major: Low-level I/O
    minor: Write failed
  #009: /scratch/spack_cpu/job_21700923/spack-stage/spack-stage-hdf5-1.10.7-xexa2gll6hf6okdatgrxiwhcjs2uepc7/spack-src/src/H5PB.c line 1032 in H5PB_write(): write through metadata accumulator failed
    major: Page Buffering
    minor: Write failed
  #010: /scratch/spack_cpu/job_21700923/spack-stage/spack-stage-hdf5-1.10.7-xexa2gll6hf6okdatgrxiwhcjs2uepc7/spack-src/src/H5Faccum.c line 824 in H5F__accum_write(): file write failed
    major: Low-level I/O
    minor: Write failed
  #011: /scratch/spack_cpu/job_21700923/spack-stage/spack-stage-hdf5-1.10.7-xexa2gll6hf6okdatgrxiwhcjs2uepc7/spack-src/src/H5FDint.c line 249 in H5FD_write(): driver write request failed
    major: Virtual File Layer
    minor: Write failed
  #012: /scratch/spack_cpu/job_21700923/spack-stage/spack-stage-hdf5-1.10.7-xexa2gll6hf6okdatgrxiwhcjs2uepc7/spack-src/src/H5FDsec2.c line 856 in H5FD__sec2_write(): file write failed: time = Wed Nov 19 08:22:55 2025
, filename = 'checkpoint.h5', file descriptor = 5, errno = 14, error message = 'Bad address', buf = 0x1555537c4000, total write size = 15969552, bytes this sub-write = 15969552, bytes actually written = 18446744073709551615, offset = 0
    major: Low-level I/O
    minor: Write failed
HDF5-DIAG: Error detected in HDF5 (1.10.7) thread 0:
  #000: /scratch/spack_cpu/job_21700923/spack-stage/spack-stage-hdf5-1.10.7-xexa2gll6hf6okdatgrxiwhcjs2uepc7/spack-src/src/H5Dio.c line 335 in H5Dwrite(): can't write data
    major: Dataset
    minor: Write failed
  #001: /scratch/spack_cpu/job_21700923/spack-stage/spack-stage-hdf5-1.10.7-xexa2gll6hf6okdatgrxiwhcjs2uepc7/spack-src/src/H5Dio.c line 813 in H5D__write(): can't write data
    major: Dataset
    minor: Write failed
  #002: /scratch/spack_cpu/job_21700923/spack-stage/spack-stage-hdf5-1.10.7-xexa2gll6hf6okdatgrxiwhcjs2uepc7/spack-src/src/H5Dcontig.c line 659 in H5D__contig_write(): contiguous write failed
    major: Dataset
    minor: Write failed
  #003: /scratch/spack_cpu/job_21700923/spack-stage/spack-stage-hdf5-1.10.7-xexa2gll6hf6okdatgrxiwhcjs2uepc7/spack-src/src/H5Dselect.c line 321 in H5D__select_write(): write error
    major: Dataspace
    minor: Write failed
  #004: /scratch/spack_cpu/job_21700923/spack-stage/spack-stage-hdf5-1.10.7-xexa2gll6hf6okdatgrxiwhcjs2uepc7/spack-src/src/H5Dselect.c line 230 in H5D__select_io(): write error
    major: Dataspace
    minor: Write failed
  #005: /scratch/spack_cpu/job_21700923/spack-stage/spack-stage-hdf5-1.10.7-xexa2gll6hf6okdatgrxiwhcjs2uepc7/spack-src/src/H5Dcontig.c line 1281 in H5D__contig_writevv(): can't perform vectorized sieve buffer write
    major: Dataset
    minor: Can't operate on object
  #006: /scratch/spack_cpu/job_21700923/spack-stage/spack-stage-hdf5-1.10.7-xexa2gll6hf6okdatgrxiwhcjs2uepc7/spack-src/src/H5VM.c line 1464 in H5VM_opvv(): can't perform operation
    major: Internal error (too specific to document in detail)
    minor: Can't operate on object
  #007: /scratch/spack_cpu/job_21700923/spack-stage/spack-stage-hdf5-1.10.7-xexa2gll6hf6okdatgrxiwhcjs2uepc7/spack-src/src/H5Dcontig.c line 1029 in H5D__contig_writevv_sieve_cb(): block write failed
    major: Dataset
    minor: Write failed
  #008: /scratch/spack_cpu/job_21700923/spack-stage/spack-stage-hdf5-1.10.7-xexa2gll6hf6okdatgrxiwhcjs2uepc7/spack-src/src/H5Fio.c line 161 in H5F_block_write(): write through page buffer failed
    major: Low-level I/O
    minor: Write failed
  #009: /scratch/spack_cpu/job_21700923/spack-stage/spack-stage-hdf5-1.10.7-xexa2gll6hf6okdatgrxiwhcjs2uepc7/spack-src/src/H5PB.c line 1032 in H5PB_write(): write through metadata accumulator failed
    major: Page Buffering
    minor: Write failed
  #010: /scratch/spack_cpu/job_21700923/spack-stage/spack-stage-hdf5-1.10.7-xexa2gll6hf6okdatgrxiwhcjs2uepc7/spack-src/src/H5Faccum.c line 824 in H5F__accum_write(): file write failed
    major: Low-level I/O
    minor: Write failed
  #011: /scratch/spack_cpu/job_21700923/spack-stage/spack-stage-hdf5-1.10.7-xexa2gll6hf6okdatgrxiwhcjs2uepc7/spack-src/src/H5FDint.c line 249 in H5FD_write(): driver write request failed
    major: Virtual File Layer
    minor: Write failed
  #012: /scratch/spack_cpu/job_21700923/spack-stage/spack-stage-hdf5-1.10.7-xexa2gll6hf6okdatgrxiwhcjs2uepc7/spack-src/src/H5FDsec2.c line 856 in H5FD__sec2_write(): file write failed: time = Wed Nov 19 08:23:07 2025
, filename = 'checkpoint.h5', file descriptor = 5, errno = 14, error message = 'Bad address', buf = 0x1555537c4000, total write size = 15969552, bytes this sub-write = 15969552, bytes actually written = 18446744073709551615, offset = 0
    major: Low-level I/O
    minor: Write failed
HDF5-DIAG: Error detected in HDF5 (1.10.7) thread 0:
  #000: /scratch/spack_cpu/job_21700923/spack-stage/spack-stage-hdf5-1.10.7-xexa2gll6hf6okdatgrxiwhcjs2uepc7/spack-src/src/H5Dio.c line 335 in H5Dwrite(): can't write data
    major: Dataset
    minor: Write failed
  #001: /scratch/spack_cpu/job_21700923/spack-stage/spack-stage-hdf5-1.10.7-xexa2gll6hf6okdatgrxiwhcjs2uepc7/spack-src/src/H5Dio.c line 813 in H5D__write(): can't write data
    major: Dataset
    minor: Write failed
  #002: /scratch/spack_cpu/job_21700923/spack-stage/spack-stage-hdf5-1.10.7-xexa2gll6hf6okdatgrxiwhcjs2uepc7/spack-src/src/H5Dcontig.c line 659 in H5D__contig_write(): contiguous write failed
    major: Dataset
    minor: Write failed
  #003: /scratch/spack_cpu/job_21700923/spack-stage/spack-stage-hdf5-1.10.7-xexa2gll6hf6okdatgrxiwhcjs2uepc7/spack-src/src/H5Dselect.c line 321 in H5D__select_write(): write error
    major: Dataspace
    minor: Write failed
  #004: /scratch/spack_cpu/job_21700923/spack-stage/spack-stage-hdf5-1.10.7-xexa2gll6hf6okdatgrxiwhcjs2uepc7/spack-src/src/H5Dselect.c line 230 in H5D__select_io(): write error
    major: Dataspace
    minor: Write failed
  #005: /scratch/spack_cpu/job_21700923/spack-stage/spack-stage-hdf5-1.10.7-xexa2gll6hf6okdatgrxiwhcjs2uepc7/spack-src/src/H5Dcontig.c line 1281 in H5D__contig_writevv(): can't perform vectorized sieve buffer write
    major: Dataset
    minor: Can't operate on object
  #006: /scratch/spack_cpu/job_21700923/spack-stage/spack-stage-hdf5-1.10.7-xexa2gll6hf6okdatgrxiwhcjs2uepc7/spack-src/src/H5VM.c line 1464 in H5VM_opvv(): can't perform operation
    major: Internal error (too specific to document in detail)
    minor: Can't operate on object
  #007: /scratch/spack_cpu/job_21700923/spack-stage/spack-stage-hdf5-1.10.7-xexa2gll6hf6okdatgrxiwhcjs2uepc7/spack-src/src/H5Dcontig.c line 1029 in H5D__contig_writevv_sieve_cb(): block write failed
    major: Dataset
    minor: Write failed
  #008: /scratch/spack_cpu/job_21700923/spack-stage/spack-stage-hdf5-1.10.7-xexa2gll6hf6okdatgrxiwhcjs2uepc7/spack-src/src/H5Fio.c line 161 in H5F_block_write(): write through page buffer failed
    major: Low-level I/O
    minor: Write failed
  #009: /scratch/spack_cpu/job_21700923/spack-stage/spack-stage-hdf5-1.10.7-xexa2gll6hf6okdatgrxiwhcjs2uepc7/spack-src/src/H5PB.c line 1032 in H5PB_write(): write through metadata accumulator failed
    major: Page Buffering
    minor: Write failed
  #010: /scratch/spack_cpu/job_21700923/spack-stage/spack-stage-hdf5-1.10.7-xexa2gll6hf6okdatgrxiwhcjs2uepc7/spack-src/src/H5Faccum.c line 824 in H5F__accum_write(): file write failed
    major: Low-level I/O
    minor: Write failed
  #011: /scratch/spack_cpu/job_21700923/spack-stage/spack-stage-hdf5-1.10.7-xexa2gll6hf6okdatgrxiwhcjs2uepc7/spack-src/src/H5FDint.c line 249 in H5FD_write(): driver write request failed
    major: Virtual File Layer
    minor: Write failed
  #012: /scratch/spack_cpu/job_21700923/spack-stage/spack-stage-hdf5-1.10.7-xexa2gll6hf6okdatgrxiwhcjs2uepc7/spack-src/src/H5FDsec2.c line 856 in H5FD__sec2_write(): file write failed: time = Wed Nov 19 08:23:20 2025
, filename = 'checkpoint.h5', file descriptor = 5, errno = 14, error message = 'Bad address', buf = 0x1555537c4000, total write size = 15969552, bytes this sub-write = 15969552, bytes actually written = 18446744073709551615, offset = 0
    major: Low-level I/O
    minor: Write failed
HDF5-DIAG: Error detected in HDF5 (1.10.7) thread 0:
  #000: /scratch/spack_cpu/job_21700923/spack-stage/spack-stage-hdf5-1.10.7-xexa2gll6hf6okdatgrxiwhcjs2uepc7/spack-src/src/H5Dio.c line 335 in H5Dwrite(): can't write data
    major: Dataset
    minor: Write failed
  #001: /scratch/spack_cpu/job_21700923/spack-stage/spack-stage-hdf5-1.10.7-xexa2gll6hf6okdatgrxiwhcjs2uepc7/spack-src/src/H5Dio.c line 813 in H5D__write(): can't write data
    major: Dataset
    minor: Write failed
  #002: /scratch/spack_cpu/job_21700923/spack-stage/spack-stage-hdf5-1.10.7-xexa2gll6hf6okdatgrxiwhcjs2uepc7/spack-src/src/H5Dcontig.c line 659 in H5D__contig_write(): contiguous write failed
    major: Dataset
    minor: Write failed
  #003: /scratch/spack_cpu/job_21700923/spack-stage/spack-stage-hdf5-1.10.7-xexa2gll6hf6okdatgrxiwhcjs2uepc7/spack-src/src/H5Dselect.c line 321 in H5D__select_write(): write error
    major: Dataspace
    minor: Write failed
  #004: /scratch/spack_cpu/job_21700923/spack-stage/spack-stage-hdf5-1.10.7-xexa2gll6hf6okdatgrxiwhcjs2uepc7/spack-src/src/H5Dselect.c line 230 in H5D__select_io(): write error
    major: Dataspace
    minor: Write failed
  #005: /scratch/spack_cpu/job_21700923/spack-stage/spack-stage-hdf5-1.10.7-xexa2gll6hf6okdatgrxiwhcjs2uepc7/spack-src/src/H5Dcontig.c line 1281 in H5D__contig_writevv(): can't perform vectorized sieve buffer write
    major: Dataset
    minor: Can't operate on object
  #006: /scratch/spack_cpu/job_21700923/spack-stage/spack-stage-hdf5-1.10.7-xexa2gll6hf6okdatgrxiwhcjs2uepc7/spack-src/src/H5VM.c line 1464 in H5VM_opvv(): can't perform operation
    major: Internal error (too specific to document in detail)
    minor: Can't operate on object
  #007: /scratch/spack_cpu/job_21700923/spack-stage/spack-stage-hdf5-1.10.7-xexa2gll6hf6okdatgrxiwhcjs2uepc7/spack-src/src/H5Dcontig.c line 1029 in H5D__contig_writevv_sieve_cb(): block write failed
    major: Dataset
    minor: Write failed
  #008: /scratch/spack_cpu/job_21700923/spack-stage/spack-stage-hdf5-1.10.7-xexa2gll6hf6okdatgrxiwhcjs2uepc7/spack-src/src/H5Fio.c line 161 in H5F_block_write(): write through page buffer failed
    major: Low-level I/O
    minor: Write failed
  #009: /scratch/spack_cpu/job_21700923/spack-stage/spack-stage-hdf5-1.10.7-xexa2gll6hf6okdatgrxiwhcjs2uepc7/spack-src/src/H5PB.c line 1032 in H5PB_write(): write through metadata accumulator failed
    major: Page Buffering
    minor: Write failed
  #010: /scratch/spack_cpu/job_21700923/spack-stage/spack-stage-hdf5-1.10.7-xexa2gll6hf6okdatgrxiwhcjs2uepc7/spack-src/src/H5Faccum.c line 824 in H5F__accum_write(): file write failed
    major: Low-level I/O
    minor: Write failed
  #011: /scratch/spack_cpu/job_21700923/spack-stage/spack-stage-hdf5-1.10.7-xexa2gll6hf6okdatgrxiwhcjs2uepc7/spack-src/src/H5FDint.c line 249 in H5FD_write(): driver write request failed
    major: Virtual File Layer
    minor: Write failed
  #012: /scratch/spack_cpu/job_21700923/spack-stage/spack-stage-hdf5-1.10.7-xexa2gll6hf6okdatgrxiwhcjs2uepc7/spack-src/src/H5FDsec2.c line 856 in H5FD__sec2_write(): file write failed: time = Wed Nov 19 08:23:33 2025
, filename = 'checkpoint.h5', file descriptor = 5, errno = 14, error message = 'Bad address', buf = 0x1555537c4000, total write size = 15969552, bytes this sub-write = 15969552, bytes actually written = 18446744073709551615, offset = 0
    major: Low-level I/O
    minor: Write failed
HDF5-DIAG: Error detected in HDF5 (1.10.7) thread 0:
  #000: /scratch/spack_cpu/job_21700923/spack-stage/spack-stage-hdf5-1.10.7-xexa2gll6hf6okdatgrxiwhcjs2uepc7/spack-src/src/H5Dio.c line 335 in H5Dwrite(): can't write data
    major: Dataset
    minor: Write failed
  #001: /scratch/spack_cpu/job_21700923/spack-stage/spack-stage-hdf5-1.10.7-xexa2gll6hf6okdatgrxiwhcjs2uepc7/spack-src/src/H5Dio.c line 813 in H5D__write(): can't write data
    major: Dataset
    minor: Write failed
  #002: /scratch/spack_cpu/job_21700923/spack-stage/spack-stage-hdf5-1.10.7-xexa2gll6hf6okdatgrxiwhcjs2uepc7/spack-src/src/H5Dcontig.c line 659 in H5D__contig_write(): contiguous write failed
    major: Dataset
    minor: Write failed
  #003: /scratch/spack_cpu/job_21700923/spack-stage/spack-stage-hdf5-1.10.7-xexa2gll6hf6okdatgrxiwhcjs2uepc7/spack-src/src/H5Dselect.c line 321 in H5D__select_write(): write error
    major: Dataspace
    minor: Write failed
  #004: /scratch/spack_cpu/job_21700923/spack-stage/spack-stage-hdf5-1.10.7-xexa2gll6hf6okdatgrxiwhcjs2uepc7/spack-src/src/H5Dselect.c line 230 in H5D__select_io(): write error
    major: Dataspace
    minor: Write failed
  #005: /scratch/spack_cpu/job_21700923/spack-stage/spack-stage-hdf5-1.10.7-xexa2gll6hf6okdatgrxiwhcjs2uepc7/spack-src/src/H5Dcontig.c line 1281 in H5D__contig_writevv(): can't perform vectorized sieve buffer write
    major: Dataset
    minor: Can't operate on object
  #006: /scratch/spack_cpu/job_21700923/spack-stage/spack-stage-hdf5-1.10.7-xexa2gll6hf6okdatgrxiwhcjs2uepc7/spack-src/src/H5VM.c line 1464 in H5VM_opvv(): can't perform operation
    major: Internal error (too specific to document in detail)
    minor: Can't operate on object
  #007: /scratch/spack_cpu/job_21700923/spack-stage/spack-stage-hdf5-1.10.7-xexa2gll6hf6okdatgrxiwhcjs2uepc7/spack-src/src/H5Dcontig.c line 1029 in H5D__contig_writevv_sieve_cb(): block write failed
    major: Dataset
    minor: Write failed
  #008: /scratch/spack_cpu/job_21700923/spack-stage/spack-stage-hdf5-1.10.7-xexa2gll6hf6okdatgrxiwhcjs2uepc7/spack-src/src/H5Fio.c line 161 in H5F_block_write(): write through page buffer failed
    major: Low-level I/O
    minor: Write failed
  #009: /scratch/spack_cpu/job_21700923/spack-stage/spack-stage-hdf5-1.10.7-xexa2gll6hf6okdatgrxiwhcjs2uepc7/spack-src/src/H5PB.c line 1032 in H5PB_write(): write through metadata accumulator failed
    major: Page Buffering
    minor: Write failed
  #010: /scratch/spack_cpu/job_21700923/spack-stage/spack-stage-hdf5-1.10.7-xexa2gll6hf6okdatgrxiwhcjs2uepc7/spack-src/src/H5Faccum.c line 824 in H5F__accum_write(): file write failed
    major: Low-level I/O
    minor: Write failed
  #011: /scratch/spack_cpu/job_21700923/spack-stage/spack-stage-hdf5-1.10.7-xexa2gll6hf6okdatgrxiwhcjs2uepc7/spack-src/src/H5FDint.c line 249 in H5FD_write(): driver write request failed
    major: Virtual File Layer
    minor: Write failed
  #012: /scratch/spack_cpu/job_21700923/spack-stage/spack-stage-hdf5-1.10.7-xexa2gll6hf6okdatgrxiwhcjs2uepc7/spack-src/src/H5FDsec2.c line 856 in H5FD__sec2_write(): file write failed: time = Wed Nov 19 08:23:46 2025
, filename = 'checkpoint.h5', file descriptor = 5, errno = 14, error message = 'Bad address', buf = 0x1555537c4000, total write size = 15969552, bytes this sub-write = 15969552, bytes actually written = 18446744073709551615, offset = 0
    major: Low-level I/O
    minor: Write failed
HDF5-DIAG: Error detected in HDF5 (1.10.7) thread 0:
  #000: /scratch/spack_cpu/job_21700923/spack-stage/spack-stage-hdf5-1.10.7-xexa2gll6hf6okdatgrxiwhcjs2uepc7/spack-src/src/H5Dio.c line 335 in H5Dwrite(): can't write data
    major: Dataset
    minor: Write failed
  #001: /scratch/spack_cpu/job_21700923/spack-stage/spack-stage-hdf5-1.10.7-xexa2gll6hf6okdatgrxiwhcjs2uepc7/spack-src/src/H5Dio.c line 813 in H5D__write(): can't write data
    major: Dataset
    minor: Write failed
  #002: /scratch/spack_cpu/job_21700923/spack-stage/spack-stage-hdf5-1.10.7-xexa2gll6hf6okdatgrxiwhcjs2uepc7/spack-src/src/H5Dcontig.c line 659 in H5D__contig_write(): contiguous write failed
    major: Dataset
    minor: Write failed
  #003: /scratch/spack_cpu/job_21700923/spack-stage/spack-stage-hdf5-1.10.7-xexa2gll6hf6okdatgrxiwhcjs2uepc7/spack-src/src/H5Dselect.c line 321 in H5D__select_write(): write error
    major: Dataspace
    minor: Write failed
  #004: /scratch/spack_cpu/job_21700923/spack-stage/spack-stage-hdf5-1.10.7-xexa2gll6hf6okdatgrxiwhcjs2uepc7/spack-src/src/H5Dselect.c line 230 in H5D__select_io(): write error
    major: Dataspace
    minor: Write failed
  #005: /scratch/spack_cpu/job_21700923/spack-stage/spack-stage-hdf5-1.10.7-xexa2gll6hf6okdatgrxiwhcjs2uepc7/spack-src/src/H5Dcontig.c line 1281 in H5D__contig_writevv(): can't perform vectorized sieve buffer write
    major: Dataset
    minor: Can't operate on object
  #006: /scratch/spack_cpu/job_21700923/spack-stage/spack-stage-hdf5-1.10.7-xexa2gll6hf6okdatgrxiwhcjs2uepc7/spack-src/src/H5VM.c line 1464 in H5VM_opvv(): can't perform operation
    major: Internal error (too specific to document in detail)
    minor: Can't operate on object
  #007: /scratch/spack_cpu/job_21700923/spack-stage/spack-stage-hdf5-1.10.7-xexa2gll6hf6okdatgrxiwhcjs2uepc7/spack-src/src/H5Dcontig.c line 1029 in H5D__contig_writevv_sieve_cb(): block write failed
    major: Dataset
    minor: Write failed
  #008: /scratch/spack_cpu/job_21700923/spack-stage/spack-stage-hdf5-1.10.7-xexa2gll6hf6okdatgrxiwhcjs2uepc7/spack-src/src/H5Fio.c line 161 in H5F_block_write(): write through page buffer failed
    major: Low-level I/O
    minor: Write failed
  #009: /scratch/spack_cpu/job_21700923/spack-stage/spack-stage-hdf5-1.10.7-xexa2gll6hf6okdatgrxiwhcjs2uepc7/spack-src/src/H5PB.c line 1032 in H5PB_write(): write through metadata accumulator failed
    major: Page Buffering
    minor: Write failed
  #010: /scratch/spack_cpu/job_21700923/spack-stage/spack-stage-hdf5-1.10.7-xexa2gll6hf6okdatgrxiwhcjs2uepc7/spack-src/src/H5Faccum.c line 824 in H5F__accum_write(): file write failed
    major: Low-level I/O
    minor: Write failed
  #011: /scratch/spack_cpu/job_21700923/spack-stage/spack-stage-hdf5-1.10.7-xexa2gll6hf6okdatgrxiwhcjs2uepc7/spack-src/src/H5FDint.c line 249 in H5FD_write(): driver write request failed
    major: Virtual File Layer
    minor: Write failed
  #012: /scratch/spack_cpu/job_21700923/spack-stage/spack-stage-hdf5-1.10.7-xexa2gll6hf6okdatgrxiwhcjs2uepc7/spack-src/src/H5FDsec2.c line 856 in H5FD__sec2_write(): file write failed: time = Wed Nov 19 08:23:57 2025
, filename = 'checkpoint.h5', file descriptor = 5, errno = 14, error message = 'Bad address', buf = 0x1555537c4000, total write size = 15969552, bytes this sub-write = 15969552, bytes actually written = 18446744073709551615, offset = 0
    major: Low-level I/O
    minor: Write failed
HDF5-DIAG: Error detected in HDF5 (1.10.7) thread 0:
  #000: /scratch/spack_cpu/job_21700923/spack-stage/spack-stage-hdf5-1.10.7-xexa2gll6hf6okdatgrxiwhcjs2uepc7/spack-src/src/H5Dio.c line 335 in H5Dwrite(): can't write data
    major: Dataset
    minor: Write failed
  #001: /scratch/spack_cpu/job_21700923/spack-stage/spack-stage-hdf5-1.10.7-xexa2gll6hf6okdatgrxiwhcjs2uepc7/spack-src/src/H5Dio.c line 813 in H5D__write(): can't write data
    major: Dataset
    minor: Write failed
  #002: /scratch/spack_cpu/job_21700923/spack-stage/spack-stage-hdf5-1.10.7-xexa2gll6hf6okdatgrxiwhcjs2uepc7/spack-src/src/H5Dcontig.c line 659 in H5D__contig_write(): contiguous write failed
    major: Dataset
    minor: Write failed
  #003: /scratch/spack_cpu/job_21700923/spack-stage/spack-stage-hdf5-1.10.7-xexa2gll6hf6okdatgrxiwhcjs2uepc7/spack-src/src/H5Dselect.c line 321 in H5D__select_write(): write error
    major: Dataspace
    minor: Write failed
  #004: /scratch/spack_cpu/job_21700923/spack-stage/spack-stage-hdf5-1.10.7-xexa2gll6hf6okdatgrxiwhcjs2uepc7/spack-src/src/H5Dselect.c line 230 in H5D__select_io(): write error
    major: Dataspace
    minor: Write failed
  #005: /scratch/spack_cpu/job_21700923/spack-stage/spack-stage-hdf5-1.10.7-xexa2gll6hf6okdatgrxiwhcjs2uepc7/spack-src/src/H5Dcontig.c line 1281 in H5D__contig_writevv(): can't perform vectorized sieve buffer write
    major: Dataset
    minor: Can't operate on object
  #006: /scratch/spack_cpu/job_21700923/spack-stage/spack-stage-hdf5-1.10.7-xexa2gll6hf6okdatgrxiwhcjs2uepc7/spack-src/src/H5VM.c line 1464 in H5VM_opvv(): can't perform operation
    major: Internal error (too specific to document in detail)
    minor: Can't operate on object
  #007: /scratch/spack_cpu/job_21700923/spack-stage/spack-stage-hdf5-1.10.7-xexa2gll6hf6okdatgrxiwhcjs2uepc7/spack-src/src/H5Dcontig.c line 1029 in H5D__contig_writevv_sieve_cb(): block write failed
    major: Dataset
    minor: Write failed
  #008: /scratch/spack_cpu/job_21700923/spack-stage/spack-stage-hdf5-1.10.7-xexa2gll6hf6okdatgrxiwhcjs2uepc7/spack-src/src/H5Fio.c line 161 in H5F_block_write(): write through page buffer failed
    major: Low-level I/O
    minor: Write failed
  #009: /scratch/spack_cpu/job_21700923/spack-stage/spack-stage-hdf5-1.10.7-xexa2gll6hf6okdatgrxiwhcjs2uepc7/spack-src/src/H5PB.c line 1032 in H5PB_write(): write through metadata accumulator failed
    major: Page Buffering
    minor: Write failed
  #010: /scratch/spack_cpu/job_21700923/spack-stage/spack-stage-hdf5-1.10.7-xexa2gll6hf6okdatgrxiwhcjs2uepc7/spack-src/src/H5Faccum.c line 824 in H5F__accum_write(): file write failed
    major: Low-level I/O
    minor: Write failed
  #011: /scratch/spack_cpu/job_21700923/spack-stage/spack-stage-hdf5-1.10.7-xexa2gll6hf6okdatgrxiwhcjs2uepc7/spack-src/src/H5FDint.c line 249 in H5FD_write(): driver write request failed
    major: Virtual File Layer
    minor: Write failed
  #012: /scratch/spack_cpu/job_21700923/spack-stage/spack-stage-hdf5-1.10.7-xexa2gll6hf6okdatgrxiwhcjs2uepc7/spack-src/src/H5FDsec2.c line 856 in H5FD__sec2_write(): file write failed: time = Wed Nov 19 08:24:10 2025
, filename = 'checkpoint.h5', file descriptor = 5, errno = 14, error message = 'Bad address', buf = 0x1555537c4000, total write size = 15969552, bytes this sub-write = 15969552, bytes actually written = 18446744073709551615, offset = 0
    major: Low-level I/O
    minor: Write failed
HDF5-DIAG: Error detected in HDF5 (1.10.7) thread 0:
  #000: /scratch/spack_cpu/job_21700923/spack-stage/spack-stage-hdf5-1.10.7-xexa2gll6hf6okdatgrxiwhcjs2uepc7/spack-src/src/H5Dio.c line 335 in H5Dwrite(): can't write data
    major: Dataset
    minor: Write failed
  #001: /scratch/spack_cpu/job_21700923/spack-stage/spack-stage-hdf5-1.10.7-xexa2gll6hf6okdatgrxiwhcjs2uepc7/spack-src/src/H5Dio.c line 813 in H5D__write(): can't write data
    major: Dataset
    minor: Write failed
  #002: /scratch/spack_cpu/job_21700923/spack-stage/spack-stage-hdf5-1.10.7-xexa2gll6hf6okdatgrxiwhcjs2uepc7/spack-src/src/H5Dcontig.c line 659 in H5D__contig_write(): contiguous write failed
    major: Dataset
    minor: Write failed
  #003: /scratch/spack_cpu/job_21700923/spack-stage/spack-stage-hdf5-1.10.7-xexa2gll6hf6okdatgrxiwhcjs2uepc7/spack-src/src/H5Dselect.c line 321 in H5D__select_write(): write error
    major: Dataspace
    minor: Write failed
  #004: /scratch/spack_cpu/job_21700923/spack-stage/spack-stage-hdf5-1.10.7-xexa2gll6hf6okdatgrxiwhcjs2uepc7/spack-src/src/H5Dselect.c line 230 in H5D__select_io(): write error
    major: Dataspace
    minor: Write failed
  #005: /scratch/spack_cpu/job_21700923/spack-stage/spack-stage-hdf5-1.10.7-xexa2gll6hf6okdatgrxiwhcjs2uepc7/spack-src/src/H5Dcontig.c line 1281 in H5D__contig_writevv(): can't perform vectorized sieve buffer write
    major: Dataset
    minor: Can't operate on object
  #006: /scratch/spack_cpu/job_21700923/spack-stage/spack-stage-hdf5-1.10.7-xexa2gll6hf6okdatgrxiwhcjs2uepc7/spack-src/src/H5VM.c line 1464 in H5VM_opvv(): can't perform operation
    major: Internal error (too specific to document in detail)
    minor: Can't operate on object
  #007: /scratch/spack_cpu/job_21700923/spack-stage/spack-stage-hdf5-1.10.7-xexa2gll6hf6okdatgrxiwhcjs2uepc7/spack-src/src/H5Dcontig.c line 1029 in H5D__contig_writevv_sieve_cb(): block write failed
    major: Dataset
    minor: Write failed
  #008: /scratch/spack_cpu/job_21700923/spack-stage/spack-stage-hdf5-1.10.7-xexa2gll6hf6okdatgrxiwhcjs2uepc7/spack-src/src/H5Fio.c line 161 in H5F_block_write(): write through page buffer failed
    major: Low-level I/O
    minor: Write failed
  #009: /scratch/spack_cpu/job_21700923/spack-stage/spack-stage-hdf5-1.10.7-xexa2gll6hf6okdatgrxiwhcjs2uepc7/spack-src/src/H5PB.c line 1032 in H5PB_write(): write through metadata accumulator failed
    major: Page Buffering
    minor: Write failed
  #010: /scratch/spack_cpu/job_21700923/spack-stage/spack-stage-hdf5-1.10.7-xexa2gll6hf6okdatgrxiwhcjs2uepc7/spack-src/src/H5Faccum.c line 824 in H5F__accum_write(): file write failed
    major: Low-level I/O
    minor: Write failed
  #011: /scratch/spack_cpu/job_21700923/spack-stage/spack-stage-hdf5-1.10.7-xexa2gll6hf6okdatgrxiwhcjs2uepc7/spack-src/src/H5FDint.c line 249 in H5FD_write(): driver write request failed
    major: Virtual File Layer
    minor: Write failed
  #012: /scratch/spack_cpu/job_21700923/spack-stage/spack-stage-hdf5-1.10.7-xexa2gll6hf6okdatgrxiwhcjs2uepc7/spack-src/src/H5FDsec2.c line 856 in H5FD__sec2_write(): file write failed: time = Wed Nov 19 08:24:22 2025
, filename = 'checkpoint.h5', file descriptor = 5, errno = 14, error message = 'Bad address', buf = 0x1555537c4000, total write size = 15969552, bytes this sub-write = 15969552, bytes actually written = 18446744073709551615, offset = 0
    major: Low-level I/O
    minor: Write failed
HDF5-DIAG: Error detected in HDF5 (1.10.7) thread 0:
  #000: /scratch/spack_cpu/job_21700923/spack-stage/spack-stage-hdf5-1.10.7-xexa2gll6hf6okdatgrxiwhcjs2uepc7/spack-src/src/H5Dio.c line 335 in H5Dwrite(): can't write data
    major: Dataset
    minor: Write failed
  #001: /scratch/spack_cpu/job_21700923/spack-stage/spack-stage-hdf5-1.10.7-xexa2gll6hf6okdatgrxiwhcjs2uepc7/spack-src/src/H5Dio.c line 813 in H5D__write(): can't write data
    major: Dataset
    minor: Write failed
  #002: /scratch/spack_cpu/job_21700923/spack-stage/spack-stage-hdf5-1.10.7-xexa2gll6hf6okdatgrxiwhcjs2uepc7/spack-src/src/H5Dcontig.c line 659 in H5D__contig_write(): contiguous write failed
    major: Dataset
    minor: Write failed
  #003: /scratch/spack_cpu/job_21700923/spack-stage/spack-stage-hdf5-1.10.7-xexa2gll6hf6okdatgrxiwhcjs2uepc7/spack-src/src/H5Dselect.c line 321 in H5D__select_write(): write error
    major: Dataspace
    minor: Write failed
  #004: /scratch/spack_cpu/job_21700923/spack-stage/spack-stage-hdf5-1.10.7-xexa2gll6hf6okdatgrxiwhcjs2uepc7/spack-src/src/H5Dselect.c line 230 in H5D__select_io(): write error
    major: Dataspace
    minor: Write failed
  #005: /scratch/spack_cpu/job_21700923/spack-stage/spack-stage-hdf5-1.10.7-xexa2gll6hf6okdatgrxiwhcjs2uepc7/spack-src/src/H5Dcontig.c line 1281 in H5D__contig_writevv(): can't perform vectorized sieve buffer write
    major: Dataset
    minor: Can't operate on object
  #006: /scratch/spack_cpu/job_21700923/spack-stage/spack-stage-hdf5-1.10.7-xexa2gll6hf6okdatgrxiwhcjs2uepc7/spack-src/src/H5VM.c line 1464 in H5VM_opvv(): can't perform operation
    major: Internal error (too specific to document in detail)
    minor: Can't operate on object
  #007: /scratch/spack_cpu/job_21700923/spack-stage/spack-stage-hdf5-1.10.7-xexa2gll6hf6okdatgrxiwhcjs2uepc7/spack-src/src/H5Dcontig.c line 1029 in H5D__contig_writevv_sieve_cb(): block write failed
    major: Dataset
    minor: Write failed
  #008: /scratch/spack_cpu/job_21700923/spack-stage/spack-stage-hdf5-1.10.7-xexa2gll6hf6okdatgrxiwhcjs2uepc7/spack-src/src/H5Fio.c line 161 in H5F_block_write(): write through page buffer failed
    major: Low-level I/O
    minor: Write failed
  #009: /scratch/spack_cpu/job_21700923/spack-stage/spack-stage-hdf5-1.10.7-xexa2gll6hf6okdatgrxiwhcjs2uepc7/spack-src/src/H5PB.c line 1032 in H5PB_write(): write through metadata accumulator failed
    major: Page Buffering
    minor: Write failed
  #010: /scratch/spack_cpu/job_21700923/spack-stage/spack-stage-hdf5-1.10.7-xexa2gll6hf6okdatgrxiwhcjs2uepc7/spack-src/src/H5Faccum.c line 824 in H5F__accum_write(): file write failed
    major: Low-level I/O
    minor: Write failed
  #011: /scratch/spack_cpu/job_21700923/spack-stage/spack-stage-hdf5-1.10.7-xexa2gll6hf6okdatgrxiwhcjs2uepc7/spack-src/src/H5FDint.c line 249 in H5FD_write(): driver write request failed
    major: Virtual File Layer
    minor: Write failed
  #012: /scratch/spack_cpu/job_21700923/spack-stage/spack-stage-hdf5-1.10.7-xexa2gll6hf6okdatgrxiwhcjs2uepc7/spack-src/src/H5FDsec2.c line 856 in H5FD__sec2_write(): file write failed: time = Wed Nov 19 08:24:34 2025
, filename = 'checkpoint.h5', file descriptor = 5, errno = 14, error message = 'Bad address', buf = 0x1555537c4000, total write size = 15969552, bytes this sub-write = 15969552, bytes actually written = 18446744073709551615, offset = 0
    major: Low-level I/O
    minor: Write failed
HDF5-DIAG: Error detected in HDF5 (1.10.7) thread 0:
  #000: /scratch/spack_cpu/job_21700923/spack-stage/spack-stage-hdf5-1.10.7-xexa2gll6hf6okdatgrxiwhcjs2uepc7/spack-src/src/H5Dio.c line 335 in H5Dwrite(): can't write data
    major: Dataset
    minor: Write failed
  #001: /scratch/spack_cpu/job_21700923/spack-stage/spack-stage-hdf5-1.10.7-xexa2gll6hf6okdatgrxiwhcjs2uepc7/spack-src/src/H5Dio.c line 813 in H5D__write(): can't write data
    major: Dataset
    minor: Write failed
  #002: /scratch/spack_cpu/job_21700923/spack-stage/spack-stage-hdf5-1.10.7-xexa2gll6hf6okdatgrxiwhcjs2uepc7/spack-src/src/H5Dcontig.c line 659 in H5D__contig_write(): contiguous write failed
    major: Dataset
    minor: Write failed
  #003: /scratch/spack_cpu/job_21700923/spack-stage/spack-stage-hdf5-1.10.7-xexa2gll6hf6okdatgrxiwhcjs2uepc7/spack-src/src/H5Dselect.c line 321 in H5D__select_write(): write error
    major: Dataspace
    minor: Write failed
  #004: /scratch/spack_cpu/job_21700923/spack-stage/spack-stage-hdf5-1.10.7-xexa2gll6hf6okdatgrxiwhcjs2uepc7/spack-src/src/H5Dselect.c line 230 in H5D__select_io(): write error
    major: Dataspace
    minor: Write failed
  #005: /scratch/spack_cpu/job_21700923/spack-stage/spack-stage-hdf5-1.10.7-xexa2gll6hf6okdatgrxiwhcjs2uepc7/spack-src/src/H5Dcontig.c line 1281 in H5D__contig_writevv(): can't perform vectorized sieve buffer write
    major: Dataset
    minor: Can't operate on object
  #006: /scratch/spack_cpu/job_21700923/spack-stage/spack-stage-hdf5-1.10.7-xexa2gll6hf6okdatgrxiwhcjs2uepc7/spack-src/src/H5VM.c line 1464 in H5VM_opvv(): can't perform operation
    major: Internal error (too specific to document in detail)
    minor: Can't operate on object
  #007: /scratch/spack_cpu/job_21700923/spack-stage/spack-stage-hdf5-1.10.7-xexa2gll6hf6okdatgrxiwhcjs2uepc7/spack-src/src/H5Dcontig.c line 1029 in H5D__contig_writevv_sieve_cb(): block write failed
    major: Dataset
    minor: Write failed
  #008: /scratch/spack_cpu/job_21700923/spack-stage/spack-stage-hdf5-1.10.7-xexa2gll6hf6okdatgrxiwhcjs2uepc7/spack-src/src/H5Fio.c line 161 in H5F_block_write(): write through page buffer failed
    major: Low-level I/O
    minor: Write failed
  #009: /scratch/spack_cpu/job_21700923/spack-stage/spack-stage-hdf5-1.10.7-xexa2gll6hf6okdatgrxiwhcjs2uepc7/spack-src/src/H5PB.c line 1032 in H5PB_write(): write through metadata accumulator failed
    major: Page Buffering
    minor: Write failed
  #010: /scratch/spack_cpu/job_21700923/spack-stage/spack-stage-hdf5-1.10.7-xexa2gll6hf6okdatgrxiwhcjs2uepc7/spack-src/src/H5Faccum.c line 824 in H5F__accum_write(): file write failed
    major: Low-level I/O
    minor: Write failed
  #011: /scratch/spack_cpu/job_21700923/spack-stage/spack-stage-hdf5-1.10.7-xexa2gll6hf6okdatgrxiwhcjs2uepc7/spack-src/src/H5FDint.c line 249 in H5FD_write(): driver write request failed
    major: Virtual File Layer
    minor: Write failed
  #012: /scratch/spack_cpu/job_21700923/spack-stage/spack-stage-hdf5-1.10.7-xexa2gll6hf6okdatgrxiwhcjs2uepc7/spack-src/src/H5FDsec2.c line 856 in H5FD__sec2_write(): file write failed: time = Wed Nov 19 08:24:45 2025
, filename = 'checkpoint.h5', file descriptor = 5, errno = 14, error message = 'Bad address', buf = 0x1555537c4000, total write size = 15969552, bytes this sub-write = 15969552, bytes actually written = 18446744073709551615, offset = 0
    major: Low-level I/O
    minor: Write failed
HDF5-DIAG: Error detected in HDF5 (1.10.7) thread 0:
  #000: /scratch/spack_cpu/job_21700923/spack-stage/spack-stage-hdf5-1.10.7-xexa2gll6hf6okdatgrxiwhcjs2uepc7/spack-src/src/H5Dio.c line 335 in H5Dwrite(): can't write data
    major: Dataset
    minor: Write failed
  #001: /scratch/spack_cpu/job_21700923/spack-stage/spack-stage-hdf5-1.10.7-xexa2gll6hf6okdatgrxiwhcjs2uepc7/spack-src/src/H5Dio.c line 813 in H5D__write(): can't write data
    major: Dataset
    minor: Write failed
  #002: /scratch/spack_cpu/job_21700923/spack-stage/spack-stage-hdf5-1.10.7-xexa2gll6hf6okdatgrxiwhcjs2uepc7/spack-src/src/H5Dcontig.c line 659 in H5D__contig_write(): contiguous write failed
    major: Dataset
    minor: Write failed
  #003: /scratch/spack_cpu/job_21700923/spack-stage/spack-stage-hdf5-1.10.7-xexa2gll6hf6okdatgrxiwhcjs2uepc7/spack-src/src/H5Dselect.c line 321 in H5D__select_write(): write error
    major: Dataspace
    minor: Write failed
  #004: /scratch/spack_cpu/job_21700923/spack-stage/spack-stage-hdf5-1.10.7-xexa2gll6hf6okdatgrxiwhcjs2uepc7/spack-src/src/H5Dselect.c line 230 in H5D__select_io(): write error
    major: Dataspace
    minor: Write failed
  #005: /scratch/spack_cpu/job_21700923/spack-stage/spack-stage-hdf5-1.10.7-xexa2gll6hf6okdatgrxiwhcjs2uepc7/spack-src/src/H5Dcontig.c line 1281 in H5D__contig_writevv(): can't perform vectorized sieve buffer write
    major: Dataset
    minor: Can't operate on object
  #006: /scratch/spack_cpu/job_21700923/spack-stage/spack-stage-hdf5-1.10.7-xexa2gll6hf6okdatgrxiwhcjs2uepc7/spack-src/src/H5VM.c line 1464 in H5VM_opvv(): can't perform operation
    major: Internal error (too specific to document in detail)
    minor: Can't operate on object
  #007: /scratch/spack_cpu/job_21700923/spack-stage/spack-stage-hdf5-1.10.7-xexa2gll6hf6okdatgrxiwhcjs2uepc7/spack-src/src/H5Dcontig.c line 1029 in H5D__contig_writevv_sieve_cb(): block write failed
    major: Dataset
    minor: Write failed
  #008: /scratch/spack_cpu/job_21700923/spack-stage/spack-stage-hdf5-1.10.7-xexa2gll6hf6okdatgrxiwhcjs2uepc7/spack-src/src/H5Fio.c line 161 in H5F_block_write(): write through page buffer failed
    major: Low-level I/O
    minor: Write failed
  #009: /scratch/spack_cpu/job_21700923/spack-stage/spack-stage-hdf5-1.10.7-xexa2gll6hf6okdatgrxiwhcjs2uepc7/spack-src/src/H5PB.c line 1032 in H5PB_write(): write through metadata accumulator failed
    major: Page Buffering
    minor: Write failed
  #010: /scratch/spack_cpu/job_21700923/spack-stage/spack-stage-hdf5-1.10.7-xexa2gll6hf6okdatgrxiwhcjs2uepc7/spack-src/src/H5Faccum.c line 824 in H5F__accum_write(): file write failed
    major: Low-level I/O
    minor: Write failed
  #011: /scratch/spack_cpu/job_21700923/spack-stage/spack-stage-hdf5-1.10.7-xexa2gll6hf6okdatgrxiwhcjs2uepc7/spack-src/src/H5FDint.c line 249 in H5FD_write(): driver write request failed
    major: Virtual File Layer
    minor: Write failed
  #012: /scratch/spack_cpu/job_21700923/spack-stage/spack-stage-hdf5-1.10.7-xexa2gll6hf6okdatgrxiwhcjs2uepc7/spack-src/src/H5FDsec2.c line 856 in H5FD__sec2_write(): file write failed: time = Wed Nov 19 08:24:58 2025
, filename = 'checkpoint.h5', file descriptor = 5, errno = 14, error message = 'Bad address', buf = 0x1555537c4000, total write size = 15969552, bytes this sub-write = 15969552, bytes actually written = 18446744073709551615, offset = 0
    major: Low-level I/O
    minor: Write failed
HDF5-DIAG: Error detected in HDF5 (1.10.7) thread 0:
  #000: /scratch/spack_cpu/job_21700923/spack-stage/spack-stage-hdf5-1.10.7-xexa2gll6hf6okdatgrxiwhcjs2uepc7/spack-src/src/H5Dio.c line 335 in H5Dwrite(): can't write data
    major: Dataset
    minor: Write failed
  #001: /scratch/spack_cpu/job_21700923/spack-stage/spack-stage-hdf5-1.10.7-xexa2gll6hf6okdatgrxiwhcjs2uepc7/spack-src/src/H5Dio.c line 813 in H5D__write(): can't write data
    major: Dataset
    minor: Write failed
  #002: /scratch/spack_cpu/job_21700923/spack-stage/spack-stage-hdf5-1.10.7-xexa2gll6hf6okdatgrxiwhcjs2uepc7/spack-src/src/H5Dcontig.c line 659 in H5D__contig_write(): contiguous write failed
    major: Dataset
    minor: Write failed
  #003: /scratch/spack_cpu/job_21700923/spack-stage/spack-stage-hdf5-1.10.7-xexa2gll6hf6okdatgrxiwhcjs2uepc7/spack-src/src/H5Dselect.c line 321 in H5D__select_write(): write error
    major: Dataspace
    minor: Write failed
  #004: /scratch/spack_cpu/job_21700923/spack-stage/spack-stage-hdf5-1.10.7-xexa2gll6hf6okdatgrxiwhcjs2uepc7/spack-src/src/H5Dselect.c line 230 in H5D__select_io(): write error
    major: Dataspace
    minor: Write failed
  #005: /scratch/spack_cpu/job_21700923/spack-stage/spack-stage-hdf5-1.10.7-xexa2gll6hf6okdatgrxiwhcjs2uepc7/spack-src/src/H5Dcontig.c line 1281 in H5D__contig_writevv(): can't perform vectorized sieve buffer write
    major: Dataset
    minor: Can't operate on object
  #006: /scratch/spack_cpu/job_21700923/spack-stage/spack-stage-hdf5-1.10.7-xexa2gll6hf6okdatgrxiwhcjs2uepc7/spack-src/src/H5VM.c line 1464 in H5VM_opvv(): can't perform operation
    major: Internal error (too specific to document in detail)
    minor: Can't operate on object
  #007: /scratch/spack_cpu/job_21700923/spack-stage/spack-stage-hdf5-1.10.7-xexa2gll6hf6okdatgrxiwhcjs2uepc7/spack-src/src/H5Dcontig.c line 1029 in H5D__contig_writevv_sieve_cb(): block write failed
    major: Dataset
    minor: Write failed
  #008: /scratch/spack_cpu/job_21700923/spack-stage/spack-stage-hdf5-1.10.7-xexa2gll6hf6okdatgrxiwhcjs2uepc7/spack-src/src/H5Fio.c line 161 in H5F_block_write(): write through page buffer failed
    major: Low-level I/O
    minor: Write failed
  #009: /scratch/spack_cpu/job_21700923/spack-stage/spack-stage-hdf5-1.10.7-xexa2gll6hf6okdatgrxiwhcjs2uepc7/spack-src/src/H5PB.c line 1032 in H5PB_write(): write through metadata accumulator failed
    major: Page Buffering
    minor: Write failed
  #010: /scratch/spack_cpu/job_21700923/spack-stage/spack-stage-hdf5-1.10.7-xexa2gll6hf6okdatgrxiwhcjs2uepc7/spack-src/src/H5Faccum.c line 824 in H5F__accum_write(): file write failed
    major: Low-level I/O
    minor: Write failed
  #011: /scratch/spack_cpu/job_21700923/spack-stage/spack-stage-hdf5-1.10.7-xexa2gll6hf6okdatgrxiwhcjs2uepc7/spack-src/src/H5FDint.c line 249 in H5FD_write(): driver write request failed
    major: Virtual File Layer
    minor: Write failed
  #012: /scratch/spack_cpu/job_21700923/spack-stage/spack-stage-hdf5-1.10.7-xexa2gll6hf6okdatgrxiwhcjs2uepc7/spack-src/src/H5FDsec2.c line 856 in H5FD__sec2_write(): file write failed: time = Wed Nov 19 08:25:10 2025
, filename = 'checkpoint.h5', file descriptor = 5, errno = 14, error message = 'Bad address', buf = 0x1555537c4000, total write size = 15969552, bytes this sub-write = 15969552, bytes actually written = 18446744073709551615, offset = 0
    major: Low-level I/O
    minor: Write failed
HDF5-DIAG: Error detected in HDF5 (1.10.7) thread 0:
  #000: /scratch/spack_cpu/job_21700923/spack-stage/spack-stage-hdf5-1.10.7-xexa2gll6hf6okdatgrxiwhcjs2uepc7/spack-src/src/H5Dio.c line 335 in H5Dwrite(): can't write data
    major: Dataset
    minor: Write failed
  #001: /scratch/spack_cpu/job_21700923/spack-stage/spack-stage-hdf5-1.10.7-xexa2gll6hf6okdatgrxiwhcjs2uepc7/spack-src/src/H5Dio.c line 813 in H5D__write(): can't write data
    major: Dataset
    minor: Write failed
  #002: /scratch/spack_cpu/job_21700923/spack-stage/spack-stage-hdf5-1.10.7-xexa2gll6hf6okdatgrxiwhcjs2uepc7/spack-src/src/H5Dcontig.c line 659 in H5D__contig_write(): contiguous write failed
    major: Dataset
    minor: Write failed
  #003: /scratch/spack_cpu/job_21700923/spack-stage/spack-stage-hdf5-1.10.7-xexa2gll6hf6okdatgrxiwhcjs2uepc7/spack-src/src/H5Dselect.c line 321 in H5D__select_write(): write error
    major: Dataspace
    minor: Write failed
  #004: /scratch/spack_cpu/job_21700923/spack-stage/spack-stage-hdf5-1.10.7-xexa2gll6hf6okdatgrxiwhcjs2uepc7/spack-src/src/H5Dselect.c line 230 in H5D__select_io(): write error
    major: Dataspace
    minor: Write failed
  #005: /scratch/spack_cpu/job_21700923/spack-stage/spack-stage-hdf5-1.10.7-xexa2gll6hf6okdatgrxiwhcjs2uepc7/spack-src/src/H5Dcontig.c line 1281 in H5D__contig_writevv(): can't perform vectorized sieve buffer write
    major: Dataset
    minor: Can't operate on object
  #006: /scratch/spack_cpu/job_21700923/spack-stage/spack-stage-hdf5-1.10.7-xexa2gll6hf6okdatgrxiwhcjs2uepc7/spack-src/src/H5VM.c line 1464 in H5VM_opvv(): can't perform operation
    major: Internal error (too specific to document in detail)
    minor: Can't operate on object
  #007: /scratch/spack_cpu/job_21700923/spack-stage/spack-stage-hdf5-1.10.7-xexa2gll6hf6okdatgrxiwhcjs2uepc7/spack-src/src/H5Dcontig.c line 1029 in H5D__contig_writevv_sieve_cb(): block write failed
    major: Dataset
    minor: Write failed
  #008: /scratch/spack_cpu/job_21700923/spack-stage/spack-stage-hdf5-1.10.7-xexa2gll6hf6okdatgrxiwhcjs2uepc7/spack-src/src/H5Fio.c line 161 in H5F_block_write(): write through page buffer failed
    major: Low-level I/O
    minor: Write failed
  #009: /scratch/spack_cpu/job_21700923/spack-stage/spack-stage-hdf5-1.10.7-xexa2gll6hf6okdatgrxiwhcjs2uepc7/spack-src/src/H5PB.c line 1032 in H5PB_write(): write through metadata accumulator failed
    major: Page Buffering
    minor: Write failed
  #010: /scratch/spack_cpu/job_21700923/spack-stage/spack-stage-hdf5-1.10.7-xexa2gll6hf6okdatgrxiwhcjs2uepc7/spack-src/src/H5Faccum.c line 824 in H5F__accum_write(): file write failed
    major: Low-level I/O
    minor: Write failed
  #011: /scratch/spack_cpu/job_21700923/spack-stage/spack-stage-hdf5-1.10.7-xexa2gll6hf6okdatgrxiwhcjs2uepc7/spack-src/src/H5FDint.c line 249 in H5FD_write(): driver write request failed
    major: Virtual File Layer
    minor: Write failed
  #012: /scratch/spack_cpu/job_21700923/spack-stage/spack-stage-hdf5-1.10.7-xexa2gll6hf6okdatgrxiwhcjs2uepc7/spack-src/src/H5FDsec2.c line 856 in H5FD__sec2_write(): file write failed: time = Wed Nov 19 08:25:23 2025
, filename = 'checkpoint.h5', file descriptor = 5, errno = 14, error message = 'Bad address', buf = 0x1555537c4000, total write size = 15969552, bytes this sub-write = 15969552, bytes actually written = 18446744073709551615, offset = 0
    major: Low-level I/O
    minor: Write failed
HDF5-DIAG: Error detected in HDF5 (1.10.7) thread 0:
  #000: /scratch/spack_cpu/job_21700923/spack-stage/spack-stage-hdf5-1.10.7-xexa2gll6hf6okdatgrxiwhcjs2uepc7/spack-src/src/H5Dio.c line 335 in H5Dwrite(): can't write data
    major: Dataset
    minor: Write failed
  #001: /scratch/spack_cpu/job_21700923/spack-stage/spack-stage-hdf5-1.10.7-xexa2gll6hf6okdatgrxiwhcjs2uepc7/spack-src/src/H5Dio.c line 813 in H5D__write(): can't write data
    major: Dataset
    minor: Write failed
  #002: /scratch/spack_cpu/job_21700923/spack-stage/spack-stage-hdf5-1.10.7-xexa2gll6hf6okdatgrxiwhcjs2uepc7/spack-src/src/H5Dcontig.c line 659 in H5D__contig_write(): contiguous write failed
    major: Dataset
    minor: Write failed
  #003: /scratch/spack_cpu/job_21700923/spack-stage/spack-stage-hdf5-1.10.7-xexa2gll6hf6okdatgrxiwhcjs2uepc7/spack-src/src/H5Dselect.c line 321 in H5D__select_write(): write error
    major: Dataspace
    minor: Write failed
  #004: /scratch/spack_cpu/job_21700923/spack-stage/spack-stage-hdf5-1.10.7-xexa2gll6hf6okdatgrxiwhcjs2uepc7/spack-src/src/H5Dselect.c line 230 in H5D__select_io(): write error
    major: Dataspace
    minor: Write failed
  #005: /scratch/spack_cpu/job_21700923/spack-stage/spack-stage-hdf5-1.10.7-xexa2gll6hf6okdatgrxiwhcjs2uepc7/spack-src/src/H5Dcontig.c line 1281 in H5D__contig_writevv(): can't perform vectorized sieve buffer write
    major: Dataset
    minor: Can't operate on object
  #006: /scratch/spack_cpu/job_21700923/spack-stage/spack-stage-hdf5-1.10.7-xexa2gll6hf6okdatgrxiwhcjs2uepc7/spack-src/src/H5VM.c line 1464 in H5VM_opvv(): can't perform operation
    major: Internal error (too specific to document in detail)
    minor: Can't operate on object
  #007: /scratch/spack_cpu/job_21700923/spack-stage/spack-stage-hdf5-1.10.7-xexa2gll6hf6okdatgrxiwhcjs2uepc7/spack-src/src/H5Dcontig.c line 1029 in H5D__contig_writevv_sieve_cb(): block write failed
    major: Dataset
    minor: Write failed
  #008: /scratch/spack_cpu/job_21700923/spack-stage/spack-stage-hdf5-1.10.7-xexa2gll6hf6okdatgrxiwhcjs2uepc7/spack-src/src/H5Fio.c line 161 in H5F_block_write(): write through page buffer failed
    major: Low-level I/O
    minor: Write failed
  #009: /scratch/spack_cpu/job_21700923/spack-stage/spack-stage-hdf5-1.10.7-xexa2gll6hf6okdatgrxiwhcjs2uepc7/spack-src/src/H5PB.c line 1032 in H5PB_write(): write through metadata accumulator failed
    major: Page Buffering
    minor: Write failed
  #010: /scratch/spack_cpu/job_21700923/spack-stage/spack-stage-hdf5-1.10.7-xexa2gll6hf6okdatgrxiwhcjs2uepc7/spack-src/src/H5Faccum.c line 824 in H5F__accum_write(): file write failed
    major: Low-level I/O
    minor: Write failed
  #011: /scratch/spack_cpu/job_21700923/spack-stage/spack-stage-hdf5-1.10.7-xexa2gll6hf6okdatgrxiwhcjs2uepc7/spack-src/src/H5FDint.c line 249 in H5FD_write(): driver write request failed
    major: Virtual File Layer
    minor: Write failed
  #012: /scratch/spack_cpu/job_21700923/spack-stage/spack-stage-hdf5-1.10.7-xexa2gll6hf6okdatgrxiwhcjs2uepc7/spack-src/src/H5FDsec2.c line 856 in H5FD__sec2_write(): file write failed: time = Wed Nov 19 08:25:35 2025
, filename = 'checkpoint.h5', file descriptor = 5, errno = 14, error message = 'Bad address', buf = 0x1555537c4000, total write size = 15969552, bytes this sub-write = 15969552, bytes actually written = 18446744073709551615, offset = 0
    major: Low-level I/O
    minor: Write failed
HDF5-DIAG: Error detected in HDF5 (1.10.7) thread 0:
  #000: /scratch/spack_cpu/job_21700923/spack-stage/spack-stage-hdf5-1.10.7-xexa2gll6hf6okdatgrxiwhcjs2uepc7/spack-src/src/H5Dio.c line 335 in H5Dwrite(): can't write data
    major: Dataset
    minor: Write failed
  #001: /scratch/spack_cpu/job_21700923/spack-stage/spack-stage-hdf5-1.10.7-xexa2gll6hf6okdatgrxiwhcjs2uepc7/spack-src/src/H5Dio.c line 813 in H5D__write(): can't write data
    major: Dataset
    minor: Write failed
  #002: /scratch/spack_cpu/job_21700923/spack-stage/spack-stage-hdf5-1.10.7-xexa2gll6hf6okdatgrxiwhcjs2uepc7/spack-src/src/H5Dcontig.c line 659 in H5D__contig_write(): contiguous write failed
    major: Dataset
    minor: Write failed
  #003: /scratch/spack_cpu/job_21700923/spack-stage/spack-stage-hdf5-1.10.7-xexa2gll6hf6okdatgrxiwhcjs2uepc7/spack-src/src/H5Dselect.c line 321 in H5D__select_write(): write error
    major: Dataspace
    minor: Write failed
  #004: /scratch/spack_cpu/job_21700923/spack-stage/spack-stage-hdf5-1.10.7-xexa2gll6hf6okdatgrxiwhcjs2uepc7/spack-src/src/H5Dselect.c line 230 in H5D__select_io(): write error
    major: Dataspace
    minor: Write failed
  #005: /scratch/spack_cpu/job_21700923/spack-stage/spack-stage-hdf5-1.10.7-xexa2gll6hf6okdatgrxiwhcjs2uepc7/spack-src/src/H5Dcontig.c line 1281 in H5D__contig_writevv(): can't perform vectorized sieve buffer write
    major: Dataset
    minor: Can't operate on object
  #006: /scratch/spack_cpu/job_21700923/spack-stage/spack-stage-hdf5-1.10.7-xexa2gll6hf6okdatgrxiwhcjs2uepc7/spack-src/src/H5VM.c line 1464 in H5VM_opvv(): can't perform operation
    major: Internal error (too specific to document in detail)
    minor: Can't operate on object
  #007: /scratch/spack_cpu/job_21700923/spack-stage/spack-stage-hdf5-1.10.7-xexa2gll6hf6okdatgrxiwhcjs2uepc7/spack-src/src/H5Dcontig.c line 1029 in H5D__contig_writevv_sieve_cb(): block write failed
    major: Dataset
    minor: Write failed
  #008: /scratch/spack_cpu/job_21700923/spack-stage/spack-stage-hdf5-1.10.7-xexa2gll6hf6okdatgrxiwhcjs2uepc7/spack-src/src/H5Fio.c line 161 in H5F_block_write(): write through page buffer failed
    major: Low-level I/O
    minor: Write failed
  #009: /scratch/spack_cpu/job_21700923/spack-stage/spack-stage-hdf5-1.10.7-xexa2gll6hf6okdatgrxiwhcjs2uepc7/spack-src/src/H5PB.c line 1032 in H5PB_write(): write through metadata accumulator failed
    major: Page Buffering
    minor: Write failed
  #010: /scratch/spack_cpu/job_21700923/spack-stage/spack-stage-hdf5-1.10.7-xexa2gll6hf6okdatgrxiwhcjs2uepc7/spack-src/src/H5Faccum.c line 824 in H5F__accum_write(): file write failed
    major: Low-level I/O
    minor: Write failed
  #011: /scratch/spack_cpu/job_21700923/spack-stage/spack-stage-hdf5-1.10.7-xexa2gll6hf6okdatgrxiwhcjs2uepc7/spack-src/src/H5FDint.c line 249 in H5FD_write(): driver write request failed
    major: Virtual File Layer
    minor: Write failed
  #012: /scratch/spack_cpu/job_21700923/spack-stage/spack-stage-hdf5-1.10.7-xexa2gll6hf6okdatgrxiwhcjs2uepc7/spack-src/src/H5FDsec2.c line 856 in H5FD__sec2_write(): file write failed: time = Wed Nov 19 08:25:48 2025
, filename = 'checkpoint.h5', file descriptor = 5, errno = 14, error message = 'Bad address', buf = 0x1555537c4000, total write size = 15969552, bytes this sub-write = 15969552, bytes actually written = 18446744073709551615, offset = 0
    major: Low-level I/O
    minor: Write failed
HDF5-DIAG: Error detected in HDF5 (1.10.7) thread 0:
  #000: /scratch/spack_cpu/job_21700923/spack-stage/spack-stage-hdf5-1.10.7-xexa2gll6hf6okdatgrxiwhcjs2uepc7/spack-src/src/H5Dio.c line 335 in H5Dwrite(): can't write data
    major: Dataset
    minor: Write failed
  #001: /scratch/spack_cpu/job_21700923/spack-stage/spack-stage-hdf5-1.10.7-xexa2gll6hf6okdatgrxiwhcjs2uepc7/spack-src/src/H5Dio.c line 813 in H5D__write(): can't write data
    major: Dataset
    minor: Write failed
  #002: /scratch/spack_cpu/job_21700923/spack-stage/spack-stage-hdf5-1.10.7-xexa2gll6hf6okdatgrxiwhcjs2uepc7/spack-src/src/H5Dcontig.c line 659 in H5D__contig_write(): contiguous write failed
    major: Dataset
    minor: Write failed
  #003: /scratch/spack_cpu/job_21700923/spack-stage/spack-stage-hdf5-1.10.7-xexa2gll6hf6okdatgrxiwhcjs2uepc7/spack-src/src/H5Dselect.c line 321 in H5D__select_write(): write error
    major: Dataspace
    minor: Write failed
  #004: /scratch/spack_cpu/job_21700923/spack-stage/spack-stage-hdf5-1.10.7-xexa2gll6hf6okdatgrxiwhcjs2uepc7/spack-src/src/H5Dselect.c line 230 in H5D__select_io(): write error
    major: Dataspace
    minor: Write failed
  #005: /scratch/spack_cpu/job_21700923/spack-stage/spack-stage-hdf5-1.10.7-xexa2gll6hf6okdatgrxiwhcjs2uepc7/spack-src/src/H5Dcontig.c line 1281 in H5D__contig_writevv(): can't perform vectorized sieve buffer write
    major: Dataset
    minor: Can't operate on object
  #006: /scratch/spack_cpu/job_21700923/spack-stage/spack-stage-hdf5-1.10.7-xexa2gll6hf6okdatgrxiwhcjs2uepc7/spack-src/src/H5VM.c line 1464 in H5VM_opvv(): can't perform operation
    major: Internal error (too specific to document in detail)
    minor: Can't operate on object
  #007: /scratch/spack_cpu/job_21700923/spack-stage/spack-stage-hdf5-1.10.7-xexa2gll6hf6okdatgrxiwhcjs2uepc7/spack-src/src/H5Dcontig.c line 1029 in H5D__contig_writevv_sieve_cb(): block write failed
    major: Dataset
    minor: Write failed
  #008: /scratch/spack_cpu/job_21700923/spack-stage/spack-stage-hdf5-1.10.7-xexa2gll6hf6okdatgrxiwhcjs2uepc7/spack-src/src/H5Fio.c line 161 in H5F_block_write(): write through page buffer failed
    major: Low-level I/O
    minor: Write failed
  #009: /scratch/spack_cpu/job_21700923/spack-stage/spack-stage-hdf5-1.10.7-xexa2gll6hf6okdatgrxiwhcjs2uepc7/spack-src/src/H5PB.c line 1032 in H5PB_write(): write through metadata accumulator failed
    major: Page Buffering
    minor: Write failed
  #010: /scratch/spack_cpu/job_21700923/spack-stage/spack-stage-hdf5-1.10.7-xexa2gll6hf6okdatgrxiwhcjs2uepc7/spack-src/src/H5Faccum.c line 824 in H5F__accum_write(): file write failed
    major: Low-level I/O
    minor: Write failed
  #011: /scratch/spack_cpu/job_21700923/spack-stage/spack-stage-hdf5-1.10.7-xexa2gll6hf6okdatgrxiwhcjs2uepc7/spack-src/src/H5FDint.c line 249 in H5FD_write(): driver write request failed
    major: Virtual File Layer
    minor: Write failed
  #012: /scratch/spack_cpu/job_21700923/spack-stage/spack-stage-hdf5-1.10.7-xexa2gll6hf6okdatgrxiwhcjs2uepc7/spack-src/src/H5FDsec2.c line 856 in H5FD__sec2_write(): file write failed: time = Wed Nov 19 08:26:00 2025
, filename = 'checkpoint.h5', file descriptor = 5, errno = 14, error message = 'Bad address', buf = 0x1555537c4000, total write size = 15969552, bytes this sub-write = 15969552, bytes actually written = 18446744073709551615, offset = 0
    major: Low-level I/O
    minor: Write failed
HDF5-DIAG: Error detected in HDF5 (1.10.7) thread 0:
  #000: /scratch/spack_cpu/job_21700923/spack-stage/spack-stage-hdf5-1.10.7-xexa2gll6hf6okdatgrxiwhcjs2uepc7/spack-src/src/H5Dio.c line 335 in H5Dwrite(): can't write data
    major: Dataset
    minor: Write failed
  #001: /scratch/spack_cpu/job_21700923/spack-stage/spack-stage-hdf5-1.10.7-xexa2gll6hf6okdatgrxiwhcjs2uepc7/spack-src/src/H5Dio.c line 813 in H5D__write(): can't write data
    major: Dataset
    minor: Write failed
  #002: /scratch/spack_cpu/job_21700923/spack-stage/spack-stage-hdf5-1.10.7-xexa2gll6hf6okdatgrxiwhcjs2uepc7/spack-src/src/H5Dcontig.c line 659 in H5D__contig_write(): contiguous write failed
    major: Dataset
    minor: Write failed
  #003: /scratch/spack_cpu/job_21700923/spack-stage/spack-stage-hdf5-1.10.7-xexa2gll6hf6okdatgrxiwhcjs2uepc7/spack-src/src/H5Dselect.c line 321 in H5D__select_write(): write error
    major: Dataspace
    minor: Write failed
  #004: /scratch/spack_cpu/job_21700923/spack-stage/spack-stage-hdf5-1.10.7-xexa2gll6hf6okdatgrxiwhcjs2uepc7/spack-src/src/H5Dselect.c line 230 in H5D__select_io(): write error
    major: Dataspace
    minor: Write failed
  #005: /scratch/spack_cpu/job_21700923/spack-stage/spack-stage-hdf5-1.10.7-xexa2gll6hf6okdatgrxiwhcjs2uepc7/spack-src/src/H5Dcontig.c line 1281 in H5D__contig_writevv(): can't perform vectorized sieve buffer write
    major: Dataset
    minor: Can't operate on object
  #006: /scratch/spack_cpu/job_21700923/spack-stage/spack-stage-hdf5-1.10.7-xexa2gll6hf6okdatgrxiwhcjs2uepc7/spack-src/src/H5VM.c line 1464 in H5VM_opvv(): can't perform operation
    major: Internal error (too specific to document in detail)
    minor: Can't operate on object
  #007: /scratch/spack_cpu/job_21700923/spack-stage/spack-stage-hdf5-1.10.7-xexa2gll6hf6okdatgrxiwhcjs2uepc7/spack-src/src/H5Dcontig.c line 1029 in H5D__contig_writevv_sieve_cb(): block write failed
    major: Dataset
    minor: Write failed
  #008: /scratch/spack_cpu/job_21700923/spack-stage/spack-stage-hdf5-1.10.7-xexa2gll6hf6okdatgrxiwhcjs2uepc7/spack-src/src/H5Fio.c line 161 in H5F_block_write(): write through page buffer failed
    major: Low-level I/O
    minor: Write failed
  #009: /scratch/spack_cpu/job_21700923/spack-stage/spack-stage-hdf5-1.10.7-xexa2gll6hf6okdatgrxiwhcjs2uepc7/spack-src/src/H5PB.c line 1032 in H5PB_write(): write through metadata accumulator failed
    major: Page Buffering
    minor: Write failed
  #010: /scratch/spack_cpu/job_21700923/spack-stage/spack-stage-hdf5-1.10.7-xexa2gll6hf6okdatgrxiwhcjs2uepc7/spack-src/src/H5Faccum.c line 824 in H5F__accum_write(): file write failed
    major: Low-level I/O
    minor: Write failed
  #011: /scratch/spack_cpu/job_21700923/spack-stage/spack-stage-hdf5-1.10.7-xexa2gll6hf6okdatgrxiwhcjs2uepc7/spack-src/src/H5FDint.c line 249 in H5FD_write(): driver write request failed
    major: Virtual File Layer
    minor: Write failed
  #012: /scratch/spack_cpu/job_21700923/spack-stage/spack-stage-hdf5-1.10.7-xexa2gll6hf6okdatgrxiwhcjs2uepc7/spack-src/src/H5FDsec2.c line 856 in H5FD__sec2_write(): file write failed: time = Wed Nov 19 08:26:13 2025
, filename = 'checkpoint.h5', file descriptor = 5, errno = 14, error message = 'Bad address', buf = 0x1555537c4000, total write size = 15969552, bytes this sub-write = 15969552, bytes actually written = 18446744073709551615, offset = 0
    major: Low-level I/O
    minor: Write failed
HDF5-DIAG: Error detected in HDF5 (1.10.7) thread 0:
  #000: /scratch/spack_cpu/job_21700923/spack-stage/spack-stage-hdf5-1.10.7-xexa2gll6hf6okdatgrxiwhcjs2uepc7/spack-src/src/H5Dio.c line 335 in H5Dwrite(): can't write data
    major: Dataset
    minor: Write failed
  #001: /scratch/spack_cpu/job_21700923/spack-stage/spack-stage-hdf5-1.10.7-xexa2gll6hf6okdatgrxiwhcjs2uepc7/spack-src/src/H5Dio.c line 813 in H5D__write(): can't write data
    major: Dataset
    minor: Write failed
  #002: /scratch/spack_cpu/job_21700923/spack-stage/spack-stage-hdf5-1.10.7-xexa2gll6hf6okdatgrxiwhcjs2uepc7/spack-src/src/H5Dcontig.c line 659 in H5D__contig_write(): contiguous write failed
    major: Dataset
    minor: Write failed
  #003: /scratch/spack_cpu/job_21700923/spack-stage/spack-stage-hdf5-1.10.7-xexa2gll6hf6okdatgrxiwhcjs2uepc7/spack-src/src/H5Dselect.c line 321 in H5D__select_write(): write error
    major: Dataspace
    minor: Write failed
  #004: /scratch/spack_cpu/job_21700923/spack-stage/spack-stage-hdf5-1.10.7-xexa2gll6hf6okdatgrxiwhcjs2uepc7/spack-src/src/H5Dselect.c line 230 in H5D__select_io(): write error
    major: Dataspace
    minor: Write failed
  #005: /scratch/spack_cpu/job_21700923/spack-stage/spack-stage-hdf5-1.10.7-xexa2gll6hf6okdatgrxiwhcjs2uepc7/spack-src/src/H5Dcontig.c line 1281 in H5D__contig_writevv(): can't perform vectorized sieve buffer write
    major: Dataset
    minor: Can't operate on object
  #006: /scratch/spack_cpu/job_21700923/spack-stage/spack-stage-hdf5-1.10.7-xexa2gll6hf6okdatgrxiwhcjs2uepc7/spack-src/src/H5VM.c line 1464 in H5VM_opvv(): can't perform operation
    major: Internal error (too specific to document in detail)
    minor: Can't operate on object
  #007: /scratch/spack_cpu/job_21700923/spack-stage/spack-stage-hdf5-1.10.7-xexa2gll6hf6okdatgrxiwhcjs2uepc7/spack-src/src/H5Dcontig.c line 1029 in H5D__contig_writevv_sieve_cb(): block write failed
    major: Dataset
    minor: Write failed
  #008: /scratch/spack_cpu/job_21700923/spack-stage/spack-stage-hdf5-1.10.7-xexa2gll6hf6okdatgrxiwhcjs2uepc7/spack-src/src/H5Fio.c line 161 in H5F_block_write(): write through page buffer failed
    major: Low-level I/O
    minor: Write failed
  #009: /scratch/spack_cpu/job_21700923/spack-stage/spack-stage-hdf5-1.10.7-xexa2gll6hf6okdatgrxiwhcjs2uepc7/spack-src/src/H5PB.c line 1032 in H5PB_write(): write through metadata accumulator failed
    major: Page Buffering
    minor: Write failed
  #010: /scratch/spack_cpu/job_21700923/spack-stage/spack-stage-hdf5-1.10.7-xexa2gll6hf6okdatgrxiwhcjs2uepc7/spack-src/src/H5Faccum.c line 824 in H5F__accum_write(): file write failed
    major: Low-level I/O
    minor: Write failed
  #011: /scratch/spack_cpu/job_21700923/spack-stage/spack-stage-hdf5-1.10.7-xexa2gll6hf6okdatgrxiwhcjs2uepc7/spack-src/src/H5FDint.c line 249 in H5FD_write(): driver write request failed
    major: Virtual File Layer
    minor: Write failed
  #012: /scratch/spack_cpu/job_21700923/spack-stage/spack-stage-hdf5-1.10.7-xexa2gll6hf6okdatgrxiwhcjs2uepc7/spack-src/src/H5FDsec2.c line 856 in H5FD__sec2_write(): file write failed: time = Wed Nov 19 08:26:25 2025
, filename = 'checkpoint.h5', file descriptor = 5, errno = 14, error message = 'Bad address', buf = 0x1555537c4000, total write size = 15969552, bytes this sub-write = 15969552, bytes actually written = 18446744073709551615, offset = 0
    major: Low-level I/O
    minor: Write failed
HDF5-DIAG: Error detected in HDF5 (1.10.7) thread 0:
  #000: /scratch/spack_cpu/job_21700923/spack-stage/spack-stage-hdf5-1.10.7-xexa2gll6hf6okdatgrxiwhcjs2uepc7/spack-src/src/H5Dio.c line 335 in H5Dwrite(): can't write data
    major: Dataset
    minor: Write failed
  #001: /scratch/spack_cpu/job_21700923/spack-stage/spack-stage-hdf5-1.10.7-xexa2gll6hf6okdatgrxiwhcjs2uepc7/spack-src/src/H5Dio.c line 813 in H5D__write(): can't write data
    major: Dataset
    minor: Write failed
  #002: /scratch/spack_cpu/job_21700923/spack-stage/spack-stage-hdf5-1.10.7-xexa2gll6hf6okdatgrxiwhcjs2uepc7/spack-src/src/H5Dcontig.c line 659 in H5D__contig_write(): contiguous write failed
    major: Dataset
    minor: Write failed
  #003: /scratch/spack_cpu/job_21700923/spack-stage/spack-stage-hdf5-1.10.7-xexa2gll6hf6okdatgrxiwhcjs2uepc7/spack-src/src/H5Dselect.c line 321 in H5D__select_write(): write error
    major: Dataspace
    minor: Write failed
  #004: /scratch/spack_cpu/job_21700923/spack-stage/spack-stage-hdf5-1.10.7-xexa2gll6hf6okdatgrxiwhcjs2uepc7/spack-src/src/H5Dselect.c line 230 in H5D__select_io(): write error
    major: Dataspace
    minor: Write failed
  #005: /scratch/spack_cpu/job_21700923/spack-stage/spack-stage-hdf5-1.10.7-xexa2gll6hf6okdatgrxiwhcjs2uepc7/spack-src/src/H5Dcontig.c line 1281 in H5D__contig_writevv(): can't perform vectorized sieve buffer write
    major: Dataset
    minor: Can't operate on object
  #006: /scratch/spack_cpu/job_21700923/spack-stage/spack-stage-hdf5-1.10.7-xexa2gll6hf6okdatgrxiwhcjs2uepc7/spack-src/src/H5VM.c line 1464 in H5VM_opvv(): can't perform operation
    major: Internal error (too specific to document in detail)
    minor: Can't operate on object
  #007: /scratch/spack_cpu/job_21700923/spack-stage/spack-stage-hdf5-1.10.7-xexa2gll6hf6okdatgrxiwhcjs2uepc7/spack-src/src/H5Dcontig.c line 1029 in H5D__contig_writevv_sieve_cb(): block write failed
    major: Dataset
    minor: Write failed
  #008: /scratch/spack_cpu/job_21700923/spack-stage/spack-stage-hdf5-1.10.7-xexa2gll6hf6okdatgrxiwhcjs2uepc7/spack-src/src/H5Fio.c line 161 in H5F_block_write(): write through page buffer failed
    major: Low-level I/O
    minor: Write failed
  #009: /scratch/spack_cpu/job_21700923/spack-stage/spack-stage-hdf5-1.10.7-xexa2gll6hf6okdatgrxiwhcjs2uepc7/spack-src/src/H5PB.c line 1032 in H5PB_write(): write through metadata accumulator failed
    major: Page Buffering
    minor: Write failed
  #010: /scratch/spack_cpu/job_21700923/spack-stage/spack-stage-hdf5-1.10.7-xexa2gll6hf6okdatgrxiwhcjs2uepc7/spack-src/src/H5Faccum.c line 824 in H5F__accum_write(): file write failed
    major: Low-level I/O
    minor: Write failed
  #011: /scratch/spack_cpu/job_21700923/spack-stage/spack-stage-hdf5-1.10.7-xexa2gll6hf6okdatgrxiwhcjs2uepc7/spack-src/src/H5FDint.c line 249 in H5FD_write(): driver write request failed
    major: Virtual File Layer
    minor: Write failed
  #012: /scratch/spack_cpu/job_21700923/spack-stage/spack-stage-hdf5-1.10.7-xexa2gll6hf6okdatgrxiwhcjs2uepc7/spack-src/src/H5FDsec2.c line 856 in H5FD__sec2_write(): file write failed: time = Wed Nov 19 08:26:38 2025
, filename = 'checkpoint.h5', file descriptor = 5, errno = 14, error message = 'Bad address', buf = 0x1555537c4000, total write size = 15969552, bytes this sub-write = 15969552, bytes actually written = 18446744073709551615, offset = 0
    major: Low-level I/O
    minor: Write failed
HDF5-DIAG: Error detected in HDF5 (1.10.7) thread 0:
  #000: /scratch/spack_cpu/job_21700923/spack-stage/spack-stage-hdf5-1.10.7-xexa2gll6hf6okdatgrxiwhcjs2uepc7/spack-src/src/H5Dio.c line 335 in H5Dwrite(): can't write data
    major: Dataset
    minor: Write failed
  #001: /scratch/spack_cpu/job_21700923/spack-stage/spack-stage-hdf5-1.10.7-xexa2gll6hf6okdatgrxiwhcjs2uepc7/spack-src/src/H5Dio.c line 813 in H5D__write(): can't write data
    major: Dataset
    minor: Write failed
  #002: /scratch/spack_cpu/job_21700923/spack-stage/spack-stage-hdf5-1.10.7-xexa2gll6hf6okdatgrxiwhcjs2uepc7/spack-src/src/H5Dcontig.c line 659 in H5D__contig_write(): contiguous write failed
    major: Dataset
    minor: Write failed
  #003: /scratch/spack_cpu/job_21700923/spack-stage/spack-stage-hdf5-1.10.7-xexa2gll6hf6okdatgrxiwhcjs2uepc7/spack-src/src/H5Dselect.c line 321 in H5D__select_write(): write error
    major: Dataspace
    minor: Write failed
  #004: /scratch/spack_cpu/job_21700923/spack-stage/spack-stage-hdf5-1.10.7-xexa2gll6hf6okdatgrxiwhcjs2uepc7/spack-src/src/H5Dselect.c line 230 in H5D__select_io(): write error
    major: Dataspace
    minor: Write failed
  #005: /scratch/spack_cpu/job_21700923/spack-stage/spack-stage-hdf5-1.10.7-xexa2gll6hf6okdatgrxiwhcjs2uepc7/spack-src/src/H5Dcontig.c line 1281 in H5D__contig_writevv(): can't perform vectorized sieve buffer write
    major: Dataset
    minor: Can't operate on object
  #006: /scratch/spack_cpu/job_21700923/spack-stage/spack-stage-hdf5-1.10.7-xexa2gll6hf6okdatgrxiwhcjs2uepc7/spack-src/src/H5VM.c line 1464 in H5VM_opvv(): can't perform operation
    major: Internal error (too specific to document in detail)
    minor: Can't operate on object
  #007: /scratch/spack_cpu/job_21700923/spack-stage/spack-stage-hdf5-1.10.7-xexa2gll6hf6okdatgrxiwhcjs2uepc7/spack-src/src/H5Dcontig.c line 1029 in H5D__contig_writevv_sieve_cb(): block write failed
    major: Dataset
    minor: Write failed
  #008: /scratch/spack_cpu/job_21700923/spack-stage/spack-stage-hdf5-1.10.7-xexa2gll6hf6okdatgrxiwhcjs2uepc7/spack-src/src/H5Fio.c line 161 in H5F_block_write(): write through page buffer failed
    major: Low-level I/O
    minor: Write failed
  #009: /scratch/spack_cpu/job_21700923/spack-stage/spack-stage-hdf5-1.10.7-xexa2gll6hf6okdatgrxiwhcjs2uepc7/spack-src/src/H5PB.c line 1032 in H5PB_write(): write through metadata accumulator failed
    major: Page Buffering
    minor: Write failed
  #010: /scratch/spack_cpu/job_21700923/spack-stage/spack-stage-hdf5-1.10.7-xexa2gll6hf6okdatgrxiwhcjs2uepc7/spack-src/src/H5Faccum.c line 824 in H5F__accum_write(): file write failed
    major: Low-level I/O
    minor: Write failed
  #011: /scratch/spack_cpu/job_21700923/spack-stage/spack-stage-hdf5-1.10.7-xexa2gll6hf6okdatgrxiwhcjs2uepc7/spack-src/src/H5FDint.c line 249 in H5FD_write(): driver write request failed
    major: Virtual File Layer
    minor: Write failed
  #012: /scratch/spack_cpu/job_21700923/spack-stage/spack-stage-hdf5-1.10.7-xexa2gll6hf6okdatgrxiwhcjs2uepc7/spack-src/src/H5FDsec2.c line 856 in H5FD__sec2_write(): file write failed: time = Wed Nov 19 08:26:50 2025
, filename = 'checkpoint.h5', file descriptor = 5, errno = 14, error message = 'Bad address', buf = 0x1555537c4000, total write size = 15969552, bytes this sub-write = 15969552, bytes actually written = 18446744073709551615, offset = 0
    major: Low-level I/O
    minor: Write failed
HDF5-DIAG: Error detected in HDF5 (1.10.7) thread 0:
  #000: /scratch/spack_cpu/job_21700923/spack-stage/spack-stage-hdf5-1.10.7-xexa2gll6hf6okdatgrxiwhcjs2uepc7/spack-src/src/H5Dio.c line 335 in H5Dwrite(): can't write data
    major: Dataset
    minor: Write failed
  #001: /scratch/spack_cpu/job_21700923/spack-stage/spack-stage-hdf5-1.10.7-xexa2gll6hf6okdatgrxiwhcjs2uepc7/spack-src/src/H5Dio.c line 813 in H5D__write(): can't write data
    major: Dataset
    minor: Write failed
  #002: /scratch/spack_cpu/job_21700923/spack-stage/spack-stage-hdf5-1.10.7-xexa2gll6hf6okdatgrxiwhcjs2uepc7/spack-src/src/H5Dcontig.c line 659 in H5D__contig_write(): contiguous write failed
    major: Dataset
    minor: Write failed
  #003: /scratch/spack_cpu/job_21700923/spack-stage/spack-stage-hdf5-1.10.7-xexa2gll6hf6okdatgrxiwhcjs2uepc7/spack-src/src/H5Dselect.c line 321 in H5D__select_write(): write error
    major: Dataspace
    minor: Write failed
  #004: /scratch/spack_cpu/job_21700923/spack-stage/spack-stage-hdf5-1.10.7-xexa2gll6hf6okdatgrxiwhcjs2uepc7/spack-src/src/H5Dselect.c line 230 in H5D__select_io(): write error
    major: Dataspace
    minor: Write failed
  #005: /scratch/spack_cpu/job_21700923/spack-stage/spack-stage-hdf5-1.10.7-xexa2gll6hf6okdatgrxiwhcjs2uepc7/spack-src/src/H5Dcontig.c line 1281 in H5D__contig_writevv(): can't perform vectorized sieve buffer write
    major: Dataset
    minor: Can't operate on object
  #006: /scratch/spack_cpu/job_21700923/spack-stage/spack-stage-hdf5-1.10.7-xexa2gll6hf6okdatgrxiwhcjs2uepc7/spack-src/src/H5VM.c line 1464 in H5VM_opvv(): can't perform operation
    major: Internal error (too specific to document in detail)
    minor: Can't operate on object
  #007: /scratch/spack_cpu/job_21700923/spack-stage/spack-stage-hdf5-1.10.7-xexa2gll6hf6okdatgrxiwhcjs2uepc7/spack-src/src/H5Dcontig.c line 1029 in H5D__contig_writevv_sieve_cb(): block write failed
    major: Dataset
    minor: Write failed
  #008: /scratch/spack_cpu/job_21700923/spack-stage/spack-stage-hdf5-1.10.7-xexa2gll6hf6okdatgrxiwhcjs2uepc7/spack-src/src/H5Fio.c line 161 in H5F_block_write(): write through page buffer failed
    major: Low-level I/O
    minor: Write failed
  #009: /scratch/spack_cpu/job_21700923/spack-stage/spack-stage-hdf5-1.10.7-xexa2gll6hf6okdatgrxiwhcjs2uepc7/spack-src/src/H5PB.c line 1032 in H5PB_write(): write through metadata accumulator failed
    major: Page Buffering
    minor: Write failed
  #010: /scratch/spack_cpu/job_21700923/spack-stage/spack-stage-hdf5-1.10.7-xexa2gll6hf6okdatgrxiwhcjs2uepc7/spack-src/src/H5Faccum.c line 824 in H5F__accum_write(): file write failed
    major: Low-level I/O
    minor: Write failed
  #011: /scratch/spack_cpu/job_21700923/spack-stage/spack-stage-hdf5-1.10.7-xexa2gll6hf6okdatgrxiwhcjs2uepc7/spack-src/src/H5FDint.c line 249 in H5FD_write(): driver write request failed
    major: Virtual File Layer
    minor: Write failed
  #012: /scratch/spack_cpu/job_21700923/spack-stage/spack-stage-hdf5-1.10.7-xexa2gll6hf6okdatgrxiwhcjs2uepc7/spack-src/src/H5FDsec2.c line 856 in H5FD__sec2_write(): file write failed: time = Wed Nov 19 08:27:02 2025
, filename = 'checkpoint.h5', file descriptor = 5, errno = 14, error message = 'Bad address', buf = 0x1555537c4000, total write size = 15969552, bytes this sub-write = 15969552, bytes actually written = 18446744073709551615, offset = 0
    major: Low-level I/O
    minor: Write failed
HDF5-DIAG: Error detected in HDF5 (1.10.7) thread 0:
  #000: /scratch/spack_cpu/job_21700923/spack-stage/spack-stage-hdf5-1.10.7-xexa2gll6hf6okdatgrxiwhcjs2uepc7/spack-src/src/H5Dio.c line 335 in H5Dwrite(): can't write data
    major: Dataset
    minor: Write failed
  #001: /scratch/spack_cpu/job_21700923/spack-stage/spack-stage-hdf5-1.10.7-xexa2gll6hf6okdatgrxiwhcjs2uepc7/spack-src/src/H5Dio.c line 813 in H5D__write(): can't write data
    major: Dataset
    minor: Write failed
  #002: /scratch/spack_cpu/job_21700923/spack-stage/spack-stage-hdf5-1.10.7-xexa2gll6hf6okdatgrxiwhcjs2uepc7/spack-src/src/H5Dcontig.c line 659 in H5D__contig_write(): contiguous write failed
    major: Dataset
    minor: Write failed
  #003: /scratch/spack_cpu/job_21700923/spack-stage/spack-stage-hdf5-1.10.7-xexa2gll6hf6okdatgrxiwhcjs2uepc7/spack-src/src/H5Dselect.c line 321 in H5D__select_write(): write error
    major: Dataspace
    minor: Write failed
  #004: /scratch/spack_cpu/job_21700923/spack-stage/spack-stage-hdf5-1.10.7-xexa2gll6hf6okdatgrxiwhcjs2uepc7/spack-src/src/H5Dselect.c line 230 in H5D__select_io(): write error
    major: Dataspace
    minor: Write failed
  #005: /scratch/spack_cpu/job_21700923/spack-stage/spack-stage-hdf5-1.10.7-xexa2gll6hf6okdatgrxiwhcjs2uepc7/spack-src/src/H5Dcontig.c line 1281 in H5D__contig_writevv(): can't perform vectorized sieve buffer write
    major: Dataset
    minor: Can't operate on object
  #006: /scratch/spack_cpu/job_21700923/spack-stage/spack-stage-hdf5-1.10.7-xexa2gll6hf6okdatgrxiwhcjs2uepc7/spack-src/src/H5VM.c line 1464 in H5VM_opvv(): can't perform operation
    major: Internal error (too specific to document in detail)
    minor: Can't operate on object
  #007: /scratch/spack_cpu/job_21700923/spack-stage/spack-stage-hdf5-1.10.7-xexa2gll6hf6okdatgrxiwhcjs2uepc7/spack-src/src/H5Dcontig.c line 1029 in H5D__contig_writevv_sieve_cb(): block write failed
    major: Dataset
    minor: Write failed
  #008: /scratch/spack_cpu/job_21700923/spack-stage/spack-stage-hdf5-1.10.7-xexa2gll6hf6okdatgrxiwhcjs2uepc7/spack-src/src/H5Fio.c line 161 in H5F_block_write(): write through page buffer failed
    major: Low-level I/O
    minor: Write failed
  #009: /scratch/spack_cpu/job_21700923/spack-stage/spack-stage-hdf5-1.10.7-xexa2gll6hf6okdatgrxiwhcjs2uepc7/spack-src/src/H5PB.c line 1032 in H5PB_write(): write through metadata accumulator failed
    major: Page Buffering
    minor: Write failed
  #010: /scratch/spack_cpu/job_21700923/spack-stage/spack-stage-hdf5-1.10.7-xexa2gll6hf6okdatgrxiwhcjs2uepc7/spack-src/src/H5Faccum.c line 824 in H5F__accum_write(): file write failed
    major: Low-level I/O
    minor: Write failed
  #011: /scratch/spack_cpu/job_21700923/spack-stage/spack-stage-hdf5-1.10.7-xexa2gll6hf6okdatgrxiwhcjs2uepc7/spack-src/src/H5FDint.c line 249 in H5FD_write(): driver write request failed
    major: Virtual File Layer
    minor: Write failed
  #012: /scratch/spack_cpu/job_21700923/spack-stage/spack-stage-hdf5-1.10.7-xexa2gll6hf6okdatgrxiwhcjs2uepc7/spack-src/src/H5FDsec2.c line 856 in H5FD__sec2_write(): file write failed: time = Wed Nov 19 08:27:15 2025
, filename = 'checkpoint.h5', file descriptor = 5, errno = 14, error message = 'Bad address', buf = 0x1555537c4000, total write size = 15969552, bytes this sub-write = 15969552, bytes actually written = 18446744073709551615, offset = 0
    major: Low-level I/O
    minor: Write failed
HDF5-DIAG: Error detected in HDF5 (1.10.7) thread 0:
  #000: /scratch/spack_cpu/job_21700923/spack-stage/spack-stage-hdf5-1.10.7-xexa2gll6hf6okdatgrxiwhcjs2uepc7/spack-src/src/H5Dio.c line 335 in H5Dwrite(): can't write data
    major: Dataset
    minor: Write failed
  #001: /scratch/spack_cpu/job_21700923/spack-stage/spack-stage-hdf5-1.10.7-xexa2gll6hf6okdatgrxiwhcjs2uepc7/spack-src/src/H5Dio.c line 813 in H5D__write(): can't write data
    major: Dataset
    minor: Write failed
  #002: /scratch/spack_cpu/job_21700923/spack-stage/spack-stage-hdf5-1.10.7-xexa2gll6hf6okdatgrxiwhcjs2uepc7/spack-src/src/H5Dcontig.c line 659 in H5D__contig_write(): contiguous write failed
    major: Dataset
    minor: Write failed
  #003: /scratch/spack_cpu/job_21700923/spack-stage/spack-stage-hdf5-1.10.7-xexa2gll6hf6okdatgrxiwhcjs2uepc7/spack-src/src/H5Dselect.c line 321 in H5D__select_write(): write error
    major: Dataspace
    minor: Write failed
  #004: /scratch/spack_cpu/job_21700923/spack-stage/spack-stage-hdf5-1.10.7-xexa2gll6hf6okdatgrxiwhcjs2uepc7/spack-src/src/H5Dselect.c line 230 in H5D__select_io(): write error
    major: Dataspace
    minor: Write failed
  #005: /scratch/spack_cpu/job_21700923/spack-stage/spack-stage-hdf5-1.10.7-xexa2gll6hf6okdatgrxiwhcjs2uepc7/spack-src/src/H5Dcontig.c line 1281 in H5D__contig_writevv(): can't perform vectorized sieve buffer write
    major: Dataset
    minor: Can't operate on object
  #006: /scratch/spack_cpu/job_21700923/spack-stage/spack-stage-hdf5-1.10.7-xexa2gll6hf6okdatgrxiwhcjs2uepc7/spack-src/src/H5VM.c line 1464 in H5VM_opvv(): can't perform operation
    major: Internal error (too specific to document in detail)
    minor: Can't operate on object
  #007: /scratch/spack_cpu/job_21700923/spack-stage/spack-stage-hdf5-1.10.7-xexa2gll6hf6okdatgrxiwhcjs2uepc7/spack-src/src/H5Dcontig.c line 1029 in H5D__contig_writevv_sieve_cb(): block write failed
    major: Dataset
    minor: Write failed
  #008: /scratch/spack_cpu/job_21700923/spack-stage/spack-stage-hdf5-1.10.7-xexa2gll6hf6okdatgrxiwhcjs2uepc7/spack-src/src/H5Fio.c line 161 in H5F_block_write(): write through page buffer failed
    major: Low-level I/O
    minor: Write failed
  #009: /scratch/spack_cpu/job_21700923/spack-stage/spack-stage-hdf5-1.10.7-xexa2gll6hf6okdatgrxiwhcjs2uepc7/spack-src/src/H5PB.c line 1032 in H5PB_write(): write through metadata accumulator failed
    major: Page Buffering
    minor: Write failed
  #010: /scratch/spack_cpu/job_21700923/spack-stage/spack-stage-hdf5-1.10.7-xexa2gll6hf6okdatgrxiwhcjs2uepc7/spack-src/src/H5Faccum.c line 824 in H5F__accum_write(): file write failed
    major: Low-level I/O
    minor: Write failed
  #011: /scratch/spack_cpu/job_21700923/spack-stage/spack-stage-hdf5-1.10.7-xexa2gll6hf6okdatgrxiwhcjs2uepc7/spack-src/src/H5FDint.c line 249 in H5FD_write(): driver write request failed
    major: Virtual File Layer
    minor: Write failed
  #012: /scratch/spack_cpu/job_21700923/spack-stage/spack-stage-hdf5-1.10.7-xexa2gll6hf6okdatgrxiwhcjs2uepc7/spack-src/src/H5FDsec2.c line 856 in H5FD__sec2_write(): file write failed: time = Wed Nov 19 08:27:27 2025
, filename = 'checkpoint.h5', file descriptor = 5, errno = 14, error message = 'Bad address', buf = 0x1555537c4000, total write size = 15969552, bytes this sub-write = 15969552, bytes actually written = 18446744073709551615, offset = 0
    major: Low-level I/O
    minor: Write failed
HDF5-DIAG: Error detected in HDF5 (1.10.7) thread 0:
  #000: /scratch/spack_cpu/job_21700923/spack-stage/spack-stage-hdf5-1.10.7-xexa2gll6hf6okdatgrxiwhcjs2uepc7/spack-src/src/H5Dio.c line 335 in H5Dwrite(): can't write data
    major: Dataset
    minor: Write failed
  #001: /scratch/spack_cpu/job_21700923/spack-stage/spack-stage-hdf5-1.10.7-xexa2gll6hf6okdatgrxiwhcjs2uepc7/spack-src/src/H5Dio.c line 813 in H5D__write(): can't write data
    major: Dataset
    minor: Write failed
  #002: /scratch/spack_cpu/job_21700923/spack-stage/spack-stage-hdf5-1.10.7-xexa2gll6hf6okdatgrxiwhcjs2uepc7/spack-src/src/H5Dcontig.c line 659 in H5D__contig_write(): contiguous write failed
    major: Dataset
    minor: Write failed
  #003: /scratch/spack_cpu/job_21700923/spack-stage/spack-stage-hdf5-1.10.7-xexa2gll6hf6okdatgrxiwhcjs2uepc7/spack-src/src/H5Dselect.c line 321 in H5D__select_write(): write error
    major: Dataspace
    minor: Write failed
  #004: /scratch/spack_cpu/job_21700923/spack-stage/spack-stage-hdf5-1.10.7-xexa2gll6hf6okdatgrxiwhcjs2uepc7/spack-src/src/H5Dselect.c line 230 in H5D__select_io(): write error
    major: Dataspace
    minor: Write failed
  #005: /scratch/spack_cpu/job_21700923/spack-stage/spack-stage-hdf5-1.10.7-xexa2gll6hf6okdatgrxiwhcjs2uepc7/spack-src/src/H5Dcontig.c line 1281 in H5D__contig_writevv(): can't perform vectorized sieve buffer write
    major: Dataset
    minor: Can't operate on object
  #006: /scratch/spack_cpu/job_21700923/spack-stage/spack-stage-hdf5-1.10.7-xexa2gll6hf6okdatgrxiwhcjs2uepc7/spack-src/src/H5VM.c line 1464 in H5VM_opvv(): can't perform operation
    major: Internal error (too specific to document in detail)
    minor: Can't operate on object
  #007: /scratch/spack_cpu/job_21700923/spack-stage/spack-stage-hdf5-1.10.7-xexa2gll6hf6okdatgrxiwhcjs2uepc7/spack-src/src/H5Dcontig.c line 1029 in H5D__contig_writevv_sieve_cb(): block write failed
    major: Dataset
    minor: Write failed
  #008: /scratch/spack_cpu/job_21700923/spack-stage/spack-stage-hdf5-1.10.7-xexa2gll6hf6okdatgrxiwhcjs2uepc7/spack-src/src/H5Fio.c line 161 in H5F_block_write(): write through page buffer failed
    major: Low-level I/O
    minor: Write failed
  #009: /scratch/spack_cpu/job_21700923/spack-stage/spack-stage-hdf5-1.10.7-xexa2gll6hf6okdatgrxiwhcjs2uepc7/spack-src/src/H5PB.c line 1032 in H5PB_write(): write through metadata accumulator failed
    major: Page Buffering
    minor: Write failed
  #010: /scratch/spack_cpu/job_21700923/spack-stage/spack-stage-hdf5-1.10.7-xexa2gll6hf6okdatgrxiwhcjs2uepc7/spack-src/src/H5Faccum.c line 824 in H5F__accum_write(): file write failed
    major: Low-level I/O
    minor: Write failed
  #011: /scratch/spack_cpu/job_21700923/spack-stage/spack-stage-hdf5-1.10.7-xexa2gll6hf6okdatgrxiwhcjs2uepc7/spack-src/src/H5FDint.c line 249 in H5FD_write(): driver write request failed
    major: Virtual File Layer
    minor: Write failed
  #012: /scratch/spack_cpu/job_21700923/spack-stage/spack-stage-hdf5-1.10.7-xexa2gll6hf6okdatgrxiwhcjs2uepc7/spack-src/src/H5FDsec2.c line 856 in H5FD__sec2_write(): file write failed: time = Wed Nov 19 08:27:39 2025
, filename = 'checkpoint.h5', file descriptor = 5, errno = 14, error message = 'Bad address', buf = 0x1555537c4000, total write size = 15969552, bytes this sub-write = 15969552, bytes actually written = 18446744073709551615, offset = 0
    major: Low-level I/O
    minor: Write failed
HDF5-DIAG: Error detected in HDF5 (1.10.7) thread 0:
  #000: /scratch/spack_cpu/job_21700923/spack-stage/spack-stage-hdf5-1.10.7-xexa2gll6hf6okdatgrxiwhcjs2uepc7/spack-src/src/H5Dio.c line 335 in H5Dwrite(): can't write data
    major: Dataset
    minor: Write failed
  #001: /scratch/spack_cpu/job_21700923/spack-stage/spack-stage-hdf5-1.10.7-xexa2gll6hf6okdatgrxiwhcjs2uepc7/spack-src/src/H5Dio.c line 813 in H5D__write(): can't write data
    major: Dataset
    minor: Write failed
  #002: /scratch/spack_cpu/job_21700923/spack-stage/spack-stage-hdf5-1.10.7-xexa2gll6hf6okdatgrxiwhcjs2uepc7/spack-src/src/H5Dcontig.c line 659 in H5D__contig_write(): contiguous write failed
    major: Dataset
    minor: Write failed
  #003: /scratch/spack_cpu/job_21700923/spack-stage/spack-stage-hdf5-1.10.7-xexa2gll6hf6okdatgrxiwhcjs2uepc7/spack-src/src/H5Dselect.c line 321 in H5D__select_write(): write error
    major: Dataspace
    minor: Write failed
  #004: /scratch/spack_cpu/job_21700923/spack-stage/spack-stage-hdf5-1.10.7-xexa2gll6hf6okdatgrxiwhcjs2uepc7/spack-src/src/H5Dselect.c line 230 in H5D__select_io(): write error
    major: Dataspace
    minor: Write failed
  #005: /scratch/spack_cpu/job_21700923/spack-stage/spack-stage-hdf5-1.10.7-xexa2gll6hf6okdatgrxiwhcjs2uepc7/spack-src/src/H5Dcontig.c line 1281 in H5D__contig_writevv(): can't perform vectorized sieve buffer write
    major: Dataset
    minor: Can't operate on object
  #006: /scratch/spack_cpu/job_21700923/spack-stage/spack-stage-hdf5-1.10.7-xexa2gll6hf6okdatgrxiwhcjs2uepc7/spack-src/src/H5VM.c line 1464 in H5VM_opvv(): can't perform operation
    major: Internal error (too specific to document in detail)
    minor: Can't operate on object
  #007: /scratch/spack_cpu/job_21700923/spack-stage/spack-stage-hdf5-1.10.7-xexa2gll6hf6okdatgrxiwhcjs2uepc7/spack-src/src/H5Dcontig.c line 1029 in H5D__contig_writevv_sieve_cb(): block write failed
    major: Dataset
    minor: Write failed
  #008: /scratch/spack_cpu/job_21700923/spack-stage/spack-stage-hdf5-1.10.7-xexa2gll6hf6okdatgrxiwhcjs2uepc7/spack-src/src/H5Fio.c line 161 in H5F_block_write(): write through page buffer failed
    major: Low-level I/O
    minor: Write failed
  #009: /scratch/spack_cpu/job_21700923/spack-stage/spack-stage-hdf5-1.10.7-xexa2gll6hf6okdatgrxiwhcjs2uepc7/spack-src/src/H5PB.c line 1032 in H5PB_write(): write through metadata accumulator failed
    major: Page Buffering
    minor: Write failed
  #010: /scratch/spack_cpu/job_21700923/spack-stage/spack-stage-hdf5-1.10.7-xexa2gll6hf6okdatgrxiwhcjs2uepc7/spack-src/src/H5Faccum.c line 824 in H5F__accum_write(): file write failed
    major: Low-level I/O
    minor: Write failed
  #011: /scratch/spack_cpu/job_21700923/spack-stage/spack-stage-hdf5-1.10.7-xexa2gll6hf6okdatgrxiwhcjs2uepc7/spack-src/src/H5FDint.c line 249 in H5FD_write(): driver write request failed
    major: Virtual File Layer
    minor: Write failed
  #012: /scratch/spack_cpu/job_21700923/spack-stage/spack-stage-hdf5-1.10.7-xexa2gll6hf6okdatgrxiwhcjs2uepc7/spack-src/src/H5FDsec2.c line 856 in H5FD__sec2_write(): file write failed: time = Wed Nov 19 08:27:51 2025
, filename = 'checkpoint.h5', file descriptor = 5, errno = 14, error message = 'Bad address', buf = 0x1555537c4000, total write size = 15969552, bytes this sub-write = 15969552, bytes actually written = 18446744073709551615, offset = 0
    major: Low-level I/O
    minor: Write failed
HDF5-DIAG: Error detected in HDF5 (1.10.7) thread 0:
  #000: /scratch/spack_cpu/job_21700923/spack-stage/spack-stage-hdf5-1.10.7-xexa2gll6hf6okdatgrxiwhcjs2uepc7/spack-src/src/H5Dio.c line 335 in H5Dwrite(): can't write data
    major: Dataset
    minor: Write failed
  #001: /scratch/spack_cpu/job_21700923/spack-stage/spack-stage-hdf5-1.10.7-xexa2gll6hf6okdatgrxiwhcjs2uepc7/spack-src/src/H5Dio.c line 813 in H5D__write(): can't write data
    major: Dataset
    minor: Write failed
  #002: /scratch/spack_cpu/job_21700923/spack-stage/spack-stage-hdf5-1.10.7-xexa2gll6hf6okdatgrxiwhcjs2uepc7/spack-src/src/H5Dcontig.c line 659 in H5D__contig_write(): contiguous write failed
    major: Dataset
    minor: Write failed
  #003: /scratch/spack_cpu/job_21700923/spack-stage/spack-stage-hdf5-1.10.7-xexa2gll6hf6okdatgrxiwhcjs2uepc7/spack-src/src/H5Dselect.c line 321 in H5D__select_write(): write error
    major: Dataspace
    minor: Write failed
  #004: /scratch/spack_cpu/job_21700923/spack-stage/spack-stage-hdf5-1.10.7-xexa2gll6hf6okdatgrxiwhcjs2uepc7/spack-src/src/H5Dselect.c line 230 in H5D__select_io(): write error
    major: Dataspace
    minor: Write failed
  #005: /scratch/spack_cpu/job_21700923/spack-stage/spack-stage-hdf5-1.10.7-xexa2gll6hf6okdatgrxiwhcjs2uepc7/spack-src/src/H5Dcontig.c line 1281 in H5D__contig_writevv(): can't perform vectorized sieve buffer write
    major: Dataset
    minor: Can't operate on object
  #006: /scratch/spack_cpu/job_21700923/spack-stage/spack-stage-hdf5-1.10.7-xexa2gll6hf6okdatgrxiwhcjs2uepc7/spack-src/src/H5VM.c line 1464 in H5VM_opvv(): can't perform operation
    major: Internal error (too specific to document in detail)
    minor: Can't operate on object
  #007: /scratch/spack_cpu/job_21700923/spack-stage/spack-stage-hdf5-1.10.7-xexa2gll6hf6okdatgrxiwhcjs2uepc7/spack-src/src/H5Dcontig.c line 1029 in H5D__contig_writevv_sieve_cb(): block write failed
    major: Dataset
    minor: Write failed
  #008: /scratch/spack_cpu/job_21700923/spack-stage/spack-stage-hdf5-1.10.7-xexa2gll6hf6okdatgrxiwhcjs2uepc7/spack-src/src/H5Fio.c line 161 in H5F_block_write(): write through page buffer failed
    major: Low-level I/O
    minor: Write failed
  #009: /scratch/spack_cpu/job_21700923/spack-stage/spack-stage-hdf5-1.10.7-xexa2gll6hf6okdatgrxiwhcjs2uepc7/spack-src/src/H5PB.c line 1032 in H5PB_write(): write through metadata accumulator failed
    major: Page Buffering
    minor: Write failed
  #010: /scratch/spack_cpu/job_21700923/spack-stage/spack-stage-hdf5-1.10.7-xexa2gll6hf6okdatgrxiwhcjs2uepc7/spack-src/src/H5Faccum.c line 824 in H5F__accum_write(): file write failed
    major: Low-level I/O
    minor: Write failed
  #011: /scratch/spack_cpu/job_21700923/spack-stage/spack-stage-hdf5-1.10.7-xexa2gll6hf6okdatgrxiwhcjs2uepc7/spack-src/src/H5FDint.c line 249 in H5FD_write(): driver write request failed
    major: Virtual File Layer
    minor: Write failed
  #012: /scratch/spack_cpu/job_21700923/spack-stage/spack-stage-hdf5-1.10.7-xexa2gll6hf6okdatgrxiwhcjs2uepc7/spack-src/src/H5FDsec2.c line 856 in H5FD__sec2_write(): file write failed: time = Wed Nov 19 08:28:04 2025
, filename = 'checkpoint.h5', file descriptor = 5, errno = 14, error message = 'Bad address', buf = 0x1555537c4000, total write size = 15969552, bytes this sub-write = 15969552, bytes actually written = 18446744073709551615, offset = 0
    major: Low-level I/O
    minor: Write failed
HDF5-DIAG: Error detected in HDF5 (1.10.7) thread 0:
  #000: /scratch/spack_cpu/job_21700923/spack-stage/spack-stage-hdf5-1.10.7-xexa2gll6hf6okdatgrxiwhcjs2uepc7/spack-src/src/H5Dio.c line 335 in H5Dwrite(): can't write data
    major: Dataset
    minor: Write failed
  #001: /scratch/spack_cpu/job_21700923/spack-stage/spack-stage-hdf5-1.10.7-xexa2gll6hf6okdatgrxiwhcjs2uepc7/spack-src/src/H5Dio.c line 813 in H5D__write(): can't write data
    major: Dataset
    minor: Write failed
  #002: /scratch/spack_cpu/job_21700923/spack-stage/spack-stage-hdf5-1.10.7-xexa2gll6hf6okdatgrxiwhcjs2uepc7/spack-src/src/H5Dcontig.c line 659 in H5D__contig_write(): contiguous write failed
    major: Dataset
    minor: Write failed
  #003: /scratch/spack_cpu/job_21700923/spack-stage/spack-stage-hdf5-1.10.7-xexa2gll6hf6okdatgrxiwhcjs2uepc7/spack-src/src/H5Dselect.c line 321 in H5D__select_write(): write error
    major: Dataspace
    minor: Write failed
  #004: /scratch/spack_cpu/job_21700923/spack-stage/spack-stage-hdf5-1.10.7-xexa2gll6hf6okdatgrxiwhcjs2uepc7/spack-src/src/H5Dselect.c line 230 in H5D__select_io(): write error
    major: Dataspace
    minor: Write failed
  #005: /scratch/spack_cpu/job_21700923/spack-stage/spack-stage-hdf5-1.10.7-xexa2gll6hf6okdatgrxiwhcjs2uepc7/spack-src/src/H5Dcontig.c line 1281 in H5D__contig_writevv(): can't perform vectorized sieve buffer write
    major: Dataset
    minor: Can't operate on object
  #006: /scratch/spack_cpu/job_21700923/spack-stage/spack-stage-hdf5-1.10.7-xexa2gll6hf6okdatgrxiwhcjs2uepc7/spack-src/src/H5VM.c line 1464 in H5VM_opvv(): can't perform operation
    major: Internal error (too specific to document in detail)
    minor: Can't operate on object
  #007: /scratch/spack_cpu/job_21700923/spack-stage/spack-stage-hdf5-1.10.7-xexa2gll6hf6okdatgrxiwhcjs2uepc7/spack-src/src/H5Dcontig.c line 1029 in H5D__contig_writevv_sieve_cb(): block write failed
    major: Dataset
    minor: Write failed
  #008: /scratch/spack_cpu/job_21700923/spack-stage/spack-stage-hdf5-1.10.7-xexa2gll6hf6okdatgrxiwhcjs2uepc7/spack-src/src/H5Fio.c line 161 in H5F_block_write(): write through page buffer failed
    major: Low-level I/O
    minor: Write failed
  #009: /scratch/spack_cpu/job_21700923/spack-stage/spack-stage-hdf5-1.10.7-xexa2gll6hf6okdatgrxiwhcjs2uepc7/spack-src/src/H5PB.c line 1032 in H5PB_write(): write through metadata accumulator failed
    major: Page Buffering
    minor: Write failed
  #010: /scratch/spack_cpu/job_21700923/spack-stage/spack-stage-hdf5-1.10.7-xexa2gll6hf6okdatgrxiwhcjs2uepc7/spack-src/src/H5Faccum.c line 824 in H5F__accum_write(): file write failed
    major: Low-level I/O
    minor: Write failed
  #011: /scratch/spack_cpu/job_21700923/spack-stage/spack-stage-hdf5-1.10.7-xexa2gll6hf6okdatgrxiwhcjs2uepc7/spack-src/src/H5FDint.c line 249 in H5FD_write(): driver write request failed
    major: Virtual File Layer
    minor: Write failed
  #012: /scratch/spack_cpu/job_21700923/spack-stage/spack-stage-hdf5-1.10.7-xexa2gll6hf6okdatgrxiwhcjs2uepc7/spack-src/src/H5FDsec2.c line 856 in H5FD__sec2_write(): file write failed: time = Wed Nov 19 08:28:16 2025
, filename = 'checkpoint.h5', file descriptor = 5, errno = 14, error message = 'Bad address', buf = 0x1555537c4000, total write size = 15969552, bytes this sub-write = 15969552, bytes actually written = 18446744073709551615, offset = 0
    major: Low-level I/O
    minor: Write failed
HDF5-DIAG: Error detected in HDF5 (1.10.7) thread 0:
  #000: /scratch/spack_cpu/job_21700923/spack-stage/spack-stage-hdf5-1.10.7-xexa2gll6hf6okdatgrxiwhcjs2uepc7/spack-src/src/H5Dio.c line 335 in H5Dwrite(): can't write data
    major: Dataset
    minor: Write failed
  #001: /scratch/spack_cpu/job_21700923/spack-stage/spack-stage-hdf5-1.10.7-xexa2gll6hf6okdatgrxiwhcjs2uepc7/spack-src/src/H5Dio.c line 813 in H5D__write(): can't write data
    major: Dataset
    minor: Write failed
  #002: /scratch/spack_cpu/job_21700923/spack-stage/spack-stage-hdf5-1.10.7-xexa2gll6hf6okdatgrxiwhcjs2uepc7/spack-src/src/H5Dcontig.c line 659 in H5D__contig_write(): contiguous write failed
    major: Dataset
    minor: Write failed
  #003: /scratch/spack_cpu/job_21700923/spack-stage/spack-stage-hdf5-1.10.7-xexa2gll6hf6okdatgrxiwhcjs2uepc7/spack-src/src/H5Dselect.c line 321 in H5D__select_write(): write error
    major: Dataspace
    minor: Write failed
  #004: /scratch/spack_cpu/job_21700923/spack-stage/spack-stage-hdf5-1.10.7-xexa2gll6hf6okdatgrxiwhcjs2uepc7/spack-src/src/H5Dselect.c line 230 in H5D__select_io(): write error
    major: Dataspace
    minor: Write failed
  #005: /scratch/spack_cpu/job_21700923/spack-stage/spack-stage-hdf5-1.10.7-xexa2gll6hf6okdatgrxiwhcjs2uepc7/spack-src/src/H5Dcontig.c line 1281 in H5D__contig_writevv(): can't perform vectorized sieve buffer write
    major: Dataset
    minor: Can't operate on object
  #006: /scratch/spack_cpu/job_21700923/spack-stage/spack-stage-hdf5-1.10.7-xexa2gll6hf6okdatgrxiwhcjs2uepc7/spack-src/src/H5VM.c line 1464 in H5VM_opvv(): can't perform operation
    major: Internal error (too specific to document in detail)
    minor: Can't operate on object
  #007: /scratch/spack_cpu/job_21700923/spack-stage/spack-stage-hdf5-1.10.7-xexa2gll6hf6okdatgrxiwhcjs2uepc7/spack-src/src/H5Dcontig.c line 1029 in H5D__contig_writevv_sieve_cb(): block write failed
    major: Dataset
    minor: Write failed
  #008: /scratch/spack_cpu/job_21700923/spack-stage/spack-stage-hdf5-1.10.7-xexa2gll6hf6okdatgrxiwhcjs2uepc7/spack-src/src/H5Fio.c line 161 in H5F_block_write(): write through page buffer failed
    major: Low-level I/O
    minor: Write failed
  #009: /scratch/spack_cpu/job_21700923/spack-stage/spack-stage-hdf5-1.10.7-xexa2gll6hf6okdatgrxiwhcjs2uepc7/spack-src/src/H5PB.c line 1032 in H5PB_write(): write through metadata accumulator failed
    major: Page Buffering
    minor: Write failed
  #010: /scratch/spack_cpu/job_21700923/spack-stage/spack-stage-hdf5-1.10.7-xexa2gll6hf6okdatgrxiwhcjs2uepc7/spack-src/src/H5Faccum.c line 824 in H5F__accum_write(): file write failed
    major: Low-level I/O
    minor: Write failed
  #011: /scratch/spack_cpu/job_21700923/spack-stage/spack-stage-hdf5-1.10.7-xexa2gll6hf6okdatgrxiwhcjs2uepc7/spack-src/src/H5FDint.c line 249 in H5FD_write(): driver write request failed
    major: Virtual File Layer
    minor: Write failed
  #012: /scratch/spack_cpu/job_21700923/spack-stage/spack-stage-hdf5-1.10.7-xexa2gll6hf6okdatgrxiwhcjs2uepc7/spack-src/src/H5FDsec2.c line 856 in H5FD__sec2_write(): file write failed: time = Wed Nov 19 08:28:28 2025
, filename = 'checkpoint.h5', file descriptor = 5, errno = 14, error message = 'Bad address', buf = 0x1555537c4000, total write size = 15969552, bytes this sub-write = 15969552, bytes actually written = 18446744073709551615, offset = 0
    major: Low-level I/O
    minor: Write failed
HDF5-DIAG: Error detected in HDF5 (1.10.7) thread 0:
  #000: /scratch/spack_cpu/job_21700923/spack-stage/spack-stage-hdf5-1.10.7-xexa2gll6hf6okdatgrxiwhcjs2uepc7/spack-src/src/H5Dio.c line 335 in H5Dwrite(): can't write data
    major: Dataset
    minor: Write failed
  #001: /scratch/spack_cpu/job_21700923/spack-stage/spack-stage-hdf5-1.10.7-xexa2gll6hf6okdatgrxiwhcjs2uepc7/spack-src/src/H5Dio.c line 813 in H5D__write(): can't write data
    major: Dataset
    minor: Write failed
  #002: /scratch/spack_cpu/job_21700923/spack-stage/spack-stage-hdf5-1.10.7-xexa2gll6hf6okdatgrxiwhcjs2uepc7/spack-src/src/H5Dcontig.c line 659 in H5D__contig_write(): contiguous write failed
    major: Dataset
    minor: Write failed
  #003: /scratch/spack_cpu/job_21700923/spack-stage/spack-stage-hdf5-1.10.7-xexa2gll6hf6okdatgrxiwhcjs2uepc7/spack-src/src/H5Dselect.c line 321 in H5D__select_write(): write error
    major: Dataspace
    minor: Write failed
  #004: /scratch/spack_cpu/job_21700923/spack-stage/spack-stage-hdf5-1.10.7-xexa2gll6hf6okdatgrxiwhcjs2uepc7/spack-src/src/H5Dselect.c line 230 in H5D__select_io(): write error
    major: Dataspace
    minor: Write failed
  #005: /scratch/spack_cpu/job_21700923/spack-stage/spack-stage-hdf5-1.10.7-xexa2gll6hf6okdatgrxiwhcjs2uepc7/spack-src/src/H5Dcontig.c line 1281 in H5D__contig_writevv(): can't perform vectorized sieve buffer write
    major: Dataset
    minor: Can't operate on object
  #006: /scratch/spack_cpu/job_21700923/spack-stage/spack-stage-hdf5-1.10.7-xexa2gll6hf6okdatgrxiwhcjs2uepc7/spack-src/src/H5VM.c line 1464 in H5VM_opvv(): can't perform operation
    major: Internal error (too specific to document in detail)
    minor: Can't operate on object
  #007: /scratch/spack_cpu/job_21700923/spack-stage/spack-stage-hdf5-1.10.7-xexa2gll6hf6okdatgrxiwhcjs2uepc7/spack-src/src/H5Dcontig.c line 1029 in H5D__contig_writevv_sieve_cb(): block write failed
    major: Dataset
    minor: Write failed
  #008: /scratch/spack_cpu/job_21700923/spack-stage/spack-stage-hdf5-1.10.7-xexa2gll6hf6okdatgrxiwhcjs2uepc7/spack-src/src/H5Fio.c line 161 in H5F_block_write(): write through page buffer failed
    major: Low-level I/O
    minor: Write failed
  #009: /scratch/spack_cpu/job_21700923/spack-stage/spack-stage-hdf5-1.10.7-xexa2gll6hf6okdatgrxiwhcjs2uepc7/spack-src/src/H5PB.c line 1032 in H5PB_write(): write through metadata accumulator failed
    major: Page Buffering
    minor: Write failed
  #010: /scratch/spack_cpu/job_21700923/spack-stage/spack-stage-hdf5-1.10.7-xexa2gll6hf6okdatgrxiwhcjs2uepc7/spack-src/src/H5Faccum.c line 824 in H5F__accum_write(): file write failed
    major: Low-level I/O
    minor: Write failed
  #011: /scratch/spack_cpu/job_21700923/spack-stage/spack-stage-hdf5-1.10.7-xexa2gll6hf6okdatgrxiwhcjs2uepc7/spack-src/src/H5FDint.c line 249 in H5FD_write(): driver write request failed
    major: Virtual File Layer
    minor: Write failed
  #012: /scratch/spack_cpu/job_21700923/spack-stage/spack-stage-hdf5-1.10.7-xexa2gll6hf6okdatgrxiwhcjs2uepc7/spack-src/src/H5FDsec2.c line 856 in H5FD__sec2_write(): file write failed: time = Wed Nov 19 08:28:40 2025
, filename = 'checkpoint.h5', file descriptor = 5, errno = 14, error message = 'Bad address', buf = 0x1555537c4000, total write size = 15969552, bytes this sub-write = 15969552, bytes actually written = 18446744073709551615, offset = 0
    major: Low-level I/O
    minor: Write failed
HDF5-DIAG: Error detected in HDF5 (1.10.7) thread 0:
  #000: /scratch/spack_cpu/job_21700923/spack-stage/spack-stage-hdf5-1.10.7-xexa2gll6hf6okdatgrxiwhcjs2uepc7/spack-src/src/H5Dio.c line 335 in H5Dwrite(): can't write data
    major: Dataset
    minor: Write failed
  #001: /scratch/spack_cpu/job_21700923/spack-stage/spack-stage-hdf5-1.10.7-xexa2gll6hf6okdatgrxiwhcjs2uepc7/spack-src/src/H5Dio.c line 813 in H5D__write(): can't write data
    major: Dataset
    minor: Write failed
  #002: /scratch/spack_cpu/job_21700923/spack-stage/spack-stage-hdf5-1.10.7-xexa2gll6hf6okdatgrxiwhcjs2uepc7/spack-src/src/H5Dcontig.c line 659 in H5D__contig_write(): contiguous write failed
    major: Dataset
    minor: Write failed
  #003: /scratch/spack_cpu/job_21700923/spack-stage/spack-stage-hdf5-1.10.7-xexa2gll6hf6okdatgrxiwhcjs2uepc7/spack-src/src/H5Dselect.c line 321 in H5D__select_write(): write error
    major: Dataspace
    minor: Write failed
  #004: /scratch/spack_cpu/job_21700923/spack-stage/spack-stage-hdf5-1.10.7-xexa2gll6hf6okdatgrxiwhcjs2uepc7/spack-src/src/H5Dselect.c line 230 in H5D__select_io(): write error
    major: Dataspace
    minor: Write failed
  #005: /scratch/spack_cpu/job_21700923/spack-stage/spack-stage-hdf5-1.10.7-xexa2gll6hf6okdatgrxiwhcjs2uepc7/spack-src/src/H5Dcontig.c line 1281 in H5D__contig_writevv(): can't perform vectorized sieve buffer write
    major: Dataset
    minor: Can't operate on object
  #006: /scratch/spack_cpu/job_21700923/spack-stage/spack-stage-hdf5-1.10.7-xexa2gll6hf6okdatgrxiwhcjs2uepc7/spack-src/src/H5VM.c line 1464 in H5VM_opvv(): can't perform operation
    major: Internal error (too specific to document in detail)
    minor: Can't operate on object
  #007: /scratch/spack_cpu/job_21700923/spack-stage/spack-stage-hdf5-1.10.7-xexa2gll6hf6okdatgrxiwhcjs2uepc7/spack-src/src/H5Dcontig.c line 1029 in H5D__contig_writevv_sieve_cb(): block write failed
    major: Dataset
    minor: Write failed
  #008: /scratch/spack_cpu/job_21700923/spack-stage/spack-stage-hdf5-1.10.7-xexa2gll6hf6okdatgrxiwhcjs2uepc7/spack-src/src/H5Fio.c line 161 in H5F_block_write(): write through page buffer failed
    major: Low-level I/O
    minor: Write failed
  #009: /scratch/spack_cpu/job_21700923/spack-stage/spack-stage-hdf5-1.10.7-xexa2gll6hf6okdatgrxiwhcjs2uepc7/spack-src/src/H5PB.c line 1032 in H5PB_write(): write through metadata accumulator failed
    major: Page Buffering
    minor: Write failed
  #010: /scratch/spack_cpu/job_21700923/spack-stage/spack-stage-hdf5-1.10.7-xexa2gll6hf6okdatgrxiwhcjs2uepc7/spack-src/src/H5Faccum.c line 824 in H5F__accum_write(): file write failed
    major: Low-level I/O
    minor: Write failed
  #011: /scratch/spack_cpu/job_21700923/spack-stage/spack-stage-hdf5-1.10.7-xexa2gll6hf6okdatgrxiwhcjs2uepc7/spack-src/src/H5FDint.c line 249 in H5FD_write(): driver write request failed
    major: Virtual File Layer
    minor: Write failed
  #012: /scratch/spack_cpu/job_21700923/spack-stage/spack-stage-hdf5-1.10.7-xexa2gll6hf6okdatgrxiwhcjs2uepc7/spack-src/src/H5FDsec2.c line 856 in H5FD__sec2_write(): file write failed: time = Wed Nov 19 08:28:53 2025
, filename = 'checkpoint.h5', file descriptor = 5, errno = 14, error message = 'Bad address', buf = 0x1555537c4000, total write size = 15969552, bytes this sub-write = 15969552, bytes actually written = 18446744073709551615, offset = 0
    major: Low-level I/O
    minor: Write failed
HDF5-DIAG: Error detected in HDF5 (1.10.7) thread 0:
  #000: /scratch/spack_cpu/job_21700923/spack-stage/spack-stage-hdf5-1.10.7-xexa2gll6hf6okdatgrxiwhcjs2uepc7/spack-src/src/H5Dio.c line 335 in H5Dwrite(): can't write data
    major: Dataset
    minor: Write failed
  #001: /scratch/spack_cpu/job_21700923/spack-stage/spack-stage-hdf5-1.10.7-xexa2gll6hf6okdatgrxiwhcjs2uepc7/spack-src/src/H5Dio.c line 813 in H5D__write(): can't write data
    major: Dataset
    minor: Write failed
  #002: /scratch/spack_cpu/job_21700923/spack-stage/spack-stage-hdf5-1.10.7-xexa2gll6hf6okdatgrxiwhcjs2uepc7/spack-src/src/H5Dcontig.c line 659 in H5D__contig_write(): contiguous write failed
    major: Dataset
    minor: Write failed
  #003: /scratch/spack_cpu/job_21700923/spack-stage/spack-stage-hdf5-1.10.7-xexa2gll6hf6okdatgrxiwhcjs2uepc7/spack-src/src/H5Dselect.c line 321 in H5D__select_write(): write error
    major: Dataspace
    minor: Write failed
  #004: /scratch/spack_cpu/job_21700923/spack-stage/spack-stage-hdf5-1.10.7-xexa2gll6hf6okdatgrxiwhcjs2uepc7/spack-src/src/H5Dselect.c line 230 in H5D__select_io(): write error
    major: Dataspace
    minor: Write failed
  #005: /scratch/spack_cpu/job_21700923/spack-stage/spack-stage-hdf5-1.10.7-xexa2gll6hf6okdatgrxiwhcjs2uepc7/spack-src/src/H5Dcontig.c line 1281 in H5D__contig_writevv(): can't perform vectorized sieve buffer write
    major: Dataset
    minor: Can't operate on object
  #006: /scratch/spack_cpu/job_21700923/spack-stage/spack-stage-hdf5-1.10.7-xexa2gll6hf6okdatgrxiwhcjs2uepc7/spack-src/src/H5VM.c line 1464 in H5VM_opvv(): can't perform operation
    major: Internal error (too specific to document in detail)
    minor: Can't operate on object
  #007: /scratch/spack_cpu/job_21700923/spack-stage/spack-stage-hdf5-1.10.7-xexa2gll6hf6okdatgrxiwhcjs2uepc7/spack-src/src/H5Dcontig.c line 1029 in H5D__contig_writevv_sieve_cb(): block write failed
    major: Dataset
    minor: Write failed
  #008: /scratch/spack_cpu/job_21700923/spack-stage/spack-stage-hdf5-1.10.7-xexa2gll6hf6okdatgrxiwhcjs2uepc7/spack-src/src/H5Fio.c line 161 in H5F_block_write(): write through page buffer failed
    major: Low-level I/O
    minor: Write failed
  #009: /scratch/spack_cpu/job_21700923/spack-stage/spack-stage-hdf5-1.10.7-xexa2gll6hf6okdatgrxiwhcjs2uepc7/spack-src/src/H5PB.c line 1032 in H5PB_write(): write through metadata accumulator failed
    major: Page Buffering
    minor: Write failed
  #010: /scratch/spack_cpu/job_21700923/spack-stage/spack-stage-hdf5-1.10.7-xexa2gll6hf6okdatgrxiwhcjs2uepc7/spack-src/src/H5Faccum.c line 824 in H5F__accum_write(): file write failed
    major: Low-level I/O
    minor: Write failed
  #011: /scratch/spack_cpu/job_21700923/spack-stage/spack-stage-hdf5-1.10.7-xexa2gll6hf6okdatgrxiwhcjs2uepc7/spack-src/src/H5FDint.c line 249 in H5FD_write(): driver write request failed
    major: Virtual File Layer
    minor: Write failed
  #012: /scratch/spack_cpu/job_21700923/spack-stage/spack-stage-hdf5-1.10.7-xexa2gll6hf6okdatgrxiwhcjs2uepc7/spack-src/src/H5FDsec2.c line 856 in H5FD__sec2_write(): file write failed: time = Wed Nov 19 08:29:05 2025
, filename = 'checkpoint.h5', file descriptor = 5, errno = 14, error message = 'Bad address', buf = 0x1555537c4000, total write size = 15969552, bytes this sub-write = 15969552, bytes actually written = 18446744073709551615, offset = 0
    major: Low-level I/O
    minor: Write failed
HDF5-DIAG: Error detected in HDF5 (1.10.7) thread 0:
  #000: /scratch/spack_cpu/job_21700923/spack-stage/spack-stage-hdf5-1.10.7-xexa2gll6hf6okdatgrxiwhcjs2uepc7/spack-src/src/H5Dio.c line 335 in H5Dwrite(): can't write data
    major: Dataset
    minor: Write failed
  #001: /scratch/spack_cpu/job_21700923/spack-stage/spack-stage-hdf5-1.10.7-xexa2gll6hf6okdatgrxiwhcjs2uepc7/spack-src/src/H5Dio.c line 813 in H5D__write(): can't write data
    major: Dataset
    minor: Write failed
  #002: /scratch/spack_cpu/job_21700923/spack-stage/spack-stage-hdf5-1.10.7-xexa2gll6hf6okdatgrxiwhcjs2uepc7/spack-src/src/H5Dcontig.c line 659 in H5D__contig_write(): contiguous write failed
    major: Dataset
    minor: Write failed
  #003: /scratch/spack_cpu/job_21700923/spack-stage/spack-stage-hdf5-1.10.7-xexa2gll6hf6okdatgrxiwhcjs2uepc7/spack-src/src/H5Dselect.c line 321 in H5D__select_write(): write error
    major: Dataspace
    minor: Write failed
  #004: /scratch/spack_cpu/job_21700923/spack-stage/spack-stage-hdf5-1.10.7-xexa2gll6hf6okdatgrxiwhcjs2uepc7/spack-src/src/H5Dselect.c line 230 in H5D__select_io(): write error
    major: Dataspace
    minor: Write failed
  #005: /scratch/spack_cpu/job_21700923/spack-stage/spack-stage-hdf5-1.10.7-xexa2gll6hf6okdatgrxiwhcjs2uepc7/spack-src/src/H5Dcontig.c line 1281 in H5D__contig_writevv(): can't perform vectorized sieve buffer write
    major: Dataset
    minor: Can't operate on object
  #006: /scratch/spack_cpu/job_21700923/spack-stage/spack-stage-hdf5-1.10.7-xexa2gll6hf6okdatgrxiwhcjs2uepc7/spack-src/src/H5VM.c line 1464 in H5VM_opvv(): can't perform operation
    major: Internal error (too specific to document in detail)
    minor: Can't operate on object
  #007: /scratch/spack_cpu/job_21700923/spack-stage/spack-stage-hdf5-1.10.7-xexa2gll6hf6okdatgrxiwhcjs2uepc7/spack-src/src/H5Dcontig.c line 1029 in H5D__contig_writevv_sieve_cb(): block write failed
    major: Dataset
    minor: Write failed
  #008: /scratch/spack_cpu/job_21700923/spack-stage/spack-stage-hdf5-1.10.7-xexa2gll6hf6okdatgrxiwhcjs2uepc7/spack-src/src/H5Fio.c line 161 in H5F_block_write(): write through page buffer failed
    major: Low-level I/O
    minor: Write failed
  #009: /scratch/spack_cpu/job_21700923/spack-stage/spack-stage-hdf5-1.10.7-xexa2gll6hf6okdatgrxiwhcjs2uepc7/spack-src/src/H5PB.c line 1032 in H5PB_write(): write through metadata accumulator failed
    major: Page Buffering
    minor: Write failed
  #010: /scratch/spack_cpu/job_21700923/spack-stage/spack-stage-hdf5-1.10.7-xexa2gll6hf6okdatgrxiwhcjs2uepc7/spack-src/src/H5Faccum.c line 824 in H5F__accum_write(): file write failed
    major: Low-level I/O
    minor: Write failed
  #011: /scratch/spack_cpu/job_21700923/spack-stage/spack-stage-hdf5-1.10.7-xexa2gll6hf6okdatgrxiwhcjs2uepc7/spack-src/src/H5FDint.c line 249 in H5FD_write(): driver write request failed
    major: Virtual File Layer
    minor: Write failed
  #012: /scratch/spack_cpu/job_21700923/spack-stage/spack-stage-hdf5-1.10.7-xexa2gll6hf6okdatgrxiwhcjs2uepc7/spack-src/src/H5FDsec2.c line 856 in H5FD__sec2_write(): file write failed: time = Wed Nov 19 08:29:17 2025
, filename = 'checkpoint.h5', file descriptor = 5, errno = 14, error message = 'Bad address', buf = 0x1555537c4000, total write size = 15969552, bytes this sub-write = 15969552, bytes actually written = 18446744073709551615, offset = 0
    major: Low-level I/O
    minor: Write failed
HDF5-DIAG: Error detected in HDF5 (1.10.7) thread 0:
  #000: /scratch/spack_cpu/job_21700923/spack-stage/spack-stage-hdf5-1.10.7-xexa2gll6hf6okdatgrxiwhcjs2uepc7/spack-src/src/H5Dio.c line 335 in H5Dwrite(): can't write data
    major: Dataset
    minor: Write failed
  #001: /scratch/spack_cpu/job_21700923/spack-stage/spack-stage-hdf5-1.10.7-xexa2gll6hf6okdatgrxiwhcjs2uepc7/spack-src/src/H5Dio.c line 813 in H5D__write(): can't write data
    major: Dataset
    minor: Write failed
  #002: /scratch/spack_cpu/job_21700923/spack-stage/spack-stage-hdf5-1.10.7-xexa2gll6hf6okdatgrxiwhcjs2uepc7/spack-src/src/H5Dcontig.c line 659 in H5D__contig_write(): contiguous write failed
    major: Dataset
    minor: Write failed
  #003: /scratch/spack_cpu/job_21700923/spack-stage/spack-stage-hdf5-1.10.7-xexa2gll6hf6okdatgrxiwhcjs2uepc7/spack-src/src/H5Dselect.c line 321 in H5D__select_write(): write error
    major: Dataspace
    minor: Write failed
  #004: /scratch/spack_cpu/job_21700923/spack-stage/spack-stage-hdf5-1.10.7-xexa2gll6hf6okdatgrxiwhcjs2uepc7/spack-src/src/H5Dselect.c line 230 in H5D__select_io(): write error
    major: Dataspace
    minor: Write failed
  #005: /scratch/spack_cpu/job_21700923/spack-stage/spack-stage-hdf5-1.10.7-xexa2gll6hf6okdatgrxiwhcjs2uepc7/spack-src/src/H5Dcontig.c line 1281 in H5D__contig_writevv(): can't perform vectorized sieve buffer write
    major: Dataset
    minor: Can't operate on object
  #006: /scratch/spack_cpu/job_21700923/spack-stage/spack-stage-hdf5-1.10.7-xexa2gll6hf6okdatgrxiwhcjs2uepc7/spack-src/src/H5VM.c line 1464 in H5VM_opvv(): can't perform operation
    major: Internal error (too specific to document in detail)
    minor: Can't operate on object
  #007: /scratch/spack_cpu/job_21700923/spack-stage/spack-stage-hdf5-1.10.7-xexa2gll6hf6okdatgrxiwhcjs2uepc7/spack-src/src/H5Dcontig.c line 1029 in H5D__contig_writevv_sieve_cb(): block write failed
    major: Dataset
    minor: Write failed
  #008: /scratch/spack_cpu/job_21700923/spack-stage/spack-stage-hdf5-1.10.7-xexa2gll6hf6okdatgrxiwhcjs2uepc7/spack-src/src/H5Fio.c line 161 in H5F_block_write(): write through page buffer failed
    major: Low-level I/O
    minor: Write failed
  #009: /scratch/spack_cpu/job_21700923/spack-stage/spack-stage-hdf5-1.10.7-xexa2gll6hf6okdatgrxiwhcjs2uepc7/spack-src/src/H5PB.c line 1032 in H5PB_write(): write through metadata accumulator failed
    major: Page Buffering
    minor: Write failed
  #010: /scratch/spack_cpu/job_21700923/spack-stage/spack-stage-hdf5-1.10.7-xexa2gll6hf6okdatgrxiwhcjs2uepc7/spack-src/src/H5Faccum.c line 824 in H5F__accum_write(): file write failed
    major: Low-level I/O
    minor: Write failed
  #011: /scratch/spack_cpu/job_21700923/spack-stage/spack-stage-hdf5-1.10.7-xexa2gll6hf6okdatgrxiwhcjs2uepc7/spack-src/src/H5FDint.c line 249 in H5FD_write(): driver write request failed
    major: Virtual File Layer
    minor: Write failed
  #012: /scratch/spack_cpu/job_21700923/spack-stage/spack-stage-hdf5-1.10.7-xexa2gll6hf6okdatgrxiwhcjs2uepc7/spack-src/src/H5FDsec2.c line 856 in H5FD__sec2_write(): file write failed: time = Wed Nov 19 08:29:29 2025
, filename = 'checkpoint.h5', file descriptor = 5, errno = 14, error message = 'Bad address', buf = 0x1555537c4000, total write size = 15969552, bytes this sub-write = 15969552, bytes actually written = 18446744073709551615, offset = 0
    major: Low-level I/O
    minor: Write failed
HDF5-DIAG: Error detected in HDF5 (1.10.7) thread 0:
  #000: /scratch/spack_cpu/job_21700923/spack-stage/spack-stage-hdf5-1.10.7-xexa2gll6hf6okdatgrxiwhcjs2uepc7/spack-src/src/H5Dio.c line 335 in H5Dwrite(): can't write data
    major: Dataset
    minor: Write failed
  #001: /scratch/spack_cpu/job_21700923/spack-stage/spack-stage-hdf5-1.10.7-xexa2gll6hf6okdatgrxiwhcjs2uepc7/spack-src/src/H5Dio.c line 813 in H5D__write(): can't write data
    major: Dataset
    minor: Write failed
  #002: /scratch/spack_cpu/job_21700923/spack-stage/spack-stage-hdf5-1.10.7-xexa2gll6hf6okdatgrxiwhcjs2uepc7/spack-src/src/H5Dcontig.c line 659 in H5D__contig_write(): contiguous write failed
    major: Dataset
    minor: Write failed
  #003: /scratch/spack_cpu/job_21700923/spack-stage/spack-stage-hdf5-1.10.7-xexa2gll6hf6okdatgrxiwhcjs2uepc7/spack-src/src/H5Dselect.c line 321 in H5D__select_write(): write error
    major: Dataspace
    minor: Write failed
  #004: /scratch/spack_cpu/job_21700923/spack-stage/spack-stage-hdf5-1.10.7-xexa2gll6hf6okdatgrxiwhcjs2uepc7/spack-src/src/H5Dselect.c line 230 in H5D__select_io(): write error
    major: Dataspace
    minor: Write failed
  #005: /scratch/spack_cpu/job_21700923/spack-stage/spack-stage-hdf5-1.10.7-xexa2gll6hf6okdatgrxiwhcjs2uepc7/spack-src/src/H5Dcontig.c line 1281 in H5D__contig_writevv(): can't perform vectorized sieve buffer write
    major: Dataset
    minor: Can't operate on object
  #006: /scratch/spack_cpu/job_21700923/spack-stage/spack-stage-hdf5-1.10.7-xexa2gll6hf6okdatgrxiwhcjs2uepc7/spack-src/src/H5VM.c line 1464 in H5VM_opvv(): can't perform operation
    major: Internal error (too specific to document in detail)
    minor: Can't operate on object
  #007: /scratch/spack_cpu/job_21700923/spack-stage/spack-stage-hdf5-1.10.7-xexa2gll6hf6okdatgrxiwhcjs2uepc7/spack-src/src/H5Dcontig.c line 1029 in H5D__contig_writevv_sieve_cb(): block write failed
    major: Dataset
    minor: Write failed
  #008: /scratch/spack_cpu/job_21700923/spack-stage/spack-stage-hdf5-1.10.7-xexa2gll6hf6okdatgrxiwhcjs2uepc7/spack-src/src/H5Fio.c line 161 in H5F_block_write(): write through page buffer failed
    major: Low-level I/O
    minor: Write failed
  #009: /scratch/spack_cpu/job_21700923/spack-stage/spack-stage-hdf5-1.10.7-xexa2gll6hf6okdatgrxiwhcjs2uepc7/spack-src/src/H5PB.c line 1032 in H5PB_write(): write through metadata accumulator failed
    major: Page Buffering
    minor: Write failed
  #010: /scratch/spack_cpu/job_21700923/spack-stage/spack-stage-hdf5-1.10.7-xexa2gll6hf6okdatgrxiwhcjs2uepc7/spack-src/src/H5Faccum.c line 824 in H5F__accum_write(): file write failed
    major: Low-level I/O
    minor: Write failed
  #011: /scratch/spack_cpu/job_21700923/spack-stage/spack-stage-hdf5-1.10.7-xexa2gll6hf6okdatgrxiwhcjs2uepc7/spack-src/src/H5FDint.c line 249 in H5FD_write(): driver write request failed
    major: Virtual File Layer
    minor: Write failed
  #012: /scratch/spack_cpu/job_21700923/spack-stage/spack-stage-hdf5-1.10.7-xexa2gll6hf6okdatgrxiwhcjs2uepc7/spack-src/src/H5FDsec2.c line 856 in H5FD__sec2_write(): file write failed: time = Wed Nov 19 08:29:41 2025
, filename = 'checkpoint.h5', file descriptor = 5, errno = 14, error message = 'Bad address', buf = 0x1555537c4000, total write size = 15969552, bytes this sub-write = 15969552, bytes actually written = 18446744073709551615, offset = 0
    major: Low-level I/O
    minor: Write failed
HDF5-DIAG: Error detected in HDF5 (1.10.7) thread 0:
  #000: /scratch/spack_cpu/job_21700923/spack-stage/spack-stage-hdf5-1.10.7-xexa2gll6hf6okdatgrxiwhcjs2uepc7/spack-src/src/H5Dio.c line 335 in H5Dwrite(): can't write data
    major: Dataset
    minor: Write failed
  #001: /scratch/spack_cpu/job_21700923/spack-stage/spack-stage-hdf5-1.10.7-xexa2gll6hf6okdatgrxiwhcjs2uepc7/spack-src/src/H5Dio.c line 813 in H5D__write(): can't write data
    major: Dataset
    minor: Write failed
  #002: /scratch/spack_cpu/job_21700923/spack-stage/spack-stage-hdf5-1.10.7-xexa2gll6hf6okdatgrxiwhcjs2uepc7/spack-src/src/H5Dcontig.c line 659 in H5D__contig_write(): contiguous write failed
    major: Dataset
    minor: Write failed
  #003: /scratch/spack_cpu/job_21700923/spack-stage/spack-stage-hdf5-1.10.7-xexa2gll6hf6okdatgrxiwhcjs2uepc7/spack-src/src/H5Dselect.c line 321 in H5D__select_write(): write error
    major: Dataspace
    minor: Write failed
  #004: /scratch/spack_cpu/job_21700923/spack-stage/spack-stage-hdf5-1.10.7-xexa2gll6hf6okdatgrxiwhcjs2uepc7/spack-src/src/H5Dselect.c line 230 in H5D__select_io(): write error
    major: Dataspace
    minor: Write failed
  #005: /scratch/spack_cpu/job_21700923/spack-stage/spack-stage-hdf5-1.10.7-xexa2gll6hf6okdatgrxiwhcjs2uepc7/spack-src/src/H5Dcontig.c line 1281 in H5D__contig_writevv(): can't perform vectorized sieve buffer write
    major: Dataset
    minor: Can't operate on object
  #006: /scratch/spack_cpu/job_21700923/spack-stage/spack-stage-hdf5-1.10.7-xexa2gll6hf6okdatgrxiwhcjs2uepc7/spack-src/src/H5VM.c line 1464 in H5VM_opvv(): can't perform operation
    major: Internal error (too specific to document in detail)
    minor: Can't operate on object
  #007: /scratch/spack_cpu/job_21700923/spack-stage/spack-stage-hdf5-1.10.7-xexa2gll6hf6okdatgrxiwhcjs2uepc7/spack-src/src/H5Dcontig.c line 1029 in H5D__contig_writevv_sieve_cb(): block write failed
    major: Dataset
    minor: Write failed
  #008: /scratch/spack_cpu/job_21700923/spack-stage/spack-stage-hdf5-1.10.7-xexa2gll6hf6okdatgrxiwhcjs2uepc7/spack-src/src/H5Fio.c line 161 in H5F_block_write(): write through page buffer failed
    major: Low-level I/O
    minor: Write failed
  #009: /scratch/spack_cpu/job_21700923/spack-stage/spack-stage-hdf5-1.10.7-xexa2gll6hf6okdatgrxiwhcjs2uepc7/spack-src/src/H5PB.c line 1032 in H5PB_write(): write through metadata accumulator failed
    major: Page Buffering
    minor: Write failed
  #010: /scratch/spack_cpu/job_21700923/spack-stage/spack-stage-hdf5-1.10.7-xexa2gll6hf6okdatgrxiwhcjs2uepc7/spack-src/src/H5Faccum.c line 824 in H5F__accum_write(): file write failed
    major: Low-level I/O
    minor: Write failed
  #011: /scratch/spack_cpu/job_21700923/spack-stage/spack-stage-hdf5-1.10.7-xexa2gll6hf6okdatgrxiwhcjs2uepc7/spack-src/src/H5FDint.c line 249 in H5FD_write(): driver write request failed
    major: Virtual File Layer
    minor: Write failed
  #012: /scratch/spack_cpu/job_21700923/spack-stage/spack-stage-hdf5-1.10.7-xexa2gll6hf6okdatgrxiwhcjs2uepc7/spack-src/src/H5FDsec2.c line 856 in H5FD__sec2_write(): file write failed: time = Wed Nov 19 08:29:52 2025
, filename = 'checkpoint.h5', file descriptor = 5, errno = 14, error message = 'Bad address', buf = 0x1555537c4000, total write size = 15969552, bytes this sub-write = 15969552, bytes actually written = 18446744073709551615, offset = 0
    major: Low-level I/O
    minor: Write failed
HDF5-DIAG: Error detected in HDF5 (1.10.7) thread 0:
  #000: /scratch/spack_cpu/job_21700923/spack-stage/spack-stage-hdf5-1.10.7-xexa2gll6hf6okdatgrxiwhcjs2uepc7/spack-src/src/H5Dio.c line 335 in H5Dwrite(): can't write data
    major: Dataset
    minor: Write failed
  #001: /scratch/spack_cpu/job_21700923/spack-stage/spack-stage-hdf5-1.10.7-xexa2gll6hf6okdatgrxiwhcjs2uepc7/spack-src/src/H5Dio.c line 813 in H5D__write(): can't write data
    major: Dataset
    minor: Write failed
  #002: /scratch/spack_cpu/job_21700923/spack-stage/spack-stage-hdf5-1.10.7-xexa2gll6hf6okdatgrxiwhcjs2uepc7/spack-src/src/H5Dcontig.c line 659 in H5D__contig_write(): contiguous write failed
    major: Dataset
    minor: Write failed
  #003: /scratch/spack_cpu/job_21700923/spack-stage/spack-stage-hdf5-1.10.7-xexa2gll6hf6okdatgrxiwhcjs2uepc7/spack-src/src/H5Dselect.c line 321 in H5D__select_write(): write error
    major: Dataspace
    minor: Write failed
  #004: /scratch/spack_cpu/job_21700923/spack-stage/spack-stage-hdf5-1.10.7-xexa2gll6hf6okdatgrxiwhcjs2uepc7/spack-src/src/H5Dselect.c line 230 in H5D__select_io(): write error
    major: Dataspace
    minor: Write failed
  #005: /scratch/spack_cpu/job_21700923/spack-stage/spack-stage-hdf5-1.10.7-xexa2gll6hf6okdatgrxiwhcjs2uepc7/spack-src/src/H5Dcontig.c line 1281 in H5D__contig_writevv(): can't perform vectorized sieve buffer write
    major: Dataset
    minor: Can't operate on object
  #006: /scratch/spack_cpu/job_21700923/spack-stage/spack-stage-hdf5-1.10.7-xexa2gll6hf6okdatgrxiwhcjs2uepc7/spack-src/src/H5VM.c line 1464 in H5VM_opvv(): can't perform operation
    major: Internal error (too specific to document in detail)
    minor: Can't operate on object
  #007: /scratch/spack_cpu/job_21700923/spack-stage/spack-stage-hdf5-1.10.7-xexa2gll6hf6okdatgrxiwhcjs2uepc7/spack-src/src/H5Dcontig.c line 1029 in H5D__contig_writevv_sieve_cb(): block write failed
    major: Dataset
    minor: Write failed
  #008: /scratch/spack_cpu/job_21700923/spack-stage/spack-stage-hdf5-1.10.7-xexa2gll6hf6okdatgrxiwhcjs2uepc7/spack-src/src/H5Fio.c line 161 in H5F_block_write(): write through page buffer failed
    major: Low-level I/O
    minor: Write failed
  #009: /scratch/spack_cpu/job_21700923/spack-stage/spack-stage-hdf5-1.10.7-xexa2gll6hf6okdatgrxiwhcjs2uepc7/spack-src/src/H5PB.c line 1032 in H5PB_write(): write through metadata accumulator failed
    major: Page Buffering
    minor: Write failed
  #010: /scratch/spack_cpu/job_21700923/spack-stage/spack-stage-hdf5-1.10.7-xexa2gll6hf6okdatgrxiwhcjs2uepc7/spack-src/src/H5Faccum.c line 824 in H5F__accum_write(): file write failed
    major: Low-level I/O
    minor: Write failed
  #011: /scratch/spack_cpu/job_21700923/spack-stage/spack-stage-hdf5-1.10.7-xexa2gll6hf6okdatgrxiwhcjs2uepc7/spack-src/src/H5FDint.c line 249 in H5FD_write(): driver write request failed
    major: Virtual File Layer
    minor: Write failed
  #012: /scratch/spack_cpu/job_21700923/spack-stage/spack-stage-hdf5-1.10.7-xexa2gll6hf6okdatgrxiwhcjs2uepc7/spack-src/src/H5FDsec2.c line 856 in H5FD__sec2_write(): file write failed: time = Wed Nov 19 08:30:19 2025
, filename = 'checkpoint.h5', file descriptor = 5, errno = 14, error message = 'Bad address', buf = 0x1555537c4000, total write size = 15969552, bytes this sub-write = 15969552, bytes actually written = 18446744073709551615, offset = 0
    major: Low-level I/O
    minor: Write failed
HDF5-DIAG: Error detected in HDF5 (1.10.7) thread 0:
  #000: /scratch/spack_cpu/job_21700923/spack-stage/spack-stage-hdf5-1.10.7-xexa2gll6hf6okdatgrxiwhcjs2uepc7/spack-src/src/H5Dio.c line 335 in H5Dwrite(): can't write data
    major: Dataset
    minor: Write failed
  #001: /scratch/spack_cpu/job_21700923/spack-stage/spack-stage-hdf5-1.10.7-xexa2gll6hf6okdatgrxiwhcjs2uepc7/spack-src/src/H5Dio.c line 813 in H5D__write(): can't write data
    major: Dataset
    minor: Write failed
  #002: /scratch/spack_cpu/job_21700923/spack-stage/spack-stage-hdf5-1.10.7-xexa2gll6hf6okdatgrxiwhcjs2uepc7/spack-src/src/H5Dcontig.c line 659 in H5D__contig_write(): contiguous write failed
    major: Dataset
    minor: Write failed
  #003: /scratch/spack_cpu/job_21700923/spack-stage/spack-stage-hdf5-1.10.7-xexa2gll6hf6okdatgrxiwhcjs2uepc7/spack-src/src/H5Dselect.c line 321 in H5D__select_write(): write error
    major: Dataspace
    minor: Write failed
  #004: /scratch/spack_cpu/job_21700923/spack-stage/spack-stage-hdf5-1.10.7-xexa2gll6hf6okdatgrxiwhcjs2uepc7/spack-src/src/H5Dselect.c line 230 in H5D__select_io(): write error
    major: Dataspace
    minor: Write failed
  #005: /scratch/spack_cpu/job_21700923/spack-stage/spack-stage-hdf5-1.10.7-xexa2gll6hf6okdatgrxiwhcjs2uepc7/spack-src/src/H5Dcontig.c line 1281 in H5D__contig_writevv(): can't perform vectorized sieve buffer write
    major: Dataset
    minor: Can't operate on object
  #006: /scratch/spack_cpu/job_21700923/spack-stage/spack-stage-hdf5-1.10.7-xexa2gll6hf6okdatgrxiwhcjs2uepc7/spack-src/src/H5VM.c line 1464 in H5VM_opvv(): can't perform operation
    major: Internal error (too specific to document in detail)
    minor: Can't operate on object
  #007: /scratch/spack_cpu/job_21700923/spack-stage/spack-stage-hdf5-1.10.7-xexa2gll6hf6okdatgrxiwhcjs2uepc7/spack-src/src/H5Dcontig.c line 1029 in H5D__contig_writevv_sieve_cb(): block write failed
    major: Dataset
    minor: Write failed
  #008: /scratch/spack_cpu/job_21700923/spack-stage/spack-stage-hdf5-1.10.7-xexa2gll6hf6okdatgrxiwhcjs2uepc7/spack-src/src/H5Fio.c line 161 in H5F_block_write(): write through page buffer failed
    major: Low-level I/O
    minor: Write failed
  #009: /scratch/spack_cpu/job_21700923/spack-stage/spack-stage-hdf5-1.10.7-xexa2gll6hf6okdatgrxiwhcjs2uepc7/spack-src/src/H5PB.c line 1032 in H5PB_write(): write through metadata accumulator failed
    major: Page Buffering
    minor: Write failed
  #010: /scratch/spack_cpu/job_21700923/spack-stage/spack-stage-hdf5-1.10.7-xexa2gll6hf6okdatgrxiwhcjs2uepc7/spack-src/src/H5Faccum.c line 824 in H5F__accum_write(): file write failed
    major: Low-level I/O
    minor: Write failed
  #011: /scratch/spack_cpu/job_21700923/spack-stage/spack-stage-hdf5-1.10.7-xexa2gll6hf6okdatgrxiwhcjs2uepc7/spack-src/src/H5FDint.c line 249 in H5FD_write(): driver write request failed
    major: Virtual File Layer
    minor: Write failed
  #012: /scratch/spack_cpu/job_21700923/spack-stage/spack-stage-hdf5-1.10.7-xexa2gll6hf6okdatgrxiwhcjs2uepc7/spack-src/src/H5FDsec2.c line 856 in H5FD__sec2_write(): file write failed: time = Wed Nov 19 08:30:42 2025
, filename = 'checkpoint.h5', file descriptor = 5, errno = 14, error message = 'Bad address', buf = 0x1555537c4000, total write size = 15969552, bytes this sub-write = 15969552, bytes actually written = 18446744073709551615, offset = 0
    major: Low-level I/O
    minor: Write failed
HDF5-DIAG: Error detected in HDF5 (1.10.7) thread 0:
  #000: /scratch/spack_cpu/job_21700923/spack-stage/spack-stage-hdf5-1.10.7-xexa2gll6hf6okdatgrxiwhcjs2uepc7/spack-src/src/H5Dio.c line 335 in H5Dwrite(): can't write data
    major: Dataset
    minor: Write failed
  #001: /scratch/spack_cpu/job_21700923/spack-stage/spack-stage-hdf5-1.10.7-xexa2gll6hf6okdatgrxiwhcjs2uepc7/spack-src/src/H5Dio.c line 813 in H5D__write(): can't write data
    major: Dataset
    minor: Write failed
  #002: /scratch/spack_cpu/job_21700923/spack-stage/spack-stage-hdf5-1.10.7-xexa2gll6hf6okdatgrxiwhcjs2uepc7/spack-src/src/H5Dcontig.c line 659 in H5D__contig_write(): contiguous write failed
    major: Dataset
    minor: Write failed
  #003: /scratch/spack_cpu/job_21700923/spack-stage/spack-stage-hdf5-1.10.7-xexa2gll6hf6okdatgrxiwhcjs2uepc7/spack-src/src/H5Dselect.c line 321 in H5D__select_write(): write error
    major: Dataspace
    minor: Write failed
  #004: /scratch/spack_cpu/job_21700923/spack-stage/spack-stage-hdf5-1.10.7-xexa2gll6hf6okdatgrxiwhcjs2uepc7/spack-src/src/H5Dselect.c line 230 in H5D__select_io(): write error
    major: Dataspace
    minor: Write failed
  #005: /scratch/spack_cpu/job_21700923/spack-stage/spack-stage-hdf5-1.10.7-xexa2gll6hf6okdatgrxiwhcjs2uepc7/spack-src/src/H5Dcontig.c line 1281 in H5D__contig_writevv(): can't perform vectorized sieve buffer write
    major: Dataset
    minor: Can't operate on object
  #006: /scratch/spack_cpu/job_21700923/spack-stage/spack-stage-hdf5-1.10.7-xexa2gll6hf6okdatgrxiwhcjs2uepc7/spack-src/src/H5VM.c line 1464 in H5VM_opvv(): can't perform operation
    major: Internal error (too specific to document in detail)
    minor: Can't operate on object
  #007: /scratch/spack_cpu/job_21700923/spack-stage/spack-stage-hdf5-1.10.7-xexa2gll6hf6okdatgrxiwhcjs2uepc7/spack-src/src/H5Dcontig.c line 1029 in H5D__contig_writevv_sieve_cb(): block write failed
    major: Dataset
    minor: Write failed
  #008: /scratch/spack_cpu/job_21700923/spack-stage/spack-stage-hdf5-1.10.7-xexa2gll6hf6okdatgrxiwhcjs2uepc7/spack-src/src/H5Fio.c line 161 in H5F_block_write(): write through page buffer failed
    major: Low-level I/O
    minor: Write failed
  #009: /scratch/spack_cpu/job_21700923/spack-stage/spack-stage-hdf5-1.10.7-xexa2gll6hf6okdatgrxiwhcjs2uepc7/spack-src/src/H5PB.c line 1032 in H5PB_write(): write through metadata accumulator failed
    major: Page Buffering
    minor: Write failed
  #010: /scratch/spack_cpu/job_21700923/spack-stage/spack-stage-hdf5-1.10.7-xexa2gll6hf6okdatgrxiwhcjs2uepc7/spack-src/src/H5Faccum.c line 824 in H5F__accum_write(): file write failed
    major: Low-level I/O
    minor: Write failed
  #011: /scratch/spack_cpu/job_21700923/spack-stage/spack-stage-hdf5-1.10.7-xexa2gll6hf6okdatgrxiwhcjs2uepc7/spack-src/src/H5FDint.c line 249 in H5FD_write(): driver write request failed
    major: Virtual File Layer
    minor: Write failed
  #012: /scratch/spack_cpu/job_21700923/spack-stage/spack-stage-hdf5-1.10.7-xexa2gll6hf6okdatgrxiwhcjs2uepc7/spack-src/src/H5FDsec2.c line 856 in H5FD__sec2_write(): file write failed: time = Wed Nov 19 08:30:54 2025
, filename = 'checkpoint.h5', file descriptor = 5, errno = 14, error message = 'Bad address', buf = 0x1555537c4000, total write size = 15969552, bytes this sub-write = 15969552, bytes actually written = 18446744073709551615, offset = 0
    major: Low-level I/O
    minor: Write failed
HDF5-DIAG: Error detected in HDF5 (1.10.7) thread 0:
  #000: /scratch/spack_cpu/job_21700923/spack-stage/spack-stage-hdf5-1.10.7-xexa2gll6hf6okdatgrxiwhcjs2uepc7/spack-src/src/H5Dio.c line 335 in H5Dwrite(): can't write data
    major: Dataset
    minor: Write failed
  #001: /scratch/spack_cpu/job_21700923/spack-stage/spack-stage-hdf5-1.10.7-xexa2gll6hf6okdatgrxiwhcjs2uepc7/spack-src/src/H5Dio.c line 813 in H5D__write(): can't write data
    major: Dataset
    minor: Write failed
  #002: /scratch/spack_cpu/job_21700923/spack-stage/spack-stage-hdf5-1.10.7-xexa2gll6hf6okdatgrxiwhcjs2uepc7/spack-src/src/H5Dcontig.c line 659 in H5D__contig_write(): contiguous write failed
    major: Dataset
    minor: Write failed
  #003: /scratch/spack_cpu/job_21700923/spack-stage/spack-stage-hdf5-1.10.7-xexa2gll6hf6okdatgrxiwhcjs2uepc7/spack-src/src/H5Dselect.c line 321 in H5D__select_write(): write error
    major: Dataspace
    minor: Write failed
  #004: /scratch/spack_cpu/job_21700923/spack-stage/spack-stage-hdf5-1.10.7-xexa2gll6hf6okdatgrxiwhcjs2uepc7/spack-src/src/H5Dselect.c line 230 in H5D__select_io(): write error
    major: Dataspace
    minor: Write failed
  #005: /scratch/spack_cpu/job_21700923/spack-stage/spack-stage-hdf5-1.10.7-xexa2gll6hf6okdatgrxiwhcjs2uepc7/spack-src/src/H5Dcontig.c line 1281 in H5D__contig_writevv(): can't perform vectorized sieve buffer write
    major: Dataset
    minor: Can't operate on object
  #006: /scratch/spack_cpu/job_21700923/spack-stage/spack-stage-hdf5-1.10.7-xexa2gll6hf6okdatgrxiwhcjs2uepc7/spack-src/src/H5VM.c line 1464 in H5VM_opvv(): can't perform operation
    major: Internal error (too specific to document in detail)
    minor: Can't operate on object
  #007: /scratch/spack_cpu/job_21700923/spack-stage/spack-stage-hdf5-1.10.7-xexa2gll6hf6okdatgrxiwhcjs2uepc7/spack-src/src/H5Dcontig.c line 1029 in H5D__contig_writevv_sieve_cb(): block write failed
    major: Dataset
    minor: Write failed
  #008: /scratch/spack_cpu/job_21700923/spack-stage/spack-stage-hdf5-1.10.7-xexa2gll6hf6okdatgrxiwhcjs2uepc7/spack-src/src/H5Fio.c line 161 in H5F_block_write(): write through page buffer failed
    major: Low-level I/O
    minor: Write failed
  #009: /scratch/spack_cpu/job_21700923/spack-stage/spack-stage-hdf5-1.10.7-xexa2gll6hf6okdatgrxiwhcjs2uepc7/spack-src/src/H5PB.c line 1032 in H5PB_write(): write through metadata accumulator failed
    major: Page Buffering
    minor: Write failed
  #010: /scratch/spack_cpu/job_21700923/spack-stage/spack-stage-hdf5-1.10.7-xexa2gll6hf6okdatgrxiwhcjs2uepc7/spack-src/src/H5Faccum.c line 824 in H5F__accum_write(): file write failed
    major: Low-level I/O
    minor: Write failed
  #011: /scratch/spack_cpu/job_21700923/spack-stage/spack-stage-hdf5-1.10.7-xexa2gll6hf6okdatgrxiwhcjs2uepc7/spack-src/src/H5FDint.c line 249 in H5FD_write(): driver write request failed
    major: Virtual File Layer
    minor: Write failed
  #012: /scratch/spack_cpu/job_21700923/spack-stage/spack-stage-hdf5-1.10.7-xexa2gll6hf6okdatgrxiwhcjs2uepc7/spack-src/src/H5FDsec2.c line 856 in H5FD__sec2_write(): file write failed: time = Wed Nov 19 08:31:06 2025
, filename = 'checkpoint.h5', file descriptor = 5, errno = 14, error message = 'Bad address', buf = 0x1555537c4000, total write size = 15969552, bytes this sub-write = 15969552, bytes actually written = 18446744073709551615, offset = 0
    major: Low-level I/O
    minor: Write failed
HDF5-DIAG: Error detected in HDF5 (1.10.7) thread 0:
  #000: /scratch/spack_cpu/job_21700923/spack-stage/spack-stage-hdf5-1.10.7-xexa2gll6hf6okdatgrxiwhcjs2uepc7/spack-src/src/H5Dio.c line 335 in H5Dwrite(): can't write data
    major: Dataset
    minor: Write failed
  #001: /scratch/spack_cpu/job_21700923/spack-stage/spack-stage-hdf5-1.10.7-xexa2gll6hf6okdatgrxiwhcjs2uepc7/spack-src/src/H5Dio.c line 813 in H5D__write(): can't write data
    major: Dataset
    minor: Write failed
  #002: /scratch/spack_cpu/job_21700923/spack-stage/spack-stage-hdf5-1.10.7-xexa2gll6hf6okdatgrxiwhcjs2uepc7/spack-src/src/H5Dcontig.c line 659 in H5D__contig_write(): contiguous write failed
    major: Dataset
    minor: Write failed
  #003: /scratch/spack_cpu/job_21700923/spack-stage/spack-stage-hdf5-1.10.7-xexa2gll6hf6okdatgrxiwhcjs2uepc7/spack-src/src/H5Dselect.c line 321 in H5D__select_write(): write error
    major: Dataspace
    minor: Write failed
  #004: /scratch/spack_cpu/job_21700923/spack-stage/spack-stage-hdf5-1.10.7-xexa2gll6hf6okdatgrxiwhcjs2uepc7/spack-src/src/H5Dselect.c line 230 in H5D__select_io(): write error
    major: Dataspace
    minor: Write failed
  #005: /scratch/spack_cpu/job_21700923/spack-stage/spack-stage-hdf5-1.10.7-xexa2gll6hf6okdatgrxiwhcjs2uepc7/spack-src/src/H5Dcontig.c line 1281 in H5D__contig_writevv(): can't perform vectorized sieve buffer write
    major: Dataset
    minor: Can't operate on object
  #006: /scratch/spack_cpu/job_21700923/spack-stage/spack-stage-hdf5-1.10.7-xexa2gll6hf6okdatgrxiwhcjs2uepc7/spack-src/src/H5VM.c line 1464 in H5VM_opvv(): can't perform operation
    major: Internal error (too specific to document in detail)
    minor: Can't operate on object
  #007: /scratch/spack_cpu/job_21700923/spack-stage/spack-stage-hdf5-1.10.7-xexa2gll6hf6okdatgrxiwhcjs2uepc7/spack-src/src/H5Dcontig.c line 1029 in H5D__contig_writevv_sieve_cb(): block write failed
    major: Dataset
    minor: Write failed
  #008: /scratch/spack_cpu/job_21700923/spack-stage/spack-stage-hdf5-1.10.7-xexa2gll6hf6okdatgrxiwhcjs2uepc7/spack-src/src/H5Fio.c line 161 in H5F_block_write(): write through page buffer failed
    major: Low-level I/O
    minor: Write failed
  #009: /scratch/spack_cpu/job_21700923/spack-stage/spack-stage-hdf5-1.10.7-xexa2gll6hf6okdatgrxiwhcjs2uepc7/spack-src/src/H5PB.c line 1032 in H5PB_write(): write through metadata accumulator failed
    major: Page Buffering
    minor: Write failed
  #010: /scratch/spack_cpu/job_21700923/spack-stage/spack-stage-hdf5-1.10.7-xexa2gll6hf6okdatgrxiwhcjs2uepc7/spack-src/src/H5Faccum.c line 824 in H5F__accum_write(): file write failed
    major: Low-level I/O
    minor: Write failed
  #011: /scratch/spack_cpu/job_21700923/spack-stage/spack-stage-hdf5-1.10.7-xexa2gll6hf6okdatgrxiwhcjs2uepc7/spack-src/src/H5FDint.c line 249 in H5FD_write(): driver write request failed
    major: Virtual File Layer
    minor: Write failed
  #012: /scratch/spack_cpu/job_21700923/spack-stage/spack-stage-hdf5-1.10.7-xexa2gll6hf6okdatgrxiwhcjs2uepc7/spack-src/src/H5FDsec2.c line 856 in H5FD__sec2_write(): file write failed: time = Wed Nov 19 08:31:18 2025
, filename = 'checkpoint.h5', file descriptor = 5, errno = 14, error message = 'Bad address', buf = 0x1555537c4000, total write size = 15969552, bytes this sub-write = 15969552, bytes actually written = 18446744073709551615, offset = 0
    major: Low-level I/O
    minor: Write failed
HDF5-DIAG: Error detected in HDF5 (1.10.7) thread 0:
  #000: /scratch/spack_cpu/job_21700923/spack-stage/spack-stage-hdf5-1.10.7-xexa2gll6hf6okdatgrxiwhcjs2uepc7/spack-src/src/H5Dio.c line 335 in H5Dwrite(): can't write data
    major: Dataset
    minor: Write failed
  #001: /scratch/spack_cpu/job_21700923/spack-stage/spack-stage-hdf5-1.10.7-xexa2gll6hf6okdatgrxiwhcjs2uepc7/spack-src/src/H5Dio.c line 813 in H5D__write(): can't write data
    major: Dataset
    minor: Write failed
  #002: /scratch/spack_cpu/job_21700923/spack-stage/spack-stage-hdf5-1.10.7-xexa2gll6hf6okdatgrxiwhcjs2uepc7/spack-src/src/H5Dcontig.c line 659 in H5D__contig_write(): contiguous write failed
    major: Dataset
    minor: Write failed
  #003: /scratch/spack_cpu/job_21700923/spack-stage/spack-stage-hdf5-1.10.7-xexa2gll6hf6okdatgrxiwhcjs2uepc7/spack-src/src/H5Dselect.c line 321 in H5D__select_write(): write error
    major: Dataspace
    minor: Write failed
  #004: /scratch/spack_cpu/job_21700923/spack-stage/spack-stage-hdf5-1.10.7-xexa2gll6hf6okdatgrxiwhcjs2uepc7/spack-src/src/H5Dselect.c line 230 in H5D__select_io(): write error
    major: Dataspace
    minor: Write failed
  #005: /scratch/spack_cpu/job_21700923/spack-stage/spack-stage-hdf5-1.10.7-xexa2gll6hf6okdatgrxiwhcjs2uepc7/spack-src/src/H5Dcontig.c line 1281 in H5D__contig_writevv(): can't perform vectorized sieve buffer write
    major: Dataset
    minor: Can't operate on object
  #006: /scratch/spack_cpu/job_21700923/spack-stage/spack-stage-hdf5-1.10.7-xexa2gll6hf6okdatgrxiwhcjs2uepc7/spack-src/src/H5VM.c line 1464 in H5VM_opvv(): can't perform operation
    major: Internal error (too specific to document in detail)
    minor: Can't operate on object
  #007: /scratch/spack_cpu/job_21700923/spack-stage/spack-stage-hdf5-1.10.7-xexa2gll6hf6okdatgrxiwhcjs2uepc7/spack-src/src/H5Dcontig.c line 1029 in H5D__contig_writevv_sieve_cb(): block write failed
    major: Dataset
    minor: Write failed
  #008: /scratch/spack_cpu/job_21700923/spack-stage/spack-stage-hdf5-1.10.7-xexa2gll6hf6okdatgrxiwhcjs2uepc7/spack-src/src/H5Fio.c line 161 in H5F_block_write(): write through page buffer failed
    major: Low-level I/O
    minor: Write failed
  #009: /scratch/spack_cpu/job_21700923/spack-stage/spack-stage-hdf5-1.10.7-xexa2gll6hf6okdatgrxiwhcjs2uepc7/spack-src/src/H5PB.c line 1032 in H5PB_write(): write through metadata accumulator failed
    major: Page Buffering
    minor: Write failed
  #010: /scratch/spack_cpu/job_21700923/spack-stage/spack-stage-hdf5-1.10.7-xexa2gll6hf6okdatgrxiwhcjs2uepc7/spack-src/src/H5Faccum.c line 824 in H5F__accum_write(): file write failed
    major: Low-level I/O
    minor: Write failed
  #011: /scratch/spack_cpu/job_21700923/spack-stage/spack-stage-hdf5-1.10.7-xexa2gll6hf6okdatgrxiwhcjs2uepc7/spack-src/src/H5FDint.c line 249 in H5FD_write(): driver write request failed
    major: Virtual File Layer
    minor: Write failed
  #012: /scratch/spack_cpu/job_21700923/spack-stage/spack-stage-hdf5-1.10.7-xexa2gll6hf6okdatgrxiwhcjs2uepc7/spack-src/src/H5FDsec2.c line 856 in H5FD__sec2_write(): file write failed: time = Wed Nov 19 08:31:30 2025
, filename = 'checkpoint.h5', file descriptor = 5, errno = 14, error message = 'Bad address', buf = 0x1555537c4000, total write size = 15969552, bytes this sub-write = 15969552, bytes actually written = 18446744073709551615, offset = 0
    major: Low-level I/O
    minor: Write failed
HDF5-DIAG: Error detected in HDF5 (1.10.7) thread 0:
  #000: /scratch/spack_cpu/job_21700923/spack-stage/spack-stage-hdf5-1.10.7-xexa2gll6hf6okdatgrxiwhcjs2uepc7/spack-src/src/H5Dio.c line 335 in H5Dwrite(): can't write data
    major: Dataset
    minor: Write failed
  #001: /scratch/spack_cpu/job_21700923/spack-stage/spack-stage-hdf5-1.10.7-xexa2gll6hf6okdatgrxiwhcjs2uepc7/spack-src/src/H5Dio.c line 813 in H5D__write(): can't write data
    major: Dataset
    minor: Write failed
  #002: /scratch/spack_cpu/job_21700923/spack-stage/spack-stage-hdf5-1.10.7-xexa2gll6hf6okdatgrxiwhcjs2uepc7/spack-src/src/H5Dcontig.c line 659 in H5D__contig_write(): contiguous write failed
    major: Dataset
    minor: Write failed
  #003: /scratch/spack_cpu/job_21700923/spack-stage/spack-stage-hdf5-1.10.7-xexa2gll6hf6okdatgrxiwhcjs2uepc7/spack-src/src/H5Dselect.c line 321 in H5D__select_write(): write error
    major: Dataspace
    minor: Write failed
  #004: /scratch/spack_cpu/job_21700923/spack-stage/spack-stage-hdf5-1.10.7-xexa2gll6hf6okdatgrxiwhcjs2uepc7/spack-src/src/H5Dselect.c line 230 in H5D__select_io(): write error
    major: Dataspace
    minor: Write failed
  #005: /scratch/spack_cpu/job_21700923/spack-stage/spack-stage-hdf5-1.10.7-xexa2gll6hf6okdatgrxiwhcjs2uepc7/spack-src/src/H5Dcontig.c line 1281 in H5D__contig_writevv(): can't perform vectorized sieve buffer write
    major: Dataset
    minor: Can't operate on object
  #006: /scratch/spack_cpu/job_21700923/spack-stage/spack-stage-hdf5-1.10.7-xexa2gll6hf6okdatgrxiwhcjs2uepc7/spack-src/src/H5VM.c line 1464 in H5VM_opvv(): can't perform operation
    major: Internal error (too specific to document in detail)
    minor: Can't operate on object
  #007: /scratch/spack_cpu/job_21700923/spack-stage/spack-stage-hdf5-1.10.7-xexa2gll6hf6okdatgrxiwhcjs2uepc7/spack-src/src/H5Dcontig.c line 1029 in H5D__contig_writevv_sieve_cb(): block write failed
    major: Dataset
    minor: Write failed
  #008: /scratch/spack_cpu/job_21700923/spack-stage/spack-stage-hdf5-1.10.7-xexa2gll6hf6okdatgrxiwhcjs2uepc7/spack-src/src/H5Fio.c line 161 in H5F_block_write(): write through page buffer failed
    major: Low-level I/O
    minor: Write failed
  #009: /scratch/spack_cpu/job_21700923/spack-stage/spack-stage-hdf5-1.10.7-xexa2gll6hf6okdatgrxiwhcjs2uepc7/spack-src/src/H5PB.c line 1032 in H5PB_write(): write through metadata accumulator failed
    major: Page Buffering
    minor: Write failed
  #010: /scratch/spack_cpu/job_21700923/spack-stage/spack-stage-hdf5-1.10.7-xexa2gll6hf6okdatgrxiwhcjs2uepc7/spack-src/src/H5Faccum.c line 824 in H5F__accum_write(): file write failed
    major: Low-level I/O
    minor: Write failed
  #011: /scratch/spack_cpu/job_21700923/spack-stage/spack-stage-hdf5-1.10.7-xexa2gll6hf6okdatgrxiwhcjs2uepc7/spack-src/src/H5FDint.c line 249 in H5FD_write(): driver write request failed
    major: Virtual File Layer
    minor: Write failed
  #012: /scratch/spack_cpu/job_21700923/spack-stage/spack-stage-hdf5-1.10.7-xexa2gll6hf6okdatgrxiwhcjs2uepc7/spack-src/src/H5FDsec2.c line 856 in H5FD__sec2_write(): file write failed: time = Wed Nov 19 08:31:42 2025
, filename = 'checkpoint.h5', file descriptor = 5, errno = 14, error message = 'Bad address', buf = 0x1555537c4000, total write size = 15969552, bytes this sub-write = 15969552, bytes actually written = 18446744073709551615, offset = 0
    major: Low-level I/O
    minor: Write failed
HDF5-DIAG: Error detected in HDF5 (1.10.7) thread 0:
  #000: /scratch/spack_cpu/job_21700923/spack-stage/spack-stage-hdf5-1.10.7-xexa2gll6hf6okdatgrxiwhcjs2uepc7/spack-src/src/H5Dio.c line 335 in H5Dwrite(): can't write data
    major: Dataset
    minor: Write failed
  #001: /scratch/spack_cpu/job_21700923/spack-stage/spack-stage-hdf5-1.10.7-xexa2gll6hf6okdatgrxiwhcjs2uepc7/spack-src/src/H5Dio.c line 813 in H5D__write(): can't write data
    major: Dataset
    minor: Write failed
  #002: /scratch/spack_cpu/job_21700923/spack-stage/spack-stage-hdf5-1.10.7-xexa2gll6hf6okdatgrxiwhcjs2uepc7/spack-src/src/H5Dcontig.c line 659 in H5D__contig_write(): contiguous write failed
    major: Dataset
    minor: Write failed
  #003: /scratch/spack_cpu/job_21700923/spack-stage/spack-stage-hdf5-1.10.7-xexa2gll6hf6okdatgrxiwhcjs2uepc7/spack-src/src/H5Dselect.c line 321 in H5D__select_write(): write error
    major: Dataspace
    minor: Write failed
  #004: /scratch/spack_cpu/job_21700923/spack-stage/spack-stage-hdf5-1.10.7-xexa2gll6hf6okdatgrxiwhcjs2uepc7/spack-src/src/H5Dselect.c line 230 in H5D__select_io(): write error
    major: Dataspace
    minor: Write failed
  #005: /scratch/spack_cpu/job_21700923/spack-stage/spack-stage-hdf5-1.10.7-xexa2gll6hf6okdatgrxiwhcjs2uepc7/spack-src/src/H5Dcontig.c line 1281 in H5D__contig_writevv(): can't perform vectorized sieve buffer write
    major: Dataset
    minor: Can't operate on object
  #006: /scratch/spack_cpu/job_21700923/spack-stage/spack-stage-hdf5-1.10.7-xexa2gll6hf6okdatgrxiwhcjs2uepc7/spack-src/src/H5VM.c line 1464 in H5VM_opvv(): can't perform operation
    major: Internal error (too specific to document in detail)
    minor: Can't operate on object
  #007: /scratch/spack_cpu/job_21700923/spack-stage/spack-stage-hdf5-1.10.7-xexa2gll6hf6okdatgrxiwhcjs2uepc7/spack-src/src/H5Dcontig.c line 1029 in H5D__contig_writevv_sieve_cb(): block write failed
    major: Dataset
    minor: Write failed
  #008: /scratch/spack_cpu/job_21700923/spack-stage/spack-stage-hdf5-1.10.7-xexa2gll6hf6okdatgrxiwhcjs2uepc7/spack-src/src/H5Fio.c line 161 in H5F_block_write(): write through page buffer failed
    major: Low-level I/O
    minor: Write failed
  #009: /scratch/spack_cpu/job_21700923/spack-stage/spack-stage-hdf5-1.10.7-xexa2gll6hf6okdatgrxiwhcjs2uepc7/spack-src/src/H5PB.c line 1032 in H5PB_write(): write through metadata accumulator failed
    major: Page Buffering
    minor: Write failed
  #010: /scratch/spack_cpu/job_21700923/spack-stage/spack-stage-hdf5-1.10.7-xexa2gll6hf6okdatgrxiwhcjs2uepc7/spack-src/src/H5Faccum.c line 824 in H5F__accum_write(): file write failed
    major: Low-level I/O
    minor: Write failed
  #011: /scratch/spack_cpu/job_21700923/spack-stage/spack-stage-hdf5-1.10.7-xexa2gll6hf6okdatgrxiwhcjs2uepc7/spack-src/src/H5FDint.c line 249 in H5FD_write(): driver write request failed
    major: Virtual File Layer
    minor: Write failed
  #012: /scratch/spack_cpu/job_21700923/spack-stage/spack-stage-hdf5-1.10.7-xexa2gll6hf6okdatgrxiwhcjs2uepc7/spack-src/src/H5FDsec2.c line 856 in H5FD__sec2_write(): file write failed: time = Wed Nov 19 08:31:54 2025
, filename = 'checkpoint.h5', file descriptor = 5, errno = 14, error message = 'Bad address', buf = 0x1555537c4000, total write size = 15969552, bytes this sub-write = 15969552, bytes actually written = 18446744073709551615, offset = 0
    major: Low-level I/O
    minor: Write failed
HDF5-DIAG: Error detected in HDF5 (1.10.7) thread 0:
  #000: /scratch/spack_cpu/job_21700923/spack-stage/spack-stage-hdf5-1.10.7-xexa2gll6hf6okdatgrxiwhcjs2uepc7/spack-src/src/H5Dio.c line 335 in H5Dwrite(): can't write data
    major: Dataset
    minor: Write failed
  #001: /scratch/spack_cpu/job_21700923/spack-stage/spack-stage-hdf5-1.10.7-xexa2gll6hf6okdatgrxiwhcjs2uepc7/spack-src/src/H5Dio.c line 813 in H5D__write(): can't write data
    major: Dataset
    minor: Write failed
  #002: /scratch/spack_cpu/job_21700923/spack-stage/spack-stage-hdf5-1.10.7-xexa2gll6hf6okdatgrxiwhcjs2uepc7/spack-src/src/H5Dcontig.c line 659 in H5D__contig_write(): contiguous write failed
    major: Dataset
    minor: Write failed
  #003: /scratch/spack_cpu/job_21700923/spack-stage/spack-stage-hdf5-1.10.7-xexa2gll6hf6okdatgrxiwhcjs2uepc7/spack-src/src/H5Dselect.c line 321 in H5D__select_write(): write error
    major: Dataspace
    minor: Write failed
  #004: /scratch/spack_cpu/job_21700923/spack-stage/spack-stage-hdf5-1.10.7-xexa2gll6hf6okdatgrxiwhcjs2uepc7/spack-src/src/H5Dselect.c line 230 in H5D__select_io(): write error
    major: Dataspace
    minor: Write failed
  #005: /scratch/spack_cpu/job_21700923/spack-stage/spack-stage-hdf5-1.10.7-xexa2gll6hf6okdatgrxiwhcjs2uepc7/spack-src/src/H5Dcontig.c line 1281 in H5D__contig_writevv(): can't perform vectorized sieve buffer write
    major: Dataset
    minor: Can't operate on object
  #006: /scratch/spack_cpu/job_21700923/spack-stage/spack-stage-hdf5-1.10.7-xexa2gll6hf6okdatgrxiwhcjs2uepc7/spack-src/src/H5VM.c line 1464 in H5VM_opvv(): can't perform operation
    major: Internal error (too specific to document in detail)
    minor: Can't operate on object
  #007: /scratch/spack_cpu/job_21700923/spack-stage/spack-stage-hdf5-1.10.7-xexa2gll6hf6okdatgrxiwhcjs2uepc7/spack-src/src/H5Dcontig.c line 1029 in H5D__contig_writevv_sieve_cb(): block write failed
    major: Dataset
    minor: Write failed
  #008: /scratch/spack_cpu/job_21700923/spack-stage/spack-stage-hdf5-1.10.7-xexa2gll6hf6okdatgrxiwhcjs2uepc7/spack-src/src/H5Fio.c line 161 in H5F_block_write(): write through page buffer failed
    major: Low-level I/O
    minor: Write failed
  #009: /scratch/spack_cpu/job_21700923/spack-stage/spack-stage-hdf5-1.10.7-xexa2gll6hf6okdatgrxiwhcjs2uepc7/spack-src/src/H5PB.c line 1032 in H5PB_write(): write through metadata accumulator failed
    major: Page Buffering
    minor: Write failed
  #010: /scratch/spack_cpu/job_21700923/spack-stage/spack-stage-hdf5-1.10.7-xexa2gll6hf6okdatgrxiwhcjs2uepc7/spack-src/src/H5Faccum.c line 824 in H5F__accum_write(): file write failed
    major: Low-level I/O
    minor: Write failed
  #011: /scratch/spack_cpu/job_21700923/spack-stage/spack-stage-hdf5-1.10.7-xexa2gll6hf6okdatgrxiwhcjs2uepc7/spack-src/src/H5FDint.c line 249 in H5FD_write(): driver write request failed
    major: Virtual File Layer
    minor: Write failed
  #012: /scratch/spack_cpu/job_21700923/spack-stage/spack-stage-hdf5-1.10.7-xexa2gll6hf6okdatgrxiwhcjs2uepc7/spack-src/src/H5FDsec2.c line 856 in H5FD__sec2_write(): file write failed: time = Wed Nov 19 08:32:06 2025
, filename = 'checkpoint.h5', file descriptor = 5, errno = 14, error message = 'Bad address', buf = 0x1555537c4000, total write size = 15969552, bytes this sub-write = 15969552, bytes actually written = 18446744073709551615, offset = 0
    major: Low-level I/O
    minor: Write failed
HDF5-DIAG: Error detected in HDF5 (1.10.7) thread 0:
  #000: /scratch/spack_cpu/job_21700923/spack-stage/spack-stage-hdf5-1.10.7-xexa2gll6hf6okdatgrxiwhcjs2uepc7/spack-src/src/H5Dio.c line 335 in H5Dwrite(): can't write data
    major: Dataset
    minor: Write failed
  #001: /scratch/spack_cpu/job_21700923/spack-stage/spack-stage-hdf5-1.10.7-xexa2gll6hf6okdatgrxiwhcjs2uepc7/spack-src/src/H5Dio.c line 813 in H5D__write(): can't write data
    major: Dataset
    minor: Write failed
  #002: /scratch/spack_cpu/job_21700923/spack-stage/spack-stage-hdf5-1.10.7-xexa2gll6hf6okdatgrxiwhcjs2uepc7/spack-src/src/H5Dcontig.c line 659 in H5D__contig_write(): contiguous write failed
    major: Dataset
    minor: Write failed
  #003: /scratch/spack_cpu/job_21700923/spack-stage/spack-stage-hdf5-1.10.7-xexa2gll6hf6okdatgrxiwhcjs2uepc7/spack-src/src/H5Dselect.c line 321 in H5D__select_write(): write error
    major: Dataspace
    minor: Write failed
  #004: /scratch/spack_cpu/job_21700923/spack-stage/spack-stage-hdf5-1.10.7-xexa2gll6hf6okdatgrxiwhcjs2uepc7/spack-src/src/H5Dselect.c line 230 in H5D__select_io(): write error
    major: Dataspace
    minor: Write failed
  #005: /scratch/spack_cpu/job_21700923/spack-stage/spack-stage-hdf5-1.10.7-xexa2gll6hf6okdatgrxiwhcjs2uepc7/spack-src/src/H5Dcontig.c line 1281 in H5D__contig_writevv(): can't perform vectorized sieve buffer write
    major: Dataset
    minor: Can't operate on object
  #006: /scratch/spack_cpu/job_21700923/spack-stage/spack-stage-hdf5-1.10.7-xexa2gll6hf6okdatgrxiwhcjs2uepc7/spack-src/src/H5VM.c line 1464 in H5VM_opvv(): can't perform operation
    major: Internal error (too specific to document in detail)
    minor: Can't operate on object
  #007: /scratch/spack_cpu/job_21700923/spack-stage/spack-stage-hdf5-1.10.7-xexa2gll6hf6okdatgrxiwhcjs2uepc7/spack-src/src/H5Dcontig.c line 1029 in H5D__contig_writevv_sieve_cb(): block write failed
    major: Dataset
    minor: Write failed
  #008: /scratch/spack_cpu/job_21700923/spack-stage/spack-stage-hdf5-1.10.7-xexa2gll6hf6okdatgrxiwhcjs2uepc7/spack-src/src/H5Fio.c line 161 in H5F_block_write(): write through page buffer failed
    major: Low-level I/O
    minor: Write failed
  #009: /scratch/spack_cpu/job_21700923/spack-stage/spack-stage-hdf5-1.10.7-xexa2gll6hf6okdatgrxiwhcjs2uepc7/spack-src/src/H5PB.c line 1032 in H5PB_write(): write through metadata accumulator failed
    major: Page Buffering
    minor: Write failed
  #010: /scratch/spack_cpu/job_21700923/spack-stage/spack-stage-hdf5-1.10.7-xexa2gll6hf6okdatgrxiwhcjs2uepc7/spack-src/src/H5Faccum.c line 824 in H5F__accum_write(): file write failed
    major: Low-level I/O
    minor: Write failed
  #011: /scratch/spack_cpu/job_21700923/spack-stage/spack-stage-hdf5-1.10.7-xexa2gll6hf6okdatgrxiwhcjs2uepc7/spack-src/src/H5FDint.c line 249 in H5FD_write(): driver write request failed
    major: Virtual File Layer
    minor: Write failed
  #012: /scratch/spack_cpu/job_21700923/spack-stage/spack-stage-hdf5-1.10.7-xexa2gll6hf6okdatgrxiwhcjs2uepc7/spack-src/src/H5FDsec2.c line 856 in H5FD__sec2_write(): file write failed: time = Wed Nov 19 08:32:17 2025
, filename = 'checkpoint.h5', file descriptor = 5, errno = 14, error message = 'Bad address', buf = 0x1555537c4000, total write size = 15969552, bytes this sub-write = 15969552, bytes actually written = 18446744073709551615, offset = 0
    major: Low-level I/O
    minor: Write failed
HDF5-DIAG: Error detected in HDF5 (1.10.7) thread 0:
  #000: /scratch/spack_cpu/job_21700923/spack-stage/spack-stage-hdf5-1.10.7-xexa2gll6hf6okdatgrxiwhcjs2uepc7/spack-src/src/H5Dio.c line 335 in H5Dwrite(): can't write data
    major: Dataset
    minor: Write failed
  #001: /scratch/spack_cpu/job_21700923/spack-stage/spack-stage-hdf5-1.10.7-xexa2gll6hf6okdatgrxiwhcjs2uepc7/spack-src/src/H5Dio.c line 813 in H5D__write(): can't write data
    major: Dataset
    minor: Write failed
  #002: /scratch/spack_cpu/job_21700923/spack-stage/spack-stage-hdf5-1.10.7-xexa2gll6hf6okdatgrxiwhcjs2uepc7/spack-src/src/H5Dcontig.c line 659 in H5D__contig_write(): contiguous write failed
    major: Dataset
    minor: Write failed
  #003: /scratch/spack_cpu/job_21700923/spack-stage/spack-stage-hdf5-1.10.7-xexa2gll6hf6okdatgrxiwhcjs2uepc7/spack-src/src/H5Dselect.c line 321 in H5D__select_write(): write error
    major: Dataspace
    minor: Write failed
  #004: /scratch/spack_cpu/job_21700923/spack-stage/spack-stage-hdf5-1.10.7-xexa2gll6hf6okdatgrxiwhcjs2uepc7/spack-src/src/H5Dselect.c line 230 in H5D__select_io(): write error
    major: Dataspace
    minor: Write failed
  #005: /scratch/spack_cpu/job_21700923/spack-stage/spack-stage-hdf5-1.10.7-xexa2gll6hf6okdatgrxiwhcjs2uepc7/spack-src/src/H5Dcontig.c line 1281 in H5D__contig_writevv(): can't perform vectorized sieve buffer write
    major: Dataset
    minor: Can't operate on object
  #006: /scratch/spack_cpu/job_21700923/spack-stage/spack-stage-hdf5-1.10.7-xexa2gll6hf6okdatgrxiwhcjs2uepc7/spack-src/src/H5VM.c line 1464 in H5VM_opvv(): can't perform operation
    major: Internal error (too specific to document in detail)
    minor: Can't operate on object
  #007: /scratch/spack_cpu/job_21700923/spack-stage/spack-stage-hdf5-1.10.7-xexa2gll6hf6okdatgrxiwhcjs2uepc7/spack-src/src/H5Dcontig.c line 1029 in H5D__contig_writevv_sieve_cb(): block write failed
    major: Dataset
    minor: Write failed
  #008: /scratch/spack_cpu/job_21700923/spack-stage/spack-stage-hdf5-1.10.7-xexa2gll6hf6okdatgrxiwhcjs2uepc7/spack-src/src/H5Fio.c line 161 in H5F_block_write(): write through page buffer failed
    major: Low-level I/O
    minor: Write failed
  #009: /scratch/spack_cpu/job_21700923/spack-stage/spack-stage-hdf5-1.10.7-xexa2gll6hf6okdatgrxiwhcjs2uepc7/spack-src/src/H5PB.c line 1032 in H5PB_write(): write through metadata accumulator failed
    major: Page Buffering
    minor: Write failed
  #010: /scratch/spack_cpu/job_21700923/spack-stage/spack-stage-hdf5-1.10.7-xexa2gll6hf6okdatgrxiwhcjs2uepc7/spack-src/src/H5Faccum.c line 824 in H5F__accum_write(): file write failed
    major: Low-level I/O
    minor: Write failed
  #011: /scratch/spack_cpu/job_21700923/spack-stage/spack-stage-hdf5-1.10.7-xexa2gll6hf6okdatgrxiwhcjs2uepc7/spack-src/src/H5FDint.c line 249 in H5FD_write(): driver write request failed
    major: Virtual File Layer
    minor: Write failed
  #012: /scratch/spack_cpu/job_21700923/spack-stage/spack-stage-hdf5-1.10.7-xexa2gll6hf6okdatgrxiwhcjs2uepc7/spack-src/src/H5FDsec2.c line 856 in H5FD__sec2_write(): file write failed: time = Wed Nov 19 08:32:30 2025
, filename = 'checkpoint.h5', file descriptor = 5, errno = 14, error message = 'Bad address', buf = 0x1555537c4000, total write size = 15969552, bytes this sub-write = 15969552, bytes actually written = 18446744073709551615, offset = 0
    major: Low-level I/O
    minor: Write failed
HDF5-DIAG: Error detected in HDF5 (1.10.7) thread 0:
  #000: /scratch/spack_cpu/job_21700923/spack-stage/spack-stage-hdf5-1.10.7-xexa2gll6hf6okdatgrxiwhcjs2uepc7/spack-src/src/H5Dio.c line 335 in H5Dwrite(): can't write data
    major: Dataset
    minor: Write failed
  #001: /scratch/spack_cpu/job_21700923/spack-stage/spack-stage-hdf5-1.10.7-xexa2gll6hf6okdatgrxiwhcjs2uepc7/spack-src/src/H5Dio.c line 813 in H5D__write(): can't write data
    major: Dataset
    minor: Write failed
  #002: /scratch/spack_cpu/job_21700923/spack-stage/spack-stage-hdf5-1.10.7-xexa2gll6hf6okdatgrxiwhcjs2uepc7/spack-src/src/H5Dcontig.c line 659 in H5D__contig_write(): contiguous write failed
    major: Dataset
    minor: Write failed
  #003: /scratch/spack_cpu/job_21700923/spack-stage/spack-stage-hdf5-1.10.7-xexa2gll6hf6okdatgrxiwhcjs2uepc7/spack-src/src/H5Dselect.c line 321 in H5D__select_write(): write error
    major: Dataspace
    minor: Write failed
  #004: /scratch/spack_cpu/job_21700923/spack-stage/spack-stage-hdf5-1.10.7-xexa2gll6hf6okdatgrxiwhcjs2uepc7/spack-src/src/H5Dselect.c line 230 in H5D__select_io(): write error
    major: Dataspace
    minor: Write failed
  #005: /scratch/spack_cpu/job_21700923/spack-stage/spack-stage-hdf5-1.10.7-xexa2gll6hf6okdatgrxiwhcjs2uepc7/spack-src/src/H5Dcontig.c line 1281 in H5D__contig_writevv(): can't perform vectorized sieve buffer write
    major: Dataset
    minor: Can't operate on object
  #006: /scratch/spack_cpu/job_21700923/spack-stage/spack-stage-hdf5-1.10.7-xexa2gll6hf6okdatgrxiwhcjs2uepc7/spack-src/src/H5VM.c line 1464 in H5VM_opvv(): can't perform operation
    major: Internal error (too specific to document in detail)
    minor: Can't operate on object
  #007: /scratch/spack_cpu/job_21700923/spack-stage/spack-stage-hdf5-1.10.7-xexa2gll6hf6okdatgrxiwhcjs2uepc7/spack-src/src/H5Dcontig.c line 1029 in H5D__contig_writevv_sieve_cb(): block write failed
    major: Dataset
    minor: Write failed
  #008: /scratch/spack_cpu/job_21700923/spack-stage/spack-stage-hdf5-1.10.7-xexa2gll6hf6okdatgrxiwhcjs2uepc7/spack-src/src/H5Fio.c line 161 in H5F_block_write(): write through page buffer failed
    major: Low-level I/O
    minor: Write failed
  #009: /scratch/spack_cpu/job_21700923/spack-stage/spack-stage-hdf5-1.10.7-xexa2gll6hf6okdatgrxiwhcjs2uepc7/spack-src/src/H5PB.c line 1032 in H5PB_write(): write through metadata accumulator failed
    major: Page Buffering
    minor: Write failed
  #010: /scratch/spack_cpu/job_21700923/spack-stage/spack-stage-hdf5-1.10.7-xexa2gll6hf6okdatgrxiwhcjs2uepc7/spack-src/src/H5Faccum.c line 824 in H5F__accum_write(): file write failed
    major: Low-level I/O
    minor: Write failed
  #011: /scratch/spack_cpu/job_21700923/spack-stage/spack-stage-hdf5-1.10.7-xexa2gll6hf6okdatgrxiwhcjs2uepc7/spack-src/src/H5FDint.c line 249 in H5FD_write(): driver write request failed
    major: Virtual File Layer
    minor: Write failed
  #012: /scratch/spack_cpu/job_21700923/spack-stage/spack-stage-hdf5-1.10.7-xexa2gll6hf6okdatgrxiwhcjs2uepc7/spack-src/src/H5FDsec2.c line 856 in H5FD__sec2_write(): file write failed: time = Wed Nov 19 08:32:51 2025
, filename = 'checkpoint.h5', file descriptor = 5, errno = 14, error message = 'Bad address', buf = 0x1555537c4000, total write size = 15969552, bytes this sub-write = 15969552, bytes actually written = 18446744073709551615, offset = 0
    major: Low-level I/O
    minor: Write failed
HDF5-DIAG: Error detected in HDF5 (1.10.7) thread 0:
  #000: /scratch/spack_cpu/job_21700923/spack-stage/spack-stage-hdf5-1.10.7-xexa2gll6hf6okdatgrxiwhcjs2uepc7/spack-src/src/H5Dio.c line 335 in H5Dwrite(): can't write data
    major: Dataset
    minor: Write failed
  #001: /scratch/spack_cpu/job_21700923/spack-stage/spack-stage-hdf5-1.10.7-xexa2gll6hf6okdatgrxiwhcjs2uepc7/spack-src/src/H5Dio.c line 813 in H5D__write(): can't write data
    major: Dataset
    minor: Write failed
  #002: /scratch/spack_cpu/job_21700923/spack-stage/spack-stage-hdf5-1.10.7-xexa2gll6hf6okdatgrxiwhcjs2uepc7/spack-src/src/H5Dcontig.c line 659 in H5D__contig_write(): contiguous write failed
    major: Dataset
    minor: Write failed
  #003: /scratch/spack_cpu/job_21700923/spack-stage/spack-stage-hdf5-1.10.7-xexa2gll6hf6okdatgrxiwhcjs2uepc7/spack-src/src/H5Dselect.c line 321 in H5D__select_write(): write error
    major: Dataspace
    minor: Write failed
  #004: /scratch/spack_cpu/job_21700923/spack-stage/spack-stage-hdf5-1.10.7-xexa2gll6hf6okdatgrxiwhcjs2uepc7/spack-src/src/H5Dselect.c line 230 in H5D__select_io(): write error
    major: Dataspace
    minor: Write failed
  #005: /scratch/spack_cpu/job_21700923/spack-stage/spack-stage-hdf5-1.10.7-xexa2gll6hf6okdatgrxiwhcjs2uepc7/spack-src/src/H5Dcontig.c line 1281 in H5D__contig_writevv(): can't perform vectorized sieve buffer write
    major: Dataset
    minor: Can't operate on object
  #006: /scratch/spack_cpu/job_21700923/spack-stage/spack-stage-hdf5-1.10.7-xexa2gll6hf6okdatgrxiwhcjs2uepc7/spack-src/src/H5VM.c line 1464 in H5VM_opvv(): can't perform operation
    major: Internal error (too specific to document in detail)
    minor: Can't operate on object
  #007: /scratch/spack_cpu/job_21700923/spack-stage/spack-stage-hdf5-1.10.7-xexa2gll6hf6okdatgrxiwhcjs2uepc7/spack-src/src/H5Dcontig.c line 1029 in H5D__contig_writevv_sieve_cb(): block write failed
    major: Dataset
    minor: Write failed
  #008: /scratch/spack_cpu/job_21700923/spack-stage/spack-stage-hdf5-1.10.7-xexa2gll6hf6okdatgrxiwhcjs2uepc7/spack-src/src/H5Fio.c line 161 in H5F_block_write(): write through page buffer failed
    major: Low-level I/O
    minor: Write failed
  #009: /scratch/spack_cpu/job_21700923/spack-stage/spack-stage-hdf5-1.10.7-xexa2gll6hf6okdatgrxiwhcjs2uepc7/spack-src/src/H5PB.c line 1032 in H5PB_write(): write through metadata accumulator failed
    major: Page Buffering
    minor: Write failed
  #010: /scratch/spack_cpu/job_21700923/spack-stage/spack-stage-hdf5-1.10.7-xexa2gll6hf6okdatgrxiwhcjs2uepc7/spack-src/src/H5Faccum.c line 824 in H5F__accum_write(): file write failed
    major: Low-level I/O
    minor: Write failed
  #011: /scratch/spack_cpu/job_21700923/spack-stage/spack-stage-hdf5-1.10.7-xexa2gll6hf6okdatgrxiwhcjs2uepc7/spack-src/src/H5FDint.c line 249 in H5FD_write(): driver write request failed
    major: Virtual File Layer
    minor: Write failed
  #012: /scratch/spack_cpu/job_21700923/spack-stage/spack-stage-hdf5-1.10.7-xexa2gll6hf6okdatgrxiwhcjs2uepc7/spack-src/src/H5FDsec2.c line 856 in H5FD__sec2_write(): file write failed: time = Wed Nov 19 08:33:03 2025
, filename = 'checkpoint.h5', file descriptor = 5, errno = 14, error message = 'Bad address', buf = 0x1555537c4000, total write size = 15969552, bytes this sub-write = 15969552, bytes actually written = 18446744073709551615, offset = 0
    major: Low-level I/O
    minor: Write failed
HDF5-DIAG: Error detected in HDF5 (1.10.7) thread 0:
  #000: /scratch/spack_cpu/job_21700923/spack-stage/spack-stage-hdf5-1.10.7-xexa2gll6hf6okdatgrxiwhcjs2uepc7/spack-src/src/H5Dio.c line 335 in H5Dwrite(): can't write data
    major: Dataset
    minor: Write failed
  #001: /scratch/spack_cpu/job_21700923/spack-stage/spack-stage-hdf5-1.10.7-xexa2gll6hf6okdatgrxiwhcjs2uepc7/spack-src/src/H5Dio.c line 813 in H5D__write(): can't write data
    major: Dataset
    minor: Write failed
  #002: /scratch/spack_cpu/job_21700923/spack-stage/spack-stage-hdf5-1.10.7-xexa2gll6hf6okdatgrxiwhcjs2uepc7/spack-src/src/H5Dcontig.c line 659 in H5D__contig_write(): contiguous write failed
    major: Dataset
    minor: Write failed
  #003: /scratch/spack_cpu/job_21700923/spack-stage/spack-stage-hdf5-1.10.7-xexa2gll6hf6okdatgrxiwhcjs2uepc7/spack-src/src/H5Dselect.c line 321 in H5D__select_write(): write error
    major: Dataspace
    minor: Write failed
  #004: /scratch/spack_cpu/job_21700923/spack-stage/spack-stage-hdf5-1.10.7-xexa2gll6hf6okdatgrxiwhcjs2uepc7/spack-src/src/H5Dselect.c line 230 in H5D__select_io(): write error
    major: Dataspace
    minor: Write failed
  #005: /scratch/spack_cpu/job_21700923/spack-stage/spack-stage-hdf5-1.10.7-xexa2gll6hf6okdatgrxiwhcjs2uepc7/spack-src/src/H5Dcontig.c line 1281 in H5D__contig_writevv(): can't perform vectorized sieve buffer write
    major: Dataset
    minor: Can't operate on object
  #006: /scratch/spack_cpu/job_21700923/spack-stage/spack-stage-hdf5-1.10.7-xexa2gll6hf6okdatgrxiwhcjs2uepc7/spack-src/src/H5VM.c line 1464 in H5VM_opvv(): can't perform operation
    major: Internal error (too specific to document in detail)
    minor: Can't operate on object
  #007: /scratch/spack_cpu/job_21700923/spack-stage/spack-stage-hdf5-1.10.7-xexa2gll6hf6okdatgrxiwhcjs2uepc7/spack-src/src/H5Dcontig.c line 1029 in H5D__contig_writevv_sieve_cb(): block write failed
    major: Dataset
    minor: Write failed
  #008: /scratch/spack_cpu/job_21700923/spack-stage/spack-stage-hdf5-1.10.7-xexa2gll6hf6okdatgrxiwhcjs2uepc7/spack-src/src/H5Fio.c line 161 in H5F_block_write(): write through page buffer failed
    major: Low-level I/O
    minor: Write failed
  #009: /scratch/spack_cpu/job_21700923/spack-stage/spack-stage-hdf5-1.10.7-xexa2gll6hf6okdatgrxiwhcjs2uepc7/spack-src/src/H5PB.c line 1032 in H5PB_write(): write through metadata accumulator failed
    major: Page Buffering
    minor: Write failed
  #010: /scratch/spack_cpu/job_21700923/spack-stage/spack-stage-hdf5-1.10.7-xexa2gll6hf6okdatgrxiwhcjs2uepc7/spack-src/src/H5Faccum.c line 824 in H5F__accum_write(): file write failed
    major: Low-level I/O
    minor: Write failed
  #011: /scratch/spack_cpu/job_21700923/spack-stage/spack-stage-hdf5-1.10.7-xexa2gll6hf6okdatgrxiwhcjs2uepc7/spack-src/src/H5FDint.c line 249 in H5FD_write(): driver write request failed
    major: Virtual File Layer
    minor: Write failed
  #012: /scratch/spack_cpu/job_21700923/spack-stage/spack-stage-hdf5-1.10.7-xexa2gll6hf6okdatgrxiwhcjs2uepc7/spack-src/src/H5FDsec2.c line 856 in H5FD__sec2_write(): file write failed: time = Wed Nov 19 08:33:15 2025
, filename = 'checkpoint.h5', file descriptor = 5, errno = 14, error message = 'Bad address', buf = 0x1555537c4000, total write size = 15969552, bytes this sub-write = 15969552, bytes actually written = 18446744073709551615, offset = 0
    major: Low-level I/O
    minor: Write failed
HDF5-DIAG: Error detected in HDF5 (1.10.7) thread 0:
  #000: /scratch/spack_cpu/job_21700923/spack-stage/spack-stage-hdf5-1.10.7-xexa2gll6hf6okdatgrxiwhcjs2uepc7/spack-src/src/H5Dio.c line 335 in H5Dwrite(): can't write data
    major: Dataset
    minor: Write failed
  #001: /scratch/spack_cpu/job_21700923/spack-stage/spack-stage-hdf5-1.10.7-xexa2gll6hf6okdatgrxiwhcjs2uepc7/spack-src/src/H5Dio.c line 813 in H5D__write(): can't write data
    major: Dataset
    minor: Write failed
  #002: /scratch/spack_cpu/job_21700923/spack-stage/spack-stage-hdf5-1.10.7-xexa2gll6hf6okdatgrxiwhcjs2uepc7/spack-src/src/H5Dcontig.c line 659 in H5D__contig_write(): contiguous write failed
    major: Dataset
    minor: Write failed
  #003: /scratch/spack_cpu/job_21700923/spack-stage/spack-stage-hdf5-1.10.7-xexa2gll6hf6okdatgrxiwhcjs2uepc7/spack-src/src/H5Dselect.c line 321 in H5D__select_write(): write error
    major: Dataspace
    minor: Write failed
  #004: /scratch/spack_cpu/job_21700923/spack-stage/spack-stage-hdf5-1.10.7-xexa2gll6hf6okdatgrxiwhcjs2uepc7/spack-src/src/H5Dselect.c line 230 in H5D__select_io(): write error
    major: Dataspace
    minor: Write failed
  #005: /scratch/spack_cpu/job_21700923/spack-stage/spack-stage-hdf5-1.10.7-xexa2gll6hf6okdatgrxiwhcjs2uepc7/spack-src/src/H5Dcontig.c line 1281 in H5D__contig_writevv(): can't perform vectorized sieve buffer write
    major: Dataset
    minor: Can't operate on object
  #006: /scratch/spack_cpu/job_21700923/spack-stage/spack-stage-hdf5-1.10.7-xexa2gll6hf6okdatgrxiwhcjs2uepc7/spack-src/src/H5VM.c line 1464 in H5VM_opvv(): can't perform operation
    major: Internal error (too specific to document in detail)
    minor: Can't operate on object
  #007: /scratch/spack_cpu/job_21700923/spack-stage/spack-stage-hdf5-1.10.7-xexa2gll6hf6okdatgrxiwhcjs2uepc7/spack-src/src/H5Dcontig.c line 1029 in H5D__contig_writevv_sieve_cb(): block write failed
    major: Dataset
    minor: Write failed
  #008: /scratch/spack_cpu/job_21700923/spack-stage/spack-stage-hdf5-1.10.7-xexa2gll6hf6okdatgrxiwhcjs2uepc7/spack-src/src/H5Fio.c line 161 in H5F_block_write(): write through page buffer failed
    major: Low-level I/O
    minor: Write failed
  #009: /scratch/spack_cpu/job_21700923/spack-stage/spack-stage-hdf5-1.10.7-xexa2gll6hf6okdatgrxiwhcjs2uepc7/spack-src/src/H5PB.c line 1032 in H5PB_write(): write through metadata accumulator failed
    major: Page Buffering
    minor: Write failed
  #010: /scratch/spack_cpu/job_21700923/spack-stage/spack-stage-hdf5-1.10.7-xexa2gll6hf6okdatgrxiwhcjs2uepc7/spack-src/src/H5Faccum.c line 824 in H5F__accum_write(): file write failed
    major: Low-level I/O
    minor: Write failed
  #011: /scratch/spack_cpu/job_21700923/spack-stage/spack-stage-hdf5-1.10.7-xexa2gll6hf6okdatgrxiwhcjs2uepc7/spack-src/src/H5FDint.c line 249 in H5FD_write(): driver write request failed
    major: Virtual File Layer
    minor: Write failed
  #012: /scratch/spack_cpu/job_21700923/spack-stage/spack-stage-hdf5-1.10.7-xexa2gll6hf6okdatgrxiwhcjs2uepc7/spack-src/src/H5FDsec2.c line 856 in H5FD__sec2_write(): file write failed: time = Wed Nov 19 08:33:27 2025
, filename = 'checkpoint.h5', file descriptor = 5, errno = 14, error message = 'Bad address', buf = 0x1555537c4000, total write size = 15969552, bytes this sub-write = 15969552, bytes actually written = 18446744073709551615, offset = 0
    major: Low-level I/O
    minor: Write failed
HDF5-DIAG: Error detected in HDF5 (1.10.7) thread 0:
  #000: /scratch/spack_cpu/job_21700923/spack-stage/spack-stage-hdf5-1.10.7-xexa2gll6hf6okdatgrxiwhcjs2uepc7/spack-src/src/H5Dio.c line 335 in H5Dwrite(): can't write data
    major: Dataset
    minor: Write failed
  #001: /scratch/spack_cpu/job_21700923/spack-stage/spack-stage-hdf5-1.10.7-xexa2gll6hf6okdatgrxiwhcjs2uepc7/spack-src/src/H5Dio.c line 813 in H5D__write(): can't write data
    major: Dataset
    minor: Write failed
  #002: /scratch/spack_cpu/job_21700923/spack-stage/spack-stage-hdf5-1.10.7-xexa2gll6hf6okdatgrxiwhcjs2uepc7/spack-src/src/H5Dcontig.c line 659 in H5D__contig_write(): contiguous write failed
    major: Dataset
    minor: Write failed
  #003: /scratch/spack_cpu/job_21700923/spack-stage/spack-stage-hdf5-1.10.7-xexa2gll6hf6okdatgrxiwhcjs2uepc7/spack-src/src/H5Dselect.c line 321 in H5D__select_write(): write error
    major: Dataspace
    minor: Write failed
  #004: /scratch/spack_cpu/job_21700923/spack-stage/spack-stage-hdf5-1.10.7-xexa2gll6hf6okdatgrxiwhcjs2uepc7/spack-src/src/H5Dselect.c line 230 in H5D__select_io(): write error
    major: Dataspace
    minor: Write failed
  #005: /scratch/spack_cpu/job_21700923/spack-stage/spack-stage-hdf5-1.10.7-xexa2gll6hf6okdatgrxiwhcjs2uepc7/spack-src/src/H5Dcontig.c line 1281 in H5D__contig_writevv(): can't perform vectorized sieve buffer write
    major: Dataset
    minor: Can't operate on object
  #006: /scratch/spack_cpu/job_21700923/spack-stage/spack-stage-hdf5-1.10.7-xexa2gll6hf6okdatgrxiwhcjs2uepc7/spack-src/src/H5VM.c line 1464 in H5VM_opvv(): can't perform operation
    major: Internal error (too specific to document in detail)
    minor: Can't operate on object
  #007: /scratch/spack_cpu/job_21700923/spack-stage/spack-stage-hdf5-1.10.7-xexa2gll6hf6okdatgrxiwhcjs2uepc7/spack-src/src/H5Dcontig.c line 1029 in H5D__contig_writevv_sieve_cb(): block write failed
    major: Dataset
    minor: Write failed
  #008: /scratch/spack_cpu/job_21700923/spack-stage/spack-stage-hdf5-1.10.7-xexa2gll6hf6okdatgrxiwhcjs2uepc7/spack-src/src/H5Fio.c line 161 in H5F_block_write(): write through page buffer failed
    major: Low-level I/O
    minor: Write failed
  #009: /scratch/spack_cpu/job_21700923/spack-stage/spack-stage-hdf5-1.10.7-xexa2gll6hf6okdatgrxiwhcjs2uepc7/spack-src/src/H5PB.c line 1032 in H5PB_write(): write through metadata accumulator failed
    major: Page Buffering
    minor: Write failed
  #010: /scratch/spack_cpu/job_21700923/spack-stage/spack-stage-hdf5-1.10.7-xexa2gll6hf6okdatgrxiwhcjs2uepc7/spack-src/src/H5Faccum.c line 824 in H5F__accum_write(): file write failed
    major: Low-level I/O
    minor: Write failed
  #011: /scratch/spack_cpu/job_21700923/spack-stage/spack-stage-hdf5-1.10.7-xexa2gll6hf6okdatgrxiwhcjs2uepc7/spack-src/src/H5FDint.c line 249 in H5FD_write(): driver write request failed
    major: Virtual File Layer
    minor: Write failed
  #012: /scratch/spack_cpu/job_21700923/spack-stage/spack-stage-hdf5-1.10.7-xexa2gll6hf6okdatgrxiwhcjs2uepc7/spack-src/src/H5FDsec2.c line 856 in H5FD__sec2_write(): file write failed: time = Wed Nov 19 08:33:39 2025
, filename = 'checkpoint.h5', file descriptor = 5, errno = 14, error message = 'Bad address', buf = 0x1555537c4000, total write size = 15969552, bytes this sub-write = 15969552, bytes actually written = 18446744073709551615, offset = 0
    major: Low-level I/O
    minor: Write failed
HDF5-DIAG: Error detected in HDF5 (1.10.7) thread 0:
  #000: /scratch/spack_cpu/job_21700923/spack-stage/spack-stage-hdf5-1.10.7-xexa2gll6hf6okdatgrxiwhcjs2uepc7/spack-src/src/H5Dio.c line 335 in H5Dwrite(): can't write data
    major: Dataset
    minor: Write failed
  #001: /scratch/spack_cpu/job_21700923/spack-stage/spack-stage-hdf5-1.10.7-xexa2gll6hf6okdatgrxiwhcjs2uepc7/spack-src/src/H5Dio.c line 813 in H5D__write(): can't write data
    major: Dataset
    minor: Write failed
  #002: /scratch/spack_cpu/job_21700923/spack-stage/spack-stage-hdf5-1.10.7-xexa2gll6hf6okdatgrxiwhcjs2uepc7/spack-src/src/H5Dcontig.c line 659 in H5D__contig_write(): contiguous write failed
    major: Dataset
    minor: Write failed
  #003: /scratch/spack_cpu/job_21700923/spack-stage/spack-stage-hdf5-1.10.7-xexa2gll6hf6okdatgrxiwhcjs2uepc7/spack-src/src/H5Dselect.c line 321 in H5D__select_write(): write error
    major: Dataspace
    minor: Write failed
  #004: /scratch/spack_cpu/job_21700923/spack-stage/spack-stage-hdf5-1.10.7-xexa2gll6hf6okdatgrxiwhcjs2uepc7/spack-src/src/H5Dselect.c line 230 in H5D__select_io(): write error
    major: Dataspace
    minor: Write failed
  #005: /scratch/spack_cpu/job_21700923/spack-stage/spack-stage-hdf5-1.10.7-xexa2gll6hf6okdatgrxiwhcjs2uepc7/spack-src/src/H5Dcontig.c line 1281 in H5D__contig_writevv(): can't perform vectorized sieve buffer write
    major: Dataset
    minor: Can't operate on object
  #006: /scratch/spack_cpu/job_21700923/spack-stage/spack-stage-hdf5-1.10.7-xexa2gll6hf6okdatgrxiwhcjs2uepc7/spack-src/src/H5VM.c line 1464 in H5VM_opvv(): can't perform operation
    major: Internal error (too specific to document in detail)
    minor: Can't operate on object
  #007: /scratch/spack_cpu/job_21700923/spack-stage/spack-stage-hdf5-1.10.7-xexa2gll6hf6okdatgrxiwhcjs2uepc7/spack-src/src/H5Dcontig.c line 1029 in H5D__contig_writevv_sieve_cb(): block write failed
    major: Dataset
    minor: Write failed
  #008: /scratch/spack_cpu/job_21700923/spack-stage/spack-stage-hdf5-1.10.7-xexa2gll6hf6okdatgrxiwhcjs2uepc7/spack-src/src/H5Fio.c line 161 in H5F_block_write(): write through page buffer failed
    major: Low-level I/O
    minor: Write failed
  #009: /scratch/spack_cpu/job_21700923/spack-stage/spack-stage-hdf5-1.10.7-xexa2gll6hf6okdatgrxiwhcjs2uepc7/spack-src/src/H5PB.c line 1032 in H5PB_write(): write through metadata accumulator failed
    major: Page Buffering
    minor: Write failed
  #010: /scratch/spack_cpu/job_21700923/spack-stage/spack-stage-hdf5-1.10.7-xexa2gll6hf6okdatgrxiwhcjs2uepc7/spack-src/src/H5Faccum.c line 824 in H5F__accum_write(): file write failed
    major: Low-level I/O
    minor: Write failed
  #011: /scratch/spack_cpu/job_21700923/spack-stage/spack-stage-hdf5-1.10.7-xexa2gll6hf6okdatgrxiwhcjs2uepc7/spack-src/src/H5FDint.c line 249 in H5FD_write(): driver write request failed
    major: Virtual File Layer
    minor: Write failed
  #012: /scratch/spack_cpu/job_21700923/spack-stage/spack-stage-hdf5-1.10.7-xexa2gll6hf6okdatgrxiwhcjs2uepc7/spack-src/src/H5FDsec2.c line 856 in H5FD__sec2_write(): file write failed: time = Wed Nov 19 08:33:51 2025
, filename = 'checkpoint.h5', file descriptor = 5, errno = 14, error message = 'Bad address', buf = 0x1555537c4000, total write size = 15969552, bytes this sub-write = 15969552, bytes actually written = 18446744073709551615, offset = 0
    major: Low-level I/O
    minor: Write failed
HDF5-DIAG: Error detected in HDF5 (1.10.7) thread 0:
  #000: /scratch/spack_cpu/job_21700923/spack-stage/spack-stage-hdf5-1.10.7-xexa2gll6hf6okdatgrxiwhcjs2uepc7/spack-src/src/H5Dio.c line 335 in H5Dwrite(): can't write data
    major: Dataset
    minor: Write failed
  #001: /scratch/spack_cpu/job_21700923/spack-stage/spack-stage-hdf5-1.10.7-xexa2gll6hf6okdatgrxiwhcjs2uepc7/spack-src/src/H5Dio.c line 813 in H5D__write(): can't write data
    major: Dataset
    minor: Write failed
  #002: /scratch/spack_cpu/job_21700923/spack-stage/spack-stage-hdf5-1.10.7-xexa2gll6hf6okdatgrxiwhcjs2uepc7/spack-src/src/H5Dcontig.c line 659 in H5D__contig_write(): contiguous write failed
    major: Dataset
    minor: Write failed
  #003: /scratch/spack_cpu/job_21700923/spack-stage/spack-stage-hdf5-1.10.7-xexa2gll6hf6okdatgrxiwhcjs2uepc7/spack-src/src/H5Dselect.c line 321 in H5D__select_write(): write error
    major: Dataspace
    minor: Write failed
  #004: /scratch/spack_cpu/job_21700923/spack-stage/spack-stage-hdf5-1.10.7-xexa2gll6hf6okdatgrxiwhcjs2uepc7/spack-src/src/H5Dselect.c line 230 in H5D__select_io(): write error
    major: Dataspace
    minor: Write failed
  #005: /scratch/spack_cpu/job_21700923/spack-stage/spack-stage-hdf5-1.10.7-xexa2gll6hf6okdatgrxiwhcjs2uepc7/spack-src/src/H5Dcontig.c line 1281 in H5D__contig_writevv(): can't perform vectorized sieve buffer write
    major: Dataset
    minor: Can't operate on object
  #006: /scratch/spack_cpu/job_21700923/spack-stage/spack-stage-hdf5-1.10.7-xexa2gll6hf6okdatgrxiwhcjs2uepc7/spack-src/src/H5VM.c line 1464 in H5VM_opvv(): can't perform operation
    major: Internal error (too specific to document in detail)
    minor: Can't operate on object
  #007: /scratch/spack_cpu/job_21700923/spack-stage/spack-stage-hdf5-1.10.7-xexa2gll6hf6okdatgrxiwhcjs2uepc7/spack-src/src/H5Dcontig.c line 1029 in H5D__contig_writevv_sieve_cb(): block write failed
    major: Dataset
    minor: Write failed
  #008: /scratch/spack_cpu/job_21700923/spack-stage/spack-stage-hdf5-1.10.7-xexa2gll6hf6okdatgrxiwhcjs2uepc7/spack-src/src/H5Fio.c line 161 in H5F_block_write(): write through page buffer failed
    major: Low-level I/O
    minor: Write failed
  #009: /scratch/spack_cpu/job_21700923/spack-stage/spack-stage-hdf5-1.10.7-xexa2gll6hf6okdatgrxiwhcjs2uepc7/spack-src/src/H5PB.c line 1032 in H5PB_write(): write through metadata accumulator failed
    major: Page Buffering
    minor: Write failed
  #010: /scratch/spack_cpu/job_21700923/spack-stage/spack-stage-hdf5-1.10.7-xexa2gll6hf6okdatgrxiwhcjs2uepc7/spack-src/src/H5Faccum.c line 824 in H5F__accum_write(): file write failed
    major: Low-level I/O
    minor: Write failed
  #011: /scratch/spack_cpu/job_21700923/spack-stage/spack-stage-hdf5-1.10.7-xexa2gll6hf6okdatgrxiwhcjs2uepc7/spack-src/src/H5FDint.c line 249 in H5FD_write(): driver write request failed
    major: Virtual File Layer
    minor: Write failed
  #012: /scratch/spack_cpu/job_21700923/spack-stage/spack-stage-hdf5-1.10.7-xexa2gll6hf6okdatgrxiwhcjs2uepc7/spack-src/src/H5FDsec2.c line 856 in H5FD__sec2_write(): file write failed: time = Wed Nov 19 08:34:03 2025
, filename = 'checkpoint.h5', file descriptor = 5, errno = 14, error message = 'Bad address', buf = 0x1555537c4000, total write size = 15969552, bytes this sub-write = 15969552, bytes actually written = 18446744073709551615, offset = 0
    major: Low-level I/O
    minor: Write failed
HDF5-DIAG: Error detected in HDF5 (1.10.7) thread 0:
  #000: /scratch/spack_cpu/job_21700923/spack-stage/spack-stage-hdf5-1.10.7-xexa2gll6hf6okdatgrxiwhcjs2uepc7/spack-src/src/H5Dio.c line 335 in H5Dwrite(): can't write data
    major: Dataset
    minor: Write failed
  #001: /scratch/spack_cpu/job_21700923/spack-stage/spack-stage-hdf5-1.10.7-xexa2gll6hf6okdatgrxiwhcjs2uepc7/spack-src/src/H5Dio.c line 813 in H5D__write(): can't write data
    major: Dataset
    minor: Write failed
  #002: /scratch/spack_cpu/job_21700923/spack-stage/spack-stage-hdf5-1.10.7-xexa2gll6hf6okdatgrxiwhcjs2uepc7/spack-src/src/H5Dcontig.c line 659 in H5D__contig_write(): contiguous write failed
    major: Dataset
    minor: Write failed
  #003: /scratch/spack_cpu/job_21700923/spack-stage/spack-stage-hdf5-1.10.7-xexa2gll6hf6okdatgrxiwhcjs2uepc7/spack-src/src/H5Dselect.c line 321 in H5D__select_write(): write error
    major: Dataspace
    minor: Write failed
  #004: /scratch/spack_cpu/job_21700923/spack-stage/spack-stage-hdf5-1.10.7-xexa2gll6hf6okdatgrxiwhcjs2uepc7/spack-src/src/H5Dselect.c line 230 in H5D__select_io(): write error
    major: Dataspace
    minor: Write failed
  #005: /scratch/spack_cpu/job_21700923/spack-stage/spack-stage-hdf5-1.10.7-xexa2gll6hf6okdatgrxiwhcjs2uepc7/spack-src/src/H5Dcontig.c line 1281 in H5D__contig_writevv(): can't perform vectorized sieve buffer write
    major: Dataset
    minor: Can't operate on object
  #006: /scratch/spack_cpu/job_21700923/spack-stage/spack-stage-hdf5-1.10.7-xexa2gll6hf6okdatgrxiwhcjs2uepc7/spack-src/src/H5VM.c line 1464 in H5VM_opvv(): can't perform operation
    major: Internal error (too specific to document in detail)
    minor: Can't operate on object
  #007: /scratch/spack_cpu/job_21700923/spack-stage/spack-stage-hdf5-1.10.7-xexa2gll6hf6okdatgrxiwhcjs2uepc7/spack-src/src/H5Dcontig.c line 1029 in H5D__contig_writevv_sieve_cb(): block write failed
    major: Dataset
    minor: Write failed
  #008: /scratch/spack_cpu/job_21700923/spack-stage/spack-stage-hdf5-1.10.7-xexa2gll6hf6okdatgrxiwhcjs2uepc7/spack-src/src/H5Fio.c line 161 in H5F_block_write(): write through page buffer failed
    major: Low-level I/O
    minor: Write failed
  #009: /scratch/spack_cpu/job_21700923/spack-stage/spack-stage-hdf5-1.10.7-xexa2gll6hf6okdatgrxiwhcjs2uepc7/spack-src/src/H5PB.c line 1032 in H5PB_write(): write through metadata accumulator failed
    major: Page Buffering
    minor: Write failed
  #010: /scratch/spack_cpu/job_21700923/spack-stage/spack-stage-hdf5-1.10.7-xexa2gll6hf6okdatgrxiwhcjs2uepc7/spack-src/src/H5Faccum.c line 824 in H5F__accum_write(): file write failed
    major: Low-level I/O
    minor: Write failed
  #011: /scratch/spack_cpu/job_21700923/spack-stage/spack-stage-hdf5-1.10.7-xexa2gll6hf6okdatgrxiwhcjs2uepc7/spack-src/src/H5FDint.c line 249 in H5FD_write(): driver write request failed
    major: Virtual File Layer
    minor: Write failed
  #012: /scratch/spack_cpu/job_21700923/spack-stage/spack-stage-hdf5-1.10.7-xexa2gll6hf6okdatgrxiwhcjs2uepc7/spack-src/src/H5FDsec2.c line 856 in H5FD__sec2_write(): file write failed: time = Wed Nov 19 08:34:15 2025
, filename = 'checkpoint.h5', file descriptor = 5, errno = 14, error message = 'Bad address', buf = 0x1555537c4000, total write size = 15969552, bytes this sub-write = 15969552, bytes actually written = 18446744073709551615, offset = 0
    major: Low-level I/O
    minor: Write failed
HDF5-DIAG: Error detected in HDF5 (1.10.7) thread 0:
  #000: /scratch/spack_cpu/job_21700923/spack-stage/spack-stage-hdf5-1.10.7-xexa2gll6hf6okdatgrxiwhcjs2uepc7/spack-src/src/H5Dio.c line 335 in H5Dwrite(): can't write data
    major: Dataset
    minor: Write failed
  #001: /scratch/spack_cpu/job_21700923/spack-stage/spack-stage-hdf5-1.10.7-xexa2gll6hf6okdatgrxiwhcjs2uepc7/spack-src/src/H5Dio.c line 813 in H5D__write(): can't write data
    major: Dataset
    minor: Write failed
  #002: /scratch/spack_cpu/job_21700923/spack-stage/spack-stage-hdf5-1.10.7-xexa2gll6hf6okdatgrxiwhcjs2uepc7/spack-src/src/H5Dcontig.c line 659 in H5D__contig_write(): contiguous write failed
    major: Dataset
    minor: Write failed
  #003: /scratch/spack_cpu/job_21700923/spack-stage/spack-stage-hdf5-1.10.7-xexa2gll6hf6okdatgrxiwhcjs2uepc7/spack-src/src/H5Dselect.c line 321 in H5D__select_write(): write error
    major: Dataspace
    minor: Write failed
  #004: /scratch/spack_cpu/job_21700923/spack-stage/spack-stage-hdf5-1.10.7-xexa2gll6hf6okdatgrxiwhcjs2uepc7/spack-src/src/H5Dselect.c line 230 in H5D__select_io(): write error
    major: Dataspace
    minor: Write failed
  #005: /scratch/spack_cpu/job_21700923/spack-stage/spack-stage-hdf5-1.10.7-xexa2gll6hf6okdatgrxiwhcjs2uepc7/spack-src/src/H5Dcontig.c line 1281 in H5D__contig_writevv(): can't perform vectorized sieve buffer write
    major: Dataset
    minor: Can't operate on object
  #006: /scratch/spack_cpu/job_21700923/spack-stage/spack-stage-hdf5-1.10.7-xexa2gll6hf6okdatgrxiwhcjs2uepc7/spack-src/src/H5VM.c line 1464 in H5VM_opvv(): can't perform operation
    major: Internal error (too specific to document in detail)
    minor: Can't operate on object
  #007: /scratch/spack_cpu/job_21700923/spack-stage/spack-stage-hdf5-1.10.7-xexa2gll6hf6okdatgrxiwhcjs2uepc7/spack-src/src/H5Dcontig.c line 1029 in H5D__contig_writevv_sieve_cb(): block write failed
    major: Dataset
    minor: Write failed
  #008: /scratch/spack_cpu/job_21700923/spack-stage/spack-stage-hdf5-1.10.7-xexa2gll6hf6okdatgrxiwhcjs2uepc7/spack-src/src/H5Fio.c line 161 in H5F_block_write(): write through page buffer failed
    major: Low-level I/O
    minor: Write failed
  #009: /scratch/spack_cpu/job_21700923/spack-stage/spack-stage-hdf5-1.10.7-xexa2gll6hf6okdatgrxiwhcjs2uepc7/spack-src/src/H5PB.c line 1032 in H5PB_write(): write through metadata accumulator failed
    major: Page Buffering
    minor: Write failed
  #010: /scratch/spack_cpu/job_21700923/spack-stage/spack-stage-hdf5-1.10.7-xexa2gll6hf6okdatgrxiwhcjs2uepc7/spack-src/src/H5Faccum.c line 824 in H5F__accum_write(): file write failed
    major: Low-level I/O
    minor: Write failed
  #011: /scratch/spack_cpu/job_21700923/spack-stage/spack-stage-hdf5-1.10.7-xexa2gll6hf6okdatgrxiwhcjs2uepc7/spack-src/src/H5FDint.c line 249 in H5FD_write(): driver write request failed
    major: Virtual File Layer
    minor: Write failed
  #012: /scratch/spack_cpu/job_21700923/spack-stage/spack-stage-hdf5-1.10.7-xexa2gll6hf6okdatgrxiwhcjs2uepc7/spack-src/src/H5FDsec2.c line 856 in H5FD__sec2_write(): file write failed: time = Wed Nov 19 08:34:27 2025
, filename = 'checkpoint.h5', file descriptor = 5, errno = 14, error message = 'Bad address', buf = 0x1555537c4000, total write size = 15969552, bytes this sub-write = 15969552, bytes actually written = 18446744073709551615, offset = 0
    major: Low-level I/O
    minor: Write failed
HDF5-DIAG: Error detected in HDF5 (1.10.7) thread 0:
  #000: /scratch/spack_cpu/job_21700923/spack-stage/spack-stage-hdf5-1.10.7-xexa2gll6hf6okdatgrxiwhcjs2uepc7/spack-src/src/H5Dio.c line 335 in H5Dwrite(): can't write data
    major: Dataset
    minor: Write failed
  #001: /scratch/spack_cpu/job_21700923/spack-stage/spack-stage-hdf5-1.10.7-xexa2gll6hf6okdatgrxiwhcjs2uepc7/spack-src/src/H5Dio.c line 813 in H5D__write(): can't write data
    major: Dataset
    minor: Write failed
  #002: /scratch/spack_cpu/job_21700923/spack-stage/spack-stage-hdf5-1.10.7-xexa2gll6hf6okdatgrxiwhcjs2uepc7/spack-src/src/H5Dcontig.c line 659 in H5D__contig_write(): contiguous write failed
    major: Dataset
    minor: Write failed
  #003: /scratch/spack_cpu/job_21700923/spack-stage/spack-stage-hdf5-1.10.7-xexa2gll6hf6okdatgrxiwhcjs2uepc7/spack-src/src/H5Dselect.c line 321 in H5D__select_write(): write error
    major: Dataspace
    minor: Write failed
  #004: /scratch/spack_cpu/job_21700923/spack-stage/spack-stage-hdf5-1.10.7-xexa2gll6hf6okdatgrxiwhcjs2uepc7/spack-src/src/H5Dselect.c line 230 in H5D__select_io(): write error
    major: Dataspace
    minor: Write failed
  #005: /scratch/spack_cpu/job_21700923/spack-stage/spack-stage-hdf5-1.10.7-xexa2gll6hf6okdatgrxiwhcjs2uepc7/spack-src/src/H5Dcontig.c line 1281 in H5D__contig_writevv(): can't perform vectorized sieve buffer write
    major: Dataset
    minor: Can't operate on object
  #006: /scratch/spack_cpu/job_21700923/spack-stage/spack-stage-hdf5-1.10.7-xexa2gll6hf6okdatgrxiwhcjs2uepc7/spack-src/src/H5VM.c line 1464 in H5VM_opvv(): can't perform operation
    major: Internal error (too specific to document in detail)
    minor: Can't operate on object
  #007: /scratch/spack_cpu/job_21700923/spack-stage/spack-stage-hdf5-1.10.7-xexa2gll6hf6okdatgrxiwhcjs2uepc7/spack-src/src/H5Dcontig.c line 1029 in H5D__contig_writevv_sieve_cb(): block write failed
    major: Dataset
    minor: Write failed
  #008: /scratch/spack_cpu/job_21700923/spack-stage/spack-stage-hdf5-1.10.7-xexa2gll6hf6okdatgrxiwhcjs2uepc7/spack-src/src/H5Fio.c line 161 in H5F_block_write(): write through page buffer failed
    major: Low-level I/O
    minor: Write failed
  #009: /scratch/spack_cpu/job_21700923/spack-stage/spack-stage-hdf5-1.10.7-xexa2gll6hf6okdatgrxiwhcjs2uepc7/spack-src/src/H5PB.c line 1032 in H5PB_write(): write through metadata accumulator failed
    major: Page Buffering
    minor: Write failed
  #010: /scratch/spack_cpu/job_21700923/spack-stage/spack-stage-hdf5-1.10.7-xexa2gll6hf6okdatgrxiwhcjs2uepc7/spack-src/src/H5Faccum.c line 824 in H5F__accum_write(): file write failed
    major: Low-level I/O
    minor: Write failed
  #011: /scratch/spack_cpu/job_21700923/spack-stage/spack-stage-hdf5-1.10.7-xexa2gll6hf6okdatgrxiwhcjs2uepc7/spack-src/src/H5FDint.c line 249 in H5FD_write(): driver write request failed
    major: Virtual File Layer
    minor: Write failed
  #012: /scratch/spack_cpu/job_21700923/spack-stage/spack-stage-hdf5-1.10.7-xexa2gll6hf6okdatgrxiwhcjs2uepc7/spack-src/src/H5FDsec2.c line 856 in H5FD__sec2_write(): file write failed: time = Wed Nov 19 08:34:39 2025
, filename = 'checkpoint.h5', file descriptor = 5, errno = 14, error message = 'Bad address', buf = 0x1555537c4000, total write size = 15969552, bytes this sub-write = 15969552, bytes actually written = 18446744073709551615, offset = 0
    major: Low-level I/O
    minor: Write failed
HDF5-DIAG: Error detected in HDF5 (1.10.7) thread 0:
  #000: /scratch/spack_cpu/job_21700923/spack-stage/spack-stage-hdf5-1.10.7-xexa2gll6hf6okdatgrxiwhcjs2uepc7/spack-src/src/H5Dio.c line 335 in H5Dwrite(): can't write data
    major: Dataset
    minor: Write failed
  #001: /scratch/spack_cpu/job_21700923/spack-stage/spack-stage-hdf5-1.10.7-xexa2gll6hf6okdatgrxiwhcjs2uepc7/spack-src/src/H5Dio.c line 813 in H5D__write(): can't write data
    major: Dataset
    minor: Write failed
  #002: /scratch/spack_cpu/job_21700923/spack-stage/spack-stage-hdf5-1.10.7-xexa2gll6hf6okdatgrxiwhcjs2uepc7/spack-src/src/H5Dcontig.c line 659 in H5D__contig_write(): contiguous write failed
    major: Dataset
    minor: Write failed
  #003: /scratch/spack_cpu/job_21700923/spack-stage/spack-stage-hdf5-1.10.7-xexa2gll6hf6okdatgrxiwhcjs2uepc7/spack-src/src/H5Dselect.c line 321 in H5D__select_write(): write error
    major: Dataspace
    minor: Write failed
  #004: /scratch/spack_cpu/job_21700923/spack-stage/spack-stage-hdf5-1.10.7-xexa2gll6hf6okdatgrxiwhcjs2uepc7/spack-src/src/H5Dselect.c line 230 in H5D__select_io(): write error
    major: Dataspace
    minor: Write failed
  #005: /scratch/spack_cpu/job_21700923/spack-stage/spack-stage-hdf5-1.10.7-xexa2gll6hf6okdatgrxiwhcjs2uepc7/spack-src/src/H5Dcontig.c line 1281 in H5D__contig_writevv(): can't perform vectorized sieve buffer write
    major: Dataset
    minor: Can't operate on object
  #006: /scratch/spack_cpu/job_21700923/spack-stage/spack-stage-hdf5-1.10.7-xexa2gll6hf6okdatgrxiwhcjs2uepc7/spack-src/src/H5VM.c line 1464 in H5VM_opvv(): can't perform operation
    major: Internal error (too specific to document in detail)
    minor: Can't operate on object
  #007: /scratch/spack_cpu/job_21700923/spack-stage/spack-stage-hdf5-1.10.7-xexa2gll6hf6okdatgrxiwhcjs2uepc7/spack-src/src/H5Dcontig.c line 1029 in H5D__contig_writevv_sieve_cb(): block write failed
    major: Dataset
    minor: Write failed
  #008: /scratch/spack_cpu/job_21700923/spack-stage/spack-stage-hdf5-1.10.7-xexa2gll6hf6okdatgrxiwhcjs2uepc7/spack-src/src/H5Fio.c line 161 in H5F_block_write(): write through page buffer failed
    major: Low-level I/O
    minor: Write failed
  #009: /scratch/spack_cpu/job_21700923/spack-stage/spack-stage-hdf5-1.10.7-xexa2gll6hf6okdatgrxiwhcjs2uepc7/spack-src/src/H5PB.c line 1032 in H5PB_write(): write through metadata accumulator failed
    major: Page Buffering
    minor: Write failed
  #010: /scratch/spack_cpu/job_21700923/spack-stage/spack-stage-hdf5-1.10.7-xexa2gll6hf6okdatgrxiwhcjs2uepc7/spack-src/src/H5Faccum.c line 824 in H5F__accum_write(): file write failed
    major: Low-level I/O
    minor: Write failed
  #011: /scratch/spack_cpu/job_21700923/spack-stage/spack-stage-hdf5-1.10.7-xexa2gll6hf6okdatgrxiwhcjs2uepc7/spack-src/src/H5FDint.c line 249 in H5FD_write(): driver write request failed
    major: Virtual File Layer
    minor: Write failed
  #012: /scratch/spack_cpu/job_21700923/spack-stage/spack-stage-hdf5-1.10.7-xexa2gll6hf6okdatgrxiwhcjs2uepc7/spack-src/src/H5FDsec2.c line 856 in H5FD__sec2_write(): file write failed: time = Wed Nov 19 08:34:51 2025
, filename = 'checkpoint.h5', file descriptor = 5, errno = 14, error message = 'Bad address', buf = 0x1555537c4000, total write size = 15969552, bytes this sub-write = 15969552, bytes actually written = 18446744073709551615, offset = 0
    major: Low-level I/O
    minor: Write failed
HDF5-DIAG: Error detected in HDF5 (1.10.7) thread 0:
  #000: /scratch/spack_cpu/job_21700923/spack-stage/spack-stage-hdf5-1.10.7-xexa2gll6hf6okdatgrxiwhcjs2uepc7/spack-src/src/H5Dio.c line 335 in H5Dwrite(): can't write data
    major: Dataset
    minor: Write failed
  #001: /scratch/spack_cpu/job_21700923/spack-stage/spack-stage-hdf5-1.10.7-xexa2gll6hf6okdatgrxiwhcjs2uepc7/spack-src/src/H5Dio.c line 813 in H5D__write(): can't write data
    major: Dataset
    minor: Write failed
  #002: /scratch/spack_cpu/job_21700923/spack-stage/spack-stage-hdf5-1.10.7-xexa2gll6hf6okdatgrxiwhcjs2uepc7/spack-src/src/H5Dcontig.c line 659 in H5D__contig_write(): contiguous write failed
    major: Dataset
    minor: Write failed
  #003: /scratch/spack_cpu/job_21700923/spack-stage/spack-stage-hdf5-1.10.7-xexa2gll6hf6okdatgrxiwhcjs2uepc7/spack-src/src/H5Dselect.c line 321 in H5D__select_write(): write error
    major: Dataspace
    minor: Write failed
  #004: /scratch/spack_cpu/job_21700923/spack-stage/spack-stage-hdf5-1.10.7-xexa2gll6hf6okdatgrxiwhcjs2uepc7/spack-src/src/H5Dselect.c line 230 in H5D__select_io(): write error
    major: Dataspace
    minor: Write failed
  #005: /scratch/spack_cpu/job_21700923/spack-stage/spack-stage-hdf5-1.10.7-xexa2gll6hf6okdatgrxiwhcjs2uepc7/spack-src/src/H5Dcontig.c line 1281 in H5D__contig_writevv(): can't perform vectorized sieve buffer write
    major: Dataset
    minor: Can't operate on object
  #006: /scratch/spack_cpu/job_21700923/spack-stage/spack-stage-hdf5-1.10.7-xexa2gll6hf6okdatgrxiwhcjs2uepc7/spack-src/src/H5VM.c line 1464 in H5VM_opvv(): can't perform operation
    major: Internal error (too specific to document in detail)
    minor: Can't operate on object
  #007: /scratch/spack_cpu/job_21700923/spack-stage/spack-stage-hdf5-1.10.7-xexa2gll6hf6okdatgrxiwhcjs2uepc7/spack-src/src/H5Dcontig.c line 1029 in H5D__contig_writevv_sieve_cb(): block write failed
    major: Dataset
    minor: Write failed
  #008: /scratch/spack_cpu/job_21700923/spack-stage/spack-stage-hdf5-1.10.7-xexa2gll6hf6okdatgrxiwhcjs2uepc7/spack-src/src/H5Fio.c line 161 in H5F_block_write(): write through page buffer failed
    major: Low-level I/O
    minor: Write failed
  #009: /scratch/spack_cpu/job_21700923/spack-stage/spack-stage-hdf5-1.10.7-xexa2gll6hf6okdatgrxiwhcjs2uepc7/spack-src/src/H5PB.c line 1032 in H5PB_write(): write through metadata accumulator failed
    major: Page Buffering
    minor: Write failed
  #010: /scratch/spack_cpu/job_21700923/spack-stage/spack-stage-hdf5-1.10.7-xexa2gll6hf6okdatgrxiwhcjs2uepc7/spack-src/src/H5Faccum.c line 824 in H5F__accum_write(): file write failed
    major: Low-level I/O
    minor: Write failed
  #011: /scratch/spack_cpu/job_21700923/spack-stage/spack-stage-hdf5-1.10.7-xexa2gll6hf6okdatgrxiwhcjs2uepc7/spack-src/src/H5FDint.c line 249 in H5FD_write(): driver write request failed
    major: Virtual File Layer
    minor: Write failed
  #012: /scratch/spack_cpu/job_21700923/spack-stage/spack-stage-hdf5-1.10.7-xexa2gll6hf6okdatgrxiwhcjs2uepc7/spack-src/src/H5FDsec2.c line 856 in H5FD__sec2_write(): file write failed: time = Wed Nov 19 08:35:03 2025
, filename = 'checkpoint.h5', file descriptor = 5, errno = 14, error message = 'Bad address', buf = 0x1555537c4000, total write size = 15969552, bytes this sub-write = 15969552, bytes actually written = 18446744073709551615, offset = 0
    major: Low-level I/O
    minor: Write failed
HDF5-DIAG: Error detected in HDF5 (1.10.7) thread 0:
  #000: /scratch/spack_cpu/job_21700923/spack-stage/spack-stage-hdf5-1.10.7-xexa2gll6hf6okdatgrxiwhcjs2uepc7/spack-src/src/H5Dio.c line 335 in H5Dwrite(): can't write data
    major: Dataset
    minor: Write failed
  #001: /scratch/spack_cpu/job_21700923/spack-stage/spack-stage-hdf5-1.10.7-xexa2gll6hf6okdatgrxiwhcjs2uepc7/spack-src/src/H5Dio.c line 813 in H5D__write(): can't write data
    major: Dataset
    minor: Write failed
  #002: /scratch/spack_cpu/job_21700923/spack-stage/spack-stage-hdf5-1.10.7-xexa2gll6hf6okdatgrxiwhcjs2uepc7/spack-src/src/H5Dcontig.c line 659 in H5D__contig_write(): contiguous write failed
    major: Dataset
    minor: Write failed
  #003: /scratch/spack_cpu/job_21700923/spack-stage/spack-stage-hdf5-1.10.7-xexa2gll6hf6okdatgrxiwhcjs2uepc7/spack-src/src/H5Dselect.c line 321 in H5D__select_write(): write error
    major: Dataspace
    minor: Write failed
  #004: /scratch/spack_cpu/job_21700923/spack-stage/spack-stage-hdf5-1.10.7-xexa2gll6hf6okdatgrxiwhcjs2uepc7/spack-src/src/H5Dselect.c line 230 in H5D__select_io(): write error
    major: Dataspace
    minor: Write failed
  #005: /scratch/spack_cpu/job_21700923/spack-stage/spack-stage-hdf5-1.10.7-xexa2gll6hf6okdatgrxiwhcjs2uepc7/spack-src/src/H5Dcontig.c line 1281 in H5D__contig_writevv(): can't perform vectorized sieve buffer write
    major: Dataset
    minor: Can't operate on object
  #006: /scratch/spack_cpu/job_21700923/spack-stage/spack-stage-hdf5-1.10.7-xexa2gll6hf6okdatgrxiwhcjs2uepc7/spack-src/src/H5VM.c line 1464 in H5VM_opvv(): can't perform operation
    major: Internal error (too specific to document in detail)
    minor: Can't operate on object
  #007: /scratch/spack_cpu/job_21700923/spack-stage/spack-stage-hdf5-1.10.7-xexa2gll6hf6okdatgrxiwhcjs2uepc7/spack-src/src/H5Dcontig.c line 1029 in H5D__contig_writevv_sieve_cb(): block write failed
    major: Dataset
    minor: Write failed
  #008: /scratch/spack_cpu/job_21700923/spack-stage/spack-stage-hdf5-1.10.7-xexa2gll6hf6okdatgrxiwhcjs2uepc7/spack-src/src/H5Fio.c line 161 in H5F_block_write(): write through page buffer failed
    major: Low-level I/O
    minor: Write failed
  #009: /scratch/spack_cpu/job_21700923/spack-stage/spack-stage-hdf5-1.10.7-xexa2gll6hf6okdatgrxiwhcjs2uepc7/spack-src/src/H5PB.c line 1032 in H5PB_write(): write through metadata accumulator failed
    major: Page Buffering
    minor: Write failed
  #010: /scratch/spack_cpu/job_21700923/spack-stage/spack-stage-hdf5-1.10.7-xexa2gll6hf6okdatgrxiwhcjs2uepc7/spack-src/src/H5Faccum.c line 824 in H5F__accum_write(): file write failed
    major: Low-level I/O
    minor: Write failed
  #011: /scratch/spack_cpu/job_21700923/spack-stage/spack-stage-hdf5-1.10.7-xexa2gll6hf6okdatgrxiwhcjs2uepc7/spack-src/src/H5FDint.c line 249 in H5FD_write(): driver write request failed
    major: Virtual File Layer
    minor: Write failed
  #012: /scratch/spack_cpu/job_21700923/spack-stage/spack-stage-hdf5-1.10.7-xexa2gll6hf6okdatgrxiwhcjs2uepc7/spack-src/src/H5FDsec2.c line 856 in H5FD__sec2_write(): file write failed: time = Wed Nov 19 08:35:15 2025
, filename = 'checkpoint.h5', file descriptor = 5, errno = 14, error message = 'Bad address', buf = 0x1555537c4000, total write size = 15969552, bytes this sub-write = 15969552, bytes actually written = 18446744073709551615, offset = 0
    major: Low-level I/O
    minor: Write failed
HDF5-DIAG: Error detected in HDF5 (1.10.7) thread 0:
  #000: /scratch/spack_cpu/job_21700923/spack-stage/spack-stage-hdf5-1.10.7-xexa2gll6hf6okdatgrxiwhcjs2uepc7/spack-src/src/H5Dio.c line 335 in H5Dwrite(): can't write data
    major: Dataset
    minor: Write failed
  #001: /scratch/spack_cpu/job_21700923/spack-stage/spack-stage-hdf5-1.10.7-xexa2gll6hf6okdatgrxiwhcjs2uepc7/spack-src/src/H5Dio.c line 813 in H5D__write(): can't write data
    major: Dataset
    minor: Write failed
  #002: /scratch/spack_cpu/job_21700923/spack-stage/spack-stage-hdf5-1.10.7-xexa2gll6hf6okdatgrxiwhcjs2uepc7/spack-src/src/H5Dcontig.c line 659 in H5D__contig_write(): contiguous write failed
    major: Dataset
    minor: Write failed
  #003: /scratch/spack_cpu/job_21700923/spack-stage/spack-stage-hdf5-1.10.7-xexa2gll6hf6okdatgrxiwhcjs2uepc7/spack-src/src/H5Dselect.c line 321 in H5D__select_write(): write error
    major: Dataspace
    minor: Write failed
  #004: /scratch/spack_cpu/job_21700923/spack-stage/spack-stage-hdf5-1.10.7-xexa2gll6hf6okdatgrxiwhcjs2uepc7/spack-src/src/H5Dselect.c line 230 in H5D__select_io(): write error
    major: Dataspace
    minor: Write failed
  #005: /scratch/spack_cpu/job_21700923/spack-stage/spack-stage-hdf5-1.10.7-xexa2gll6hf6okdatgrxiwhcjs2uepc7/spack-src/src/H5Dcontig.c line 1281 in H5D__contig_writevv(): can't perform vectorized sieve buffer write
    major: Dataset
    minor: Can't operate on object
  #006: /scratch/spack_cpu/job_21700923/spack-stage/spack-stage-hdf5-1.10.7-xexa2gll6hf6okdatgrxiwhcjs2uepc7/spack-src/src/H5VM.c line 1464 in H5VM_opvv(): can't perform operation
    major: Internal error (too specific to document in detail)
    minor: Can't operate on object
  #007: /scratch/spack_cpu/job_21700923/spack-stage/spack-stage-hdf5-1.10.7-xexa2gll6hf6okdatgrxiwhcjs2uepc7/spack-src/src/H5Dcontig.c line 1029 in H5D__contig_writevv_sieve_cb(): block write failed
    major: Dataset
    minor: Write failed
  #008: /scratch/spack_cpu/job_21700923/spack-stage/spack-stage-hdf5-1.10.7-xexa2gll6hf6okdatgrxiwhcjs2uepc7/spack-src/src/H5Fio.c line 161 in H5F_block_write(): write through page buffer failed
    major: Low-level I/O
    minor: Write failed
  #009: /scratch/spack_cpu/job_21700923/spack-stage/spack-stage-hdf5-1.10.7-xexa2gll6hf6okdatgrxiwhcjs2uepc7/spack-src/src/H5PB.c line 1032 in H5PB_write(): write through metadata accumulator failed
    major: Page Buffering
    minor: Write failed
  #010: /scratch/spack_cpu/job_21700923/spack-stage/spack-stage-hdf5-1.10.7-xexa2gll6hf6okdatgrxiwhcjs2uepc7/spack-src/src/H5Faccum.c line 824 in H5F__accum_write(): file write failed
    major: Low-level I/O
    minor: Write failed
  #011: /scratch/spack_cpu/job_21700923/spack-stage/spack-stage-hdf5-1.10.7-xexa2gll6hf6okdatgrxiwhcjs2uepc7/spack-src/src/H5FDint.c line 249 in H5FD_write(): driver write request failed
    major: Virtual File Layer
    minor: Write failed
  #012: /scratch/spack_cpu/job_21700923/spack-stage/spack-stage-hdf5-1.10.7-xexa2gll6hf6okdatgrxiwhcjs2uepc7/spack-src/src/H5FDsec2.c line 856 in H5FD__sec2_write(): file write failed: time = Wed Nov 19 08:35:27 2025
, filename = 'checkpoint.h5', file descriptor = 5, errno = 14, error message = 'Bad address', buf = 0x1555537c4000, total write size = 15969552, bytes this sub-write = 15969552, bytes actually written = 18446744073709551615, offset = 0
    major: Low-level I/O
    minor: Write failed
HDF5-DIAG: Error detected in HDF5 (1.10.7) thread 0:
  #000: /scratch/spack_cpu/job_21700923/spack-stage/spack-stage-hdf5-1.10.7-xexa2gll6hf6okdatgrxiwhcjs2uepc7/spack-src/src/H5Dio.c line 335 in H5Dwrite(): can't write data
    major: Dataset
    minor: Write failed
  #001: /scratch/spack_cpu/job_21700923/spack-stage/spack-stage-hdf5-1.10.7-xexa2gll6hf6okdatgrxiwhcjs2uepc7/spack-src/src/H5Dio.c line 813 in H5D__write(): can't write data
    major: Dataset
    minor: Write failed
  #002: /scratch/spack_cpu/job_21700923/spack-stage/spack-stage-hdf5-1.10.7-xexa2gll6hf6okdatgrxiwhcjs2uepc7/spack-src/src/H5Dcontig.c line 659 in H5D__contig_write(): contiguous write failed
    major: Dataset
    minor: Write failed
  #003: /scratch/spack_cpu/job_21700923/spack-stage/spack-stage-hdf5-1.10.7-xexa2gll6hf6okdatgrxiwhcjs2uepc7/spack-src/src/H5Dselect.c line 321 in H5D__select_write(): write error
    major: Dataspace
    minor: Write failed
  #004: /scratch/spack_cpu/job_21700923/spack-stage/spack-stage-hdf5-1.10.7-xexa2gll6hf6okdatgrxiwhcjs2uepc7/spack-src/src/H5Dselect.c line 230 in H5D__select_io(): write error
    major: Dataspace
    minor: Write failed
  #005: /scratch/spack_cpu/job_21700923/spack-stage/spack-stage-hdf5-1.10.7-xexa2gll6hf6okdatgrxiwhcjs2uepc7/spack-src/src/H5Dcontig.c line 1281 in H5D__contig_writevv(): can't perform vectorized sieve buffer write
    major: Dataset
    minor: Can't operate on object
  #006: /scratch/spack_cpu/job_21700923/spack-stage/spack-stage-hdf5-1.10.7-xexa2gll6hf6okdatgrxiwhcjs2uepc7/spack-src/src/H5VM.c line 1464 in H5VM_opvv(): can't perform operation
    major: Internal error (too specific to document in detail)
    minor: Can't operate on object
  #007: /scratch/spack_cpu/job_21700923/spack-stage/spack-stage-hdf5-1.10.7-xexa2gll6hf6okdatgrxiwhcjs2uepc7/spack-src/src/H5Dcontig.c line 1029 in H5D__contig_writevv_sieve_cb(): block write failed
    major: Dataset
    minor: Write failed
  #008: /scratch/spack_cpu/job_21700923/spack-stage/spack-stage-hdf5-1.10.7-xexa2gll6hf6okdatgrxiwhcjs2uepc7/spack-src/src/H5Fio.c line 161 in H5F_block_write(): write through page buffer failed
    major: Low-level I/O
    minor: Write failed
  #009: /scratch/spack_cpu/job_21700923/spack-stage/spack-stage-hdf5-1.10.7-xexa2gll6hf6okdatgrxiwhcjs2uepc7/spack-src/src/H5PB.c line 1032 in H5PB_write(): write through metadata accumulator failed
    major: Page Buffering
    minor: Write failed
  #010: /scratch/spack_cpu/job_21700923/spack-stage/spack-stage-hdf5-1.10.7-xexa2gll6hf6okdatgrxiwhcjs2uepc7/spack-src/src/H5Faccum.c line 824 in H5F__accum_write(): file write failed
    major: Low-level I/O
    minor: Write failed
  #011: /scratch/spack_cpu/job_21700923/spack-stage/spack-stage-hdf5-1.10.7-xexa2gll6hf6okdatgrxiwhcjs2uepc7/spack-src/src/H5FDint.c line 249 in H5FD_write(): driver write request failed
    major: Virtual File Layer
    minor: Write failed
  #012: /scratch/spack_cpu/job_21700923/spack-stage/spack-stage-hdf5-1.10.7-xexa2gll6hf6okdatgrxiwhcjs2uepc7/spack-src/src/H5FDsec2.c line 856 in H5FD__sec2_write(): file write failed: time = Wed Nov 19 08:35:39 2025
, filename = 'checkpoint.h5', file descriptor = 5, errno = 14, error message = 'Bad address', buf = 0x1555537c4000, total write size = 15969552, bytes this sub-write = 15969552, bytes actually written = 18446744073709551615, offset = 0
    major: Low-level I/O
    minor: Write failed
HDF5-DIAG: Error detected in HDF5 (1.10.7) thread 0:
  #000: /scratch/spack_cpu/job_21700923/spack-stage/spack-stage-hdf5-1.10.7-xexa2gll6hf6okdatgrxiwhcjs2uepc7/spack-src/src/H5Dio.c line 335 in H5Dwrite(): can't write data
    major: Dataset
    minor: Write failed
  #001: /scratch/spack_cpu/job_21700923/spack-stage/spack-stage-hdf5-1.10.7-xexa2gll6hf6okdatgrxiwhcjs2uepc7/spack-src/src/H5Dio.c line 813 in H5D__write(): can't write data
    major: Dataset
    minor: Write failed
  #002: /scratch/spack_cpu/job_21700923/spack-stage/spack-stage-hdf5-1.10.7-xexa2gll6hf6okdatgrxiwhcjs2uepc7/spack-src/src/H5Dcontig.c line 659 in H5D__contig_write(): contiguous write failed
    major: Dataset
    minor: Write failed
  #003: /scratch/spack_cpu/job_21700923/spack-stage/spack-stage-hdf5-1.10.7-xexa2gll6hf6okdatgrxiwhcjs2uepc7/spack-src/src/H5Dselect.c line 321 in H5D__select_write(): write error
    major: Dataspace
    minor: Write failed
  #004: /scratch/spack_cpu/job_21700923/spack-stage/spack-stage-hdf5-1.10.7-xexa2gll6hf6okdatgrxiwhcjs2uepc7/spack-src/src/H5Dselect.c line 230 in H5D__select_io(): write error
    major: Dataspace
    minor: Write failed
  #005: /scratch/spack_cpu/job_21700923/spack-stage/spack-stage-hdf5-1.10.7-xexa2gll6hf6okdatgrxiwhcjs2uepc7/spack-src/src/H5Dcontig.c line 1281 in H5D__contig_writevv(): can't perform vectorized sieve buffer write
    major: Dataset
    minor: Can't operate on object
  #006: /scratch/spack_cpu/job_21700923/spack-stage/spack-stage-hdf5-1.10.7-xexa2gll6hf6okdatgrxiwhcjs2uepc7/spack-src/src/H5VM.c line 1464 in H5VM_opvv(): can't perform operation
    major: Internal error (too specific to document in detail)
    minor: Can't operate on object
  #007: /scratch/spack_cpu/job_21700923/spack-stage/spack-stage-hdf5-1.10.7-xexa2gll6hf6okdatgrxiwhcjs2uepc7/spack-src/src/H5Dcontig.c line 1029 in H5D__contig_writevv_sieve_cb(): block write failed
    major: Dataset
    minor: Write failed
  #008: /scratch/spack_cpu/job_21700923/spack-stage/spack-stage-hdf5-1.10.7-xexa2gll6hf6okdatgrxiwhcjs2uepc7/spack-src/src/H5Fio.c line 161 in H5F_block_write(): write through page buffer failed
    major: Low-level I/O
    minor: Write failed
  #009: /scratch/spack_cpu/job_21700923/spack-stage/spack-stage-hdf5-1.10.7-xexa2gll6hf6okdatgrxiwhcjs2uepc7/spack-src/src/H5PB.c line 1032 in H5PB_write(): write through metadata accumulator failed
    major: Page Buffering
    minor: Write failed
  #010: /scratch/spack_cpu/job_21700923/spack-stage/spack-stage-hdf5-1.10.7-xexa2gll6hf6okdatgrxiwhcjs2uepc7/spack-src/src/H5Faccum.c line 824 in H5F__accum_write(): file write failed
    major: Low-level I/O
    minor: Write failed
  #011: /scratch/spack_cpu/job_21700923/spack-stage/spack-stage-hdf5-1.10.7-xexa2gll6hf6okdatgrxiwhcjs2uepc7/spack-src/src/H5FDint.c line 249 in H5FD_write(): driver write request failed
    major: Virtual File Layer
    minor: Write failed
  #012: /scratch/spack_cpu/job_21700923/spack-stage/spack-stage-hdf5-1.10.7-xexa2gll6hf6okdatgrxiwhcjs2uepc7/spack-src/src/H5FDsec2.c line 856 in H5FD__sec2_write(): file write failed: time = Wed Nov 19 08:35:51 2025
, filename = 'checkpoint.h5', file descriptor = 5, errno = 14, error message = 'Bad address', buf = 0x1555537c4000, total write size = 15969552, bytes this sub-write = 15969552, bytes actually written = 18446744073709551615, offset = 0
    major: Low-level I/O
    minor: Write failed
HDF5-DIAG: Error detected in HDF5 (1.10.7) thread 0:
  #000: /scratch/spack_cpu/job_21700923/spack-stage/spack-stage-hdf5-1.10.7-xexa2gll6hf6okdatgrxiwhcjs2uepc7/spack-src/src/H5Dio.c line 335 in H5Dwrite(): can't write data
    major: Dataset
    minor: Write failed
  #001: /scratch/spack_cpu/job_21700923/spack-stage/spack-stage-hdf5-1.10.7-xexa2gll6hf6okdatgrxiwhcjs2uepc7/spack-src/src/H5Dio.c line 813 in H5D__write(): can't write data
    major: Dataset
    minor: Write failed
  #002: /scratch/spack_cpu/job_21700923/spack-stage/spack-stage-hdf5-1.10.7-xexa2gll6hf6okdatgrxiwhcjs2uepc7/spack-src/src/H5Dcontig.c line 659 in H5D__contig_write(): contiguous write failed
    major: Dataset
    minor: Write failed
  #003: /scratch/spack_cpu/job_21700923/spack-stage/spack-stage-hdf5-1.10.7-xexa2gll6hf6okdatgrxiwhcjs2uepc7/spack-src/src/H5Dselect.c line 321 in H5D__select_write(): write error
    major: Dataspace
    minor: Write failed
  #004: /scratch/spack_cpu/job_21700923/spack-stage/spack-stage-hdf5-1.10.7-xexa2gll6hf6okdatgrxiwhcjs2uepc7/spack-src/src/H5Dselect.c line 230 in H5D__select_io(): write error
    major: Dataspace
    minor: Write failed
  #005: /scratch/spack_cpu/job_21700923/spack-stage/spack-stage-hdf5-1.10.7-xexa2gll6hf6okdatgrxiwhcjs2uepc7/spack-src/src/H5Dcontig.c line 1281 in H5D__contig_writevv(): can't perform vectorized sieve buffer write
    major: Dataset
    minor: Can't operate on object
  #006: /scratch/spack_cpu/job_21700923/spack-stage/spack-stage-hdf5-1.10.7-xexa2gll6hf6okdatgrxiwhcjs2uepc7/spack-src/src/H5VM.c line 1464 in H5VM_opvv(): can't perform operation
    major: Internal error (too specific to document in detail)
    minor: Can't operate on object
  #007: /scratch/spack_cpu/job_21700923/spack-stage/spack-stage-hdf5-1.10.7-xexa2gll6hf6okdatgrxiwhcjs2uepc7/spack-src/src/H5Dcontig.c line 1029 in H5D__contig_writevv_sieve_cb(): block write failed
    major: Dataset
    minor: Write failed
  #008: /scratch/spack_cpu/job_21700923/spack-stage/spack-stage-hdf5-1.10.7-xexa2gll6hf6okdatgrxiwhcjs2uepc7/spack-src/src/H5Fio.c line 161 in H5F_block_write(): write through page buffer failed
    major: Low-level I/O
    minor: Write failed
  #009: /scratch/spack_cpu/job_21700923/spack-stage/spack-stage-hdf5-1.10.7-xexa2gll6hf6okdatgrxiwhcjs2uepc7/spack-src/src/H5PB.c line 1032 in H5PB_write(): write through metadata accumulator failed
    major: Page Buffering
    minor: Write failed
  #010: /scratch/spack_cpu/job_21700923/spack-stage/spack-stage-hdf5-1.10.7-xexa2gll6hf6okdatgrxiwhcjs2uepc7/spack-src/src/H5Faccum.c line 824 in H5F__accum_write(): file write failed
    major: Low-level I/O
    minor: Write failed
  #011: /scratch/spack_cpu/job_21700923/spack-stage/spack-stage-hdf5-1.10.7-xexa2gll6hf6okdatgrxiwhcjs2uepc7/spack-src/src/H5FDint.c line 249 in H5FD_write(): driver write request failed
    major: Virtual File Layer
    minor: Write failed
  #012: /scratch/spack_cpu/job_21700923/spack-stage/spack-stage-hdf5-1.10.7-xexa2gll6hf6okdatgrxiwhcjs2uepc7/spack-src/src/H5FDsec2.c line 856 in H5FD__sec2_write(): file write failed: time = Wed Nov 19 08:36:03 2025
, filename = 'checkpoint.h5', file descriptor = 5, errno = 14, error message = 'Bad address', buf = 0x1555537c4000, total write size = 15969552, bytes this sub-write = 15969552, bytes actually written = 18446744073709551615, offset = 0
    major: Low-level I/O
    minor: Write failed
HDF5-DIAG: Error detected in HDF5 (1.10.7) thread 0:
  #000: /scratch/spack_cpu/job_21700923/spack-stage/spack-stage-hdf5-1.10.7-xexa2gll6hf6okdatgrxiwhcjs2uepc7/spack-src/src/H5Dio.c line 335 in H5Dwrite(): can't write data
    major: Dataset
    minor: Write failed
  #001: /scratch/spack_cpu/job_21700923/spack-stage/spack-stage-hdf5-1.10.7-xexa2gll6hf6okdatgrxiwhcjs2uepc7/spack-src/src/H5Dio.c line 813 in H5D__write(): can't write data
    major: Dataset
    minor: Write failed
  #002: /scratch/spack_cpu/job_21700923/spack-stage/spack-stage-hdf5-1.10.7-xexa2gll6hf6okdatgrxiwhcjs2uepc7/spack-src/src/H5Dcontig.c line 659 in H5D__contig_write(): contiguous write failed
    major: Dataset
    minor: Write failed
  #003: /scratch/spack_cpu/job_21700923/spack-stage/spack-stage-hdf5-1.10.7-xexa2gll6hf6okdatgrxiwhcjs2uepc7/spack-src/src/H5Dselect.c line 321 in H5D__select_write(): write error
    major: Dataspace
    minor: Write failed
  #004: /scratch/spack_cpu/job_21700923/spack-stage/spack-stage-hdf5-1.10.7-xexa2gll6hf6okdatgrxiwhcjs2uepc7/spack-src/src/H5Dselect.c line 230 in H5D__select_io(): write error
    major: Dataspace
    minor: Write failed
  #005: /scratch/spack_cpu/job_21700923/spack-stage/spack-stage-hdf5-1.10.7-xexa2gll6hf6okdatgrxiwhcjs2uepc7/spack-src/src/H5Dcontig.c line 1281 in H5D__contig_writevv(): can't perform vectorized sieve buffer write
    major: Dataset
    minor: Can't operate on object
  #006: /scratch/spack_cpu/job_21700923/spack-stage/spack-stage-hdf5-1.10.7-xexa2gll6hf6okdatgrxiwhcjs2uepc7/spack-src/src/H5VM.c line 1464 in H5VM_opvv(): can't perform operation
    major: Internal error (too specific to document in detail)
    minor: Can't operate on object
  #007: /scratch/spack_cpu/job_21700923/spack-stage/spack-stage-hdf5-1.10.7-xexa2gll6hf6okdatgrxiwhcjs2uepc7/spack-src/src/H5Dcontig.c line 1029 in H5D__contig_writevv_sieve_cb(): block write failed
    major: Dataset
    minor: Write failed
  #008: /scratch/spack_cpu/job_21700923/spack-stage/spack-stage-hdf5-1.10.7-xexa2gll6hf6okdatgrxiwhcjs2uepc7/spack-src/src/H5Fio.c line 161 in H5F_block_write(): write through page buffer failed
    major: Low-level I/O
    minor: Write failed
  #009: /scratch/spack_cpu/job_21700923/spack-stage/spack-stage-hdf5-1.10.7-xexa2gll6hf6okdatgrxiwhcjs2uepc7/spack-src/src/H5PB.c line 1032 in H5PB_write(): write through metadata accumulator failed
    major: Page Buffering
    minor: Write failed
  #010: /scratch/spack_cpu/job_21700923/spack-stage/spack-stage-hdf5-1.10.7-xexa2gll6hf6okdatgrxiwhcjs2uepc7/spack-src/src/H5Faccum.c line 824 in H5F__accum_write(): file write failed
    major: Low-level I/O
    minor: Write failed
  #011: /scratch/spack_cpu/job_21700923/spack-stage/spack-stage-hdf5-1.10.7-xexa2gll6hf6okdatgrxiwhcjs2uepc7/spack-src/src/H5FDint.c line 249 in H5FD_write(): driver write request failed
    major: Virtual File Layer
    minor: Write failed
  #012: /scratch/spack_cpu/job_21700923/spack-stage/spack-stage-hdf5-1.10.7-xexa2gll6hf6okdatgrxiwhcjs2uepc7/spack-src/src/H5FDsec2.c line 856 in H5FD__sec2_write(): file write failed: time = Wed Nov 19 08:36:14 2025
, filename = 'checkpoint.h5', file descriptor = 5, errno = 14, error message = 'Bad address', buf = 0x1555537c4000, total write size = 15969552, bytes this sub-write = 15969552, bytes actually written = 18446744073709551615, offset = 0
    major: Low-level I/O
    minor: Write failed
HDF5-DIAG: Error detected in HDF5 (1.10.7) thread 0:
  #000: /scratch/spack_cpu/job_21700923/spack-stage/spack-stage-hdf5-1.10.7-xexa2gll6hf6okdatgrxiwhcjs2uepc7/spack-src/src/H5Dio.c line 335 in H5Dwrite(): can't write data
    major: Dataset
    minor: Write failed
  #001: /scratch/spack_cpu/job_21700923/spack-stage/spack-stage-hdf5-1.10.7-xexa2gll6hf6okdatgrxiwhcjs2uepc7/spack-src/src/H5Dio.c line 813 in H5D__write(): can't write data
    major: Dataset
    minor: Write failed
  #002: /scratch/spack_cpu/job_21700923/spack-stage/spack-stage-hdf5-1.10.7-xexa2gll6hf6okdatgrxiwhcjs2uepc7/spack-src/src/H5Dcontig.c line 659 in H5D__contig_write(): contiguous write failed
    major: Dataset
    minor: Write failed
  #003: /scratch/spack_cpu/job_21700923/spack-stage/spack-stage-hdf5-1.10.7-xexa2gll6hf6okdatgrxiwhcjs2uepc7/spack-src/src/H5Dselect.c line 321 in H5D__select_write(): write error
    major: Dataspace
    minor: Write failed
  #004: /scratch/spack_cpu/job_21700923/spack-stage/spack-stage-hdf5-1.10.7-xexa2gll6hf6okdatgrxiwhcjs2uepc7/spack-src/src/H5Dselect.c line 230 in H5D__select_io(): write error
    major: Dataspace
    minor: Write failed
  #005: /scratch/spack_cpu/job_21700923/spack-stage/spack-stage-hdf5-1.10.7-xexa2gll6hf6okdatgrxiwhcjs2uepc7/spack-src/src/H5Dcontig.c line 1281 in H5D__contig_writevv(): can't perform vectorized sieve buffer write
    major: Dataset
    minor: Can't operate on object
  #006: /scratch/spack_cpu/job_21700923/spack-stage/spack-stage-hdf5-1.10.7-xexa2gll6hf6okdatgrxiwhcjs2uepc7/spack-src/src/H5VM.c line 1464 in H5VM_opvv(): can't perform operation
    major: Internal error (too specific to document in detail)
    minor: Can't operate on object
  #007: /scratch/spack_cpu/job_21700923/spack-stage/spack-stage-hdf5-1.10.7-xexa2gll6hf6okdatgrxiwhcjs2uepc7/spack-src/src/H5Dcontig.c line 1029 in H5D__contig_writevv_sieve_cb(): block write failed
    major: Dataset
    minor: Write failed
  #008: /scratch/spack_cpu/job_21700923/spack-stage/spack-stage-hdf5-1.10.7-xexa2gll6hf6okdatgrxiwhcjs2uepc7/spack-src/src/H5Fio.c line 161 in H5F_block_write(): write through page buffer failed
    major: Low-level I/O
    minor: Write failed
  #009: /scratch/spack_cpu/job_21700923/spack-stage/spack-stage-hdf5-1.10.7-xexa2gll6hf6okdatgrxiwhcjs2uepc7/spack-src/src/H5PB.c line 1032 in H5PB_write(): write through metadata accumulator failed
    major: Page Buffering
    minor: Write failed
  #010: /scratch/spack_cpu/job_21700923/spack-stage/spack-stage-hdf5-1.10.7-xexa2gll6hf6okdatgrxiwhcjs2uepc7/spack-src/src/H5Faccum.c line 824 in H5F__accum_write(): file write failed
    major: Low-level I/O
    minor: Write failed
  #011: /scratch/spack_cpu/job_21700923/spack-stage/spack-stage-hdf5-1.10.7-xexa2gll6hf6okdatgrxiwhcjs2uepc7/spack-src/src/H5FDint.c line 249 in H5FD_write(): driver write request failed
    major: Virtual File Layer
    minor: Write failed
  #012: /scratch/spack_cpu/job_21700923/spack-stage/spack-stage-hdf5-1.10.7-xexa2gll6hf6okdatgrxiwhcjs2uepc7/spack-src/src/H5FDsec2.c line 856 in H5FD__sec2_write(): file write failed: time = Wed Nov 19 08:36:26 2025
, filename = 'checkpoint.h5', file descriptor = 5, errno = 14, error message = 'Bad address', buf = 0x1555537c4000, total write size = 15969552, bytes this sub-write = 15969552, bytes actually written = 18446744073709551615, offset = 0
    major: Low-level I/O
    minor: Write failed
HDF5-DIAG: Error detected in HDF5 (1.10.7) thread 0:
  #000: /scratch/spack_cpu/job_21700923/spack-stage/spack-stage-hdf5-1.10.7-xexa2gll6hf6okdatgrxiwhcjs2uepc7/spack-src/src/H5Dio.c line 335 in H5Dwrite(): can't write data
    major: Dataset
    minor: Write failed
  #001: /scratch/spack_cpu/job_21700923/spack-stage/spack-stage-hdf5-1.10.7-xexa2gll6hf6okdatgrxiwhcjs2uepc7/spack-src/src/H5Dio.c line 813 in H5D__write(): can't write data
    major: Dataset
    minor: Write failed
  #002: /scratch/spack_cpu/job_21700923/spack-stage/spack-stage-hdf5-1.10.7-xexa2gll6hf6okdatgrxiwhcjs2uepc7/spack-src/src/H5Dcontig.c line 659 in H5D__contig_write(): contiguous write failed
    major: Dataset
    minor: Write failed
  #003: /scratch/spack_cpu/job_21700923/spack-stage/spack-stage-hdf5-1.10.7-xexa2gll6hf6okdatgrxiwhcjs2uepc7/spack-src/src/H5Dselect.c line 321 in H5D__select_write(): write error
    major: Dataspace
    minor: Write failed
  #004: /scratch/spack_cpu/job_21700923/spack-stage/spack-stage-hdf5-1.10.7-xexa2gll6hf6okdatgrxiwhcjs2uepc7/spack-src/src/H5Dselect.c line 230 in H5D__select_io(): write error
    major: Dataspace
    minor: Write failed
  #005: /scratch/spack_cpu/job_21700923/spack-stage/spack-stage-hdf5-1.10.7-xexa2gll6hf6okdatgrxiwhcjs2uepc7/spack-src/src/H5Dcontig.c line 1281 in H5D__contig_writevv(): can't perform vectorized sieve buffer write
    major: Dataset
    minor: Can't operate on object
  #006: /scratch/spack_cpu/job_21700923/spack-stage/spack-stage-hdf5-1.10.7-xexa2gll6hf6okdatgrxiwhcjs2uepc7/spack-src/src/H5VM.c line 1464 in H5VM_opvv(): can't perform operation
    major: Internal error (too specific to document in detail)
    minor: Can't operate on object
  #007: /scratch/spack_cpu/job_21700923/spack-stage/spack-stage-hdf5-1.10.7-xexa2gll6hf6okdatgrxiwhcjs2uepc7/spack-src/src/H5Dcontig.c line 1029 in H5D__contig_writevv_sieve_cb(): block write failed
    major: Dataset
    minor: Write failed
  #008: /scratch/spack_cpu/job_21700923/spack-stage/spack-stage-hdf5-1.10.7-xexa2gll6hf6okdatgrxiwhcjs2uepc7/spack-src/src/H5Fio.c line 161 in H5F_block_write(): write through page buffer failed
    major: Low-level I/O
    minor: Write failed
  #009: /scratch/spack_cpu/job_21700923/spack-stage/spack-stage-hdf5-1.10.7-xexa2gll6hf6okdatgrxiwhcjs2uepc7/spack-src/src/H5PB.c line 1032 in H5PB_write(): write through metadata accumulator failed
    major: Page Buffering
    minor: Write failed
  #010: /scratch/spack_cpu/job_21700923/spack-stage/spack-stage-hdf5-1.10.7-xexa2gll6hf6okdatgrxiwhcjs2uepc7/spack-src/src/H5Faccum.c line 824 in H5F__accum_write(): file write failed
    major: Low-level I/O
    minor: Write failed
  #011: /scratch/spack_cpu/job_21700923/spack-stage/spack-stage-hdf5-1.10.7-xexa2gll6hf6okdatgrxiwhcjs2uepc7/spack-src/src/H5FDint.c line 249 in H5FD_write(): driver write request failed
    major: Virtual File Layer
    minor: Write failed
  #012: /scratch/spack_cpu/job_21700923/spack-stage/spack-stage-hdf5-1.10.7-xexa2gll6hf6okdatgrxiwhcjs2uepc7/spack-src/src/H5FDsec2.c line 856 in H5FD__sec2_write(): file write failed: time = Wed Nov 19 08:36:38 2025
, filename = 'checkpoint.h5', file descriptor = 5, errno = 14, error message = 'Bad address', buf = 0x1555537c4000, total write size = 15969552, bytes this sub-write = 15969552, bytes actually written = 18446744073709551615, offset = 0
    major: Low-level I/O
    minor: Write failed
HDF5-DIAG: Error detected in HDF5 (1.10.7) thread 0:
  #000: /scratch/spack_cpu/job_21700923/spack-stage/spack-stage-hdf5-1.10.7-xexa2gll6hf6okdatgrxiwhcjs2uepc7/spack-src/src/H5Dio.c line 335 in H5Dwrite(): can't write data
    major: Dataset
    minor: Write failed
  #001: /scratch/spack_cpu/job_21700923/spack-stage/spack-stage-hdf5-1.10.7-xexa2gll6hf6okdatgrxiwhcjs2uepc7/spack-src/src/H5Dio.c line 813 in H5D__write(): can't write data
    major: Dataset
    minor: Write failed
  #002: /scratch/spack_cpu/job_21700923/spack-stage/spack-stage-hdf5-1.10.7-xexa2gll6hf6okdatgrxiwhcjs2uepc7/spack-src/src/H5Dcontig.c line 659 in H5D__contig_write(): contiguous write failed
    major: Dataset
    minor: Write failed
  #003: /scratch/spack_cpu/job_21700923/spack-stage/spack-stage-hdf5-1.10.7-xexa2gll6hf6okdatgrxiwhcjs2uepc7/spack-src/src/H5Dselect.c line 321 in H5D__select_write(): write error
    major: Dataspace
    minor: Write failed
  #004: /scratch/spack_cpu/job_21700923/spack-stage/spack-stage-hdf5-1.10.7-xexa2gll6hf6okdatgrxiwhcjs2uepc7/spack-src/src/H5Dselect.c line 230 in H5D__select_io(): write error
    major: Dataspace
    minor: Write failed
  #005: /scratch/spack_cpu/job_21700923/spack-stage/spack-stage-hdf5-1.10.7-xexa2gll6hf6okdatgrxiwhcjs2uepc7/spack-src/src/H5Dcontig.c line 1281 in H5D__contig_writevv(): can't perform vectorized sieve buffer write
    major: Dataset
    minor: Can't operate on object
  #006: /scratch/spack_cpu/job_21700923/spack-stage/spack-stage-hdf5-1.10.7-xexa2gll6hf6okdatgrxiwhcjs2uepc7/spack-src/src/H5VM.c line 1464 in H5VM_opvv(): can't perform operation
    major: Internal error (too specific to document in detail)
    minor: Can't operate on object
  #007: /scratch/spack_cpu/job_21700923/spack-stage/spack-stage-hdf5-1.10.7-xexa2gll6hf6okdatgrxiwhcjs2uepc7/spack-src/src/H5Dcontig.c line 1029 in H5D__contig_writevv_sieve_cb(): block write failed
    major: Dataset
    minor: Write failed
  #008: /scratch/spack_cpu/job_21700923/spack-stage/spack-stage-hdf5-1.10.7-xexa2gll6hf6okdatgrxiwhcjs2uepc7/spack-src/src/H5Fio.c line 161 in H5F_block_write(): write through page buffer failed
    major: Low-level I/O
    minor: Write failed
  #009: /scratch/spack_cpu/job_21700923/spack-stage/spack-stage-hdf5-1.10.7-xexa2gll6hf6okdatgrxiwhcjs2uepc7/spack-src/src/H5PB.c line 1032 in H5PB_write(): write through metadata accumulator failed
    major: Page Buffering
    minor: Write failed
  #010: /scratch/spack_cpu/job_21700923/spack-stage/spack-stage-hdf5-1.10.7-xexa2gll6hf6okdatgrxiwhcjs2uepc7/spack-src/src/H5Faccum.c line 824 in H5F__accum_write(): file write failed
    major: Low-level I/O
    minor: Write failed
  #011: /scratch/spack_cpu/job_21700923/spack-stage/spack-stage-hdf5-1.10.7-xexa2gll6hf6okdatgrxiwhcjs2uepc7/spack-src/src/H5FDint.c line 249 in H5FD_write(): driver write request failed
    major: Virtual File Layer
    minor: Write failed
  #012: /scratch/spack_cpu/job_21700923/spack-stage/spack-stage-hdf5-1.10.7-xexa2gll6hf6okdatgrxiwhcjs2uepc7/spack-src/src/H5FDsec2.c line 856 in H5FD__sec2_write(): file write failed: time = Wed Nov 19 08:36:50 2025
, filename = 'checkpoint.h5', file descriptor = 5, errno = 14, error message = 'Bad address', buf = 0x1555537c4000, total write size = 15969552, bytes this sub-write = 15969552, bytes actually written = 18446744073709551615, offset = 0
    major: Low-level I/O
    minor: Write failed
HDF5-DIAG: Error detected in HDF5 (1.10.7) thread 0:
  #000: /scratch/spack_cpu/job_21700923/spack-stage/spack-stage-hdf5-1.10.7-xexa2gll6hf6okdatgrxiwhcjs2uepc7/spack-src/src/H5Dio.c line 335 in H5Dwrite(): can't write data
    major: Dataset
    minor: Write failed
  #001: /scratch/spack_cpu/job_21700923/spack-stage/spack-stage-hdf5-1.10.7-xexa2gll6hf6okdatgrxiwhcjs2uepc7/spack-src/src/H5Dio.c line 813 in H5D__write(): can't write data
    major: Dataset
    minor: Write failed
  #002: /scratch/spack_cpu/job_21700923/spack-stage/spack-stage-hdf5-1.10.7-xexa2gll6hf6okdatgrxiwhcjs2uepc7/spack-src/src/H5Dcontig.c line 659 in H5D__contig_write(): contiguous write failed
    major: Dataset
    minor: Write failed
  #003: /scratch/spack_cpu/job_21700923/spack-stage/spack-stage-hdf5-1.10.7-xexa2gll6hf6okdatgrxiwhcjs2uepc7/spack-src/src/H5Dselect.c line 321 in H5D__select_write(): write error
    major: Dataspace
    minor: Write failed
  #004: /scratch/spack_cpu/job_21700923/spack-stage/spack-stage-hdf5-1.10.7-xexa2gll6hf6okdatgrxiwhcjs2uepc7/spack-src/src/H5Dselect.c line 230 in H5D__select_io(): write error
    major: Dataspace
    minor: Write failed
  #005: /scratch/spack_cpu/job_21700923/spack-stage/spack-stage-hdf5-1.10.7-xexa2gll6hf6okdatgrxiwhcjs2uepc7/spack-src/src/H5Dcontig.c line 1281 in H5D__contig_writevv(): can't perform vectorized sieve buffer write
    major: Dataset
    minor: Can't operate on object
  #006: /scratch/spack_cpu/job_21700923/spack-stage/spack-stage-hdf5-1.10.7-xexa2gll6hf6okdatgrxiwhcjs2uepc7/spack-src/src/H5VM.c line 1464 in H5VM_opvv(): can't perform operation
    major: Internal error (too specific to document in detail)
    minor: Can't operate on object
  #007: /scratch/spack_cpu/job_21700923/spack-stage/spack-stage-hdf5-1.10.7-xexa2gll6hf6okdatgrxiwhcjs2uepc7/spack-src/src/H5Dcontig.c line 1029 in H5D__contig_writevv_sieve_cb(): block write failed
    major: Dataset
    minor: Write failed
  #008: /scratch/spack_cpu/job_21700923/spack-stage/spack-stage-hdf5-1.10.7-xexa2gll6hf6okdatgrxiwhcjs2uepc7/spack-src/src/H5Fio.c line 161 in H5F_block_write(): write through page buffer failed
    major: Low-level I/O
    minor: Write failed
  #009: /scratch/spack_cpu/job_21700923/spack-stage/spack-stage-hdf5-1.10.7-xexa2gll6hf6okdatgrxiwhcjs2uepc7/spack-src/src/H5PB.c line 1032 in H5PB_write(): write through metadata accumulator failed
    major: Page Buffering
    minor: Write failed
  #010: /scratch/spack_cpu/job_21700923/spack-stage/spack-stage-hdf5-1.10.7-xexa2gll6hf6okdatgrxiwhcjs2uepc7/spack-src/src/H5Faccum.c line 824 in H5F__accum_write(): file write failed
    major: Low-level I/O
    minor: Write failed
  #011: /scratch/spack_cpu/job_21700923/spack-stage/spack-stage-hdf5-1.10.7-xexa2gll6hf6okdatgrxiwhcjs2uepc7/spack-src/src/H5FDint.c line 249 in H5FD_write(): driver write request failed
    major: Virtual File Layer
    minor: Write failed
  #012: /scratch/spack_cpu/job_21700923/spack-stage/spack-stage-hdf5-1.10.7-xexa2gll6hf6okdatgrxiwhcjs2uepc7/spack-src/src/H5FDsec2.c line 856 in H5FD__sec2_write(): file write failed: time = Wed Nov 19 08:37:01 2025
, filename = 'checkpoint.h5', file descriptor = 5, errno = 14, error message = 'Bad address', buf = 0x1555537c4000, total write size = 15969552, bytes this sub-write = 15969552, bytes actually written = 18446744073709551615, offset = 0
    major: Low-level I/O
    minor: Write failed
HDF5-DIAG: Error detected in HDF5 (1.10.7) thread 0:
  #000: /scratch/spack_cpu/job_21700923/spack-stage/spack-stage-hdf5-1.10.7-xexa2gll6hf6okdatgrxiwhcjs2uepc7/spack-src/src/H5Dio.c line 335 in H5Dwrite(): can't write data
    major: Dataset
    minor: Write failed
  #001: /scratch/spack_cpu/job_21700923/spack-stage/spack-stage-hdf5-1.10.7-xexa2gll6hf6okdatgrxiwhcjs2uepc7/spack-src/src/H5Dio.c line 813 in H5D__write(): can't write data
    major: Dataset
    minor: Write failed
  #002: /scratch/spack_cpu/job_21700923/spack-stage/spack-stage-hdf5-1.10.7-xexa2gll6hf6okdatgrxiwhcjs2uepc7/spack-src/src/H5Dcontig.c line 659 in H5D__contig_write(): contiguous write failed
    major: Dataset
    minor: Write failed
  #003: /scratch/spack_cpu/job_21700923/spack-stage/spack-stage-hdf5-1.10.7-xexa2gll6hf6okdatgrxiwhcjs2uepc7/spack-src/src/H5Dselect.c line 321 in H5D__select_write(): write error
    major: Dataspace
    minor: Write failed
  #004: /scratch/spack_cpu/job_21700923/spack-stage/spack-stage-hdf5-1.10.7-xexa2gll6hf6okdatgrxiwhcjs2uepc7/spack-src/src/H5Dselect.c line 230 in H5D__select_io(): write error
    major: Dataspace
    minor: Write failed
  #005: /scratch/spack_cpu/job_21700923/spack-stage/spack-stage-hdf5-1.10.7-xexa2gll6hf6okdatgrxiwhcjs2uepc7/spack-src/src/H5Dcontig.c line 1281 in H5D__contig_writevv(): can't perform vectorized sieve buffer write
    major: Dataset
    minor: Can't operate on object
  #006: /scratch/spack_cpu/job_21700923/spack-stage/spack-stage-hdf5-1.10.7-xexa2gll6hf6okdatgrxiwhcjs2uepc7/spack-src/src/H5VM.c line 1464 in H5VM_opvv(): can't perform operation
    major: Internal error (too specific to document in detail)
    minor: Can't operate on object
  #007: /scratch/spack_cpu/job_21700923/spack-stage/spack-stage-hdf5-1.10.7-xexa2gll6hf6okdatgrxiwhcjs2uepc7/spack-src/src/H5Dcontig.c line 1029 in H5D__contig_writevv_sieve_cb(): block write failed
    major: Dataset
    minor: Write failed
  #008: /scratch/spack_cpu/job_21700923/spack-stage/spack-stage-hdf5-1.10.7-xexa2gll6hf6okdatgrxiwhcjs2uepc7/spack-src/src/H5Fio.c line 161 in H5F_block_write(): write through page buffer failed
    major: Low-level I/O
    minor: Write failed
  #009: /scratch/spack_cpu/job_21700923/spack-stage/spack-stage-hdf5-1.10.7-xexa2gll6hf6okdatgrxiwhcjs2uepc7/spack-src/src/H5PB.c line 1032 in H5PB_write(): write through metadata accumulator failed
    major: Page Buffering
    minor: Write failed
  #010: /scratch/spack_cpu/job_21700923/spack-stage/spack-stage-hdf5-1.10.7-xexa2gll6hf6okdatgrxiwhcjs2uepc7/spack-src/src/H5Faccum.c line 824 in H5F__accum_write(): file write failed
    major: Low-level I/O
    minor: Write failed
  #011: /scratch/spack_cpu/job_21700923/spack-stage/spack-stage-hdf5-1.10.7-xexa2gll6hf6okdatgrxiwhcjs2uepc7/spack-src/src/H5FDint.c line 249 in H5FD_write(): driver write request failed
    major: Virtual File Layer
    minor: Write failed
  #012: /scratch/spack_cpu/job_21700923/spack-stage/spack-stage-hdf5-1.10.7-xexa2gll6hf6okdatgrxiwhcjs2uepc7/spack-src/src/H5FDsec2.c line 856 in H5FD__sec2_write(): file write failed: time = Wed Nov 19 08:37:13 2025
, filename = 'checkpoint.h5', file descriptor = 5, errno = 14, error message = 'Bad address', buf = 0x1555537c4000, total write size = 15969552, bytes this sub-write = 15969552, bytes actually written = 18446744073709551615, offset = 0
    major: Low-level I/O
    minor: Write failed
HDF5-DIAG: Error detected in HDF5 (1.10.7) thread 0:
  #000: /scratch/spack_cpu/job_21700923/spack-stage/spack-stage-hdf5-1.10.7-xexa2gll6hf6okdatgrxiwhcjs2uepc7/spack-src/src/H5Dio.c line 335 in H5Dwrite(): can't write data
    major: Dataset
    minor: Write failed
  #001: /scratch/spack_cpu/job_21700923/spack-stage/spack-stage-hdf5-1.10.7-xexa2gll6hf6okdatgrxiwhcjs2uepc7/spack-src/src/H5Dio.c line 813 in H5D__write(): can't write data
    major: Dataset
    minor: Write failed
  #002: /scratch/spack_cpu/job_21700923/spack-stage/spack-stage-hdf5-1.10.7-xexa2gll6hf6okdatgrxiwhcjs2uepc7/spack-src/src/H5Dcontig.c line 659 in H5D__contig_write(): contiguous write failed
    major: Dataset
    minor: Write failed
  #003: /scratch/spack_cpu/job_21700923/spack-stage/spack-stage-hdf5-1.10.7-xexa2gll6hf6okdatgrxiwhcjs2uepc7/spack-src/src/H5Dselect.c line 321 in H5D__select_write(): write error
    major: Dataspace
    minor: Write failed
  #004: /scratch/spack_cpu/job_21700923/spack-stage/spack-stage-hdf5-1.10.7-xexa2gll6hf6okdatgrxiwhcjs2uepc7/spack-src/src/H5Dselect.c line 230 in H5D__select_io(): write error
    major: Dataspace
    minor: Write failed
  #005: /scratch/spack_cpu/job_21700923/spack-stage/spack-stage-hdf5-1.10.7-xexa2gll6hf6okdatgrxiwhcjs2uepc7/spack-src/src/H5Dcontig.c line 1281 in H5D__contig_writevv(): can't perform vectorized sieve buffer write
    major: Dataset
    minor: Can't operate on object
  #006: /scratch/spack_cpu/job_21700923/spack-stage/spack-stage-hdf5-1.10.7-xexa2gll6hf6okdatgrxiwhcjs2uepc7/spack-src/src/H5VM.c line 1464 in H5VM_opvv(): can't perform operation
    major: Internal error (too specific to document in detail)
    minor: Can't operate on object
  #007: /scratch/spack_cpu/job_21700923/spack-stage/spack-stage-hdf5-1.10.7-xexa2gll6hf6okdatgrxiwhcjs2uepc7/spack-src/src/H5Dcontig.c line 1029 in H5D__contig_writevv_sieve_cb(): block write failed
    major: Dataset
    minor: Write failed
  #008: /scratch/spack_cpu/job_21700923/spack-stage/spack-stage-hdf5-1.10.7-xexa2gll6hf6okdatgrxiwhcjs2uepc7/spack-src/src/H5Fio.c line 161 in H5F_block_write(): write through page buffer failed
    major: Low-level I/O
    minor: Write failed
  #009: /scratch/spack_cpu/job_21700923/spack-stage/spack-stage-hdf5-1.10.7-xexa2gll6hf6okdatgrxiwhcjs2uepc7/spack-src/src/H5PB.c line 1032 in H5PB_write(): write through metadata accumulator failed
    major: Page Buffering
    minor: Write failed
  #010: /scratch/spack_cpu/job_21700923/spack-stage/spack-stage-hdf5-1.10.7-xexa2gll6hf6okdatgrxiwhcjs2uepc7/spack-src/src/H5Faccum.c line 824 in H5F__accum_write(): file write failed
    major: Low-level I/O
    minor: Write failed
  #011: /scratch/spack_cpu/job_21700923/spack-stage/spack-stage-hdf5-1.10.7-xexa2gll6hf6okdatgrxiwhcjs2uepc7/spack-src/src/H5FDint.c line 249 in H5FD_write(): driver write request failed
    major: Virtual File Layer
    minor: Write failed
  #012: /scratch/spack_cpu/job_21700923/spack-stage/spack-stage-hdf5-1.10.7-xexa2gll6hf6okdatgrxiwhcjs2uepc7/spack-src/src/H5FDsec2.c line 856 in H5FD__sec2_write(): file write failed: time = Wed Nov 19 08:37:24 2025
, filename = 'checkpoint.h5', file descriptor = 5, errno = 14, error message = 'Bad address', buf = 0x1555537c4000, total write size = 15969552, bytes this sub-write = 15969552, bytes actually written = 18446744073709551615, offset = 0
    major: Low-level I/O
    minor: Write failed
HDF5-DIAG: Error detected in HDF5 (1.10.7) thread 0:
  #000: /scratch/spack_cpu/job_21700923/spack-stage/spack-stage-hdf5-1.10.7-xexa2gll6hf6okdatgrxiwhcjs2uepc7/spack-src/src/H5Dio.c line 335 in H5Dwrite(): can't write data
    major: Dataset
    minor: Write failed
  #001: /scratch/spack_cpu/job_21700923/spack-stage/spack-stage-hdf5-1.10.7-xexa2gll6hf6okdatgrxiwhcjs2uepc7/spack-src/src/H5Dio.c line 813 in H5D__write(): can't write data
    major: Dataset
    minor: Write failed
  #002: /scratch/spack_cpu/job_21700923/spack-stage/spack-stage-hdf5-1.10.7-xexa2gll6hf6okdatgrxiwhcjs2uepc7/spack-src/src/H5Dcontig.c line 659 in H5D__contig_write(): contiguous write failed
    major: Dataset
    minor: Write failed
  #003: /scratch/spack_cpu/job_21700923/spack-stage/spack-stage-hdf5-1.10.7-xexa2gll6hf6okdatgrxiwhcjs2uepc7/spack-src/src/H5Dselect.c line 321 in H5D__select_write(): write error
    major: Dataspace
    minor: Write failed
  #004: /scratch/spack_cpu/job_21700923/spack-stage/spack-stage-hdf5-1.10.7-xexa2gll6hf6okdatgrxiwhcjs2uepc7/spack-src/src/H5Dselect.c line 230 in H5D__select_io(): write error
    major: Dataspace
    minor: Write failed
  #005: /scratch/spack_cpu/job_21700923/spack-stage/spack-stage-hdf5-1.10.7-xexa2gll6hf6okdatgrxiwhcjs2uepc7/spack-src/src/H5Dcontig.c line 1281 in H5D__contig_writevv(): can't perform vectorized sieve buffer write
    major: Dataset
    minor: Can't operate on object
  #006: /scratch/spack_cpu/job_21700923/spack-stage/spack-stage-hdf5-1.10.7-xexa2gll6hf6okdatgrxiwhcjs2uepc7/spack-src/src/H5VM.c line 1464 in H5VM_opvv(): can't perform operation
    major: Internal error (too specific to document in detail)
    minor: Can't operate on object
  #007: /scratch/spack_cpu/job_21700923/spack-stage/spack-stage-hdf5-1.10.7-xexa2gll6hf6okdatgrxiwhcjs2uepc7/spack-src/src/H5Dcontig.c line 1029 in H5D__contig_writevv_sieve_cb(): block write failed
    major: Dataset
    minor: Write failed
  #008: /scratch/spack_cpu/job_21700923/spack-stage/spack-stage-hdf5-1.10.7-xexa2gll6hf6okdatgrxiwhcjs2uepc7/spack-src/src/H5Fio.c line 161 in H5F_block_write(): write through page buffer failed
    major: Low-level I/O
    minor: Write failed
  #009: /scratch/spack_cpu/job_21700923/spack-stage/spack-stage-hdf5-1.10.7-xexa2gll6hf6okdatgrxiwhcjs2uepc7/spack-src/src/H5PB.c line 1032 in H5PB_write(): write through metadata accumulator failed
    major: Page Buffering
    minor: Write failed
  #010: /scratch/spack_cpu/job_21700923/spack-stage/spack-stage-hdf5-1.10.7-xexa2gll6hf6okdatgrxiwhcjs2uepc7/spack-src/src/H5Faccum.c line 824 in H5F__accum_write(): file write failed
    major: Low-level I/O
    minor: Write failed
  #011: /scratch/spack_cpu/job_21700923/spack-stage/spack-stage-hdf5-1.10.7-xexa2gll6hf6okdatgrxiwhcjs2uepc7/spack-src/src/H5FDint.c line 249 in H5FD_write(): driver write request failed
    major: Virtual File Layer
    minor: Write failed
  #012: /scratch/spack_cpu/job_21700923/spack-stage/spack-stage-hdf5-1.10.7-xexa2gll6hf6okdatgrxiwhcjs2uepc7/spack-src/src/H5FDsec2.c line 856 in H5FD__sec2_write(): file write failed: time = Wed Nov 19 08:37:36 2025
, filename = 'checkpoint.h5', file descriptor = 5, errno = 14, error message = 'Bad address', buf = 0x1555537c4000, total write size = 15969552, bytes this sub-write = 15969552, bytes actually written = 18446744073709551615, offset = 0
    major: Low-level I/O
    minor: Write failed
HDF5-DIAG: Error detected in HDF5 (1.10.7) thread 0:
  #000: /scratch/spack_cpu/job_21700923/spack-stage/spack-stage-hdf5-1.10.7-xexa2gll6hf6okdatgrxiwhcjs2uepc7/spack-src/src/H5Dio.c line 335 in H5Dwrite(): can't write data
    major: Dataset
    minor: Write failed
  #001: /scratch/spack_cpu/job_21700923/spack-stage/spack-stage-hdf5-1.10.7-xexa2gll6hf6okdatgrxiwhcjs2uepc7/spack-src/src/H5Dio.c line 813 in H5D__write(): can't write data
    major: Dataset
    minor: Write failed
  #002: /scratch/spack_cpu/job_21700923/spack-stage/spack-stage-hdf5-1.10.7-xexa2gll6hf6okdatgrxiwhcjs2uepc7/spack-src/src/H5Dcontig.c line 659 in H5D__contig_write(): contiguous write failed
    major: Dataset
    minor: Write failed
  #003: /scratch/spack_cpu/job_21700923/spack-stage/spack-stage-hdf5-1.10.7-xexa2gll6hf6okdatgrxiwhcjs2uepc7/spack-src/src/H5Dselect.c line 321 in H5D__select_write(): write error
    major: Dataspace
    minor: Write failed
  #004: /scratch/spack_cpu/job_21700923/spack-stage/spack-stage-hdf5-1.10.7-xexa2gll6hf6okdatgrxiwhcjs2uepc7/spack-src/src/H5Dselect.c line 230 in H5D__select_io(): write error
    major: Dataspace
    minor: Write failed
  #005: /scratch/spack_cpu/job_21700923/spack-stage/spack-stage-hdf5-1.10.7-xexa2gll6hf6okdatgrxiwhcjs2uepc7/spack-src/src/H5Dcontig.c line 1281 in H5D__contig_writevv(): can't perform vectorized sieve buffer write
    major: Dataset
    minor: Can't operate on object
  #006: /scratch/spack_cpu/job_21700923/spack-stage/spack-stage-hdf5-1.10.7-xexa2gll6hf6okdatgrxiwhcjs2uepc7/spack-src/src/H5VM.c line 1464 in H5VM_opvv(): can't perform operation
    major: Internal error (too specific to document in detail)
    minor: Can't operate on object
  #007: /scratch/spack_cpu/job_21700923/spack-stage/spack-stage-hdf5-1.10.7-xexa2gll6hf6okdatgrxiwhcjs2uepc7/spack-src/src/H5Dcontig.c line 1029 in H5D__contig_writevv_sieve_cb(): block write failed
    major: Dataset
    minor: Write failed
  #008: /scratch/spack_cpu/job_21700923/spack-stage/spack-stage-hdf5-1.10.7-xexa2gll6hf6okdatgrxiwhcjs2uepc7/spack-src/src/H5Fio.c line 161 in H5F_block_write(): write through page buffer failed
    major: Low-level I/O
    minor: Write failed
  #009: /scratch/spack_cpu/job_21700923/spack-stage/spack-stage-hdf5-1.10.7-xexa2gll6hf6okdatgrxiwhcjs2uepc7/spack-src/src/H5PB.c line 1032 in H5PB_write(): write through metadata accumulator failed
    major: Page Buffering
    minor: Write failed
  #010: /scratch/spack_cpu/job_21700923/spack-stage/spack-stage-hdf5-1.10.7-xexa2gll6hf6okdatgrxiwhcjs2uepc7/spack-src/src/H5Faccum.c line 824 in H5F__accum_write(): file write failed
    major: Low-level I/O
    minor: Write failed
  #011: /scratch/spack_cpu/job_21700923/spack-stage/spack-stage-hdf5-1.10.7-xexa2gll6hf6okdatgrxiwhcjs2uepc7/spack-src/src/H5FDint.c line 249 in H5FD_write(): driver write request failed
    major: Virtual File Layer
    minor: Write failed
  #012: /scratch/spack_cpu/job_21700923/spack-stage/spack-stage-hdf5-1.10.7-xexa2gll6hf6okdatgrxiwhcjs2uepc7/spack-src/src/H5FDsec2.c line 856 in H5FD__sec2_write(): file write failed: time = Wed Nov 19 08:37:48 2025
, filename = 'checkpoint.h5', file descriptor = 5, errno = 14, error message = 'Bad address', buf = 0x1555537c4000, total write size = 15969552, bytes this sub-write = 15969552, bytes actually written = 18446744073709551615, offset = 0
    major: Low-level I/O
    minor: Write failed
HDF5-DIAG: Error detected in HDF5 (1.10.7) thread 0:
  #000: /scratch/spack_cpu/job_21700923/spack-stage/spack-stage-hdf5-1.10.7-xexa2gll6hf6okdatgrxiwhcjs2uepc7/spack-src/src/H5Dio.c line 335 in H5Dwrite(): can't write data
    major: Dataset
    minor: Write failed
  #001: /scratch/spack_cpu/job_21700923/spack-stage/spack-stage-hdf5-1.10.7-xexa2gll6hf6okdatgrxiwhcjs2uepc7/spack-src/src/H5Dio.c line 813 in H5D__write(): can't write data
    major: Dataset
    minor: Write failed
  #002: /scratch/spack_cpu/job_21700923/spack-stage/spack-stage-hdf5-1.10.7-xexa2gll6hf6okdatgrxiwhcjs2uepc7/spack-src/src/H5Dcontig.c line 659 in H5D__contig_write(): contiguous write failed
    major: Dataset
    minor: Write failed
  #003: /scratch/spack_cpu/job_21700923/spack-stage/spack-stage-hdf5-1.10.7-xexa2gll6hf6okdatgrxiwhcjs2uepc7/spack-src/src/H5Dselect.c line 321 in H5D__select_write(): write error
    major: Dataspace
    minor: Write failed
  #004: /scratch/spack_cpu/job_21700923/spack-stage/spack-stage-hdf5-1.10.7-xexa2gll6hf6okdatgrxiwhcjs2uepc7/spack-src/src/H5Dselect.c line 230 in H5D__select_io(): write error
    major: Dataspace
    minor: Write failed
  #005: /scratch/spack_cpu/job_21700923/spack-stage/spack-stage-hdf5-1.10.7-xexa2gll6hf6okdatgrxiwhcjs2uepc7/spack-src/src/H5Dcontig.c line 1281 in H5D__contig_writevv(): can't perform vectorized sieve buffer write
    major: Dataset
    minor: Can't operate on object
  #006: /scratch/spack_cpu/job_21700923/spack-stage/spack-stage-hdf5-1.10.7-xexa2gll6hf6okdatgrxiwhcjs2uepc7/spack-src/src/H5VM.c line 1464 in H5VM_opvv(): can't perform operation
    major: Internal error (too specific to document in detail)
    minor: Can't operate on object
  #007: /scratch/spack_cpu/job_21700923/spack-stage/spack-stage-hdf5-1.10.7-xexa2gll6hf6okdatgrxiwhcjs2uepc7/spack-src/src/H5Dcontig.c line 1029 in H5D__contig_writevv_sieve_cb(): block write failed
    major: Dataset
    minor: Write failed
  #008: /scratch/spack_cpu/job_21700923/spack-stage/spack-stage-hdf5-1.10.7-xexa2gll6hf6okdatgrxiwhcjs2uepc7/spack-src/src/H5Fio.c line 161 in H5F_block_write(): write through page buffer failed
    major: Low-level I/O
    minor: Write failed
  #009: /scratch/spack_cpu/job_21700923/spack-stage/spack-stage-hdf5-1.10.7-xexa2gll6hf6okdatgrxiwhcjs2uepc7/spack-src/src/H5PB.c line 1032 in H5PB_write(): write through metadata accumulator failed
    major: Page Buffering
    minor: Write failed
  #010: /scratch/spack_cpu/job_21700923/spack-stage/spack-stage-hdf5-1.10.7-xexa2gll6hf6okdatgrxiwhcjs2uepc7/spack-src/src/H5Faccum.c line 824 in H5F__accum_write(): file write failed
    major: Low-level I/O
    minor: Write failed
  #011: /scratch/spack_cpu/job_21700923/spack-stage/spack-stage-hdf5-1.10.7-xexa2gll6hf6okdatgrxiwhcjs2uepc7/spack-src/src/H5FDint.c line 249 in H5FD_write(): driver write request failed
    major: Virtual File Layer
    minor: Write failed
  #012: /scratch/spack_cpu/job_21700923/spack-stage/spack-stage-hdf5-1.10.7-xexa2gll6hf6okdatgrxiwhcjs2uepc7/spack-src/src/H5FDsec2.c line 856 in H5FD__sec2_write(): file write failed: time = Wed Nov 19 08:37:59 2025
, filename = 'checkpoint.h5', file descriptor = 5, errno = 14, error message = 'Bad address', buf = 0x1555537c4000, total write size = 15969552, bytes this sub-write = 15969552, bytes actually written = 18446744073709551615, offset = 0
    major: Low-level I/O
    minor: Write failed
HDF5-DIAG: Error detected in HDF5 (1.10.7) thread 0:
  #000: /scratch/spack_cpu/job_21700923/spack-stage/spack-stage-hdf5-1.10.7-xexa2gll6hf6okdatgrxiwhcjs2uepc7/spack-src/src/H5Dio.c line 335 in H5Dwrite(): can't write data
    major: Dataset
    minor: Write failed
  #001: /scratch/spack_cpu/job_21700923/spack-stage/spack-stage-hdf5-1.10.7-xexa2gll6hf6okdatgrxiwhcjs2uepc7/spack-src/src/H5Dio.c line 813 in H5D__write(): can't write data
    major: Dataset
    minor: Write failed
  #002: /scratch/spack_cpu/job_21700923/spack-stage/spack-stage-hdf5-1.10.7-xexa2gll6hf6okdatgrxiwhcjs2uepc7/spack-src/src/H5Dcontig.c line 659 in H5D__contig_write(): contiguous write failed
    major: Dataset
    minor: Write failed
  #003: /scratch/spack_cpu/job_21700923/spack-stage/spack-stage-hdf5-1.10.7-xexa2gll6hf6okdatgrxiwhcjs2uepc7/spack-src/src/H5Dselect.c line 321 in H5D__select_write(): write error
    major: Dataspace
    minor: Write failed
  #004: /scratch/spack_cpu/job_21700923/spack-stage/spack-stage-hdf5-1.10.7-xexa2gll6hf6okdatgrxiwhcjs2uepc7/spack-src/src/H5Dselect.c line 230 in H5D__select_io(): write error
    major: Dataspace
    minor: Write failed
  #005: /scratch/spack_cpu/job_21700923/spack-stage/spack-stage-hdf5-1.10.7-xexa2gll6hf6okdatgrxiwhcjs2uepc7/spack-src/src/H5Dcontig.c line 1281 in H5D__contig_writevv(): can't perform vectorized sieve buffer write
    major: Dataset
    minor: Can't operate on object
  #006: /scratch/spack_cpu/job_21700923/spack-stage/spack-stage-hdf5-1.10.7-xexa2gll6hf6okdatgrxiwhcjs2uepc7/spack-src/src/H5VM.c line 1464 in H5VM_opvv(): can't perform operation
    major: Internal error (too specific to document in detail)
    minor: Can't operate on object
  #007: /scratch/spack_cpu/job_21700923/spack-stage/spack-stage-hdf5-1.10.7-xexa2gll6hf6okdatgrxiwhcjs2uepc7/spack-src/src/H5Dcontig.c line 1029 in H5D__contig_writevv_sieve_cb(): block write failed
    major: Dataset
    minor: Write failed
  #008: /scratch/spack_cpu/job_21700923/spack-stage/spack-stage-hdf5-1.10.7-xexa2gll6hf6okdatgrxiwhcjs2uepc7/spack-src/src/H5Fio.c line 161 in H5F_block_write(): write through page buffer failed
    major: Low-level I/O
    minor: Write failed
  #009: /scratch/spack_cpu/job_21700923/spack-stage/spack-stage-hdf5-1.10.7-xexa2gll6hf6okdatgrxiwhcjs2uepc7/spack-src/src/H5PB.c line 1032 in H5PB_write(): write through metadata accumulator failed
    major: Page Buffering
    minor: Write failed
  #010: /scratch/spack_cpu/job_21700923/spack-stage/spack-stage-hdf5-1.10.7-xexa2gll6hf6okdatgrxiwhcjs2uepc7/spack-src/src/H5Faccum.c line 824 in H5F__accum_write(): file write failed
    major: Low-level I/O
    minor: Write failed
  #011: /scratch/spack_cpu/job_21700923/spack-stage/spack-stage-hdf5-1.10.7-xexa2gll6hf6okdatgrxiwhcjs2uepc7/spack-src/src/H5FDint.c line 249 in H5FD_write(): driver write request failed
    major: Virtual File Layer
    minor: Write failed
  #012: /scratch/spack_cpu/job_21700923/spack-stage/spack-stage-hdf5-1.10.7-xexa2gll6hf6okdatgrxiwhcjs2uepc7/spack-src/src/H5FDsec2.c line 856 in H5FD__sec2_write(): file write failed: time = Wed Nov 19 08:38:11 2025
, filename = 'checkpoint.h5', file descriptor = 5, errno = 14, error message = 'Bad address', buf = 0x1555537c4000, total write size = 15969552, bytes this sub-write = 15969552, bytes actually written = 18446744073709551615, offset = 0
    major: Low-level I/O
    minor: Write failed
HDF5-DIAG: Error detected in HDF5 (1.10.7) thread 0:
  #000: /scratch/spack_cpu/job_21700923/spack-stage/spack-stage-hdf5-1.10.7-xexa2gll6hf6okdatgrxiwhcjs2uepc7/spack-src/src/H5Dio.c line 335 in H5Dwrite(): can't write data
    major: Dataset
    minor: Write failed
  #001: /scratch/spack_cpu/job_21700923/spack-stage/spack-stage-hdf5-1.10.7-xexa2gll6hf6okdatgrxiwhcjs2uepc7/spack-src/src/H5Dio.c line 813 in H5D__write(): can't write data
    major: Dataset
    minor: Write failed
  #002: /scratch/spack_cpu/job_21700923/spack-stage/spack-stage-hdf5-1.10.7-xexa2gll6hf6okdatgrxiwhcjs2uepc7/spack-src/src/H5Dcontig.c line 659 in H5D__contig_write(): contiguous write failed
    major: Dataset
    minor: Write failed
  #003: /scratch/spack_cpu/job_21700923/spack-stage/spack-stage-hdf5-1.10.7-xexa2gll6hf6okdatgrxiwhcjs2uepc7/spack-src/src/H5Dselect.c line 321 in H5D__select_write(): write error
    major: Dataspace
    minor: Write failed
  #004: /scratch/spack_cpu/job_21700923/spack-stage/spack-stage-hdf5-1.10.7-xexa2gll6hf6okdatgrxiwhcjs2uepc7/spack-src/src/H5Dselect.c line 230 in H5D__select_io(): write error
    major: Dataspace
    minor: Write failed
  #005: /scratch/spack_cpu/job_21700923/spack-stage/spack-stage-hdf5-1.10.7-xexa2gll6hf6okdatgrxiwhcjs2uepc7/spack-src/src/H5Dcontig.c line 1281 in H5D__contig_writevv(): can't perform vectorized sieve buffer write
    major: Dataset
    minor: Can't operate on object
  #006: /scratch/spack_cpu/job_21700923/spack-stage/spack-stage-hdf5-1.10.7-xexa2gll6hf6okdatgrxiwhcjs2uepc7/spack-src/src/H5VM.c line 1464 in H5VM_opvv(): can't perform operation
    major: Internal error (too specific to document in detail)
    minor: Can't operate on object
  #007: /scratch/spack_cpu/job_21700923/spack-stage/spack-stage-hdf5-1.10.7-xexa2gll6hf6okdatgrxiwhcjs2uepc7/spack-src/src/H5Dcontig.c line 1029 in H5D__contig_writevv_sieve_cb(): block write failed
    major: Dataset
    minor: Write failed
  #008: /scratch/spack_cpu/job_21700923/spack-stage/spack-stage-hdf5-1.10.7-xexa2gll6hf6okdatgrxiwhcjs2uepc7/spack-src/src/H5Fio.c line 161 in H5F_block_write(): write through page buffer failed
    major: Low-level I/O
    minor: Write failed
  #009: /scratch/spack_cpu/job_21700923/spack-stage/spack-stage-hdf5-1.10.7-xexa2gll6hf6okdatgrxiwhcjs2uepc7/spack-src/src/H5PB.c line 1032 in H5PB_write(): write through metadata accumulator failed
    major: Page Buffering
    minor: Write failed
  #010: /scratch/spack_cpu/job_21700923/spack-stage/spack-stage-hdf5-1.10.7-xexa2gll6hf6okdatgrxiwhcjs2uepc7/spack-src/src/H5Faccum.c line 824 in H5F__accum_write(): file write failed
    major: Low-level I/O
    minor: Write failed
  #011: /scratch/spack_cpu/job_21700923/spack-stage/spack-stage-hdf5-1.10.7-xexa2gll6hf6okdatgrxiwhcjs2uepc7/spack-src/src/H5FDint.c line 249 in H5FD_write(): driver write request failed
    major: Virtual File Layer
    minor: Write failed
  #012: /scratch/spack_cpu/job_21700923/spack-stage/spack-stage-hdf5-1.10.7-xexa2gll6hf6okdatgrxiwhcjs2uepc7/spack-src/src/H5FDsec2.c line 856 in H5FD__sec2_write(): file write failed: time = Wed Nov 19 08:38:23 2025
, filename = 'checkpoint.h5', file descriptor = 5, errno = 14, error message = 'Bad address', buf = 0x1555537c4000, total write size = 15969552, bytes this sub-write = 15969552, bytes actually written = 18446744073709551615, offset = 0
    major: Low-level I/O
    minor: Write failed
HDF5-DIAG: Error detected in HDF5 (1.10.7) thread 0:
  #000: /scratch/spack_cpu/job_21700923/spack-stage/spack-stage-hdf5-1.10.7-xexa2gll6hf6okdatgrxiwhcjs2uepc7/spack-src/src/H5Dio.c line 335 in H5Dwrite(): can't write data
    major: Dataset
    minor: Write failed
  #001: /scratch/spack_cpu/job_21700923/spack-stage/spack-stage-hdf5-1.10.7-xexa2gll6hf6okdatgrxiwhcjs2uepc7/spack-src/src/H5Dio.c line 813 in H5D__write(): can't write data
    major: Dataset
    minor: Write failed
  #002: /scratch/spack_cpu/job_21700923/spack-stage/spack-stage-hdf5-1.10.7-xexa2gll6hf6okdatgrxiwhcjs2uepc7/spack-src/src/H5Dcontig.c line 659 in H5D__contig_write(): contiguous write failed
    major: Dataset
    minor: Write failed
  #003: /scratch/spack_cpu/job_21700923/spack-stage/spack-stage-hdf5-1.10.7-xexa2gll6hf6okdatgrxiwhcjs2uepc7/spack-src/src/H5Dselect.c line 321 in H5D__select_write(): write error
    major: Dataspace
    minor: Write failed
  #004: /scratch/spack_cpu/job_21700923/spack-stage/spack-stage-hdf5-1.10.7-xexa2gll6hf6okdatgrxiwhcjs2uepc7/spack-src/src/H5Dselect.c line 230 in H5D__select_io(): write error
    major: Dataspace
    minor: Write failed
  #005: /scratch/spack_cpu/job_21700923/spack-stage/spack-stage-hdf5-1.10.7-xexa2gll6hf6okdatgrxiwhcjs2uepc7/spack-src/src/H5Dcontig.c line 1281 in H5D__contig_writevv(): can't perform vectorized sieve buffer write
    major: Dataset
    minor: Can't operate on object
  #006: /scratch/spack_cpu/job_21700923/spack-stage/spack-stage-hdf5-1.10.7-xexa2gll6hf6okdatgrxiwhcjs2uepc7/spack-src/src/H5VM.c line 1464 in H5VM_opvv(): can't perform operation
    major: Internal error (too specific to document in detail)
    minor: Can't operate on object
  #007: /scratch/spack_cpu/job_21700923/spack-stage/spack-stage-hdf5-1.10.7-xexa2gll6hf6okdatgrxiwhcjs2uepc7/spack-src/src/H5Dcontig.c line 1029 in H5D__contig_writevv_sieve_cb(): block write failed
    major: Dataset
    minor: Write failed
  #008: /scratch/spack_cpu/job_21700923/spack-stage/spack-stage-hdf5-1.10.7-xexa2gll6hf6okdatgrxiwhcjs2uepc7/spack-src/src/H5Fio.c line 161 in H5F_block_write(): write through page buffer failed
    major: Low-level I/O
    minor: Write failed
  #009: /scratch/spack_cpu/job_21700923/spack-stage/spack-stage-hdf5-1.10.7-xexa2gll6hf6okdatgrxiwhcjs2uepc7/spack-src/src/H5PB.c line 1032 in H5PB_write(): write through metadata accumulator failed
    major: Page Buffering
    minor: Write failed
  #010: /scratch/spack_cpu/job_21700923/spack-stage/spack-stage-hdf5-1.10.7-xexa2gll6hf6okdatgrxiwhcjs2uepc7/spack-src/src/H5Faccum.c line 824 in H5F__accum_write(): file write failed
    major: Low-level I/O
    minor: Write failed
  #011: /scratch/spack_cpu/job_21700923/spack-stage/spack-stage-hdf5-1.10.7-xexa2gll6hf6okdatgrxiwhcjs2uepc7/spack-src/src/H5FDint.c line 249 in H5FD_write(): driver write request failed
    major: Virtual File Layer
    minor: Write failed
  #012: /scratch/spack_cpu/job_21700923/spack-stage/spack-stage-hdf5-1.10.7-xexa2gll6hf6okdatgrxiwhcjs2uepc7/spack-src/src/H5FDsec2.c line 856 in H5FD__sec2_write(): file write failed: time = Wed Nov 19 08:38:35 2025
, filename = 'checkpoint.h5', file descriptor = 5, errno = 14, error message = 'Bad address', buf = 0x1555537c4000, total write size = 15969552, bytes this sub-write = 15969552, bytes actually written = 18446744073709551615, offset = 0
    major: Low-level I/O
    minor: Write failed
HDF5-DIAG: Error detected in HDF5 (1.10.7) thread 0:
  #000: /scratch/spack_cpu/job_21700923/spack-stage/spack-stage-hdf5-1.10.7-xexa2gll6hf6okdatgrxiwhcjs2uepc7/spack-src/src/H5Dio.c line 335 in H5Dwrite(): can't write data
    major: Dataset
    minor: Write failed
  #001: /scratch/spack_cpu/job_21700923/spack-stage/spack-stage-hdf5-1.10.7-xexa2gll6hf6okdatgrxiwhcjs2uepc7/spack-src/src/H5Dio.c line 813 in H5D__write(): can't write data
    major: Dataset
    minor: Write failed
  #002: /scratch/spack_cpu/job_21700923/spack-stage/spack-stage-hdf5-1.10.7-xexa2gll6hf6okdatgrxiwhcjs2uepc7/spack-src/src/H5Dcontig.c line 659 in H5D__contig_write(): contiguous write failed
    major: Dataset
    minor: Write failed
  #003: /scratch/spack_cpu/job_21700923/spack-stage/spack-stage-hdf5-1.10.7-xexa2gll6hf6okdatgrxiwhcjs2uepc7/spack-src/src/H5Dselect.c line 321 in H5D__select_write(): write error
    major: Dataspace
    minor: Write failed
  #004: /scratch/spack_cpu/job_21700923/spack-stage/spack-stage-hdf5-1.10.7-xexa2gll6hf6okdatgrxiwhcjs2uepc7/spack-src/src/H5Dselect.c line 230 in H5D__select_io(): write error
    major: Dataspace
    minor: Write failed
  #005: /scratch/spack_cpu/job_21700923/spack-stage/spack-stage-hdf5-1.10.7-xexa2gll6hf6okdatgrxiwhcjs2uepc7/spack-src/src/H5Dcontig.c line 1281 in H5D__contig_writevv(): can't perform vectorized sieve buffer write
    major: Dataset
    minor: Can't operate on object
  #006: /scratch/spack_cpu/job_21700923/spack-stage/spack-stage-hdf5-1.10.7-xexa2gll6hf6okdatgrxiwhcjs2uepc7/spack-src/src/H5VM.c line 1464 in H5VM_opvv(): can't perform operation
    major: Internal error (too specific to document in detail)
    minor: Can't operate on object
  #007: /scratch/spack_cpu/job_21700923/spack-stage/spack-stage-hdf5-1.10.7-xexa2gll6hf6okdatgrxiwhcjs2uepc7/spack-src/src/H5Dcontig.c line 1029 in H5D__contig_writevv_sieve_cb(): block write failed
    major: Dataset
    minor: Write failed
  #008: /scratch/spack_cpu/job_21700923/spack-stage/spack-stage-hdf5-1.10.7-xexa2gll6hf6okdatgrxiwhcjs2uepc7/spack-src/src/H5Fio.c line 161 in H5F_block_write(): write through page buffer failed
    major: Low-level I/O
    minor: Write failed
  #009: /scratch/spack_cpu/job_21700923/spack-stage/spack-stage-hdf5-1.10.7-xexa2gll6hf6okdatgrxiwhcjs2uepc7/spack-src/src/H5PB.c line 1032 in H5PB_write(): write through metadata accumulator failed
    major: Page Buffering
    minor: Write failed
  #010: /scratch/spack_cpu/job_21700923/spack-stage/spack-stage-hdf5-1.10.7-xexa2gll6hf6okdatgrxiwhcjs2uepc7/spack-src/src/H5Faccum.c line 824 in H5F__accum_write(): file write failed
    major: Low-level I/O
    minor: Write failed
  #011: /scratch/spack_cpu/job_21700923/spack-stage/spack-stage-hdf5-1.10.7-xexa2gll6hf6okdatgrxiwhcjs2uepc7/spack-src/src/H5FDint.c line 249 in H5FD_write(): driver write request failed
    major: Virtual File Layer
    minor: Write failed
  #012: /scratch/spack_cpu/job_21700923/spack-stage/spack-stage-hdf5-1.10.7-xexa2gll6hf6okdatgrxiwhcjs2uepc7/spack-src/src/H5FDsec2.c line 856 in H5FD__sec2_write(): file write failed: time = Wed Nov 19 08:38:46 2025
, filename = 'checkpoint.h5', file descriptor = 5, errno = 14, error message = 'Bad address', buf = 0x1555537c4000, total write size = 15969552, bytes this sub-write = 15969552, bytes actually written = 18446744073709551615, offset = 0
    major: Low-level I/O
    minor: Write failed
HDF5-DIAG: Error detected in HDF5 (1.10.7) thread 0:
  #000: /scratch/spack_cpu/job_21700923/spack-stage/spack-stage-hdf5-1.10.7-xexa2gll6hf6okdatgrxiwhcjs2uepc7/spack-src/src/H5Dio.c line 335 in H5Dwrite(): can't write data
    major: Dataset
    minor: Write failed
  #001: /scratch/spack_cpu/job_21700923/spack-stage/spack-stage-hdf5-1.10.7-xexa2gll6hf6okdatgrxiwhcjs2uepc7/spack-src/src/H5Dio.c line 813 in H5D__write(): can't write data
    major: Dataset
    minor: Write failed
  #002: /scratch/spack_cpu/job_21700923/spack-stage/spack-stage-hdf5-1.10.7-xexa2gll6hf6okdatgrxiwhcjs2uepc7/spack-src/src/H5Dcontig.c line 659 in H5D__contig_write(): contiguous write failed
    major: Dataset
    minor: Write failed
  #003: /scratch/spack_cpu/job_21700923/spack-stage/spack-stage-hdf5-1.10.7-xexa2gll6hf6okdatgrxiwhcjs2uepc7/spack-src/src/H5Dselect.c line 321 in H5D__select_write(): write error
    major: Dataspace
    minor: Write failed
  #004: /scratch/spack_cpu/job_21700923/spack-stage/spack-stage-hdf5-1.10.7-xexa2gll6hf6okdatgrxiwhcjs2uepc7/spack-src/src/H5Dselect.c line 230 in H5D__select_io(): write error
    major: Dataspace
    minor: Write failed
  #005: /scratch/spack_cpu/job_21700923/spack-stage/spack-stage-hdf5-1.10.7-xexa2gll6hf6okdatgrxiwhcjs2uepc7/spack-src/src/H5Dcontig.c line 1281 in H5D__contig_writevv(): can't perform vectorized sieve buffer write
    major: Dataset
    minor: Can't operate on object
  #006: /scratch/spack_cpu/job_21700923/spack-stage/spack-stage-hdf5-1.10.7-xexa2gll6hf6okdatgrxiwhcjs2uepc7/spack-src/src/H5VM.c line 1464 in H5VM_opvv(): can't perform operation
    major: Internal error (too specific to document in detail)
    minor: Can't operate on object
  #007: /scratch/spack_cpu/job_21700923/spack-stage/spack-stage-hdf5-1.10.7-xexa2gll6hf6okdatgrxiwhcjs2uepc7/spack-src/src/H5Dcontig.c line 1029 in H5D__contig_writevv_sieve_cb(): block write failed
    major: Dataset
    minor: Write failed
  #008: /scratch/spack_cpu/job_21700923/spack-stage/spack-stage-hdf5-1.10.7-xexa2gll6hf6okdatgrxiwhcjs2uepc7/spack-src/src/H5Fio.c line 161 in H5F_block_write(): write through page buffer failed
    major: Low-level I/O
    minor: Write failed
  #009: /scratch/spack_cpu/job_21700923/spack-stage/spack-stage-hdf5-1.10.7-xexa2gll6hf6okdatgrxiwhcjs2uepc7/spack-src/src/H5PB.c line 1032 in H5PB_write(): write through metadata accumulator failed
    major: Page Buffering
    minor: Write failed
  #010: /scratch/spack_cpu/job_21700923/spack-stage/spack-stage-hdf5-1.10.7-xexa2gll6hf6okdatgrxiwhcjs2uepc7/spack-src/src/H5Faccum.c line 824 in H5F__accum_write(): file write failed
    major: Low-level I/O
    minor: Write failed
  #011: /scratch/spack_cpu/job_21700923/spack-stage/spack-stage-hdf5-1.10.7-xexa2gll6hf6okdatgrxiwhcjs2uepc7/spack-src/src/H5FDint.c line 249 in H5FD_write(): driver write request failed
    major: Virtual File Layer
    minor: Write failed
  #012: /scratch/spack_cpu/job_21700923/spack-stage/spack-stage-hdf5-1.10.7-xexa2gll6hf6okdatgrxiwhcjs2uepc7/spack-src/src/H5FDsec2.c line 856 in H5FD__sec2_write(): file write failed: time = Wed Nov 19 08:38:58 2025
, filename = 'checkpoint.h5', file descriptor = 5, errno = 14, error message = 'Bad address', buf = 0x1555537c4000, total write size = 15969552, bytes this sub-write = 15969552, bytes actually written = 18446744073709551615, offset = 0
    major: Low-level I/O
    minor: Write failed
HDF5-DIAG: Error detected in HDF5 (1.10.7) thread 0:
  #000: /scratch/spack_cpu/job_21700923/spack-stage/spack-stage-hdf5-1.10.7-xexa2gll6hf6okdatgrxiwhcjs2uepc7/spack-src/src/H5Dio.c line 335 in H5Dwrite(): can't write data
    major: Dataset
    minor: Write failed
  #001: /scratch/spack_cpu/job_21700923/spack-stage/spack-stage-hdf5-1.10.7-xexa2gll6hf6okdatgrxiwhcjs2uepc7/spack-src/src/H5Dio.c line 813 in H5D__write(): can't write data
    major: Dataset
    minor: Write failed
  #002: /scratch/spack_cpu/job_21700923/spack-stage/spack-stage-hdf5-1.10.7-xexa2gll6hf6okdatgrxiwhcjs2uepc7/spack-src/src/H5Dcontig.c line 659 in H5D__contig_write(): contiguous write failed
    major: Dataset
    minor: Write failed
  #003: /scratch/spack_cpu/job_21700923/spack-stage/spack-stage-hdf5-1.10.7-xexa2gll6hf6okdatgrxiwhcjs2uepc7/spack-src/src/H5Dselect.c line 321 in H5D__select_write(): write error
    major: Dataspace
    minor: Write failed
  #004: /scratch/spack_cpu/job_21700923/spack-stage/spack-stage-hdf5-1.10.7-xexa2gll6hf6okdatgrxiwhcjs2uepc7/spack-src/src/H5Dselect.c line 230 in H5D__select_io(): write error
    major: Dataspace
    minor: Write failed
  #005: /scratch/spack_cpu/job_21700923/spack-stage/spack-stage-hdf5-1.10.7-xexa2gll6hf6okdatgrxiwhcjs2uepc7/spack-src/src/H5Dcontig.c line 1281 in H5D__contig_writevv(): can't perform vectorized sieve buffer write
    major: Dataset
    minor: Can't operate on object
  #006: /scratch/spack_cpu/job_21700923/spack-stage/spack-stage-hdf5-1.10.7-xexa2gll6hf6okdatgrxiwhcjs2uepc7/spack-src/src/H5VM.c line 1464 in H5VM_opvv(): can't perform operation
    major: Internal error (too specific to document in detail)
    minor: Can't operate on object
  #007: /scratch/spack_cpu/job_21700923/spack-stage/spack-stage-hdf5-1.10.7-xexa2gll6hf6okdatgrxiwhcjs2uepc7/spack-src/src/H5Dcontig.c line 1029 in H5D__contig_writevv_sieve_cb(): block write failed
    major: Dataset
    minor: Write failed
  #008: /scratch/spack_cpu/job_21700923/spack-stage/spack-stage-hdf5-1.10.7-xexa2gll6hf6okdatgrxiwhcjs2uepc7/spack-src/src/H5Fio.c line 161 in H5F_block_write(): write through page buffer failed
    major: Low-level I/O
    minor: Write failed
  #009: /scratch/spack_cpu/job_21700923/spack-stage/spack-stage-hdf5-1.10.7-xexa2gll6hf6okdatgrxiwhcjs2uepc7/spack-src/src/H5PB.c line 1032 in H5PB_write(): write through metadata accumulator failed
    major: Page Buffering
    minor: Write failed
  #010: /scratch/spack_cpu/job_21700923/spack-stage/spack-stage-hdf5-1.10.7-xexa2gll6hf6okdatgrxiwhcjs2uepc7/spack-src/src/H5Faccum.c line 824 in H5F__accum_write(): file write failed
    major: Low-level I/O
    minor: Write failed
  #011: /scratch/spack_cpu/job_21700923/spack-stage/spack-stage-hdf5-1.10.7-xexa2gll6hf6okdatgrxiwhcjs2uepc7/spack-src/src/H5FDint.c line 249 in H5FD_write(): driver write request failed
    major: Virtual File Layer
    minor: Write failed
  #012: /scratch/spack_cpu/job_21700923/spack-stage/spack-stage-hdf5-1.10.7-xexa2gll6hf6okdatgrxiwhcjs2uepc7/spack-src/src/H5FDsec2.c line 856 in H5FD__sec2_write(): file write failed: time = Wed Nov 19 08:39:10 2025
, filename = 'checkpoint.h5', file descriptor = 5, errno = 14, error message = 'Bad address', buf = 0x1555537c4000, total write size = 15969552, bytes this sub-write = 15969552, bytes actually written = 18446744073709551615, offset = 0
    major: Low-level I/O
    minor: Write failed
HDF5-DIAG: Error detected in HDF5 (1.10.7) thread 0:
  #000: /scratch/spack_cpu/job_21700923/spack-stage/spack-stage-hdf5-1.10.7-xexa2gll6hf6okdatgrxiwhcjs2uepc7/spack-src/src/H5Dio.c line 335 in H5Dwrite(): can't write data
    major: Dataset
    minor: Write failed
  #001: /scratch/spack_cpu/job_21700923/spack-stage/spack-stage-hdf5-1.10.7-xexa2gll6hf6okdatgrxiwhcjs2uepc7/spack-src/src/H5Dio.c line 813 in H5D__write(): can't write data
    major: Dataset
    minor: Write failed
  #002: /scratch/spack_cpu/job_21700923/spack-stage/spack-stage-hdf5-1.10.7-xexa2gll6hf6okdatgrxiwhcjs2uepc7/spack-src/src/H5Dcontig.c line 659 in H5D__contig_write(): contiguous write failed
    major: Dataset
    minor: Write failed
  #003: /scratch/spack_cpu/job_21700923/spack-stage/spack-stage-hdf5-1.10.7-xexa2gll6hf6okdatgrxiwhcjs2uepc7/spack-src/src/H5Dselect.c line 321 in H5D__select_write(): write error
    major: Dataspace
    minor: Write failed
  #004: /scratch/spack_cpu/job_21700923/spack-stage/spack-stage-hdf5-1.10.7-xexa2gll6hf6okdatgrxiwhcjs2uepc7/spack-src/src/H5Dselect.c line 230 in H5D__select_io(): write error
    major: Dataspace
    minor: Write failed
  #005: /scratch/spack_cpu/job_21700923/spack-stage/spack-stage-hdf5-1.10.7-xexa2gll6hf6okdatgrxiwhcjs2uepc7/spack-src/src/H5Dcontig.c line 1281 in H5D__contig_writevv(): can't perform vectorized sieve buffer write
    major: Dataset
    minor: Can't operate on object
  #006: /scratch/spack_cpu/job_21700923/spack-stage/spack-stage-hdf5-1.10.7-xexa2gll6hf6okdatgrxiwhcjs2uepc7/spack-src/src/H5VM.c line 1464 in H5VM_opvv(): can't perform operation
    major: Internal error (too specific to document in detail)
    minor: Can't operate on object
  #007: /scratch/spack_cpu/job_21700923/spack-stage/spack-stage-hdf5-1.10.7-xexa2gll6hf6okdatgrxiwhcjs2uepc7/spack-src/src/H5Dcontig.c line 1029 in H5D__contig_writevv_sieve_cb(): block write failed
    major: Dataset
    minor: Write failed
  #008: /scratch/spack_cpu/job_21700923/spack-stage/spack-stage-hdf5-1.10.7-xexa2gll6hf6okdatgrxiwhcjs2uepc7/spack-src/src/H5Fio.c line 161 in H5F_block_write(): write through page buffer failed
    major: Low-level I/O
    minor: Write failed
  #009: /scratch/spack_cpu/job_21700923/spack-stage/spack-stage-hdf5-1.10.7-xexa2gll6hf6okdatgrxiwhcjs2uepc7/spack-src/src/H5PB.c line 1032 in H5PB_write(): write through metadata accumulator failed
    major: Page Buffering
    minor: Write failed
  #010: /scratch/spack_cpu/job_21700923/spack-stage/spack-stage-hdf5-1.10.7-xexa2gll6hf6okdatgrxiwhcjs2uepc7/spack-src/src/H5Faccum.c line 824 in H5F__accum_write(): file write failed
    major: Low-level I/O
    minor: Write failed
  #011: /scratch/spack_cpu/job_21700923/spack-stage/spack-stage-hdf5-1.10.7-xexa2gll6hf6okdatgrxiwhcjs2uepc7/spack-src/src/H5FDint.c line 249 in H5FD_write(): driver write request failed
    major: Virtual File Layer
    minor: Write failed
  #012: /scratch/spack_cpu/job_21700923/spack-stage/spack-stage-hdf5-1.10.7-xexa2gll6hf6okdatgrxiwhcjs2uepc7/spack-src/src/H5FDsec2.c line 856 in H5FD__sec2_write(): file write failed: time = Wed Nov 19 08:39:21 2025
, filename = 'checkpoint.h5', file descriptor = 5, errno = 14, error message = 'Bad address', buf = 0x1555537c4000, total write size = 15969552, bytes this sub-write = 15969552, bytes actually written = 18446744073709551615, offset = 0
    major: Low-level I/O
    minor: Write failed
HDF5-DIAG: Error detected in HDF5 (1.10.7) thread 0:
  #000: /scratch/spack_cpu/job_21700923/spack-stage/spack-stage-hdf5-1.10.7-xexa2gll6hf6okdatgrxiwhcjs2uepc7/spack-src/src/H5Dio.c line 335 in H5Dwrite(): can't write data
    major: Dataset
    minor: Write failed
  #001: /scratch/spack_cpu/job_21700923/spack-stage/spack-stage-hdf5-1.10.7-xexa2gll6hf6okdatgrxiwhcjs2uepc7/spack-src/src/H5Dio.c line 813 in H5D__write(): can't write data
    major: Dataset
    minor: Write failed
  #002: /scratch/spack_cpu/job_21700923/spack-stage/spack-stage-hdf5-1.10.7-xexa2gll6hf6okdatgrxiwhcjs2uepc7/spack-src/src/H5Dcontig.c line 659 in H5D__contig_write(): contiguous write failed
    major: Dataset
    minor: Write failed
  #003: /scratch/spack_cpu/job_21700923/spack-stage/spack-stage-hdf5-1.10.7-xexa2gll6hf6okdatgrxiwhcjs2uepc7/spack-src/src/H5Dselect.c line 321 in H5D__select_write(): write error
    major: Dataspace
    minor: Write failed
  #004: /scratch/spack_cpu/job_21700923/spack-stage/spack-stage-hdf5-1.10.7-xexa2gll6hf6okdatgrxiwhcjs2uepc7/spack-src/src/H5Dselect.c line 230 in H5D__select_io(): write error
    major: Dataspace
    minor: Write failed
  #005: /scratch/spack_cpu/job_21700923/spack-stage/spack-stage-hdf5-1.10.7-xexa2gll6hf6okdatgrxiwhcjs2uepc7/spack-src/src/H5Dcontig.c line 1281 in H5D__contig_writevv(): can't perform vectorized sieve buffer write
    major: Dataset
    minor: Can't operate on object
  #006: /scratch/spack_cpu/job_21700923/spack-stage/spack-stage-hdf5-1.10.7-xexa2gll6hf6okdatgrxiwhcjs2uepc7/spack-src/src/H5VM.c line 1464 in H5VM_opvv(): can't perform operation
    major: Internal error (too specific to document in detail)
    minor: Can't operate on object
  #007: /scratch/spack_cpu/job_21700923/spack-stage/spack-stage-hdf5-1.10.7-xexa2gll6hf6okdatgrxiwhcjs2uepc7/spack-src/src/H5Dcontig.c line 1029 in H5D__contig_writevv_sieve_cb(): block write failed
    major: Dataset
    minor: Write failed
  #008: /scratch/spack_cpu/job_21700923/spack-stage/spack-stage-hdf5-1.10.7-xexa2gll6hf6okdatgrxiwhcjs2uepc7/spack-src/src/H5Fio.c line 161 in H5F_block_write(): write through page buffer failed
    major: Low-level I/O
    minor: Write failed
  #009: /scratch/spack_cpu/job_21700923/spack-stage/spack-stage-hdf5-1.10.7-xexa2gll6hf6okdatgrxiwhcjs2uepc7/spack-src/src/H5PB.c line 1032 in H5PB_write(): write through metadata accumulator failed
    major: Page Buffering
    minor: Write failed
  #010: /scratch/spack_cpu/job_21700923/spack-stage/spack-stage-hdf5-1.10.7-xexa2gll6hf6okdatgrxiwhcjs2uepc7/spack-src/src/H5Faccum.c line 824 in H5F__accum_write(): file write failed
    major: Low-level I/O
    minor: Write failed
  #011: /scratch/spack_cpu/job_21700923/spack-stage/spack-stage-hdf5-1.10.7-xexa2gll6hf6okdatgrxiwhcjs2uepc7/spack-src/src/H5FDint.c line 249 in H5FD_write(): driver write request failed
    major: Virtual File Layer
    minor: Write failed
  #012: /scratch/spack_cpu/job_21700923/spack-stage/spack-stage-hdf5-1.10.7-xexa2gll6hf6okdatgrxiwhcjs2uepc7/spack-src/src/H5FDsec2.c line 856 in H5FD__sec2_write(): file write failed: time = Wed Nov 19 08:39:33 2025
, filename = 'checkpoint.h5', file descriptor = 5, errno = 14, error message = 'Bad address', buf = 0x1555537c4000, total write size = 15969552, bytes this sub-write = 15969552, bytes actually written = 18446744073709551615, offset = 0
    major: Low-level I/O
    minor: Write failed
HDF5-DIAG: Error detected in HDF5 (1.10.7) thread 0:
  #000: /scratch/spack_cpu/job_21700923/spack-stage/spack-stage-hdf5-1.10.7-xexa2gll6hf6okdatgrxiwhcjs2uepc7/spack-src/src/H5Dio.c line 335 in H5Dwrite(): can't write data
    major: Dataset
    minor: Write failed
  #001: /scratch/spack_cpu/job_21700923/spack-stage/spack-stage-hdf5-1.10.7-xexa2gll6hf6okdatgrxiwhcjs2uepc7/spack-src/src/H5Dio.c line 813 in H5D__write(): can't write data
    major: Dataset
    minor: Write failed
  #002: /scratch/spack_cpu/job_21700923/spack-stage/spack-stage-hdf5-1.10.7-xexa2gll6hf6okdatgrxiwhcjs2uepc7/spack-src/src/H5Dcontig.c line 659 in H5D__contig_write(): contiguous write failed
    major: Dataset
    minor: Write failed
  #003: /scratch/spack_cpu/job_21700923/spack-stage/spack-stage-hdf5-1.10.7-xexa2gll6hf6okdatgrxiwhcjs2uepc7/spack-src/src/H5Dselect.c line 321 in H5D__select_write(): write error
    major: Dataspace
    minor: Write failed
  #004: /scratch/spack_cpu/job_21700923/spack-stage/spack-stage-hdf5-1.10.7-xexa2gll6hf6okdatgrxiwhcjs2uepc7/spack-src/src/H5Dselect.c line 230 in H5D__select_io(): write error
    major: Dataspace
    minor: Write failed
  #005: /scratch/spack_cpu/job_21700923/spack-stage/spack-stage-hdf5-1.10.7-xexa2gll6hf6okdatgrxiwhcjs2uepc7/spack-src/src/H5Dcontig.c line 1281 in H5D__contig_writevv(): can't perform vectorized sieve buffer write
    major: Dataset
    minor: Can't operate on object
  #006: /scratch/spack_cpu/job_21700923/spack-stage/spack-stage-hdf5-1.10.7-xexa2gll6hf6okdatgrxiwhcjs2uepc7/spack-src/src/H5VM.c line 1464 in H5VM_opvv(): can't perform operation
    major: Internal error (too specific to document in detail)
    minor: Can't operate on object
  #007: /scratch/spack_cpu/job_21700923/spack-stage/spack-stage-hdf5-1.10.7-xexa2gll6hf6okdatgrxiwhcjs2uepc7/spack-src/src/H5Dcontig.c line 1029 in H5D__contig_writevv_sieve_cb(): block write failed
    major: Dataset
    minor: Write failed
  #008: /scratch/spack_cpu/job_21700923/spack-stage/spack-stage-hdf5-1.10.7-xexa2gll6hf6okdatgrxiwhcjs2uepc7/spack-src/src/H5Fio.c line 161 in H5F_block_write(): write through page buffer failed
    major: Low-level I/O
    minor: Write failed
  #009: /scratch/spack_cpu/job_21700923/spack-stage/spack-stage-hdf5-1.10.7-xexa2gll6hf6okdatgrxiwhcjs2uepc7/spack-src/src/H5PB.c line 1032 in H5PB_write(): write through metadata accumulator failed
    major: Page Buffering
    minor: Write failed
  #010: /scratch/spack_cpu/job_21700923/spack-stage/spack-stage-hdf5-1.10.7-xexa2gll6hf6okdatgrxiwhcjs2uepc7/spack-src/src/H5Faccum.c line 824 in H5F__accum_write(): file write failed
    major: Low-level I/O
    minor: Write failed
  #011: /scratch/spack_cpu/job_21700923/spack-stage/spack-stage-hdf5-1.10.7-xexa2gll6hf6okdatgrxiwhcjs2uepc7/spack-src/src/H5FDint.c line 249 in H5FD_write(): driver write request failed
    major: Virtual File Layer
    minor: Write failed
  #012: /scratch/spack_cpu/job_21700923/spack-stage/spack-stage-hdf5-1.10.7-xexa2gll6hf6okdatgrxiwhcjs2uepc7/spack-src/src/H5FDsec2.c line 856 in H5FD__sec2_write(): file write failed: time = Wed Nov 19 08:39:45 2025
, filename = 'checkpoint.h5', file descriptor = 5, errno = 14, error message = 'Bad address', buf = 0x1555537c4000, total write size = 15969552, bytes this sub-write = 15969552, bytes actually written = 18446744073709551615, offset = 0
    major: Low-level I/O
    minor: Write failed
HDF5-DIAG: Error detected in HDF5 (1.10.7) thread 0:
  #000: /scratch/spack_cpu/job_21700923/spack-stage/spack-stage-hdf5-1.10.7-xexa2gll6hf6okdatgrxiwhcjs2uepc7/spack-src/src/H5Dio.c line 335 in H5Dwrite(): can't write data
    major: Dataset
    minor: Write failed
  #001: /scratch/spack_cpu/job_21700923/spack-stage/spack-stage-hdf5-1.10.7-xexa2gll6hf6okdatgrxiwhcjs2uepc7/spack-src/src/H5Dio.c line 813 in H5D__write(): can't write data
    major: Dataset
    minor: Write failed
  #002: /scratch/spack_cpu/job_21700923/spack-stage/spack-stage-hdf5-1.10.7-xexa2gll6hf6okdatgrxiwhcjs2uepc7/spack-src/src/H5Dcontig.c line 659 in H5D__contig_write(): contiguous write failed
    major: Dataset
    minor: Write failed
  #003: /scratch/spack_cpu/job_21700923/spack-stage/spack-stage-hdf5-1.10.7-xexa2gll6hf6okdatgrxiwhcjs2uepc7/spack-src/src/H5Dselect.c line 321 in H5D__select_write(): write error
    major: Dataspace
    minor: Write failed
  #004: /scratch/spack_cpu/job_21700923/spack-stage/spack-stage-hdf5-1.10.7-xexa2gll6hf6okdatgrxiwhcjs2uepc7/spack-src/src/H5Dselect.c line 230 in H5D__select_io(): write error
    major: Dataspace
    minor: Write failed
  #005: /scratch/spack_cpu/job_21700923/spack-stage/spack-stage-hdf5-1.10.7-xexa2gll6hf6okdatgrxiwhcjs2uepc7/spack-src/src/H5Dcontig.c line 1281 in H5D__contig_writevv(): can't perform vectorized sieve buffer write
    major: Dataset
    minor: Can't operate on object
  #006: /scratch/spack_cpu/job_21700923/spack-stage/spack-stage-hdf5-1.10.7-xexa2gll6hf6okdatgrxiwhcjs2uepc7/spack-src/src/H5VM.c line 1464 in H5VM_opvv(): can't perform operation
    major: Internal error (too specific to document in detail)
    minor: Can't operate on object
  #007: /scratch/spack_cpu/job_21700923/spack-stage/spack-stage-hdf5-1.10.7-xexa2gll6hf6okdatgrxiwhcjs2uepc7/spack-src/src/H5Dcontig.c line 1029 in H5D__contig_writevv_sieve_cb(): block write failed
    major: Dataset
    minor: Write failed
  #008: /scratch/spack_cpu/job_21700923/spack-stage/spack-stage-hdf5-1.10.7-xexa2gll6hf6okdatgrxiwhcjs2uepc7/spack-src/src/H5Fio.c line 161 in H5F_block_write(): write through page buffer failed
    major: Low-level I/O
    minor: Write failed
  #009: /scratch/spack_cpu/job_21700923/spack-stage/spack-stage-hdf5-1.10.7-xexa2gll6hf6okdatgrxiwhcjs2uepc7/spack-src/src/H5PB.c line 1032 in H5PB_write(): write through metadata accumulator failed
    major: Page Buffering
    minor: Write failed
  #010: /scratch/spack_cpu/job_21700923/spack-stage/spack-stage-hdf5-1.10.7-xexa2gll6hf6okdatgrxiwhcjs2uepc7/spack-src/src/H5Faccum.c line 824 in H5F__accum_write(): file write failed
    major: Low-level I/O
    minor: Write failed
  #011: /scratch/spack_cpu/job_21700923/spack-stage/spack-stage-hdf5-1.10.7-xexa2gll6hf6okdatgrxiwhcjs2uepc7/spack-src/src/H5FDint.c line 249 in H5FD_write(): driver write request failed
    major: Virtual File Layer
    minor: Write failed
  #012: /scratch/spack_cpu/job_21700923/spack-stage/spack-stage-hdf5-1.10.7-xexa2gll6hf6okdatgrxiwhcjs2uepc7/spack-src/src/H5FDsec2.c line 856 in H5FD__sec2_write(): file write failed: time = Wed Nov 19 08:39:56 2025
, filename = 'checkpoint.h5', file descriptor = 5, errno = 14, error message = 'Bad address', buf = 0x1555537c4000, total write size = 15969552, bytes this sub-write = 15969552, bytes actually written = 18446744073709551615, offset = 0
    major: Low-level I/O
    minor: Write failed
HDF5-DIAG: Error detected in HDF5 (1.10.7) thread 0:
  #000: /scratch/spack_cpu/job_21700923/spack-stage/spack-stage-hdf5-1.10.7-xexa2gll6hf6okdatgrxiwhcjs2uepc7/spack-src/src/H5Dio.c line 335 in H5Dwrite(): can't write data
    major: Dataset
    minor: Write failed
  #001: /scratch/spack_cpu/job_21700923/spack-stage/spack-stage-hdf5-1.10.7-xexa2gll6hf6okdatgrxiwhcjs2uepc7/spack-src/src/H5Dio.c line 813 in H5D__write(): can't write data
    major: Dataset
    minor: Write failed
  #002: /scratch/spack_cpu/job_21700923/spack-stage/spack-stage-hdf5-1.10.7-xexa2gll6hf6okdatgrxiwhcjs2uepc7/spack-src/src/H5Dcontig.c line 659 in H5D__contig_write(): contiguous write failed
    major: Dataset
    minor: Write failed
  #003: /scratch/spack_cpu/job_21700923/spack-stage/spack-stage-hdf5-1.10.7-xexa2gll6hf6okdatgrxiwhcjs2uepc7/spack-src/src/H5Dselect.c line 321 in H5D__select_write(): write error
    major: Dataspace
    minor: Write failed
  #004: /scratch/spack_cpu/job_21700923/spack-stage/spack-stage-hdf5-1.10.7-xexa2gll6hf6okdatgrxiwhcjs2uepc7/spack-src/src/H5Dselect.c line 230 in H5D__select_io(): write error
    major: Dataspace
    minor: Write failed
  #005: /scratch/spack_cpu/job_21700923/spack-stage/spack-stage-hdf5-1.10.7-xexa2gll6hf6okdatgrxiwhcjs2uepc7/spack-src/src/H5Dcontig.c line 1281 in H5D__contig_writevv(): can't perform vectorized sieve buffer write
    major: Dataset
    minor: Can't operate on object
  #006: /scratch/spack_cpu/job_21700923/spack-stage/spack-stage-hdf5-1.10.7-xexa2gll6hf6okdatgrxiwhcjs2uepc7/spack-src/src/H5VM.c line 1464 in H5VM_opvv(): can't perform operation
    major: Internal error (too specific to document in detail)
    minor: Can't operate on object
  #007: /scratch/spack_cpu/job_21700923/spack-stage/spack-stage-hdf5-1.10.7-xexa2gll6hf6okdatgrxiwhcjs2uepc7/spack-src/src/H5Dcontig.c line 1029 in H5D__contig_writevv_sieve_cb(): block write failed
    major: Dataset
    minor: Write failed
  #008: /scratch/spack_cpu/job_21700923/spack-stage/spack-stage-hdf5-1.10.7-xexa2gll6hf6okdatgrxiwhcjs2uepc7/spack-src/src/H5Fio.c line 161 in H5F_block_write(): write through page buffer failed
    major: Low-level I/O
    minor: Write failed
  #009: /scratch/spack_cpu/job_21700923/spack-stage/spack-stage-hdf5-1.10.7-xexa2gll6hf6okdatgrxiwhcjs2uepc7/spack-src/src/H5PB.c line 1032 in H5PB_write(): write through metadata accumulator failed
    major: Page Buffering
    minor: Write failed
  #010: /scratch/spack_cpu/job_21700923/spack-stage/spack-stage-hdf5-1.10.7-xexa2gll6hf6okdatgrxiwhcjs2uepc7/spack-src/src/H5Faccum.c line 824 in H5F__accum_write(): file write failed
    major: Low-level I/O
    minor: Write failed
  #011: /scratch/spack_cpu/job_21700923/spack-stage/spack-stage-hdf5-1.10.7-xexa2gll6hf6okdatgrxiwhcjs2uepc7/spack-src/src/H5FDint.c line 249 in H5FD_write(): driver write request failed
    major: Virtual File Layer
    minor: Write failed
  #012: /scratch/spack_cpu/job_21700923/spack-stage/spack-stage-hdf5-1.10.7-xexa2gll6hf6okdatgrxiwhcjs2uepc7/spack-src/src/H5FDsec2.c line 856 in H5FD__sec2_write(): file write failed: time = Wed Nov 19 08:40:08 2025
, filename = 'checkpoint.h5', file descriptor = 5, errno = 14, error message = 'Bad address', buf = 0x1555537c4000, total write size = 15969552, bytes this sub-write = 15969552, bytes actually written = 18446744073709551615, offset = 0
    major: Low-level I/O
    minor: Write failed
HDF5-DIAG: Error detected in HDF5 (1.10.7) thread 0:
  #000: /scratch/spack_cpu/job_21700923/spack-stage/spack-stage-hdf5-1.10.7-xexa2gll6hf6okdatgrxiwhcjs2uepc7/spack-src/src/H5Dio.c line 335 in H5Dwrite(): can't write data
    major: Dataset
    minor: Write failed
  #001: /scratch/spack_cpu/job_21700923/spack-stage/spack-stage-hdf5-1.10.7-xexa2gll6hf6okdatgrxiwhcjs2uepc7/spack-src/src/H5Dio.c line 813 in H5D__write(): can't write data
    major: Dataset
    minor: Write failed
  #002: /scratch/spack_cpu/job_21700923/spack-stage/spack-stage-hdf5-1.10.7-xexa2gll6hf6okdatgrxiwhcjs2uepc7/spack-src/src/H5Dcontig.c line 659 in H5D__contig_write(): contiguous write failed
    major: Dataset
    minor: Write failed
  #003: /scratch/spack_cpu/job_21700923/spack-stage/spack-stage-hdf5-1.10.7-xexa2gll6hf6okdatgrxiwhcjs2uepc7/spack-src/src/H5Dselect.c line 321 in H5D__select_write(): write error
    major: Dataspace
    minor: Write failed
  #004: /scratch/spack_cpu/job_21700923/spack-stage/spack-stage-hdf5-1.10.7-xexa2gll6hf6okdatgrxiwhcjs2uepc7/spack-src/src/H5Dselect.c line 230 in H5D__select_io(): write error
    major: Dataspace
    minor: Write failed
  #005: /scratch/spack_cpu/job_21700923/spack-stage/spack-stage-hdf5-1.10.7-xexa2gll6hf6okdatgrxiwhcjs2uepc7/spack-src/src/H5Dcontig.c line 1281 in H5D__contig_writevv(): can't perform vectorized sieve buffer write
    major: Dataset
    minor: Can't operate on object
  #006: /scratch/spack_cpu/job_21700923/spack-stage/spack-stage-hdf5-1.10.7-xexa2gll6hf6okdatgrxiwhcjs2uepc7/spack-src/src/H5VM.c line 1464 in H5VM_opvv(): can't perform operation
    major: Internal error (too specific to document in detail)
    minor: Can't operate on object
  #007: /scratch/spack_cpu/job_21700923/spack-stage/spack-stage-hdf5-1.10.7-xexa2gll6hf6okdatgrxiwhcjs2uepc7/spack-src/src/H5Dcontig.c line 1029 in H5D__contig_writevv_sieve_cb(): block write failed
    major: Dataset
    minor: Write failed
  #008: /scratch/spack_cpu/job_21700923/spack-stage/spack-stage-hdf5-1.10.7-xexa2gll6hf6okdatgrxiwhcjs2uepc7/spack-src/src/H5Fio.c line 161 in H5F_block_write(): write through page buffer failed
    major: Low-level I/O
    minor: Write failed
  #009: /scratch/spack_cpu/job_21700923/spack-stage/spack-stage-hdf5-1.10.7-xexa2gll6hf6okdatgrxiwhcjs2uepc7/spack-src/src/H5PB.c line 1032 in H5PB_write(): write through metadata accumulator failed
    major: Page Buffering
    minor: Write failed
  #010: /scratch/spack_cpu/job_21700923/spack-stage/spack-stage-hdf5-1.10.7-xexa2gll6hf6okdatgrxiwhcjs2uepc7/spack-src/src/H5Faccum.c line 824 in H5F__accum_write(): file write failed
    major: Low-level I/O
    minor: Write failed
  #011: /scratch/spack_cpu/job_21700923/spack-stage/spack-stage-hdf5-1.10.7-xexa2gll6hf6okdatgrxiwhcjs2uepc7/spack-src/src/H5FDint.c line 249 in H5FD_write(): driver write request failed
    major: Virtual File Layer
    minor: Write failed
  #012: /scratch/spack_cpu/job_21700923/spack-stage/spack-stage-hdf5-1.10.7-xexa2gll6hf6okdatgrxiwhcjs2uepc7/spack-src/src/H5FDsec2.c line 856 in H5FD__sec2_write(): file write failed: time = Wed Nov 19 08:40:20 2025
, filename = 'checkpoint.h5', file descriptor = 5, errno = 14, error message = 'Bad address', buf = 0x1555537c4000, total write size = 15969552, bytes this sub-write = 15969552, bytes actually written = 18446744073709551615, offset = 0
    major: Low-level I/O
    minor: Write failed
HDF5-DIAG: Error detected in HDF5 (1.10.7) thread 0:
  #000: /scratch/spack_cpu/job_21700923/spack-stage/spack-stage-hdf5-1.10.7-xexa2gll6hf6okdatgrxiwhcjs2uepc7/spack-src/src/H5Dio.c line 335 in H5Dwrite(): can't write data
    major: Dataset
    minor: Write failed
  #001: /scratch/spack_cpu/job_21700923/spack-stage/spack-stage-hdf5-1.10.7-xexa2gll6hf6okdatgrxiwhcjs2uepc7/spack-src/src/H5Dio.c line 813 in H5D__write(): can't write data
    major: Dataset
    minor: Write failed
  #002: /scratch/spack_cpu/job_21700923/spack-stage/spack-stage-hdf5-1.10.7-xexa2gll6hf6okdatgrxiwhcjs2uepc7/spack-src/src/H5Dcontig.c line 659 in H5D__contig_write(): contiguous write failed
    major: Dataset
    minor: Write failed
  #003: /scratch/spack_cpu/job_21700923/spack-stage/spack-stage-hdf5-1.10.7-xexa2gll6hf6okdatgrxiwhcjs2uepc7/spack-src/src/H5Dselect.c line 321 in H5D__select_write(): write error
    major: Dataspace
    minor: Write failed
  #004: /scratch/spack_cpu/job_21700923/spack-stage/spack-stage-hdf5-1.10.7-xexa2gll6hf6okdatgrxiwhcjs2uepc7/spack-src/src/H5Dselect.c line 230 in H5D__select_io(): write error
    major: Dataspace
    minor: Write failed
  #005: /scratch/spack_cpu/job_21700923/spack-stage/spack-stage-hdf5-1.10.7-xexa2gll6hf6okdatgrxiwhcjs2uepc7/spack-src/src/H5Dcontig.c line 1281 in H5D__contig_writevv(): can't perform vectorized sieve buffer write
    major: Dataset
    minor: Can't operate on object
  #006: /scratch/spack_cpu/job_21700923/spack-stage/spack-stage-hdf5-1.10.7-xexa2gll6hf6okdatgrxiwhcjs2uepc7/spack-src/src/H5VM.c line 1464 in H5VM_opvv(): can't perform operation
    major: Internal error (too specific to document in detail)
    minor: Can't operate on object
  #007: /scratch/spack_cpu/job_21700923/spack-stage/spack-stage-hdf5-1.10.7-xexa2gll6hf6okdatgrxiwhcjs2uepc7/spack-src/src/H5Dcontig.c line 1029 in H5D__contig_writevv_sieve_cb(): block write failed
    major: Dataset
    minor: Write failed
  #008: /scratch/spack_cpu/job_21700923/spack-stage/spack-stage-hdf5-1.10.7-xexa2gll6hf6okdatgrxiwhcjs2uepc7/spack-src/src/H5Fio.c line 161 in H5F_block_write(): write through page buffer failed
    major: Low-level I/O
    minor: Write failed
  #009: /scratch/spack_cpu/job_21700923/spack-stage/spack-stage-hdf5-1.10.7-xexa2gll6hf6okdatgrxiwhcjs2uepc7/spack-src/src/H5PB.c line 1032 in H5PB_write(): write through metadata accumulator failed
    major: Page Buffering
    minor: Write failed
  #010: /scratch/spack_cpu/job_21700923/spack-stage/spack-stage-hdf5-1.10.7-xexa2gll6hf6okdatgrxiwhcjs2uepc7/spack-src/src/H5Faccum.c line 824 in H5F__accum_write(): file write failed
    major: Low-level I/O
    minor: Write failed
  #011: /scratch/spack_cpu/job_21700923/spack-stage/spack-stage-hdf5-1.10.7-xexa2gll6hf6okdatgrxiwhcjs2uepc7/spack-src/src/H5FDint.c line 249 in H5FD_write(): driver write request failed
    major: Virtual File Layer
    minor: Write failed
  #012: /scratch/spack_cpu/job_21700923/spack-stage/spack-stage-hdf5-1.10.7-xexa2gll6hf6okdatgrxiwhcjs2uepc7/spack-src/src/H5FDsec2.c line 856 in H5FD__sec2_write(): file write failed: time = Wed Nov 19 08:40:30 2025
, filename = 'checkpoint.h5', file descriptor = 5, errno = 14, error message = 'Bad address', buf = 0x1555537c4000, total write size = 15969552, bytes this sub-write = 15969552, bytes actually written = 18446744073709551615, offset = 0
    major: Low-level I/O
    minor: Write failed
HDF5-DIAG: Error detected in HDF5 (1.10.7) thread 0:
  #000: /scratch/spack_cpu/job_21700923/spack-stage/spack-stage-hdf5-1.10.7-xexa2gll6hf6okdatgrxiwhcjs2uepc7/spack-src/src/H5Dio.c line 335 in H5Dwrite(): can't write data
    major: Dataset
    minor: Write failed
  #001: /scratch/spack_cpu/job_21700923/spack-stage/spack-stage-hdf5-1.10.7-xexa2gll6hf6okdatgrxiwhcjs2uepc7/spack-src/src/H5Dio.c line 813 in H5D__write(): can't write data
    major: Dataset
    minor: Write failed
  #002: /scratch/spack_cpu/job_21700923/spack-stage/spack-stage-hdf5-1.10.7-xexa2gll6hf6okdatgrxiwhcjs2uepc7/spack-src/src/H5Dcontig.c line 659 in H5D__contig_write(): contiguous write failed
    major: Dataset
    minor: Write failed
  #003: /scratch/spack_cpu/job_21700923/spack-stage/spack-stage-hdf5-1.10.7-xexa2gll6hf6okdatgrxiwhcjs2uepc7/spack-src/src/H5Dselect.c line 321 in H5D__select_write(): write error
    major: Dataspace
    minor: Write failed
  #004: /scratch/spack_cpu/job_21700923/spack-stage/spack-stage-hdf5-1.10.7-xexa2gll6hf6okdatgrxiwhcjs2uepc7/spack-src/src/H5Dselect.c line 230 in H5D__select_io(): write error
    major: Dataspace
    minor: Write failed
  #005: /scratch/spack_cpu/job_21700923/spack-stage/spack-stage-hdf5-1.10.7-xexa2gll6hf6okdatgrxiwhcjs2uepc7/spack-src/src/H5Dcontig.c line 1281 in H5D__contig_writevv(): can't perform vectorized sieve buffer write
    major: Dataset
    minor: Can't operate on object
  #006: /scratch/spack_cpu/job_21700923/spack-stage/spack-stage-hdf5-1.10.7-xexa2gll6hf6okdatgrxiwhcjs2uepc7/spack-src/src/H5VM.c line 1464 in H5VM_opvv(): can't perform operation
    major: Internal error (too specific to document in detail)
    minor: Can't operate on object
  #007: /scratch/spack_cpu/job_21700923/spack-stage/spack-stage-hdf5-1.10.7-xexa2gll6hf6okdatgrxiwhcjs2uepc7/spack-src/src/H5Dcontig.c line 1029 in H5D__contig_writevv_sieve_cb(): block write failed
    major: Dataset
    minor: Write failed
  #008: /scratch/spack_cpu/job_21700923/spack-stage/spack-stage-hdf5-1.10.7-xexa2gll6hf6okdatgrxiwhcjs2uepc7/spack-src/src/H5Fio.c line 161 in H5F_block_write(): write through page buffer failed
    major: Low-level I/O
    minor: Write failed
  #009: /scratch/spack_cpu/job_21700923/spack-stage/spack-stage-hdf5-1.10.7-xexa2gll6hf6okdatgrxiwhcjs2uepc7/spack-src/src/H5PB.c line 1032 in H5PB_write(): write through metadata accumulator failed
    major: Page Buffering
    minor: Write failed
  #010: /scratch/spack_cpu/job_21700923/spack-stage/spack-stage-hdf5-1.10.7-xexa2gll6hf6okdatgrxiwhcjs2uepc7/spack-src/src/H5Faccum.c line 824 in H5F__accum_write(): file write failed
    major: Low-level I/O
    minor: Write failed
  #011: /scratch/spack_cpu/job_21700923/spack-stage/spack-stage-hdf5-1.10.7-xexa2gll6hf6okdatgrxiwhcjs2uepc7/spack-src/src/H5FDint.c line 249 in H5FD_write(): driver write request failed
    major: Virtual File Layer
    minor: Write failed
  #012: /scratch/spack_cpu/job_21700923/spack-stage/spack-stage-hdf5-1.10.7-xexa2gll6hf6okdatgrxiwhcjs2uepc7/spack-src/src/H5FDsec2.c line 856 in H5FD__sec2_write(): file write failed: time = Wed Nov 19 08:40:42 2025
, filename = 'checkpoint.h5', file descriptor = 5, errno = 14, error message = 'Bad address', buf = 0x1555537c4000, total write size = 15969552, bytes this sub-write = 15969552, bytes actually written = 18446744073709551615, offset = 0
    major: Low-level I/O
    minor: Write failed
HDF5-DIAG: Error detected in HDF5 (1.10.7) thread 0:
  #000: /scratch/spack_cpu/job_21700923/spack-stage/spack-stage-hdf5-1.10.7-xexa2gll6hf6okdatgrxiwhcjs2uepc7/spack-src/src/H5Dio.c line 335 in H5Dwrite(): can't write data
    major: Dataset
    minor: Write failed
  #001: /scratch/spack_cpu/job_21700923/spack-stage/spack-stage-hdf5-1.10.7-xexa2gll6hf6okdatgrxiwhcjs2uepc7/spack-src/src/H5Dio.c line 813 in H5D__write(): can't write data
    major: Dataset
    minor: Write failed
  #002: /scratch/spack_cpu/job_21700923/spack-stage/spack-stage-hdf5-1.10.7-xexa2gll6hf6okdatgrxiwhcjs2uepc7/spack-src/src/H5Dcontig.c line 659 in H5D__contig_write(): contiguous write failed
    major: Dataset
    minor: Write failed
  #003: /scratch/spack_cpu/job_21700923/spack-stage/spack-stage-hdf5-1.10.7-xexa2gll6hf6okdatgrxiwhcjs2uepc7/spack-src/src/H5Dselect.c line 321 in H5D__select_write(): write error
    major: Dataspace
    minor: Write failed
  #004: /scratch/spack_cpu/job_21700923/spack-stage/spack-stage-hdf5-1.10.7-xexa2gll6hf6okdatgrxiwhcjs2uepc7/spack-src/src/H5Dselect.c line 230 in H5D__select_io(): write error
    major: Dataspace
    minor: Write failed
  #005: /scratch/spack_cpu/job_21700923/spack-stage/spack-stage-hdf5-1.10.7-xexa2gll6hf6okdatgrxiwhcjs2uepc7/spack-src/src/H5Dcontig.c line 1281 in H5D__contig_writevv(): can't perform vectorized sieve buffer write
    major: Dataset
    minor: Can't operate on object
  #006: /scratch/spack_cpu/job_21700923/spack-stage/spack-stage-hdf5-1.10.7-xexa2gll6hf6okdatgrxiwhcjs2uepc7/spack-src/src/H5VM.c line 1464 in H5VM_opvv(): can't perform operation
    major: Internal error (too specific to document in detail)
    minor: Can't operate on object
  #007: /scratch/spack_cpu/job_21700923/spack-stage/spack-stage-hdf5-1.10.7-xexa2gll6hf6okdatgrxiwhcjs2uepc7/spack-src/src/H5Dcontig.c line 1029 in H5D__contig_writevv_sieve_cb(): block write failed
    major: Dataset
    minor: Write failed
  #008: /scratch/spack_cpu/job_21700923/spack-stage/spack-stage-hdf5-1.10.7-xexa2gll6hf6okdatgrxiwhcjs2uepc7/spack-src/src/H5Fio.c line 161 in H5F_block_write(): write through page buffer failed
    major: Low-level I/O
    minor: Write failed
  #009: /scratch/spack_cpu/job_21700923/spack-stage/spack-stage-hdf5-1.10.7-xexa2gll6hf6okdatgrxiwhcjs2uepc7/spack-src/src/H5PB.c line 1032 in H5PB_write(): write through metadata accumulator failed
    major: Page Buffering
    minor: Write failed
  #010: /scratch/spack_cpu/job_21700923/spack-stage/spack-stage-hdf5-1.10.7-xexa2gll6hf6okdatgrxiwhcjs2uepc7/spack-src/src/H5Faccum.c line 824 in H5F__accum_write(): file write failed
    major: Low-level I/O
    minor: Write failed
  #011: /scratch/spack_cpu/job_21700923/spack-stage/spack-stage-hdf5-1.10.7-xexa2gll6hf6okdatgrxiwhcjs2uepc7/spack-src/src/H5FDint.c line 249 in H5FD_write(): driver write request failed
    major: Virtual File Layer
    minor: Write failed
  #012: /scratch/spack_cpu/job_21700923/spack-stage/spack-stage-hdf5-1.10.7-xexa2gll6hf6okdatgrxiwhcjs2uepc7/spack-src/src/H5FDsec2.c line 856 in H5FD__sec2_write(): file write failed: time = Wed Nov 19 08:40:54 2025
, filename = 'checkpoint.h5', file descriptor = 5, errno = 14, error message = 'Bad address', buf = 0x1555537c4000, total write size = 15969552, bytes this sub-write = 15969552, bytes actually written = 18446744073709551615, offset = 0
    major: Low-level I/O
    minor: Write failed
HDF5-DIAG: Error detected in HDF5 (1.10.7) thread 0:
  #000: /scratch/spack_cpu/job_21700923/spack-stage/spack-stage-hdf5-1.10.7-xexa2gll6hf6okdatgrxiwhcjs2uepc7/spack-src/src/H5Dio.c line 335 in H5Dwrite(): can't write data
    major: Dataset
    minor: Write failed
  #001: /scratch/spack_cpu/job_21700923/spack-stage/spack-stage-hdf5-1.10.7-xexa2gll6hf6okdatgrxiwhcjs2uepc7/spack-src/src/H5Dio.c line 813 in H5D__write(): can't write data
    major: Dataset
    minor: Write failed
  #002: /scratch/spack_cpu/job_21700923/spack-stage/spack-stage-hdf5-1.10.7-xexa2gll6hf6okdatgrxiwhcjs2uepc7/spack-src/src/H5Dcontig.c line 659 in H5D__contig_write(): contiguous write failed
    major: Dataset
    minor: Write failed
  #003: /scratch/spack_cpu/job_21700923/spack-stage/spack-stage-hdf5-1.10.7-xexa2gll6hf6okdatgrxiwhcjs2uepc7/spack-src/src/H5Dselect.c line 321 in H5D__select_write(): write error
    major: Dataspace
    minor: Write failed
  #004: /scratch/spack_cpu/job_21700923/spack-stage/spack-stage-hdf5-1.10.7-xexa2gll6hf6okdatgrxiwhcjs2uepc7/spack-src/src/H5Dselect.c line 230 in H5D__select_io(): write error
    major: Dataspace
    minor: Write failed
  #005: /scratch/spack_cpu/job_21700923/spack-stage/spack-stage-hdf5-1.10.7-xexa2gll6hf6okdatgrxiwhcjs2uepc7/spack-src/src/H5Dcontig.c line 1281 in H5D__contig_writevv(): can't perform vectorized sieve buffer write
    major: Dataset
    minor: Can't operate on object
  #006: /scratch/spack_cpu/job_21700923/spack-stage/spack-stage-hdf5-1.10.7-xexa2gll6hf6okdatgrxiwhcjs2uepc7/spack-src/src/H5VM.c line 1464 in H5VM_opvv(): can't perform operation
    major: Internal error (too specific to document in detail)
    minor: Can't operate on object
  #007: /scratch/spack_cpu/job_21700923/spack-stage/spack-stage-hdf5-1.10.7-xexa2gll6hf6okdatgrxiwhcjs2uepc7/spack-src/src/H5Dcontig.c line 1029 in H5D__contig_writevv_sieve_cb(): block write failed
    major: Dataset
    minor: Write failed
  #008: /scratch/spack_cpu/job_21700923/spack-stage/spack-stage-hdf5-1.10.7-xexa2gll6hf6okdatgrxiwhcjs2uepc7/spack-src/src/H5Fio.c line 161 in H5F_block_write(): write through page buffer failed
    major: Low-level I/O
    minor: Write failed
  #009: /scratch/spack_cpu/job_21700923/spack-stage/spack-stage-hdf5-1.10.7-xexa2gll6hf6okdatgrxiwhcjs2uepc7/spack-src/src/H5PB.c line 1032 in H5PB_write(): write through metadata accumulator failed
    major: Page Buffering
    minor: Write failed
  #010: /scratch/spack_cpu/job_21700923/spack-stage/spack-stage-hdf5-1.10.7-xexa2gll6hf6okdatgrxiwhcjs2uepc7/spack-src/src/H5Faccum.c line 824 in H5F__accum_write(): file write failed
    major: Low-level I/O
    minor: Write failed
  #011: /scratch/spack_cpu/job_21700923/spack-stage/spack-stage-hdf5-1.10.7-xexa2gll6hf6okdatgrxiwhcjs2uepc7/spack-src/src/H5FDint.c line 249 in H5FD_write(): driver write request failed
    major: Virtual File Layer
    minor: Write failed
  #012: /scratch/spack_cpu/job_21700923/spack-stage/spack-stage-hdf5-1.10.7-xexa2gll6hf6okdatgrxiwhcjs2uepc7/spack-src/src/H5FDsec2.c line 856 in H5FD__sec2_write(): file write failed: time = Wed Nov 19 08:41:05 2025
, filename = 'checkpoint.h5', file descriptor = 5, errno = 14, error message = 'Bad address', buf = 0x1555537c4000, total write size = 15969552, bytes this sub-write = 15969552, bytes actually written = 18446744073709551615, offset = 0
    major: Low-level I/O
    minor: Write failed
HDF5-DIAG: Error detected in HDF5 (1.10.7) thread 0:
  #000: /scratch/spack_cpu/job_21700923/spack-stage/spack-stage-hdf5-1.10.7-xexa2gll6hf6okdatgrxiwhcjs2uepc7/spack-src/src/H5Dio.c line 335 in H5Dwrite(): can't write data
    major: Dataset
    minor: Write failed
  #001: /scratch/spack_cpu/job_21700923/spack-stage/spack-stage-hdf5-1.10.7-xexa2gll6hf6okdatgrxiwhcjs2uepc7/spack-src/src/H5Dio.c line 813 in H5D__write(): can't write data
    major: Dataset
    minor: Write failed
  #002: /scratch/spack_cpu/job_21700923/spack-stage/spack-stage-hdf5-1.10.7-xexa2gll6hf6okdatgrxiwhcjs2uepc7/spack-src/src/H5Dcontig.c line 659 in H5D__contig_write(): contiguous write failed
    major: Dataset
    minor: Write failed
  #003: /scratch/spack_cpu/job_21700923/spack-stage/spack-stage-hdf5-1.10.7-xexa2gll6hf6okdatgrxiwhcjs2uepc7/spack-src/src/H5Dselect.c line 321 in H5D__select_write(): write error
    major: Dataspace
    minor: Write failed
  #004: /scratch/spack_cpu/job_21700923/spack-stage/spack-stage-hdf5-1.10.7-xexa2gll6hf6okdatgrxiwhcjs2uepc7/spack-src/src/H5Dselect.c line 230 in H5D__select_io(): write error
    major: Dataspace
    minor: Write failed
  #005: /scratch/spack_cpu/job_21700923/spack-stage/spack-stage-hdf5-1.10.7-xexa2gll6hf6okdatgrxiwhcjs2uepc7/spack-src/src/H5Dcontig.c line 1281 in H5D__contig_writevv(): can't perform vectorized sieve buffer write
    major: Dataset
    minor: Can't operate on object
  #006: /scratch/spack_cpu/job_21700923/spack-stage/spack-stage-hdf5-1.10.7-xexa2gll6hf6okdatgrxiwhcjs2uepc7/spack-src/src/H5VM.c line 1464 in H5VM_opvv(): can't perform operation
    major: Internal error (too specific to document in detail)
    minor: Can't operate on object
  #007: /scratch/spack_cpu/job_21700923/spack-stage/spack-stage-hdf5-1.10.7-xexa2gll6hf6okdatgrxiwhcjs2uepc7/spack-src/src/H5Dcontig.c line 1029 in H5D__contig_writevv_sieve_cb(): block write failed
    major: Dataset
    minor: Write failed
  #008: /scratch/spack_cpu/job_21700923/spack-stage/spack-stage-hdf5-1.10.7-xexa2gll6hf6okdatgrxiwhcjs2uepc7/spack-src/src/H5Fio.c line 161 in H5F_block_write(): write through page buffer failed
    major: Low-level I/O
    minor: Write failed
  #009: /scratch/spack_cpu/job_21700923/spack-stage/spack-stage-hdf5-1.10.7-xexa2gll6hf6okdatgrxiwhcjs2uepc7/spack-src/src/H5PB.c line 1032 in H5PB_write(): write through metadata accumulator failed
    major: Page Buffering
    minor: Write failed
  #010: /scratch/spack_cpu/job_21700923/spack-stage/spack-stage-hdf5-1.10.7-xexa2gll6hf6okdatgrxiwhcjs2uepc7/spack-src/src/H5Faccum.c line 824 in H5F__accum_write(): file write failed
    major: Low-level I/O
    minor: Write failed
  #011: /scratch/spack_cpu/job_21700923/spack-stage/spack-stage-hdf5-1.10.7-xexa2gll6hf6okdatgrxiwhcjs2uepc7/spack-src/src/H5FDint.c line 249 in H5FD_write(): driver write request failed
    major: Virtual File Layer
    minor: Write failed
  #012: /scratch/spack_cpu/job_21700923/spack-stage/spack-stage-hdf5-1.10.7-xexa2gll6hf6okdatgrxiwhcjs2uepc7/spack-src/src/H5FDsec2.c line 856 in H5FD__sec2_write(): file write failed: time = Wed Nov 19 08:41:17 2025
, filename = 'checkpoint.h5', file descriptor = 5, errno = 14, error message = 'Bad address', buf = 0x1555537c4000, total write size = 15969552, bytes this sub-write = 15969552, bytes actually written = 18446744073709551615, offset = 0
    major: Low-level I/O
    minor: Write failed
HDF5-DIAG: Error detected in HDF5 (1.10.7) thread 0:
  #000: /scratch/spack_cpu/job_21700923/spack-stage/spack-stage-hdf5-1.10.7-xexa2gll6hf6okdatgrxiwhcjs2uepc7/spack-src/src/H5Dio.c line 335 in H5Dwrite(): can't write data
    major: Dataset
    minor: Write failed
  #001: /scratch/spack_cpu/job_21700923/spack-stage/spack-stage-hdf5-1.10.7-xexa2gll6hf6okdatgrxiwhcjs2uepc7/spack-src/src/H5Dio.c line 813 in H5D__write(): can't write data
    major: Dataset
    minor: Write failed
  #002: /scratch/spack_cpu/job_21700923/spack-stage/spack-stage-hdf5-1.10.7-xexa2gll6hf6okdatgrxiwhcjs2uepc7/spack-src/src/H5Dcontig.c line 659 in H5D__contig_write(): contiguous write failed
    major: Dataset
    minor: Write failed
  #003: /scratch/spack_cpu/job_21700923/spack-stage/spack-stage-hdf5-1.10.7-xexa2gll6hf6okdatgrxiwhcjs2uepc7/spack-src/src/H5Dselect.c line 321 in H5D__select_write(): write error
    major: Dataspace
    minor: Write failed
  #004: /scratch/spack_cpu/job_21700923/spack-stage/spack-stage-hdf5-1.10.7-xexa2gll6hf6okdatgrxiwhcjs2uepc7/spack-src/src/H5Dselect.c line 230 in H5D__select_io(): write error
    major: Dataspace
    minor: Write failed
  #005: /scratch/spack_cpu/job_21700923/spack-stage/spack-stage-hdf5-1.10.7-xexa2gll6hf6okdatgrxiwhcjs2uepc7/spack-src/src/H5Dcontig.c line 1281 in H5D__contig_writevv(): can't perform vectorized sieve buffer write
    major: Dataset
    minor: Can't operate on object
  #006: /scratch/spack_cpu/job_21700923/spack-stage/spack-stage-hdf5-1.10.7-xexa2gll6hf6okdatgrxiwhcjs2uepc7/spack-src/src/H5VM.c line 1464 in H5VM_opvv(): can't perform operation
    major: Internal error (too specific to document in detail)
    minor: Can't operate on object
  #007: /scratch/spack_cpu/job_21700923/spack-stage/spack-stage-hdf5-1.10.7-xexa2gll6hf6okdatgrxiwhcjs2uepc7/spack-src/src/H5Dcontig.c line 1029 in H5D__contig_writevv_sieve_cb(): block write failed
    major: Dataset
    minor: Write failed
  #008: /scratch/spack_cpu/job_21700923/spack-stage/spack-stage-hdf5-1.10.7-xexa2gll6hf6okdatgrxiwhcjs2uepc7/spack-src/src/H5Fio.c line 161 in H5F_block_write(): write through page buffer failed
    major: Low-level I/O
    minor: Write failed
  #009: /scratch/spack_cpu/job_21700923/spack-stage/spack-stage-hdf5-1.10.7-xexa2gll6hf6okdatgrxiwhcjs2uepc7/spack-src/src/H5PB.c line 1032 in H5PB_write(): write through metadata accumulator failed
    major: Page Buffering
    minor: Write failed
  #010: /scratch/spack_cpu/job_21700923/spack-stage/spack-stage-hdf5-1.10.7-xexa2gll6hf6okdatgrxiwhcjs2uepc7/spack-src/src/H5Faccum.c line 824 in H5F__accum_write(): file write failed
    major: Low-level I/O
    minor: Write failed
  #011: /scratch/spack_cpu/job_21700923/spack-stage/spack-stage-hdf5-1.10.7-xexa2gll6hf6okdatgrxiwhcjs2uepc7/spack-src/src/H5FDint.c line 249 in H5FD_write(): driver write request failed
    major: Virtual File Layer
    minor: Write failed
  #012: /scratch/spack_cpu/job_21700923/spack-stage/spack-stage-hdf5-1.10.7-xexa2gll6hf6okdatgrxiwhcjs2uepc7/spack-src/src/H5FDsec2.c line 856 in H5FD__sec2_write(): file write failed: time = Wed Nov 19 08:41:28 2025
, filename = 'checkpoint.h5', file descriptor = 5, errno = 14, error message = 'Bad address', buf = 0x1555537c4000, total write size = 15969552, bytes this sub-write = 15969552, bytes actually written = 18446744073709551615, offset = 0
    major: Low-level I/O
    minor: Write failed
HDF5-DIAG: Error detected in HDF5 (1.10.7) thread 0:
  #000: /scratch/spack_cpu/job_21700923/spack-stage/spack-stage-hdf5-1.10.7-xexa2gll6hf6okdatgrxiwhcjs2uepc7/spack-src/src/H5Dio.c line 335 in H5Dwrite(): can't write data
    major: Dataset
    minor: Write failed
  #001: /scratch/spack_cpu/job_21700923/spack-stage/spack-stage-hdf5-1.10.7-xexa2gll6hf6okdatgrxiwhcjs2uepc7/spack-src/src/H5Dio.c line 813 in H5D__write(): can't write data
    major: Dataset
    minor: Write failed
  #002: /scratch/spack_cpu/job_21700923/spack-stage/spack-stage-hdf5-1.10.7-xexa2gll6hf6okdatgrxiwhcjs2uepc7/spack-src/src/H5Dcontig.c line 659 in H5D__contig_write(): contiguous write failed
    major: Dataset
    minor: Write failed
  #003: /scratch/spack_cpu/job_21700923/spack-stage/spack-stage-hdf5-1.10.7-xexa2gll6hf6okdatgrxiwhcjs2uepc7/spack-src/src/H5Dselect.c line 321 in H5D__select_write(): write error
    major: Dataspace
    minor: Write failed
  #004: /scratch/spack_cpu/job_21700923/spack-stage/spack-stage-hdf5-1.10.7-xexa2gll6hf6okdatgrxiwhcjs2uepc7/spack-src/src/H5Dselect.c line 230 in H5D__select_io(): write error
    major: Dataspace
    minor: Write failed
  #005: /scratch/spack_cpu/job_21700923/spack-stage/spack-stage-hdf5-1.10.7-xexa2gll6hf6okdatgrxiwhcjs2uepc7/spack-src/src/H5Dcontig.c line 1281 in H5D__contig_writevv(): can't perform vectorized sieve buffer write
    major: Dataset
    minor: Can't operate on object
  #006: /scratch/spack_cpu/job_21700923/spack-stage/spack-stage-hdf5-1.10.7-xexa2gll6hf6okdatgrxiwhcjs2uepc7/spack-src/src/H5VM.c line 1464 in H5VM_opvv(): can't perform operation
    major: Internal error (too specific to document in detail)
    minor: Can't operate on object
  #007: /scratch/spack_cpu/job_21700923/spack-stage/spack-stage-hdf5-1.10.7-xexa2gll6hf6okdatgrxiwhcjs2uepc7/spack-src/src/H5Dcontig.c line 1029 in H5D__contig_writevv_sieve_cb(): block write failed
    major: Dataset
    minor: Write failed
  #008: /scratch/spack_cpu/job_21700923/spack-stage/spack-stage-hdf5-1.10.7-xexa2gll6hf6okdatgrxiwhcjs2uepc7/spack-src/src/H5Fio.c line 161 in H5F_block_write(): write through page buffer failed
    major: Low-level I/O
    minor: Write failed
  #009: /scratch/spack_cpu/job_21700923/spack-stage/spack-stage-hdf5-1.10.7-xexa2gll6hf6okdatgrxiwhcjs2uepc7/spack-src/src/H5PB.c line 1032 in H5PB_write(): write through metadata accumulator failed
    major: Page Buffering
    minor: Write failed
  #010: /scratch/spack_cpu/job_21700923/spack-stage/spack-stage-hdf5-1.10.7-xexa2gll6hf6okdatgrxiwhcjs2uepc7/spack-src/src/H5Faccum.c line 824 in H5F__accum_write(): file write failed
    major: Low-level I/O
    minor: Write failed
  #011: /scratch/spack_cpu/job_21700923/spack-stage/spack-stage-hdf5-1.10.7-xexa2gll6hf6okdatgrxiwhcjs2uepc7/spack-src/src/H5FDint.c line 249 in H5FD_write(): driver write request failed
    major: Virtual File Layer
    minor: Write failed
  #012: /scratch/spack_cpu/job_21700923/spack-stage/spack-stage-hdf5-1.10.7-xexa2gll6hf6okdatgrxiwhcjs2uepc7/spack-src/src/H5FDsec2.c line 856 in H5FD__sec2_write(): file write failed: time = Wed Nov 19 08:41:39 2025
, filename = 'checkpoint.h5', file descriptor = 5, errno = 14, error message = 'Bad address', buf = 0x1555537c4000, total write size = 15969552, bytes this sub-write = 15969552, bytes actually written = 18446744073709551615, offset = 0
    major: Low-level I/O
    minor: Write failed
HDF5-DIAG: Error detected in HDF5 (1.10.7) thread 0:
  #000: /scratch/spack_cpu/job_21700923/spack-stage/spack-stage-hdf5-1.10.7-xexa2gll6hf6okdatgrxiwhcjs2uepc7/spack-src/src/H5Dio.c line 335 in H5Dwrite(): can't write data
    major: Dataset
    minor: Write failed
  #001: /scratch/spack_cpu/job_21700923/spack-stage/spack-stage-hdf5-1.10.7-xexa2gll6hf6okdatgrxiwhcjs2uepc7/spack-src/src/H5Dio.c line 813 in H5D__write(): can't write data
    major: Dataset
    minor: Write failed
  #002: /scratch/spack_cpu/job_21700923/spack-stage/spack-stage-hdf5-1.10.7-xexa2gll6hf6okdatgrxiwhcjs2uepc7/spack-src/src/H5Dcontig.c line 659 in H5D__contig_write(): contiguous write failed
    major: Dataset
    minor: Write failed
  #003: /scratch/spack_cpu/job_21700923/spack-stage/spack-stage-hdf5-1.10.7-xexa2gll6hf6okdatgrxiwhcjs2uepc7/spack-src/src/H5Dselect.c line 321 in H5D__select_write(): write error
    major: Dataspace
    minor: Write failed
  #004: /scratch/spack_cpu/job_21700923/spack-stage/spack-stage-hdf5-1.10.7-xexa2gll6hf6okdatgrxiwhcjs2uepc7/spack-src/src/H5Dselect.c line 230 in H5D__select_io(): write error
    major: Dataspace
    minor: Write failed
  #005: /scratch/spack_cpu/job_21700923/spack-stage/spack-stage-hdf5-1.10.7-xexa2gll6hf6okdatgrxiwhcjs2uepc7/spack-src/src/H5Dcontig.c line 1281 in H5D__contig_writevv(): can't perform vectorized sieve buffer write
    major: Dataset
    minor: Can't operate on object
  #006: /scratch/spack_cpu/job_21700923/spack-stage/spack-stage-hdf5-1.10.7-xexa2gll6hf6okdatgrxiwhcjs2uepc7/spack-src/src/H5VM.c line 1464 in H5VM_opvv(): can't perform operation
    major: Internal error (too specific to document in detail)
    minor: Can't operate on object
  #007: /scratch/spack_cpu/job_21700923/spack-stage/spack-stage-hdf5-1.10.7-xexa2gll6hf6okdatgrxiwhcjs2uepc7/spack-src/src/H5Dcontig.c line 1029 in H5D__contig_writevv_sieve_cb(): block write failed
    major: Dataset
    minor: Write failed
  #008: /scratch/spack_cpu/job_21700923/spack-stage/spack-stage-hdf5-1.10.7-xexa2gll6hf6okdatgrxiwhcjs2uepc7/spack-src/src/H5Fio.c line 161 in H5F_block_write(): write through page buffer failed
    major: Low-level I/O
    minor: Write failed
  #009: /scratch/spack_cpu/job_21700923/spack-stage/spack-stage-hdf5-1.10.7-xexa2gll6hf6okdatgrxiwhcjs2uepc7/spack-src/src/H5PB.c line 1032 in H5PB_write(): write through metadata accumulator failed
    major: Page Buffering
    minor: Write failed
  #010: /scratch/spack_cpu/job_21700923/spack-stage/spack-stage-hdf5-1.10.7-xexa2gll6hf6okdatgrxiwhcjs2uepc7/spack-src/src/H5Faccum.c line 824 in H5F__accum_write(): file write failed
    major: Low-level I/O
    minor: Write failed
  #011: /scratch/spack_cpu/job_21700923/spack-stage/spack-stage-hdf5-1.10.7-xexa2gll6hf6okdatgrxiwhcjs2uepc7/spack-src/src/H5FDint.c line 249 in H5FD_write(): driver write request failed
    major: Virtual File Layer
    minor: Write failed
  #012: /scratch/spack_cpu/job_21700923/spack-stage/spack-stage-hdf5-1.10.7-xexa2gll6hf6okdatgrxiwhcjs2uepc7/spack-src/src/H5FDsec2.c line 856 in H5FD__sec2_write(): file write failed: time = Wed Nov 19 08:41:50 2025
, filename = 'checkpoint.h5', file descriptor = 5, errno = 14, error message = 'Bad address', buf = 0x1555537c4000, total write size = 15969552, bytes this sub-write = 15969552, bytes actually written = 18446744073709551615, offset = 0
    major: Low-level I/O
    minor: Write failed
HDF5-DIAG: Error detected in HDF5 (1.10.7) thread 0:
  #000: /scratch/spack_cpu/job_21700923/spack-stage/spack-stage-hdf5-1.10.7-xexa2gll6hf6okdatgrxiwhcjs2uepc7/spack-src/src/H5Dio.c line 335 in H5Dwrite(): can't write data
    major: Dataset
    minor: Write failed
  #001: /scratch/spack_cpu/job_21700923/spack-stage/spack-stage-hdf5-1.10.7-xexa2gll6hf6okdatgrxiwhcjs2uepc7/spack-src/src/H5Dio.c line 813 in H5D__write(): can't write data
    major: Dataset
    minor: Write failed
  #002: /scratch/spack_cpu/job_21700923/spack-stage/spack-stage-hdf5-1.10.7-xexa2gll6hf6okdatgrxiwhcjs2uepc7/spack-src/src/H5Dcontig.c line 659 in H5D__contig_write(): contiguous write failed
    major: Dataset
    minor: Write failed
  #003: /scratch/spack_cpu/job_21700923/spack-stage/spack-stage-hdf5-1.10.7-xexa2gll6hf6okdatgrxiwhcjs2uepc7/spack-src/src/H5Dselect.c line 321 in H5D__select_write(): write error
    major: Dataspace
    minor: Write failed
  #004: /scratch/spack_cpu/job_21700923/spack-stage/spack-stage-hdf5-1.10.7-xexa2gll6hf6okdatgrxiwhcjs2uepc7/spack-src/src/H5Dselect.c line 230 in H5D__select_io(): write error
    major: Dataspace
    minor: Write failed
  #005: /scratch/spack_cpu/job_21700923/spack-stage/spack-stage-hdf5-1.10.7-xexa2gll6hf6okdatgrxiwhcjs2uepc7/spack-src/src/H5Dcontig.c line 1281 in H5D__contig_writevv(): can't perform vectorized sieve buffer write
    major: Dataset
    minor: Can't operate on object
  #006: /scratch/spack_cpu/job_21700923/spack-stage/spack-stage-hdf5-1.10.7-xexa2gll6hf6okdatgrxiwhcjs2uepc7/spack-src/src/H5VM.c line 1464 in H5VM_opvv(): can't perform operation
    major: Internal error (too specific to document in detail)
    minor: Can't operate on object
  #007: /scratch/spack_cpu/job_21700923/spack-stage/spack-stage-hdf5-1.10.7-xexa2gll6hf6okdatgrxiwhcjs2uepc7/spack-src/src/H5Dcontig.c line 1029 in H5D__contig_writevv_sieve_cb(): block write failed
    major: Dataset
    minor: Write failed
  #008: /scratch/spack_cpu/job_21700923/spack-stage/spack-stage-hdf5-1.10.7-xexa2gll6hf6okdatgrxiwhcjs2uepc7/spack-src/src/H5Fio.c line 161 in H5F_block_write(): write through page buffer failed
    major: Low-level I/O
    minor: Write failed
  #009: /scratch/spack_cpu/job_21700923/spack-stage/spack-stage-hdf5-1.10.7-xexa2gll6hf6okdatgrxiwhcjs2uepc7/spack-src/src/H5PB.c line 1032 in H5PB_write(): write through metadata accumulator failed
    major: Page Buffering
    minor: Write failed
  #010: /scratch/spack_cpu/job_21700923/spack-stage/spack-stage-hdf5-1.10.7-xexa2gll6hf6okdatgrxiwhcjs2uepc7/spack-src/src/H5Faccum.c line 824 in H5F__accum_write(): file write failed
    major: Low-level I/O
    minor: Write failed
  #011: /scratch/spack_cpu/job_21700923/spack-stage/spack-stage-hdf5-1.10.7-xexa2gll6hf6okdatgrxiwhcjs2uepc7/spack-src/src/H5FDint.c line 249 in H5FD_write(): driver write request failed
    major: Virtual File Layer
    minor: Write failed
  #012: /scratch/spack_cpu/job_21700923/spack-stage/spack-stage-hdf5-1.10.7-xexa2gll6hf6okdatgrxiwhcjs2uepc7/spack-src/src/H5FDsec2.c line 856 in H5FD__sec2_write(): file write failed: time = Wed Nov 19 08:42:02 2025
, filename = 'checkpoint.h5', file descriptor = 5, errno = 14, error message = 'Bad address', buf = 0x1555537c4000, total write size = 15969552, bytes this sub-write = 15969552, bytes actually written = 18446744073709551615, offset = 0
    major: Low-level I/O
    minor: Write failed
HDF5-DIAG: Error detected in HDF5 (1.10.7) thread 0:
  #000: /scratch/spack_cpu/job_21700923/spack-stage/spack-stage-hdf5-1.10.7-xexa2gll6hf6okdatgrxiwhcjs2uepc7/spack-src/src/H5Dio.c line 335 in H5Dwrite(): can't write data
    major: Dataset
    minor: Write failed
  #001: /scratch/spack_cpu/job_21700923/spack-stage/spack-stage-hdf5-1.10.7-xexa2gll6hf6okdatgrxiwhcjs2uepc7/spack-src/src/H5Dio.c line 813 in H5D__write(): can't write data
    major: Dataset
    minor: Write failed
  #002: /scratch/spack_cpu/job_21700923/spack-stage/spack-stage-hdf5-1.10.7-xexa2gll6hf6okdatgrxiwhcjs2uepc7/spack-src/src/H5Dcontig.c line 659 in H5D__contig_write(): contiguous write failed
    major: Dataset
    minor: Write failed
  #003: /scratch/spack_cpu/job_21700923/spack-stage/spack-stage-hdf5-1.10.7-xexa2gll6hf6okdatgrxiwhcjs2uepc7/spack-src/src/H5Dselect.c line 321 in H5D__select_write(): write error
    major: Dataspace
    minor: Write failed
  #004: /scratch/spack_cpu/job_21700923/spack-stage/spack-stage-hdf5-1.10.7-xexa2gll6hf6okdatgrxiwhcjs2uepc7/spack-src/src/H5Dselect.c line 230 in H5D__select_io(): write error
    major: Dataspace
    minor: Write failed
  #005: /scratch/spack_cpu/job_21700923/spack-stage/spack-stage-hdf5-1.10.7-xexa2gll6hf6okdatgrxiwhcjs2uepc7/spack-src/src/H5Dcontig.c line 1281 in H5D__contig_writevv(): can't perform vectorized sieve buffer write
    major: Dataset
    minor: Can't operate on object
  #006: /scratch/spack_cpu/job_21700923/spack-stage/spack-stage-hdf5-1.10.7-xexa2gll6hf6okdatgrxiwhcjs2uepc7/spack-src/src/H5VM.c line 1464 in H5VM_opvv(): can't perform operation
    major: Internal error (too specific to document in detail)
    minor: Can't operate on object
  #007: /scratch/spack_cpu/job_21700923/spack-stage/spack-stage-hdf5-1.10.7-xexa2gll6hf6okdatgrxiwhcjs2uepc7/spack-src/src/H5Dcontig.c line 1029 in H5D__contig_writevv_sieve_cb(): block write failed
    major: Dataset
    minor: Write failed
  #008: /scratch/spack_cpu/job_21700923/spack-stage/spack-stage-hdf5-1.10.7-xexa2gll6hf6okdatgrxiwhcjs2uepc7/spack-src/src/H5Fio.c line 161 in H5F_block_write(): write through page buffer failed
    major: Low-level I/O
    minor: Write failed
  #009: /scratch/spack_cpu/job_21700923/spack-stage/spack-stage-hdf5-1.10.7-xexa2gll6hf6okdatgrxiwhcjs2uepc7/spack-src/src/H5PB.c line 1032 in H5PB_write(): write through metadata accumulator failed
    major: Page Buffering
    minor: Write failed
  #010: /scratch/spack_cpu/job_21700923/spack-stage/spack-stage-hdf5-1.10.7-xexa2gll6hf6okdatgrxiwhcjs2uepc7/spack-src/src/H5Faccum.c line 824 in H5F__accum_write(): file write failed
    major: Low-level I/O
    minor: Write failed
  #011: /scratch/spack_cpu/job_21700923/spack-stage/spack-stage-hdf5-1.10.7-xexa2gll6hf6okdatgrxiwhcjs2uepc7/spack-src/src/H5FDint.c line 249 in H5FD_write(): driver write request failed
    major: Virtual File Layer
    minor: Write failed
  #012: /scratch/spack_cpu/job_21700923/spack-stage/spack-stage-hdf5-1.10.7-xexa2gll6hf6okdatgrxiwhcjs2uepc7/spack-src/src/H5FDsec2.c line 856 in H5FD__sec2_write(): file write failed: time = Wed Nov 19 08:42:13 2025
, filename = 'checkpoint.h5', file descriptor = 5, errno = 14, error message = 'Bad address', buf = 0x1555537c4000, total write size = 15969552, bytes this sub-write = 15969552, bytes actually written = 18446744073709551615, offset = 0
    major: Low-level I/O
    minor: Write failed
HDF5-DIAG: Error detected in HDF5 (1.10.7) thread 0:
  #000: /scratch/spack_cpu/job_21700923/spack-stage/spack-stage-hdf5-1.10.7-xexa2gll6hf6okdatgrxiwhcjs2uepc7/spack-src/src/H5Dio.c line 335 in H5Dwrite(): can't write data
    major: Dataset
    minor: Write failed
  #001: /scratch/spack_cpu/job_21700923/spack-stage/spack-stage-hdf5-1.10.7-xexa2gll6hf6okdatgrxiwhcjs2uepc7/spack-src/src/H5Dio.c line 813 in H5D__write(): can't write data
    major: Dataset
    minor: Write failed
  #002: /scratch/spack_cpu/job_21700923/spack-stage/spack-stage-hdf5-1.10.7-xexa2gll6hf6okdatgrxiwhcjs2uepc7/spack-src/src/H5Dcontig.c line 659 in H5D__contig_write(): contiguous write failed
    major: Dataset
    minor: Write failed
  #003: /scratch/spack_cpu/job_21700923/spack-stage/spack-stage-hdf5-1.10.7-xexa2gll6hf6okdatgrxiwhcjs2uepc7/spack-src/src/H5Dselect.c line 321 in H5D__select_write(): write error
    major: Dataspace
    minor: Write failed
  #004: /scratch/spack_cpu/job_21700923/spack-stage/spack-stage-hdf5-1.10.7-xexa2gll6hf6okdatgrxiwhcjs2uepc7/spack-src/src/H5Dselect.c line 230 in H5D__select_io(): write error
    major: Dataspace
    minor: Write failed
  #005: /scratch/spack_cpu/job_21700923/spack-stage/spack-stage-hdf5-1.10.7-xexa2gll6hf6okdatgrxiwhcjs2uepc7/spack-src/src/H5Dcontig.c line 1281 in H5D__contig_writevv(): can't perform vectorized sieve buffer write
    major: Dataset
    minor: Can't operate on object
  #006: /scratch/spack_cpu/job_21700923/spack-stage/spack-stage-hdf5-1.10.7-xexa2gll6hf6okdatgrxiwhcjs2uepc7/spack-src/src/H5VM.c line 1464 in H5VM_opvv(): can't perform operation
    major: Internal error (too specific to document in detail)
    minor: Can't operate on object
  #007: /scratch/spack_cpu/job_21700923/spack-stage/spack-stage-hdf5-1.10.7-xexa2gll6hf6okdatgrxiwhcjs2uepc7/spack-src/src/H5Dcontig.c line 1029 in H5D__contig_writevv_sieve_cb(): block write failed
    major: Dataset
    minor: Write failed
  #008: /scratch/spack_cpu/job_21700923/spack-stage/spack-stage-hdf5-1.10.7-xexa2gll6hf6okdatgrxiwhcjs2uepc7/spack-src/src/H5Fio.c line 161 in H5F_block_write(): write through page buffer failed
    major: Low-level I/O
    minor: Write failed
  #009: /scratch/spack_cpu/job_21700923/spack-stage/spack-stage-hdf5-1.10.7-xexa2gll6hf6okdatgrxiwhcjs2uepc7/spack-src/src/H5PB.c line 1032 in H5PB_write(): write through metadata accumulator failed
    major: Page Buffering
    minor: Write failed
  #010: /scratch/spack_cpu/job_21700923/spack-stage/spack-stage-hdf5-1.10.7-xexa2gll6hf6okdatgrxiwhcjs2uepc7/spack-src/src/H5Faccum.c line 824 in H5F__accum_write(): file write failed
    major: Low-level I/O
    minor: Write failed
  #011: /scratch/spack_cpu/job_21700923/spack-stage/spack-stage-hdf5-1.10.7-xexa2gll6hf6okdatgrxiwhcjs2uepc7/spack-src/src/H5FDint.c line 249 in H5FD_write(): driver write request failed
    major: Virtual File Layer
    minor: Write failed
  #012: /scratch/spack_cpu/job_21700923/spack-stage/spack-stage-hdf5-1.10.7-xexa2gll6hf6okdatgrxiwhcjs2uepc7/spack-src/src/H5FDsec2.c line 856 in H5FD__sec2_write(): file write failed: time = Wed Nov 19 08:42:25 2025
, filename = 'checkpoint.h5', file descriptor = 5, errno = 14, error message = 'Bad address', buf = 0x1555537c4000, total write size = 15969552, bytes this sub-write = 15969552, bytes actually written = 18446744073709551615, offset = 0
    major: Low-level I/O
    minor: Write failed
HDF5-DIAG: Error detected in HDF5 (1.10.7) thread 0:
  #000: /scratch/spack_cpu/job_21700923/spack-stage/spack-stage-hdf5-1.10.7-xexa2gll6hf6okdatgrxiwhcjs2uepc7/spack-src/src/H5Dio.c line 335 in H5Dwrite(): can't write data
    major: Dataset
    minor: Write failed
  #001: /scratch/spack_cpu/job_21700923/spack-stage/spack-stage-hdf5-1.10.7-xexa2gll6hf6okdatgrxiwhcjs2uepc7/spack-src/src/H5Dio.c line 813 in H5D__write(): can't write data
    major: Dataset
    minor: Write failed
  #002: /scratch/spack_cpu/job_21700923/spack-stage/spack-stage-hdf5-1.10.7-xexa2gll6hf6okdatgrxiwhcjs2uepc7/spack-src/src/H5Dcontig.c line 659 in H5D__contig_write(): contiguous write failed
    major: Dataset
    minor: Write failed
  #003: /scratch/spack_cpu/job_21700923/spack-stage/spack-stage-hdf5-1.10.7-xexa2gll6hf6okdatgrxiwhcjs2uepc7/spack-src/src/H5Dselect.c line 321 in H5D__select_write(): write error
    major: Dataspace
    minor: Write failed
  #004: /scratch/spack_cpu/job_21700923/spack-stage/spack-stage-hdf5-1.10.7-xexa2gll6hf6okdatgrxiwhcjs2uepc7/spack-src/src/H5Dselect.c line 230 in H5D__select_io(): write error
    major: Dataspace
    minor: Write failed
  #005: /scratch/spack_cpu/job_21700923/spack-stage/spack-stage-hdf5-1.10.7-xexa2gll6hf6okdatgrxiwhcjs2uepc7/spack-src/src/H5Dcontig.c line 1281 in H5D__contig_writevv(): can't perform vectorized sieve buffer write
    major: Dataset
    minor: Can't operate on object
  #006: /scratch/spack_cpu/job_21700923/spack-stage/spack-stage-hdf5-1.10.7-xexa2gll6hf6okdatgrxiwhcjs2uepc7/spack-src/src/H5VM.c line 1464 in H5VM_opvv(): can't perform operation
    major: Internal error (too specific to document in detail)
    minor: Can't operate on object
  #007: /scratch/spack_cpu/job_21700923/spack-stage/spack-stage-hdf5-1.10.7-xexa2gll6hf6okdatgrxiwhcjs2uepc7/spack-src/src/H5Dcontig.c line 1029 in H5D__contig_writevv_sieve_cb(): block write failed
    major: Dataset
    minor: Write failed
  #008: /scratch/spack_cpu/job_21700923/spack-stage/spack-stage-hdf5-1.10.7-xexa2gll6hf6okdatgrxiwhcjs2uepc7/spack-src/src/H5Fio.c line 161 in H5F_block_write(): write through page buffer failed
    major: Low-level I/O
    minor: Write failed
  #009: /scratch/spack_cpu/job_21700923/spack-stage/spack-stage-hdf5-1.10.7-xexa2gll6hf6okdatgrxiwhcjs2uepc7/spack-src/src/H5PB.c line 1032 in H5PB_write(): write through metadata accumulator failed
    major: Page Buffering
    minor: Write failed
  #010: /scratch/spack_cpu/job_21700923/spack-stage/spack-stage-hdf5-1.10.7-xexa2gll6hf6okdatgrxiwhcjs2uepc7/spack-src/src/H5Faccum.c line 824 in H5F__accum_write(): file write failed
    major: Low-level I/O
    minor: Write failed
  #011: /scratch/spack_cpu/job_21700923/spack-stage/spack-stage-hdf5-1.10.7-xexa2gll6hf6okdatgrxiwhcjs2uepc7/spack-src/src/H5FDint.c line 249 in H5FD_write(): driver write request failed
    major: Virtual File Layer
    minor: Write failed
  #012: /scratch/spack_cpu/job_21700923/spack-stage/spack-stage-hdf5-1.10.7-xexa2gll6hf6okdatgrxiwhcjs2uepc7/spack-src/src/H5FDsec2.c line 856 in H5FD__sec2_write(): file write failed: time = Wed Nov 19 08:42:37 2025
, filename = 'checkpoint.h5', file descriptor = 5, errno = 14, error message = 'Bad address', buf = 0x1555537c4000, total write size = 15969552, bytes this sub-write = 15969552, bytes actually written = 18446744073709551615, offset = 0
    major: Low-level I/O
    minor: Write failed
HDF5-DIAG: Error detected in HDF5 (1.10.7) thread 0:
  #000: /scratch/spack_cpu/job_21700923/spack-stage/spack-stage-hdf5-1.10.7-xexa2gll6hf6okdatgrxiwhcjs2uepc7/spack-src/src/H5Dio.c line 335 in H5Dwrite(): can't write data
    major: Dataset
    minor: Write failed
  #001: /scratch/spack_cpu/job_21700923/spack-stage/spack-stage-hdf5-1.10.7-xexa2gll6hf6okdatgrxiwhcjs2uepc7/spack-src/src/H5Dio.c line 813 in H5D__write(): can't write data
    major: Dataset
    minor: Write failed
  #002: /scratch/spack_cpu/job_21700923/spack-stage/spack-stage-hdf5-1.10.7-xexa2gll6hf6okdatgrxiwhcjs2uepc7/spack-src/src/H5Dcontig.c line 659 in H5D__contig_write(): contiguous write failed
    major: Dataset
    minor: Write failed
  #003: /scratch/spack_cpu/job_21700923/spack-stage/spack-stage-hdf5-1.10.7-xexa2gll6hf6okdatgrxiwhcjs2uepc7/spack-src/src/H5Dselect.c line 321 in H5D__select_write(): write error
    major: Dataspace
    minor: Write failed
  #004: /scratch/spack_cpu/job_21700923/spack-stage/spack-stage-hdf5-1.10.7-xexa2gll6hf6okdatgrxiwhcjs2uepc7/spack-src/src/H5Dselect.c line 230 in H5D__select_io(): write error
    major: Dataspace
    minor: Write failed
  #005: /scratch/spack_cpu/job_21700923/spack-stage/spack-stage-hdf5-1.10.7-xexa2gll6hf6okdatgrxiwhcjs2uepc7/spack-src/src/H5Dcontig.c line 1281 in H5D__contig_writevv(): can't perform vectorized sieve buffer write
    major: Dataset
    minor: Can't operate on object
  #006: /scratch/spack_cpu/job_21700923/spack-stage/spack-stage-hdf5-1.10.7-xexa2gll6hf6okdatgrxiwhcjs2uepc7/spack-src/src/H5VM.c line 1464 in H5VM_opvv(): can't perform operation
    major: Internal error (too specific to document in detail)
    minor: Can't operate on object
  #007: /scratch/spack_cpu/job_21700923/spack-stage/spack-stage-hdf5-1.10.7-xexa2gll6hf6okdatgrxiwhcjs2uepc7/spack-src/src/H5Dcontig.c line 1029 in H5D__contig_writevv_sieve_cb(): block write failed
    major: Dataset
    minor: Write failed
  #008: /scratch/spack_cpu/job_21700923/spack-stage/spack-stage-hdf5-1.10.7-xexa2gll6hf6okdatgrxiwhcjs2uepc7/spack-src/src/H5Fio.c line 161 in H5F_block_write(): write through page buffer failed
    major: Low-level I/O
    minor: Write failed
  #009: /scratch/spack_cpu/job_21700923/spack-stage/spack-stage-hdf5-1.10.7-xexa2gll6hf6okdatgrxiwhcjs2uepc7/spack-src/src/H5PB.c line 1032 in H5PB_write(): write through metadata accumulator failed
    major: Page Buffering
    minor: Write failed
  #010: /scratch/spack_cpu/job_21700923/spack-stage/spack-stage-hdf5-1.10.7-xexa2gll6hf6okdatgrxiwhcjs2uepc7/spack-src/src/H5Faccum.c line 824 in H5F__accum_write(): file write failed
    major: Low-level I/O
    minor: Write failed
  #011: /scratch/spack_cpu/job_21700923/spack-stage/spack-stage-hdf5-1.10.7-xexa2gll6hf6okdatgrxiwhcjs2uepc7/spack-src/src/H5FDint.c line 249 in H5FD_write(): driver write request failed
    major: Virtual File Layer
    minor: Write failed
  #012: /scratch/spack_cpu/job_21700923/spack-stage/spack-stage-hdf5-1.10.7-xexa2gll6hf6okdatgrxiwhcjs2uepc7/spack-src/src/H5FDsec2.c line 856 in H5FD__sec2_write(): file write failed: time = Wed Nov 19 08:42:49 2025
, filename = 'checkpoint.h5', file descriptor = 5, errno = 14, error message = 'Bad address', buf = 0x1555537c4000, total write size = 15969552, bytes this sub-write = 15969552, bytes actually written = 18446744073709551615, offset = 0
    major: Low-level I/O
    minor: Write failed
HDF5-DIAG: Error detected in HDF5 (1.10.7) thread 0:
  #000: /scratch/spack_cpu/job_21700923/spack-stage/spack-stage-hdf5-1.10.7-xexa2gll6hf6okdatgrxiwhcjs2uepc7/spack-src/src/H5Dio.c line 335 in H5Dwrite(): can't write data
    major: Dataset
    minor: Write failed
  #001: /scratch/spack_cpu/job_21700923/spack-stage/spack-stage-hdf5-1.10.7-xexa2gll6hf6okdatgrxiwhcjs2uepc7/spack-src/src/H5Dio.c line 813 in H5D__write(): can't write data
    major: Dataset
    minor: Write failed
  #002: /scratch/spack_cpu/job_21700923/spack-stage/spack-stage-hdf5-1.10.7-xexa2gll6hf6okdatgrxiwhcjs2uepc7/spack-src/src/H5Dcontig.c line 659 in H5D__contig_write(): contiguous write failed
    major: Dataset
    minor: Write failed
  #003: /scratch/spack_cpu/job_21700923/spack-stage/spack-stage-hdf5-1.10.7-xexa2gll6hf6okdatgrxiwhcjs2uepc7/spack-src/src/H5Dselect.c line 321 in H5D__select_write(): write error
    major: Dataspace
    minor: Write failed
  #004: /scratch/spack_cpu/job_21700923/spack-stage/spack-stage-hdf5-1.10.7-xexa2gll6hf6okdatgrxiwhcjs2uepc7/spack-src/src/H5Dselect.c line 230 in H5D__select_io(): write error
    major: Dataspace
    minor: Write failed
  #005: /scratch/spack_cpu/job_21700923/spack-stage/spack-stage-hdf5-1.10.7-xexa2gll6hf6okdatgrxiwhcjs2uepc7/spack-src/src/H5Dcontig.c line 1281 in H5D__contig_writevv(): can't perform vectorized sieve buffer write
    major: Dataset
    minor: Can't operate on object
  #006: /scratch/spack_cpu/job_21700923/spack-stage/spack-stage-hdf5-1.10.7-xexa2gll6hf6okdatgrxiwhcjs2uepc7/spack-src/src/H5VM.c line 1464 in H5VM_opvv(): can't perform operation
    major: Internal error (too specific to document in detail)
    minor: Can't operate on object
  #007: /scratch/spack_cpu/job_21700923/spack-stage/spack-stage-hdf5-1.10.7-xexa2gll6hf6okdatgrxiwhcjs2uepc7/spack-src/src/H5Dcontig.c line 1029 in H5D__contig_writevv_sieve_cb(): block write failed
    major: Dataset
    minor: Write failed
  #008: /scratch/spack_cpu/job_21700923/spack-stage/spack-stage-hdf5-1.10.7-xexa2gll6hf6okdatgrxiwhcjs2uepc7/spack-src/src/H5Fio.c line 161 in H5F_block_write(): write through page buffer failed
    major: Low-level I/O
    minor: Write failed
  #009: /scratch/spack_cpu/job_21700923/spack-stage/spack-stage-hdf5-1.10.7-xexa2gll6hf6okdatgrxiwhcjs2uepc7/spack-src/src/H5PB.c line 1032 in H5PB_write(): write through metadata accumulator failed
    major: Page Buffering
    minor: Write failed
  #010: /scratch/spack_cpu/job_21700923/spack-stage/spack-stage-hdf5-1.10.7-xexa2gll6hf6okdatgrxiwhcjs2uepc7/spack-src/src/H5Faccum.c line 824 in H5F__accum_write(): file write failed
    major: Low-level I/O
    minor: Write failed
  #011: /scratch/spack_cpu/job_21700923/spack-stage/spack-stage-hdf5-1.10.7-xexa2gll6hf6okdatgrxiwhcjs2uepc7/spack-src/src/H5FDint.c line 249 in H5FD_write(): driver write request failed
    major: Virtual File Layer
    minor: Write failed
  #012: /scratch/spack_cpu/job_21700923/spack-stage/spack-stage-hdf5-1.10.7-xexa2gll6hf6okdatgrxiwhcjs2uepc7/spack-src/src/H5FDsec2.c line 856 in H5FD__sec2_write(): file write failed: time = Wed Nov 19 08:43:00 2025
, filename = 'checkpoint.h5', file descriptor = 5, errno = 14, error message = 'Bad address', buf = 0x1555537c4000, total write size = 15969552, bytes this sub-write = 15969552, bytes actually written = 18446744073709551615, offset = 0
    major: Low-level I/O
    minor: Write failed
HDF5-DIAG: Error detected in HDF5 (1.10.7) thread 0:
  #000: /scratch/spack_cpu/job_21700923/spack-stage/spack-stage-hdf5-1.10.7-xexa2gll6hf6okdatgrxiwhcjs2uepc7/spack-src/src/H5Dio.c line 335 in H5Dwrite(): can't write data
    major: Dataset
    minor: Write failed
  #001: /scratch/spack_cpu/job_21700923/spack-stage/spack-stage-hdf5-1.10.7-xexa2gll6hf6okdatgrxiwhcjs2uepc7/spack-src/src/H5Dio.c line 813 in H5D__write(): can't write data
    major: Dataset
    minor: Write failed
  #002: /scratch/spack_cpu/job_21700923/spack-stage/spack-stage-hdf5-1.10.7-xexa2gll6hf6okdatgrxiwhcjs2uepc7/spack-src/src/H5Dcontig.c line 659 in H5D__contig_write(): contiguous write failed
    major: Dataset
    minor: Write failed
  #003: /scratch/spack_cpu/job_21700923/spack-stage/spack-stage-hdf5-1.10.7-xexa2gll6hf6okdatgrxiwhcjs2uepc7/spack-src/src/H5Dselect.c line 321 in H5D__select_write(): write error
    major: Dataspace
    minor: Write failed
  #004: /scratch/spack_cpu/job_21700923/spack-stage/spack-stage-hdf5-1.10.7-xexa2gll6hf6okdatgrxiwhcjs2uepc7/spack-src/src/H5Dselect.c line 230 in H5D__select_io(): write error
    major: Dataspace
    minor: Write failed
  #005: /scratch/spack_cpu/job_21700923/spack-stage/spack-stage-hdf5-1.10.7-xexa2gll6hf6okdatgrxiwhcjs2uepc7/spack-src/src/H5Dcontig.c line 1281 in H5D__contig_writevv(): can't perform vectorized sieve buffer write
    major: Dataset
    minor: Can't operate on object
  #006: /scratch/spack_cpu/job_21700923/spack-stage/spack-stage-hdf5-1.10.7-xexa2gll6hf6okdatgrxiwhcjs2uepc7/spack-src/src/H5VM.c line 1464 in H5VM_opvv(): can't perform operation
    major: Internal error (too specific to document in detail)
    minor: Can't operate on object
  #007: /scratch/spack_cpu/job_21700923/spack-stage/spack-stage-hdf5-1.10.7-xexa2gll6hf6okdatgrxiwhcjs2uepc7/spack-src/src/H5Dcontig.c line 1029 in H5D__contig_writevv_sieve_cb(): block write failed
    major: Dataset
    minor: Write failed
  #008: /scratch/spack_cpu/job_21700923/spack-stage/spack-stage-hdf5-1.10.7-xexa2gll6hf6okdatgrxiwhcjs2uepc7/spack-src/src/H5Fio.c line 161 in H5F_block_write(): write through page buffer failed
    major: Low-level I/O
    minor: Write failed
  #009: /scratch/spack_cpu/job_21700923/spack-stage/spack-stage-hdf5-1.10.7-xexa2gll6hf6okdatgrxiwhcjs2uepc7/spack-src/src/H5PB.c line 1032 in H5PB_write(): write through metadata accumulator failed
    major: Page Buffering
    minor: Write failed
  #010: /scratch/spack_cpu/job_21700923/spack-stage/spack-stage-hdf5-1.10.7-xexa2gll6hf6okdatgrxiwhcjs2uepc7/spack-src/src/H5Faccum.c line 824 in H5F__accum_write(): file write failed
    major: Low-level I/O
    minor: Write failed
  #011: /scratch/spack_cpu/job_21700923/spack-stage/spack-stage-hdf5-1.10.7-xexa2gll6hf6okdatgrxiwhcjs2uepc7/spack-src/src/H5FDint.c line 249 in H5FD_write(): driver write request failed
    major: Virtual File Layer
    minor: Write failed
  #012: /scratch/spack_cpu/job_21700923/spack-stage/spack-stage-hdf5-1.10.7-xexa2gll6hf6okdatgrxiwhcjs2uepc7/spack-src/src/H5FDsec2.c line 856 in H5FD__sec2_write(): file write failed: time = Wed Nov 19 08:43:12 2025
, filename = 'checkpoint.h5', file descriptor = 5, errno = 14, error message = 'Bad address', buf = 0x1555537c4000, total write size = 15969552, bytes this sub-write = 15969552, bytes actually written = 18446744073709551615, offset = 0
    major: Low-level I/O
    minor: Write failed
HDF5-DIAG: Error detected in HDF5 (1.10.7) thread 0:
  #000: /scratch/spack_cpu/job_21700923/spack-stage/spack-stage-hdf5-1.10.7-xexa2gll6hf6okdatgrxiwhcjs2uepc7/spack-src/src/H5Dio.c line 335 in H5Dwrite(): can't write data
    major: Dataset
    minor: Write failed
  #001: /scratch/spack_cpu/job_21700923/spack-stage/spack-stage-hdf5-1.10.7-xexa2gll6hf6okdatgrxiwhcjs2uepc7/spack-src/src/H5Dio.c line 813 in H5D__write(): can't write data
    major: Dataset
    minor: Write failed
  #002: /scratch/spack_cpu/job_21700923/spack-stage/spack-stage-hdf5-1.10.7-xexa2gll6hf6okdatgrxiwhcjs2uepc7/spack-src/src/H5Dcontig.c line 659 in H5D__contig_write(): contiguous write failed
    major: Dataset
    minor: Write failed
  #003: /scratch/spack_cpu/job_21700923/spack-stage/spack-stage-hdf5-1.10.7-xexa2gll6hf6okdatgrxiwhcjs2uepc7/spack-src/src/H5Dselect.c line 321 in H5D__select_write(): write error
    major: Dataspace
    minor: Write failed
  #004: /scratch/spack_cpu/job_21700923/spack-stage/spack-stage-hdf5-1.10.7-xexa2gll6hf6okdatgrxiwhcjs2uepc7/spack-src/src/H5Dselect.c line 230 in H5D__select_io(): write error
    major: Dataspace
    minor: Write failed
  #005: /scratch/spack_cpu/job_21700923/spack-stage/spack-stage-hdf5-1.10.7-xexa2gll6hf6okdatgrxiwhcjs2uepc7/spack-src/src/H5Dcontig.c line 1281 in H5D__contig_writevv(): can't perform vectorized sieve buffer write
    major: Dataset
    minor: Can't operate on object
  #006: /scratch/spack_cpu/job_21700923/spack-stage/spack-stage-hdf5-1.10.7-xexa2gll6hf6okdatgrxiwhcjs2uepc7/spack-src/src/H5VM.c line 1464 in H5VM_opvv(): can't perform operation
    major: Internal error (too specific to document in detail)
    minor: Can't operate on object
  #007: /scratch/spack_cpu/job_21700923/spack-stage/spack-stage-hdf5-1.10.7-xexa2gll6hf6okdatgrxiwhcjs2uepc7/spack-src/src/H5Dcontig.c line 1029 in H5D__contig_writevv_sieve_cb(): block write failed
    major: Dataset
    minor: Write failed
  #008: /scratch/spack_cpu/job_21700923/spack-stage/spack-stage-hdf5-1.10.7-xexa2gll6hf6okdatgrxiwhcjs2uepc7/spack-src/src/H5Fio.c line 161 in H5F_block_write(): write through page buffer failed
    major: Low-level I/O
    minor: Write failed
  #009: /scratch/spack_cpu/job_21700923/spack-stage/spack-stage-hdf5-1.10.7-xexa2gll6hf6okdatgrxiwhcjs2uepc7/spack-src/src/H5PB.c line 1032 in H5PB_write(): write through metadata accumulator failed
    major: Page Buffering
    minor: Write failed
  #010: /scratch/spack_cpu/job_21700923/spack-stage/spack-stage-hdf5-1.10.7-xexa2gll6hf6okdatgrxiwhcjs2uepc7/spack-src/src/H5Faccum.c line 824 in H5F__accum_write(): file write failed
    major: Low-level I/O
    minor: Write failed
  #011: /scratch/spack_cpu/job_21700923/spack-stage/spack-stage-hdf5-1.10.7-xexa2gll6hf6okdatgrxiwhcjs2uepc7/spack-src/src/H5FDint.c line 249 in H5FD_write(): driver write request failed
    major: Virtual File Layer
    minor: Write failed
  #012: /scratch/spack_cpu/job_21700923/spack-stage/spack-stage-hdf5-1.10.7-xexa2gll6hf6okdatgrxiwhcjs2uepc7/spack-src/src/H5FDsec2.c line 856 in H5FD__sec2_write(): file write failed: time = Wed Nov 19 08:43:23 2025
, filename = 'checkpoint.h5', file descriptor = 5, errno = 14, error message = 'Bad address', buf = 0x1555537c4000, total write size = 15969552, bytes this sub-write = 15969552, bytes actually written = 18446744073709551615, offset = 0
    major: Low-level I/O
    minor: Write failed
HDF5-DIAG: Error detected in HDF5 (1.10.7) thread 0:
  #000: /scratch/spack_cpu/job_21700923/spack-stage/spack-stage-hdf5-1.10.7-xexa2gll6hf6okdatgrxiwhcjs2uepc7/spack-src/src/H5Dio.c line 335 in H5Dwrite(): can't write data
    major: Dataset
    minor: Write failed
  #001: /scratch/spack_cpu/job_21700923/spack-stage/spack-stage-hdf5-1.10.7-xexa2gll6hf6okdatgrxiwhcjs2uepc7/spack-src/src/H5Dio.c line 813 in H5D__write(): can't write data
    major: Dataset
    minor: Write failed
  #002: /scratch/spack_cpu/job_21700923/spack-stage/spack-stage-hdf5-1.10.7-xexa2gll6hf6okdatgrxiwhcjs2uepc7/spack-src/src/H5Dcontig.c line 659 in H5D__contig_write(): contiguous write failed
    major: Dataset
    minor: Write failed
  #003: /scratch/spack_cpu/job_21700923/spack-stage/spack-stage-hdf5-1.10.7-xexa2gll6hf6okdatgrxiwhcjs2uepc7/spack-src/src/H5Dselect.c line 321 in H5D__select_write(): write error
    major: Dataspace
    minor: Write failed
  #004: /scratch/spack_cpu/job_21700923/spack-stage/spack-stage-hdf5-1.10.7-xexa2gll6hf6okdatgrxiwhcjs2uepc7/spack-src/src/H5Dselect.c line 230 in H5D__select_io(): write error
    major: Dataspace
    minor: Write failed
  #005: /scratch/spack_cpu/job_21700923/spack-stage/spack-stage-hdf5-1.10.7-xexa2gll6hf6okdatgrxiwhcjs2uepc7/spack-src/src/H5Dcontig.c line 1281 in H5D__contig_writevv(): can't perform vectorized sieve buffer write
    major: Dataset
    minor: Can't operate on object
  #006: /scratch/spack_cpu/job_21700923/spack-stage/spack-stage-hdf5-1.10.7-xexa2gll6hf6okdatgrxiwhcjs2uepc7/spack-src/src/H5VM.c line 1464 in H5VM_opvv(): can't perform operation
    major: Internal error (too specific to document in detail)
    minor: Can't operate on object
  #007: /scratch/spack_cpu/job_21700923/spack-stage/spack-stage-hdf5-1.10.7-xexa2gll6hf6okdatgrxiwhcjs2uepc7/spack-src/src/H5Dcontig.c line 1029 in H5D__contig_writevv_sieve_cb(): block write failed
    major: Dataset
    minor: Write failed
  #008: /scratch/spack_cpu/job_21700923/spack-stage/spack-stage-hdf5-1.10.7-xexa2gll6hf6okdatgrxiwhcjs2uepc7/spack-src/src/H5Fio.c line 161 in H5F_block_write(): write through page buffer failed
    major: Low-level I/O
    minor: Write failed
  #009: /scratch/spack_cpu/job_21700923/spack-stage/spack-stage-hdf5-1.10.7-xexa2gll6hf6okdatgrxiwhcjs2uepc7/spack-src/src/H5PB.c line 1032 in H5PB_write(): write through metadata accumulator failed
    major: Page Buffering
    minor: Write failed
  #010: /scratch/spack_cpu/job_21700923/spack-stage/spack-stage-hdf5-1.10.7-xexa2gll6hf6okdatgrxiwhcjs2uepc7/spack-src/src/H5Faccum.c line 824 in H5F__accum_write(): file write failed
    major: Low-level I/O
    minor: Write failed
  #011: /scratch/spack_cpu/job_21700923/spack-stage/spack-stage-hdf5-1.10.7-xexa2gll6hf6okdatgrxiwhcjs2uepc7/spack-src/src/H5FDint.c line 249 in H5FD_write(): driver write request failed
    major: Virtual File Layer
    minor: Write failed
  #012: /scratch/spack_cpu/job_21700923/spack-stage/spack-stage-hdf5-1.10.7-xexa2gll6hf6okdatgrxiwhcjs2uepc7/spack-src/src/H5FDsec2.c line 856 in H5FD__sec2_write(): file write failed: time = Wed Nov 19 08:43:36 2025
, filename = 'checkpoint.h5', file descriptor = 5, errno = 14, error message = 'Bad address', buf = 0x1555537c4000, total write size = 15969552, bytes this sub-write = 15969552, bytes actually written = 18446744073709551615, offset = 0
    major: Low-level I/O
    minor: Write failed
HDF5-DIAG: Error detected in HDF5 (1.10.7) thread 0:
  #000: /scratch/spack_cpu/job_21700923/spack-stage/spack-stage-hdf5-1.10.7-xexa2gll6hf6okdatgrxiwhcjs2uepc7/spack-src/src/H5Dio.c line 335 in H5Dwrite(): can't write data
    major: Dataset
    minor: Write failed
  #001: /scratch/spack_cpu/job_21700923/spack-stage/spack-stage-hdf5-1.10.7-xexa2gll6hf6okdatgrxiwhcjs2uepc7/spack-src/src/H5Dio.c line 813 in H5D__write(): can't write data
    major: Dataset
    minor: Write failed
  #002: /scratch/spack_cpu/job_21700923/spack-stage/spack-stage-hdf5-1.10.7-xexa2gll6hf6okdatgrxiwhcjs2uepc7/spack-src/src/H5Dcontig.c line 659 in H5D__contig_write(): contiguous write failed
    major: Dataset
    minor: Write failed
  #003: /scratch/spack_cpu/job_21700923/spack-stage/spack-stage-hdf5-1.10.7-xexa2gll6hf6okdatgrxiwhcjs2uepc7/spack-src/src/H5Dselect.c line 321 in H5D__select_write(): write error
    major: Dataspace
    minor: Write failed
  #004: /scratch/spack_cpu/job_21700923/spack-stage/spack-stage-hdf5-1.10.7-xexa2gll6hf6okdatgrxiwhcjs2uepc7/spack-src/src/H5Dselect.c line 230 in H5D__select_io(): write error
    major: Dataspace
    minor: Write failed
  #005: /scratch/spack_cpu/job_21700923/spack-stage/spack-stage-hdf5-1.10.7-xexa2gll6hf6okdatgrxiwhcjs2uepc7/spack-src/src/H5Dcontig.c line 1281 in H5D__contig_writevv(): can't perform vectorized sieve buffer write
    major: Dataset
    minor: Can't operate on object
  #006: /scratch/spack_cpu/job_21700923/spack-stage/spack-stage-hdf5-1.10.7-xexa2gll6hf6okdatgrxiwhcjs2uepc7/spack-src/src/H5VM.c line 1464 in H5VM_opvv(): can't perform operation
    major: Internal error (too specific to document in detail)
    minor: Can't operate on object
  #007: /scratch/spack_cpu/job_21700923/spack-stage/spack-stage-hdf5-1.10.7-xexa2gll6hf6okdatgrxiwhcjs2uepc7/spack-src/src/H5Dcontig.c line 1029 in H5D__contig_writevv_sieve_cb(): block write failed
    major: Dataset
    minor: Write failed
  #008: /scratch/spack_cpu/job_21700923/spack-stage/spack-stage-hdf5-1.10.7-xexa2gll6hf6okdatgrxiwhcjs2uepc7/spack-src/src/H5Fio.c line 161 in H5F_block_write(): write through page buffer failed
    major: Low-level I/O
    minor: Write failed
  #009: /scratch/spack_cpu/job_21700923/spack-stage/spack-stage-hdf5-1.10.7-xexa2gll6hf6okdatgrxiwhcjs2uepc7/spack-src/src/H5PB.c line 1032 in H5PB_write(): write through metadata accumulator failed
    major: Page Buffering
    minor: Write failed
  #010: /scratch/spack_cpu/job_21700923/spack-stage/spack-stage-hdf5-1.10.7-xexa2gll6hf6okdatgrxiwhcjs2uepc7/spack-src/src/H5Faccum.c line 824 in H5F__accum_write(): file write failed
    major: Low-level I/O
    minor: Write failed
  #011: /scratch/spack_cpu/job_21700923/spack-stage/spack-stage-hdf5-1.10.7-xexa2gll6hf6okdatgrxiwhcjs2uepc7/spack-src/src/H5FDint.c line 249 in H5FD_write(): driver write request failed
    major: Virtual File Layer
    minor: Write failed
  #012: /scratch/spack_cpu/job_21700923/spack-stage/spack-stage-hdf5-1.10.7-xexa2gll6hf6okdatgrxiwhcjs2uepc7/spack-src/src/H5FDsec2.c line 856 in H5FD__sec2_write(): file write failed: time = Wed Nov 19 08:43:47 2025
, filename = 'checkpoint.h5', file descriptor = 5, errno = 14, error message = 'Bad address', buf = 0x1555537c4000, total write size = 15969552, bytes this sub-write = 15969552, bytes actually written = 18446744073709551615, offset = 0
    major: Low-level I/O
    minor: Write failed
HDF5-DIAG: Error detected in HDF5 (1.10.7) thread 0:
  #000: /scratch/spack_cpu/job_21700923/spack-stage/spack-stage-hdf5-1.10.7-xexa2gll6hf6okdatgrxiwhcjs2uepc7/spack-src/src/H5Dio.c line 335 in H5Dwrite(): can't write data
    major: Dataset
    minor: Write failed
  #001: /scratch/spack_cpu/job_21700923/spack-stage/spack-stage-hdf5-1.10.7-xexa2gll6hf6okdatgrxiwhcjs2uepc7/spack-src/src/H5Dio.c line 813 in H5D__write(): can't write data
    major: Dataset
    minor: Write failed
  #002: /scratch/spack_cpu/job_21700923/spack-stage/spack-stage-hdf5-1.10.7-xexa2gll6hf6okdatgrxiwhcjs2uepc7/spack-src/src/H5Dcontig.c line 659 in H5D__contig_write(): contiguous write failed
    major: Dataset
    minor: Write failed
  #003: /scratch/spack_cpu/job_21700923/spack-stage/spack-stage-hdf5-1.10.7-xexa2gll6hf6okdatgrxiwhcjs2uepc7/spack-src/src/H5Dselect.c line 321 in H5D__select_write(): write error
    major: Dataspace
    minor: Write failed
  #004: /scratch/spack_cpu/job_21700923/spack-stage/spack-stage-hdf5-1.10.7-xexa2gll6hf6okdatgrxiwhcjs2uepc7/spack-src/src/H5Dselect.c line 230 in H5D__select_io(): write error
    major: Dataspace
    minor: Write failed
  #005: /scratch/spack_cpu/job_21700923/spack-stage/spack-stage-hdf5-1.10.7-xexa2gll6hf6okdatgrxiwhcjs2uepc7/spack-src/src/H5Dcontig.c line 1281 in H5D__contig_writevv(): can't perform vectorized sieve buffer write
    major: Dataset
    minor: Can't operate on object
  #006: /scratch/spack_cpu/job_21700923/spack-stage/spack-stage-hdf5-1.10.7-xexa2gll6hf6okdatgrxiwhcjs2uepc7/spack-src/src/H5VM.c line 1464 in H5VM_opvv(): can't perform operation
    major: Internal error (too specific to document in detail)
    minor: Can't operate on object
  #007: /scratch/spack_cpu/job_21700923/spack-stage/spack-stage-hdf5-1.10.7-xexa2gll6hf6okdatgrxiwhcjs2uepc7/spack-src/src/H5Dcontig.c line 1029 in H5D__contig_writevv_sieve_cb(): block write failed
    major: Dataset
    minor: Write failed
  #008: /scratch/spack_cpu/job_21700923/spack-stage/spack-stage-hdf5-1.10.7-xexa2gll6hf6okdatgrxiwhcjs2uepc7/spack-src/src/H5Fio.c line 161 in H5F_block_write(): write through page buffer failed
    major: Low-level I/O
    minor: Write failed
  #009: /scratch/spack_cpu/job_21700923/spack-stage/spack-stage-hdf5-1.10.7-xexa2gll6hf6okdatgrxiwhcjs2uepc7/spack-src/src/H5PB.c line 1032 in H5PB_write(): write through metadata accumulator failed
    major: Page Buffering
    minor: Write failed
  #010: /scratch/spack_cpu/job_21700923/spack-stage/spack-stage-hdf5-1.10.7-xexa2gll6hf6okdatgrxiwhcjs2uepc7/spack-src/src/H5Faccum.c line 824 in H5F__accum_write(): file write failed
    major: Low-level I/O
    minor: Write failed
  #011: /scratch/spack_cpu/job_21700923/spack-stage/spack-stage-hdf5-1.10.7-xexa2gll6hf6okdatgrxiwhcjs2uepc7/spack-src/src/H5FDint.c line 249 in H5FD_write(): driver write request failed
    major: Virtual File Layer
    minor: Write failed
  #012: /scratch/spack_cpu/job_21700923/spack-stage/spack-stage-hdf5-1.10.7-xexa2gll6hf6okdatgrxiwhcjs2uepc7/spack-src/src/H5FDsec2.c line 856 in H5FD__sec2_write(): file write failed: time = Wed Nov 19 08:43:58 2025
, filename = 'checkpoint.h5', file descriptor = 5, errno = 14, error message = 'Bad address', buf = 0x1555537c4000, total write size = 15969552, bytes this sub-write = 15969552, bytes actually written = 18446744073709551615, offset = 0
    major: Low-level I/O
    minor: Write failed
HDF5-DIAG: Error detected in HDF5 (1.10.7) thread 0:
  #000: /scratch/spack_cpu/job_21700923/spack-stage/spack-stage-hdf5-1.10.7-xexa2gll6hf6okdatgrxiwhcjs2uepc7/spack-src/src/H5Dio.c line 335 in H5Dwrite(): can't write data
    major: Dataset
    minor: Write failed
  #001: /scratch/spack_cpu/job_21700923/spack-stage/spack-stage-hdf5-1.10.7-xexa2gll6hf6okdatgrxiwhcjs2uepc7/spack-src/src/H5Dio.c line 813 in H5D__write(): can't write data
    major: Dataset
    minor: Write failed
  #002: /scratch/spack_cpu/job_21700923/spack-stage/spack-stage-hdf5-1.10.7-xexa2gll6hf6okdatgrxiwhcjs2uepc7/spack-src/src/H5Dcontig.c line 659 in H5D__contig_write(): contiguous write failed
    major: Dataset
    minor: Write failed
  #003: /scratch/spack_cpu/job_21700923/spack-stage/spack-stage-hdf5-1.10.7-xexa2gll6hf6okdatgrxiwhcjs2uepc7/spack-src/src/H5Dselect.c line 321 in H5D__select_write(): write error
    major: Dataspace
    minor: Write failed
  #004: /scratch/spack_cpu/job_21700923/spack-stage/spack-stage-hdf5-1.10.7-xexa2gll6hf6okdatgrxiwhcjs2uepc7/spack-src/src/H5Dselect.c line 230 in H5D__select_io(): write error
    major: Dataspace
    minor: Write failed
  #005: /scratch/spack_cpu/job_21700923/spack-stage/spack-stage-hdf5-1.10.7-xexa2gll6hf6okdatgrxiwhcjs2uepc7/spack-src/src/H5Dcontig.c line 1281 in H5D__contig_writevv(): can't perform vectorized sieve buffer write
    major: Dataset
    minor: Can't operate on object
  #006: /scratch/spack_cpu/job_21700923/spack-stage/spack-stage-hdf5-1.10.7-xexa2gll6hf6okdatgrxiwhcjs2uepc7/spack-src/src/H5VM.c line 1464 in H5VM_opvv(): can't perform operation
    major: Internal error (too specific to document in detail)
    minor: Can't operate on object
  #007: /scratch/spack_cpu/job_21700923/spack-stage/spack-stage-hdf5-1.10.7-xexa2gll6hf6okdatgrxiwhcjs2uepc7/spack-src/src/H5Dcontig.c line 1029 in H5D__contig_writevv_sieve_cb(): block write failed
    major: Dataset
    minor: Write failed
  #008: /scratch/spack_cpu/job_21700923/spack-stage/spack-stage-hdf5-1.10.7-xexa2gll6hf6okdatgrxiwhcjs2uepc7/spack-src/src/H5Fio.c line 161 in H5F_block_write(): write through page buffer failed
    major: Low-level I/O
    minor: Write failed
  #009: /scratch/spack_cpu/job_21700923/spack-stage/spack-stage-hdf5-1.10.7-xexa2gll6hf6okdatgrxiwhcjs2uepc7/spack-src/src/H5PB.c line 1032 in H5PB_write(): write through metadata accumulator failed
    major: Page Buffering
    minor: Write failed
  #010: /scratch/spack_cpu/job_21700923/spack-stage/spack-stage-hdf5-1.10.7-xexa2gll6hf6okdatgrxiwhcjs2uepc7/spack-src/src/H5Faccum.c line 824 in H5F__accum_write(): file write failed
    major: Low-level I/O
    minor: Write failed
  #011: /scratch/spack_cpu/job_21700923/spack-stage/spack-stage-hdf5-1.10.7-xexa2gll6hf6okdatgrxiwhcjs2uepc7/spack-src/src/H5FDint.c line 249 in H5FD_write(): driver write request failed
    major: Virtual File Layer
    minor: Write failed
  #012: /scratch/spack_cpu/job_21700923/spack-stage/spack-stage-hdf5-1.10.7-xexa2gll6hf6okdatgrxiwhcjs2uepc7/spack-src/src/H5FDsec2.c line 856 in H5FD__sec2_write(): file write failed: time = Wed Nov 19 08:44:09 2025
, filename = 'checkpoint.h5', file descriptor = 5, errno = 14, error message = 'Bad address', buf = 0x1555537c4000, total write size = 15969552, bytes this sub-write = 15969552, bytes actually written = 18446744073709551615, offset = 0
    major: Low-level I/O
    minor: Write failed
HDF5-DIAG: Error detected in HDF5 (1.10.7) thread 0:
  #000: /scratch/spack_cpu/job_21700923/spack-stage/spack-stage-hdf5-1.10.7-xexa2gll6hf6okdatgrxiwhcjs2uepc7/spack-src/src/H5Dio.c line 335 in H5Dwrite(): can't write data
    major: Dataset
    minor: Write failed
  #001: /scratch/spack_cpu/job_21700923/spack-stage/spack-stage-hdf5-1.10.7-xexa2gll6hf6okdatgrxiwhcjs2uepc7/spack-src/src/H5Dio.c line 813 in H5D__write(): can't write data
    major: Dataset
    minor: Write failed
  #002: /scratch/spack_cpu/job_21700923/spack-stage/spack-stage-hdf5-1.10.7-xexa2gll6hf6okdatgrxiwhcjs2uepc7/spack-src/src/H5Dcontig.c line 659 in H5D__contig_write(): contiguous write failed
    major: Dataset
    minor: Write failed
  #003: /scratch/spack_cpu/job_21700923/spack-stage/spack-stage-hdf5-1.10.7-xexa2gll6hf6okdatgrxiwhcjs2uepc7/spack-src/src/H5Dselect.c line 321 in H5D__select_write(): write error
    major: Dataspace
    minor: Write failed
  #004: /scratch/spack_cpu/job_21700923/spack-stage/spack-stage-hdf5-1.10.7-xexa2gll6hf6okdatgrxiwhcjs2uepc7/spack-src/src/H5Dselect.c line 230 in H5D__select_io(): write error
    major: Dataspace
    minor: Write failed
  #005: /scratch/spack_cpu/job_21700923/spack-stage/spack-stage-hdf5-1.10.7-xexa2gll6hf6okdatgrxiwhcjs2uepc7/spack-src/src/H5Dcontig.c line 1281 in H5D__contig_writevv(): can't perform vectorized sieve buffer write
    major: Dataset
    minor: Can't operate on object
  #006: /scratch/spack_cpu/job_21700923/spack-stage/spack-stage-hdf5-1.10.7-xexa2gll6hf6okdatgrxiwhcjs2uepc7/spack-src/src/H5VM.c line 1464 in H5VM_opvv(): can't perform operation
    major: Internal error (too specific to document in detail)
    minor: Can't operate on object
  #007: /scratch/spack_cpu/job_21700923/spack-stage/spack-stage-hdf5-1.10.7-xexa2gll6hf6okdatgrxiwhcjs2uepc7/spack-src/src/H5Dcontig.c line 1029 in H5D__contig_writevv_sieve_cb(): block write failed
    major: Dataset
    minor: Write failed
  #008: /scratch/spack_cpu/job_21700923/spack-stage/spack-stage-hdf5-1.10.7-xexa2gll6hf6okdatgrxiwhcjs2uepc7/spack-src/src/H5Fio.c line 161 in H5F_block_write(): write through page buffer failed
    major: Low-level I/O
    minor: Write failed
  #009: /scratch/spack_cpu/job_21700923/spack-stage/spack-stage-hdf5-1.10.7-xexa2gll6hf6okdatgrxiwhcjs2uepc7/spack-src/src/H5PB.c line 1032 in H5PB_write(): write through metadata accumulator failed
    major: Page Buffering
    minor: Write failed
  #010: /scratch/spack_cpu/job_21700923/spack-stage/spack-stage-hdf5-1.10.7-xexa2gll6hf6okdatgrxiwhcjs2uepc7/spack-src/src/H5Faccum.c line 824 in H5F__accum_write(): file write failed
    major: Low-level I/O
    minor: Write failed
  #011: /scratch/spack_cpu/job_21700923/spack-stage/spack-stage-hdf5-1.10.7-xexa2gll6hf6okdatgrxiwhcjs2uepc7/spack-src/src/H5FDint.c line 249 in H5FD_write(): driver write request failed
    major: Virtual File Layer
    minor: Write failed
  #012: /scratch/spack_cpu/job_21700923/spack-stage/spack-stage-hdf5-1.10.7-xexa2gll6hf6okdatgrxiwhcjs2uepc7/spack-src/src/H5FDsec2.c line 856 in H5FD__sec2_write(): file write failed: time = Wed Nov 19 08:44:21 2025
, filename = 'checkpoint.h5', file descriptor = 5, errno = 14, error message = 'Bad address', buf = 0x1555537c4000, total write size = 15969552, bytes this sub-write = 15969552, bytes actually written = 18446744073709551615, offset = 0
    major: Low-level I/O
    minor: Write failed
HDF5-DIAG: Error detected in HDF5 (1.10.7) thread 0:
  #000: /scratch/spack_cpu/job_21700923/spack-stage/spack-stage-hdf5-1.10.7-xexa2gll6hf6okdatgrxiwhcjs2uepc7/spack-src/src/H5Dio.c line 335 in H5Dwrite(): can't write data
    major: Dataset
    minor: Write failed
  #001: /scratch/spack_cpu/job_21700923/spack-stage/spack-stage-hdf5-1.10.7-xexa2gll6hf6okdatgrxiwhcjs2uepc7/spack-src/src/H5Dio.c line 813 in H5D__write(): can't write data
    major: Dataset
    minor: Write failed
  #002: /scratch/spack_cpu/job_21700923/spack-stage/spack-stage-hdf5-1.10.7-xexa2gll6hf6okdatgrxiwhcjs2uepc7/spack-src/src/H5Dcontig.c line 659 in H5D__contig_write(): contiguous write failed
    major: Dataset
    minor: Write failed
  #003: /scratch/spack_cpu/job_21700923/spack-stage/spack-stage-hdf5-1.10.7-xexa2gll6hf6okdatgrxiwhcjs2uepc7/spack-src/src/H5Dselect.c line 321 in H5D__select_write(): write error
    major: Dataspace
    minor: Write failed
  #004: /scratch/spack_cpu/job_21700923/spack-stage/spack-stage-hdf5-1.10.7-xexa2gll6hf6okdatgrxiwhcjs2uepc7/spack-src/src/H5Dselect.c line 230 in H5D__select_io(): write error
    major: Dataspace
    minor: Write failed
  #005: /scratch/spack_cpu/job_21700923/spack-stage/spack-stage-hdf5-1.10.7-xexa2gll6hf6okdatgrxiwhcjs2uepc7/spack-src/src/H5Dcontig.c line 1281 in H5D__contig_writevv(): can't perform vectorized sieve buffer write
    major: Dataset
    minor: Can't operate on object
  #006: /scratch/spack_cpu/job_21700923/spack-stage/spack-stage-hdf5-1.10.7-xexa2gll6hf6okdatgrxiwhcjs2uepc7/spack-src/src/H5VM.c line 1464 in H5VM_opvv(): can't perform operation
    major: Internal error (too specific to document in detail)
    minor: Can't operate on object
  #007: /scratch/spack_cpu/job_21700923/spack-stage/spack-stage-hdf5-1.10.7-xexa2gll6hf6okdatgrxiwhcjs2uepc7/spack-src/src/H5Dcontig.c line 1029 in H5D__contig_writevv_sieve_cb(): block write failed
    major: Dataset
    minor: Write failed
  #008: /scratch/spack_cpu/job_21700923/spack-stage/spack-stage-hdf5-1.10.7-xexa2gll6hf6okdatgrxiwhcjs2uepc7/spack-src/src/H5Fio.c line 161 in H5F_block_write(): write through page buffer failed
    major: Low-level I/O
    minor: Write failed
  #009: /scratch/spack_cpu/job_21700923/spack-stage/spack-stage-hdf5-1.10.7-xexa2gll6hf6okdatgrxiwhcjs2uepc7/spack-src/src/H5PB.c line 1032 in H5PB_write(): write through metadata accumulator failed
    major: Page Buffering
    minor: Write failed
  #010: /scratch/spack_cpu/job_21700923/spack-stage/spack-stage-hdf5-1.10.7-xexa2gll6hf6okdatgrxiwhcjs2uepc7/spack-src/src/H5Faccum.c line 824 in H5F__accum_write(): file write failed
    major: Low-level I/O
    minor: Write failed
  #011: /scratch/spack_cpu/job_21700923/spack-stage/spack-stage-hdf5-1.10.7-xexa2gll6hf6okdatgrxiwhcjs2uepc7/spack-src/src/H5FDint.c line 249 in H5FD_write(): driver write request failed
    major: Virtual File Layer
    minor: Write failed
  #012: /scratch/spack_cpu/job_21700923/spack-stage/spack-stage-hdf5-1.10.7-xexa2gll6hf6okdatgrxiwhcjs2uepc7/spack-src/src/H5FDsec2.c line 856 in H5FD__sec2_write(): file write failed: time = Wed Nov 19 08:44:33 2025
, filename = 'checkpoint.h5', file descriptor = 5, errno = 14, error message = 'Bad address', buf = 0x1555537c4000, total write size = 15969552, bytes this sub-write = 15969552, bytes actually written = 18446744073709551615, offset = 0
    major: Low-level I/O
    minor: Write failed
HDF5-DIAG: Error detected in HDF5 (1.10.7) thread 0:
  #000: /scratch/spack_cpu/job_21700923/spack-stage/spack-stage-hdf5-1.10.7-xexa2gll6hf6okdatgrxiwhcjs2uepc7/spack-src/src/H5Dio.c line 335 in H5Dwrite(): can't write data
    major: Dataset
    minor: Write failed
  #001: /scratch/spack_cpu/job_21700923/spack-stage/spack-stage-hdf5-1.10.7-xexa2gll6hf6okdatgrxiwhcjs2uepc7/spack-src/src/H5Dio.c line 813 in H5D__write(): can't write data
    major: Dataset
    minor: Write failed
  #002: /scratch/spack_cpu/job_21700923/spack-stage/spack-stage-hdf5-1.10.7-xexa2gll6hf6okdatgrxiwhcjs2uepc7/spack-src/src/H5Dcontig.c line 659 in H5D__contig_write(): contiguous write failed
    major: Dataset
    minor: Write failed
  #003: /scratch/spack_cpu/job_21700923/spack-stage/spack-stage-hdf5-1.10.7-xexa2gll6hf6okdatgrxiwhcjs2uepc7/spack-src/src/H5Dselect.c line 321 in H5D__select_write(): write error
    major: Dataspace
    minor: Write failed
  #004: /scratch/spack_cpu/job_21700923/spack-stage/spack-stage-hdf5-1.10.7-xexa2gll6hf6okdatgrxiwhcjs2uepc7/spack-src/src/H5Dselect.c line 230 in H5D__select_io(): write error
    major: Dataspace
    minor: Write failed
  #005: /scratch/spack_cpu/job_21700923/spack-stage/spack-stage-hdf5-1.10.7-xexa2gll6hf6okdatgrxiwhcjs2uepc7/spack-src/src/H5Dcontig.c line 1281 in H5D__contig_writevv(): can't perform vectorized sieve buffer write
    major: Dataset
    minor: Can't operate on object
  #006: /scratch/spack_cpu/job_21700923/spack-stage/spack-stage-hdf5-1.10.7-xexa2gll6hf6okdatgrxiwhcjs2uepc7/spack-src/src/H5VM.c line 1464 in H5VM_opvv(): can't perform operation
    major: Internal error (too specific to document in detail)
    minor: Can't operate on object
  #007: /scratch/spack_cpu/job_21700923/spack-stage/spack-stage-hdf5-1.10.7-xexa2gll6hf6okdatgrxiwhcjs2uepc7/spack-src/src/H5Dcontig.c line 1029 in H5D__contig_writevv_sieve_cb(): block write failed
    major: Dataset
    minor: Write failed
  #008: /scratch/spack_cpu/job_21700923/spack-stage/spack-stage-hdf5-1.10.7-xexa2gll6hf6okdatgrxiwhcjs2uepc7/spack-src/src/H5Fio.c line 161 in H5F_block_write(): write through page buffer failed
    major: Low-level I/O
    minor: Write failed
  #009: /scratch/spack_cpu/job_21700923/spack-stage/spack-stage-hdf5-1.10.7-xexa2gll6hf6okdatgrxiwhcjs2uepc7/spack-src/src/H5PB.c line 1032 in H5PB_write(): write through metadata accumulator failed
    major: Page Buffering
    minor: Write failed
  #010: /scratch/spack_cpu/job_21700923/spack-stage/spack-stage-hdf5-1.10.7-xexa2gll6hf6okdatgrxiwhcjs2uepc7/spack-src/src/H5Faccum.c line 824 in H5F__accum_write(): file write failed
    major: Low-level I/O
    minor: Write failed
  #011: /scratch/spack_cpu/job_21700923/spack-stage/spack-stage-hdf5-1.10.7-xexa2gll6hf6okdatgrxiwhcjs2uepc7/spack-src/src/H5FDint.c line 249 in H5FD_write(): driver write request failed
    major: Virtual File Layer
    minor: Write failed
  #012: /scratch/spack_cpu/job_21700923/spack-stage/spack-stage-hdf5-1.10.7-xexa2gll6hf6okdatgrxiwhcjs2uepc7/spack-src/src/H5FDsec2.c line 856 in H5FD__sec2_write(): file write failed: time = Wed Nov 19 08:44:44 2025
, filename = 'checkpoint.h5', file descriptor = 5, errno = 14, error message = 'Bad address', buf = 0x1555537c4000, total write size = 15969552, bytes this sub-write = 15969552, bytes actually written = 18446744073709551615, offset = 0
    major: Low-level I/O
    minor: Write failed
HDF5-DIAG: Error detected in HDF5 (1.10.7) thread 0:
  #000: /scratch/spack_cpu/job_21700923/spack-stage/spack-stage-hdf5-1.10.7-xexa2gll6hf6okdatgrxiwhcjs2uepc7/spack-src/src/H5Dio.c line 335 in H5Dwrite(): can't write data
    major: Dataset
    minor: Write failed
  #001: /scratch/spack_cpu/job_21700923/spack-stage/spack-stage-hdf5-1.10.7-xexa2gll6hf6okdatgrxiwhcjs2uepc7/spack-src/src/H5Dio.c line 813 in H5D__write(): can't write data
    major: Dataset
    minor: Write failed
  #002: /scratch/spack_cpu/job_21700923/spack-stage/spack-stage-hdf5-1.10.7-xexa2gll6hf6okdatgrxiwhcjs2uepc7/spack-src/src/H5Dcontig.c line 659 in H5D__contig_write(): contiguous write failed
    major: Dataset
    minor: Write failed
  #003: /scratch/spack_cpu/job_21700923/spack-stage/spack-stage-hdf5-1.10.7-xexa2gll6hf6okdatgrxiwhcjs2uepc7/spack-src/src/H5Dselect.c line 321 in H5D__select_write(): write error
    major: Dataspace
    minor: Write failed
  #004: /scratch/spack_cpu/job_21700923/spack-stage/spack-stage-hdf5-1.10.7-xexa2gll6hf6okdatgrxiwhcjs2uepc7/spack-src/src/H5Dselect.c line 230 in H5D__select_io(): write error
    major: Dataspace
    minor: Write failed
  #005: /scratch/spack_cpu/job_21700923/spack-stage/spack-stage-hdf5-1.10.7-xexa2gll6hf6okdatgrxiwhcjs2uepc7/spack-src/src/H5Dcontig.c line 1281 in H5D__contig_writevv(): can't perform vectorized sieve buffer write
    major: Dataset
    minor: Can't operate on object
  #006: /scratch/spack_cpu/job_21700923/spack-stage/spack-stage-hdf5-1.10.7-xexa2gll6hf6okdatgrxiwhcjs2uepc7/spack-src/src/H5VM.c line 1464 in H5VM_opvv(): can't perform operation
    major: Internal error (too specific to document in detail)
    minor: Can't operate on object
  #007: /scratch/spack_cpu/job_21700923/spack-stage/spack-stage-hdf5-1.10.7-xexa2gll6hf6okdatgrxiwhcjs2uepc7/spack-src/src/H5Dcontig.c line 1029 in H5D__contig_writevv_sieve_cb(): block write failed
    major: Dataset
    minor: Write failed
  #008: /scratch/spack_cpu/job_21700923/spack-stage/spack-stage-hdf5-1.10.7-xexa2gll6hf6okdatgrxiwhcjs2uepc7/spack-src/src/H5Fio.c line 161 in H5F_block_write(): write through page buffer failed
    major: Low-level I/O
    minor: Write failed
  #009: /scratch/spack_cpu/job_21700923/spack-stage/spack-stage-hdf5-1.10.7-xexa2gll6hf6okdatgrxiwhcjs2uepc7/spack-src/src/H5PB.c line 1032 in H5PB_write(): write through metadata accumulator failed
    major: Page Buffering
    minor: Write failed
  #010: /scratch/spack_cpu/job_21700923/spack-stage/spack-stage-hdf5-1.10.7-xexa2gll6hf6okdatgrxiwhcjs2uepc7/spack-src/src/H5Faccum.c line 824 in H5F__accum_write(): file write failed
    major: Low-level I/O
    minor: Write failed
  #011: /scratch/spack_cpu/job_21700923/spack-stage/spack-stage-hdf5-1.10.7-xexa2gll6hf6okdatgrxiwhcjs2uepc7/spack-src/src/H5FDint.c line 249 in H5FD_write(): driver write request failed
    major: Virtual File Layer
    minor: Write failed
  #012: /scratch/spack_cpu/job_21700923/spack-stage/spack-stage-hdf5-1.10.7-xexa2gll6hf6okdatgrxiwhcjs2uepc7/spack-src/src/H5FDsec2.c line 856 in H5FD__sec2_write(): file write failed: time = Wed Nov 19 08:44:56 2025
, filename = 'checkpoint.h5', file descriptor = 5, errno = 14, error message = 'Bad address', buf = 0x1555537c4000, total write size = 15969552, bytes this sub-write = 15969552, bytes actually written = 18446744073709551615, offset = 0
    major: Low-level I/O
    minor: Write failed
HDF5-DIAG: Error detected in HDF5 (1.10.7) thread 0:
  #000: /scratch/spack_cpu/job_21700923/spack-stage/spack-stage-hdf5-1.10.7-xexa2gll6hf6okdatgrxiwhcjs2uepc7/spack-src/src/H5Dio.c line 335 in H5Dwrite(): can't write data
    major: Dataset
    minor: Write failed
  #001: /scratch/spack_cpu/job_21700923/spack-stage/spack-stage-hdf5-1.10.7-xexa2gll6hf6okdatgrxiwhcjs2uepc7/spack-src/src/H5Dio.c line 813 in H5D__write(): can't write data
    major: Dataset
    minor: Write failed
  #002: /scratch/spack_cpu/job_21700923/spack-stage/spack-stage-hdf5-1.10.7-xexa2gll6hf6okdatgrxiwhcjs2uepc7/spack-src/src/H5Dcontig.c line 659 in H5D__contig_write(): contiguous write failed
    major: Dataset
    minor: Write failed
  #003: /scratch/spack_cpu/job_21700923/spack-stage/spack-stage-hdf5-1.10.7-xexa2gll6hf6okdatgrxiwhcjs2uepc7/spack-src/src/H5Dselect.c line 321 in H5D__select_write(): write error
    major: Dataspace
    minor: Write failed
  #004: /scratch/spack_cpu/job_21700923/spack-stage/spack-stage-hdf5-1.10.7-xexa2gll6hf6okdatgrxiwhcjs2uepc7/spack-src/src/H5Dselect.c line 230 in H5D__select_io(): write error
    major: Dataspace
    minor: Write failed
  #005: /scratch/spack_cpu/job_21700923/spack-stage/spack-stage-hdf5-1.10.7-xexa2gll6hf6okdatgrxiwhcjs2uepc7/spack-src/src/H5Dcontig.c line 1281 in H5D__contig_writevv(): can't perform vectorized sieve buffer write
    major: Dataset
    minor: Can't operate on object
  #006: /scratch/spack_cpu/job_21700923/spack-stage/spack-stage-hdf5-1.10.7-xexa2gll6hf6okdatgrxiwhcjs2uepc7/spack-src/src/H5VM.c line 1464 in H5VM_opvv(): can't perform operation
    major: Internal error (too specific to document in detail)
    minor: Can't operate on object
  #007: /scratch/spack_cpu/job_21700923/spack-stage/spack-stage-hdf5-1.10.7-xexa2gll6hf6okdatgrxiwhcjs2uepc7/spack-src/src/H5Dcontig.c line 1029 in H5D__contig_writevv_sieve_cb(): block write failed
    major: Dataset
    minor: Write failed
  #008: /scratch/spack_cpu/job_21700923/spack-stage/spack-stage-hdf5-1.10.7-xexa2gll6hf6okdatgrxiwhcjs2uepc7/spack-src/src/H5Fio.c line 161 in H5F_block_write(): write through page buffer failed
    major: Low-level I/O
    minor: Write failed
  #009: /scratch/spack_cpu/job_21700923/spack-stage/spack-stage-hdf5-1.10.7-xexa2gll6hf6okdatgrxiwhcjs2uepc7/spack-src/src/H5PB.c line 1032 in H5PB_write(): write through metadata accumulator failed
    major: Page Buffering
    minor: Write failed
  #010: /scratch/spack_cpu/job_21700923/spack-stage/spack-stage-hdf5-1.10.7-xexa2gll6hf6okdatgrxiwhcjs2uepc7/spack-src/src/H5Faccum.c line 824 in H5F__accum_write(): file write failed
    major: Low-level I/O
    minor: Write failed
  #011: /scratch/spack_cpu/job_21700923/spack-stage/spack-stage-hdf5-1.10.7-xexa2gll6hf6okdatgrxiwhcjs2uepc7/spack-src/src/H5FDint.c line 249 in H5FD_write(): driver write request failed
    major: Virtual File Layer
    minor: Write failed
  #012: /scratch/spack_cpu/job_21700923/spack-stage/spack-stage-hdf5-1.10.7-xexa2gll6hf6okdatgrxiwhcjs2uepc7/spack-src/src/H5FDsec2.c line 856 in H5FD__sec2_write(): file write failed: time = Wed Nov 19 08:45:08 2025
, filename = 'checkpoint.h5', file descriptor = 5, errno = 14, error message = 'Bad address', buf = 0x1555537c4000, total write size = 15969552, bytes this sub-write = 15969552, bytes actually written = 18446744073709551615, offset = 0
    major: Low-level I/O
    minor: Write failed
HDF5-DIAG: Error detected in HDF5 (1.10.7) thread 0:
  #000: /scratch/spack_cpu/job_21700923/spack-stage/spack-stage-hdf5-1.10.7-xexa2gll6hf6okdatgrxiwhcjs2uepc7/spack-src/src/H5Dio.c line 335 in H5Dwrite(): can't write data
    major: Dataset
    minor: Write failed
  #001: /scratch/spack_cpu/job_21700923/spack-stage/spack-stage-hdf5-1.10.7-xexa2gll6hf6okdatgrxiwhcjs2uepc7/spack-src/src/H5Dio.c line 813 in H5D__write(): can't write data
    major: Dataset
    minor: Write failed
  #002: /scratch/spack_cpu/job_21700923/spack-stage/spack-stage-hdf5-1.10.7-xexa2gll6hf6okdatgrxiwhcjs2uepc7/spack-src/src/H5Dcontig.c line 659 in H5D__contig_write(): contiguous write failed
    major: Dataset
    minor: Write failed
  #003: /scratch/spack_cpu/job_21700923/spack-stage/spack-stage-hdf5-1.10.7-xexa2gll6hf6okdatgrxiwhcjs2uepc7/spack-src/src/H5Dselect.c line 321 in H5D__select_write(): write error
    major: Dataspace
    minor: Write failed
  #004: /scratch/spack_cpu/job_21700923/spack-stage/spack-stage-hdf5-1.10.7-xexa2gll6hf6okdatgrxiwhcjs2uepc7/spack-src/src/H5Dselect.c line 230 in H5D__select_io(): write error
    major: Dataspace
    minor: Write failed
  #005: /scratch/spack_cpu/job_21700923/spack-stage/spack-stage-hdf5-1.10.7-xexa2gll6hf6okdatgrxiwhcjs2uepc7/spack-src/src/H5Dcontig.c line 1281 in H5D__contig_writevv(): can't perform vectorized sieve buffer write
    major: Dataset
    minor: Can't operate on object
  #006: /scratch/spack_cpu/job_21700923/spack-stage/spack-stage-hdf5-1.10.7-xexa2gll6hf6okdatgrxiwhcjs2uepc7/spack-src/src/H5VM.c line 1464 in H5VM_opvv(): can't perform operation
    major: Internal error (too specific to document in detail)
    minor: Can't operate on object
  #007: /scratch/spack_cpu/job_21700923/spack-stage/spack-stage-hdf5-1.10.7-xexa2gll6hf6okdatgrxiwhcjs2uepc7/spack-src/src/H5Dcontig.c line 1029 in H5D__contig_writevv_sieve_cb(): block write failed
    major: Dataset
    minor: Write failed
  #008: /scratch/spack_cpu/job_21700923/spack-stage/spack-stage-hdf5-1.10.7-xexa2gll6hf6okdatgrxiwhcjs2uepc7/spack-src/src/H5Fio.c line 161 in H5F_block_write(): write through page buffer failed
    major: Low-level I/O
    minor: Write failed
  #009: /scratch/spack_cpu/job_21700923/spack-stage/spack-stage-hdf5-1.10.7-xexa2gll6hf6okdatgrxiwhcjs2uepc7/spack-src/src/H5PB.c line 1032 in H5PB_write(): write through metadata accumulator failed
    major: Page Buffering
    minor: Write failed
  #010: /scratch/spack_cpu/job_21700923/spack-stage/spack-stage-hdf5-1.10.7-xexa2gll6hf6okdatgrxiwhcjs2uepc7/spack-src/src/H5Faccum.c line 824 in H5F__accum_write(): file write failed
    major: Low-level I/O
    minor: Write failed
  #011: /scratch/spack_cpu/job_21700923/spack-stage/spack-stage-hdf5-1.10.7-xexa2gll6hf6okdatgrxiwhcjs2uepc7/spack-src/src/H5FDint.c line 249 in H5FD_write(): driver write request failed
    major: Virtual File Layer
    minor: Write failed
  #012: /scratch/spack_cpu/job_21700923/spack-stage/spack-stage-hdf5-1.10.7-xexa2gll6hf6okdatgrxiwhcjs2uepc7/spack-src/src/H5FDsec2.c line 856 in H5FD__sec2_write(): file write failed: time = Wed Nov 19 08:45:19 2025
, filename = 'checkpoint.h5', file descriptor = 5, errno = 14, error message = 'Bad address', buf = 0x1555537c4000, total write size = 15969552, bytes this sub-write = 15969552, bytes actually written = 18446744073709551615, offset = 0
    major: Low-level I/O
    minor: Write failed
HDF5-DIAG: Error detected in HDF5 (1.10.7) thread 0:
  #000: /scratch/spack_cpu/job_21700923/spack-stage/spack-stage-hdf5-1.10.7-xexa2gll6hf6okdatgrxiwhcjs2uepc7/spack-src/src/H5Dio.c line 335 in H5Dwrite(): can't write data
    major: Dataset
    minor: Write failed
  #001: /scratch/spack_cpu/job_21700923/spack-stage/spack-stage-hdf5-1.10.7-xexa2gll6hf6okdatgrxiwhcjs2uepc7/spack-src/src/H5Dio.c line 813 in H5D__write(): can't write data
    major: Dataset
    minor: Write failed
  #002: /scratch/spack_cpu/job_21700923/spack-stage/spack-stage-hdf5-1.10.7-xexa2gll6hf6okdatgrxiwhcjs2uepc7/spack-src/src/H5Dcontig.c line 659 in H5D__contig_write(): contiguous write failed
    major: Dataset
    minor: Write failed
  #003: /scratch/spack_cpu/job_21700923/spack-stage/spack-stage-hdf5-1.10.7-xexa2gll6hf6okdatgrxiwhcjs2uepc7/spack-src/src/H5Dselect.c line 321 in H5D__select_write(): write error
    major: Dataspace
    minor: Write failed
  #004: /scratch/spack_cpu/job_21700923/spack-stage/spack-stage-hdf5-1.10.7-xexa2gll6hf6okdatgrxiwhcjs2uepc7/spack-src/src/H5Dselect.c line 230 in H5D__select_io(): write error
    major: Dataspace
    minor: Write failed
  #005: /scratch/spack_cpu/job_21700923/spack-stage/spack-stage-hdf5-1.10.7-xexa2gll6hf6okdatgrxiwhcjs2uepc7/spack-src/src/H5Dcontig.c line 1281 in H5D__contig_writevv(): can't perform vectorized sieve buffer write
    major: Dataset
    minor: Can't operate on object
  #006: /scratch/spack_cpu/job_21700923/spack-stage/spack-stage-hdf5-1.10.7-xexa2gll6hf6okdatgrxiwhcjs2uepc7/spack-src/src/H5VM.c line 1464 in H5VM_opvv(): can't perform operation
    major: Internal error (too specific to document in detail)
    minor: Can't operate on object
  #007: /scratch/spack_cpu/job_21700923/spack-stage/spack-stage-hdf5-1.10.7-xexa2gll6hf6okdatgrxiwhcjs2uepc7/spack-src/src/H5Dcontig.c line 1029 in H5D__contig_writevv_sieve_cb(): block write failed
    major: Dataset
    minor: Write failed
  #008: /scratch/spack_cpu/job_21700923/spack-stage/spack-stage-hdf5-1.10.7-xexa2gll6hf6okdatgrxiwhcjs2uepc7/spack-src/src/H5Fio.c line 161 in H5F_block_write(): write through page buffer failed
    major: Low-level I/O
    minor: Write failed
  #009: /scratch/spack_cpu/job_21700923/spack-stage/spack-stage-hdf5-1.10.7-xexa2gll6hf6okdatgrxiwhcjs2uepc7/spack-src/src/H5PB.c line 1032 in H5PB_write(): write through metadata accumulator failed
    major: Page Buffering
    minor: Write failed
  #010: /scratch/spack_cpu/job_21700923/spack-stage/spack-stage-hdf5-1.10.7-xexa2gll6hf6okdatgrxiwhcjs2uepc7/spack-src/src/H5Faccum.c line 824 in H5F__accum_write(): file write failed
    major: Low-level I/O
    minor: Write failed
  #011: /scratch/spack_cpu/job_21700923/spack-stage/spack-stage-hdf5-1.10.7-xexa2gll6hf6okdatgrxiwhcjs2uepc7/spack-src/src/H5FDint.c line 249 in H5FD_write(): driver write request failed
    major: Virtual File Layer
    minor: Write failed
  #012: /scratch/spack_cpu/job_21700923/spack-stage/spack-stage-hdf5-1.10.7-xexa2gll6hf6okdatgrxiwhcjs2uepc7/spack-src/src/H5FDsec2.c line 856 in H5FD__sec2_write(): file write failed: time = Wed Nov 19 08:45:31 2025
, filename = 'checkpoint.h5', file descriptor = 5, errno = 14, error message = 'Bad address', buf = 0x1555537c4000, total write size = 15969552, bytes this sub-write = 15969552, bytes actually written = 18446744073709551615, offset = 0
    major: Low-level I/O
    minor: Write failed
HDF5-DIAG: Error detected in HDF5 (1.10.7) thread 0:
  #000: /scratch/spack_cpu/job_21700923/spack-stage/spack-stage-hdf5-1.10.7-xexa2gll6hf6okdatgrxiwhcjs2uepc7/spack-src/src/H5Dio.c line 335 in H5Dwrite(): can't write data
    major: Dataset
    minor: Write failed
  #001: /scratch/spack_cpu/job_21700923/spack-stage/spack-stage-hdf5-1.10.7-xexa2gll6hf6okdatgrxiwhcjs2uepc7/spack-src/src/H5Dio.c line 813 in H5D__write(): can't write data
    major: Dataset
    minor: Write failed
  #002: /scratch/spack_cpu/job_21700923/spack-stage/spack-stage-hdf5-1.10.7-xexa2gll6hf6okdatgrxiwhcjs2uepc7/spack-src/src/H5Dcontig.c line 659 in H5D__contig_write(): contiguous write failed
    major: Dataset
    minor: Write failed
  #003: /scratch/spack_cpu/job_21700923/spack-stage/spack-stage-hdf5-1.10.7-xexa2gll6hf6okdatgrxiwhcjs2uepc7/spack-src/src/H5Dselect.c line 321 in H5D__select_write(): write error
    major: Dataspace
    minor: Write failed
  #004: /scratch/spack_cpu/job_21700923/spack-stage/spack-stage-hdf5-1.10.7-xexa2gll6hf6okdatgrxiwhcjs2uepc7/spack-src/src/H5Dselect.c line 230 in H5D__select_io(): write error
    major: Dataspace
    minor: Write failed
  #005: /scratch/spack_cpu/job_21700923/spack-stage/spack-stage-hdf5-1.10.7-xexa2gll6hf6okdatgrxiwhcjs2uepc7/spack-src/src/H5Dcontig.c line 1281 in H5D__contig_writevv(): can't perform vectorized sieve buffer write
    major: Dataset
    minor: Can't operate on object
  #006: /scratch/spack_cpu/job_21700923/spack-stage/spack-stage-hdf5-1.10.7-xexa2gll6hf6okdatgrxiwhcjs2uepc7/spack-src/src/H5VM.c line 1464 in H5VM_opvv(): can't perform operation
    major: Internal error (too specific to document in detail)
    minor: Can't operate on object
  #007: /scratch/spack_cpu/job_21700923/spack-stage/spack-stage-hdf5-1.10.7-xexa2gll6hf6okdatgrxiwhcjs2uepc7/spack-src/src/H5Dcontig.c line 1029 in H5D__contig_writevv_sieve_cb(): block write failed
    major: Dataset
    minor: Write failed
  #008: /scratch/spack_cpu/job_21700923/spack-stage/spack-stage-hdf5-1.10.7-xexa2gll6hf6okdatgrxiwhcjs2uepc7/spack-src/src/H5Fio.c line 161 in H5F_block_write(): write through page buffer failed
    major: Low-level I/O
    minor: Write failed
  #009: /scratch/spack_cpu/job_21700923/spack-stage/spack-stage-hdf5-1.10.7-xexa2gll6hf6okdatgrxiwhcjs2uepc7/spack-src/src/H5PB.c line 1032 in H5PB_write(): write through metadata accumulator failed
    major: Page Buffering
    minor: Write failed
  #010: /scratch/spack_cpu/job_21700923/spack-stage/spack-stage-hdf5-1.10.7-xexa2gll6hf6okdatgrxiwhcjs2uepc7/spack-src/src/H5Faccum.c line 824 in H5F__accum_write(): file write failed
    major: Low-level I/O
    minor: Write failed
  #011: /scratch/spack_cpu/job_21700923/spack-stage/spack-stage-hdf5-1.10.7-xexa2gll6hf6okdatgrxiwhcjs2uepc7/spack-src/src/H5FDint.c line 249 in H5FD_write(): driver write request failed
    major: Virtual File Layer
    minor: Write failed
  #012: /scratch/spack_cpu/job_21700923/spack-stage/spack-stage-hdf5-1.10.7-xexa2gll6hf6okdatgrxiwhcjs2uepc7/spack-src/src/H5FDsec2.c line 856 in H5FD__sec2_write(): file write failed: time = Wed Nov 19 08:45:42 2025
, filename = 'checkpoint.h5', file descriptor = 5, errno = 14, error message = 'Bad address', buf = 0x1555537c4000, total write size = 15969552, bytes this sub-write = 15969552, bytes actually written = 18446744073709551615, offset = 0
    major: Low-level I/O
    minor: Write failed
HDF5-DIAG: Error detected in HDF5 (1.10.7) thread 0:
  #000: /scratch/spack_cpu/job_21700923/spack-stage/spack-stage-hdf5-1.10.7-xexa2gll6hf6okdatgrxiwhcjs2uepc7/spack-src/src/H5Dio.c line 335 in H5Dwrite(): can't write data
    major: Dataset
    minor: Write failed
  #001: /scratch/spack_cpu/job_21700923/spack-stage/spack-stage-hdf5-1.10.7-xexa2gll6hf6okdatgrxiwhcjs2uepc7/spack-src/src/H5Dio.c line 813 in H5D__write(): can't write data
    major: Dataset
    minor: Write failed
  #002: /scratch/spack_cpu/job_21700923/spack-stage/spack-stage-hdf5-1.10.7-xexa2gll6hf6okdatgrxiwhcjs2uepc7/spack-src/src/H5Dcontig.c line 659 in H5D__contig_write(): contiguous write failed
    major: Dataset
    minor: Write failed
  #003: /scratch/spack_cpu/job_21700923/spack-stage/spack-stage-hdf5-1.10.7-xexa2gll6hf6okdatgrxiwhcjs2uepc7/spack-src/src/H5Dselect.c line 321 in H5D__select_write(): write error
    major: Dataspace
    minor: Write failed
  #004: /scratch/spack_cpu/job_21700923/spack-stage/spack-stage-hdf5-1.10.7-xexa2gll6hf6okdatgrxiwhcjs2uepc7/spack-src/src/H5Dselect.c line 230 in H5D__select_io(): write error
    major: Dataspace
    minor: Write failed
  #005: /scratch/spack_cpu/job_21700923/spack-stage/spack-stage-hdf5-1.10.7-xexa2gll6hf6okdatgrxiwhcjs2uepc7/spack-src/src/H5Dcontig.c line 1281 in H5D__contig_writevv(): can't perform vectorized sieve buffer write
    major: Dataset
    minor: Can't operate on object
  #006: /scratch/spack_cpu/job_21700923/spack-stage/spack-stage-hdf5-1.10.7-xexa2gll6hf6okdatgrxiwhcjs2uepc7/spack-src/src/H5VM.c line 1464 in H5VM_opvv(): can't perform operation
    major: Internal error (too specific to document in detail)
    minor: Can't operate on object
  #007: /scratch/spack_cpu/job_21700923/spack-stage/spack-stage-hdf5-1.10.7-xexa2gll6hf6okdatgrxiwhcjs2uepc7/spack-src/src/H5Dcontig.c line 1029 in H5D__contig_writevv_sieve_cb(): block write failed
    major: Dataset
    minor: Write failed
  #008: /scratch/spack_cpu/job_21700923/spack-stage/spack-stage-hdf5-1.10.7-xexa2gll6hf6okdatgrxiwhcjs2uepc7/spack-src/src/H5Fio.c line 161 in H5F_block_write(): write through page buffer failed
    major: Low-level I/O
    minor: Write failed
  #009: /scratch/spack_cpu/job_21700923/spack-stage/spack-stage-hdf5-1.10.7-xexa2gll6hf6okdatgrxiwhcjs2uepc7/spack-src/src/H5PB.c line 1032 in H5PB_write(): write through metadata accumulator failed
    major: Page Buffering
    minor: Write failed
  #010: /scratch/spack_cpu/job_21700923/spack-stage/spack-stage-hdf5-1.10.7-xexa2gll6hf6okdatgrxiwhcjs2uepc7/spack-src/src/H5Faccum.c line 824 in H5F__accum_write(): file write failed
    major: Low-level I/O
    minor: Write failed
  #011: /scratch/spack_cpu/job_21700923/spack-stage/spack-stage-hdf5-1.10.7-xexa2gll6hf6okdatgrxiwhcjs2uepc7/spack-src/src/H5FDint.c line 249 in H5FD_write(): driver write request failed
    major: Virtual File Layer
    minor: Write failed
  #012: /scratch/spack_cpu/job_21700923/spack-stage/spack-stage-hdf5-1.10.7-xexa2gll6hf6okdatgrxiwhcjs2uepc7/spack-src/src/H5FDsec2.c line 856 in H5FD__sec2_write(): file write failed: time = Wed Nov 19 08:45:53 2025
, filename = 'checkpoint.h5', file descriptor = 5, errno = 14, error message = 'Bad address', buf = 0x1555537c4000, total write size = 15969552, bytes this sub-write = 15969552, bytes actually written = 18446744073709551615, offset = 0
    major: Low-level I/O
    minor: Write failed
HDF5-DIAG: Error detected in HDF5 (1.10.7) thread 0:
  #000: /scratch/spack_cpu/job_21700923/spack-stage/spack-stage-hdf5-1.10.7-xexa2gll6hf6okdatgrxiwhcjs2uepc7/spack-src/src/H5Dio.c line 335 in H5Dwrite(): can't write data
    major: Dataset
    minor: Write failed
  #001: /scratch/spack_cpu/job_21700923/spack-stage/spack-stage-hdf5-1.10.7-xexa2gll6hf6okdatgrxiwhcjs2uepc7/spack-src/src/H5Dio.c line 813 in H5D__write(): can't write data
    major: Dataset
    minor: Write failed
  #002: /scratch/spack_cpu/job_21700923/spack-stage/spack-stage-hdf5-1.10.7-xexa2gll6hf6okdatgrxiwhcjs2uepc7/spack-src/src/H5Dcontig.c line 659 in H5D__contig_write(): contiguous write failed
    major: Dataset
    minor: Write failed
  #003: /scratch/spack_cpu/job_21700923/spack-stage/spack-stage-hdf5-1.10.7-xexa2gll6hf6okdatgrxiwhcjs2uepc7/spack-src/src/H5Dselect.c line 321 in H5D__select_write(): write error
    major: Dataspace
    minor: Write failed
  #004: /scratch/spack_cpu/job_21700923/spack-stage/spack-stage-hdf5-1.10.7-xexa2gll6hf6okdatgrxiwhcjs2uepc7/spack-src/src/H5Dselect.c line 230 in H5D__select_io(): write error
    major: Dataspace
    minor: Write failed
  #005: /scratch/spack_cpu/job_21700923/spack-stage/spack-stage-hdf5-1.10.7-xexa2gll6hf6okdatgrxiwhcjs2uepc7/spack-src/src/H5Dcontig.c line 1281 in H5D__contig_writevv(): can't perform vectorized sieve buffer write
    major: Dataset
    minor: Can't operate on object
  #006: /scratch/spack_cpu/job_21700923/spack-stage/spack-stage-hdf5-1.10.7-xexa2gll6hf6okdatgrxiwhcjs2uepc7/spack-src/src/H5VM.c line 1464 in H5VM_opvv(): can't perform operation
    major: Internal error (too specific to document in detail)
    minor: Can't operate on object
  #007: /scratch/spack_cpu/job_21700923/spack-stage/spack-stage-hdf5-1.10.7-xexa2gll6hf6okdatgrxiwhcjs2uepc7/spack-src/src/H5Dcontig.c line 1029 in H5D__contig_writevv_sieve_cb(): block write failed
    major: Dataset
    minor: Write failed
  #008: /scratch/spack_cpu/job_21700923/spack-stage/spack-stage-hdf5-1.10.7-xexa2gll6hf6okdatgrxiwhcjs2uepc7/spack-src/src/H5Fio.c line 161 in H5F_block_write(): write through page buffer failed
    major: Low-level I/O
    minor: Write failed
  #009: /scratch/spack_cpu/job_21700923/spack-stage/spack-stage-hdf5-1.10.7-xexa2gll6hf6okdatgrxiwhcjs2uepc7/spack-src/src/H5PB.c line 1032 in H5PB_write(): write through metadata accumulator failed
    major: Page Buffering
    minor: Write failed
  #010: /scratch/spack_cpu/job_21700923/spack-stage/spack-stage-hdf5-1.10.7-xexa2gll6hf6okdatgrxiwhcjs2uepc7/spack-src/src/H5Faccum.c line 824 in H5F__accum_write(): file write failed
    major: Low-level I/O
    minor: Write failed
  #011: /scratch/spack_cpu/job_21700923/spack-stage/spack-stage-hdf5-1.10.7-xexa2gll6hf6okdatgrxiwhcjs2uepc7/spack-src/src/H5FDint.c line 249 in H5FD_write(): driver write request failed
    major: Virtual File Layer
    minor: Write failed
  #012: /scratch/spack_cpu/job_21700923/spack-stage/spack-stage-hdf5-1.10.7-xexa2gll6hf6okdatgrxiwhcjs2uepc7/spack-src/src/H5FDsec2.c line 856 in H5FD__sec2_write(): file write failed: time = Wed Nov 19 08:46:04 2025
, filename = 'checkpoint.h5', file descriptor = 5, errno = 14, error message = 'Bad address', buf = 0x1555537c4000, total write size = 15969552, bytes this sub-write = 15969552, bytes actually written = 18446744073709551615, offset = 0
    major: Low-level I/O
    minor: Write failed
HDF5-DIAG: Error detected in HDF5 (1.10.7) thread 0:
  #000: /scratch/spack_cpu/job_21700923/spack-stage/spack-stage-hdf5-1.10.7-xexa2gll6hf6okdatgrxiwhcjs2uepc7/spack-src/src/H5Dio.c line 335 in H5Dwrite(): can't write data
    major: Dataset
    minor: Write failed
  #001: /scratch/spack_cpu/job_21700923/spack-stage/spack-stage-hdf5-1.10.7-xexa2gll6hf6okdatgrxiwhcjs2uepc7/spack-src/src/H5Dio.c line 813 in H5D__write(): can't write data
    major: Dataset
    minor: Write failed
  #002: /scratch/spack_cpu/job_21700923/spack-stage/spack-stage-hdf5-1.10.7-xexa2gll6hf6okdatgrxiwhcjs2uepc7/spack-src/src/H5Dcontig.c line 659 in H5D__contig_write(): contiguous write failed
    major: Dataset
    minor: Write failed
  #003: /scratch/spack_cpu/job_21700923/spack-stage/spack-stage-hdf5-1.10.7-xexa2gll6hf6okdatgrxiwhcjs2uepc7/spack-src/src/H5Dselect.c line 321 in H5D__select_write(): write error
    major: Dataspace
    minor: Write failed
  #004: /scratch/spack_cpu/job_21700923/spack-stage/spack-stage-hdf5-1.10.7-xexa2gll6hf6okdatgrxiwhcjs2uepc7/spack-src/src/H5Dselect.c line 230 in H5D__select_io(): write error
    major: Dataspace
    minor: Write failed
  #005: /scratch/spack_cpu/job_21700923/spack-stage/spack-stage-hdf5-1.10.7-xexa2gll6hf6okdatgrxiwhcjs2uepc7/spack-src/src/H5Dcontig.c line 1281 in H5D__contig_writevv(): can't perform vectorized sieve buffer write
    major: Dataset
    minor: Can't operate on object
  #006: /scratch/spack_cpu/job_21700923/spack-stage/spack-stage-hdf5-1.10.7-xexa2gll6hf6okdatgrxiwhcjs2uepc7/spack-src/src/H5VM.c line 1464 in H5VM_opvv(): can't perform operation
    major: Internal error (too specific to document in detail)
    minor: Can't operate on object
  #007: /scratch/spack_cpu/job_21700923/spack-stage/spack-stage-hdf5-1.10.7-xexa2gll6hf6okdatgrxiwhcjs2uepc7/spack-src/src/H5Dcontig.c line 1029 in H5D__contig_writevv_sieve_cb(): block write failed
    major: Dataset
    minor: Write failed
  #008: /scratch/spack_cpu/job_21700923/spack-stage/spack-stage-hdf5-1.10.7-xexa2gll6hf6okdatgrxiwhcjs2uepc7/spack-src/src/H5Fio.c line 161 in H5F_block_write(): write through page buffer failed
    major: Low-level I/O
    minor: Write failed
  #009: /scratch/spack_cpu/job_21700923/spack-stage/spack-stage-hdf5-1.10.7-xexa2gll6hf6okdatgrxiwhcjs2uepc7/spack-src/src/H5PB.c line 1032 in H5PB_write(): write through metadata accumulator failed
    major: Page Buffering
    minor: Write failed
  #010: /scratch/spack_cpu/job_21700923/spack-stage/spack-stage-hdf5-1.10.7-xexa2gll6hf6okdatgrxiwhcjs2uepc7/spack-src/src/H5Faccum.c line 824 in H5F__accum_write(): file write failed
    major: Low-level I/O
    minor: Write failed
  #011: /scratch/spack_cpu/job_21700923/spack-stage/spack-stage-hdf5-1.10.7-xexa2gll6hf6okdatgrxiwhcjs2uepc7/spack-src/src/H5FDint.c line 249 in H5FD_write(): driver write request failed
    major: Virtual File Layer
    minor: Write failed
  #012: /scratch/spack_cpu/job_21700923/spack-stage/spack-stage-hdf5-1.10.7-xexa2gll6hf6okdatgrxiwhcjs2uepc7/spack-src/src/H5FDsec2.c line 856 in H5FD__sec2_write(): file write failed: time = Wed Nov 19 08:46:16 2025
, filename = 'checkpoint.h5', file descriptor = 5, errno = 14, error message = 'Bad address', buf = 0x1555537c4000, total write size = 15969552, bytes this sub-write = 15969552, bytes actually written = 18446744073709551615, offset = 0
    major: Low-level I/O
    minor: Write failed
HDF5-DIAG: Error detected in HDF5 (1.10.7) thread 0:
  #000: /scratch/spack_cpu/job_21700923/spack-stage/spack-stage-hdf5-1.10.7-xexa2gll6hf6okdatgrxiwhcjs2uepc7/spack-src/src/H5Dio.c line 335 in H5Dwrite(): can't write data
    major: Dataset
    minor: Write failed
  #001: /scratch/spack_cpu/job_21700923/spack-stage/spack-stage-hdf5-1.10.7-xexa2gll6hf6okdatgrxiwhcjs2uepc7/spack-src/src/H5Dio.c line 813 in H5D__write(): can't write data
    major: Dataset
    minor: Write failed
  #002: /scratch/spack_cpu/job_21700923/spack-stage/spack-stage-hdf5-1.10.7-xexa2gll6hf6okdatgrxiwhcjs2uepc7/spack-src/src/H5Dcontig.c line 659 in H5D__contig_write(): contiguous write failed
    major: Dataset
    minor: Write failed
  #003: /scratch/spack_cpu/job_21700923/spack-stage/spack-stage-hdf5-1.10.7-xexa2gll6hf6okdatgrxiwhcjs2uepc7/spack-src/src/H5Dselect.c line 321 in H5D__select_write(): write error
    major: Dataspace
    minor: Write failed
  #004: /scratch/spack_cpu/job_21700923/spack-stage/spack-stage-hdf5-1.10.7-xexa2gll6hf6okdatgrxiwhcjs2uepc7/spack-src/src/H5Dselect.c line 230 in H5D__select_io(): write error
    major: Dataspace
    minor: Write failed
  #005: /scratch/spack_cpu/job_21700923/spack-stage/spack-stage-hdf5-1.10.7-xexa2gll6hf6okdatgrxiwhcjs2uepc7/spack-src/src/H5Dcontig.c line 1281 in H5D__contig_writevv(): can't perform vectorized sieve buffer write
    major: Dataset
    minor: Can't operate on object
  #006: /scratch/spack_cpu/job_21700923/spack-stage/spack-stage-hdf5-1.10.7-xexa2gll6hf6okdatgrxiwhcjs2uepc7/spack-src/src/H5VM.c line 1464 in H5VM_opvv(): can't perform operation
    major: Internal error (too specific to document in detail)
    minor: Can't operate on object
  #007: /scratch/spack_cpu/job_21700923/spack-stage/spack-stage-hdf5-1.10.7-xexa2gll6hf6okdatgrxiwhcjs2uepc7/spack-src/src/H5Dcontig.c line 1029 in H5D__contig_writevv_sieve_cb(): block write failed
    major: Dataset
    minor: Write failed
  #008: /scratch/spack_cpu/job_21700923/spack-stage/spack-stage-hdf5-1.10.7-xexa2gll6hf6okdatgrxiwhcjs2uepc7/spack-src/src/H5Fio.c line 161 in H5F_block_write(): write through page buffer failed
    major: Low-level I/O
    minor: Write failed
  #009: /scratch/spack_cpu/job_21700923/spack-stage/spack-stage-hdf5-1.10.7-xexa2gll6hf6okdatgrxiwhcjs2uepc7/spack-src/src/H5PB.c line 1032 in H5PB_write(): write through metadata accumulator failed
    major: Page Buffering
    minor: Write failed
  #010: /scratch/spack_cpu/job_21700923/spack-stage/spack-stage-hdf5-1.10.7-xexa2gll6hf6okdatgrxiwhcjs2uepc7/spack-src/src/H5Faccum.c line 824 in H5F__accum_write(): file write failed
    major: Low-level I/O
    minor: Write failed
  #011: /scratch/spack_cpu/job_21700923/spack-stage/spack-stage-hdf5-1.10.7-xexa2gll6hf6okdatgrxiwhcjs2uepc7/spack-src/src/H5FDint.c line 249 in H5FD_write(): driver write request failed
    major: Virtual File Layer
    minor: Write failed
  #012: /scratch/spack_cpu/job_21700923/spack-stage/spack-stage-hdf5-1.10.7-xexa2gll6hf6okdatgrxiwhcjs2uepc7/spack-src/src/H5FDsec2.c line 856 in H5FD__sec2_write(): file write failed: time = Wed Nov 19 08:46:27 2025
, filename = 'checkpoint.h5', file descriptor = 5, errno = 14, error message = 'Bad address', buf = 0x1555537c4000, total write size = 15969552, bytes this sub-write = 15969552, bytes actually written = 18446744073709551615, offset = 0
    major: Low-level I/O
    minor: Write failed
HDF5-DIAG: Error detected in HDF5 (1.10.7) thread 0:
  #000: /scratch/spack_cpu/job_21700923/spack-stage/spack-stage-hdf5-1.10.7-xexa2gll6hf6okdatgrxiwhcjs2uepc7/spack-src/src/H5Dio.c line 335 in H5Dwrite(): can't write data
    major: Dataset
    minor: Write failed
  #001: /scratch/spack_cpu/job_21700923/spack-stage/spack-stage-hdf5-1.10.7-xexa2gll6hf6okdatgrxiwhcjs2uepc7/spack-src/src/H5Dio.c line 813 in H5D__write(): can't write data
    major: Dataset
    minor: Write failed
  #002: /scratch/spack_cpu/job_21700923/spack-stage/spack-stage-hdf5-1.10.7-xexa2gll6hf6okdatgrxiwhcjs2uepc7/spack-src/src/H5Dcontig.c line 659 in H5D__contig_write(): contiguous write failed
    major: Dataset
    minor: Write failed
  #003: /scratch/spack_cpu/job_21700923/spack-stage/spack-stage-hdf5-1.10.7-xexa2gll6hf6okdatgrxiwhcjs2uepc7/spack-src/src/H5Dselect.c line 321 in H5D__select_write(): write error
    major: Dataspace
    minor: Write failed
  #004: /scratch/spack_cpu/job_21700923/spack-stage/spack-stage-hdf5-1.10.7-xexa2gll6hf6okdatgrxiwhcjs2uepc7/spack-src/src/H5Dselect.c line 230 in H5D__select_io(): write error
    major: Dataspace
    minor: Write failed
  #005: /scratch/spack_cpu/job_21700923/spack-stage/spack-stage-hdf5-1.10.7-xexa2gll6hf6okdatgrxiwhcjs2uepc7/spack-src/src/H5Dcontig.c line 1281 in H5D__contig_writevv(): can't perform vectorized sieve buffer write
    major: Dataset
    minor: Can't operate on object
  #006: /scratch/spack_cpu/job_21700923/spack-stage/spack-stage-hdf5-1.10.7-xexa2gll6hf6okdatgrxiwhcjs2uepc7/spack-src/src/H5VM.c line 1464 in H5VM_opvv(): can't perform operation
    major: Internal error (too specific to document in detail)
    minor: Can't operate on object
  #007: /scratch/spack_cpu/job_21700923/spack-stage/spack-stage-hdf5-1.10.7-xexa2gll6hf6okdatgrxiwhcjs2uepc7/spack-src/src/H5Dcontig.c line 1029 in H5D__contig_writevv_sieve_cb(): block write failed
    major: Dataset
    minor: Write failed
  #008: /scratch/spack_cpu/job_21700923/spack-stage/spack-stage-hdf5-1.10.7-xexa2gll6hf6okdatgrxiwhcjs2uepc7/spack-src/src/H5Fio.c line 161 in H5F_block_write(): write through page buffer failed
    major: Low-level I/O
    minor: Write failed
  #009: /scratch/spack_cpu/job_21700923/spack-stage/spack-stage-hdf5-1.10.7-xexa2gll6hf6okdatgrxiwhcjs2uepc7/spack-src/src/H5PB.c line 1032 in H5PB_write(): write through metadata accumulator failed
    major: Page Buffering
    minor: Write failed
  #010: /scratch/spack_cpu/job_21700923/spack-stage/spack-stage-hdf5-1.10.7-xexa2gll6hf6okdatgrxiwhcjs2uepc7/spack-src/src/H5Faccum.c line 824 in H5F__accum_write(): file write failed
    major: Low-level I/O
    minor: Write failed
  #011: /scratch/spack_cpu/job_21700923/spack-stage/spack-stage-hdf5-1.10.7-xexa2gll6hf6okdatgrxiwhcjs2uepc7/spack-src/src/H5FDint.c line 249 in H5FD_write(): driver write request failed
    major: Virtual File Layer
    minor: Write failed
  #012: /scratch/spack_cpu/job_21700923/spack-stage/spack-stage-hdf5-1.10.7-xexa2gll6hf6okdatgrxiwhcjs2uepc7/spack-src/src/H5FDsec2.c line 856 in H5FD__sec2_write(): file write failed: time = Wed Nov 19 08:46:39 2025
, filename = 'checkpoint.h5', file descriptor = 5, errno = 14, error message = 'Bad address', buf = 0x1555537c4000, total write size = 15969552, bytes this sub-write = 15969552, bytes actually written = 18446744073709551615, offset = 0
    major: Low-level I/O
    minor: Write failed
HDF5-DIAG: Error detected in HDF5 (1.10.7) thread 0:
  #000: /scratch/spack_cpu/job_21700923/spack-stage/spack-stage-hdf5-1.10.7-xexa2gll6hf6okdatgrxiwhcjs2uepc7/spack-src/src/H5Dio.c line 335 in H5Dwrite(): can't write data
    major: Dataset
    minor: Write failed
  #001: /scratch/spack_cpu/job_21700923/spack-stage/spack-stage-hdf5-1.10.7-xexa2gll6hf6okdatgrxiwhcjs2uepc7/spack-src/src/H5Dio.c line 813 in H5D__write(): can't write data
    major: Dataset
    minor: Write failed
  #002: /scratch/spack_cpu/job_21700923/spack-stage/spack-stage-hdf5-1.10.7-xexa2gll6hf6okdatgrxiwhcjs2uepc7/spack-src/src/H5Dcontig.c line 659 in H5D__contig_write(): contiguous write failed
    major: Dataset
    minor: Write failed
  #003: /scratch/spack_cpu/job_21700923/spack-stage/spack-stage-hdf5-1.10.7-xexa2gll6hf6okdatgrxiwhcjs2uepc7/spack-src/src/H5Dselect.c line 321 in H5D__select_write(): write error
    major: Dataspace
    minor: Write failed
  #004: /scratch/spack_cpu/job_21700923/spack-stage/spack-stage-hdf5-1.10.7-xexa2gll6hf6okdatgrxiwhcjs2uepc7/spack-src/src/H5Dselect.c line 230 in H5D__select_io(): write error
    major: Dataspace
    minor: Write failed
  #005: /scratch/spack_cpu/job_21700923/spack-stage/spack-stage-hdf5-1.10.7-xexa2gll6hf6okdatgrxiwhcjs2uepc7/spack-src/src/H5Dcontig.c line 1281 in H5D__contig_writevv(): can't perform vectorized sieve buffer write
    major: Dataset
    minor: Can't operate on object
  #006: /scratch/spack_cpu/job_21700923/spack-stage/spack-stage-hdf5-1.10.7-xexa2gll6hf6okdatgrxiwhcjs2uepc7/spack-src/src/H5VM.c line 1464 in H5VM_opvv(): can't perform operation
    major: Internal error (too specific to document in detail)
    minor: Can't operate on object
  #007: /scratch/spack_cpu/job_21700923/spack-stage/spack-stage-hdf5-1.10.7-xexa2gll6hf6okdatgrxiwhcjs2uepc7/spack-src/src/H5Dcontig.c line 1029 in H5D__contig_writevv_sieve_cb(): block write failed
    major: Dataset
    minor: Write failed
  #008: /scratch/spack_cpu/job_21700923/spack-stage/spack-stage-hdf5-1.10.7-xexa2gll6hf6okdatgrxiwhcjs2uepc7/spack-src/src/H5Fio.c line 161 in H5F_block_write(): write through page buffer failed
    major: Low-level I/O
    minor: Write failed
  #009: /scratch/spack_cpu/job_21700923/spack-stage/spack-stage-hdf5-1.10.7-xexa2gll6hf6okdatgrxiwhcjs2uepc7/spack-src/src/H5PB.c line 1032 in H5PB_write(): write through metadata accumulator failed
    major: Page Buffering
    minor: Write failed
  #010: /scratch/spack_cpu/job_21700923/spack-stage/spack-stage-hdf5-1.10.7-xexa2gll6hf6okdatgrxiwhcjs2uepc7/spack-src/src/H5Faccum.c line 824 in H5F__accum_write(): file write failed
    major: Low-level I/O
    minor: Write failed
  #011: /scratch/spack_cpu/job_21700923/spack-stage/spack-stage-hdf5-1.10.7-xexa2gll6hf6okdatgrxiwhcjs2uepc7/spack-src/src/H5FDint.c line 249 in H5FD_write(): driver write request failed
    major: Virtual File Layer
    minor: Write failed
  #012: /scratch/spack_cpu/job_21700923/spack-stage/spack-stage-hdf5-1.10.7-xexa2gll6hf6okdatgrxiwhcjs2uepc7/spack-src/src/H5FDsec2.c line 856 in H5FD__sec2_write(): file write failed: time = Wed Nov 19 08:46:50 2025
, filename = 'checkpoint.h5', file descriptor = 5, errno = 14, error message = 'Bad address', buf = 0x1555537c4000, total write size = 15969552, bytes this sub-write = 15969552, bytes actually written = 18446744073709551615, offset = 0
    major: Low-level I/O
    minor: Write failed
HDF5-DIAG: Error detected in HDF5 (1.10.7) thread 0:
  #000: /scratch/spack_cpu/job_21700923/spack-stage/spack-stage-hdf5-1.10.7-xexa2gll6hf6okdatgrxiwhcjs2uepc7/spack-src/src/H5Dio.c line 335 in H5Dwrite(): can't write data
    major: Dataset
    minor: Write failed
  #001: /scratch/spack_cpu/job_21700923/spack-stage/spack-stage-hdf5-1.10.7-xexa2gll6hf6okdatgrxiwhcjs2uepc7/spack-src/src/H5Dio.c line 813 in H5D__write(): can't write data
    major: Dataset
    minor: Write failed
  #002: /scratch/spack_cpu/job_21700923/spack-stage/spack-stage-hdf5-1.10.7-xexa2gll6hf6okdatgrxiwhcjs2uepc7/spack-src/src/H5Dcontig.c line 659 in H5D__contig_write(): contiguous write failed
    major: Dataset
    minor: Write failed
  #003: /scratch/spack_cpu/job_21700923/spack-stage/spack-stage-hdf5-1.10.7-xexa2gll6hf6okdatgrxiwhcjs2uepc7/spack-src/src/H5Dselect.c line 321 in H5D__select_write(): write error
    major: Dataspace
    minor: Write failed
  #004: /scratch/spack_cpu/job_21700923/spack-stage/spack-stage-hdf5-1.10.7-xexa2gll6hf6okdatgrxiwhcjs2uepc7/spack-src/src/H5Dselect.c line 230 in H5D__select_io(): write error
    major: Dataspace
    minor: Write failed
  #005: /scratch/spack_cpu/job_21700923/spack-stage/spack-stage-hdf5-1.10.7-xexa2gll6hf6okdatgrxiwhcjs2uepc7/spack-src/src/H5Dcontig.c line 1281 in H5D__contig_writevv(): can't perform vectorized sieve buffer write
    major: Dataset
    minor: Can't operate on object
  #006: /scratch/spack_cpu/job_21700923/spack-stage/spack-stage-hdf5-1.10.7-xexa2gll6hf6okdatgrxiwhcjs2uepc7/spack-src/src/H5VM.c line 1464 in H5VM_opvv(): can't perform operation
    major: Internal error (too specific to document in detail)
    minor: Can't operate on object
  #007: /scratch/spack_cpu/job_21700923/spack-stage/spack-stage-hdf5-1.10.7-xexa2gll6hf6okdatgrxiwhcjs2uepc7/spack-src/src/H5Dcontig.c line 1029 in H5D__contig_writevv_sieve_cb(): block write failed
    major: Dataset
    minor: Write failed
  #008: /scratch/spack_cpu/job_21700923/spack-stage/spack-stage-hdf5-1.10.7-xexa2gll6hf6okdatgrxiwhcjs2uepc7/spack-src/src/H5Fio.c line 161 in H5F_block_write(): write through page buffer failed
    major: Low-level I/O
    minor: Write failed
  #009: /scratch/spack_cpu/job_21700923/spack-stage/spack-stage-hdf5-1.10.7-xexa2gll6hf6okdatgrxiwhcjs2uepc7/spack-src/src/H5PB.c line 1032 in H5PB_write(): write through metadata accumulator failed
    major: Page Buffering
    minor: Write failed
  #010: /scratch/spack_cpu/job_21700923/spack-stage/spack-stage-hdf5-1.10.7-xexa2gll6hf6okdatgrxiwhcjs2uepc7/spack-src/src/H5Faccum.c line 824 in H5F__accum_write(): file write failed
    major: Low-level I/O
    minor: Write failed
  #011: /scratch/spack_cpu/job_21700923/spack-stage/spack-stage-hdf5-1.10.7-xexa2gll6hf6okdatgrxiwhcjs2uepc7/spack-src/src/H5FDint.c line 249 in H5FD_write(): driver write request failed
    major: Virtual File Layer
    minor: Write failed
  #012: /scratch/spack_cpu/job_21700923/spack-stage/spack-stage-hdf5-1.10.7-xexa2gll6hf6okdatgrxiwhcjs2uepc7/spack-src/src/H5FDsec2.c line 856 in H5FD__sec2_write(): file write failed: time = Wed Nov 19 08:47:02 2025
, filename = 'checkpoint.h5', file descriptor = 5, errno = 14, error message = 'Bad address', buf = 0x1555537c4000, total write size = 15969552, bytes this sub-write = 15969552, bytes actually written = 18446744073709551615, offset = 0
    major: Low-level I/O
    minor: Write failed
HDF5-DIAG: Error detected in HDF5 (1.10.7) thread 0:
  #000: /scratch/spack_cpu/job_21700923/spack-stage/spack-stage-hdf5-1.10.7-xexa2gll6hf6okdatgrxiwhcjs2uepc7/spack-src/src/H5Dio.c line 335 in H5Dwrite(): can't write data
    major: Dataset
    minor: Write failed
  #001: /scratch/spack_cpu/job_21700923/spack-stage/spack-stage-hdf5-1.10.7-xexa2gll6hf6okdatgrxiwhcjs2uepc7/spack-src/src/H5Dio.c line 813 in H5D__write(): can't write data
    major: Dataset
    minor: Write failed
  #002: /scratch/spack_cpu/job_21700923/spack-stage/spack-stage-hdf5-1.10.7-xexa2gll6hf6okdatgrxiwhcjs2uepc7/spack-src/src/H5Dcontig.c line 659 in H5D__contig_write(): contiguous write failed
    major: Dataset
    minor: Write failed
  #003: /scratch/spack_cpu/job_21700923/spack-stage/spack-stage-hdf5-1.10.7-xexa2gll6hf6okdatgrxiwhcjs2uepc7/spack-src/src/H5Dselect.c line 321 in H5D__select_write(): write error
    major: Dataspace
    minor: Write failed
  #004: /scratch/spack_cpu/job_21700923/spack-stage/spack-stage-hdf5-1.10.7-xexa2gll6hf6okdatgrxiwhcjs2uepc7/spack-src/src/H5Dselect.c line 230 in H5D__select_io(): write error
    major: Dataspace
    minor: Write failed
  #005: /scratch/spack_cpu/job_21700923/spack-stage/spack-stage-hdf5-1.10.7-xexa2gll6hf6okdatgrxiwhcjs2uepc7/spack-src/src/H5Dcontig.c line 1281 in H5D__contig_writevv(): can't perform vectorized sieve buffer write
    major: Dataset
    minor: Can't operate on object
  #006: /scratch/spack_cpu/job_21700923/spack-stage/spack-stage-hdf5-1.10.7-xexa2gll6hf6okdatgrxiwhcjs2uepc7/spack-src/src/H5VM.c line 1464 in H5VM_opvv(): can't perform operation
    major: Internal error (too specific to document in detail)
    minor: Can't operate on object
  #007: /scratch/spack_cpu/job_21700923/spack-stage/spack-stage-hdf5-1.10.7-xexa2gll6hf6okdatgrxiwhcjs2uepc7/spack-src/src/H5Dcontig.c line 1029 in H5D__contig_writevv_sieve_cb(): block write failed
    major: Dataset
    minor: Write failed
  #008: /scratch/spack_cpu/job_21700923/spack-stage/spack-stage-hdf5-1.10.7-xexa2gll6hf6okdatgrxiwhcjs2uepc7/spack-src/src/H5Fio.c line 161 in H5F_block_write(): write through page buffer failed
    major: Low-level I/O
    minor: Write failed
  #009: /scratch/spack_cpu/job_21700923/spack-stage/spack-stage-hdf5-1.10.7-xexa2gll6hf6okdatgrxiwhcjs2uepc7/spack-src/src/H5PB.c line 1032 in H5PB_write(): write through metadata accumulator failed
    major: Page Buffering
    minor: Write failed
  #010: /scratch/spack_cpu/job_21700923/spack-stage/spack-stage-hdf5-1.10.7-xexa2gll6hf6okdatgrxiwhcjs2uepc7/spack-src/src/H5Faccum.c line 824 in H5F__accum_write(): file write failed
    major: Low-level I/O
    minor: Write failed
  #011: /scratch/spack_cpu/job_21700923/spack-stage/spack-stage-hdf5-1.10.7-xexa2gll6hf6okdatgrxiwhcjs2uepc7/spack-src/src/H5FDint.c line 249 in H5FD_write(): driver write request failed
    major: Virtual File Layer
    minor: Write failed
  #012: /scratch/spack_cpu/job_21700923/spack-stage/spack-stage-hdf5-1.10.7-xexa2gll6hf6okdatgrxiwhcjs2uepc7/spack-src/src/H5FDsec2.c line 856 in H5FD__sec2_write(): file write failed: time = Wed Nov 19 08:47:13 2025
, filename = 'checkpoint.h5', file descriptor = 5, errno = 14, error message = 'Bad address', buf = 0x1555537c4000, total write size = 15969552, bytes this sub-write = 15969552, bytes actually written = 18446744073709551615, offset = 0
    major: Low-level I/O
    minor: Write failed
HDF5-DIAG: Error detected in HDF5 (1.10.7) thread 0:
  #000: /scratch/spack_cpu/job_21700923/spack-stage/spack-stage-hdf5-1.10.7-xexa2gll6hf6okdatgrxiwhcjs2uepc7/spack-src/src/H5Dio.c line 335 in H5Dwrite(): can't write data
    major: Dataset
    minor: Write failed
  #001: /scratch/spack_cpu/job_21700923/spack-stage/spack-stage-hdf5-1.10.7-xexa2gll6hf6okdatgrxiwhcjs2uepc7/spack-src/src/H5Dio.c line 813 in H5D__write(): can't write data
    major: Dataset
    minor: Write failed
  #002: /scratch/spack_cpu/job_21700923/spack-stage/spack-stage-hdf5-1.10.7-xexa2gll6hf6okdatgrxiwhcjs2uepc7/spack-src/src/H5Dcontig.c line 659 in H5D__contig_write(): contiguous write failed
    major: Dataset
    minor: Write failed
  #003: /scratch/spack_cpu/job_21700923/spack-stage/spack-stage-hdf5-1.10.7-xexa2gll6hf6okdatgrxiwhcjs2uepc7/spack-src/src/H5Dselect.c line 321 in H5D__select_write(): write error
    major: Dataspace
    minor: Write failed
  #004: /scratch/spack_cpu/job_21700923/spack-stage/spack-stage-hdf5-1.10.7-xexa2gll6hf6okdatgrxiwhcjs2uepc7/spack-src/src/H5Dselect.c line 230 in H5D__select_io(): write error
    major: Dataspace
    minor: Write failed
  #005: /scratch/spack_cpu/job_21700923/spack-stage/spack-stage-hdf5-1.10.7-xexa2gll6hf6okdatgrxiwhcjs2uepc7/spack-src/src/H5Dcontig.c line 1281 in H5D__contig_writevv(): can't perform vectorized sieve buffer write
    major: Dataset
    minor: Can't operate on object
  #006: /scratch/spack_cpu/job_21700923/spack-stage/spack-stage-hdf5-1.10.7-xexa2gll6hf6okdatgrxiwhcjs2uepc7/spack-src/src/H5VM.c line 1464 in H5VM_opvv(): can't perform operation
    major: Internal error (too specific to document in detail)
    minor: Can't operate on object
  #007: /scratch/spack_cpu/job_21700923/spack-stage/spack-stage-hdf5-1.10.7-xexa2gll6hf6okdatgrxiwhcjs2uepc7/spack-src/src/H5Dcontig.c line 1029 in H5D__contig_writevv_sieve_cb(): block write failed
    major: Dataset
    minor: Write failed
  #008: /scratch/spack_cpu/job_21700923/spack-stage/spack-stage-hdf5-1.10.7-xexa2gll6hf6okdatgrxiwhcjs2uepc7/spack-src/src/H5Fio.c line 161 in H5F_block_write(): write through page buffer failed
    major: Low-level I/O
    minor: Write failed
  #009: /scratch/spack_cpu/job_21700923/spack-stage/spack-stage-hdf5-1.10.7-xexa2gll6hf6okdatgrxiwhcjs2uepc7/spack-src/src/H5PB.c line 1032 in H5PB_write(): write through metadata accumulator failed
    major: Page Buffering
    minor: Write failed
  #010: /scratch/spack_cpu/job_21700923/spack-stage/spack-stage-hdf5-1.10.7-xexa2gll6hf6okdatgrxiwhcjs2uepc7/spack-src/src/H5Faccum.c line 824 in H5F__accum_write(): file write failed
    major: Low-level I/O
    minor: Write failed
  #011: /scratch/spack_cpu/job_21700923/spack-stage/spack-stage-hdf5-1.10.7-xexa2gll6hf6okdatgrxiwhcjs2uepc7/spack-src/src/H5FDint.c line 249 in H5FD_write(): driver write request failed
    major: Virtual File Layer
    minor: Write failed
  #012: /scratch/spack_cpu/job_21700923/spack-stage/spack-stage-hdf5-1.10.7-xexa2gll6hf6okdatgrxiwhcjs2uepc7/spack-src/src/H5FDsec2.c line 856 in H5FD__sec2_write(): file write failed: time = Wed Nov 19 08:47:23 2025
, filename = 'checkpoint.h5', file descriptor = 5, errno = 14, error message = 'Bad address', buf = 0x1555537c4000, total write size = 15969552, bytes this sub-write = 15969552, bytes actually written = 18446744073709551615, offset = 0
    major: Low-level I/O
    minor: Write failed
HDF5-DIAG: Error detected in HDF5 (1.10.7) thread 0:
  #000: /scratch/spack_cpu/job_21700923/spack-stage/spack-stage-hdf5-1.10.7-xexa2gll6hf6okdatgrxiwhcjs2uepc7/spack-src/src/H5Dio.c line 335 in H5Dwrite(): can't write data
    major: Dataset
    minor: Write failed
  #001: /scratch/spack_cpu/job_21700923/spack-stage/spack-stage-hdf5-1.10.7-xexa2gll6hf6okdatgrxiwhcjs2uepc7/spack-src/src/H5Dio.c line 813 in H5D__write(): can't write data
    major: Dataset
    minor: Write failed
  #002: /scratch/spack_cpu/job_21700923/spack-stage/spack-stage-hdf5-1.10.7-xexa2gll6hf6okdatgrxiwhcjs2uepc7/spack-src/src/H5Dcontig.c line 659 in H5D__contig_write(): contiguous write failed
    major: Dataset
    minor: Write failed
  #003: /scratch/spack_cpu/job_21700923/spack-stage/spack-stage-hdf5-1.10.7-xexa2gll6hf6okdatgrxiwhcjs2uepc7/spack-src/src/H5Dselect.c line 321 in H5D__select_write(): write error
    major: Dataspace
    minor: Write failed
  #004: /scratch/spack_cpu/job_21700923/spack-stage/spack-stage-hdf5-1.10.7-xexa2gll6hf6okdatgrxiwhcjs2uepc7/spack-src/src/H5Dselect.c line 230 in H5D__select_io(): write error
    major: Dataspace
    minor: Write failed
  #005: /scratch/spack_cpu/job_21700923/spack-stage/spack-stage-hdf5-1.10.7-xexa2gll6hf6okdatgrxiwhcjs2uepc7/spack-src/src/H5Dcontig.c line 1281 in H5D__contig_writevv(): can't perform vectorized sieve buffer write
    major: Dataset
    minor: Can't operate on object
  #006: /scratch/spack_cpu/job_21700923/spack-stage/spack-stage-hdf5-1.10.7-xexa2gll6hf6okdatgrxiwhcjs2uepc7/spack-src/src/H5VM.c line 1464 in H5VM_opvv(): can't perform operation
    major: Internal error (too specific to document in detail)
    minor: Can't operate on object
  #007: /scratch/spack_cpu/job_21700923/spack-stage/spack-stage-hdf5-1.10.7-xexa2gll6hf6okdatgrxiwhcjs2uepc7/spack-src/src/H5Dcontig.c line 1029 in H5D__contig_writevv_sieve_cb(): block write failed
    major: Dataset
    minor: Write failed
  #008: /scratch/spack_cpu/job_21700923/spack-stage/spack-stage-hdf5-1.10.7-xexa2gll6hf6okdatgrxiwhcjs2uepc7/spack-src/src/H5Fio.c line 161 in H5F_block_write(): write through page buffer failed
    major: Low-level I/O
    minor: Write failed
  #009: /scratch/spack_cpu/job_21700923/spack-stage/spack-stage-hdf5-1.10.7-xexa2gll6hf6okdatgrxiwhcjs2uepc7/spack-src/src/H5PB.c line 1032 in H5PB_write(): write through metadata accumulator failed
    major: Page Buffering
    minor: Write failed
  #010: /scratch/spack_cpu/job_21700923/spack-stage/spack-stage-hdf5-1.10.7-xexa2gll6hf6okdatgrxiwhcjs2uepc7/spack-src/src/H5Faccum.c line 824 in H5F__accum_write(): file write failed
    major: Low-level I/O
    minor: Write failed
  #011: /scratch/spack_cpu/job_21700923/spack-stage/spack-stage-hdf5-1.10.7-xexa2gll6hf6okdatgrxiwhcjs2uepc7/spack-src/src/H5FDint.c line 249 in H5FD_write(): driver write request failed
    major: Virtual File Layer
    minor: Write failed
  #012: /scratch/spack_cpu/job_21700923/spack-stage/spack-stage-hdf5-1.10.7-xexa2gll6hf6okdatgrxiwhcjs2uepc7/spack-src/src/H5FDsec2.c line 856 in H5FD__sec2_write(): file write failed: time = Wed Nov 19 08:47:34 2025
, filename = 'checkpoint.h5', file descriptor = 5, errno = 14, error message = 'Bad address', buf = 0x1555537c4000, total write size = 15969552, bytes this sub-write = 15969552, bytes actually written = 18446744073709551615, offset = 0
    major: Low-level I/O
    minor: Write failed
HDF5-DIAG: Error detected in HDF5 (1.10.7) thread 0:
  #000: /scratch/spack_cpu/job_21700923/spack-stage/spack-stage-hdf5-1.10.7-xexa2gll6hf6okdatgrxiwhcjs2uepc7/spack-src/src/H5Dio.c line 335 in H5Dwrite(): can't write data
    major: Dataset
    minor: Write failed
  #001: /scratch/spack_cpu/job_21700923/spack-stage/spack-stage-hdf5-1.10.7-xexa2gll6hf6okdatgrxiwhcjs2uepc7/spack-src/src/H5Dio.c line 813 in H5D__write(): can't write data
    major: Dataset
    minor: Write failed
  #002: /scratch/spack_cpu/job_21700923/spack-stage/spack-stage-hdf5-1.10.7-xexa2gll6hf6okdatgrxiwhcjs2uepc7/spack-src/src/H5Dcontig.c line 659 in H5D__contig_write(): contiguous write failed
    major: Dataset
    minor: Write failed
  #003: /scratch/spack_cpu/job_21700923/spack-stage/spack-stage-hdf5-1.10.7-xexa2gll6hf6okdatgrxiwhcjs2uepc7/spack-src/src/H5Dselect.c line 321 in H5D__select_write(): write error
    major: Dataspace
    minor: Write failed
  #004: /scratch/spack_cpu/job_21700923/spack-stage/spack-stage-hdf5-1.10.7-xexa2gll6hf6okdatgrxiwhcjs2uepc7/spack-src/src/H5Dselect.c line 230 in H5D__select_io(): write error
    major: Dataspace
    minor: Write failed
  #005: /scratch/spack_cpu/job_21700923/spack-stage/spack-stage-hdf5-1.10.7-xexa2gll6hf6okdatgrxiwhcjs2uepc7/spack-src/src/H5Dcontig.c line 1281 in H5D__contig_writevv(): can't perform vectorized sieve buffer write
    major: Dataset
    minor: Can't operate on object
  #006: /scratch/spack_cpu/job_21700923/spack-stage/spack-stage-hdf5-1.10.7-xexa2gll6hf6okdatgrxiwhcjs2uepc7/spack-src/src/H5VM.c line 1464 in H5VM_opvv(): can't perform operation
    major: Internal error (too specific to document in detail)
    minor: Can't operate on object
  #007: /scratch/spack_cpu/job_21700923/spack-stage/spack-stage-hdf5-1.10.7-xexa2gll6hf6okdatgrxiwhcjs2uepc7/spack-src/src/H5Dcontig.c line 1029 in H5D__contig_writevv_sieve_cb(): block write failed
    major: Dataset
    minor: Write failed
  #008: /scratch/spack_cpu/job_21700923/spack-stage/spack-stage-hdf5-1.10.7-xexa2gll6hf6okdatgrxiwhcjs2uepc7/spack-src/src/H5Fio.c line 161 in H5F_block_write(): write through page buffer failed
    major: Low-level I/O
    minor: Write failed
  #009: /scratch/spack_cpu/job_21700923/spack-stage/spack-stage-hdf5-1.10.7-xexa2gll6hf6okdatgrxiwhcjs2uepc7/spack-src/src/H5PB.c line 1032 in H5PB_write(): write through metadata accumulator failed
    major: Page Buffering
    minor: Write failed
  #010: /scratch/spack_cpu/job_21700923/spack-stage/spack-stage-hdf5-1.10.7-xexa2gll6hf6okdatgrxiwhcjs2uepc7/spack-src/src/H5Faccum.c line 824 in H5F__accum_write(): file write failed
    major: Low-level I/O
    minor: Write failed
  #011: /scratch/spack_cpu/job_21700923/spack-stage/spack-stage-hdf5-1.10.7-xexa2gll6hf6okdatgrxiwhcjs2uepc7/spack-src/src/H5FDint.c line 249 in H5FD_write(): driver write request failed
    major: Virtual File Layer
    minor: Write failed
  #012: /scratch/spack_cpu/job_21700923/spack-stage/spack-stage-hdf5-1.10.7-xexa2gll6hf6okdatgrxiwhcjs2uepc7/spack-src/src/H5FDsec2.c line 856 in H5FD__sec2_write(): file write failed: time = Wed Nov 19 08:47:46 2025
, filename = 'checkpoint.h5', file descriptor = 5, errno = 14, error message = 'Bad address', buf = 0x1555537c4000, total write size = 15969552, bytes this sub-write = 15969552, bytes actually written = 18446744073709551615, offset = 0
    major: Low-level I/O
    minor: Write failed
HDF5-DIAG: Error detected in HDF5 (1.10.7) thread 0:
  #000: /scratch/spack_cpu/job_21700923/spack-stage/spack-stage-hdf5-1.10.7-xexa2gll6hf6okdatgrxiwhcjs2uepc7/spack-src/src/H5Dio.c line 335 in H5Dwrite(): can't write data
    major: Dataset
    minor: Write failed
  #001: /scratch/spack_cpu/job_21700923/spack-stage/spack-stage-hdf5-1.10.7-xexa2gll6hf6okdatgrxiwhcjs2uepc7/spack-src/src/H5Dio.c line 813 in H5D__write(): can't write data
    major: Dataset
    minor: Write failed
  #002: /scratch/spack_cpu/job_21700923/spack-stage/spack-stage-hdf5-1.10.7-xexa2gll6hf6okdatgrxiwhcjs2uepc7/spack-src/src/H5Dcontig.c line 659 in H5D__contig_write(): contiguous write failed
    major: Dataset
    minor: Write failed
  #003: /scratch/spack_cpu/job_21700923/spack-stage/spack-stage-hdf5-1.10.7-xexa2gll6hf6okdatgrxiwhcjs2uepc7/spack-src/src/H5Dselect.c line 321 in H5D__select_write(): write error
    major: Dataspace
    minor: Write failed
  #004: /scratch/spack_cpu/job_21700923/spack-stage/spack-stage-hdf5-1.10.7-xexa2gll6hf6okdatgrxiwhcjs2uepc7/spack-src/src/H5Dselect.c line 230 in H5D__select_io(): write error
    major: Dataspace
    minor: Write failed
  #005: /scratch/spack_cpu/job_21700923/spack-stage/spack-stage-hdf5-1.10.7-xexa2gll6hf6okdatgrxiwhcjs2uepc7/spack-src/src/H5Dcontig.c line 1281 in H5D__contig_writevv(): can't perform vectorized sieve buffer write
    major: Dataset
    minor: Can't operate on object
  #006: /scratch/spack_cpu/job_21700923/spack-stage/spack-stage-hdf5-1.10.7-xexa2gll6hf6okdatgrxiwhcjs2uepc7/spack-src/src/H5VM.c line 1464 in H5VM_opvv(): can't perform operation
    major: Internal error (too specific to document in detail)
    minor: Can't operate on object
  #007: /scratch/spack_cpu/job_21700923/spack-stage/spack-stage-hdf5-1.10.7-xexa2gll6hf6okdatgrxiwhcjs2uepc7/spack-src/src/H5Dcontig.c line 1029 in H5D__contig_writevv_sieve_cb(): block write failed
    major: Dataset
    minor: Write failed
  #008: /scratch/spack_cpu/job_21700923/spack-stage/spack-stage-hdf5-1.10.7-xexa2gll6hf6okdatgrxiwhcjs2uepc7/spack-src/src/H5Fio.c line 161 in H5F_block_write(): write through page buffer failed
    major: Low-level I/O
    minor: Write failed
  #009: /scratch/spack_cpu/job_21700923/spack-stage/spack-stage-hdf5-1.10.7-xexa2gll6hf6okdatgrxiwhcjs2uepc7/spack-src/src/H5PB.c line 1032 in H5PB_write(): write through metadata accumulator failed
    major: Page Buffering
    minor: Write failed
  #010: /scratch/spack_cpu/job_21700923/spack-stage/spack-stage-hdf5-1.10.7-xexa2gll6hf6okdatgrxiwhcjs2uepc7/spack-src/src/H5Faccum.c line 824 in H5F__accum_write(): file write failed
    major: Low-level I/O
    minor: Write failed
  #011: /scratch/spack_cpu/job_21700923/spack-stage/spack-stage-hdf5-1.10.7-xexa2gll6hf6okdatgrxiwhcjs2uepc7/spack-src/src/H5FDint.c line 249 in H5FD_write(): driver write request failed
    major: Virtual File Layer
    minor: Write failed
  #012: /scratch/spack_cpu/job_21700923/spack-stage/spack-stage-hdf5-1.10.7-xexa2gll6hf6okdatgrxiwhcjs2uepc7/spack-src/src/H5FDsec2.c line 856 in H5FD__sec2_write(): file write failed: time = Wed Nov 19 08:47:57 2025
, filename = 'checkpoint.h5', file descriptor = 5, errno = 14, error message = 'Bad address', buf = 0x1555537c4000, total write size = 15969552, bytes this sub-write = 15969552, bytes actually written = 18446744073709551615, offset = 0
    major: Low-level I/O
    minor: Write failed
Simulation time: 39.3 min
