Resetting modules to system default. Reseting $MODULEPATH back to system default. All extra directories will be removed from $MODULEPATH.
Total Mass: 2.9763e+10
Boyd ZL0: 224.971
kI: 5.4137e-07
kD: 831.352
kT: 1e+09
HDF5-DIAG: Error detected in HDF5 (1.10.7) thread 0:
  #000: /scratch/spack_cpu/job_21700923/spack-stage/spack-stage-hdf5-1.10.7-xexa2gll6hf6okdatgrxiwhcjs2uepc7/spack-src/src/H5Dio.c line 335 in H5Dwrite(): can't write data
    major: Dataset
    minor: Write failed
  #001: /scratch/spack_cpu/job_21700923/spack-stage/spack-stage-hdf5-1.10.7-xexa2gll6hf6okdatgrxiwhcjs2uepc7/spack-src/src/H5Dio.c line 813 in H5D__write(): can't write data
    major: Dataset
    minor: Write failed
  #002: /scratch/spack_cpu/job_21700923/spack-stage/spack-stage-hdf5-1.10.7-xexa2gll6hf6okdatgrxiwhcjs2uepc7/spack-src/src/H5Dcontig.c line 659 in H5D__contig_write(): contiguous write failed
    major: Dataset
    minor: Write failed
  #003: /scratch/spack_cpu/job_21700923/spack-stage/spack-stage-hdf5-1.10.7-xexa2gll6hf6okdatgrxiwhcjs2uepc7/spack-src/src/H5Dselect.c line 321 in H5D__select_write(): write error
    major: Dataspace
    minor: Write failed
  #004: /scratch/spack_cpu/job_21700923/spack-stage/spack-stage-hdf5-1.10.7-xexa2gll6hf6okdatgrxiwhcjs2uepc7/spack-src/src/H5Dselect.c line 230 in H5D__select_io(): write error
    major: Dataspace
    minor: Write failed
  #005: /scratch/spack_cpu/job_21700923/spack-stage/spack-stage-hdf5-1.10.7-xexa2gll6hf6okdatgrxiwhcjs2uepc7/spack-src/src/H5Dcontig.c line 1281 in H5D__contig_writevv(): can't perform vectorized sieve buffer write
    major: Dataset
    minor: Can't operate on object
  #006: /scratch/spack_cpu/job_21700923/spack-stage/spack-stage-hdf5-1.10.7-xexa2gll6hf6okdatgrxiwhcjs2uepc7/spack-src/src/H5VM.c line 1464 in H5VM_opvv(): can't perform operation
    major: Internal error (too specific to document in detail)
    minor: Can't operate on object
  #007: /scratch/spack_cpu/job_21700923/spack-stage/spack-stage-hdf5-1.10.7-xexa2gll6hf6okdatgrxiwhcjs2uepc7/spack-src/src/H5Dcontig.c line 1029 in H5D__contig_writevv_sieve_cb(): block write failed
    major: Dataset
    minor: Write failed
  #008: /scratch/spack_cpu/job_21700923/spack-stage/spack-stage-hdf5-1.10.7-xexa2gll6hf6okdatgrxiwhcjs2uepc7/spack-src/src/H5Fio.c line 161 in H5F_block_write(): write through page buffer failed
    major: Low-level I/O
    minor: Write failed
  #009: /scratch/spack_cpu/job_21700923/spack-stage/spack-stage-hdf5-1.10.7-xexa2gll6hf6okdatgrxiwhcjs2uepc7/spack-src/src/H5PB.c line 1032 in H5PB_write(): write through metadata accumulator failed
    major: Page Buffering
    minor: Write failed
  #010: /scratch/spack_cpu/job_21700923/spack-stage/spack-stage-hdf5-1.10.7-xexa2gll6hf6okdatgrxiwhcjs2uepc7/spack-src/src/H5Faccum.c line 824 in H5F__accum_write(): file write failed
    major: Low-level I/O
    minor: Write failed
  #011: /scratch/spack_cpu/job_21700923/spack-stage/spack-stage-hdf5-1.10.7-xexa2gll6hf6okdatgrxiwhcjs2uepc7/spack-src/src/H5FDint.c line 249 in H5FD_write(): driver write request failed
    major: Virtual File Layer
    minor: Write failed
  #012: /scratch/spack_cpu/job_21700923/spack-stage/spack-stage-hdf5-1.10.7-xexa2gll6hf6okdatgrxiwhcjs2uepc7/spack-src/src/H5FDsec2.c line 856 in H5FD__sec2_write(): file write failed: time = Wed Nov 19 08:08:43 2025
, filename = 'checkpoint.h5', file descriptor = 5, errno = 14, error message = 'Bad address', buf = 0x1555537c4000, total write size = 15969552, bytes this sub-write = 15969552, bytes actually written = 18446744073709551615, offset = 0
    major: Low-level I/O
    minor: Write failed
HDF5-DIAG: Error detected in HDF5 (1.10.7) thread 0:
  #000: /scratch/spack_cpu/job_21700923/spack-stage/spack-stage-hdf5-1.10.7-xexa2gll6hf6okdatgrxiwhcjs2uepc7/spack-src/src/H5Dio.c line 335 in H5Dwrite(): can't write data
    major: Dataset
    minor: Write failed
  #001: /scratch/spack_cpu/job_21700923/spack-stage/spack-stage-hdf5-1.10.7-xexa2gll6hf6okdatgrxiwhcjs2uepc7/spack-src/src/H5Dio.c line 813 in H5D__write(): can't write data
    major: Dataset
    minor: Write failed
  #002: /scratch/spack_cpu/job_21700923/spack-stage/spack-stage-hdf5-1.10.7-xexa2gll6hf6okdatgrxiwhcjs2uepc7/spack-src/src/H5Dcontig.c line 659 in H5D__contig_write(): contiguous write failed
    major: Dataset
    minor: Write failed
  #003: /scratch/spack_cpu/job_21700923/spack-stage/spack-stage-hdf5-1.10.7-xexa2gll6hf6okdatgrxiwhcjs2uepc7/spack-src/src/H5Dselect.c line 321 in H5D__select_write(): write error
    major: Dataspace
    minor: Write failed
  #004: /scratch/spack_cpu/job_21700923/spack-stage/spack-stage-hdf5-1.10.7-xexa2gll6hf6okdatgrxiwhcjs2uepc7/spack-src/src/H5Dselect.c line 230 in H5D__select_io(): write error
    major: Dataspace
    minor: Write failed
  #005: /scratch/spack_cpu/job_21700923/spack-stage/spack-stage-hdf5-1.10.7-xexa2gll6hf6okdatgrxiwhcjs2uepc7/spack-src/src/H5Dcontig.c line 1281 in H5D__contig_writevv(): can't perform vectorized sieve buffer write
    major: Dataset
    minor: Can't operate on object
  #006: /scratch/spack_cpu/job_21700923/spack-stage/spack-stage-hdf5-1.10.7-xexa2gll6hf6okdatgrxiwhcjs2uepc7/spack-src/src/H5VM.c line 1464 in H5VM_opvv(): can't perform operation
    major: Internal error (too specific to document in detail)
    minor: Can't operate on object
  #007: /scratch/spack_cpu/job_21700923/spack-stage/spack-stage-hdf5-1.10.7-xexa2gll6hf6okdatgrxiwhcjs2uepc7/spack-src/src/H5Dcontig.c line 1029 in H5D__contig_writevv_sieve_cb(): block write failed
    major: Dataset
    minor: Write failed
  #008: /scratch/spack_cpu/job_21700923/spack-stage/spack-stage-hdf5-1.10.7-xexa2gll6hf6okdatgrxiwhcjs2uepc7/spack-src/src/H5Fio.c line 161 in H5F_block_write(): write through page buffer failed
    major: Low-level I/O
    minor: Write failed
  #009: /scratch/spack_cpu/job_21700923/spack-stage/spack-stage-hdf5-1.10.7-xexa2gll6hf6okdatgrxiwhcjs2uepc7/spack-src/src/H5PB.c line 1032 in H5PB_write(): write through metadata accumulator failed
    major: Page Buffering
    minor: Write failed
  #010: /scratch/spack_cpu/job_21700923/spack-stage/spack-stage-hdf5-1.10.7-xexa2gll6hf6okdatgrxiwhcjs2uepc7/spack-src/src/H5Faccum.c line 824 in H5F__accum_write(): file write failed
    major: Low-level I/O
    minor: Write failed
  #011: /scratch/spack_cpu/job_21700923/spack-stage/spack-stage-hdf5-1.10.7-xexa2gll6hf6okdatgrxiwhcjs2uepc7/spack-src/src/H5FDint.c line 249 in H5FD_write(): driver write request failed
    major: Virtual File Layer
    minor: Write failed
  #012: /scratch/spack_cpu/job_21700923/spack-stage/spack-stage-hdf5-1.10.7-xexa2gll6hf6okdatgrxiwhcjs2uepc7/spack-src/src/H5FDsec2.c line 856 in H5FD__sec2_write(): file write failed: time = Wed Nov 19 08:08:51 2025
, filename = 'checkpoint.h5', file descriptor = 5, errno = 14, error message = 'Bad address', buf = 0x1555537c4000, total write size = 15969552, bytes this sub-write = 15969552, bytes actually written = 18446744073709551615, offset = 0
    major: Low-level I/O
    minor: Write failed
HDF5-DIAG: Error detected in HDF5 (1.10.7) thread 0:
  #000: /scratch/spack_cpu/job_21700923/spack-stage/spack-stage-hdf5-1.10.7-xexa2gll6hf6okdatgrxiwhcjs2uepc7/spack-src/src/H5Dio.c line 335 in H5Dwrite(): can't write data
    major: Dataset
    minor: Write failed
  #001: /scratch/spack_cpu/job_21700923/spack-stage/spack-stage-hdf5-1.10.7-xexa2gll6hf6okdatgrxiwhcjs2uepc7/spack-src/src/H5Dio.c line 813 in H5D__write(): can't write data
    major: Dataset
    minor: Write failed
  #002: /scratch/spack_cpu/job_21700923/spack-stage/spack-stage-hdf5-1.10.7-xexa2gll6hf6okdatgrxiwhcjs2uepc7/spack-src/src/H5Dcontig.c line 659 in H5D__contig_write(): contiguous write failed
    major: Dataset
    minor: Write failed
  #003: /scratch/spack_cpu/job_21700923/spack-stage/spack-stage-hdf5-1.10.7-xexa2gll6hf6okdatgrxiwhcjs2uepc7/spack-src/src/H5Dselect.c line 321 in H5D__select_write(): write error
    major: Dataspace
    minor: Write failed
  #004: /scratch/spack_cpu/job_21700923/spack-stage/spack-stage-hdf5-1.10.7-xexa2gll6hf6okdatgrxiwhcjs2uepc7/spack-src/src/H5Dselect.c line 230 in H5D__select_io(): write error
    major: Dataspace
    minor: Write failed
  #005: /scratch/spack_cpu/job_21700923/spack-stage/spack-stage-hdf5-1.10.7-xexa2gll6hf6okdatgrxiwhcjs2uepc7/spack-src/src/H5Dcontig.c line 1281 in H5D__contig_writevv(): can't perform vectorized sieve buffer write
    major: Dataset
    minor: Can't operate on object
  #006: /scratch/spack_cpu/job_21700923/spack-stage/spack-stage-hdf5-1.10.7-xexa2gll6hf6okdatgrxiwhcjs2uepc7/spack-src/src/H5VM.c line 1464 in H5VM_opvv(): can't perform operation
    major: Internal error (too specific to document in detail)
    minor: Can't operate on object
  #007: /scratch/spack_cpu/job_21700923/spack-stage/spack-stage-hdf5-1.10.7-xexa2gll6hf6okdatgrxiwhcjs2uepc7/spack-src/src/H5Dcontig.c line 1029 in H5D__contig_writevv_sieve_cb(): block write failed
    major: Dataset
    minor: Write failed
  #008: /scratch/spack_cpu/job_21700923/spack-stage/spack-stage-hdf5-1.10.7-xexa2gll6hf6okdatgrxiwhcjs2uepc7/spack-src/src/H5Fio.c line 161 in H5F_block_write(): write through page buffer failed
    major: Low-level I/O
    minor: Write failed
  #009: /scratch/spack_cpu/job_21700923/spack-stage/spack-stage-hdf5-1.10.7-xexa2gll6hf6okdatgrxiwhcjs2uepc7/spack-src/src/H5PB.c line 1032 in H5PB_write(): write through metadata accumulator failed
    major: Page Buffering
    minor: Write failed
  #010: /scratch/spack_cpu/job_21700923/spack-stage/spack-stage-hdf5-1.10.7-xexa2gll6hf6okdatgrxiwhcjs2uepc7/spack-src/src/H5Faccum.c line 824 in H5F__accum_write(): file write failed
    major: Low-level I/O
    minor: Write failed
  #011: /scratch/spack_cpu/job_21700923/spack-stage/spack-stage-hdf5-1.10.7-xexa2gll6hf6okdatgrxiwhcjs2uepc7/spack-src/src/H5FDint.c line 249 in H5FD_write(): driver write request failed
    major: Virtual File Layer
    minor: Write failed
  #012: /scratch/spack_cpu/job_21700923/spack-stage/spack-stage-hdf5-1.10.7-xexa2gll6hf6okdatgrxiwhcjs2uepc7/spack-src/src/H5FDsec2.c line 856 in H5FD__sec2_write(): file write failed: time = Wed Nov 19 08:08:58 2025
, filename = 'checkpoint.h5', file descriptor = 5, errno = 14, error message = 'Bad address', buf = 0x1555537c4000, total write size = 15969552, bytes this sub-write = 15969552, bytes actually written = 18446744073709551615, offset = 0
    major: Low-level I/O
    minor: Write failed
HDF5-DIAG: Error detected in HDF5 (1.10.7) thread 0:
  #000: /scratch/spack_cpu/job_21700923/spack-stage/spack-stage-hdf5-1.10.7-xexa2gll6hf6okdatgrxiwhcjs2uepc7/spack-src/src/H5Dio.c line 335 in H5Dwrite(): can't write data
    major: Dataset
    minor: Write failed
  #001: /scratch/spack_cpu/job_21700923/spack-stage/spack-stage-hdf5-1.10.7-xexa2gll6hf6okdatgrxiwhcjs2uepc7/spack-src/src/H5Dio.c line 813 in H5D__write(): can't write data
    major: Dataset
    minor: Write failed
  #002: /scratch/spack_cpu/job_21700923/spack-stage/spack-stage-hdf5-1.10.7-xexa2gll6hf6okdatgrxiwhcjs2uepc7/spack-src/src/H5Dcontig.c line 659 in H5D__contig_write(): contiguous write failed
    major: Dataset
    minor: Write failed
  #003: /scratch/spack_cpu/job_21700923/spack-stage/spack-stage-hdf5-1.10.7-xexa2gll6hf6okdatgrxiwhcjs2uepc7/spack-src/src/H5Dselect.c line 321 in H5D__select_write(): write error
    major: Dataspace
    minor: Write failed
  #004: /scratch/spack_cpu/job_21700923/spack-stage/spack-stage-hdf5-1.10.7-xexa2gll6hf6okdatgrxiwhcjs2uepc7/spack-src/src/H5Dselect.c line 230 in H5D__select_io(): write error
    major: Dataspace
    minor: Write failed
  #005: /scratch/spack_cpu/job_21700923/spack-stage/spack-stage-hdf5-1.10.7-xexa2gll6hf6okdatgrxiwhcjs2uepc7/spack-src/src/H5Dcontig.c line 1281 in H5D__contig_writevv(): can't perform vectorized sieve buffer write
    major: Dataset
    minor: Can't operate on object
  #006: /scratch/spack_cpu/job_21700923/spack-stage/spack-stage-hdf5-1.10.7-xexa2gll6hf6okdatgrxiwhcjs2uepc7/spack-src/src/H5VM.c line 1464 in H5VM_opvv(): can't perform operation
    major: Internal error (too specific to document in detail)
    minor: Can't operate on object
  #007: /scratch/spack_cpu/job_21700923/spack-stage/spack-stage-hdf5-1.10.7-xexa2gll6hf6okdatgrxiwhcjs2uepc7/spack-src/src/H5Dcontig.c line 1029 in H5D__contig_writevv_sieve_cb(): block write failed
    major: Dataset
    minor: Write failed
  #008: /scratch/spack_cpu/job_21700923/spack-stage/spack-stage-hdf5-1.10.7-xexa2gll6hf6okdatgrxiwhcjs2uepc7/spack-src/src/H5Fio.c line 161 in H5F_block_write(): write through page buffer failed
    major: Low-level I/O
    minor: Write failed
  #009: /scratch/spack_cpu/job_21700923/spack-stage/spack-stage-hdf5-1.10.7-xexa2gll6hf6okdatgrxiwhcjs2uepc7/spack-src/src/H5PB.c line 1032 in H5PB_write(): write through metadata accumulator failed
    major: Page Buffering
    minor: Write failed
  #010: /scratch/spack_cpu/job_21700923/spack-stage/spack-stage-hdf5-1.10.7-xexa2gll6hf6okdatgrxiwhcjs2uepc7/spack-src/src/H5Faccum.c line 824 in H5F__accum_write(): file write failed
    major: Low-level I/O
    minor: Write failed
  #011: /scratch/spack_cpu/job_21700923/spack-stage/spack-stage-hdf5-1.10.7-xexa2gll6hf6okdatgrxiwhcjs2uepc7/spack-src/src/H5FDint.c line 249 in H5FD_write(): driver write request failed
    major: Virtual File Layer
    minor: Write failed
  #012: /scratch/spack_cpu/job_21700923/spack-stage/spack-stage-hdf5-1.10.7-xexa2gll6hf6okdatgrxiwhcjs2uepc7/spack-src/src/H5FDsec2.c line 856 in H5FD__sec2_write(): file write failed: time = Wed Nov 19 08:09:07 2025
, filename = 'checkpoint.h5', file descriptor = 5, errno = 14, error message = 'Bad address', buf = 0x1555537c4000, total write size = 15969552, bytes this sub-write = 15969552, bytes actually written = 18446744073709551615, offset = 0
    major: Low-level I/O
    minor: Write failed
HDF5-DIAG: Error detected in HDF5 (1.10.7) thread 0:
  #000: /scratch/spack_cpu/job_21700923/spack-stage/spack-stage-hdf5-1.10.7-xexa2gll6hf6okdatgrxiwhcjs2uepc7/spack-src/src/H5Dio.c line 335 in H5Dwrite(): can't write data
    major: Dataset
    minor: Write failed
  #001: /scratch/spack_cpu/job_21700923/spack-stage/spack-stage-hdf5-1.10.7-xexa2gll6hf6okdatgrxiwhcjs2uepc7/spack-src/src/H5Dio.c line 813 in H5D__write(): can't write data
    major: Dataset
    minor: Write failed
  #002: /scratch/spack_cpu/job_21700923/spack-stage/spack-stage-hdf5-1.10.7-xexa2gll6hf6okdatgrxiwhcjs2uepc7/spack-src/src/H5Dcontig.c line 659 in H5D__contig_write(): contiguous write failed
    major: Dataset
    minor: Write failed
  #003: /scratch/spack_cpu/job_21700923/spack-stage/spack-stage-hdf5-1.10.7-xexa2gll6hf6okdatgrxiwhcjs2uepc7/spack-src/src/H5Dselect.c line 321 in H5D__select_write(): write error
    major: Dataspace
    minor: Write failed
  #004: /scratch/spack_cpu/job_21700923/spack-stage/spack-stage-hdf5-1.10.7-xexa2gll6hf6okdatgrxiwhcjs2uepc7/spack-src/src/H5Dselect.c line 230 in H5D__select_io(): write error
    major: Dataspace
    minor: Write failed
  #005: /scratch/spack_cpu/job_21700923/spack-stage/spack-stage-hdf5-1.10.7-xexa2gll6hf6okdatgrxiwhcjs2uepc7/spack-src/src/H5Dcontig.c line 1281 in H5D__contig_writevv(): can't perform vectorized sieve buffer write
    major: Dataset
    minor: Can't operate on object
  #006: /scratch/spack_cpu/job_21700923/spack-stage/spack-stage-hdf5-1.10.7-xexa2gll6hf6okdatgrxiwhcjs2uepc7/spack-src/src/H5VM.c line 1464 in H5VM_opvv(): can't perform operation
    major: Internal error (too specific to document in detail)
    minor: Can't operate on object
  #007: /scratch/spack_cpu/job_21700923/spack-stage/spack-stage-hdf5-1.10.7-xexa2gll6hf6okdatgrxiwhcjs2uepc7/spack-src/src/H5Dcontig.c line 1029 in H5D__contig_writevv_sieve_cb(): block write failed
    major: Dataset
    minor: Write failed
  #008: /scratch/spack_cpu/job_21700923/spack-stage/spack-stage-hdf5-1.10.7-xexa2gll6hf6okdatgrxiwhcjs2uepc7/spack-src/src/H5Fio.c line 161 in H5F_block_write(): write through page buffer failed
    major: Low-level I/O
    minor: Write failed
  #009: /scratch/spack_cpu/job_21700923/spack-stage/spack-stage-hdf5-1.10.7-xexa2gll6hf6okdatgrxiwhcjs2uepc7/spack-src/src/H5PB.c line 1032 in H5PB_write(): write through metadata accumulator failed
    major: Page Buffering
    minor: Write failed
  #010: /scratch/spack_cpu/job_21700923/spack-stage/spack-stage-hdf5-1.10.7-xexa2gll6hf6okdatgrxiwhcjs2uepc7/spack-src/src/H5Faccum.c line 824 in H5F__accum_write(): file write failed
    major: Low-level I/O
    minor: Write failed
  #011: /scratch/spack_cpu/job_21700923/spack-stage/spack-stage-hdf5-1.10.7-xexa2gll6hf6okdatgrxiwhcjs2uepc7/spack-src/src/H5FDint.c line 249 in H5FD_write(): driver write request failed
    major: Virtual File Layer
    minor: Write failed
  #012: /scratch/spack_cpu/job_21700923/spack-stage/spack-stage-hdf5-1.10.7-xexa2gll6hf6okdatgrxiwhcjs2uepc7/spack-src/src/H5FDsec2.c line 856 in H5FD__sec2_write(): file write failed: time = Wed Nov 19 08:09:14 2025
, filename = 'checkpoint.h5', file descriptor = 5, errno = 14, error message = 'Bad address', buf = 0x1555537c4000, total write size = 15969552, bytes this sub-write = 15969552, bytes actually written = 18446744073709551615, offset = 0
    major: Low-level I/O
    minor: Write failed
HDF5-DIAG: Error detected in HDF5 (1.10.7) thread 0:
  #000: /scratch/spack_cpu/job_21700923/spack-stage/spack-stage-hdf5-1.10.7-xexa2gll6hf6okdatgrxiwhcjs2uepc7/spack-src/src/H5Dio.c line 335 in H5Dwrite(): can't write data
    major: Dataset
    minor: Write failed
  #001: /scratch/spack_cpu/job_21700923/spack-stage/spack-stage-hdf5-1.10.7-xexa2gll6hf6okdatgrxiwhcjs2uepc7/spack-src/src/H5Dio.c line 813 in H5D__write(): can't write data
    major: Dataset
    minor: Write failed
  #002: /scratch/spack_cpu/job_21700923/spack-stage/spack-stage-hdf5-1.10.7-xexa2gll6hf6okdatgrxiwhcjs2uepc7/spack-src/src/H5Dcontig.c line 659 in H5D__contig_write(): contiguous write failed
    major: Dataset
    minor: Write failed
  #003: /scratch/spack_cpu/job_21700923/spack-stage/spack-stage-hdf5-1.10.7-xexa2gll6hf6okdatgrxiwhcjs2uepc7/spack-src/src/H5Dselect.c line 321 in H5D__select_write(): write error
    major: Dataspace
    minor: Write failed
  #004: /scratch/spack_cpu/job_21700923/spack-stage/spack-stage-hdf5-1.10.7-xexa2gll6hf6okdatgrxiwhcjs2uepc7/spack-src/src/H5Dselect.c line 230 in H5D__select_io(): write error
    major: Dataspace
    minor: Write failed
  #005: /scratch/spack_cpu/job_21700923/spack-stage/spack-stage-hdf5-1.10.7-xexa2gll6hf6okdatgrxiwhcjs2uepc7/spack-src/src/H5Dcontig.c line 1281 in H5D__contig_writevv(): can't perform vectorized sieve buffer write
    major: Dataset
    minor: Can't operate on object
  #006: /scratch/spack_cpu/job_21700923/spack-stage/spack-stage-hdf5-1.10.7-xexa2gll6hf6okdatgrxiwhcjs2uepc7/spack-src/src/H5VM.c line 1464 in H5VM_opvv(): can't perform operation
    major: Internal error (too specific to document in detail)
    minor: Can't operate on object
  #007: /scratch/spack_cpu/job_21700923/spack-stage/spack-stage-hdf5-1.10.7-xexa2gll6hf6okdatgrxiwhcjs2uepc7/spack-src/src/H5Dcontig.c line 1029 in H5D__contig_writevv_sieve_cb(): block write failed
    major: Dataset
    minor: Write failed
  #008: /scratch/spack_cpu/job_21700923/spack-stage/spack-stage-hdf5-1.10.7-xexa2gll6hf6okdatgrxiwhcjs2uepc7/spack-src/src/H5Fio.c line 161 in H5F_block_write(): write through page buffer failed
    major: Low-level I/O
    minor: Write failed
  #009: /scratch/spack_cpu/job_21700923/spack-stage/spack-stage-hdf5-1.10.7-xexa2gll6hf6okdatgrxiwhcjs2uepc7/spack-src/src/H5PB.c line 1032 in H5PB_write(): write through metadata accumulator failed
    major: Page Buffering
    minor: Write failed
  #010: /scratch/spack_cpu/job_21700923/spack-stage/spack-stage-hdf5-1.10.7-xexa2gll6hf6okdatgrxiwhcjs2uepc7/spack-src/src/H5Faccum.c line 824 in H5F__accum_write(): file write failed
    major: Low-level I/O
    minor: Write failed
  #011: /scratch/spack_cpu/job_21700923/spack-stage/spack-stage-hdf5-1.10.7-xexa2gll6hf6okdatgrxiwhcjs2uepc7/spack-src/src/H5FDint.c line 249 in H5FD_write(): driver write request failed
    major: Virtual File Layer
    minor: Write failed
  #012: /scratch/spack_cpu/job_21700923/spack-stage/spack-stage-hdf5-1.10.7-xexa2gll6hf6okdatgrxiwhcjs2uepc7/spack-src/src/H5FDsec2.c line 856 in H5FD__sec2_write(): file write failed: time = Wed Nov 19 08:09:22 2025
, filename = 'checkpoint.h5', file descriptor = 5, errno = 14, error message = 'Bad address', buf = 0x1555537c4000, total write size = 15969552, bytes this sub-write = 15969552, bytes actually written = 18446744073709551615, offset = 0
    major: Low-level I/O
    minor: Write failed
HDF5-DIAG: Error detected in HDF5 (1.10.7) thread 0:
  #000: /scratch/spack_cpu/job_21700923/spack-stage/spack-stage-hdf5-1.10.7-xexa2gll6hf6okdatgrxiwhcjs2uepc7/spack-src/src/H5Dio.c line 335 in H5Dwrite(): can't write data
    major: Dataset
    minor: Write failed
  #001: /scratch/spack_cpu/job_21700923/spack-stage/spack-stage-hdf5-1.10.7-xexa2gll6hf6okdatgrxiwhcjs2uepc7/spack-src/src/H5Dio.c line 813 in H5D__write(): can't write data
    major: Dataset
    minor: Write failed
  #002: /scratch/spack_cpu/job_21700923/spack-stage/spack-stage-hdf5-1.10.7-xexa2gll6hf6okdatgrxiwhcjs2uepc7/spack-src/src/H5Dcontig.c line 659 in H5D__contig_write(): contiguous write failed
    major: Dataset
    minor: Write failed
  #003: /scratch/spack_cpu/job_21700923/spack-stage/spack-stage-hdf5-1.10.7-xexa2gll6hf6okdatgrxiwhcjs2uepc7/spack-src/src/H5Dselect.c line 321 in H5D__select_write(): write error
    major: Dataspace
    minor: Write failed
  #004: /scratch/spack_cpu/job_21700923/spack-stage/spack-stage-hdf5-1.10.7-xexa2gll6hf6okdatgrxiwhcjs2uepc7/spack-src/src/H5Dselect.c line 230 in H5D__select_io(): write error
    major: Dataspace
    minor: Write failed
  #005: /scratch/spack_cpu/job_21700923/spack-stage/spack-stage-hdf5-1.10.7-xexa2gll6hf6okdatgrxiwhcjs2uepc7/spack-src/src/H5Dcontig.c line 1281 in H5D__contig_writevv(): can't perform vectorized sieve buffer write
    major: Dataset
    minor: Can't operate on object
  #006: /scratch/spack_cpu/job_21700923/spack-stage/spack-stage-hdf5-1.10.7-xexa2gll6hf6okdatgrxiwhcjs2uepc7/spack-src/src/H5VM.c line 1464 in H5VM_opvv(): can't perform operation
    major: Internal error (too specific to document in detail)
    minor: Can't operate on object
  #007: /scratch/spack_cpu/job_21700923/spack-stage/spack-stage-hdf5-1.10.7-xexa2gll6hf6okdatgrxiwhcjs2uepc7/spack-src/src/H5Dcontig.c line 1029 in H5D__contig_writevv_sieve_cb(): block write failed
    major: Dataset
    minor: Write failed
  #008: /scratch/spack_cpu/job_21700923/spack-stage/spack-stage-hdf5-1.10.7-xexa2gll6hf6okdatgrxiwhcjs2uepc7/spack-src/src/H5Fio.c line 161 in H5F_block_write(): write through page buffer failed
    major: Low-level I/O
    minor: Write failed
  #009: /scratch/spack_cpu/job_21700923/spack-stage/spack-stage-hdf5-1.10.7-xexa2gll6hf6okdatgrxiwhcjs2uepc7/spack-src/src/H5PB.c line 1032 in H5PB_write(): write through metadata accumulator failed
    major: Page Buffering
    minor: Write failed
  #010: /scratch/spack_cpu/job_21700923/spack-stage/spack-stage-hdf5-1.10.7-xexa2gll6hf6okdatgrxiwhcjs2uepc7/spack-src/src/H5Faccum.c line 824 in H5F__accum_write(): file write failed
    major: Low-level I/O
    minor: Write failed
  #011: /scratch/spack_cpu/job_21700923/spack-stage/spack-stage-hdf5-1.10.7-xexa2gll6hf6okdatgrxiwhcjs2uepc7/spack-src/src/H5FDint.c line 249 in H5FD_write(): driver write request failed
    major: Virtual File Layer
    minor: Write failed
  #012: /scratch/spack_cpu/job_21700923/spack-stage/spack-stage-hdf5-1.10.7-xexa2gll6hf6okdatgrxiwhcjs2uepc7/spack-src/src/H5FDsec2.c line 856 in H5FD__sec2_write(): file write failed: time = Wed Nov 19 08:09:29 2025
, filename = 'checkpoint.h5', file descriptor = 5, errno = 14, error message = 'Bad address', buf = 0x1555537c4000, total write size = 15969552, bytes this sub-write = 15969552, bytes actually written = 18446744073709551615, offset = 0
    major: Low-level I/O
    minor: Write failed
HDF5-DIAG: Error detected in HDF5 (1.10.7) thread 0:
  #000: /scratch/spack_cpu/job_21700923/spack-stage/spack-stage-hdf5-1.10.7-xexa2gll6hf6okdatgrxiwhcjs2uepc7/spack-src/src/H5Dio.c line 335 in H5Dwrite(): can't write data
    major: Dataset
    minor: Write failed
  #001: /scratch/spack_cpu/job_21700923/spack-stage/spack-stage-hdf5-1.10.7-xexa2gll6hf6okdatgrxiwhcjs2uepc7/spack-src/src/H5Dio.c line 813 in H5D__write(): can't write data
    major: Dataset
    minor: Write failed
  #002: /scratch/spack_cpu/job_21700923/spack-stage/spack-stage-hdf5-1.10.7-xexa2gll6hf6okdatgrxiwhcjs2uepc7/spack-src/src/H5Dcontig.c line 659 in H5D__contig_write(): contiguous write failed
    major: Dataset
    minor: Write failed
  #003: /scratch/spack_cpu/job_21700923/spack-stage/spack-stage-hdf5-1.10.7-xexa2gll6hf6okdatgrxiwhcjs2uepc7/spack-src/src/H5Dselect.c line 321 in H5D__select_write(): write error
    major: Dataspace
    minor: Write failed
  #004: /scratch/spack_cpu/job_21700923/spack-stage/spack-stage-hdf5-1.10.7-xexa2gll6hf6okdatgrxiwhcjs2uepc7/spack-src/src/H5Dselect.c line 230 in H5D__select_io(): write error
    major: Dataspace
    minor: Write failed
  #005: /scratch/spack_cpu/job_21700923/spack-stage/spack-stage-hdf5-1.10.7-xexa2gll6hf6okdatgrxiwhcjs2uepc7/spack-src/src/H5Dcontig.c line 1281 in H5D__contig_writevv(): can't perform vectorized sieve buffer write
    major: Dataset
    minor: Can't operate on object
  #006: /scratch/spack_cpu/job_21700923/spack-stage/spack-stage-hdf5-1.10.7-xexa2gll6hf6okdatgrxiwhcjs2uepc7/spack-src/src/H5VM.c line 1464 in H5VM_opvv(): can't perform operation
    major: Internal error (too specific to document in detail)
    minor: Can't operate on object
  #007: /scratch/spack_cpu/job_21700923/spack-stage/spack-stage-hdf5-1.10.7-xexa2gll6hf6okdatgrxiwhcjs2uepc7/spack-src/src/H5Dcontig.c line 1029 in H5D__contig_writevv_sieve_cb(): block write failed
    major: Dataset
    minor: Write failed
  #008: /scratch/spack_cpu/job_21700923/spack-stage/spack-stage-hdf5-1.10.7-xexa2gll6hf6okdatgrxiwhcjs2uepc7/spack-src/src/H5Fio.c line 161 in H5F_block_write(): write through page buffer failed
    major: Low-level I/O
    minor: Write failed
  #009: /scratch/spack_cpu/job_21700923/spack-stage/spack-stage-hdf5-1.10.7-xexa2gll6hf6okdatgrxiwhcjs2uepc7/spack-src/src/H5PB.c line 1032 in H5PB_write(): write through metadata accumulator failed
    major: Page Buffering
    minor: Write failed
  #010: /scratch/spack_cpu/job_21700923/spack-stage/spack-stage-hdf5-1.10.7-xexa2gll6hf6okdatgrxiwhcjs2uepc7/spack-src/src/H5Faccum.c line 824 in H5F__accum_write(): file write failed
    major: Low-level I/O
    minor: Write failed
  #011: /scratch/spack_cpu/job_21700923/spack-stage/spack-stage-hdf5-1.10.7-xexa2gll6hf6okdatgrxiwhcjs2uepc7/spack-src/src/H5FDint.c line 249 in H5FD_write(): driver write request failed
    major: Virtual File Layer
    minor: Write failed
  #012: /scratch/spack_cpu/job_21700923/spack-stage/spack-stage-hdf5-1.10.7-xexa2gll6hf6okdatgrxiwhcjs2uepc7/spack-src/src/H5FDsec2.c line 856 in H5FD__sec2_write(): file write failed: time = Wed Nov 19 08:09:36 2025
, filename = 'checkpoint.h5', file descriptor = 5, errno = 14, error message = 'Bad address', buf = 0x1555537c4000, total write size = 15969552, bytes this sub-write = 15969552, bytes actually written = 18446744073709551615, offset = 0
    major: Low-level I/O
    minor: Write failed
HDF5-DIAG: Error detected in HDF5 (1.10.7) thread 0:
  #000: /scratch/spack_cpu/job_21700923/spack-stage/spack-stage-hdf5-1.10.7-xexa2gll6hf6okdatgrxiwhcjs2uepc7/spack-src/src/H5Dio.c line 335 in H5Dwrite(): can't write data
    major: Dataset
    minor: Write failed
  #001: /scratch/spack_cpu/job_21700923/spack-stage/spack-stage-hdf5-1.10.7-xexa2gll6hf6okdatgrxiwhcjs2uepc7/spack-src/src/H5Dio.c line 813 in H5D__write(): can't write data
    major: Dataset
    minor: Write failed
  #002: /scratch/spack_cpu/job_21700923/spack-stage/spack-stage-hdf5-1.10.7-xexa2gll6hf6okdatgrxiwhcjs2uepc7/spack-src/src/H5Dcontig.c line 659 in H5D__contig_write(): contiguous write failed
    major: Dataset
    minor: Write failed
  #003: /scratch/spack_cpu/job_21700923/spack-stage/spack-stage-hdf5-1.10.7-xexa2gll6hf6okdatgrxiwhcjs2uepc7/spack-src/src/H5Dselect.c line 321 in H5D__select_write(): write error
    major: Dataspace
    minor: Write failed
  #004: /scratch/spack_cpu/job_21700923/spack-stage/spack-stage-hdf5-1.10.7-xexa2gll6hf6okdatgrxiwhcjs2uepc7/spack-src/src/H5Dselect.c line 230 in H5D__select_io(): write error
    major: Dataspace
    minor: Write failed
  #005: /scratch/spack_cpu/job_21700923/spack-stage/spack-stage-hdf5-1.10.7-xexa2gll6hf6okdatgrxiwhcjs2uepc7/spack-src/src/H5Dcontig.c line 1281 in H5D__contig_writevv(): can't perform vectorized sieve buffer write
    major: Dataset
    minor: Can't operate on object
  #006: /scratch/spack_cpu/job_21700923/spack-stage/spack-stage-hdf5-1.10.7-xexa2gll6hf6okdatgrxiwhcjs2uepc7/spack-src/src/H5VM.c line 1464 in H5VM_opvv(): can't perform operation
    major: Internal error (too specific to document in detail)
    minor: Can't operate on object
  #007: /scratch/spack_cpu/job_21700923/spack-stage/spack-stage-hdf5-1.10.7-xexa2gll6hf6okdatgrxiwhcjs2uepc7/spack-src/src/H5Dcontig.c line 1029 in H5D__contig_writevv_sieve_cb(): block write failed
    major: Dataset
    minor: Write failed
  #008: /scratch/spack_cpu/job_21700923/spack-stage/spack-stage-hdf5-1.10.7-xexa2gll6hf6okdatgrxiwhcjs2uepc7/spack-src/src/H5Fio.c line 161 in H5F_block_write(): write through page buffer failed
    major: Low-level I/O
    minor: Write failed
  #009: /scratch/spack_cpu/job_21700923/spack-stage/spack-stage-hdf5-1.10.7-xexa2gll6hf6okdatgrxiwhcjs2uepc7/spack-src/src/H5PB.c line 1032 in H5PB_write(): write through metadata accumulator failed
    major: Page Buffering
    minor: Write failed
  #010: /scratch/spack_cpu/job_21700923/spack-stage/spack-stage-hdf5-1.10.7-xexa2gll6hf6okdatgrxiwhcjs2uepc7/spack-src/src/H5Faccum.c line 824 in H5F__accum_write(): file write failed
    major: Low-level I/O
    minor: Write failed
  #011: /scratch/spack_cpu/job_21700923/spack-stage/spack-stage-hdf5-1.10.7-xexa2gll6hf6okdatgrxiwhcjs2uepc7/spack-src/src/H5FDint.c line 249 in H5FD_write(): driver write request failed
    major: Virtual File Layer
    minor: Write failed
  #012: /scratch/spack_cpu/job_21700923/spack-stage/spack-stage-hdf5-1.10.7-xexa2gll6hf6okdatgrxiwhcjs2uepc7/spack-src/src/H5FDsec2.c line 856 in H5FD__sec2_write(): file write failed: time = Wed Nov 19 08:09:44 2025
, filename = 'checkpoint.h5', file descriptor = 5, errno = 14, error message = 'Bad address', buf = 0x1555537c4000, total write size = 15969552, bytes this sub-write = 15969552, bytes actually written = 18446744073709551615, offset = 0
    major: Low-level I/O
    minor: Write failed
HDF5-DIAG: Error detected in HDF5 (1.10.7) thread 0:
  #000: /scratch/spack_cpu/job_21700923/spack-stage/spack-stage-hdf5-1.10.7-xexa2gll6hf6okdatgrxiwhcjs2uepc7/spack-src/src/H5Dio.c line 335 in H5Dwrite(): can't write data
    major: Dataset
    minor: Write failed
  #001: /scratch/spack_cpu/job_21700923/spack-stage/spack-stage-hdf5-1.10.7-xexa2gll6hf6okdatgrxiwhcjs2uepc7/spack-src/src/H5Dio.c line 813 in H5D__write(): can't write data
    major: Dataset
    minor: Write failed
  #002: /scratch/spack_cpu/job_21700923/spack-stage/spack-stage-hdf5-1.10.7-xexa2gll6hf6okdatgrxiwhcjs2uepc7/spack-src/src/H5Dcontig.c line 659 in H5D__contig_write(): contiguous write failed
    major: Dataset
    minor: Write failed
  #003: /scratch/spack_cpu/job_21700923/spack-stage/spack-stage-hdf5-1.10.7-xexa2gll6hf6okdatgrxiwhcjs2uepc7/spack-src/src/H5Dselect.c line 321 in H5D__select_write(): write error
    major: Dataspace
    minor: Write failed
  #004: /scratch/spack_cpu/job_21700923/spack-stage/spack-stage-hdf5-1.10.7-xexa2gll6hf6okdatgrxiwhcjs2uepc7/spack-src/src/H5Dselect.c line 230 in H5D__select_io(): write error
    major: Dataspace
    minor: Write failed
  #005: /scratch/spack_cpu/job_21700923/spack-stage/spack-stage-hdf5-1.10.7-xexa2gll6hf6okdatgrxiwhcjs2uepc7/spack-src/src/H5Dcontig.c line 1281 in H5D__contig_writevv(): can't perform vectorized sieve buffer write
    major: Dataset
    minor: Can't operate on object
  #006: /scratch/spack_cpu/job_21700923/spack-stage/spack-stage-hdf5-1.10.7-xexa2gll6hf6okdatgrxiwhcjs2uepc7/spack-src/src/H5VM.c line 1464 in H5VM_opvv(): can't perform operation
    major: Internal error (too specific to document in detail)
    minor: Can't operate on object
  #007: /scratch/spack_cpu/job_21700923/spack-stage/spack-stage-hdf5-1.10.7-xexa2gll6hf6okdatgrxiwhcjs2uepc7/spack-src/src/H5Dcontig.c line 1029 in H5D__contig_writevv_sieve_cb(): block write failed
    major: Dataset
    minor: Write failed
  #008: /scratch/spack_cpu/job_21700923/spack-stage/spack-stage-hdf5-1.10.7-xexa2gll6hf6okdatgrxiwhcjs2uepc7/spack-src/src/H5Fio.c line 161 in H5F_block_write(): write through page buffer failed
    major: Low-level I/O
    minor: Write failed
  #009: /scratch/spack_cpu/job_21700923/spack-stage/spack-stage-hdf5-1.10.7-xexa2gll6hf6okdatgrxiwhcjs2uepc7/spack-src/src/H5PB.c line 1032 in H5PB_write(): write through metadata accumulator failed
    major: Page Buffering
    minor: Write failed
  #010: /scratch/spack_cpu/job_21700923/spack-stage/spack-stage-hdf5-1.10.7-xexa2gll6hf6okdatgrxiwhcjs2uepc7/spack-src/src/H5Faccum.c line 824 in H5F__accum_write(): file write failed
    major: Low-level I/O
    minor: Write failed
  #011: /scratch/spack_cpu/job_21700923/spack-stage/spack-stage-hdf5-1.10.7-xexa2gll6hf6okdatgrxiwhcjs2uepc7/spack-src/src/H5FDint.c line 249 in H5FD_write(): driver write request failed
    major: Virtual File Layer
    minor: Write failed
  #012: /scratch/spack_cpu/job_21700923/spack-stage/spack-stage-hdf5-1.10.7-xexa2gll6hf6okdatgrxiwhcjs2uepc7/spack-src/src/H5FDsec2.c line 856 in H5FD__sec2_write(): file write failed: time = Wed Nov 19 08:09:52 2025
, filename = 'checkpoint.h5', file descriptor = 5, errno = 14, error message = 'Bad address', buf = 0x1555537c4000, total write size = 15969552, bytes this sub-write = 15969552, bytes actually written = 18446744073709551615, offset = 0
    major: Low-level I/O
    minor: Write failed
HDF5-DIAG: Error detected in HDF5 (1.10.7) thread 0:
  #000: /scratch/spack_cpu/job_21700923/spack-stage/spack-stage-hdf5-1.10.7-xexa2gll6hf6okdatgrxiwhcjs2uepc7/spack-src/src/H5Dio.c line 335 in H5Dwrite(): can't write data
    major: Dataset
    minor: Write failed
  #001: /scratch/spack_cpu/job_21700923/spack-stage/spack-stage-hdf5-1.10.7-xexa2gll6hf6okdatgrxiwhcjs2uepc7/spack-src/src/H5Dio.c line 813 in H5D__write(): can't write data
    major: Dataset
    minor: Write failed
  #002: /scratch/spack_cpu/job_21700923/spack-stage/spack-stage-hdf5-1.10.7-xexa2gll6hf6okdatgrxiwhcjs2uepc7/spack-src/src/H5Dcontig.c line 659 in H5D__contig_write(): contiguous write failed
    major: Dataset
    minor: Write failed
  #003: /scratch/spack_cpu/job_21700923/spack-stage/spack-stage-hdf5-1.10.7-xexa2gll6hf6okdatgrxiwhcjs2uepc7/spack-src/src/H5Dselect.c line 321 in H5D__select_write(): write error
    major: Dataspace
    minor: Write failed
  #004: /scratch/spack_cpu/job_21700923/spack-stage/spack-stage-hdf5-1.10.7-xexa2gll6hf6okdatgrxiwhcjs2uepc7/spack-src/src/H5Dselect.c line 230 in H5D__select_io(): write error
    major: Dataspace
    minor: Write failed
  #005: /scratch/spack_cpu/job_21700923/spack-stage/spack-stage-hdf5-1.10.7-xexa2gll6hf6okdatgrxiwhcjs2uepc7/spack-src/src/H5Dcontig.c line 1281 in H5D__contig_writevv(): can't perform vectorized sieve buffer write
    major: Dataset
    minor: Can't operate on object
  #006: /scratch/spack_cpu/job_21700923/spack-stage/spack-stage-hdf5-1.10.7-xexa2gll6hf6okdatgrxiwhcjs2uepc7/spack-src/src/H5VM.c line 1464 in H5VM_opvv(): can't perform operation
    major: Internal error (too specific to document in detail)
    minor: Can't operate on object
  #007: /scratch/spack_cpu/job_21700923/spack-stage/spack-stage-hdf5-1.10.7-xexa2gll6hf6okdatgrxiwhcjs2uepc7/spack-src/src/H5Dcontig.c line 1029 in H5D__contig_writevv_sieve_cb(): block write failed
    major: Dataset
    minor: Write failed
  #008: /scratch/spack_cpu/job_21700923/spack-stage/spack-stage-hdf5-1.10.7-xexa2gll6hf6okdatgrxiwhcjs2uepc7/spack-src/src/H5Fio.c line 161 in H5F_block_write(): write through page buffer failed
    major: Low-level I/O
    minor: Write failed
  #009: /scratch/spack_cpu/job_21700923/spack-stage/spack-stage-hdf5-1.10.7-xexa2gll6hf6okdatgrxiwhcjs2uepc7/spack-src/src/H5PB.c line 1032 in H5PB_write(): write through metadata accumulator failed
    major: Page Buffering
    minor: Write failed
  #010: /scratch/spack_cpu/job_21700923/spack-stage/spack-stage-hdf5-1.10.7-xexa2gll6hf6okdatgrxiwhcjs2uepc7/spack-src/src/H5Faccum.c line 824 in H5F__accum_write(): file write failed
    major: Low-level I/O
    minor: Write failed
  #011: /scratch/spack_cpu/job_21700923/spack-stage/spack-stage-hdf5-1.10.7-xexa2gll6hf6okdatgrxiwhcjs2uepc7/spack-src/src/H5FDint.c line 249 in H5FD_write(): driver write request failed
    major: Virtual File Layer
    minor: Write failed
  #012: /scratch/spack_cpu/job_21700923/spack-stage/spack-stage-hdf5-1.10.7-xexa2gll6hf6okdatgrxiwhcjs2uepc7/spack-src/src/H5FDsec2.c line 856 in H5FD__sec2_write(): file write failed: time = Wed Nov 19 08:10:00 2025
, filename = 'checkpoint.h5', file descriptor = 5, errno = 14, error message = 'Bad address', buf = 0x1555537c4000, total write size = 15969552, bytes this sub-write = 15969552, bytes actually written = 18446744073709551615, offset = 0
    major: Low-level I/O
    minor: Write failed
HDF5-DIAG: Error detected in HDF5 (1.10.7) thread 0:
  #000: /scratch/spack_cpu/job_21700923/spack-stage/spack-stage-hdf5-1.10.7-xexa2gll6hf6okdatgrxiwhcjs2uepc7/spack-src/src/H5Dio.c line 335 in H5Dwrite(): can't write data
    major: Dataset
    minor: Write failed
  #001: /scratch/spack_cpu/job_21700923/spack-stage/spack-stage-hdf5-1.10.7-xexa2gll6hf6okdatgrxiwhcjs2uepc7/spack-src/src/H5Dio.c line 813 in H5D__write(): can't write data
    major: Dataset
    minor: Write failed
  #002: /scratch/spack_cpu/job_21700923/spack-stage/spack-stage-hdf5-1.10.7-xexa2gll6hf6okdatgrxiwhcjs2uepc7/spack-src/src/H5Dcontig.c line 659 in H5D__contig_write(): contiguous write failed
    major: Dataset
    minor: Write failed
  #003: /scratch/spack_cpu/job_21700923/spack-stage/spack-stage-hdf5-1.10.7-xexa2gll6hf6okdatgrxiwhcjs2uepc7/spack-src/src/H5Dselect.c line 321 in H5D__select_write(): write error
    major: Dataspace
    minor: Write failed
  #004: /scratch/spack_cpu/job_21700923/spack-stage/spack-stage-hdf5-1.10.7-xexa2gll6hf6okdatgrxiwhcjs2uepc7/spack-src/src/H5Dselect.c line 230 in H5D__select_io(): write error
    major: Dataspace
    minor: Write failed
  #005: /scratch/spack_cpu/job_21700923/spack-stage/spack-stage-hdf5-1.10.7-xexa2gll6hf6okdatgrxiwhcjs2uepc7/spack-src/src/H5Dcontig.c line 1281 in H5D__contig_writevv(): can't perform vectorized sieve buffer write
    major: Dataset
    minor: Can't operate on object
  #006: /scratch/spack_cpu/job_21700923/spack-stage/spack-stage-hdf5-1.10.7-xexa2gll6hf6okdatgrxiwhcjs2uepc7/spack-src/src/H5VM.c line 1464 in H5VM_opvv(): can't perform operation
    major: Internal error (too specific to document in detail)
    minor: Can't operate on object
  #007: /scratch/spack_cpu/job_21700923/spack-stage/spack-stage-hdf5-1.10.7-xexa2gll6hf6okdatgrxiwhcjs2uepc7/spack-src/src/H5Dcontig.c line 1029 in H5D__contig_writevv_sieve_cb(): block write failed
    major: Dataset
    minor: Write failed
  #008: /scratch/spack_cpu/job_21700923/spack-stage/spack-stage-hdf5-1.10.7-xexa2gll6hf6okdatgrxiwhcjs2uepc7/spack-src/src/H5Fio.c line 161 in H5F_block_write(): write through page buffer failed
    major: Low-level I/O
    minor: Write failed
  #009: /scratch/spack_cpu/job_21700923/spack-stage/spack-stage-hdf5-1.10.7-xexa2gll6hf6okdatgrxiwhcjs2uepc7/spack-src/src/H5PB.c line 1032 in H5PB_write(): write through metadata accumulator failed
    major: Page Buffering
    minor: Write failed
  #010: /scratch/spack_cpu/job_21700923/spack-stage/spack-stage-hdf5-1.10.7-xexa2gll6hf6okdatgrxiwhcjs2uepc7/spack-src/src/H5Faccum.c line 824 in H5F__accum_write(): file write failed
    major: Low-level I/O
    minor: Write failed
  #011: /scratch/spack_cpu/job_21700923/spack-stage/spack-stage-hdf5-1.10.7-xexa2gll6hf6okdatgrxiwhcjs2uepc7/spack-src/src/H5FDint.c line 249 in H5FD_write(): driver write request failed
    major: Virtual File Layer
    minor: Write failed
  #012: /scratch/spack_cpu/job_21700923/spack-stage/spack-stage-hdf5-1.10.7-xexa2gll6hf6okdatgrxiwhcjs2uepc7/spack-src/src/H5FDsec2.c line 856 in H5FD__sec2_write(): file write failed: time = Wed Nov 19 08:10:08 2025
, filename = 'checkpoint.h5', file descriptor = 5, errno = 14, error message = 'Bad address', buf = 0x1555537c4000, total write size = 15969552, bytes this sub-write = 15969552, bytes actually written = 18446744073709551615, offset = 0
    major: Low-level I/O
    minor: Write failed
HDF5-DIAG: Error detected in HDF5 (1.10.7) thread 0:
  #000: /scratch/spack_cpu/job_21700923/spack-stage/spack-stage-hdf5-1.10.7-xexa2gll6hf6okdatgrxiwhcjs2uepc7/spack-src/src/H5Dio.c line 335 in H5Dwrite(): can't write data
    major: Dataset
    minor: Write failed
  #001: /scratch/spack_cpu/job_21700923/spack-stage/spack-stage-hdf5-1.10.7-xexa2gll6hf6okdatgrxiwhcjs2uepc7/spack-src/src/H5Dio.c line 813 in H5D__write(): can't write data
    major: Dataset
    minor: Write failed
  #002: /scratch/spack_cpu/job_21700923/spack-stage/spack-stage-hdf5-1.10.7-xexa2gll6hf6okdatgrxiwhcjs2uepc7/spack-src/src/H5Dcontig.c line 659 in H5D__contig_write(): contiguous write failed
    major: Dataset
    minor: Write failed
  #003: /scratch/spack_cpu/job_21700923/spack-stage/spack-stage-hdf5-1.10.7-xexa2gll6hf6okdatgrxiwhcjs2uepc7/spack-src/src/H5Dselect.c line 321 in H5D__select_write(): write error
    major: Dataspace
    minor: Write failed
  #004: /scratch/spack_cpu/job_21700923/spack-stage/spack-stage-hdf5-1.10.7-xexa2gll6hf6okdatgrxiwhcjs2uepc7/spack-src/src/H5Dselect.c line 230 in H5D__select_io(): write error
    major: Dataspace
    minor: Write failed
  #005: /scratch/spack_cpu/job_21700923/spack-stage/spack-stage-hdf5-1.10.7-xexa2gll6hf6okdatgrxiwhcjs2uepc7/spack-src/src/H5Dcontig.c line 1281 in H5D__contig_writevv(): can't perform vectorized sieve buffer write
    major: Dataset
    minor: Can't operate on object
  #006: /scratch/spack_cpu/job_21700923/spack-stage/spack-stage-hdf5-1.10.7-xexa2gll6hf6okdatgrxiwhcjs2uepc7/spack-src/src/H5VM.c line 1464 in H5VM_opvv(): can't perform operation
    major: Internal error (too specific to document in detail)
    minor: Can't operate on object
  #007: /scratch/spack_cpu/job_21700923/spack-stage/spack-stage-hdf5-1.10.7-xexa2gll6hf6okdatgrxiwhcjs2uepc7/spack-src/src/H5Dcontig.c line 1029 in H5D__contig_writevv_sieve_cb(): block write failed
    major: Dataset
    minor: Write failed
  #008: /scratch/spack_cpu/job_21700923/spack-stage/spack-stage-hdf5-1.10.7-xexa2gll6hf6okdatgrxiwhcjs2uepc7/spack-src/src/H5Fio.c line 161 in H5F_block_write(): write through page buffer failed
    major: Low-level I/O
    minor: Write failed
  #009: /scratch/spack_cpu/job_21700923/spack-stage/spack-stage-hdf5-1.10.7-xexa2gll6hf6okdatgrxiwhcjs2uepc7/spack-src/src/H5PB.c line 1032 in H5PB_write(): write through metadata accumulator failed
    major: Page Buffering
    minor: Write failed
  #010: /scratch/spack_cpu/job_21700923/spack-stage/spack-stage-hdf5-1.10.7-xexa2gll6hf6okdatgrxiwhcjs2uepc7/spack-src/src/H5Faccum.c line 824 in H5F__accum_write(): file write failed
    major: Low-level I/O
    minor: Write failed
  #011: /scratch/spack_cpu/job_21700923/spack-stage/spack-stage-hdf5-1.10.7-xexa2gll6hf6okdatgrxiwhcjs2uepc7/spack-src/src/H5FDint.c line 249 in H5FD_write(): driver write request failed
    major: Virtual File Layer
    minor: Write failed
  #012: /scratch/spack_cpu/job_21700923/spack-stage/spack-stage-hdf5-1.10.7-xexa2gll6hf6okdatgrxiwhcjs2uepc7/spack-src/src/H5FDsec2.c line 856 in H5FD__sec2_write(): file write failed: time = Wed Nov 19 08:10:15 2025
, filename = 'checkpoint.h5', file descriptor = 5, errno = 14, error message = 'Bad address', buf = 0x1555537c4000, total write size = 15969552, bytes this sub-write = 15969552, bytes actually written = 18446744073709551615, offset = 0
    major: Low-level I/O
    minor: Write failed
HDF5-DIAG: Error detected in HDF5 (1.10.7) thread 0:
  #000: /scratch/spack_cpu/job_21700923/spack-stage/spack-stage-hdf5-1.10.7-xexa2gll6hf6okdatgrxiwhcjs2uepc7/spack-src/src/H5Dio.c line 335 in H5Dwrite(): can't write data
    major: Dataset
    minor: Write failed
  #001: /scratch/spack_cpu/job_21700923/spack-stage/spack-stage-hdf5-1.10.7-xexa2gll6hf6okdatgrxiwhcjs2uepc7/spack-src/src/H5Dio.c line 813 in H5D__write(): can't write data
    major: Dataset
    minor: Write failed
  #002: /scratch/spack_cpu/job_21700923/spack-stage/spack-stage-hdf5-1.10.7-xexa2gll6hf6okdatgrxiwhcjs2uepc7/spack-src/src/H5Dcontig.c line 659 in H5D__contig_write(): contiguous write failed
    major: Dataset
    minor: Write failed
  #003: /scratch/spack_cpu/job_21700923/spack-stage/spack-stage-hdf5-1.10.7-xexa2gll6hf6okdatgrxiwhcjs2uepc7/spack-src/src/H5Dselect.c line 321 in H5D__select_write(): write error
    major: Dataspace
    minor: Write failed
  #004: /scratch/spack_cpu/job_21700923/spack-stage/spack-stage-hdf5-1.10.7-xexa2gll6hf6okdatgrxiwhcjs2uepc7/spack-src/src/H5Dselect.c line 230 in H5D__select_io(): write error
    major: Dataspace
    minor: Write failed
  #005: /scratch/spack_cpu/job_21700923/spack-stage/spack-stage-hdf5-1.10.7-xexa2gll6hf6okdatgrxiwhcjs2uepc7/spack-src/src/H5Dcontig.c line 1281 in H5D__contig_writevv(): can't perform vectorized sieve buffer write
    major: Dataset
    minor: Can't operate on object
  #006: /scratch/spack_cpu/job_21700923/spack-stage/spack-stage-hdf5-1.10.7-xexa2gll6hf6okdatgrxiwhcjs2uepc7/spack-src/src/H5VM.c line 1464 in H5VM_opvv(): can't perform operation
    major: Internal error (too specific to document in detail)
    minor: Can't operate on object
  #007: /scratch/spack_cpu/job_21700923/spack-stage/spack-stage-hdf5-1.10.7-xexa2gll6hf6okdatgrxiwhcjs2uepc7/spack-src/src/H5Dcontig.c line 1029 in H5D__contig_writevv_sieve_cb(): block write failed
    major: Dataset
    minor: Write failed
  #008: /scratch/spack_cpu/job_21700923/spack-stage/spack-stage-hdf5-1.10.7-xexa2gll6hf6okdatgrxiwhcjs2uepc7/spack-src/src/H5Fio.c line 161 in H5F_block_write(): write through page buffer failed
    major: Low-level I/O
    minor: Write failed
  #009: /scratch/spack_cpu/job_21700923/spack-stage/spack-stage-hdf5-1.10.7-xexa2gll6hf6okdatgrxiwhcjs2uepc7/spack-src/src/H5PB.c line 1032 in H5PB_write(): write through metadata accumulator failed
    major: Page Buffering
    minor: Write failed
  #010: /scratch/spack_cpu/job_21700923/spack-stage/spack-stage-hdf5-1.10.7-xexa2gll6hf6okdatgrxiwhcjs2uepc7/spack-src/src/H5Faccum.c line 824 in H5F__accum_write(): file write failed
    major: Low-level I/O
    minor: Write failed
  #011: /scratch/spack_cpu/job_21700923/spack-stage/spack-stage-hdf5-1.10.7-xexa2gll6hf6okdatgrxiwhcjs2uepc7/spack-src/src/H5FDint.c line 249 in H5FD_write(): driver write request failed
    major: Virtual File Layer
    minor: Write failed
  #012: /scratch/spack_cpu/job_21700923/spack-stage/spack-stage-hdf5-1.10.7-xexa2gll6hf6okdatgrxiwhcjs2uepc7/spack-src/src/H5FDsec2.c line 856 in H5FD__sec2_write(): file write failed: time = Wed Nov 19 08:10:22 2025
, filename = 'checkpoint.h5', file descriptor = 5, errno = 14, error message = 'Bad address', buf = 0x1555537c4000, total write size = 15969552, bytes this sub-write = 15969552, bytes actually written = 18446744073709551615, offset = 0
    major: Low-level I/O
    minor: Write failed
HDF5-DIAG: Error detected in HDF5 (1.10.7) thread 0:
  #000: /scratch/spack_cpu/job_21700923/spack-stage/spack-stage-hdf5-1.10.7-xexa2gll6hf6okdatgrxiwhcjs2uepc7/spack-src/src/H5Dio.c line 335 in H5Dwrite(): can't write data
    major: Dataset
    minor: Write failed
  #001: /scratch/spack_cpu/job_21700923/spack-stage/spack-stage-hdf5-1.10.7-xexa2gll6hf6okdatgrxiwhcjs2uepc7/spack-src/src/H5Dio.c line 813 in H5D__write(): can't write data
    major: Dataset
    minor: Write failed
  #002: /scratch/spack_cpu/job_21700923/spack-stage/spack-stage-hdf5-1.10.7-xexa2gll6hf6okdatgrxiwhcjs2uepc7/spack-src/src/H5Dcontig.c line 659 in H5D__contig_write(): contiguous write failed
    major: Dataset
    minor: Write failed
  #003: /scratch/spack_cpu/job_21700923/spack-stage/spack-stage-hdf5-1.10.7-xexa2gll6hf6okdatgrxiwhcjs2uepc7/spack-src/src/H5Dselect.c line 321 in H5D__select_write(): write error
    major: Dataspace
    minor: Write failed
  #004: /scratch/spack_cpu/job_21700923/spack-stage/spack-stage-hdf5-1.10.7-xexa2gll6hf6okdatgrxiwhcjs2uepc7/spack-src/src/H5Dselect.c line 230 in H5D__select_io(): write error
    major: Dataspace
    minor: Write failed
  #005: /scratch/spack_cpu/job_21700923/spack-stage/spack-stage-hdf5-1.10.7-xexa2gll6hf6okdatgrxiwhcjs2uepc7/spack-src/src/H5Dcontig.c line 1281 in H5D__contig_writevv(): can't perform vectorized sieve buffer write
    major: Dataset
    minor: Can't operate on object
  #006: /scratch/spack_cpu/job_21700923/spack-stage/spack-stage-hdf5-1.10.7-xexa2gll6hf6okdatgrxiwhcjs2uepc7/spack-src/src/H5VM.c line 1464 in H5VM_opvv(): can't perform operation
    major: Internal error (too specific to document in detail)
    minor: Can't operate on object
  #007: /scratch/spack_cpu/job_21700923/spack-stage/spack-stage-hdf5-1.10.7-xexa2gll6hf6okdatgrxiwhcjs2uepc7/spack-src/src/H5Dcontig.c line 1029 in H5D__contig_writevv_sieve_cb(): block write failed
    major: Dataset
    minor: Write failed
  #008: /scratch/spack_cpu/job_21700923/spack-stage/spack-stage-hdf5-1.10.7-xexa2gll6hf6okdatgrxiwhcjs2uepc7/spack-src/src/H5Fio.c line 161 in H5F_block_write(): write through page buffer failed
    major: Low-level I/O
    minor: Write failed
  #009: /scratch/spack_cpu/job_21700923/spack-stage/spack-stage-hdf5-1.10.7-xexa2gll6hf6okdatgrxiwhcjs2uepc7/spack-src/src/H5PB.c line 1032 in H5PB_write(): write through metadata accumulator failed
    major: Page Buffering
    minor: Write failed
  #010: /scratch/spack_cpu/job_21700923/spack-stage/spack-stage-hdf5-1.10.7-xexa2gll6hf6okdatgrxiwhcjs2uepc7/spack-src/src/H5Faccum.c line 824 in H5F__accum_write(): file write failed
    major: Low-level I/O
    minor: Write failed
  #011: /scratch/spack_cpu/job_21700923/spack-stage/spack-stage-hdf5-1.10.7-xexa2gll6hf6okdatgrxiwhcjs2uepc7/spack-src/src/H5FDint.c line 249 in H5FD_write(): driver write request failed
    major: Virtual File Layer
    minor: Write failed
  #012: /scratch/spack_cpu/job_21700923/spack-stage/spack-stage-hdf5-1.10.7-xexa2gll6hf6okdatgrxiwhcjs2uepc7/spack-src/src/H5FDsec2.c line 856 in H5FD__sec2_write(): file write failed: time = Wed Nov 19 08:10:30 2025
, filename = 'checkpoint.h5', file descriptor = 5, errno = 14, error message = 'Bad address', buf = 0x1555537c4000, total write size = 15969552, bytes this sub-write = 15969552, bytes actually written = 18446744073709551615, offset = 0
    major: Low-level I/O
    minor: Write failed
HDF5-DIAG: Error detected in HDF5 (1.10.7) thread 0:
  #000: /scratch/spack_cpu/job_21700923/spack-stage/spack-stage-hdf5-1.10.7-xexa2gll6hf6okdatgrxiwhcjs2uepc7/spack-src/src/H5Dio.c line 335 in H5Dwrite(): can't write data
    major: Dataset
    minor: Write failed
  #001: /scratch/spack_cpu/job_21700923/spack-stage/spack-stage-hdf5-1.10.7-xexa2gll6hf6okdatgrxiwhcjs2uepc7/spack-src/src/H5Dio.c line 813 in H5D__write(): can't write data
    major: Dataset
    minor: Write failed
  #002: /scratch/spack_cpu/job_21700923/spack-stage/spack-stage-hdf5-1.10.7-xexa2gll6hf6okdatgrxiwhcjs2uepc7/spack-src/src/H5Dcontig.c line 659 in H5D__contig_write(): contiguous write failed
    major: Dataset
    minor: Write failed
  #003: /scratch/spack_cpu/job_21700923/spack-stage/spack-stage-hdf5-1.10.7-xexa2gll6hf6okdatgrxiwhcjs2uepc7/spack-src/src/H5Dselect.c line 321 in H5D__select_write(): write error
    major: Dataspace
    minor: Write failed
  #004: /scratch/spack_cpu/job_21700923/spack-stage/spack-stage-hdf5-1.10.7-xexa2gll6hf6okdatgrxiwhcjs2uepc7/spack-src/src/H5Dselect.c line 230 in H5D__select_io(): write error
    major: Dataspace
    minor: Write failed
  #005: /scratch/spack_cpu/job_21700923/spack-stage/spack-stage-hdf5-1.10.7-xexa2gll6hf6okdatgrxiwhcjs2uepc7/spack-src/src/H5Dcontig.c line 1281 in H5D__contig_writevv(): can't perform vectorized sieve buffer write
    major: Dataset
    minor: Can't operate on object
  #006: /scratch/spack_cpu/job_21700923/spack-stage/spack-stage-hdf5-1.10.7-xexa2gll6hf6okdatgrxiwhcjs2uepc7/spack-src/src/H5VM.c line 1464 in H5VM_opvv(): can't perform operation
    major: Internal error (too specific to document in detail)
    minor: Can't operate on object
  #007: /scratch/spack_cpu/job_21700923/spack-stage/spack-stage-hdf5-1.10.7-xexa2gll6hf6okdatgrxiwhcjs2uepc7/spack-src/src/H5Dcontig.c line 1029 in H5D__contig_writevv_sieve_cb(): block write failed
    major: Dataset
    minor: Write failed
  #008: /scratch/spack_cpu/job_21700923/spack-stage/spack-stage-hdf5-1.10.7-xexa2gll6hf6okdatgrxiwhcjs2uepc7/spack-src/src/H5Fio.c line 161 in H5F_block_write(): write through page buffer failed
    major: Low-level I/O
    minor: Write failed
  #009: /scratch/spack_cpu/job_21700923/spack-stage/spack-stage-hdf5-1.10.7-xexa2gll6hf6okdatgrxiwhcjs2uepc7/spack-src/src/H5PB.c line 1032 in H5PB_write(): write through metadata accumulator failed
    major: Page Buffering
    minor: Write failed
  #010: /scratch/spack_cpu/job_21700923/spack-stage/spack-stage-hdf5-1.10.7-xexa2gll6hf6okdatgrxiwhcjs2uepc7/spack-src/src/H5Faccum.c line 824 in H5F__accum_write(): file write failed
    major: Low-level I/O
    minor: Write failed
  #011: /scratch/spack_cpu/job_21700923/spack-stage/spack-stage-hdf5-1.10.7-xexa2gll6hf6okdatgrxiwhcjs2uepc7/spack-src/src/H5FDint.c line 249 in H5FD_write(): driver write request failed
    major: Virtual File Layer
    minor: Write failed
  #012: /scratch/spack_cpu/job_21700923/spack-stage/spack-stage-hdf5-1.10.7-xexa2gll6hf6okdatgrxiwhcjs2uepc7/spack-src/src/H5FDsec2.c line 856 in H5FD__sec2_write(): file write failed: time = Wed Nov 19 08:10:38 2025
, filename = 'checkpoint.h5', file descriptor = 5, errno = 14, error message = 'Bad address', buf = 0x1555537c4000, total write size = 15969552, bytes this sub-write = 15969552, bytes actually written = 18446744073709551615, offset = 0
    major: Low-level I/O
    minor: Write failed
HDF5-DIAG: Error detected in HDF5 (1.10.7) thread 0:
  #000: /scratch/spack_cpu/job_21700923/spack-stage/spack-stage-hdf5-1.10.7-xexa2gll6hf6okdatgrxiwhcjs2uepc7/spack-src/src/H5Dio.c line 335 in H5Dwrite(): can't write data
    major: Dataset
    minor: Write failed
  #001: /scratch/spack_cpu/job_21700923/spack-stage/spack-stage-hdf5-1.10.7-xexa2gll6hf6okdatgrxiwhcjs2uepc7/spack-src/src/H5Dio.c line 813 in H5D__write(): can't write data
    major: Dataset
    minor: Write failed
  #002: /scratch/spack_cpu/job_21700923/spack-stage/spack-stage-hdf5-1.10.7-xexa2gll6hf6okdatgrxiwhcjs2uepc7/spack-src/src/H5Dcontig.c line 659 in H5D__contig_write(): contiguous write failed
    major: Dataset
    minor: Write failed
  #003: /scratch/spack_cpu/job_21700923/spack-stage/spack-stage-hdf5-1.10.7-xexa2gll6hf6okdatgrxiwhcjs2uepc7/spack-src/src/H5Dselect.c line 321 in H5D__select_write(): write error
    major: Dataspace
    minor: Write failed
  #004: /scratch/spack_cpu/job_21700923/spack-stage/spack-stage-hdf5-1.10.7-xexa2gll6hf6okdatgrxiwhcjs2uepc7/spack-src/src/H5Dselect.c line 230 in H5D__select_io(): write error
    major: Dataspace
    minor: Write failed
  #005: /scratch/spack_cpu/job_21700923/spack-stage/spack-stage-hdf5-1.10.7-xexa2gll6hf6okdatgrxiwhcjs2uepc7/spack-src/src/H5Dcontig.c line 1281 in H5D__contig_writevv(): can't perform vectorized sieve buffer write
    major: Dataset
    minor: Can't operate on object
  #006: /scratch/spack_cpu/job_21700923/spack-stage/spack-stage-hdf5-1.10.7-xexa2gll6hf6okdatgrxiwhcjs2uepc7/spack-src/src/H5VM.c line 1464 in H5VM_opvv(): can't perform operation
    major: Internal error (too specific to document in detail)
    minor: Can't operate on object
  #007: /scratch/spack_cpu/job_21700923/spack-stage/spack-stage-hdf5-1.10.7-xexa2gll6hf6okdatgrxiwhcjs2uepc7/spack-src/src/H5Dcontig.c line 1029 in H5D__contig_writevv_sieve_cb(): block write failed
    major: Dataset
    minor: Write failed
  #008: /scratch/spack_cpu/job_21700923/spack-stage/spack-stage-hdf5-1.10.7-xexa2gll6hf6okdatgrxiwhcjs2uepc7/spack-src/src/H5Fio.c line 161 in H5F_block_write(): write through page buffer failed
    major: Low-level I/O
    minor: Write failed
  #009: /scratch/spack_cpu/job_21700923/spack-stage/spack-stage-hdf5-1.10.7-xexa2gll6hf6okdatgrxiwhcjs2uepc7/spack-src/src/H5PB.c line 1032 in H5PB_write(): write through metadata accumulator failed
    major: Page Buffering
    minor: Write failed
  #010: /scratch/spack_cpu/job_21700923/spack-stage/spack-stage-hdf5-1.10.7-xexa2gll6hf6okdatgrxiwhcjs2uepc7/spack-src/src/H5Faccum.c line 824 in H5F__accum_write(): file write failed
    major: Low-level I/O
    minor: Write failed
  #011: /scratch/spack_cpu/job_21700923/spack-stage/spack-stage-hdf5-1.10.7-xexa2gll6hf6okdatgrxiwhcjs2uepc7/spack-src/src/H5FDint.c line 249 in H5FD_write(): driver write request failed
    major: Virtual File Layer
    minor: Write failed
  #012: /scratch/spack_cpu/job_21700923/spack-stage/spack-stage-hdf5-1.10.7-xexa2gll6hf6okdatgrxiwhcjs2uepc7/spack-src/src/H5FDsec2.c line 856 in H5FD__sec2_write(): file write failed: time = Wed Nov 19 08:10:46 2025
, filename = 'checkpoint.h5', file descriptor = 5, errno = 14, error message = 'Bad address', buf = 0x1555537c4000, total write size = 15969552, bytes this sub-write = 15969552, bytes actually written = 18446744073709551615, offset = 0
    major: Low-level I/O
    minor: Write failed
HDF5-DIAG: Error detected in HDF5 (1.10.7) thread 0:
  #000: /scratch/spack_cpu/job_21700923/spack-stage/spack-stage-hdf5-1.10.7-xexa2gll6hf6okdatgrxiwhcjs2uepc7/spack-src/src/H5Dio.c line 335 in H5Dwrite(): can't write data
    major: Dataset
    minor: Write failed
  #001: /scratch/spack_cpu/job_21700923/spack-stage/spack-stage-hdf5-1.10.7-xexa2gll6hf6okdatgrxiwhcjs2uepc7/spack-src/src/H5Dio.c line 813 in H5D__write(): can't write data
    major: Dataset
    minor: Write failed
  #002: /scratch/spack_cpu/job_21700923/spack-stage/spack-stage-hdf5-1.10.7-xexa2gll6hf6okdatgrxiwhcjs2uepc7/spack-src/src/H5Dcontig.c line 659 in H5D__contig_write(): contiguous write failed
    major: Dataset
    minor: Write failed
  #003: /scratch/spack_cpu/job_21700923/spack-stage/spack-stage-hdf5-1.10.7-xexa2gll6hf6okdatgrxiwhcjs2uepc7/spack-src/src/H5Dselect.c line 321 in H5D__select_write(): write error
    major: Dataspace
    minor: Write failed
  #004: /scratch/spack_cpu/job_21700923/spack-stage/spack-stage-hdf5-1.10.7-xexa2gll6hf6okdatgrxiwhcjs2uepc7/spack-src/src/H5Dselect.c line 230 in H5D__select_io(): write error
    major: Dataspace
    minor: Write failed
  #005: /scratch/spack_cpu/job_21700923/spack-stage/spack-stage-hdf5-1.10.7-xexa2gll6hf6okdatgrxiwhcjs2uepc7/spack-src/src/H5Dcontig.c line 1281 in H5D__contig_writevv(): can't perform vectorized sieve buffer write
    major: Dataset
    minor: Can't operate on object
  #006: /scratch/spack_cpu/job_21700923/spack-stage/spack-stage-hdf5-1.10.7-xexa2gll6hf6okdatgrxiwhcjs2uepc7/spack-src/src/H5VM.c line 1464 in H5VM_opvv(): can't perform operation
    major: Internal error (too specific to document in detail)
    minor: Can't operate on object
  #007: /scratch/spack_cpu/job_21700923/spack-stage/spack-stage-hdf5-1.10.7-xexa2gll6hf6okdatgrxiwhcjs2uepc7/spack-src/src/H5Dcontig.c line 1029 in H5D__contig_writevv_sieve_cb(): block write failed
    major: Dataset
    minor: Write failed
  #008: /scratch/spack_cpu/job_21700923/spack-stage/spack-stage-hdf5-1.10.7-xexa2gll6hf6okdatgrxiwhcjs2uepc7/spack-src/src/H5Fio.c line 161 in H5F_block_write(): write through page buffer failed
    major: Low-level I/O
    minor: Write failed
  #009: /scratch/spack_cpu/job_21700923/spack-stage/spack-stage-hdf5-1.10.7-xexa2gll6hf6okdatgrxiwhcjs2uepc7/spack-src/src/H5PB.c line 1032 in H5PB_write(): write through metadata accumulator failed
    major: Page Buffering
    minor: Write failed
  #010: /scratch/spack_cpu/job_21700923/spack-stage/spack-stage-hdf5-1.10.7-xexa2gll6hf6okdatgrxiwhcjs2uepc7/spack-src/src/H5Faccum.c line 824 in H5F__accum_write(): file write failed
    major: Low-level I/O
    minor: Write failed
  #011: /scratch/spack_cpu/job_21700923/spack-stage/spack-stage-hdf5-1.10.7-xexa2gll6hf6okdatgrxiwhcjs2uepc7/spack-src/src/H5FDint.c line 249 in H5FD_write(): driver write request failed
    major: Virtual File Layer
    minor: Write failed
  #012: /scratch/spack_cpu/job_21700923/spack-stage/spack-stage-hdf5-1.10.7-xexa2gll6hf6okdatgrxiwhcjs2uepc7/spack-src/src/H5FDsec2.c line 856 in H5FD__sec2_write(): file write failed: time = Wed Nov 19 08:10:53 2025
, filename = 'checkpoint.h5', file descriptor = 5, errno = 14, error message = 'Bad address', buf = 0x1555537c4000, total write size = 15969552, bytes this sub-write = 15969552, bytes actually written = 18446744073709551615, offset = 0
    major: Low-level I/O
    minor: Write failed
HDF5-DIAG: Error detected in HDF5 (1.10.7) thread 0:
  #000: /scratch/spack_cpu/job_21700923/spack-stage/spack-stage-hdf5-1.10.7-xexa2gll6hf6okdatgrxiwhcjs2uepc7/spack-src/src/H5Dio.c line 335 in H5Dwrite(): can't write data
    major: Dataset
    minor: Write failed
  #001: /scratch/spack_cpu/job_21700923/spack-stage/spack-stage-hdf5-1.10.7-xexa2gll6hf6okdatgrxiwhcjs2uepc7/spack-src/src/H5Dio.c line 813 in H5D__write(): can't write data
    major: Dataset
    minor: Write failed
  #002: /scratch/spack_cpu/job_21700923/spack-stage/spack-stage-hdf5-1.10.7-xexa2gll6hf6okdatgrxiwhcjs2uepc7/spack-src/src/H5Dcontig.c line 659 in H5D__contig_write(): contiguous write failed
    major: Dataset
    minor: Write failed
  #003: /scratch/spack_cpu/job_21700923/spack-stage/spack-stage-hdf5-1.10.7-xexa2gll6hf6okdatgrxiwhcjs2uepc7/spack-src/src/H5Dselect.c line 321 in H5D__select_write(): write error
    major: Dataspace
    minor: Write failed
  #004: /scratch/spack_cpu/job_21700923/spack-stage/spack-stage-hdf5-1.10.7-xexa2gll6hf6okdatgrxiwhcjs2uepc7/spack-src/src/H5Dselect.c line 230 in H5D__select_io(): write error
    major: Dataspace
    minor: Write failed
  #005: /scratch/spack_cpu/job_21700923/spack-stage/spack-stage-hdf5-1.10.7-xexa2gll6hf6okdatgrxiwhcjs2uepc7/spack-src/src/H5Dcontig.c line 1281 in H5D__contig_writevv(): can't perform vectorized sieve buffer write
    major: Dataset
    minor: Can't operate on object
  #006: /scratch/spack_cpu/job_21700923/spack-stage/spack-stage-hdf5-1.10.7-xexa2gll6hf6okdatgrxiwhcjs2uepc7/spack-src/src/H5VM.c line 1464 in H5VM_opvv(): can't perform operation
    major: Internal error (too specific to document in detail)
    minor: Can't operate on object
  #007: /scratch/spack_cpu/job_21700923/spack-stage/spack-stage-hdf5-1.10.7-xexa2gll6hf6okdatgrxiwhcjs2uepc7/spack-src/src/H5Dcontig.c line 1029 in H5D__contig_writevv_sieve_cb(): block write failed
    major: Dataset
    minor: Write failed
  #008: /scratch/spack_cpu/job_21700923/spack-stage/spack-stage-hdf5-1.10.7-xexa2gll6hf6okdatgrxiwhcjs2uepc7/spack-src/src/H5Fio.c line 161 in H5F_block_write(): write through page buffer failed
    major: Low-level I/O
    minor: Write failed
  #009: /scratch/spack_cpu/job_21700923/spack-stage/spack-stage-hdf5-1.10.7-xexa2gll6hf6okdatgrxiwhcjs2uepc7/spack-src/src/H5PB.c line 1032 in H5PB_write(): write through metadata accumulator failed
    major: Page Buffering
    minor: Write failed
  #010: /scratch/spack_cpu/job_21700923/spack-stage/spack-stage-hdf5-1.10.7-xexa2gll6hf6okdatgrxiwhcjs2uepc7/spack-src/src/H5Faccum.c line 824 in H5F__accum_write(): file write failed
    major: Low-level I/O
    minor: Write failed
  #011: /scratch/spack_cpu/job_21700923/spack-stage/spack-stage-hdf5-1.10.7-xexa2gll6hf6okdatgrxiwhcjs2uepc7/spack-src/src/H5FDint.c line 249 in H5FD_write(): driver write request failed
    major: Virtual File Layer
    minor: Write failed
  #012: /scratch/spack_cpu/job_21700923/spack-stage/spack-stage-hdf5-1.10.7-xexa2gll6hf6okdatgrxiwhcjs2uepc7/spack-src/src/H5FDsec2.c line 856 in H5FD__sec2_write(): file write failed: time = Wed Nov 19 08:11:01 2025
, filename = 'checkpoint.h5', file descriptor = 5, errno = 14, error message = 'Bad address', buf = 0x1555537c4000, total write size = 15969552, bytes this sub-write = 15969552, bytes actually written = 18446744073709551615, offset = 0
    major: Low-level I/O
    minor: Write failed
HDF5-DIAG: Error detected in HDF5 (1.10.7) thread 0:
  #000: /scratch/spack_cpu/job_21700923/spack-stage/spack-stage-hdf5-1.10.7-xexa2gll6hf6okdatgrxiwhcjs2uepc7/spack-src/src/H5Dio.c line 335 in H5Dwrite(): can't write data
    major: Dataset
    minor: Write failed
  #001: /scratch/spack_cpu/job_21700923/spack-stage/spack-stage-hdf5-1.10.7-xexa2gll6hf6okdatgrxiwhcjs2uepc7/spack-src/src/H5Dio.c line 813 in H5D__write(): can't write data
    major: Dataset
    minor: Write failed
  #002: /scratch/spack_cpu/job_21700923/spack-stage/spack-stage-hdf5-1.10.7-xexa2gll6hf6okdatgrxiwhcjs2uepc7/spack-src/src/H5Dcontig.c line 659 in H5D__contig_write(): contiguous write failed
    major: Dataset
    minor: Write failed
  #003: /scratch/spack_cpu/job_21700923/spack-stage/spack-stage-hdf5-1.10.7-xexa2gll6hf6okdatgrxiwhcjs2uepc7/spack-src/src/H5Dselect.c line 321 in H5D__select_write(): write error
    major: Dataspace
    minor: Write failed
  #004: /scratch/spack_cpu/job_21700923/spack-stage/spack-stage-hdf5-1.10.7-xexa2gll6hf6okdatgrxiwhcjs2uepc7/spack-src/src/H5Dselect.c line 230 in H5D__select_io(): write error
    major: Dataspace
    minor: Write failed
  #005: /scratch/spack_cpu/job_21700923/spack-stage/spack-stage-hdf5-1.10.7-xexa2gll6hf6okdatgrxiwhcjs2uepc7/spack-src/src/H5Dcontig.c line 1281 in H5D__contig_writevv(): can't perform vectorized sieve buffer write
    major: Dataset
    minor: Can't operate on object
  #006: /scratch/spack_cpu/job_21700923/spack-stage/spack-stage-hdf5-1.10.7-xexa2gll6hf6okdatgrxiwhcjs2uepc7/spack-src/src/H5VM.c line 1464 in H5VM_opvv(): can't perform operation
    major: Internal error (too specific to document in detail)
    minor: Can't operate on object
  #007: /scratch/spack_cpu/job_21700923/spack-stage/spack-stage-hdf5-1.10.7-xexa2gll6hf6okdatgrxiwhcjs2uepc7/spack-src/src/H5Dcontig.c line 1029 in H5D__contig_writevv_sieve_cb(): block write failed
    major: Dataset
    minor: Write failed
  #008: /scratch/spack_cpu/job_21700923/spack-stage/spack-stage-hdf5-1.10.7-xexa2gll6hf6okdatgrxiwhcjs2uepc7/spack-src/src/H5Fio.c line 161 in H5F_block_write(): write through page buffer failed
    major: Low-level I/O
    minor: Write failed
  #009: /scratch/spack_cpu/job_21700923/spack-stage/spack-stage-hdf5-1.10.7-xexa2gll6hf6okdatgrxiwhcjs2uepc7/spack-src/src/H5PB.c line 1032 in H5PB_write(): write through metadata accumulator failed
    major: Page Buffering
    minor: Write failed
  #010: /scratch/spack_cpu/job_21700923/spack-stage/spack-stage-hdf5-1.10.7-xexa2gll6hf6okdatgrxiwhcjs2uepc7/spack-src/src/H5Faccum.c line 824 in H5F__accum_write(): file write failed
    major: Low-level I/O
    minor: Write failed
  #011: /scratch/spack_cpu/job_21700923/spack-stage/spack-stage-hdf5-1.10.7-xexa2gll6hf6okdatgrxiwhcjs2uepc7/spack-src/src/H5FDint.c line 249 in H5FD_write(): driver write request failed
    major: Virtual File Layer
    minor: Write failed
  #012: /scratch/spack_cpu/job_21700923/spack-stage/spack-stage-hdf5-1.10.7-xexa2gll6hf6okdatgrxiwhcjs2uepc7/spack-src/src/H5FDsec2.c line 856 in H5FD__sec2_write(): file write failed: time = Wed Nov 19 08:11:09 2025
, filename = 'checkpoint.h5', file descriptor = 5, errno = 14, error message = 'Bad address', buf = 0x1555537c4000, total write size = 15969552, bytes this sub-write = 15969552, bytes actually written = 18446744073709551615, offset = 0
    major: Low-level I/O
    minor: Write failed
HDF5-DIAG: Error detected in HDF5 (1.10.7) thread 0:
  #000: /scratch/spack_cpu/job_21700923/spack-stage/spack-stage-hdf5-1.10.7-xexa2gll6hf6okdatgrxiwhcjs2uepc7/spack-src/src/H5Dio.c line 335 in H5Dwrite(): can't write data
    major: Dataset
    minor: Write failed
  #001: /scratch/spack_cpu/job_21700923/spack-stage/spack-stage-hdf5-1.10.7-xexa2gll6hf6okdatgrxiwhcjs2uepc7/spack-src/src/H5Dio.c line 813 in H5D__write(): can't write data
    major: Dataset
    minor: Write failed
  #002: /scratch/spack_cpu/job_21700923/spack-stage/spack-stage-hdf5-1.10.7-xexa2gll6hf6okdatgrxiwhcjs2uepc7/spack-src/src/H5Dcontig.c line 659 in H5D__contig_write(): contiguous write failed
    major: Dataset
    minor: Write failed
  #003: /scratch/spack_cpu/job_21700923/spack-stage/spack-stage-hdf5-1.10.7-xexa2gll6hf6okdatgrxiwhcjs2uepc7/spack-src/src/H5Dselect.c line 321 in H5D__select_write(): write error
    major: Dataspace
    minor: Write failed
  #004: /scratch/spack_cpu/job_21700923/spack-stage/spack-stage-hdf5-1.10.7-xexa2gll6hf6okdatgrxiwhcjs2uepc7/spack-src/src/H5Dselect.c line 230 in H5D__select_io(): write error
    major: Dataspace
    minor: Write failed
  #005: /scratch/spack_cpu/job_21700923/spack-stage/spack-stage-hdf5-1.10.7-xexa2gll6hf6okdatgrxiwhcjs2uepc7/spack-src/src/H5Dcontig.c line 1281 in H5D__contig_writevv(): can't perform vectorized sieve buffer write
    major: Dataset
    minor: Can't operate on object
  #006: /scratch/spack_cpu/job_21700923/spack-stage/spack-stage-hdf5-1.10.7-xexa2gll6hf6okdatgrxiwhcjs2uepc7/spack-src/src/H5VM.c line 1464 in H5VM_opvv(): can't perform operation
    major: Internal error (too specific to document in detail)
    minor: Can't operate on object
  #007: /scratch/spack_cpu/job_21700923/spack-stage/spack-stage-hdf5-1.10.7-xexa2gll6hf6okdatgrxiwhcjs2uepc7/spack-src/src/H5Dcontig.c line 1029 in H5D__contig_writevv_sieve_cb(): block write failed
    major: Dataset
    minor: Write failed
  #008: /scratch/spack_cpu/job_21700923/spack-stage/spack-stage-hdf5-1.10.7-xexa2gll6hf6okdatgrxiwhcjs2uepc7/spack-src/src/H5Fio.c line 161 in H5F_block_write(): write through page buffer failed
    major: Low-level I/O
    minor: Write failed
  #009: /scratch/spack_cpu/job_21700923/spack-stage/spack-stage-hdf5-1.10.7-xexa2gll6hf6okdatgrxiwhcjs2uepc7/spack-src/src/H5PB.c line 1032 in H5PB_write(): write through metadata accumulator failed
    major: Page Buffering
    minor: Write failed
  #010: /scratch/spack_cpu/job_21700923/spack-stage/spack-stage-hdf5-1.10.7-xexa2gll6hf6okdatgrxiwhcjs2uepc7/spack-src/src/H5Faccum.c line 824 in H5F__accum_write(): file write failed
    major: Low-level I/O
    minor: Write failed
  #011: /scratch/spack_cpu/job_21700923/spack-stage/spack-stage-hdf5-1.10.7-xexa2gll6hf6okdatgrxiwhcjs2uepc7/spack-src/src/H5FDint.c line 249 in H5FD_write(): driver write request failed
    major: Virtual File Layer
    minor: Write failed
  #012: /scratch/spack_cpu/job_21700923/spack-stage/spack-stage-hdf5-1.10.7-xexa2gll6hf6okdatgrxiwhcjs2uepc7/spack-src/src/H5FDsec2.c line 856 in H5FD__sec2_write(): file write failed: time = Wed Nov 19 08:11:17 2025
, filename = 'checkpoint.h5', file descriptor = 5, errno = 14, error message = 'Bad address', buf = 0x1555537c4000, total write size = 15969552, bytes this sub-write = 15969552, bytes actually written = 18446744073709551615, offset = 0
    major: Low-level I/O
    minor: Write failed
HDF5-DIAG: Error detected in HDF5 (1.10.7) thread 0:
  #000: /scratch/spack_cpu/job_21700923/spack-stage/spack-stage-hdf5-1.10.7-xexa2gll6hf6okdatgrxiwhcjs2uepc7/spack-src/src/H5Dio.c line 335 in H5Dwrite(): can't write data
    major: Dataset
    minor: Write failed
  #001: /scratch/spack_cpu/job_21700923/spack-stage/spack-stage-hdf5-1.10.7-xexa2gll6hf6okdatgrxiwhcjs2uepc7/spack-src/src/H5Dio.c line 813 in H5D__write(): can't write data
    major: Dataset
    minor: Write failed
  #002: /scratch/spack_cpu/job_21700923/spack-stage/spack-stage-hdf5-1.10.7-xexa2gll6hf6okdatgrxiwhcjs2uepc7/spack-src/src/H5Dcontig.c line 659 in H5D__contig_write(): contiguous write failed
    major: Dataset
    minor: Write failed
  #003: /scratch/spack_cpu/job_21700923/spack-stage/spack-stage-hdf5-1.10.7-xexa2gll6hf6okdatgrxiwhcjs2uepc7/spack-src/src/H5Dselect.c line 321 in H5D__select_write(): write error
    major: Dataspace
    minor: Write failed
  #004: /scratch/spack_cpu/job_21700923/spack-stage/spack-stage-hdf5-1.10.7-xexa2gll6hf6okdatgrxiwhcjs2uepc7/spack-src/src/H5Dselect.c line 230 in H5D__select_io(): write error
    major: Dataspace
    minor: Write failed
  #005: /scratch/spack_cpu/job_21700923/spack-stage/spack-stage-hdf5-1.10.7-xexa2gll6hf6okdatgrxiwhcjs2uepc7/spack-src/src/H5Dcontig.c line 1281 in H5D__contig_writevv(): can't perform vectorized sieve buffer write
    major: Dataset
    minor: Can't operate on object
  #006: /scratch/spack_cpu/job_21700923/spack-stage/spack-stage-hdf5-1.10.7-xexa2gll6hf6okdatgrxiwhcjs2uepc7/spack-src/src/H5VM.c line 1464 in H5VM_opvv(): can't perform operation
    major: Internal error (too specific to document in detail)
    minor: Can't operate on object
  #007: /scratch/spack_cpu/job_21700923/spack-stage/spack-stage-hdf5-1.10.7-xexa2gll6hf6okdatgrxiwhcjs2uepc7/spack-src/src/H5Dcontig.c line 1029 in H5D__contig_writevv_sieve_cb(): block write failed
    major: Dataset
    minor: Write failed
  #008: /scratch/spack_cpu/job_21700923/spack-stage/spack-stage-hdf5-1.10.7-xexa2gll6hf6okdatgrxiwhcjs2uepc7/spack-src/src/H5Fio.c line 161 in H5F_block_write(): write through page buffer failed
    major: Low-level I/O
    minor: Write failed
  #009: /scratch/spack_cpu/job_21700923/spack-stage/spack-stage-hdf5-1.10.7-xexa2gll6hf6okdatgrxiwhcjs2uepc7/spack-src/src/H5PB.c line 1032 in H5PB_write(): write through metadata accumulator failed
    major: Page Buffering
    minor: Write failed
  #010: /scratch/spack_cpu/job_21700923/spack-stage/spack-stage-hdf5-1.10.7-xexa2gll6hf6okdatgrxiwhcjs2uepc7/spack-src/src/H5Faccum.c line 824 in H5F__accum_write(): file write failed
    major: Low-level I/O
    minor: Write failed
  #011: /scratch/spack_cpu/job_21700923/spack-stage/spack-stage-hdf5-1.10.7-xexa2gll6hf6okdatgrxiwhcjs2uepc7/spack-src/src/H5FDint.c line 249 in H5FD_write(): driver write request failed
    major: Virtual File Layer
    minor: Write failed
  #012: /scratch/spack_cpu/job_21700923/spack-stage/spack-stage-hdf5-1.10.7-xexa2gll6hf6okdatgrxiwhcjs2uepc7/spack-src/src/H5FDsec2.c line 856 in H5FD__sec2_write(): file write failed: time = Wed Nov 19 08:11:25 2025
, filename = 'checkpoint.h5', file descriptor = 5, errno = 14, error message = 'Bad address', buf = 0x1555537c4000, total write size = 15969552, bytes this sub-write = 15969552, bytes actually written = 18446744073709551615, offset = 0
    major: Low-level I/O
    minor: Write failed
HDF5-DIAG: Error detected in HDF5 (1.10.7) thread 0:
  #000: /scratch/spack_cpu/job_21700923/spack-stage/spack-stage-hdf5-1.10.7-xexa2gll6hf6okdatgrxiwhcjs2uepc7/spack-src/src/H5Dio.c line 335 in H5Dwrite(): can't write data
    major: Dataset
    minor: Write failed
  #001: /scratch/spack_cpu/job_21700923/spack-stage/spack-stage-hdf5-1.10.7-xexa2gll6hf6okdatgrxiwhcjs2uepc7/spack-src/src/H5Dio.c line 813 in H5D__write(): can't write data
    major: Dataset
    minor: Write failed
  #002: /scratch/spack_cpu/job_21700923/spack-stage/spack-stage-hdf5-1.10.7-xexa2gll6hf6okdatgrxiwhcjs2uepc7/spack-src/src/H5Dcontig.c line 659 in H5D__contig_write(): contiguous write failed
    major: Dataset
    minor: Write failed
  #003: /scratch/spack_cpu/job_21700923/spack-stage/spack-stage-hdf5-1.10.7-xexa2gll6hf6okdatgrxiwhcjs2uepc7/spack-src/src/H5Dselect.c line 321 in H5D__select_write(): write error
    major: Dataspace
    minor: Write failed
  #004: /scratch/spack_cpu/job_21700923/spack-stage/spack-stage-hdf5-1.10.7-xexa2gll6hf6okdatgrxiwhcjs2uepc7/spack-src/src/H5Dselect.c line 230 in H5D__select_io(): write error
    major: Dataspace
    minor: Write failed
  #005: /scratch/spack_cpu/job_21700923/spack-stage/spack-stage-hdf5-1.10.7-xexa2gll6hf6okdatgrxiwhcjs2uepc7/spack-src/src/H5Dcontig.c line 1281 in H5D__contig_writevv(): can't perform vectorized sieve buffer write
    major: Dataset
    minor: Can't operate on object
  #006: /scratch/spack_cpu/job_21700923/spack-stage/spack-stage-hdf5-1.10.7-xexa2gll6hf6okdatgrxiwhcjs2uepc7/spack-src/src/H5VM.c line 1464 in H5VM_opvv(): can't perform operation
    major: Internal error (too specific to document in detail)
    minor: Can't operate on object
  #007: /scratch/spack_cpu/job_21700923/spack-stage/spack-stage-hdf5-1.10.7-xexa2gll6hf6okdatgrxiwhcjs2uepc7/spack-src/src/H5Dcontig.c line 1029 in H5D__contig_writevv_sieve_cb(): block write failed
    major: Dataset
    minor: Write failed
  #008: /scratch/spack_cpu/job_21700923/spack-stage/spack-stage-hdf5-1.10.7-xexa2gll6hf6okdatgrxiwhcjs2uepc7/spack-src/src/H5Fio.c line 161 in H5F_block_write(): write through page buffer failed
    major: Low-level I/O
    minor: Write failed
  #009: /scratch/spack_cpu/job_21700923/spack-stage/spack-stage-hdf5-1.10.7-xexa2gll6hf6okdatgrxiwhcjs2uepc7/spack-src/src/H5PB.c line 1032 in H5PB_write(): write through metadata accumulator failed
    major: Page Buffering
    minor: Write failed
  #010: /scratch/spack_cpu/job_21700923/spack-stage/spack-stage-hdf5-1.10.7-xexa2gll6hf6okdatgrxiwhcjs2uepc7/spack-src/src/H5Faccum.c line 824 in H5F__accum_write(): file write failed
    major: Low-level I/O
    minor: Write failed
  #011: /scratch/spack_cpu/job_21700923/spack-stage/spack-stage-hdf5-1.10.7-xexa2gll6hf6okdatgrxiwhcjs2uepc7/spack-src/src/H5FDint.c line 249 in H5FD_write(): driver write request failed
    major: Virtual File Layer
    minor: Write failed
  #012: /scratch/spack_cpu/job_21700923/spack-stage/spack-stage-hdf5-1.10.7-xexa2gll6hf6okdatgrxiwhcjs2uepc7/spack-src/src/H5FDsec2.c line 856 in H5FD__sec2_write(): file write failed: time = Wed Nov 19 08:11:33 2025
, filename = 'checkpoint.h5', file descriptor = 5, errno = 14, error message = 'Bad address', buf = 0x1555537c4000, total write size = 15969552, bytes this sub-write = 15969552, bytes actually written = 18446744073709551615, offset = 0
    major: Low-level I/O
    minor: Write failed
HDF5-DIAG: Error detected in HDF5 (1.10.7) thread 0:
  #000: /scratch/spack_cpu/job_21700923/spack-stage/spack-stage-hdf5-1.10.7-xexa2gll6hf6okdatgrxiwhcjs2uepc7/spack-src/src/H5Dio.c line 335 in H5Dwrite(): can't write data
    major: Dataset
    minor: Write failed
  #001: /scratch/spack_cpu/job_21700923/spack-stage/spack-stage-hdf5-1.10.7-xexa2gll6hf6okdatgrxiwhcjs2uepc7/spack-src/src/H5Dio.c line 813 in H5D__write(): can't write data
    major: Dataset
    minor: Write failed
  #002: /scratch/spack_cpu/job_21700923/spack-stage/spack-stage-hdf5-1.10.7-xexa2gll6hf6okdatgrxiwhcjs2uepc7/spack-src/src/H5Dcontig.c line 659 in H5D__contig_write(): contiguous write failed
    major: Dataset
    minor: Write failed
  #003: /scratch/spack_cpu/job_21700923/spack-stage/spack-stage-hdf5-1.10.7-xexa2gll6hf6okdatgrxiwhcjs2uepc7/spack-src/src/H5Dselect.c line 321 in H5D__select_write(): write error
    major: Dataspace
    minor: Write failed
  #004: /scratch/spack_cpu/job_21700923/spack-stage/spack-stage-hdf5-1.10.7-xexa2gll6hf6okdatgrxiwhcjs2uepc7/spack-src/src/H5Dselect.c line 230 in H5D__select_io(): write error
    major: Dataspace
    minor: Write failed
  #005: /scratch/spack_cpu/job_21700923/spack-stage/spack-stage-hdf5-1.10.7-xexa2gll6hf6okdatgrxiwhcjs2uepc7/spack-src/src/H5Dcontig.c line 1281 in H5D__contig_writevv(): can't perform vectorized sieve buffer write
    major: Dataset
    minor: Can't operate on object
  #006: /scratch/spack_cpu/job_21700923/spack-stage/spack-stage-hdf5-1.10.7-xexa2gll6hf6okdatgrxiwhcjs2uepc7/spack-src/src/H5VM.c line 1464 in H5VM_opvv(): can't perform operation
    major: Internal error (too specific to document in detail)
    minor: Can't operate on object
  #007: /scratch/spack_cpu/job_21700923/spack-stage/spack-stage-hdf5-1.10.7-xexa2gll6hf6okdatgrxiwhcjs2uepc7/spack-src/src/H5Dcontig.c line 1029 in H5D__contig_writevv_sieve_cb(): block write failed
    major: Dataset
    minor: Write failed
  #008: /scratch/spack_cpu/job_21700923/spack-stage/spack-stage-hdf5-1.10.7-xexa2gll6hf6okdatgrxiwhcjs2uepc7/spack-src/src/H5Fio.c line 161 in H5F_block_write(): write through page buffer failed
    major: Low-level I/O
    minor: Write failed
  #009: /scratch/spack_cpu/job_21700923/spack-stage/spack-stage-hdf5-1.10.7-xexa2gll6hf6okdatgrxiwhcjs2uepc7/spack-src/src/H5PB.c line 1032 in H5PB_write(): write through metadata accumulator failed
    major: Page Buffering
    minor: Write failed
  #010: /scratch/spack_cpu/job_21700923/spack-stage/spack-stage-hdf5-1.10.7-xexa2gll6hf6okdatgrxiwhcjs2uepc7/spack-src/src/H5Faccum.c line 824 in H5F__accum_write(): file write failed
    major: Low-level I/O
    minor: Write failed
  #011: /scratch/spack_cpu/job_21700923/spack-stage/spack-stage-hdf5-1.10.7-xexa2gll6hf6okdatgrxiwhcjs2uepc7/spack-src/src/H5FDint.c line 249 in H5FD_write(): driver write request failed
    major: Virtual File Layer
    minor: Write failed
  #012: /scratch/spack_cpu/job_21700923/spack-stage/spack-stage-hdf5-1.10.7-xexa2gll6hf6okdatgrxiwhcjs2uepc7/spack-src/src/H5FDsec2.c line 856 in H5FD__sec2_write(): file write failed: time = Wed Nov 19 08:11:40 2025
, filename = 'checkpoint.h5', file descriptor = 5, errno = 14, error message = 'Bad address', buf = 0x1555537c4000, total write size = 15969552, bytes this sub-write = 15969552, bytes actually written = 18446744073709551615, offset = 0
    major: Low-level I/O
    minor: Write failed
HDF5-DIAG: Error detected in HDF5 (1.10.7) thread 0:
  #000: /scratch/spack_cpu/job_21700923/spack-stage/spack-stage-hdf5-1.10.7-xexa2gll6hf6okdatgrxiwhcjs2uepc7/spack-src/src/H5Dio.c line 335 in H5Dwrite(): can't write data
    major: Dataset
    minor: Write failed
  #001: /scratch/spack_cpu/job_21700923/spack-stage/spack-stage-hdf5-1.10.7-xexa2gll6hf6okdatgrxiwhcjs2uepc7/spack-src/src/H5Dio.c line 813 in H5D__write(): can't write data
    major: Dataset
    minor: Write failed
  #002: /scratch/spack_cpu/job_21700923/spack-stage/spack-stage-hdf5-1.10.7-xexa2gll6hf6okdatgrxiwhcjs2uepc7/spack-src/src/H5Dcontig.c line 659 in H5D__contig_write(): contiguous write failed
    major: Dataset
    minor: Write failed
  #003: /scratch/spack_cpu/job_21700923/spack-stage/spack-stage-hdf5-1.10.7-xexa2gll6hf6okdatgrxiwhcjs2uepc7/spack-src/src/H5Dselect.c line 321 in H5D__select_write(): write error
    major: Dataspace
    minor: Write failed
  #004: /scratch/spack_cpu/job_21700923/spack-stage/spack-stage-hdf5-1.10.7-xexa2gll6hf6okdatgrxiwhcjs2uepc7/spack-src/src/H5Dselect.c line 230 in H5D__select_io(): write error
    major: Dataspace
    minor: Write failed
  #005: /scratch/spack_cpu/job_21700923/spack-stage/spack-stage-hdf5-1.10.7-xexa2gll6hf6okdatgrxiwhcjs2uepc7/spack-src/src/H5Dcontig.c line 1281 in H5D__contig_writevv(): can't perform vectorized sieve buffer write
    major: Dataset
    minor: Can't operate on object
  #006: /scratch/spack_cpu/job_21700923/spack-stage/spack-stage-hdf5-1.10.7-xexa2gll6hf6okdatgrxiwhcjs2uepc7/spack-src/src/H5VM.c line 1464 in H5VM_opvv(): can't perform operation
    major: Internal error (too specific to document in detail)
    minor: Can't operate on object
  #007: /scratch/spack_cpu/job_21700923/spack-stage/spack-stage-hdf5-1.10.7-xexa2gll6hf6okdatgrxiwhcjs2uepc7/spack-src/src/H5Dcontig.c line 1029 in H5D__contig_writevv_sieve_cb(): block write failed
    major: Dataset
    minor: Write failed
  #008: /scratch/spack_cpu/job_21700923/spack-stage/spack-stage-hdf5-1.10.7-xexa2gll6hf6okdatgrxiwhcjs2uepc7/spack-src/src/H5Fio.c line 161 in H5F_block_write(): write through page buffer failed
    major: Low-level I/O
    minor: Write failed
  #009: /scratch/spack_cpu/job_21700923/spack-stage/spack-stage-hdf5-1.10.7-xexa2gll6hf6okdatgrxiwhcjs2uepc7/spack-src/src/H5PB.c line 1032 in H5PB_write(): write through metadata accumulator failed
    major: Page Buffering
    minor: Write failed
  #010: /scratch/spack_cpu/job_21700923/spack-stage/spack-stage-hdf5-1.10.7-xexa2gll6hf6okdatgrxiwhcjs2uepc7/spack-src/src/H5Faccum.c line 824 in H5F__accum_write(): file write failed
    major: Low-level I/O
    minor: Write failed
  #011: /scratch/spack_cpu/job_21700923/spack-stage/spack-stage-hdf5-1.10.7-xexa2gll6hf6okdatgrxiwhcjs2uepc7/spack-src/src/H5FDint.c line 249 in H5FD_write(): driver write request failed
    major: Virtual File Layer
    minor: Write failed
  #012: /scratch/spack_cpu/job_21700923/spack-stage/spack-stage-hdf5-1.10.7-xexa2gll6hf6okdatgrxiwhcjs2uepc7/spack-src/src/H5FDsec2.c line 856 in H5FD__sec2_write(): file write failed: time = Wed Nov 19 08:11:48 2025
, filename = 'checkpoint.h5', file descriptor = 5, errno = 14, error message = 'Bad address', buf = 0x1555537c4000, total write size = 15969552, bytes this sub-write = 15969552, bytes actually written = 18446744073709551615, offset = 0
    major: Low-level I/O
    minor: Write failed
HDF5-DIAG: Error detected in HDF5 (1.10.7) thread 0:
  #000: /scratch/spack_cpu/job_21700923/spack-stage/spack-stage-hdf5-1.10.7-xexa2gll6hf6okdatgrxiwhcjs2uepc7/spack-src/src/H5Dio.c line 335 in H5Dwrite(): can't write data
    major: Dataset
    minor: Write failed
  #001: /scratch/spack_cpu/job_21700923/spack-stage/spack-stage-hdf5-1.10.7-xexa2gll6hf6okdatgrxiwhcjs2uepc7/spack-src/src/H5Dio.c line 813 in H5D__write(): can't write data
    major: Dataset
    minor: Write failed
  #002: /scratch/spack_cpu/job_21700923/spack-stage/spack-stage-hdf5-1.10.7-xexa2gll6hf6okdatgrxiwhcjs2uepc7/spack-src/src/H5Dcontig.c line 659 in H5D__contig_write(): contiguous write failed
    major: Dataset
    minor: Write failed
  #003: /scratch/spack_cpu/job_21700923/spack-stage/spack-stage-hdf5-1.10.7-xexa2gll6hf6okdatgrxiwhcjs2uepc7/spack-src/src/H5Dselect.c line 321 in H5D__select_write(): write error
    major: Dataspace
    minor: Write failed
  #004: /scratch/spack_cpu/job_21700923/spack-stage/spack-stage-hdf5-1.10.7-xexa2gll6hf6okdatgrxiwhcjs2uepc7/spack-src/src/H5Dselect.c line 230 in H5D__select_io(): write error
    major: Dataspace
    minor: Write failed
  #005: /scratch/spack_cpu/job_21700923/spack-stage/spack-stage-hdf5-1.10.7-xexa2gll6hf6okdatgrxiwhcjs2uepc7/spack-src/src/H5Dcontig.c line 1281 in H5D__contig_writevv(): can't perform vectorized sieve buffer write
    major: Dataset
    minor: Can't operate on object
  #006: /scratch/spack_cpu/job_21700923/spack-stage/spack-stage-hdf5-1.10.7-xexa2gll6hf6okdatgrxiwhcjs2uepc7/spack-src/src/H5VM.c line 1464 in H5VM_opvv(): can't perform operation
    major: Internal error (too specific to document in detail)
    minor: Can't operate on object
  #007: /scratch/spack_cpu/job_21700923/spack-stage/spack-stage-hdf5-1.10.7-xexa2gll6hf6okdatgrxiwhcjs2uepc7/spack-src/src/H5Dcontig.c line 1029 in H5D__contig_writevv_sieve_cb(): block write failed
    major: Dataset
    minor: Write failed
  #008: /scratch/spack_cpu/job_21700923/spack-stage/spack-stage-hdf5-1.10.7-xexa2gll6hf6okdatgrxiwhcjs2uepc7/spack-src/src/H5Fio.c line 161 in H5F_block_write(): write through page buffer failed
    major: Low-level I/O
    minor: Write failed
  #009: /scratch/spack_cpu/job_21700923/spack-stage/spack-stage-hdf5-1.10.7-xexa2gll6hf6okdatgrxiwhcjs2uepc7/spack-src/src/H5PB.c line 1032 in H5PB_write(): write through metadata accumulator failed
    major: Page Buffering
    minor: Write failed
  #010: /scratch/spack_cpu/job_21700923/spack-stage/spack-stage-hdf5-1.10.7-xexa2gll6hf6okdatgrxiwhcjs2uepc7/spack-src/src/H5Faccum.c line 824 in H5F__accum_write(): file write failed
    major: Low-level I/O
    minor: Write failed
  #011: /scratch/spack_cpu/job_21700923/spack-stage/spack-stage-hdf5-1.10.7-xexa2gll6hf6okdatgrxiwhcjs2uepc7/spack-src/src/H5FDint.c line 249 in H5FD_write(): driver write request failed
    major: Virtual File Layer
    minor: Write failed
  #012: /scratch/spack_cpu/job_21700923/spack-stage/spack-stage-hdf5-1.10.7-xexa2gll6hf6okdatgrxiwhcjs2uepc7/spack-src/src/H5FDsec2.c line 856 in H5FD__sec2_write(): file write failed: time = Wed Nov 19 08:11:55 2025
, filename = 'checkpoint.h5', file descriptor = 5, errno = 14, error message = 'Bad address', buf = 0x1555537c4000, total write size = 15969552, bytes this sub-write = 15969552, bytes actually written = 18446744073709551615, offset = 0
    major: Low-level I/O
    minor: Write failed
HDF5-DIAG: Error detected in HDF5 (1.10.7) thread 0:
  #000: /scratch/spack_cpu/job_21700923/spack-stage/spack-stage-hdf5-1.10.7-xexa2gll6hf6okdatgrxiwhcjs2uepc7/spack-src/src/H5Dio.c line 335 in H5Dwrite(): can't write data
    major: Dataset
    minor: Write failed
  #001: /scratch/spack_cpu/job_21700923/spack-stage/spack-stage-hdf5-1.10.7-xexa2gll6hf6okdatgrxiwhcjs2uepc7/spack-src/src/H5Dio.c line 813 in H5D__write(): can't write data
    major: Dataset
    minor: Write failed
  #002: /scratch/spack_cpu/job_21700923/spack-stage/spack-stage-hdf5-1.10.7-xexa2gll6hf6okdatgrxiwhcjs2uepc7/spack-src/src/H5Dcontig.c line 659 in H5D__contig_write(): contiguous write failed
    major: Dataset
    minor: Write failed
  #003: /scratch/spack_cpu/job_21700923/spack-stage/spack-stage-hdf5-1.10.7-xexa2gll6hf6okdatgrxiwhcjs2uepc7/spack-src/src/H5Dselect.c line 321 in H5D__select_write(): write error
    major: Dataspace
    minor: Write failed
  #004: /scratch/spack_cpu/job_21700923/spack-stage/spack-stage-hdf5-1.10.7-xexa2gll6hf6okdatgrxiwhcjs2uepc7/spack-src/src/H5Dselect.c line 230 in H5D__select_io(): write error
    major: Dataspace
    minor: Write failed
  #005: /scratch/spack_cpu/job_21700923/spack-stage/spack-stage-hdf5-1.10.7-xexa2gll6hf6okdatgrxiwhcjs2uepc7/spack-src/src/H5Dcontig.c line 1281 in H5D__contig_writevv(): can't perform vectorized sieve buffer write
    major: Dataset
    minor: Can't operate on object
  #006: /scratch/spack_cpu/job_21700923/spack-stage/spack-stage-hdf5-1.10.7-xexa2gll6hf6okdatgrxiwhcjs2uepc7/spack-src/src/H5VM.c line 1464 in H5VM_opvv(): can't perform operation
    major: Internal error (too specific to document in detail)
    minor: Can't operate on object
  #007: /scratch/spack_cpu/job_21700923/spack-stage/spack-stage-hdf5-1.10.7-xexa2gll6hf6okdatgrxiwhcjs2uepc7/spack-src/src/H5Dcontig.c line 1029 in H5D__contig_writevv_sieve_cb(): block write failed
    major: Dataset
    minor: Write failed
  #008: /scratch/spack_cpu/job_21700923/spack-stage/spack-stage-hdf5-1.10.7-xexa2gll6hf6okdatgrxiwhcjs2uepc7/spack-src/src/H5Fio.c line 161 in H5F_block_write(): write through page buffer failed
    major: Low-level I/O
    minor: Write failed
  #009: /scratch/spack_cpu/job_21700923/spack-stage/spack-stage-hdf5-1.10.7-xexa2gll6hf6okdatgrxiwhcjs2uepc7/spack-src/src/H5PB.c line 1032 in H5PB_write(): write through metadata accumulator failed
    major: Page Buffering
    minor: Write failed
  #010: /scratch/spack_cpu/job_21700923/spack-stage/spack-stage-hdf5-1.10.7-xexa2gll6hf6okdatgrxiwhcjs2uepc7/spack-src/src/H5Faccum.c line 824 in H5F__accum_write(): file write failed
    major: Low-level I/O
    minor: Write failed
  #011: /scratch/spack_cpu/job_21700923/spack-stage/spack-stage-hdf5-1.10.7-xexa2gll6hf6okdatgrxiwhcjs2uepc7/spack-src/src/H5FDint.c line 249 in H5FD_write(): driver write request failed
    major: Virtual File Layer
    minor: Write failed
  #012: /scratch/spack_cpu/job_21700923/spack-stage/spack-stage-hdf5-1.10.7-xexa2gll6hf6okdatgrxiwhcjs2uepc7/spack-src/src/H5FDsec2.c line 856 in H5FD__sec2_write(): file write failed: time = Wed Nov 19 08:12:03 2025
, filename = 'checkpoint.h5', file descriptor = 5, errno = 14, error message = 'Bad address', buf = 0x1555537c4000, total write size = 15969552, bytes this sub-write = 15969552, bytes actually written = 18446744073709551615, offset = 0
    major: Low-level I/O
    minor: Write failed
HDF5-DIAG: Error detected in HDF5 (1.10.7) thread 0:
  #000: /scratch/spack_cpu/job_21700923/spack-stage/spack-stage-hdf5-1.10.7-xexa2gll6hf6okdatgrxiwhcjs2uepc7/spack-src/src/H5Dio.c line 335 in H5Dwrite(): can't write data
    major: Dataset
    minor: Write failed
  #001: /scratch/spack_cpu/job_21700923/spack-stage/spack-stage-hdf5-1.10.7-xexa2gll6hf6okdatgrxiwhcjs2uepc7/spack-src/src/H5Dio.c line 813 in H5D__write(): can't write data
    major: Dataset
    minor: Write failed
  #002: /scratch/spack_cpu/job_21700923/spack-stage/spack-stage-hdf5-1.10.7-xexa2gll6hf6okdatgrxiwhcjs2uepc7/spack-src/src/H5Dcontig.c line 659 in H5D__contig_write(): contiguous write failed
    major: Dataset
    minor: Write failed
  #003: /scratch/spack_cpu/job_21700923/spack-stage/spack-stage-hdf5-1.10.7-xexa2gll6hf6okdatgrxiwhcjs2uepc7/spack-src/src/H5Dselect.c line 321 in H5D__select_write(): write error
    major: Dataspace
    minor: Write failed
  #004: /scratch/spack_cpu/job_21700923/spack-stage/spack-stage-hdf5-1.10.7-xexa2gll6hf6okdatgrxiwhcjs2uepc7/spack-src/src/H5Dselect.c line 230 in H5D__select_io(): write error
    major: Dataspace
    minor: Write failed
  #005: /scratch/spack_cpu/job_21700923/spack-stage/spack-stage-hdf5-1.10.7-xexa2gll6hf6okdatgrxiwhcjs2uepc7/spack-src/src/H5Dcontig.c line 1281 in H5D__contig_writevv(): can't perform vectorized sieve buffer write
    major: Dataset
    minor: Can't operate on object
  #006: /scratch/spack_cpu/job_21700923/spack-stage/spack-stage-hdf5-1.10.7-xexa2gll6hf6okdatgrxiwhcjs2uepc7/spack-src/src/H5VM.c line 1464 in H5VM_opvv(): can't perform operation
    major: Internal error (too specific to document in detail)
    minor: Can't operate on object
  #007: /scratch/spack_cpu/job_21700923/spack-stage/spack-stage-hdf5-1.10.7-xexa2gll6hf6okdatgrxiwhcjs2uepc7/spack-src/src/H5Dcontig.c line 1029 in H5D__contig_writevv_sieve_cb(): block write failed
    major: Dataset
    minor: Write failed
  #008: /scratch/spack_cpu/job_21700923/spack-stage/spack-stage-hdf5-1.10.7-xexa2gll6hf6okdatgrxiwhcjs2uepc7/spack-src/src/H5Fio.c line 161 in H5F_block_write(): write through page buffer failed
    major: Low-level I/O
    minor: Write failed
  #009: /scratch/spack_cpu/job_21700923/spack-stage/spack-stage-hdf5-1.10.7-xexa2gll6hf6okdatgrxiwhcjs2uepc7/spack-src/src/H5PB.c line 1032 in H5PB_write(): write through metadata accumulator failed
    major: Page Buffering
    minor: Write failed
  #010: /scratch/spack_cpu/job_21700923/spack-stage/spack-stage-hdf5-1.10.7-xexa2gll6hf6okdatgrxiwhcjs2uepc7/spack-src/src/H5Faccum.c line 824 in H5F__accum_write(): file write failed
    major: Low-level I/O
    minor: Write failed
  #011: /scratch/spack_cpu/job_21700923/spack-stage/spack-stage-hdf5-1.10.7-xexa2gll6hf6okdatgrxiwhcjs2uepc7/spack-src/src/H5FDint.c line 249 in H5FD_write(): driver write request failed
    major: Virtual File Layer
    minor: Write failed
  #012: /scratch/spack_cpu/job_21700923/spack-stage/spack-stage-hdf5-1.10.7-xexa2gll6hf6okdatgrxiwhcjs2uepc7/spack-src/src/H5FDsec2.c line 856 in H5FD__sec2_write(): file write failed: time = Wed Nov 19 08:12:11 2025
, filename = 'checkpoint.h5', file descriptor = 5, errno = 14, error message = 'Bad address', buf = 0x1555537c4000, total write size = 15969552, bytes this sub-write = 15969552, bytes actually written = 18446744073709551615, offset = 0
    major: Low-level I/O
    minor: Write failed
HDF5-DIAG: Error detected in HDF5 (1.10.7) thread 0:
  #000: /scratch/spack_cpu/job_21700923/spack-stage/spack-stage-hdf5-1.10.7-xexa2gll6hf6okdatgrxiwhcjs2uepc7/spack-src/src/H5Dio.c line 335 in H5Dwrite(): can't write data
    major: Dataset
    minor: Write failed
  #001: /scratch/spack_cpu/job_21700923/spack-stage/spack-stage-hdf5-1.10.7-xexa2gll6hf6okdatgrxiwhcjs2uepc7/spack-src/src/H5Dio.c line 813 in H5D__write(): can't write data
    major: Dataset
    minor: Write failed
  #002: /scratch/spack_cpu/job_21700923/spack-stage/spack-stage-hdf5-1.10.7-xexa2gll6hf6okdatgrxiwhcjs2uepc7/spack-src/src/H5Dcontig.c line 659 in H5D__contig_write(): contiguous write failed
    major: Dataset
    minor: Write failed
  #003: /scratch/spack_cpu/job_21700923/spack-stage/spack-stage-hdf5-1.10.7-xexa2gll6hf6okdatgrxiwhcjs2uepc7/spack-src/src/H5Dselect.c line 321 in H5D__select_write(): write error
    major: Dataspace
    minor: Write failed
  #004: /scratch/spack_cpu/job_21700923/spack-stage/spack-stage-hdf5-1.10.7-xexa2gll6hf6okdatgrxiwhcjs2uepc7/spack-src/src/H5Dselect.c line 230 in H5D__select_io(): write error
    major: Dataspace
    minor: Write failed
  #005: /scratch/spack_cpu/job_21700923/spack-stage/spack-stage-hdf5-1.10.7-xexa2gll6hf6okdatgrxiwhcjs2uepc7/spack-src/src/H5Dcontig.c line 1281 in H5D__contig_writevv(): can't perform vectorized sieve buffer write
    major: Dataset
    minor: Can't operate on object
  #006: /scratch/spack_cpu/job_21700923/spack-stage/spack-stage-hdf5-1.10.7-xexa2gll6hf6okdatgrxiwhcjs2uepc7/spack-src/src/H5VM.c line 1464 in H5VM_opvv(): can't perform operation
    major: Internal error (too specific to document in detail)
    minor: Can't operate on object
  #007: /scratch/spack_cpu/job_21700923/spack-stage/spack-stage-hdf5-1.10.7-xexa2gll6hf6okdatgrxiwhcjs2uepc7/spack-src/src/H5Dcontig.c line 1029 in H5D__contig_writevv_sieve_cb(): block write failed
    major: Dataset
    minor: Write failed
  #008: /scratch/spack_cpu/job_21700923/spack-stage/spack-stage-hdf5-1.10.7-xexa2gll6hf6okdatgrxiwhcjs2uepc7/spack-src/src/H5Fio.c line 161 in H5F_block_write(): write through page buffer failed
    major: Low-level I/O
    minor: Write failed
  #009: /scratch/spack_cpu/job_21700923/spack-stage/spack-stage-hdf5-1.10.7-xexa2gll6hf6okdatgrxiwhcjs2uepc7/spack-src/src/H5PB.c line 1032 in H5PB_write(): write through metadata accumulator failed
    major: Page Buffering
    minor: Write failed
  #010: /scratch/spack_cpu/job_21700923/spack-stage/spack-stage-hdf5-1.10.7-xexa2gll6hf6okdatgrxiwhcjs2uepc7/spack-src/src/H5Faccum.c line 824 in H5F__accum_write(): file write failed
    major: Low-level I/O
    minor: Write failed
  #011: /scratch/spack_cpu/job_21700923/spack-stage/spack-stage-hdf5-1.10.7-xexa2gll6hf6okdatgrxiwhcjs2uepc7/spack-src/src/H5FDint.c line 249 in H5FD_write(): driver write request failed
    major: Virtual File Layer
    minor: Write failed
  #012: /scratch/spack_cpu/job_21700923/spack-stage/spack-stage-hdf5-1.10.7-xexa2gll6hf6okdatgrxiwhcjs2uepc7/spack-src/src/H5FDsec2.c line 856 in H5FD__sec2_write(): file write failed: time = Wed Nov 19 08:12:18 2025
, filename = 'checkpoint.h5', file descriptor = 5, errno = 14, error message = 'Bad address', buf = 0x1555537c4000, total write size = 15969552, bytes this sub-write = 15969552, bytes actually written = 18446744073709551615, offset = 0
    major: Low-level I/O
    minor: Write failed
HDF5-DIAG: Error detected in HDF5 (1.10.7) thread 0:
  #000: /scratch/spack_cpu/job_21700923/spack-stage/spack-stage-hdf5-1.10.7-xexa2gll6hf6okdatgrxiwhcjs2uepc7/spack-src/src/H5Dio.c line 335 in H5Dwrite(): can't write data
    major: Dataset
    minor: Write failed
  #001: /scratch/spack_cpu/job_21700923/spack-stage/spack-stage-hdf5-1.10.7-xexa2gll6hf6okdatgrxiwhcjs2uepc7/spack-src/src/H5Dio.c line 813 in H5D__write(): can't write data
    major: Dataset
    minor: Write failed
  #002: /scratch/spack_cpu/job_21700923/spack-stage/spack-stage-hdf5-1.10.7-xexa2gll6hf6okdatgrxiwhcjs2uepc7/spack-src/src/H5Dcontig.c line 659 in H5D__contig_write(): contiguous write failed
    major: Dataset
    minor: Write failed
  #003: /scratch/spack_cpu/job_21700923/spack-stage/spack-stage-hdf5-1.10.7-xexa2gll6hf6okdatgrxiwhcjs2uepc7/spack-src/src/H5Dselect.c line 321 in H5D__select_write(): write error
    major: Dataspace
    minor: Write failed
  #004: /scratch/spack_cpu/job_21700923/spack-stage/spack-stage-hdf5-1.10.7-xexa2gll6hf6okdatgrxiwhcjs2uepc7/spack-src/src/H5Dselect.c line 230 in H5D__select_io(): write error
    major: Dataspace
    minor: Write failed
  #005: /scratch/spack_cpu/job_21700923/spack-stage/spack-stage-hdf5-1.10.7-xexa2gll6hf6okdatgrxiwhcjs2uepc7/spack-src/src/H5Dcontig.c line 1281 in H5D__contig_writevv(): can't perform vectorized sieve buffer write
    major: Dataset
    minor: Can't operate on object
  #006: /scratch/spack_cpu/job_21700923/spack-stage/spack-stage-hdf5-1.10.7-xexa2gll6hf6okdatgrxiwhcjs2uepc7/spack-src/src/H5VM.c line 1464 in H5VM_opvv(): can't perform operation
    major: Internal error (too specific to document in detail)
    minor: Can't operate on object
  #007: /scratch/spack_cpu/job_21700923/spack-stage/spack-stage-hdf5-1.10.7-xexa2gll6hf6okdatgrxiwhcjs2uepc7/spack-src/src/H5Dcontig.c line 1029 in H5D__contig_writevv_sieve_cb(): block write failed
    major: Dataset
    minor: Write failed
  #008: /scratch/spack_cpu/job_21700923/spack-stage/spack-stage-hdf5-1.10.7-xexa2gll6hf6okdatgrxiwhcjs2uepc7/spack-src/src/H5Fio.c line 161 in H5F_block_write(): write through page buffer failed
    major: Low-level I/O
    minor: Write failed
  #009: /scratch/spack_cpu/job_21700923/spack-stage/spack-stage-hdf5-1.10.7-xexa2gll6hf6okdatgrxiwhcjs2uepc7/spack-src/src/H5PB.c line 1032 in H5PB_write(): write through metadata accumulator failed
    major: Page Buffering
    minor: Write failed
  #010: /scratch/spack_cpu/job_21700923/spack-stage/spack-stage-hdf5-1.10.7-xexa2gll6hf6okdatgrxiwhcjs2uepc7/spack-src/src/H5Faccum.c line 824 in H5F__accum_write(): file write failed
    major: Low-level I/O
    minor: Write failed
  #011: /scratch/spack_cpu/job_21700923/spack-stage/spack-stage-hdf5-1.10.7-xexa2gll6hf6okdatgrxiwhcjs2uepc7/spack-src/src/H5FDint.c line 249 in H5FD_write(): driver write request failed
    major: Virtual File Layer
    minor: Write failed
  #012: /scratch/spack_cpu/job_21700923/spack-stage/spack-stage-hdf5-1.10.7-xexa2gll6hf6okdatgrxiwhcjs2uepc7/spack-src/src/H5FDsec2.c line 856 in H5FD__sec2_write(): file write failed: time = Wed Nov 19 08:12:27 2025
, filename = 'checkpoint.h5', file descriptor = 5, errno = 14, error message = 'Bad address', buf = 0x1555537c4000, total write size = 15969552, bytes this sub-write = 15969552, bytes actually written = 18446744073709551615, offset = 0
    major: Low-level I/O
    minor: Write failed
HDF5-DIAG: Error detected in HDF5 (1.10.7) thread 0:
  #000: /scratch/spack_cpu/job_21700923/spack-stage/spack-stage-hdf5-1.10.7-xexa2gll6hf6okdatgrxiwhcjs2uepc7/spack-src/src/H5Dio.c line 335 in H5Dwrite(): can't write data
    major: Dataset
    minor: Write failed
  #001: /scratch/spack_cpu/job_21700923/spack-stage/spack-stage-hdf5-1.10.7-xexa2gll6hf6okdatgrxiwhcjs2uepc7/spack-src/src/H5Dio.c line 813 in H5D__write(): can't write data
    major: Dataset
    minor: Write failed
  #002: /scratch/spack_cpu/job_21700923/spack-stage/spack-stage-hdf5-1.10.7-xexa2gll6hf6okdatgrxiwhcjs2uepc7/spack-src/src/H5Dcontig.c line 659 in H5D__contig_write(): contiguous write failed
    major: Dataset
    minor: Write failed
  #003: /scratch/spack_cpu/job_21700923/spack-stage/spack-stage-hdf5-1.10.7-xexa2gll6hf6okdatgrxiwhcjs2uepc7/spack-src/src/H5Dselect.c line 321 in H5D__select_write(): write error
    major: Dataspace
    minor: Write failed
  #004: /scratch/spack_cpu/job_21700923/spack-stage/spack-stage-hdf5-1.10.7-xexa2gll6hf6okdatgrxiwhcjs2uepc7/spack-src/src/H5Dselect.c line 230 in H5D__select_io(): write error
    major: Dataspace
    minor: Write failed
  #005: /scratch/spack_cpu/job_21700923/spack-stage/spack-stage-hdf5-1.10.7-xexa2gll6hf6okdatgrxiwhcjs2uepc7/spack-src/src/H5Dcontig.c line 1281 in H5D__contig_writevv(): can't perform vectorized sieve buffer write
    major: Dataset
    minor: Can't operate on object
  #006: /scratch/spack_cpu/job_21700923/spack-stage/spack-stage-hdf5-1.10.7-xexa2gll6hf6okdatgrxiwhcjs2uepc7/spack-src/src/H5VM.c line 1464 in H5VM_opvv(): can't perform operation
    major: Internal error (too specific to document in detail)
    minor: Can't operate on object
  #007: /scratch/spack_cpu/job_21700923/spack-stage/spack-stage-hdf5-1.10.7-xexa2gll6hf6okdatgrxiwhcjs2uepc7/spack-src/src/H5Dcontig.c line 1029 in H5D__contig_writevv_sieve_cb(): block write failed
    major: Dataset
    minor: Write failed
  #008: /scratch/spack_cpu/job_21700923/spack-stage/spack-stage-hdf5-1.10.7-xexa2gll6hf6okdatgrxiwhcjs2uepc7/spack-src/src/H5Fio.c line 161 in H5F_block_write(): write through page buffer failed
    major: Low-level I/O
    minor: Write failed
  #009: /scratch/spack_cpu/job_21700923/spack-stage/spack-stage-hdf5-1.10.7-xexa2gll6hf6okdatgrxiwhcjs2uepc7/spack-src/src/H5PB.c line 1032 in H5PB_write(): write through metadata accumulator failed
    major: Page Buffering
    minor: Write failed
  #010: /scratch/spack_cpu/job_21700923/spack-stage/spack-stage-hdf5-1.10.7-xexa2gll6hf6okdatgrxiwhcjs2uepc7/spack-src/src/H5Faccum.c line 824 in H5F__accum_write(): file write failed
    major: Low-level I/O
    minor: Write failed
  #011: /scratch/spack_cpu/job_21700923/spack-stage/spack-stage-hdf5-1.10.7-xexa2gll6hf6okdatgrxiwhcjs2uepc7/spack-src/src/H5FDint.c line 249 in H5FD_write(): driver write request failed
    major: Virtual File Layer
    minor: Write failed
  #012: /scratch/spack_cpu/job_21700923/spack-stage/spack-stage-hdf5-1.10.7-xexa2gll6hf6okdatgrxiwhcjs2uepc7/spack-src/src/H5FDsec2.c line 856 in H5FD__sec2_write(): file write failed: time = Wed Nov 19 08:12:34 2025
, filename = 'checkpoint.h5', file descriptor = 5, errno = 14, error message = 'Bad address', buf = 0x1555537c4000, total write size = 15969552, bytes this sub-write = 15969552, bytes actually written = 18446744073709551615, offset = 0
    major: Low-level I/O
    minor: Write failed
HDF5-DIAG: Error detected in HDF5 (1.10.7) thread 0:
  #000: /scratch/spack_cpu/job_21700923/spack-stage/spack-stage-hdf5-1.10.7-xexa2gll6hf6okdatgrxiwhcjs2uepc7/spack-src/src/H5Dio.c line 335 in H5Dwrite(): can't write data
    major: Dataset
    minor: Write failed
  #001: /scratch/spack_cpu/job_21700923/spack-stage/spack-stage-hdf5-1.10.7-xexa2gll6hf6okdatgrxiwhcjs2uepc7/spack-src/src/H5Dio.c line 813 in H5D__write(): can't write data
    major: Dataset
    minor: Write failed
  #002: /scratch/spack_cpu/job_21700923/spack-stage/spack-stage-hdf5-1.10.7-xexa2gll6hf6okdatgrxiwhcjs2uepc7/spack-src/src/H5Dcontig.c line 659 in H5D__contig_write(): contiguous write failed
    major: Dataset
    minor: Write failed
  #003: /scratch/spack_cpu/job_21700923/spack-stage/spack-stage-hdf5-1.10.7-xexa2gll6hf6okdatgrxiwhcjs2uepc7/spack-src/src/H5Dselect.c line 321 in H5D__select_write(): write error
    major: Dataspace
    minor: Write failed
  #004: /scratch/spack_cpu/job_21700923/spack-stage/spack-stage-hdf5-1.10.7-xexa2gll6hf6okdatgrxiwhcjs2uepc7/spack-src/src/H5Dselect.c line 230 in H5D__select_io(): write error
    major: Dataspace
    minor: Write failed
  #005: /scratch/spack_cpu/job_21700923/spack-stage/spack-stage-hdf5-1.10.7-xexa2gll6hf6okdatgrxiwhcjs2uepc7/spack-src/src/H5Dcontig.c line 1281 in H5D__contig_writevv(): can't perform vectorized sieve buffer write
    major: Dataset
    minor: Can't operate on object
  #006: /scratch/spack_cpu/job_21700923/spack-stage/spack-stage-hdf5-1.10.7-xexa2gll6hf6okdatgrxiwhcjs2uepc7/spack-src/src/H5VM.c line 1464 in H5VM_opvv(): can't perform operation
    major: Internal error (too specific to document in detail)
    minor: Can't operate on object
  #007: /scratch/spack_cpu/job_21700923/spack-stage/spack-stage-hdf5-1.10.7-xexa2gll6hf6okdatgrxiwhcjs2uepc7/spack-src/src/H5Dcontig.c line 1029 in H5D__contig_writevv_sieve_cb(): block write failed
    major: Dataset
    minor: Write failed
  #008: /scratch/spack_cpu/job_21700923/spack-stage/spack-stage-hdf5-1.10.7-xexa2gll6hf6okdatgrxiwhcjs2uepc7/spack-src/src/H5Fio.c line 161 in H5F_block_write(): write through page buffer failed
    major: Low-level I/O
    minor: Write failed
  #009: /scratch/spack_cpu/job_21700923/spack-stage/spack-stage-hdf5-1.10.7-xexa2gll6hf6okdatgrxiwhcjs2uepc7/spack-src/src/H5PB.c line 1032 in H5PB_write(): write through metadata accumulator failed
    major: Page Buffering
    minor: Write failed
  #010: /scratch/spack_cpu/job_21700923/spack-stage/spack-stage-hdf5-1.10.7-xexa2gll6hf6okdatgrxiwhcjs2uepc7/spack-src/src/H5Faccum.c line 824 in H5F__accum_write(): file write failed
    major: Low-level I/O
    minor: Write failed
  #011: /scratch/spack_cpu/job_21700923/spack-stage/spack-stage-hdf5-1.10.7-xexa2gll6hf6okdatgrxiwhcjs2uepc7/spack-src/src/H5FDint.c line 249 in H5FD_write(): driver write request failed
    major: Virtual File Layer
    minor: Write failed
  #012: /scratch/spack_cpu/job_21700923/spack-stage/spack-stage-hdf5-1.10.7-xexa2gll6hf6okdatgrxiwhcjs2uepc7/spack-src/src/H5FDsec2.c line 856 in H5FD__sec2_write(): file write failed: time = Wed Nov 19 08:12:42 2025
, filename = 'checkpoint.h5', file descriptor = 5, errno = 14, error message = 'Bad address', buf = 0x1555537c4000, total write size = 15969552, bytes this sub-write = 15969552, bytes actually written = 18446744073709551615, offset = 0
    major: Low-level I/O
    minor: Write failed
HDF5-DIAG: Error detected in HDF5 (1.10.7) thread 0:
  #000: /scratch/spack_cpu/job_21700923/spack-stage/spack-stage-hdf5-1.10.7-xexa2gll6hf6okdatgrxiwhcjs2uepc7/spack-src/src/H5Dio.c line 335 in H5Dwrite(): can't write data
    major: Dataset
    minor: Write failed
  #001: /scratch/spack_cpu/job_21700923/spack-stage/spack-stage-hdf5-1.10.7-xexa2gll6hf6okdatgrxiwhcjs2uepc7/spack-src/src/H5Dio.c line 813 in H5D__write(): can't write data
    major: Dataset
    minor: Write failed
  #002: /scratch/spack_cpu/job_21700923/spack-stage/spack-stage-hdf5-1.10.7-xexa2gll6hf6okdatgrxiwhcjs2uepc7/spack-src/src/H5Dcontig.c line 659 in H5D__contig_write(): contiguous write failed
    major: Dataset
    minor: Write failed
  #003: /scratch/spack_cpu/job_21700923/spack-stage/spack-stage-hdf5-1.10.7-xexa2gll6hf6okdatgrxiwhcjs2uepc7/spack-src/src/H5Dselect.c line 321 in H5D__select_write(): write error
    major: Dataspace
    minor: Write failed
  #004: /scratch/spack_cpu/job_21700923/spack-stage/spack-stage-hdf5-1.10.7-xexa2gll6hf6okdatgrxiwhcjs2uepc7/spack-src/src/H5Dselect.c line 230 in H5D__select_io(): write error
    major: Dataspace
    minor: Write failed
  #005: /scratch/spack_cpu/job_21700923/spack-stage/spack-stage-hdf5-1.10.7-xexa2gll6hf6okdatgrxiwhcjs2uepc7/spack-src/src/H5Dcontig.c line 1281 in H5D__contig_writevv(): can't perform vectorized sieve buffer write
    major: Dataset
    minor: Can't operate on object
  #006: /scratch/spack_cpu/job_21700923/spack-stage/spack-stage-hdf5-1.10.7-xexa2gll6hf6okdatgrxiwhcjs2uepc7/spack-src/src/H5VM.c line 1464 in H5VM_opvv(): can't perform operation
    major: Internal error (too specific to document in detail)
    minor: Can't operate on object
  #007: /scratch/spack_cpu/job_21700923/spack-stage/spack-stage-hdf5-1.10.7-xexa2gll6hf6okdatgrxiwhcjs2uepc7/spack-src/src/H5Dcontig.c line 1029 in H5D__contig_writevv_sieve_cb(): block write failed
    major: Dataset
    minor: Write failed
  #008: /scratch/spack_cpu/job_21700923/spack-stage/spack-stage-hdf5-1.10.7-xexa2gll6hf6okdatgrxiwhcjs2uepc7/spack-src/src/H5Fio.c line 161 in H5F_block_write(): write through page buffer failed
    major: Low-level I/O
    minor: Write failed
  #009: /scratch/spack_cpu/job_21700923/spack-stage/spack-stage-hdf5-1.10.7-xexa2gll6hf6okdatgrxiwhcjs2uepc7/spack-src/src/H5PB.c line 1032 in H5PB_write(): write through metadata accumulator failed
    major: Page Buffering
    minor: Write failed
  #010: /scratch/spack_cpu/job_21700923/spack-stage/spack-stage-hdf5-1.10.7-xexa2gll6hf6okdatgrxiwhcjs2uepc7/spack-src/src/H5Faccum.c line 824 in H5F__accum_write(): file write failed
    major: Low-level I/O
    minor: Write failed
  #011: /scratch/spack_cpu/job_21700923/spack-stage/spack-stage-hdf5-1.10.7-xexa2gll6hf6okdatgrxiwhcjs2uepc7/spack-src/src/H5FDint.c line 249 in H5FD_write(): driver write request failed
    major: Virtual File Layer
    minor: Write failed
  #012: /scratch/spack_cpu/job_21700923/spack-stage/spack-stage-hdf5-1.10.7-xexa2gll6hf6okdatgrxiwhcjs2uepc7/spack-src/src/H5FDsec2.c line 856 in H5FD__sec2_write(): file write failed: time = Wed Nov 19 08:12:50 2025
, filename = 'checkpoint.h5', file descriptor = 5, errno = 14, error message = 'Bad address', buf = 0x1555537c4000, total write size = 15969552, bytes this sub-write = 15969552, bytes actually written = 18446744073709551615, offset = 0
    major: Low-level I/O
    minor: Write failed
HDF5-DIAG: Error detected in HDF5 (1.10.7) thread 0:
  #000: /scratch/spack_cpu/job_21700923/spack-stage/spack-stage-hdf5-1.10.7-xexa2gll6hf6okdatgrxiwhcjs2uepc7/spack-src/src/H5Dio.c line 335 in H5Dwrite(): can't write data
    major: Dataset
    minor: Write failed
  #001: /scratch/spack_cpu/job_21700923/spack-stage/spack-stage-hdf5-1.10.7-xexa2gll6hf6okdatgrxiwhcjs2uepc7/spack-src/src/H5Dio.c line 813 in H5D__write(): can't write data
    major: Dataset
    minor: Write failed
  #002: /scratch/spack_cpu/job_21700923/spack-stage/spack-stage-hdf5-1.10.7-xexa2gll6hf6okdatgrxiwhcjs2uepc7/spack-src/src/H5Dcontig.c line 659 in H5D__contig_write(): contiguous write failed
    major: Dataset
    minor: Write failed
  #003: /scratch/spack_cpu/job_21700923/spack-stage/spack-stage-hdf5-1.10.7-xexa2gll6hf6okdatgrxiwhcjs2uepc7/spack-src/src/H5Dselect.c line 321 in H5D__select_write(): write error
    major: Dataspace
    minor: Write failed
  #004: /scratch/spack_cpu/job_21700923/spack-stage/spack-stage-hdf5-1.10.7-xexa2gll6hf6okdatgrxiwhcjs2uepc7/spack-src/src/H5Dselect.c line 230 in H5D__select_io(): write error
    major: Dataspace
    minor: Write failed
  #005: /scratch/spack_cpu/job_21700923/spack-stage/spack-stage-hdf5-1.10.7-xexa2gll6hf6okdatgrxiwhcjs2uepc7/spack-src/src/H5Dcontig.c line 1281 in H5D__contig_writevv(): can't perform vectorized sieve buffer write
    major: Dataset
    minor: Can't operate on object
  #006: /scratch/spack_cpu/job_21700923/spack-stage/spack-stage-hdf5-1.10.7-xexa2gll6hf6okdatgrxiwhcjs2uepc7/spack-src/src/H5VM.c line 1464 in H5VM_opvv(): can't perform operation
    major: Internal error (too specific to document in detail)
    minor: Can't operate on object
  #007: /scratch/spack_cpu/job_21700923/spack-stage/spack-stage-hdf5-1.10.7-xexa2gll6hf6okdatgrxiwhcjs2uepc7/spack-src/src/H5Dcontig.c line 1029 in H5D__contig_writevv_sieve_cb(): block write failed
    major: Dataset
    minor: Write failed
  #008: /scratch/spack_cpu/job_21700923/spack-stage/spack-stage-hdf5-1.10.7-xexa2gll6hf6okdatgrxiwhcjs2uepc7/spack-src/src/H5Fio.c line 161 in H5F_block_write(): write through page buffer failed
    major: Low-level I/O
    minor: Write failed
  #009: /scratch/spack_cpu/job_21700923/spack-stage/spack-stage-hdf5-1.10.7-xexa2gll6hf6okdatgrxiwhcjs2uepc7/spack-src/src/H5PB.c line 1032 in H5PB_write(): write through metadata accumulator failed
    major: Page Buffering
    minor: Write failed
  #010: /scratch/spack_cpu/job_21700923/spack-stage/spack-stage-hdf5-1.10.7-xexa2gll6hf6okdatgrxiwhcjs2uepc7/spack-src/src/H5Faccum.c line 824 in H5F__accum_write(): file write failed
    major: Low-level I/O
    minor: Write failed
  #011: /scratch/spack_cpu/job_21700923/spack-stage/spack-stage-hdf5-1.10.7-xexa2gll6hf6okdatgrxiwhcjs2uepc7/spack-src/src/H5FDint.c line 249 in H5FD_write(): driver write request failed
    major: Virtual File Layer
    minor: Write failed
  #012: /scratch/spack_cpu/job_21700923/spack-stage/spack-stage-hdf5-1.10.7-xexa2gll6hf6okdatgrxiwhcjs2uepc7/spack-src/src/H5FDsec2.c line 856 in H5FD__sec2_write(): file write failed: time = Wed Nov 19 08:12:56 2025
, filename = 'checkpoint.h5', file descriptor = 5, errno = 14, error message = 'Bad address', buf = 0x1555537c4000, total write size = 15969552, bytes this sub-write = 15969552, bytes actually written = 18446744073709551615, offset = 0
    major: Low-level I/O
    minor: Write failed
HDF5-DIAG: Error detected in HDF5 (1.10.7) thread 0:
  #000: /scratch/spack_cpu/job_21700923/spack-stage/spack-stage-hdf5-1.10.7-xexa2gll6hf6okdatgrxiwhcjs2uepc7/spack-src/src/H5Dio.c line 335 in H5Dwrite(): can't write data
    major: Dataset
    minor: Write failed
  #001: /scratch/spack_cpu/job_21700923/spack-stage/spack-stage-hdf5-1.10.7-xexa2gll6hf6okdatgrxiwhcjs2uepc7/spack-src/src/H5Dio.c line 813 in H5D__write(): can't write data
    major: Dataset
    minor: Write failed
  #002: /scratch/spack_cpu/job_21700923/spack-stage/spack-stage-hdf5-1.10.7-xexa2gll6hf6okdatgrxiwhcjs2uepc7/spack-src/src/H5Dcontig.c line 659 in H5D__contig_write(): contiguous write failed
    major: Dataset
    minor: Write failed
  #003: /scratch/spack_cpu/job_21700923/spack-stage/spack-stage-hdf5-1.10.7-xexa2gll6hf6okdatgrxiwhcjs2uepc7/spack-src/src/H5Dselect.c line 321 in H5D__select_write(): write error
    major: Dataspace
    minor: Write failed
  #004: /scratch/spack_cpu/job_21700923/spack-stage/spack-stage-hdf5-1.10.7-xexa2gll6hf6okdatgrxiwhcjs2uepc7/spack-src/src/H5Dselect.c line 230 in H5D__select_io(): write error
    major: Dataspace
    minor: Write failed
  #005: /scratch/spack_cpu/job_21700923/spack-stage/spack-stage-hdf5-1.10.7-xexa2gll6hf6okdatgrxiwhcjs2uepc7/spack-src/src/H5Dcontig.c line 1281 in H5D__contig_writevv(): can't perform vectorized sieve buffer write
    major: Dataset
    minor: Can't operate on object
  #006: /scratch/spack_cpu/job_21700923/spack-stage/spack-stage-hdf5-1.10.7-xexa2gll6hf6okdatgrxiwhcjs2uepc7/spack-src/src/H5VM.c line 1464 in H5VM_opvv(): can't perform operation
    major: Internal error (too specific to document in detail)
    minor: Can't operate on object
  #007: /scratch/spack_cpu/job_21700923/spack-stage/spack-stage-hdf5-1.10.7-xexa2gll6hf6okdatgrxiwhcjs2uepc7/spack-src/src/H5Dcontig.c line 1029 in H5D__contig_writevv_sieve_cb(): block write failed
    major: Dataset
    minor: Write failed
  #008: /scratch/spack_cpu/job_21700923/spack-stage/spack-stage-hdf5-1.10.7-xexa2gll6hf6okdatgrxiwhcjs2uepc7/spack-src/src/H5Fio.c line 161 in H5F_block_write(): write through page buffer failed
    major: Low-level I/O
    minor: Write failed
  #009: /scratch/spack_cpu/job_21700923/spack-stage/spack-stage-hdf5-1.10.7-xexa2gll6hf6okdatgrxiwhcjs2uepc7/spack-src/src/H5PB.c line 1032 in H5PB_write(): write through metadata accumulator failed
    major: Page Buffering
    minor: Write failed
  #010: /scratch/spack_cpu/job_21700923/spack-stage/spack-stage-hdf5-1.10.7-xexa2gll6hf6okdatgrxiwhcjs2uepc7/spack-src/src/H5Faccum.c line 824 in H5F__accum_write(): file write failed
    major: Low-level I/O
    minor: Write failed
  #011: /scratch/spack_cpu/job_21700923/spack-stage/spack-stage-hdf5-1.10.7-xexa2gll6hf6okdatgrxiwhcjs2uepc7/spack-src/src/H5FDint.c line 249 in H5FD_write(): driver write request failed
    major: Virtual File Layer
    minor: Write failed
  #012: /scratch/spack_cpu/job_21700923/spack-stage/spack-stage-hdf5-1.10.7-xexa2gll6hf6okdatgrxiwhcjs2uepc7/spack-src/src/H5FDsec2.c line 856 in H5FD__sec2_write(): file write failed: time = Wed Nov 19 08:13:04 2025
, filename = 'checkpoint.h5', file descriptor = 5, errno = 14, error message = 'Bad address', buf = 0x1555537c4000, total write size = 15969552, bytes this sub-write = 15969552, bytes actually written = 18446744073709551615, offset = 0
    major: Low-level I/O
    minor: Write failed
HDF5-DIAG: Error detected in HDF5 (1.10.7) thread 0:
  #000: /scratch/spack_cpu/job_21700923/spack-stage/spack-stage-hdf5-1.10.7-xexa2gll6hf6okdatgrxiwhcjs2uepc7/spack-src/src/H5Dio.c line 335 in H5Dwrite(): can't write data
    major: Dataset
    minor: Write failed
  #001: /scratch/spack_cpu/job_21700923/spack-stage/spack-stage-hdf5-1.10.7-xexa2gll6hf6okdatgrxiwhcjs2uepc7/spack-src/src/H5Dio.c line 813 in H5D__write(): can't write data
    major: Dataset
    minor: Write failed
  #002: /scratch/spack_cpu/job_21700923/spack-stage/spack-stage-hdf5-1.10.7-xexa2gll6hf6okdatgrxiwhcjs2uepc7/spack-src/src/H5Dcontig.c line 659 in H5D__contig_write(): contiguous write failed
    major: Dataset
    minor: Write failed
  #003: /scratch/spack_cpu/job_21700923/spack-stage/spack-stage-hdf5-1.10.7-xexa2gll6hf6okdatgrxiwhcjs2uepc7/spack-src/src/H5Dselect.c line 321 in H5D__select_write(): write error
    major: Dataspace
    minor: Write failed
  #004: /scratch/spack_cpu/job_21700923/spack-stage/spack-stage-hdf5-1.10.7-xexa2gll6hf6okdatgrxiwhcjs2uepc7/spack-src/src/H5Dselect.c line 230 in H5D__select_io(): write error
    major: Dataspace
    minor: Write failed
  #005: /scratch/spack_cpu/job_21700923/spack-stage/spack-stage-hdf5-1.10.7-xexa2gll6hf6okdatgrxiwhcjs2uepc7/spack-src/src/H5Dcontig.c line 1281 in H5D__contig_writevv(): can't perform vectorized sieve buffer write
    major: Dataset
    minor: Can't operate on object
  #006: /scratch/spack_cpu/job_21700923/spack-stage/spack-stage-hdf5-1.10.7-xexa2gll6hf6okdatgrxiwhcjs2uepc7/spack-src/src/H5VM.c line 1464 in H5VM_opvv(): can't perform operation
    major: Internal error (too specific to document in detail)
    minor: Can't operate on object
  #007: /scratch/spack_cpu/job_21700923/spack-stage/spack-stage-hdf5-1.10.7-xexa2gll6hf6okdatgrxiwhcjs2uepc7/spack-src/src/H5Dcontig.c line 1029 in H5D__contig_writevv_sieve_cb(): block write failed
    major: Dataset
    minor: Write failed
  #008: /scratch/spack_cpu/job_21700923/spack-stage/spack-stage-hdf5-1.10.7-xexa2gll6hf6okdatgrxiwhcjs2uepc7/spack-src/src/H5Fio.c line 161 in H5F_block_write(): write through page buffer failed
    major: Low-level I/O
    minor: Write failed
  #009: /scratch/spack_cpu/job_21700923/spack-stage/spack-stage-hdf5-1.10.7-xexa2gll6hf6okdatgrxiwhcjs2uepc7/spack-src/src/H5PB.c line 1032 in H5PB_write(): write through metadata accumulator failed
    major: Page Buffering
    minor: Write failed
  #010: /scratch/spack_cpu/job_21700923/spack-stage/spack-stage-hdf5-1.10.7-xexa2gll6hf6okdatgrxiwhcjs2uepc7/spack-src/src/H5Faccum.c line 824 in H5F__accum_write(): file write failed
    major: Low-level I/O
    minor: Write failed
  #011: /scratch/spack_cpu/job_21700923/spack-stage/spack-stage-hdf5-1.10.7-xexa2gll6hf6okdatgrxiwhcjs2uepc7/spack-src/src/H5FDint.c line 249 in H5FD_write(): driver write request failed
    major: Virtual File Layer
    minor: Write failed
  #012: /scratch/spack_cpu/job_21700923/spack-stage/spack-stage-hdf5-1.10.7-xexa2gll6hf6okdatgrxiwhcjs2uepc7/spack-src/src/H5FDsec2.c line 856 in H5FD__sec2_write(): file write failed: time = Wed Nov 19 08:13:12 2025
, filename = 'checkpoint.h5', file descriptor = 5, errno = 14, error message = 'Bad address', buf = 0x1555537c4000, total write size = 15969552, bytes this sub-write = 15969552, bytes actually written = 18446744073709551615, offset = 0
    major: Low-level I/O
    minor: Write failed
HDF5-DIAG: Error detected in HDF5 (1.10.7) thread 0:
  #000: /scratch/spack_cpu/job_21700923/spack-stage/spack-stage-hdf5-1.10.7-xexa2gll6hf6okdatgrxiwhcjs2uepc7/spack-src/src/H5Dio.c line 335 in H5Dwrite(): can't write data
    major: Dataset
    minor: Write failed
  #001: /scratch/spack_cpu/job_21700923/spack-stage/spack-stage-hdf5-1.10.7-xexa2gll6hf6okdatgrxiwhcjs2uepc7/spack-src/src/H5Dio.c line 813 in H5D__write(): can't write data
    major: Dataset
    minor: Write failed
  #002: /scratch/spack_cpu/job_21700923/spack-stage/spack-stage-hdf5-1.10.7-xexa2gll6hf6okdatgrxiwhcjs2uepc7/spack-src/src/H5Dcontig.c line 659 in H5D__contig_write(): contiguous write failed
    major: Dataset
    minor: Write failed
  #003: /scratch/spack_cpu/job_21700923/spack-stage/spack-stage-hdf5-1.10.7-xexa2gll6hf6okdatgrxiwhcjs2uepc7/spack-src/src/H5Dselect.c line 321 in H5D__select_write(): write error
    major: Dataspace
    minor: Write failed
  #004: /scratch/spack_cpu/job_21700923/spack-stage/spack-stage-hdf5-1.10.7-xexa2gll6hf6okdatgrxiwhcjs2uepc7/spack-src/src/H5Dselect.c line 230 in H5D__select_io(): write error
    major: Dataspace
    minor: Write failed
  #005: /scratch/spack_cpu/job_21700923/spack-stage/spack-stage-hdf5-1.10.7-xexa2gll6hf6okdatgrxiwhcjs2uepc7/spack-src/src/H5Dcontig.c line 1281 in H5D__contig_writevv(): can't perform vectorized sieve buffer write
    major: Dataset
    minor: Can't operate on object
  #006: /scratch/spack_cpu/job_21700923/spack-stage/spack-stage-hdf5-1.10.7-xexa2gll6hf6okdatgrxiwhcjs2uepc7/spack-src/src/H5VM.c line 1464 in H5VM_opvv(): can't perform operation
    major: Internal error (too specific to document in detail)
    minor: Can't operate on object
  #007: /scratch/spack_cpu/job_21700923/spack-stage/spack-stage-hdf5-1.10.7-xexa2gll6hf6okdatgrxiwhcjs2uepc7/spack-src/src/H5Dcontig.c line 1029 in H5D__contig_writevv_sieve_cb(): block write failed
    major: Dataset
    minor: Write failed
  #008: /scratch/spack_cpu/job_21700923/spack-stage/spack-stage-hdf5-1.10.7-xexa2gll6hf6okdatgrxiwhcjs2uepc7/spack-src/src/H5Fio.c line 161 in H5F_block_write(): write through page buffer failed
    major: Low-level I/O
    minor: Write failed
  #009: /scratch/spack_cpu/job_21700923/spack-stage/spack-stage-hdf5-1.10.7-xexa2gll6hf6okdatgrxiwhcjs2uepc7/spack-src/src/H5PB.c line 1032 in H5PB_write(): write through metadata accumulator failed
    major: Page Buffering
    minor: Write failed
  #010: /scratch/spack_cpu/job_21700923/spack-stage/spack-stage-hdf5-1.10.7-xexa2gll6hf6okdatgrxiwhcjs2uepc7/spack-src/src/H5Faccum.c line 824 in H5F__accum_write(): file write failed
    major: Low-level I/O
    minor: Write failed
  #011: /scratch/spack_cpu/job_21700923/spack-stage/spack-stage-hdf5-1.10.7-xexa2gll6hf6okdatgrxiwhcjs2uepc7/spack-src/src/H5FDint.c line 249 in H5FD_write(): driver write request failed
    major: Virtual File Layer
    minor: Write failed
  #012: /scratch/spack_cpu/job_21700923/spack-stage/spack-stage-hdf5-1.10.7-xexa2gll6hf6okdatgrxiwhcjs2uepc7/spack-src/src/H5FDsec2.c line 856 in H5FD__sec2_write(): file write failed: time = Wed Nov 19 08:13:19 2025
, filename = 'checkpoint.h5', file descriptor = 5, errno = 14, error message = 'Bad address', buf = 0x1555537c4000, total write size = 15969552, bytes this sub-write = 15969552, bytes actually written = 18446744073709551615, offset = 0
    major: Low-level I/O
    minor: Write failed
HDF5-DIAG: Error detected in HDF5 (1.10.7) thread 0:
  #000: /scratch/spack_cpu/job_21700923/spack-stage/spack-stage-hdf5-1.10.7-xexa2gll6hf6okdatgrxiwhcjs2uepc7/spack-src/src/H5Dio.c line 335 in H5Dwrite(): can't write data
    major: Dataset
    minor: Write failed
  #001: /scratch/spack_cpu/job_21700923/spack-stage/spack-stage-hdf5-1.10.7-xexa2gll6hf6okdatgrxiwhcjs2uepc7/spack-src/src/H5Dio.c line 813 in H5D__write(): can't write data
    major: Dataset
    minor: Write failed
  #002: /scratch/spack_cpu/job_21700923/spack-stage/spack-stage-hdf5-1.10.7-xexa2gll6hf6okdatgrxiwhcjs2uepc7/spack-src/src/H5Dcontig.c line 659 in H5D__contig_write(): contiguous write failed
    major: Dataset
    minor: Write failed
  #003: /scratch/spack_cpu/job_21700923/spack-stage/spack-stage-hdf5-1.10.7-xexa2gll6hf6okdatgrxiwhcjs2uepc7/spack-src/src/H5Dselect.c line 321 in H5D__select_write(): write error
    major: Dataspace
    minor: Write failed
  #004: /scratch/spack_cpu/job_21700923/spack-stage/spack-stage-hdf5-1.10.7-xexa2gll6hf6okdatgrxiwhcjs2uepc7/spack-src/src/H5Dselect.c line 230 in H5D__select_io(): write error
    major: Dataspace
    minor: Write failed
  #005: /scratch/spack_cpu/job_21700923/spack-stage/spack-stage-hdf5-1.10.7-xexa2gll6hf6okdatgrxiwhcjs2uepc7/spack-src/src/H5Dcontig.c line 1281 in H5D__contig_writevv(): can't perform vectorized sieve buffer write
    major: Dataset
    minor: Can't operate on object
  #006: /scratch/spack_cpu/job_21700923/spack-stage/spack-stage-hdf5-1.10.7-xexa2gll6hf6okdatgrxiwhcjs2uepc7/spack-src/src/H5VM.c line 1464 in H5VM_opvv(): can't perform operation
    major: Internal error (too specific to document in detail)
    minor: Can't operate on object
  #007: /scratch/spack_cpu/job_21700923/spack-stage/spack-stage-hdf5-1.10.7-xexa2gll6hf6okdatgrxiwhcjs2uepc7/spack-src/src/H5Dcontig.c line 1029 in H5D__contig_writevv_sieve_cb(): block write failed
    major: Dataset
    minor: Write failed
  #008: /scratch/spack_cpu/job_21700923/spack-stage/spack-stage-hdf5-1.10.7-xexa2gll6hf6okdatgrxiwhcjs2uepc7/spack-src/src/H5Fio.c line 161 in H5F_block_write(): write through page buffer failed
    major: Low-level I/O
    minor: Write failed
  #009: /scratch/spack_cpu/job_21700923/spack-stage/spack-stage-hdf5-1.10.7-xexa2gll6hf6okdatgrxiwhcjs2uepc7/spack-src/src/H5PB.c line 1032 in H5PB_write(): write through metadata accumulator failed
    major: Page Buffering
    minor: Write failed
  #010: /scratch/spack_cpu/job_21700923/spack-stage/spack-stage-hdf5-1.10.7-xexa2gll6hf6okdatgrxiwhcjs2uepc7/spack-src/src/H5Faccum.c line 824 in H5F__accum_write(): file write failed
    major: Low-level I/O
    minor: Write failed
  #011: /scratch/spack_cpu/job_21700923/spack-stage/spack-stage-hdf5-1.10.7-xexa2gll6hf6okdatgrxiwhcjs2uepc7/spack-src/src/H5FDint.c line 249 in H5FD_write(): driver write request failed
    major: Virtual File Layer
    minor: Write failed
  #012: /scratch/spack_cpu/job_21700923/spack-stage/spack-stage-hdf5-1.10.7-xexa2gll6hf6okdatgrxiwhcjs2uepc7/spack-src/src/H5FDsec2.c line 856 in H5FD__sec2_write(): file write failed: time = Wed Nov 19 08:13:27 2025
, filename = 'checkpoint.h5', file descriptor = 5, errno = 14, error message = 'Bad address', buf = 0x1555537c4000, total write size = 15969552, bytes this sub-write = 15969552, bytes actually written = 18446744073709551615, offset = 0
    major: Low-level I/O
    minor: Write failed
HDF5-DIAG: Error detected in HDF5 (1.10.7) thread 0:
  #000: /scratch/spack_cpu/job_21700923/spack-stage/spack-stage-hdf5-1.10.7-xexa2gll6hf6okdatgrxiwhcjs2uepc7/spack-src/src/H5Dio.c line 335 in H5Dwrite(): can't write data
    major: Dataset
    minor: Write failed
  #001: /scratch/spack_cpu/job_21700923/spack-stage/spack-stage-hdf5-1.10.7-xexa2gll6hf6okdatgrxiwhcjs2uepc7/spack-src/src/H5Dio.c line 813 in H5D__write(): can't write data
    major: Dataset
    minor: Write failed
  #002: /scratch/spack_cpu/job_21700923/spack-stage/spack-stage-hdf5-1.10.7-xexa2gll6hf6okdatgrxiwhcjs2uepc7/spack-src/src/H5Dcontig.c line 659 in H5D__contig_write(): contiguous write failed
    major: Dataset
    minor: Write failed
  #003: /scratch/spack_cpu/job_21700923/spack-stage/spack-stage-hdf5-1.10.7-xexa2gll6hf6okdatgrxiwhcjs2uepc7/spack-src/src/H5Dselect.c line 321 in H5D__select_write(): write error
    major: Dataspace
    minor: Write failed
  #004: /scratch/spack_cpu/job_21700923/spack-stage/spack-stage-hdf5-1.10.7-xexa2gll6hf6okdatgrxiwhcjs2uepc7/spack-src/src/H5Dselect.c line 230 in H5D__select_io(): write error
    major: Dataspace
    minor: Write failed
  #005: /scratch/spack_cpu/job_21700923/spack-stage/spack-stage-hdf5-1.10.7-xexa2gll6hf6okdatgrxiwhcjs2uepc7/spack-src/src/H5Dcontig.c line 1281 in H5D__contig_writevv(): can't perform vectorized sieve buffer write
    major: Dataset
    minor: Can't operate on object
  #006: /scratch/spack_cpu/job_21700923/spack-stage/spack-stage-hdf5-1.10.7-xexa2gll6hf6okdatgrxiwhcjs2uepc7/spack-src/src/H5VM.c line 1464 in H5VM_opvv(): can't perform operation
    major: Internal error (too specific to document in detail)
    minor: Can't operate on object
  #007: /scratch/spack_cpu/job_21700923/spack-stage/spack-stage-hdf5-1.10.7-xexa2gll6hf6okdatgrxiwhcjs2uepc7/spack-src/src/H5Dcontig.c line 1029 in H5D__contig_writevv_sieve_cb(): block write failed
    major: Dataset
    minor: Write failed
  #008: /scratch/spack_cpu/job_21700923/spack-stage/spack-stage-hdf5-1.10.7-xexa2gll6hf6okdatgrxiwhcjs2uepc7/spack-src/src/H5Fio.c line 161 in H5F_block_write(): write through page buffer failed
    major: Low-level I/O
    minor: Write failed
  #009: /scratch/spack_cpu/job_21700923/spack-stage/spack-stage-hdf5-1.10.7-xexa2gll6hf6okdatgrxiwhcjs2uepc7/spack-src/src/H5PB.c line 1032 in H5PB_write(): write through metadata accumulator failed
    major: Page Buffering
    minor: Write failed
  #010: /scratch/spack_cpu/job_21700923/spack-stage/spack-stage-hdf5-1.10.7-xexa2gll6hf6okdatgrxiwhcjs2uepc7/spack-src/src/H5Faccum.c line 824 in H5F__accum_write(): file write failed
    major: Low-level I/O
    minor: Write failed
  #011: /scratch/spack_cpu/job_21700923/spack-stage/spack-stage-hdf5-1.10.7-xexa2gll6hf6okdatgrxiwhcjs2uepc7/spack-src/src/H5FDint.c line 249 in H5FD_write(): driver write request failed
    major: Virtual File Layer
    minor: Write failed
  #012: /scratch/spack_cpu/job_21700923/spack-stage/spack-stage-hdf5-1.10.7-xexa2gll6hf6okdatgrxiwhcjs2uepc7/spack-src/src/H5FDsec2.c line 856 in H5FD__sec2_write(): file write failed: time = Wed Nov 19 08:13:34 2025
, filename = 'checkpoint.h5', file descriptor = 5, errno = 14, error message = 'Bad address', buf = 0x1555537c4000, total write size = 15969552, bytes this sub-write = 15969552, bytes actually written = 18446744073709551615, offset = 0
    major: Low-level I/O
    minor: Write failed
HDF5-DIAG: Error detected in HDF5 (1.10.7) thread 0:
  #000: /scratch/spack_cpu/job_21700923/spack-stage/spack-stage-hdf5-1.10.7-xexa2gll6hf6okdatgrxiwhcjs2uepc7/spack-src/src/H5Dio.c line 335 in H5Dwrite(): can't write data
    major: Dataset
    minor: Write failed
  #001: /scratch/spack_cpu/job_21700923/spack-stage/spack-stage-hdf5-1.10.7-xexa2gll6hf6okdatgrxiwhcjs2uepc7/spack-src/src/H5Dio.c line 813 in H5D__write(): can't write data
    major: Dataset
    minor: Write failed
  #002: /scratch/spack_cpu/job_21700923/spack-stage/spack-stage-hdf5-1.10.7-xexa2gll6hf6okdatgrxiwhcjs2uepc7/spack-src/src/H5Dcontig.c line 659 in H5D__contig_write(): contiguous write failed
    major: Dataset
    minor: Write failed
  #003: /scratch/spack_cpu/job_21700923/spack-stage/spack-stage-hdf5-1.10.7-xexa2gll6hf6okdatgrxiwhcjs2uepc7/spack-src/src/H5Dselect.c line 321 in H5D__select_write(): write error
    major: Dataspace
    minor: Write failed
  #004: /scratch/spack_cpu/job_21700923/spack-stage/spack-stage-hdf5-1.10.7-xexa2gll6hf6okdatgrxiwhcjs2uepc7/spack-src/src/H5Dselect.c line 230 in H5D__select_io(): write error
    major: Dataspace
    minor: Write failed
  #005: /scratch/spack_cpu/job_21700923/spack-stage/spack-stage-hdf5-1.10.7-xexa2gll6hf6okdatgrxiwhcjs2uepc7/spack-src/src/H5Dcontig.c line 1281 in H5D__contig_writevv(): can't perform vectorized sieve buffer write
    major: Dataset
    minor: Can't operate on object
  #006: /scratch/spack_cpu/job_21700923/spack-stage/spack-stage-hdf5-1.10.7-xexa2gll6hf6okdatgrxiwhcjs2uepc7/spack-src/src/H5VM.c line 1464 in H5VM_opvv(): can't perform operation
    major: Internal error (too specific to document in detail)
    minor: Can't operate on object
  #007: /scratch/spack_cpu/job_21700923/spack-stage/spack-stage-hdf5-1.10.7-xexa2gll6hf6okdatgrxiwhcjs2uepc7/spack-src/src/H5Dcontig.c line 1029 in H5D__contig_writevv_sieve_cb(): block write failed
    major: Dataset
    minor: Write failed
  #008: /scratch/spack_cpu/job_21700923/spack-stage/spack-stage-hdf5-1.10.7-xexa2gll6hf6okdatgrxiwhcjs2uepc7/spack-src/src/H5Fio.c line 161 in H5F_block_write(): write through page buffer failed
    major: Low-level I/O
    minor: Write failed
  #009: /scratch/spack_cpu/job_21700923/spack-stage/spack-stage-hdf5-1.10.7-xexa2gll6hf6okdatgrxiwhcjs2uepc7/spack-src/src/H5PB.c line 1032 in H5PB_write(): write through metadata accumulator failed
    major: Page Buffering
    minor: Write failed
  #010: /scratch/spack_cpu/job_21700923/spack-stage/spack-stage-hdf5-1.10.7-xexa2gll6hf6okdatgrxiwhcjs2uepc7/spack-src/src/H5Faccum.c line 824 in H5F__accum_write(): file write failed
    major: Low-level I/O
    minor: Write failed
  #011: /scratch/spack_cpu/job_21700923/spack-stage/spack-stage-hdf5-1.10.7-xexa2gll6hf6okdatgrxiwhcjs2uepc7/spack-src/src/H5FDint.c line 249 in H5FD_write(): driver write request failed
    major: Virtual File Layer
    minor: Write failed
  #012: /scratch/spack_cpu/job_21700923/spack-stage/spack-stage-hdf5-1.10.7-xexa2gll6hf6okdatgrxiwhcjs2uepc7/spack-src/src/H5FDsec2.c line 856 in H5FD__sec2_write(): file write failed: time = Wed Nov 19 08:13:42 2025
, filename = 'checkpoint.h5', file descriptor = 5, errno = 14, error message = 'Bad address', buf = 0x1555537c4000, total write size = 15969552, bytes this sub-write = 15969552, bytes actually written = 18446744073709551615, offset = 0
    major: Low-level I/O
    minor: Write failed
HDF5-DIAG: Error detected in HDF5 (1.10.7) thread 0:
  #000: /scratch/spack_cpu/job_21700923/spack-stage/spack-stage-hdf5-1.10.7-xexa2gll6hf6okdatgrxiwhcjs2uepc7/spack-src/src/H5Dio.c line 335 in H5Dwrite(): can't write data
    major: Dataset
    minor: Write failed
  #001: /scratch/spack_cpu/job_21700923/spack-stage/spack-stage-hdf5-1.10.7-xexa2gll6hf6okdatgrxiwhcjs2uepc7/spack-src/src/H5Dio.c line 813 in H5D__write(): can't write data
    major: Dataset
    minor: Write failed
  #002: /scratch/spack_cpu/job_21700923/spack-stage/spack-stage-hdf5-1.10.7-xexa2gll6hf6okdatgrxiwhcjs2uepc7/spack-src/src/H5Dcontig.c line 659 in H5D__contig_write(): contiguous write failed
    major: Dataset
    minor: Write failed
  #003: /scratch/spack_cpu/job_21700923/spack-stage/spack-stage-hdf5-1.10.7-xexa2gll6hf6okdatgrxiwhcjs2uepc7/spack-src/src/H5Dselect.c line 321 in H5D__select_write(): write error
    major: Dataspace
    minor: Write failed
  #004: /scratch/spack_cpu/job_21700923/spack-stage/spack-stage-hdf5-1.10.7-xexa2gll6hf6okdatgrxiwhcjs2uepc7/spack-src/src/H5Dselect.c line 230 in H5D__select_io(): write error
    major: Dataspace
    minor: Write failed
  #005: /scratch/spack_cpu/job_21700923/spack-stage/spack-stage-hdf5-1.10.7-xexa2gll6hf6okdatgrxiwhcjs2uepc7/spack-src/src/H5Dcontig.c line 1281 in H5D__contig_writevv(): can't perform vectorized sieve buffer write
    major: Dataset
    minor: Can't operate on object
  #006: /scratch/spack_cpu/job_21700923/spack-stage/spack-stage-hdf5-1.10.7-xexa2gll6hf6okdatgrxiwhcjs2uepc7/spack-src/src/H5VM.c line 1464 in H5VM_opvv(): can't perform operation
    major: Internal error (too specific to document in detail)
    minor: Can't operate on object
  #007: /scratch/spack_cpu/job_21700923/spack-stage/spack-stage-hdf5-1.10.7-xexa2gll6hf6okdatgrxiwhcjs2uepc7/spack-src/src/H5Dcontig.c line 1029 in H5D__contig_writevv_sieve_cb(): block write failed
    major: Dataset
    minor: Write failed
  #008: /scratch/spack_cpu/job_21700923/spack-stage/spack-stage-hdf5-1.10.7-xexa2gll6hf6okdatgrxiwhcjs2uepc7/spack-src/src/H5Fio.c line 161 in H5F_block_write(): write through page buffer failed
    major: Low-level I/O
    minor: Write failed
  #009: /scratch/spack_cpu/job_21700923/spack-stage/spack-stage-hdf5-1.10.7-xexa2gll6hf6okdatgrxiwhcjs2uepc7/spack-src/src/H5PB.c line 1032 in H5PB_write(): write through metadata accumulator failed
    major: Page Buffering
    minor: Write failed
  #010: /scratch/spack_cpu/job_21700923/spack-stage/spack-stage-hdf5-1.10.7-xexa2gll6hf6okdatgrxiwhcjs2uepc7/spack-src/src/H5Faccum.c line 824 in H5F__accum_write(): file write failed
    major: Low-level I/O
    minor: Write failed
  #011: /scratch/spack_cpu/job_21700923/spack-stage/spack-stage-hdf5-1.10.7-xexa2gll6hf6okdatgrxiwhcjs2uepc7/spack-src/src/H5FDint.c line 249 in H5FD_write(): driver write request failed
    major: Virtual File Layer
    minor: Write failed
  #012: /scratch/spack_cpu/job_21700923/spack-stage/spack-stage-hdf5-1.10.7-xexa2gll6hf6okdatgrxiwhcjs2uepc7/spack-src/src/H5FDsec2.c line 856 in H5FD__sec2_write(): file write failed: time = Wed Nov 19 08:13:50 2025
, filename = 'checkpoint.h5', file descriptor = 5, errno = 14, error message = 'Bad address', buf = 0x1555537c4000, total write size = 15969552, bytes this sub-write = 15969552, bytes actually written = 18446744073709551615, offset = 0
    major: Low-level I/O
    minor: Write failed
HDF5-DIAG: Error detected in HDF5 (1.10.7) thread 0:
  #000: /scratch/spack_cpu/job_21700923/spack-stage/spack-stage-hdf5-1.10.7-xexa2gll6hf6okdatgrxiwhcjs2uepc7/spack-src/src/H5Dio.c line 335 in H5Dwrite(): can't write data
    major: Dataset
    minor: Write failed
  #001: /scratch/spack_cpu/job_21700923/spack-stage/spack-stage-hdf5-1.10.7-xexa2gll6hf6okdatgrxiwhcjs2uepc7/spack-src/src/H5Dio.c line 813 in H5D__write(): can't write data
    major: Dataset
    minor: Write failed
  #002: /scratch/spack_cpu/job_21700923/spack-stage/spack-stage-hdf5-1.10.7-xexa2gll6hf6okdatgrxiwhcjs2uepc7/spack-src/src/H5Dcontig.c line 659 in H5D__contig_write(): contiguous write failed
    major: Dataset
    minor: Write failed
  #003: /scratch/spack_cpu/job_21700923/spack-stage/spack-stage-hdf5-1.10.7-xexa2gll6hf6okdatgrxiwhcjs2uepc7/spack-src/src/H5Dselect.c line 321 in H5D__select_write(): write error
    major: Dataspace
    minor: Write failed
  #004: /scratch/spack_cpu/job_21700923/spack-stage/spack-stage-hdf5-1.10.7-xexa2gll6hf6okdatgrxiwhcjs2uepc7/spack-src/src/H5Dselect.c line 230 in H5D__select_io(): write error
    major: Dataspace
    minor: Write failed
  #005: /scratch/spack_cpu/job_21700923/spack-stage/spack-stage-hdf5-1.10.7-xexa2gll6hf6okdatgrxiwhcjs2uepc7/spack-src/src/H5Dcontig.c line 1281 in H5D__contig_writevv(): can't perform vectorized sieve buffer write
    major: Dataset
    minor: Can't operate on object
  #006: /scratch/spack_cpu/job_21700923/spack-stage/spack-stage-hdf5-1.10.7-xexa2gll6hf6okdatgrxiwhcjs2uepc7/spack-src/src/H5VM.c line 1464 in H5VM_opvv(): can't perform operation
    major: Internal error (too specific to document in detail)
    minor: Can't operate on object
  #007: /scratch/spack_cpu/job_21700923/spack-stage/spack-stage-hdf5-1.10.7-xexa2gll6hf6okdatgrxiwhcjs2uepc7/spack-src/src/H5Dcontig.c line 1029 in H5D__contig_writevv_sieve_cb(): block write failed
    major: Dataset
    minor: Write failed
  #008: /scratch/spack_cpu/job_21700923/spack-stage/spack-stage-hdf5-1.10.7-xexa2gll6hf6okdatgrxiwhcjs2uepc7/spack-src/src/H5Fio.c line 161 in H5F_block_write(): write through page buffer failed
    major: Low-level I/O
    minor: Write failed
  #009: /scratch/spack_cpu/job_21700923/spack-stage/spack-stage-hdf5-1.10.7-xexa2gll6hf6okdatgrxiwhcjs2uepc7/spack-src/src/H5PB.c line 1032 in H5PB_write(): write through metadata accumulator failed
    major: Page Buffering
    minor: Write failed
  #010: /scratch/spack_cpu/job_21700923/spack-stage/spack-stage-hdf5-1.10.7-xexa2gll6hf6okdatgrxiwhcjs2uepc7/spack-src/src/H5Faccum.c line 824 in H5F__accum_write(): file write failed
    major: Low-level I/O
    minor: Write failed
  #011: /scratch/spack_cpu/job_21700923/spack-stage/spack-stage-hdf5-1.10.7-xexa2gll6hf6okdatgrxiwhcjs2uepc7/spack-src/src/H5FDint.c line 249 in H5FD_write(): driver write request failed
    major: Virtual File Layer
    minor: Write failed
  #012: /scratch/spack_cpu/job_21700923/spack-stage/spack-stage-hdf5-1.10.7-xexa2gll6hf6okdatgrxiwhcjs2uepc7/spack-src/src/H5FDsec2.c line 856 in H5FD__sec2_write(): file write failed: time = Wed Nov 19 08:13:57 2025
, filename = 'checkpoint.h5', file descriptor = 5, errno = 14, error message = 'Bad address', buf = 0x1555537c4000, total write size = 15969552, bytes this sub-write = 15969552, bytes actually written = 18446744073709551615, offset = 0
    major: Low-level I/O
    minor: Write failed
HDF5-DIAG: Error detected in HDF5 (1.10.7) thread 0:
  #000: /scratch/spack_cpu/job_21700923/spack-stage/spack-stage-hdf5-1.10.7-xexa2gll6hf6okdatgrxiwhcjs2uepc7/spack-src/src/H5Dio.c line 335 in H5Dwrite(): can't write data
    major: Dataset
    minor: Write failed
  #001: /scratch/spack_cpu/job_21700923/spack-stage/spack-stage-hdf5-1.10.7-xexa2gll6hf6okdatgrxiwhcjs2uepc7/spack-src/src/H5Dio.c line 813 in H5D__write(): can't write data
    major: Dataset
    minor: Write failed
  #002: /scratch/spack_cpu/job_21700923/spack-stage/spack-stage-hdf5-1.10.7-xexa2gll6hf6okdatgrxiwhcjs2uepc7/spack-src/src/H5Dcontig.c line 659 in H5D__contig_write(): contiguous write failed
    major: Dataset
    minor: Write failed
  #003: /scratch/spack_cpu/job_21700923/spack-stage/spack-stage-hdf5-1.10.7-xexa2gll6hf6okdatgrxiwhcjs2uepc7/spack-src/src/H5Dselect.c line 321 in H5D__select_write(): write error
    major: Dataspace
    minor: Write failed
  #004: /scratch/spack_cpu/job_21700923/spack-stage/spack-stage-hdf5-1.10.7-xexa2gll6hf6okdatgrxiwhcjs2uepc7/spack-src/src/H5Dselect.c line 230 in H5D__select_io(): write error
    major: Dataspace
    minor: Write failed
  #005: /scratch/spack_cpu/job_21700923/spack-stage/spack-stage-hdf5-1.10.7-xexa2gll6hf6okdatgrxiwhcjs2uepc7/spack-src/src/H5Dcontig.c line 1281 in H5D__contig_writevv(): can't perform vectorized sieve buffer write
    major: Dataset
    minor: Can't operate on object
  #006: /scratch/spack_cpu/job_21700923/spack-stage/spack-stage-hdf5-1.10.7-xexa2gll6hf6okdatgrxiwhcjs2uepc7/spack-src/src/H5VM.c line 1464 in H5VM_opvv(): can't perform operation
    major: Internal error (too specific to document in detail)
    minor: Can't operate on object
  #007: /scratch/spack_cpu/job_21700923/spack-stage/spack-stage-hdf5-1.10.7-xexa2gll6hf6okdatgrxiwhcjs2uepc7/spack-src/src/H5Dcontig.c line 1029 in H5D__contig_writevv_sieve_cb(): block write failed
    major: Dataset
    minor: Write failed
  #008: /scratch/spack_cpu/job_21700923/spack-stage/spack-stage-hdf5-1.10.7-xexa2gll6hf6okdatgrxiwhcjs2uepc7/spack-src/src/H5Fio.c line 161 in H5F_block_write(): write through page buffer failed
    major: Low-level I/O
    minor: Write failed
  #009: /scratch/spack_cpu/job_21700923/spack-stage/spack-stage-hdf5-1.10.7-xexa2gll6hf6okdatgrxiwhcjs2uepc7/spack-src/src/H5PB.c line 1032 in H5PB_write(): write through metadata accumulator failed
    major: Page Buffering
    minor: Write failed
  #010: /scratch/spack_cpu/job_21700923/spack-stage/spack-stage-hdf5-1.10.7-xexa2gll6hf6okdatgrxiwhcjs2uepc7/spack-src/src/H5Faccum.c line 824 in H5F__accum_write(): file write failed
    major: Low-level I/O
    minor: Write failed
  #011: /scratch/spack_cpu/job_21700923/spack-stage/spack-stage-hdf5-1.10.7-xexa2gll6hf6okdatgrxiwhcjs2uepc7/spack-src/src/H5FDint.c line 249 in H5FD_write(): driver write request failed
    major: Virtual File Layer
    minor: Write failed
  #012: /scratch/spack_cpu/job_21700923/spack-stage/spack-stage-hdf5-1.10.7-xexa2gll6hf6okdatgrxiwhcjs2uepc7/spack-src/src/H5FDsec2.c line 856 in H5FD__sec2_write(): file write failed: time = Wed Nov 19 08:14:05 2025
, filename = 'checkpoint.h5', file descriptor = 5, errno = 14, error message = 'Bad address', buf = 0x1555537c4000, total write size = 15969552, bytes this sub-write = 15969552, bytes actually written = 18446744073709551615, offset = 0
    major: Low-level I/O
    minor: Write failed
HDF5-DIAG: Error detected in HDF5 (1.10.7) thread 0:
  #000: /scratch/spack_cpu/job_21700923/spack-stage/spack-stage-hdf5-1.10.7-xexa2gll6hf6okdatgrxiwhcjs2uepc7/spack-src/src/H5Dio.c line 335 in H5Dwrite(): can't write data
    major: Dataset
    minor: Write failed
  #001: /scratch/spack_cpu/job_21700923/spack-stage/spack-stage-hdf5-1.10.7-xexa2gll6hf6okdatgrxiwhcjs2uepc7/spack-src/src/H5Dio.c line 813 in H5D__write(): can't write data
    major: Dataset
    minor: Write failed
  #002: /scratch/spack_cpu/job_21700923/spack-stage/spack-stage-hdf5-1.10.7-xexa2gll6hf6okdatgrxiwhcjs2uepc7/spack-src/src/H5Dcontig.c line 659 in H5D__contig_write(): contiguous write failed
    major: Dataset
    minor: Write failed
  #003: /scratch/spack_cpu/job_21700923/spack-stage/spack-stage-hdf5-1.10.7-xexa2gll6hf6okdatgrxiwhcjs2uepc7/spack-src/src/H5Dselect.c line 321 in H5D__select_write(): write error
    major: Dataspace
    minor: Write failed
  #004: /scratch/spack_cpu/job_21700923/spack-stage/spack-stage-hdf5-1.10.7-xexa2gll6hf6okdatgrxiwhcjs2uepc7/spack-src/src/H5Dselect.c line 230 in H5D__select_io(): write error
    major: Dataspace
    minor: Write failed
  #005: /scratch/spack_cpu/job_21700923/spack-stage/spack-stage-hdf5-1.10.7-xexa2gll6hf6okdatgrxiwhcjs2uepc7/spack-src/src/H5Dcontig.c line 1281 in H5D__contig_writevv(): can't perform vectorized sieve buffer write
    major: Dataset
    minor: Can't operate on object
  #006: /scratch/spack_cpu/job_21700923/spack-stage/spack-stage-hdf5-1.10.7-xexa2gll6hf6okdatgrxiwhcjs2uepc7/spack-src/src/H5VM.c line 1464 in H5VM_opvv(): can't perform operation
    major: Internal error (too specific to document in detail)
    minor: Can't operate on object
  #007: /scratch/spack_cpu/job_21700923/spack-stage/spack-stage-hdf5-1.10.7-xexa2gll6hf6okdatgrxiwhcjs2uepc7/spack-src/src/H5Dcontig.c line 1029 in H5D__contig_writevv_sieve_cb(): block write failed
    major: Dataset
    minor: Write failed
  #008: /scratch/spack_cpu/job_21700923/spack-stage/spack-stage-hdf5-1.10.7-xexa2gll6hf6okdatgrxiwhcjs2uepc7/spack-src/src/H5Fio.c line 161 in H5F_block_write(): write through page buffer failed
    major: Low-level I/O
    minor: Write failed
  #009: /scratch/spack_cpu/job_21700923/spack-stage/spack-stage-hdf5-1.10.7-xexa2gll6hf6okdatgrxiwhcjs2uepc7/spack-src/src/H5PB.c line 1032 in H5PB_write(): write through metadata accumulator failed
    major: Page Buffering
    minor: Write failed
  #010: /scratch/spack_cpu/job_21700923/spack-stage/spack-stage-hdf5-1.10.7-xexa2gll6hf6okdatgrxiwhcjs2uepc7/spack-src/src/H5Faccum.c line 824 in H5F__accum_write(): file write failed
    major: Low-level I/O
    minor: Write failed
  #011: /scratch/spack_cpu/job_21700923/spack-stage/spack-stage-hdf5-1.10.7-xexa2gll6hf6okdatgrxiwhcjs2uepc7/spack-src/src/H5FDint.c line 249 in H5FD_write(): driver write request failed
    major: Virtual File Layer
    minor: Write failed
  #012: /scratch/spack_cpu/job_21700923/spack-stage/spack-stage-hdf5-1.10.7-xexa2gll6hf6okdatgrxiwhcjs2uepc7/spack-src/src/H5FDsec2.c line 856 in H5FD__sec2_write(): file write failed: time = Wed Nov 19 08:14:12 2025
, filename = 'checkpoint.h5', file descriptor = 5, errno = 14, error message = 'Bad address', buf = 0x1555537c4000, total write size = 15969552, bytes this sub-write = 15969552, bytes actually written = 18446744073709551615, offset = 0
    major: Low-level I/O
    minor: Write failed
HDF5-DIAG: Error detected in HDF5 (1.10.7) thread 0:
  #000: /scratch/spack_cpu/job_21700923/spack-stage/spack-stage-hdf5-1.10.7-xexa2gll6hf6okdatgrxiwhcjs2uepc7/spack-src/src/H5Dio.c line 335 in H5Dwrite(): can't write data
    major: Dataset
    minor: Write failed
  #001: /scratch/spack_cpu/job_21700923/spack-stage/spack-stage-hdf5-1.10.7-xexa2gll6hf6okdatgrxiwhcjs2uepc7/spack-src/src/H5Dio.c line 813 in H5D__write(): can't write data
    major: Dataset
    minor: Write failed
  #002: /scratch/spack_cpu/job_21700923/spack-stage/spack-stage-hdf5-1.10.7-xexa2gll6hf6okdatgrxiwhcjs2uepc7/spack-src/src/H5Dcontig.c line 659 in H5D__contig_write(): contiguous write failed
    major: Dataset
    minor: Write failed
  #003: /scratch/spack_cpu/job_21700923/spack-stage/spack-stage-hdf5-1.10.7-xexa2gll6hf6okdatgrxiwhcjs2uepc7/spack-src/src/H5Dselect.c line 321 in H5D__select_write(): write error
    major: Dataspace
    minor: Write failed
  #004: /scratch/spack_cpu/job_21700923/spack-stage/spack-stage-hdf5-1.10.7-xexa2gll6hf6okdatgrxiwhcjs2uepc7/spack-src/src/H5Dselect.c line 230 in H5D__select_io(): write error
    major: Dataspace
    minor: Write failed
  #005: /scratch/spack_cpu/job_21700923/spack-stage/spack-stage-hdf5-1.10.7-xexa2gll6hf6okdatgrxiwhcjs2uepc7/spack-src/src/H5Dcontig.c line 1281 in H5D__contig_writevv(): can't perform vectorized sieve buffer write
    major: Dataset
    minor: Can't operate on object
  #006: /scratch/spack_cpu/job_21700923/spack-stage/spack-stage-hdf5-1.10.7-xexa2gll6hf6okdatgrxiwhcjs2uepc7/spack-src/src/H5VM.c line 1464 in H5VM_opvv(): can't perform operation
    major: Internal error (too specific to document in detail)
    minor: Can't operate on object
  #007: /scratch/spack_cpu/job_21700923/spack-stage/spack-stage-hdf5-1.10.7-xexa2gll6hf6okdatgrxiwhcjs2uepc7/spack-src/src/H5Dcontig.c line 1029 in H5D__contig_writevv_sieve_cb(): block write failed
    major: Dataset
    minor: Write failed
  #008: /scratch/spack_cpu/job_21700923/spack-stage/spack-stage-hdf5-1.10.7-xexa2gll6hf6okdatgrxiwhcjs2uepc7/spack-src/src/H5Fio.c line 161 in H5F_block_write(): write through page buffer failed
    major: Low-level I/O
    minor: Write failed
  #009: /scratch/spack_cpu/job_21700923/spack-stage/spack-stage-hdf5-1.10.7-xexa2gll6hf6okdatgrxiwhcjs2uepc7/spack-src/src/H5PB.c line 1032 in H5PB_write(): write through metadata accumulator failed
    major: Page Buffering
    minor: Write failed
  #010: /scratch/spack_cpu/job_21700923/spack-stage/spack-stage-hdf5-1.10.7-xexa2gll6hf6okdatgrxiwhcjs2uepc7/spack-src/src/H5Faccum.c line 824 in H5F__accum_write(): file write failed
    major: Low-level I/O
    minor: Write failed
  #011: /scratch/spack_cpu/job_21700923/spack-stage/spack-stage-hdf5-1.10.7-xexa2gll6hf6okdatgrxiwhcjs2uepc7/spack-src/src/H5FDint.c line 249 in H5FD_write(): driver write request failed
    major: Virtual File Layer
    minor: Write failed
  #012: /scratch/spack_cpu/job_21700923/spack-stage/spack-stage-hdf5-1.10.7-xexa2gll6hf6okdatgrxiwhcjs2uepc7/spack-src/src/H5FDsec2.c line 856 in H5FD__sec2_write(): file write failed: time = Wed Nov 19 08:14:19 2025
, filename = 'checkpoint.h5', file descriptor = 5, errno = 14, error message = 'Bad address', buf = 0x1555537c4000, total write size = 15969552, bytes this sub-write = 15969552, bytes actually written = 18446744073709551615, offset = 0
    major: Low-level I/O
    minor: Write failed
HDF5-DIAG: Error detected in HDF5 (1.10.7) thread 0:
  #000: /scratch/spack_cpu/job_21700923/spack-stage/spack-stage-hdf5-1.10.7-xexa2gll6hf6okdatgrxiwhcjs2uepc7/spack-src/src/H5Dio.c line 335 in H5Dwrite(): can't write data
    major: Dataset
    minor: Write failed
  #001: /scratch/spack_cpu/job_21700923/spack-stage/spack-stage-hdf5-1.10.7-xexa2gll6hf6okdatgrxiwhcjs2uepc7/spack-src/src/H5Dio.c line 813 in H5D__write(): can't write data
    major: Dataset
    minor: Write failed
  #002: /scratch/spack_cpu/job_21700923/spack-stage/spack-stage-hdf5-1.10.7-xexa2gll6hf6okdatgrxiwhcjs2uepc7/spack-src/src/H5Dcontig.c line 659 in H5D__contig_write(): contiguous write failed
    major: Dataset
    minor: Write failed
  #003: /scratch/spack_cpu/job_21700923/spack-stage/spack-stage-hdf5-1.10.7-xexa2gll6hf6okdatgrxiwhcjs2uepc7/spack-src/src/H5Dselect.c line 321 in H5D__select_write(): write error
    major: Dataspace
    minor: Write failed
  #004: /scratch/spack_cpu/job_21700923/spack-stage/spack-stage-hdf5-1.10.7-xexa2gll6hf6okdatgrxiwhcjs2uepc7/spack-src/src/H5Dselect.c line 230 in H5D__select_io(): write error
    major: Dataspace
    minor: Write failed
  #005: /scratch/spack_cpu/job_21700923/spack-stage/spack-stage-hdf5-1.10.7-xexa2gll6hf6okdatgrxiwhcjs2uepc7/spack-src/src/H5Dcontig.c line 1281 in H5D__contig_writevv(): can't perform vectorized sieve buffer write
    major: Dataset
    minor: Can't operate on object
  #006: /scratch/spack_cpu/job_21700923/spack-stage/spack-stage-hdf5-1.10.7-xexa2gll6hf6okdatgrxiwhcjs2uepc7/spack-src/src/H5VM.c line 1464 in H5VM_opvv(): can't perform operation
    major: Internal error (too specific to document in detail)
    minor: Can't operate on object
  #007: /scratch/spack_cpu/job_21700923/spack-stage/spack-stage-hdf5-1.10.7-xexa2gll6hf6okdatgrxiwhcjs2uepc7/spack-src/src/H5Dcontig.c line 1029 in H5D__contig_writevv_sieve_cb(): block write failed
    major: Dataset
    minor: Write failed
  #008: /scratch/spack_cpu/job_21700923/spack-stage/spack-stage-hdf5-1.10.7-xexa2gll6hf6okdatgrxiwhcjs2uepc7/spack-src/src/H5Fio.c line 161 in H5F_block_write(): write through page buffer failed
    major: Low-level I/O
    minor: Write failed
  #009: /scratch/spack_cpu/job_21700923/spack-stage/spack-stage-hdf5-1.10.7-xexa2gll6hf6okdatgrxiwhcjs2uepc7/spack-src/src/H5PB.c line 1032 in H5PB_write(): write through metadata accumulator failed
    major: Page Buffering
    minor: Write failed
  #010: /scratch/spack_cpu/job_21700923/spack-stage/spack-stage-hdf5-1.10.7-xexa2gll6hf6okdatgrxiwhcjs2uepc7/spack-src/src/H5Faccum.c line 824 in H5F__accum_write(): file write failed
    major: Low-level I/O
    minor: Write failed
  #011: /scratch/spack_cpu/job_21700923/spack-stage/spack-stage-hdf5-1.10.7-xexa2gll6hf6okdatgrxiwhcjs2uepc7/spack-src/src/H5FDint.c line 249 in H5FD_write(): driver write request failed
    major: Virtual File Layer
    minor: Write failed
  #012: /scratch/spack_cpu/job_21700923/spack-stage/spack-stage-hdf5-1.10.7-xexa2gll6hf6okdatgrxiwhcjs2uepc7/spack-src/src/H5FDsec2.c line 856 in H5FD__sec2_write(): file write failed: time = Wed Nov 19 08:14:27 2025
, filename = 'checkpoint.h5', file descriptor = 5, errno = 14, error message = 'Bad address', buf = 0x1555537c4000, total write size = 15969552, bytes this sub-write = 15969552, bytes actually written = 18446744073709551615, offset = 0
    major: Low-level I/O
    minor: Write failed
HDF5-DIAG: Error detected in HDF5 (1.10.7) thread 0:
  #000: /scratch/spack_cpu/job_21700923/spack-stage/spack-stage-hdf5-1.10.7-xexa2gll6hf6okdatgrxiwhcjs2uepc7/spack-src/src/H5Dio.c line 335 in H5Dwrite(): can't write data
    major: Dataset
    minor: Write failed
  #001: /scratch/spack_cpu/job_21700923/spack-stage/spack-stage-hdf5-1.10.7-xexa2gll6hf6okdatgrxiwhcjs2uepc7/spack-src/src/H5Dio.c line 813 in H5D__write(): can't write data
    major: Dataset
    minor: Write failed
  #002: /scratch/spack_cpu/job_21700923/spack-stage/spack-stage-hdf5-1.10.7-xexa2gll6hf6okdatgrxiwhcjs2uepc7/spack-src/src/H5Dcontig.c line 659 in H5D__contig_write(): contiguous write failed
    major: Dataset
    minor: Write failed
  #003: /scratch/spack_cpu/job_21700923/spack-stage/spack-stage-hdf5-1.10.7-xexa2gll6hf6okdatgrxiwhcjs2uepc7/spack-src/src/H5Dselect.c line 321 in H5D__select_write(): write error
    major: Dataspace
    minor: Write failed
  #004: /scratch/spack_cpu/job_21700923/spack-stage/spack-stage-hdf5-1.10.7-xexa2gll6hf6okdatgrxiwhcjs2uepc7/spack-src/src/H5Dselect.c line 230 in H5D__select_io(): write error
    major: Dataspace
    minor: Write failed
  #005: /scratch/spack_cpu/job_21700923/spack-stage/spack-stage-hdf5-1.10.7-xexa2gll6hf6okdatgrxiwhcjs2uepc7/spack-src/src/H5Dcontig.c line 1281 in H5D__contig_writevv(): can't perform vectorized sieve buffer write
    major: Dataset
    minor: Can't operate on object
  #006: /scratch/spack_cpu/job_21700923/spack-stage/spack-stage-hdf5-1.10.7-xexa2gll6hf6okdatgrxiwhcjs2uepc7/spack-src/src/H5VM.c line 1464 in H5VM_opvv(): can't perform operation
    major: Internal error (too specific to document in detail)
    minor: Can't operate on object
  #007: /scratch/spack_cpu/job_21700923/spack-stage/spack-stage-hdf5-1.10.7-xexa2gll6hf6okdatgrxiwhcjs2uepc7/spack-src/src/H5Dcontig.c line 1029 in H5D__contig_writevv_sieve_cb(): block write failed
    major: Dataset
    minor: Write failed
  #008: /scratch/spack_cpu/job_21700923/spack-stage/spack-stage-hdf5-1.10.7-xexa2gll6hf6okdatgrxiwhcjs2uepc7/spack-src/src/H5Fio.c line 161 in H5F_block_write(): write through page buffer failed
    major: Low-level I/O
    minor: Write failed
  #009: /scratch/spack_cpu/job_21700923/spack-stage/spack-stage-hdf5-1.10.7-xexa2gll6hf6okdatgrxiwhcjs2uepc7/spack-src/src/H5PB.c line 1032 in H5PB_write(): write through metadata accumulator failed
    major: Page Buffering
    minor: Write failed
  #010: /scratch/spack_cpu/job_21700923/spack-stage/spack-stage-hdf5-1.10.7-xexa2gll6hf6okdatgrxiwhcjs2uepc7/spack-src/src/H5Faccum.c line 824 in H5F__accum_write(): file write failed
    major: Low-level I/O
    minor: Write failed
  #011: /scratch/spack_cpu/job_21700923/spack-stage/spack-stage-hdf5-1.10.7-xexa2gll6hf6okdatgrxiwhcjs2uepc7/spack-src/src/H5FDint.c line 249 in H5FD_write(): driver write request failed
    major: Virtual File Layer
    minor: Write failed
  #012: /scratch/spack_cpu/job_21700923/spack-stage/spack-stage-hdf5-1.10.7-xexa2gll6hf6okdatgrxiwhcjs2uepc7/spack-src/src/H5FDsec2.c line 856 in H5FD__sec2_write(): file write failed: time = Wed Nov 19 08:14:34 2025
, filename = 'checkpoint.h5', file descriptor = 5, errno = 14, error message = 'Bad address', buf = 0x1555537c4000, total write size = 15969552, bytes this sub-write = 15969552, bytes actually written = 18446744073709551615, offset = 0
    major: Low-level I/O
    minor: Write failed
HDF5-DIAG: Error detected in HDF5 (1.10.7) thread 0:
  #000: /scratch/spack_cpu/job_21700923/spack-stage/spack-stage-hdf5-1.10.7-xexa2gll6hf6okdatgrxiwhcjs2uepc7/spack-src/src/H5Dio.c line 335 in H5Dwrite(): can't write data
    major: Dataset
    minor: Write failed
  #001: /scratch/spack_cpu/job_21700923/spack-stage/spack-stage-hdf5-1.10.7-xexa2gll6hf6okdatgrxiwhcjs2uepc7/spack-src/src/H5Dio.c line 813 in H5D__write(): can't write data
    major: Dataset
    minor: Write failed
  #002: /scratch/spack_cpu/job_21700923/spack-stage/spack-stage-hdf5-1.10.7-xexa2gll6hf6okdatgrxiwhcjs2uepc7/spack-src/src/H5Dcontig.c line 659 in H5D__contig_write(): contiguous write failed
    major: Dataset
    minor: Write failed
  #003: /scratch/spack_cpu/job_21700923/spack-stage/spack-stage-hdf5-1.10.7-xexa2gll6hf6okdatgrxiwhcjs2uepc7/spack-src/src/H5Dselect.c line 321 in H5D__select_write(): write error
    major: Dataspace
    minor: Write failed
  #004: /scratch/spack_cpu/job_21700923/spack-stage/spack-stage-hdf5-1.10.7-xexa2gll6hf6okdatgrxiwhcjs2uepc7/spack-src/src/H5Dselect.c line 230 in H5D__select_io(): write error
    major: Dataspace
    minor: Write failed
  #005: /scratch/spack_cpu/job_21700923/spack-stage/spack-stage-hdf5-1.10.7-xexa2gll6hf6okdatgrxiwhcjs2uepc7/spack-src/src/H5Dcontig.c line 1281 in H5D__contig_writevv(): can't perform vectorized sieve buffer write
    major: Dataset
    minor: Can't operate on object
  #006: /scratch/spack_cpu/job_21700923/spack-stage/spack-stage-hdf5-1.10.7-xexa2gll6hf6okdatgrxiwhcjs2uepc7/spack-src/src/H5VM.c line 1464 in H5VM_opvv(): can't perform operation
    major: Internal error (too specific to document in detail)
    minor: Can't operate on object
  #007: /scratch/spack_cpu/job_21700923/spack-stage/spack-stage-hdf5-1.10.7-xexa2gll6hf6okdatgrxiwhcjs2uepc7/spack-src/src/H5Dcontig.c line 1029 in H5D__contig_writevv_sieve_cb(): block write failed
    major: Dataset
    minor: Write failed
  #008: /scratch/spack_cpu/job_21700923/spack-stage/spack-stage-hdf5-1.10.7-xexa2gll6hf6okdatgrxiwhcjs2uepc7/spack-src/src/H5Fio.c line 161 in H5F_block_write(): write through page buffer failed
    major: Low-level I/O
    minor: Write failed
  #009: /scratch/spack_cpu/job_21700923/spack-stage/spack-stage-hdf5-1.10.7-xexa2gll6hf6okdatgrxiwhcjs2uepc7/spack-src/src/H5PB.c line 1032 in H5PB_write(): write through metadata accumulator failed
    major: Page Buffering
    minor: Write failed
  #010: /scratch/spack_cpu/job_21700923/spack-stage/spack-stage-hdf5-1.10.7-xexa2gll6hf6okdatgrxiwhcjs2uepc7/spack-src/src/H5Faccum.c line 824 in H5F__accum_write(): file write failed
    major: Low-level I/O
    minor: Write failed
  #011: /scratch/spack_cpu/job_21700923/spack-stage/spack-stage-hdf5-1.10.7-xexa2gll6hf6okdatgrxiwhcjs2uepc7/spack-src/src/H5FDint.c line 249 in H5FD_write(): driver write request failed
    major: Virtual File Layer
    minor: Write failed
  #012: /scratch/spack_cpu/job_21700923/spack-stage/spack-stage-hdf5-1.10.7-xexa2gll6hf6okdatgrxiwhcjs2uepc7/spack-src/src/H5FDsec2.c line 856 in H5FD__sec2_write(): file write failed: time = Wed Nov 19 08:14:43 2025
, filename = 'checkpoint.h5', file descriptor = 5, errno = 14, error message = 'Bad address', buf = 0x1555537c4000, total write size = 15969552, bytes this sub-write = 15969552, bytes actually written = 18446744073709551615, offset = 0
    major: Low-level I/O
    minor: Write failed
HDF5-DIAG: Error detected in HDF5 (1.10.7) thread 0:
  #000: /scratch/spack_cpu/job_21700923/spack-stage/spack-stage-hdf5-1.10.7-xexa2gll6hf6okdatgrxiwhcjs2uepc7/spack-src/src/H5Dio.c line 335 in H5Dwrite(): can't write data
    major: Dataset
    minor: Write failed
  #001: /scratch/spack_cpu/job_21700923/spack-stage/spack-stage-hdf5-1.10.7-xexa2gll6hf6okdatgrxiwhcjs2uepc7/spack-src/src/H5Dio.c line 813 in H5D__write(): can't write data
    major: Dataset
    minor: Write failed
  #002: /scratch/spack_cpu/job_21700923/spack-stage/spack-stage-hdf5-1.10.7-xexa2gll6hf6okdatgrxiwhcjs2uepc7/spack-src/src/H5Dcontig.c line 659 in H5D__contig_write(): contiguous write failed
    major: Dataset
    minor: Write failed
  #003: /scratch/spack_cpu/job_21700923/spack-stage/spack-stage-hdf5-1.10.7-xexa2gll6hf6okdatgrxiwhcjs2uepc7/spack-src/src/H5Dselect.c line 321 in H5D__select_write(): write error
    major: Dataspace
    minor: Write failed
  #004: /scratch/spack_cpu/job_21700923/spack-stage/spack-stage-hdf5-1.10.7-xexa2gll6hf6okdatgrxiwhcjs2uepc7/spack-src/src/H5Dselect.c line 230 in H5D__select_io(): write error
    major: Dataspace
    minor: Write failed
  #005: /scratch/spack_cpu/job_21700923/spack-stage/spack-stage-hdf5-1.10.7-xexa2gll6hf6okdatgrxiwhcjs2uepc7/spack-src/src/H5Dcontig.c line 1281 in H5D__contig_writevv(): can't perform vectorized sieve buffer write
    major: Dataset
    minor: Can't operate on object
  #006: /scratch/spack_cpu/job_21700923/spack-stage/spack-stage-hdf5-1.10.7-xexa2gll6hf6okdatgrxiwhcjs2uepc7/spack-src/src/H5VM.c line 1464 in H5VM_opvv(): can't perform operation
    major: Internal error (too specific to document in detail)
    minor: Can't operate on object
  #007: /scratch/spack_cpu/job_21700923/spack-stage/spack-stage-hdf5-1.10.7-xexa2gll6hf6okdatgrxiwhcjs2uepc7/spack-src/src/H5Dcontig.c line 1029 in H5D__contig_writevv_sieve_cb(): block write failed
    major: Dataset
    minor: Write failed
  #008: /scratch/spack_cpu/job_21700923/spack-stage/spack-stage-hdf5-1.10.7-xexa2gll6hf6okdatgrxiwhcjs2uepc7/spack-src/src/H5Fio.c line 161 in H5F_block_write(): write through page buffer failed
    major: Low-level I/O
    minor: Write failed
  #009: /scratch/spack_cpu/job_21700923/spack-stage/spack-stage-hdf5-1.10.7-xexa2gll6hf6okdatgrxiwhcjs2uepc7/spack-src/src/H5PB.c line 1032 in H5PB_write(): write through metadata accumulator failed
    major: Page Buffering
    minor: Write failed
  #010: /scratch/spack_cpu/job_21700923/spack-stage/spack-stage-hdf5-1.10.7-xexa2gll6hf6okdatgrxiwhcjs2uepc7/spack-src/src/H5Faccum.c line 824 in H5F__accum_write(): file write failed
    major: Low-level I/O
    minor: Write failed
  #011: /scratch/spack_cpu/job_21700923/spack-stage/spack-stage-hdf5-1.10.7-xexa2gll6hf6okdatgrxiwhcjs2uepc7/spack-src/src/H5FDint.c line 249 in H5FD_write(): driver write request failed
    major: Virtual File Layer
    minor: Write failed
  #012: /scratch/spack_cpu/job_21700923/spack-stage/spack-stage-hdf5-1.10.7-xexa2gll6hf6okdatgrxiwhcjs2uepc7/spack-src/src/H5FDsec2.c line 856 in H5FD__sec2_write(): file write failed: time = Wed Nov 19 08:14:50 2025
, filename = 'checkpoint.h5', file descriptor = 5, errno = 14, error message = 'Bad address', buf = 0x1555537c4000, total write size = 15969552, bytes this sub-write = 15969552, bytes actually written = 18446744073709551615, offset = 0
    major: Low-level I/O
    minor: Write failed
HDF5-DIAG: Error detected in HDF5 (1.10.7) thread 0:
  #000: /scratch/spack_cpu/job_21700923/spack-stage/spack-stage-hdf5-1.10.7-xexa2gll6hf6okdatgrxiwhcjs2uepc7/spack-src/src/H5Dio.c line 335 in H5Dwrite(): can't write data
    major: Dataset
    minor: Write failed
  #001: /scratch/spack_cpu/job_21700923/spack-stage/spack-stage-hdf5-1.10.7-xexa2gll6hf6okdatgrxiwhcjs2uepc7/spack-src/src/H5Dio.c line 813 in H5D__write(): can't write data
    major: Dataset
    minor: Write failed
  #002: /scratch/spack_cpu/job_21700923/spack-stage/spack-stage-hdf5-1.10.7-xexa2gll6hf6okdatgrxiwhcjs2uepc7/spack-src/src/H5Dcontig.c line 659 in H5D__contig_write(): contiguous write failed
    major: Dataset
    minor: Write failed
  #003: /scratch/spack_cpu/job_21700923/spack-stage/spack-stage-hdf5-1.10.7-xexa2gll6hf6okdatgrxiwhcjs2uepc7/spack-src/src/H5Dselect.c line 321 in H5D__select_write(): write error
    major: Dataspace
    minor: Write failed
  #004: /scratch/spack_cpu/job_21700923/spack-stage/spack-stage-hdf5-1.10.7-xexa2gll6hf6okdatgrxiwhcjs2uepc7/spack-src/src/H5Dselect.c line 230 in H5D__select_io(): write error
    major: Dataspace
    minor: Write failed
  #005: /scratch/spack_cpu/job_21700923/spack-stage/spack-stage-hdf5-1.10.7-xexa2gll6hf6okdatgrxiwhcjs2uepc7/spack-src/src/H5Dcontig.c line 1281 in H5D__contig_writevv(): can't perform vectorized sieve buffer write
    major: Dataset
    minor: Can't operate on object
  #006: /scratch/spack_cpu/job_21700923/spack-stage/spack-stage-hdf5-1.10.7-xexa2gll6hf6okdatgrxiwhcjs2uepc7/spack-src/src/H5VM.c line 1464 in H5VM_opvv(): can't perform operation
    major: Internal error (too specific to document in detail)
    minor: Can't operate on object
  #007: /scratch/spack_cpu/job_21700923/spack-stage/spack-stage-hdf5-1.10.7-xexa2gll6hf6okdatgrxiwhcjs2uepc7/spack-src/src/H5Dcontig.c line 1029 in H5D__contig_writevv_sieve_cb(): block write failed
    major: Dataset
    minor: Write failed
  #008: /scratch/spack_cpu/job_21700923/spack-stage/spack-stage-hdf5-1.10.7-xexa2gll6hf6okdatgrxiwhcjs2uepc7/spack-src/src/H5Fio.c line 161 in H5F_block_write(): write through page buffer failed
    major: Low-level I/O
    minor: Write failed
  #009: /scratch/spack_cpu/job_21700923/spack-stage/spack-stage-hdf5-1.10.7-xexa2gll6hf6okdatgrxiwhcjs2uepc7/spack-src/src/H5PB.c line 1032 in H5PB_write(): write through metadata accumulator failed
    major: Page Buffering
    minor: Write failed
  #010: /scratch/spack_cpu/job_21700923/spack-stage/spack-stage-hdf5-1.10.7-xexa2gll6hf6okdatgrxiwhcjs2uepc7/spack-src/src/H5Faccum.c line 824 in H5F__accum_write(): file write failed
    major: Low-level I/O
    minor: Write failed
  #011: /scratch/spack_cpu/job_21700923/spack-stage/spack-stage-hdf5-1.10.7-xexa2gll6hf6okdatgrxiwhcjs2uepc7/spack-src/src/H5FDint.c line 249 in H5FD_write(): driver write request failed
    major: Virtual File Layer
    minor: Write failed
  #012: /scratch/spack_cpu/job_21700923/spack-stage/spack-stage-hdf5-1.10.7-xexa2gll6hf6okdatgrxiwhcjs2uepc7/spack-src/src/H5FDsec2.c line 856 in H5FD__sec2_write(): file write failed: time = Wed Nov 19 08:14:58 2025
, filename = 'checkpoint.h5', file descriptor = 5, errno = 14, error message = 'Bad address', buf = 0x1555537c4000, total write size = 15969552, bytes this sub-write = 15969552, bytes actually written = 18446744073709551615, offset = 0
    major: Low-level I/O
    minor: Write failed
HDF5-DIAG: Error detected in HDF5 (1.10.7) thread 0:
  #000: /scratch/spack_cpu/job_21700923/spack-stage/spack-stage-hdf5-1.10.7-xexa2gll6hf6okdatgrxiwhcjs2uepc7/spack-src/src/H5Dio.c line 335 in H5Dwrite(): can't write data
    major: Dataset
    minor: Write failed
  #001: /scratch/spack_cpu/job_21700923/spack-stage/spack-stage-hdf5-1.10.7-xexa2gll6hf6okdatgrxiwhcjs2uepc7/spack-src/src/H5Dio.c line 813 in H5D__write(): can't write data
    major: Dataset
    minor: Write failed
  #002: /scratch/spack_cpu/job_21700923/spack-stage/spack-stage-hdf5-1.10.7-xexa2gll6hf6okdatgrxiwhcjs2uepc7/spack-src/src/H5Dcontig.c line 659 in H5D__contig_write(): contiguous write failed
    major: Dataset
    minor: Write failed
  #003: /scratch/spack_cpu/job_21700923/spack-stage/spack-stage-hdf5-1.10.7-xexa2gll6hf6okdatgrxiwhcjs2uepc7/spack-src/src/H5Dselect.c line 321 in H5D__select_write(): write error
    major: Dataspace
    minor: Write failed
  #004: /scratch/spack_cpu/job_21700923/spack-stage/spack-stage-hdf5-1.10.7-xexa2gll6hf6okdatgrxiwhcjs2uepc7/spack-src/src/H5Dselect.c line 230 in H5D__select_io(): write error
    major: Dataspace
    minor: Write failed
  #005: /scratch/spack_cpu/job_21700923/spack-stage/spack-stage-hdf5-1.10.7-xexa2gll6hf6okdatgrxiwhcjs2uepc7/spack-src/src/H5Dcontig.c line 1281 in H5D__contig_writevv(): can't perform vectorized sieve buffer write
    major: Dataset
    minor: Can't operate on object
  #006: /scratch/spack_cpu/job_21700923/spack-stage/spack-stage-hdf5-1.10.7-xexa2gll6hf6okdatgrxiwhcjs2uepc7/spack-src/src/H5VM.c line 1464 in H5VM_opvv(): can't perform operation
    major: Internal error (too specific to document in detail)
    minor: Can't operate on object
  #007: /scratch/spack_cpu/job_21700923/spack-stage/spack-stage-hdf5-1.10.7-xexa2gll6hf6okdatgrxiwhcjs2uepc7/spack-src/src/H5Dcontig.c line 1029 in H5D__contig_writevv_sieve_cb(): block write failed
    major: Dataset
    minor: Write failed
  #008: /scratch/spack_cpu/job_21700923/spack-stage/spack-stage-hdf5-1.10.7-xexa2gll6hf6okdatgrxiwhcjs2uepc7/spack-src/src/H5Fio.c line 161 in H5F_block_write(): write through page buffer failed
    major: Low-level I/O
    minor: Write failed
  #009: /scratch/spack_cpu/job_21700923/spack-stage/spack-stage-hdf5-1.10.7-xexa2gll6hf6okdatgrxiwhcjs2uepc7/spack-src/src/H5PB.c line 1032 in H5PB_write(): write through metadata accumulator failed
    major: Page Buffering
    minor: Write failed
  #010: /scratch/spack_cpu/job_21700923/spack-stage/spack-stage-hdf5-1.10.7-xexa2gll6hf6okdatgrxiwhcjs2uepc7/spack-src/src/H5Faccum.c line 824 in H5F__accum_write(): file write failed
    major: Low-level I/O
    minor: Write failed
  #011: /scratch/spack_cpu/job_21700923/spack-stage/spack-stage-hdf5-1.10.7-xexa2gll6hf6okdatgrxiwhcjs2uepc7/spack-src/src/H5FDint.c line 249 in H5FD_write(): driver write request failed
    major: Virtual File Layer
    minor: Write failed
  #012: /scratch/spack_cpu/job_21700923/spack-stage/spack-stage-hdf5-1.10.7-xexa2gll6hf6okdatgrxiwhcjs2uepc7/spack-src/src/H5FDsec2.c line 856 in H5FD__sec2_write(): file write failed: time = Wed Nov 19 08:15:06 2025
, filename = 'checkpoint.h5', file descriptor = 5, errno = 14, error message = 'Bad address', buf = 0x1555537c4000, total write size = 15969552, bytes this sub-write = 15969552, bytes actually written = 18446744073709551615, offset = 0
    major: Low-level I/O
    minor: Write failed
HDF5-DIAG: Error detected in HDF5 (1.10.7) thread 0:
  #000: /scratch/spack_cpu/job_21700923/spack-stage/spack-stage-hdf5-1.10.7-xexa2gll6hf6okdatgrxiwhcjs2uepc7/spack-src/src/H5Dio.c line 335 in H5Dwrite(): can't write data
    major: Dataset
    minor: Write failed
  #001: /scratch/spack_cpu/job_21700923/spack-stage/spack-stage-hdf5-1.10.7-xexa2gll6hf6okdatgrxiwhcjs2uepc7/spack-src/src/H5Dio.c line 813 in H5D__write(): can't write data
    major: Dataset
    minor: Write failed
  #002: /scratch/spack_cpu/job_21700923/spack-stage/spack-stage-hdf5-1.10.7-xexa2gll6hf6okdatgrxiwhcjs2uepc7/spack-src/src/H5Dcontig.c line 659 in H5D__contig_write(): contiguous write failed
    major: Dataset
    minor: Write failed
  #003: /scratch/spack_cpu/job_21700923/spack-stage/spack-stage-hdf5-1.10.7-xexa2gll6hf6okdatgrxiwhcjs2uepc7/spack-src/src/H5Dselect.c line 321 in H5D__select_write(): write error
    major: Dataspace
    minor: Write failed
  #004: /scratch/spack_cpu/job_21700923/spack-stage/spack-stage-hdf5-1.10.7-xexa2gll6hf6okdatgrxiwhcjs2uepc7/spack-src/src/H5Dselect.c line 230 in H5D__select_io(): write error
    major: Dataspace
    minor: Write failed
  #005: /scratch/spack_cpu/job_21700923/spack-stage/spack-stage-hdf5-1.10.7-xexa2gll6hf6okdatgrxiwhcjs2uepc7/spack-src/src/H5Dcontig.c line 1281 in H5D__contig_writevv(): can't perform vectorized sieve buffer write
    major: Dataset
    minor: Can't operate on object
  #006: /scratch/spack_cpu/job_21700923/spack-stage/spack-stage-hdf5-1.10.7-xexa2gll6hf6okdatgrxiwhcjs2uepc7/spack-src/src/H5VM.c line 1464 in H5VM_opvv(): can't perform operation
    major: Internal error (too specific to document in detail)
    minor: Can't operate on object
  #007: /scratch/spack_cpu/job_21700923/spack-stage/spack-stage-hdf5-1.10.7-xexa2gll6hf6okdatgrxiwhcjs2uepc7/spack-src/src/H5Dcontig.c line 1029 in H5D__contig_writevv_sieve_cb(): block write failed
    major: Dataset
    minor: Write failed
  #008: /scratch/spack_cpu/job_21700923/spack-stage/spack-stage-hdf5-1.10.7-xexa2gll6hf6okdatgrxiwhcjs2uepc7/spack-src/src/H5Fio.c line 161 in H5F_block_write(): write through page buffer failed
    major: Low-level I/O
    minor: Write failed
  #009: /scratch/spack_cpu/job_21700923/spack-stage/spack-stage-hdf5-1.10.7-xexa2gll6hf6okdatgrxiwhcjs2uepc7/spack-src/src/H5PB.c line 1032 in H5PB_write(): write through metadata accumulator failed
    major: Page Buffering
    minor: Write failed
  #010: /scratch/spack_cpu/job_21700923/spack-stage/spack-stage-hdf5-1.10.7-xexa2gll6hf6okdatgrxiwhcjs2uepc7/spack-src/src/H5Faccum.c line 824 in H5F__accum_write(): file write failed
    major: Low-level I/O
    minor: Write failed
  #011: /scratch/spack_cpu/job_21700923/spack-stage/spack-stage-hdf5-1.10.7-xexa2gll6hf6okdatgrxiwhcjs2uepc7/spack-src/src/H5FDint.c line 249 in H5FD_write(): driver write request failed
    major: Virtual File Layer
    minor: Write failed
  #012: /scratch/spack_cpu/job_21700923/spack-stage/spack-stage-hdf5-1.10.7-xexa2gll6hf6okdatgrxiwhcjs2uepc7/spack-src/src/H5FDsec2.c line 856 in H5FD__sec2_write(): file write failed: time = Wed Nov 19 08:15:13 2025
, filename = 'checkpoint.h5', file descriptor = 5, errno = 14, error message = 'Bad address', buf = 0x1555537c4000, total write size = 15969552, bytes this sub-write = 15969552, bytes actually written = 18446744073709551615, offset = 0
    major: Low-level I/O
    minor: Write failed
HDF5-DIAG: Error detected in HDF5 (1.10.7) thread 0:
  #000: /scratch/spack_cpu/job_21700923/spack-stage/spack-stage-hdf5-1.10.7-xexa2gll6hf6okdatgrxiwhcjs2uepc7/spack-src/src/H5Dio.c line 335 in H5Dwrite(): can't write data
    major: Dataset
    minor: Write failed
  #001: /scratch/spack_cpu/job_21700923/spack-stage/spack-stage-hdf5-1.10.7-xexa2gll6hf6okdatgrxiwhcjs2uepc7/spack-src/src/H5Dio.c line 813 in H5D__write(): can't write data
    major: Dataset
    minor: Write failed
  #002: /scratch/spack_cpu/job_21700923/spack-stage/spack-stage-hdf5-1.10.7-xexa2gll6hf6okdatgrxiwhcjs2uepc7/spack-src/src/H5Dcontig.c line 659 in H5D__contig_write(): contiguous write failed
    major: Dataset
    minor: Write failed
  #003: /scratch/spack_cpu/job_21700923/spack-stage/spack-stage-hdf5-1.10.7-xexa2gll6hf6okdatgrxiwhcjs2uepc7/spack-src/src/H5Dselect.c line 321 in H5D__select_write(): write error
    major: Dataspace
    minor: Write failed
  #004: /scratch/spack_cpu/job_21700923/spack-stage/spack-stage-hdf5-1.10.7-xexa2gll6hf6okdatgrxiwhcjs2uepc7/spack-src/src/H5Dselect.c line 230 in H5D__select_io(): write error
    major: Dataspace
    minor: Write failed
  #005: /scratch/spack_cpu/job_21700923/spack-stage/spack-stage-hdf5-1.10.7-xexa2gll6hf6okdatgrxiwhcjs2uepc7/spack-src/src/H5Dcontig.c line 1281 in H5D__contig_writevv(): can't perform vectorized sieve buffer write
    major: Dataset
    minor: Can't operate on object
  #006: /scratch/spack_cpu/job_21700923/spack-stage/spack-stage-hdf5-1.10.7-xexa2gll6hf6okdatgrxiwhcjs2uepc7/spack-src/src/H5VM.c line 1464 in H5VM_opvv(): can't perform operation
    major: Internal error (too specific to document in detail)
    minor: Can't operate on object
  #007: /scratch/spack_cpu/job_21700923/spack-stage/spack-stage-hdf5-1.10.7-xexa2gll6hf6okdatgrxiwhcjs2uepc7/spack-src/src/H5Dcontig.c line 1029 in H5D__contig_writevv_sieve_cb(): block write failed
    major: Dataset
    minor: Write failed
  #008: /scratch/spack_cpu/job_21700923/spack-stage/spack-stage-hdf5-1.10.7-xexa2gll6hf6okdatgrxiwhcjs2uepc7/spack-src/src/H5Fio.c line 161 in H5F_block_write(): write through page buffer failed
    major: Low-level I/O
    minor: Write failed
  #009: /scratch/spack_cpu/job_21700923/spack-stage/spack-stage-hdf5-1.10.7-xexa2gll6hf6okdatgrxiwhcjs2uepc7/spack-src/src/H5PB.c line 1032 in H5PB_write(): write through metadata accumulator failed
    major: Page Buffering
    minor: Write failed
  #010: /scratch/spack_cpu/job_21700923/spack-stage/spack-stage-hdf5-1.10.7-xexa2gll6hf6okdatgrxiwhcjs2uepc7/spack-src/src/H5Faccum.c line 824 in H5F__accum_write(): file write failed
    major: Low-level I/O
    minor: Write failed
  #011: /scratch/spack_cpu/job_21700923/spack-stage/spack-stage-hdf5-1.10.7-xexa2gll6hf6okdatgrxiwhcjs2uepc7/spack-src/src/H5FDint.c line 249 in H5FD_write(): driver write request failed
    major: Virtual File Layer
    minor: Write failed
  #012: /scratch/spack_cpu/job_21700923/spack-stage/spack-stage-hdf5-1.10.7-xexa2gll6hf6okdatgrxiwhcjs2uepc7/spack-src/src/H5FDsec2.c line 856 in H5FD__sec2_write(): file write failed: time = Wed Nov 19 08:15:20 2025
, filename = 'checkpoint.h5', file descriptor = 5, errno = 14, error message = 'Bad address', buf = 0x1555537c4000, total write size = 15969552, bytes this sub-write = 15969552, bytes actually written = 18446744073709551615, offset = 0
    major: Low-level I/O
    minor: Write failed
HDF5-DIAG: Error detected in HDF5 (1.10.7) thread 0:
  #000: /scratch/spack_cpu/job_21700923/spack-stage/spack-stage-hdf5-1.10.7-xexa2gll6hf6okdatgrxiwhcjs2uepc7/spack-src/src/H5Dio.c line 335 in H5Dwrite(): can't write data
    major: Dataset
    minor: Write failed
  #001: /scratch/spack_cpu/job_21700923/spack-stage/spack-stage-hdf5-1.10.7-xexa2gll6hf6okdatgrxiwhcjs2uepc7/spack-src/src/H5Dio.c line 813 in H5D__write(): can't write data
    major: Dataset
    minor: Write failed
  #002: /scratch/spack_cpu/job_21700923/spack-stage/spack-stage-hdf5-1.10.7-xexa2gll6hf6okdatgrxiwhcjs2uepc7/spack-src/src/H5Dcontig.c line 659 in H5D__contig_write(): contiguous write failed
    major: Dataset
    minor: Write failed
  #003: /scratch/spack_cpu/job_21700923/spack-stage/spack-stage-hdf5-1.10.7-xexa2gll6hf6okdatgrxiwhcjs2uepc7/spack-src/src/H5Dselect.c line 321 in H5D__select_write(): write error
    major: Dataspace
    minor: Write failed
  #004: /scratch/spack_cpu/job_21700923/spack-stage/spack-stage-hdf5-1.10.7-xexa2gll6hf6okdatgrxiwhcjs2uepc7/spack-src/src/H5Dselect.c line 230 in H5D__select_io(): write error
    major: Dataspace
    minor: Write failed
  #005: /scratch/spack_cpu/job_21700923/spack-stage/spack-stage-hdf5-1.10.7-xexa2gll6hf6okdatgrxiwhcjs2uepc7/spack-src/src/H5Dcontig.c line 1281 in H5D__contig_writevv(): can't perform vectorized sieve buffer write
    major: Dataset
    minor: Can't operate on object
  #006: /scratch/spack_cpu/job_21700923/spack-stage/spack-stage-hdf5-1.10.7-xexa2gll6hf6okdatgrxiwhcjs2uepc7/spack-src/src/H5VM.c line 1464 in H5VM_opvv(): can't perform operation
    major: Internal error (too specific to document in detail)
    minor: Can't operate on object
  #007: /scratch/spack_cpu/job_21700923/spack-stage/spack-stage-hdf5-1.10.7-xexa2gll6hf6okdatgrxiwhcjs2uepc7/spack-src/src/H5Dcontig.c line 1029 in H5D__contig_writevv_sieve_cb(): block write failed
    major: Dataset
    minor: Write failed
  #008: /scratch/spack_cpu/job_21700923/spack-stage/spack-stage-hdf5-1.10.7-xexa2gll6hf6okdatgrxiwhcjs2uepc7/spack-src/src/H5Fio.c line 161 in H5F_block_write(): write through page buffer failed
    major: Low-level I/O
    minor: Write failed
  #009: /scratch/spack_cpu/job_21700923/spack-stage/spack-stage-hdf5-1.10.7-xexa2gll6hf6okdatgrxiwhcjs2uepc7/spack-src/src/H5PB.c line 1032 in H5PB_write(): write through metadata accumulator failed
    major: Page Buffering
    minor: Write failed
  #010: /scratch/spack_cpu/job_21700923/spack-stage/spack-stage-hdf5-1.10.7-xexa2gll6hf6okdatgrxiwhcjs2uepc7/spack-src/src/H5Faccum.c line 824 in H5F__accum_write(): file write failed
    major: Low-level I/O
    minor: Write failed
  #011: /scratch/spack_cpu/job_21700923/spack-stage/spack-stage-hdf5-1.10.7-xexa2gll6hf6okdatgrxiwhcjs2uepc7/spack-src/src/H5FDint.c line 249 in H5FD_write(): driver write request failed
    major: Virtual File Layer
    minor: Write failed
  #012: /scratch/spack_cpu/job_21700923/spack-stage/spack-stage-hdf5-1.10.7-xexa2gll6hf6okdatgrxiwhcjs2uepc7/spack-src/src/H5FDsec2.c line 856 in H5FD__sec2_write(): file write failed: time = Wed Nov 19 08:15:27 2025
, filename = 'checkpoint.h5', file descriptor = 5, errno = 14, error message = 'Bad address', buf = 0x1555537c4000, total write size = 15969552, bytes this sub-write = 15969552, bytes actually written = 18446744073709551615, offset = 0
    major: Low-level I/O
    minor: Write failed
HDF5-DIAG: Error detected in HDF5 (1.10.7) thread 0:
  #000: /scratch/spack_cpu/job_21700923/spack-stage/spack-stage-hdf5-1.10.7-xexa2gll6hf6okdatgrxiwhcjs2uepc7/spack-src/src/H5Dio.c line 335 in H5Dwrite(): can't write data
    major: Dataset
    minor: Write failed
  #001: /scratch/spack_cpu/job_21700923/spack-stage/spack-stage-hdf5-1.10.7-xexa2gll6hf6okdatgrxiwhcjs2uepc7/spack-src/src/H5Dio.c line 813 in H5D__write(): can't write data
    major: Dataset
    minor: Write failed
  #002: /scratch/spack_cpu/job_21700923/spack-stage/spack-stage-hdf5-1.10.7-xexa2gll6hf6okdatgrxiwhcjs2uepc7/spack-src/src/H5Dcontig.c line 659 in H5D__contig_write(): contiguous write failed
    major: Dataset
    minor: Write failed
  #003: /scratch/spack_cpu/job_21700923/spack-stage/spack-stage-hdf5-1.10.7-xexa2gll6hf6okdatgrxiwhcjs2uepc7/spack-src/src/H5Dselect.c line 321 in H5D__select_write(): write error
    major: Dataspace
    minor: Write failed
  #004: /scratch/spack_cpu/job_21700923/spack-stage/spack-stage-hdf5-1.10.7-xexa2gll6hf6okdatgrxiwhcjs2uepc7/spack-src/src/H5Dselect.c line 230 in H5D__select_io(): write error
    major: Dataspace
    minor: Write failed
  #005: /scratch/spack_cpu/job_21700923/spack-stage/spack-stage-hdf5-1.10.7-xexa2gll6hf6okdatgrxiwhcjs2uepc7/spack-src/src/H5Dcontig.c line 1281 in H5D__contig_writevv(): can't perform vectorized sieve buffer write
    major: Dataset
    minor: Can't operate on object
  #006: /scratch/spack_cpu/job_21700923/spack-stage/spack-stage-hdf5-1.10.7-xexa2gll6hf6okdatgrxiwhcjs2uepc7/spack-src/src/H5VM.c line 1464 in H5VM_opvv(): can't perform operation
    major: Internal error (too specific to document in detail)
    minor: Can't operate on object
  #007: /scratch/spack_cpu/job_21700923/spack-stage/spack-stage-hdf5-1.10.7-xexa2gll6hf6okdatgrxiwhcjs2uepc7/spack-src/src/H5Dcontig.c line 1029 in H5D__contig_writevv_sieve_cb(): block write failed
    major: Dataset
    minor: Write failed
  #008: /scratch/spack_cpu/job_21700923/spack-stage/spack-stage-hdf5-1.10.7-xexa2gll6hf6okdatgrxiwhcjs2uepc7/spack-src/src/H5Fio.c line 161 in H5F_block_write(): write through page buffer failed
    major: Low-level I/O
    minor: Write failed
  #009: /scratch/spack_cpu/job_21700923/spack-stage/spack-stage-hdf5-1.10.7-xexa2gll6hf6okdatgrxiwhcjs2uepc7/spack-src/src/H5PB.c line 1032 in H5PB_write(): write through metadata accumulator failed
    major: Page Buffering
    minor: Write failed
  #010: /scratch/spack_cpu/job_21700923/spack-stage/spack-stage-hdf5-1.10.7-xexa2gll6hf6okdatgrxiwhcjs2uepc7/spack-src/src/H5Faccum.c line 824 in H5F__accum_write(): file write failed
    major: Low-level I/O
    minor: Write failed
  #011: /scratch/spack_cpu/job_21700923/spack-stage/spack-stage-hdf5-1.10.7-xexa2gll6hf6okdatgrxiwhcjs2uepc7/spack-src/src/H5FDint.c line 249 in H5FD_write(): driver write request failed
    major: Virtual File Layer
    minor: Write failed
  #012: /scratch/spack_cpu/job_21700923/spack-stage/spack-stage-hdf5-1.10.7-xexa2gll6hf6okdatgrxiwhcjs2uepc7/spack-src/src/H5FDsec2.c line 856 in H5FD__sec2_write(): file write failed: time = Wed Nov 19 08:15:34 2025
, filename = 'checkpoint.h5', file descriptor = 5, errno = 14, error message = 'Bad address', buf = 0x1555537c4000, total write size = 15969552, bytes this sub-write = 15969552, bytes actually written = 18446744073709551615, offset = 0
    major: Low-level I/O
    minor: Write failed
HDF5-DIAG: Error detected in HDF5 (1.10.7) thread 0:
  #000: /scratch/spack_cpu/job_21700923/spack-stage/spack-stage-hdf5-1.10.7-xexa2gll6hf6okdatgrxiwhcjs2uepc7/spack-src/src/H5Dio.c line 335 in H5Dwrite(): can't write data
    major: Dataset
    minor: Write failed
  #001: /scratch/spack_cpu/job_21700923/spack-stage/spack-stage-hdf5-1.10.7-xexa2gll6hf6okdatgrxiwhcjs2uepc7/spack-src/src/H5Dio.c line 813 in H5D__write(): can't write data
    major: Dataset
    minor: Write failed
  #002: /scratch/spack_cpu/job_21700923/spack-stage/spack-stage-hdf5-1.10.7-xexa2gll6hf6okdatgrxiwhcjs2uepc7/spack-src/src/H5Dcontig.c line 659 in H5D__contig_write(): contiguous write failed
    major: Dataset
    minor: Write failed
  #003: /scratch/spack_cpu/job_21700923/spack-stage/spack-stage-hdf5-1.10.7-xexa2gll6hf6okdatgrxiwhcjs2uepc7/spack-src/src/H5Dselect.c line 321 in H5D__select_write(): write error
    major: Dataspace
    minor: Write failed
  #004: /scratch/spack_cpu/job_21700923/spack-stage/spack-stage-hdf5-1.10.7-xexa2gll6hf6okdatgrxiwhcjs2uepc7/spack-src/src/H5Dselect.c line 230 in H5D__select_io(): write error
    major: Dataspace
    minor: Write failed
  #005: /scratch/spack_cpu/job_21700923/spack-stage/spack-stage-hdf5-1.10.7-xexa2gll6hf6okdatgrxiwhcjs2uepc7/spack-src/src/H5Dcontig.c line 1281 in H5D__contig_writevv(): can't perform vectorized sieve buffer write
    major: Dataset
    minor: Can't operate on object
  #006: /scratch/spack_cpu/job_21700923/spack-stage/spack-stage-hdf5-1.10.7-xexa2gll6hf6okdatgrxiwhcjs2uepc7/spack-src/src/H5VM.c line 1464 in H5VM_opvv(): can't perform operation
    major: Internal error (too specific to document in detail)
    minor: Can't operate on object
  #007: /scratch/spack_cpu/job_21700923/spack-stage/spack-stage-hdf5-1.10.7-xexa2gll6hf6okdatgrxiwhcjs2uepc7/spack-src/src/H5Dcontig.c line 1029 in H5D__contig_writevv_sieve_cb(): block write failed
    major: Dataset
    minor: Write failed
  #008: /scratch/spack_cpu/job_21700923/spack-stage/spack-stage-hdf5-1.10.7-xexa2gll6hf6okdatgrxiwhcjs2uepc7/spack-src/src/H5Fio.c line 161 in H5F_block_write(): write through page buffer failed
    major: Low-level I/O
    minor: Write failed
  #009: /scratch/spack_cpu/job_21700923/spack-stage/spack-stage-hdf5-1.10.7-xexa2gll6hf6okdatgrxiwhcjs2uepc7/spack-src/src/H5PB.c line 1032 in H5PB_write(): write through metadata accumulator failed
    major: Page Buffering
    minor: Write failed
  #010: /scratch/spack_cpu/job_21700923/spack-stage/spack-stage-hdf5-1.10.7-xexa2gll6hf6okdatgrxiwhcjs2uepc7/spack-src/src/H5Faccum.c line 824 in H5F__accum_write(): file write failed
    major: Low-level I/O
    minor: Write failed
  #011: /scratch/spack_cpu/job_21700923/spack-stage/spack-stage-hdf5-1.10.7-xexa2gll6hf6okdatgrxiwhcjs2uepc7/spack-src/src/H5FDint.c line 249 in H5FD_write(): driver write request failed
    major: Virtual File Layer
    minor: Write failed
  #012: /scratch/spack_cpu/job_21700923/spack-stage/spack-stage-hdf5-1.10.7-xexa2gll6hf6okdatgrxiwhcjs2uepc7/spack-src/src/H5FDsec2.c line 856 in H5FD__sec2_write(): file write failed: time = Wed Nov 19 08:15:42 2025
, filename = 'checkpoint.h5', file descriptor = 5, errno = 14, error message = 'Bad address', buf = 0x1555537c4000, total write size = 15969552, bytes this sub-write = 15969552, bytes actually written = 18446744073709551615, offset = 0
    major: Low-level I/O
    minor: Write failed
HDF5-DIAG: Error detected in HDF5 (1.10.7) thread 0:
  #000: /scratch/spack_cpu/job_21700923/spack-stage/spack-stage-hdf5-1.10.7-xexa2gll6hf6okdatgrxiwhcjs2uepc7/spack-src/src/H5Dio.c line 335 in H5Dwrite(): can't write data
    major: Dataset
    minor: Write failed
  #001: /scratch/spack_cpu/job_21700923/spack-stage/spack-stage-hdf5-1.10.7-xexa2gll6hf6okdatgrxiwhcjs2uepc7/spack-src/src/H5Dio.c line 813 in H5D__write(): can't write data
    major: Dataset
    minor: Write failed
  #002: /scratch/spack_cpu/job_21700923/spack-stage/spack-stage-hdf5-1.10.7-xexa2gll6hf6okdatgrxiwhcjs2uepc7/spack-src/src/H5Dcontig.c line 659 in H5D__contig_write(): contiguous write failed
    major: Dataset
    minor: Write failed
  #003: /scratch/spack_cpu/job_21700923/spack-stage/spack-stage-hdf5-1.10.7-xexa2gll6hf6okdatgrxiwhcjs2uepc7/spack-src/src/H5Dselect.c line 321 in H5D__select_write(): write error
    major: Dataspace
    minor: Write failed
  #004: /scratch/spack_cpu/job_21700923/spack-stage/spack-stage-hdf5-1.10.7-xexa2gll6hf6okdatgrxiwhcjs2uepc7/spack-src/src/H5Dselect.c line 230 in H5D__select_io(): write error
    major: Dataspace
    minor: Write failed
  #005: /scratch/spack_cpu/job_21700923/spack-stage/spack-stage-hdf5-1.10.7-xexa2gll6hf6okdatgrxiwhcjs2uepc7/spack-src/src/H5Dcontig.c line 1281 in H5D__contig_writevv(): can't perform vectorized sieve buffer write
    major: Dataset
    minor: Can't operate on object
  #006: /scratch/spack_cpu/job_21700923/spack-stage/spack-stage-hdf5-1.10.7-xexa2gll6hf6okdatgrxiwhcjs2uepc7/spack-src/src/H5VM.c line 1464 in H5VM_opvv(): can't perform operation
    major: Internal error (too specific to document in detail)
    minor: Can't operate on object
  #007: /scratch/spack_cpu/job_21700923/spack-stage/spack-stage-hdf5-1.10.7-xexa2gll6hf6okdatgrxiwhcjs2uepc7/spack-src/src/H5Dcontig.c line 1029 in H5D__contig_writevv_sieve_cb(): block write failed
    major: Dataset
    minor: Write failed
  #008: /scratch/spack_cpu/job_21700923/spack-stage/spack-stage-hdf5-1.10.7-xexa2gll6hf6okdatgrxiwhcjs2uepc7/spack-src/src/H5Fio.c line 161 in H5F_block_write(): write through page buffer failed
    major: Low-level I/O
    minor: Write failed
  #009: /scratch/spack_cpu/job_21700923/spack-stage/spack-stage-hdf5-1.10.7-xexa2gll6hf6okdatgrxiwhcjs2uepc7/spack-src/src/H5PB.c line 1032 in H5PB_write(): write through metadata accumulator failed
    major: Page Buffering
    minor: Write failed
  #010: /scratch/spack_cpu/job_21700923/spack-stage/spack-stage-hdf5-1.10.7-xexa2gll6hf6okdatgrxiwhcjs2uepc7/spack-src/src/H5Faccum.c line 824 in H5F__accum_write(): file write failed
    major: Low-level I/O
    minor: Write failed
  #011: /scratch/spack_cpu/job_21700923/spack-stage/spack-stage-hdf5-1.10.7-xexa2gll6hf6okdatgrxiwhcjs2uepc7/spack-src/src/H5FDint.c line 249 in H5FD_write(): driver write request failed
    major: Virtual File Layer
    minor: Write failed
  #012: /scratch/spack_cpu/job_21700923/spack-stage/spack-stage-hdf5-1.10.7-xexa2gll6hf6okdatgrxiwhcjs2uepc7/spack-src/src/H5FDsec2.c line 856 in H5FD__sec2_write(): file write failed: time = Wed Nov 19 08:15:49 2025
, filename = 'checkpoint.h5', file descriptor = 5, errno = 14, error message = 'Bad address', buf = 0x1555537c4000, total write size = 15969552, bytes this sub-write = 15969552, bytes actually written = 18446744073709551615, offset = 0
    major: Low-level I/O
    minor: Write failed
HDF5-DIAG: Error detected in HDF5 (1.10.7) thread 0:
  #000: /scratch/spack_cpu/job_21700923/spack-stage/spack-stage-hdf5-1.10.7-xexa2gll6hf6okdatgrxiwhcjs2uepc7/spack-src/src/H5Dio.c line 335 in H5Dwrite(): can't write data
    major: Dataset
    minor: Write failed
  #001: /scratch/spack_cpu/job_21700923/spack-stage/spack-stage-hdf5-1.10.7-xexa2gll6hf6okdatgrxiwhcjs2uepc7/spack-src/src/H5Dio.c line 813 in H5D__write(): can't write data
    major: Dataset
    minor: Write failed
  #002: /scratch/spack_cpu/job_21700923/spack-stage/spack-stage-hdf5-1.10.7-xexa2gll6hf6okdatgrxiwhcjs2uepc7/spack-src/src/H5Dcontig.c line 659 in H5D__contig_write(): contiguous write failed
    major: Dataset
    minor: Write failed
  #003: /scratch/spack_cpu/job_21700923/spack-stage/spack-stage-hdf5-1.10.7-xexa2gll6hf6okdatgrxiwhcjs2uepc7/spack-src/src/H5Dselect.c line 321 in H5D__select_write(): write error
    major: Dataspace
    minor: Write failed
  #004: /scratch/spack_cpu/job_21700923/spack-stage/spack-stage-hdf5-1.10.7-xexa2gll6hf6okdatgrxiwhcjs2uepc7/spack-src/src/H5Dselect.c line 230 in H5D__select_io(): write error
    major: Dataspace
    minor: Write failed
  #005: /scratch/spack_cpu/job_21700923/spack-stage/spack-stage-hdf5-1.10.7-xexa2gll6hf6okdatgrxiwhcjs2uepc7/spack-src/src/H5Dcontig.c line 1281 in H5D__contig_writevv(): can't perform vectorized sieve buffer write
    major: Dataset
    minor: Can't operate on object
  #006: /scratch/spack_cpu/job_21700923/spack-stage/spack-stage-hdf5-1.10.7-xexa2gll6hf6okdatgrxiwhcjs2uepc7/spack-src/src/H5VM.c line 1464 in H5VM_opvv(): can't perform operation
    major: Internal error (too specific to document in detail)
    minor: Can't operate on object
  #007: /scratch/spack_cpu/job_21700923/spack-stage/spack-stage-hdf5-1.10.7-xexa2gll6hf6okdatgrxiwhcjs2uepc7/spack-src/src/H5Dcontig.c line 1029 in H5D__contig_writevv_sieve_cb(): block write failed
    major: Dataset
    minor: Write failed
  #008: /scratch/spack_cpu/job_21700923/spack-stage/spack-stage-hdf5-1.10.7-xexa2gll6hf6okdatgrxiwhcjs2uepc7/spack-src/src/H5Fio.c line 161 in H5F_block_write(): write through page buffer failed
    major: Low-level I/O
    minor: Write failed
  #009: /scratch/spack_cpu/job_21700923/spack-stage/spack-stage-hdf5-1.10.7-xexa2gll6hf6okdatgrxiwhcjs2uepc7/spack-src/src/H5PB.c line 1032 in H5PB_write(): write through metadata accumulator failed
    major: Page Buffering
    minor: Write failed
  #010: /scratch/spack_cpu/job_21700923/spack-stage/spack-stage-hdf5-1.10.7-xexa2gll6hf6okdatgrxiwhcjs2uepc7/spack-src/src/H5Faccum.c line 824 in H5F__accum_write(): file write failed
    major: Low-level I/O
    minor: Write failed
  #011: /scratch/spack_cpu/job_21700923/spack-stage/spack-stage-hdf5-1.10.7-xexa2gll6hf6okdatgrxiwhcjs2uepc7/spack-src/src/H5FDint.c line 249 in H5FD_write(): driver write request failed
    major: Virtual File Layer
    minor: Write failed
  #012: /scratch/spack_cpu/job_21700923/spack-stage/spack-stage-hdf5-1.10.7-xexa2gll6hf6okdatgrxiwhcjs2uepc7/spack-src/src/H5FDsec2.c line 856 in H5FD__sec2_write(): file write failed: time = Wed Nov 19 08:15:57 2025
, filename = 'checkpoint.h5', file descriptor = 5, errno = 14, error message = 'Bad address', buf = 0x1555537c4000, total write size = 15969552, bytes this sub-write = 15969552, bytes actually written = 18446744073709551615, offset = 0
    major: Low-level I/O
    minor: Write failed
HDF5-DIAG: Error detected in HDF5 (1.10.7) thread 0:
  #000: /scratch/spack_cpu/job_21700923/spack-stage/spack-stage-hdf5-1.10.7-xexa2gll6hf6okdatgrxiwhcjs2uepc7/spack-src/src/H5Dio.c line 335 in H5Dwrite(): can't write data
    major: Dataset
    minor: Write failed
  #001: /scratch/spack_cpu/job_21700923/spack-stage/spack-stage-hdf5-1.10.7-xexa2gll6hf6okdatgrxiwhcjs2uepc7/spack-src/src/H5Dio.c line 813 in H5D__write(): can't write data
    major: Dataset
    minor: Write failed
  #002: /scratch/spack_cpu/job_21700923/spack-stage/spack-stage-hdf5-1.10.7-xexa2gll6hf6okdatgrxiwhcjs2uepc7/spack-src/src/H5Dcontig.c line 659 in H5D__contig_write(): contiguous write failed
    major: Dataset
    minor: Write failed
  #003: /scratch/spack_cpu/job_21700923/spack-stage/spack-stage-hdf5-1.10.7-xexa2gll6hf6okdatgrxiwhcjs2uepc7/spack-src/src/H5Dselect.c line 321 in H5D__select_write(): write error
    major: Dataspace
    minor: Write failed
  #004: /scratch/spack_cpu/job_21700923/spack-stage/spack-stage-hdf5-1.10.7-xexa2gll6hf6okdatgrxiwhcjs2uepc7/spack-src/src/H5Dselect.c line 230 in H5D__select_io(): write error
    major: Dataspace
    minor: Write failed
  #005: /scratch/spack_cpu/job_21700923/spack-stage/spack-stage-hdf5-1.10.7-xexa2gll6hf6okdatgrxiwhcjs2uepc7/spack-src/src/H5Dcontig.c line 1281 in H5D__contig_writevv(): can't perform vectorized sieve buffer write
    major: Dataset
    minor: Can't operate on object
  #006: /scratch/spack_cpu/job_21700923/spack-stage/spack-stage-hdf5-1.10.7-xexa2gll6hf6okdatgrxiwhcjs2uepc7/spack-src/src/H5VM.c line 1464 in H5VM_opvv(): can't perform operation
    major: Internal error (too specific to document in detail)
    minor: Can't operate on object
  #007: /scratch/spack_cpu/job_21700923/spack-stage/spack-stage-hdf5-1.10.7-xexa2gll6hf6okdatgrxiwhcjs2uepc7/spack-src/src/H5Dcontig.c line 1029 in H5D__contig_writevv_sieve_cb(): block write failed
    major: Dataset
    minor: Write failed
  #008: /scratch/spack_cpu/job_21700923/spack-stage/spack-stage-hdf5-1.10.7-xexa2gll6hf6okdatgrxiwhcjs2uepc7/spack-src/src/H5Fio.c line 161 in H5F_block_write(): write through page buffer failed
    major: Low-level I/O
    minor: Write failed
  #009: /scratch/spack_cpu/job_21700923/spack-stage/spack-stage-hdf5-1.10.7-xexa2gll6hf6okdatgrxiwhcjs2uepc7/spack-src/src/H5PB.c line 1032 in H5PB_write(): write through metadata accumulator failed
    major: Page Buffering
    minor: Write failed
  #010: /scratch/spack_cpu/job_21700923/spack-stage/spack-stage-hdf5-1.10.7-xexa2gll6hf6okdatgrxiwhcjs2uepc7/spack-src/src/H5Faccum.c line 824 in H5F__accum_write(): file write failed
    major: Low-level I/O
    minor: Write failed
  #011: /scratch/spack_cpu/job_21700923/spack-stage/spack-stage-hdf5-1.10.7-xexa2gll6hf6okdatgrxiwhcjs2uepc7/spack-src/src/H5FDint.c line 249 in H5FD_write(): driver write request failed
    major: Virtual File Layer
    minor: Write failed
  #012: /scratch/spack_cpu/job_21700923/spack-stage/spack-stage-hdf5-1.10.7-xexa2gll6hf6okdatgrxiwhcjs2uepc7/spack-src/src/H5FDsec2.c line 856 in H5FD__sec2_write(): file write failed: time = Wed Nov 19 08:16:04 2025
, filename = 'checkpoint.h5', file descriptor = 5, errno = 14, error message = 'Bad address', buf = 0x1555537c4000, total write size = 15969552, bytes this sub-write = 15969552, bytes actually written = 18446744073709551615, offset = 0
    major: Low-level I/O
    minor: Write failed
HDF5-DIAG: Error detected in HDF5 (1.10.7) thread 0:
  #000: /scratch/spack_cpu/job_21700923/spack-stage/spack-stage-hdf5-1.10.7-xexa2gll6hf6okdatgrxiwhcjs2uepc7/spack-src/src/H5Dio.c line 335 in H5Dwrite(): can't write data
    major: Dataset
    minor: Write failed
  #001: /scratch/spack_cpu/job_21700923/spack-stage/spack-stage-hdf5-1.10.7-xexa2gll6hf6okdatgrxiwhcjs2uepc7/spack-src/src/H5Dio.c line 813 in H5D__write(): can't write data
    major: Dataset
    minor: Write failed
  #002: /scratch/spack_cpu/job_21700923/spack-stage/spack-stage-hdf5-1.10.7-xexa2gll6hf6okdatgrxiwhcjs2uepc7/spack-src/src/H5Dcontig.c line 659 in H5D__contig_write(): contiguous write failed
    major: Dataset
    minor: Write failed
  #003: /scratch/spack_cpu/job_21700923/spack-stage/spack-stage-hdf5-1.10.7-xexa2gll6hf6okdatgrxiwhcjs2uepc7/spack-src/src/H5Dselect.c line 321 in H5D__select_write(): write error
    major: Dataspace
    minor: Write failed
  #004: /scratch/spack_cpu/job_21700923/spack-stage/spack-stage-hdf5-1.10.7-xexa2gll6hf6okdatgrxiwhcjs2uepc7/spack-src/src/H5Dselect.c line 230 in H5D__select_io(): write error
    major: Dataspace
    minor: Write failed
  #005: /scratch/spack_cpu/job_21700923/spack-stage/spack-stage-hdf5-1.10.7-xexa2gll6hf6okdatgrxiwhcjs2uepc7/spack-src/src/H5Dcontig.c line 1281 in H5D__contig_writevv(): can't perform vectorized sieve buffer write
    major: Dataset
    minor: Can't operate on object
  #006: /scratch/spack_cpu/job_21700923/spack-stage/spack-stage-hdf5-1.10.7-xexa2gll6hf6okdatgrxiwhcjs2uepc7/spack-src/src/H5VM.c line 1464 in H5VM_opvv(): can't perform operation
    major: Internal error (too specific to document in detail)
    minor: Can't operate on object
  #007: /scratch/spack_cpu/job_21700923/spack-stage/spack-stage-hdf5-1.10.7-xexa2gll6hf6okdatgrxiwhcjs2uepc7/spack-src/src/H5Dcontig.c line 1029 in H5D__contig_writevv_sieve_cb(): block write failed
    major: Dataset
    minor: Write failed
  #008: /scratch/spack_cpu/job_21700923/spack-stage/spack-stage-hdf5-1.10.7-xexa2gll6hf6okdatgrxiwhcjs2uepc7/spack-src/src/H5Fio.c line 161 in H5F_block_write(): write through page buffer failed
    major: Low-level I/O
    minor: Write failed
  #009: /scratch/spack_cpu/job_21700923/spack-stage/spack-stage-hdf5-1.10.7-xexa2gll6hf6okdatgrxiwhcjs2uepc7/spack-src/src/H5PB.c line 1032 in H5PB_write(): write through metadata accumulator failed
    major: Page Buffering
    minor: Write failed
  #010: /scratch/spack_cpu/job_21700923/spack-stage/spack-stage-hdf5-1.10.7-xexa2gll6hf6okdatgrxiwhcjs2uepc7/spack-src/src/H5Faccum.c line 824 in H5F__accum_write(): file write failed
    major: Low-level I/O
    minor: Write failed
  #011: /scratch/spack_cpu/job_21700923/spack-stage/spack-stage-hdf5-1.10.7-xexa2gll6hf6okdatgrxiwhcjs2uepc7/spack-src/src/H5FDint.c line 249 in H5FD_write(): driver write request failed
    major: Virtual File Layer
    minor: Write failed
  #012: /scratch/spack_cpu/job_21700923/spack-stage/spack-stage-hdf5-1.10.7-xexa2gll6hf6okdatgrxiwhcjs2uepc7/spack-src/src/H5FDsec2.c line 856 in H5FD__sec2_write(): file write failed: time = Wed Nov 19 08:16:12 2025
, filename = 'checkpoint.h5', file descriptor = 5, errno = 14, error message = 'Bad address', buf = 0x1555537c4000, total write size = 15969552, bytes this sub-write = 15969552, bytes actually written = 18446744073709551615, offset = 0
    major: Low-level I/O
    minor: Write failed
HDF5-DIAG: Error detected in HDF5 (1.10.7) thread 0:
  #000: /scratch/spack_cpu/job_21700923/spack-stage/spack-stage-hdf5-1.10.7-xexa2gll6hf6okdatgrxiwhcjs2uepc7/spack-src/src/H5Dio.c line 335 in H5Dwrite(): can't write data
    major: Dataset
    minor: Write failed
  #001: /scratch/spack_cpu/job_21700923/spack-stage/spack-stage-hdf5-1.10.7-xexa2gll6hf6okdatgrxiwhcjs2uepc7/spack-src/src/H5Dio.c line 813 in H5D__write(): can't write data
    major: Dataset
    minor: Write failed
  #002: /scratch/spack_cpu/job_21700923/spack-stage/spack-stage-hdf5-1.10.7-xexa2gll6hf6okdatgrxiwhcjs2uepc7/spack-src/src/H5Dcontig.c line 659 in H5D__contig_write(): contiguous write failed
    major: Dataset
    minor: Write failed
  #003: /scratch/spack_cpu/job_21700923/spack-stage/spack-stage-hdf5-1.10.7-xexa2gll6hf6okdatgrxiwhcjs2uepc7/spack-src/src/H5Dselect.c line 321 in H5D__select_write(): write error
    major: Dataspace
    minor: Write failed
  #004: /scratch/spack_cpu/job_21700923/spack-stage/spack-stage-hdf5-1.10.7-xexa2gll6hf6okdatgrxiwhcjs2uepc7/spack-src/src/H5Dselect.c line 230 in H5D__select_io(): write error
    major: Dataspace
    minor: Write failed
  #005: /scratch/spack_cpu/job_21700923/spack-stage/spack-stage-hdf5-1.10.7-xexa2gll6hf6okdatgrxiwhcjs2uepc7/spack-src/src/H5Dcontig.c line 1281 in H5D__contig_writevv(): can't perform vectorized sieve buffer write
    major: Dataset
    minor: Can't operate on object
  #006: /scratch/spack_cpu/job_21700923/spack-stage/spack-stage-hdf5-1.10.7-xexa2gll6hf6okdatgrxiwhcjs2uepc7/spack-src/src/H5VM.c line 1464 in H5VM_opvv(): can't perform operation
    major: Internal error (too specific to document in detail)
    minor: Can't operate on object
  #007: /scratch/spack_cpu/job_21700923/spack-stage/spack-stage-hdf5-1.10.7-xexa2gll6hf6okdatgrxiwhcjs2uepc7/spack-src/src/H5Dcontig.c line 1029 in H5D__contig_writevv_sieve_cb(): block write failed
    major: Dataset
    minor: Write failed
  #008: /scratch/spack_cpu/job_21700923/spack-stage/spack-stage-hdf5-1.10.7-xexa2gll6hf6okdatgrxiwhcjs2uepc7/spack-src/src/H5Fio.c line 161 in H5F_block_write(): write through page buffer failed
    major: Low-level I/O
    minor: Write failed
  #009: /scratch/spack_cpu/job_21700923/spack-stage/spack-stage-hdf5-1.10.7-xexa2gll6hf6okdatgrxiwhcjs2uepc7/spack-src/src/H5PB.c line 1032 in H5PB_write(): write through metadata accumulator failed
    major: Page Buffering
    minor: Write failed
  #010: /scratch/spack_cpu/job_21700923/spack-stage/spack-stage-hdf5-1.10.7-xexa2gll6hf6okdatgrxiwhcjs2uepc7/spack-src/src/H5Faccum.c line 824 in H5F__accum_write(): file write failed
    major: Low-level I/O
    minor: Write failed
  #011: /scratch/spack_cpu/job_21700923/spack-stage/spack-stage-hdf5-1.10.7-xexa2gll6hf6okdatgrxiwhcjs2uepc7/spack-src/src/H5FDint.c line 249 in H5FD_write(): driver write request failed
    major: Virtual File Layer
    minor: Write failed
  #012: /scratch/spack_cpu/job_21700923/spack-stage/spack-stage-hdf5-1.10.7-xexa2gll6hf6okdatgrxiwhcjs2uepc7/spack-src/src/H5FDsec2.c line 856 in H5FD__sec2_write(): file write failed: time = Wed Nov 19 08:16:19 2025
, filename = 'checkpoint.h5', file descriptor = 5, errno = 14, error message = 'Bad address', buf = 0x1555537c4000, total write size = 15969552, bytes this sub-write = 15969552, bytes actually written = 18446744073709551615, offset = 0
    major: Low-level I/O
    minor: Write failed
HDF5-DIAG: Error detected in HDF5 (1.10.7) thread 0:
  #000: /scratch/spack_cpu/job_21700923/spack-stage/spack-stage-hdf5-1.10.7-xexa2gll6hf6okdatgrxiwhcjs2uepc7/spack-src/src/H5Dio.c line 335 in H5Dwrite(): can't write data
    major: Dataset
    minor: Write failed
  #001: /scratch/spack_cpu/job_21700923/spack-stage/spack-stage-hdf5-1.10.7-xexa2gll6hf6okdatgrxiwhcjs2uepc7/spack-src/src/H5Dio.c line 813 in H5D__write(): can't write data
    major: Dataset
    minor: Write failed
  #002: /scratch/spack_cpu/job_21700923/spack-stage/spack-stage-hdf5-1.10.7-xexa2gll6hf6okdatgrxiwhcjs2uepc7/spack-src/src/H5Dcontig.c line 659 in H5D__contig_write(): contiguous write failed
    major: Dataset
    minor: Write failed
  #003: /scratch/spack_cpu/job_21700923/spack-stage/spack-stage-hdf5-1.10.7-xexa2gll6hf6okdatgrxiwhcjs2uepc7/spack-src/src/H5Dselect.c line 321 in H5D__select_write(): write error
    major: Dataspace
    minor: Write failed
  #004: /scratch/spack_cpu/job_21700923/spack-stage/spack-stage-hdf5-1.10.7-xexa2gll6hf6okdatgrxiwhcjs2uepc7/spack-src/src/H5Dselect.c line 230 in H5D__select_io(): write error
    major: Dataspace
    minor: Write failed
  #005: /scratch/spack_cpu/job_21700923/spack-stage/spack-stage-hdf5-1.10.7-xexa2gll6hf6okdatgrxiwhcjs2uepc7/spack-src/src/H5Dcontig.c line 1281 in H5D__contig_writevv(): can't perform vectorized sieve buffer write
    major: Dataset
    minor: Can't operate on object
  #006: /scratch/spack_cpu/job_21700923/spack-stage/spack-stage-hdf5-1.10.7-xexa2gll6hf6okdatgrxiwhcjs2uepc7/spack-src/src/H5VM.c line 1464 in H5VM_opvv(): can't perform operation
    major: Internal error (too specific to document in detail)
    minor: Can't operate on object
  #007: /scratch/spack_cpu/job_21700923/spack-stage/spack-stage-hdf5-1.10.7-xexa2gll6hf6okdatgrxiwhcjs2uepc7/spack-src/src/H5Dcontig.c line 1029 in H5D__contig_writevv_sieve_cb(): block write failed
    major: Dataset
    minor: Write failed
  #008: /scratch/spack_cpu/job_21700923/spack-stage/spack-stage-hdf5-1.10.7-xexa2gll6hf6okdatgrxiwhcjs2uepc7/spack-src/src/H5Fio.c line 161 in H5F_block_write(): write through page buffer failed
    major: Low-level I/O
    minor: Write failed
  #009: /scratch/spack_cpu/job_21700923/spack-stage/spack-stage-hdf5-1.10.7-xexa2gll6hf6okdatgrxiwhcjs2uepc7/spack-src/src/H5PB.c line 1032 in H5PB_write(): write through metadata accumulator failed
    major: Page Buffering
    minor: Write failed
  #010: /scratch/spack_cpu/job_21700923/spack-stage/spack-stage-hdf5-1.10.7-xexa2gll6hf6okdatgrxiwhcjs2uepc7/spack-src/src/H5Faccum.c line 824 in H5F__accum_write(): file write failed
    major: Low-level I/O
    minor: Write failed
  #011: /scratch/spack_cpu/job_21700923/spack-stage/spack-stage-hdf5-1.10.7-xexa2gll6hf6okdatgrxiwhcjs2uepc7/spack-src/src/H5FDint.c line 249 in H5FD_write(): driver write request failed
    major: Virtual File Layer
    minor: Write failed
  #012: /scratch/spack_cpu/job_21700923/spack-stage/spack-stage-hdf5-1.10.7-xexa2gll6hf6okdatgrxiwhcjs2uepc7/spack-src/src/H5FDsec2.c line 856 in H5FD__sec2_write(): file write failed: time = Wed Nov 19 08:16:26 2025
, filename = 'checkpoint.h5', file descriptor = 5, errno = 14, error message = 'Bad address', buf = 0x1555537c4000, total write size = 15969552, bytes this sub-write = 15969552, bytes actually written = 18446744073709551615, offset = 0
    major: Low-level I/O
    minor: Write failed
HDF5-DIAG: Error detected in HDF5 (1.10.7) thread 0:
  #000: /scratch/spack_cpu/job_21700923/spack-stage/spack-stage-hdf5-1.10.7-xexa2gll6hf6okdatgrxiwhcjs2uepc7/spack-src/src/H5Dio.c line 335 in H5Dwrite(): can't write data
    major: Dataset
    minor: Write failed
  #001: /scratch/spack_cpu/job_21700923/spack-stage/spack-stage-hdf5-1.10.7-xexa2gll6hf6okdatgrxiwhcjs2uepc7/spack-src/src/H5Dio.c line 813 in H5D__write(): can't write data
    major: Dataset
    minor: Write failed
  #002: /scratch/spack_cpu/job_21700923/spack-stage/spack-stage-hdf5-1.10.7-xexa2gll6hf6okdatgrxiwhcjs2uepc7/spack-src/src/H5Dcontig.c line 659 in H5D__contig_write(): contiguous write failed
    major: Dataset
    minor: Write failed
  #003: /scratch/spack_cpu/job_21700923/spack-stage/spack-stage-hdf5-1.10.7-xexa2gll6hf6okdatgrxiwhcjs2uepc7/spack-src/src/H5Dselect.c line 321 in H5D__select_write(): write error
    major: Dataspace
    minor: Write failed
  #004: /scratch/spack_cpu/job_21700923/spack-stage/spack-stage-hdf5-1.10.7-xexa2gll6hf6okdatgrxiwhcjs2uepc7/spack-src/src/H5Dselect.c line 230 in H5D__select_io(): write error
    major: Dataspace
    minor: Write failed
  #005: /scratch/spack_cpu/job_21700923/spack-stage/spack-stage-hdf5-1.10.7-xexa2gll6hf6okdatgrxiwhcjs2uepc7/spack-src/src/H5Dcontig.c line 1281 in H5D__contig_writevv(): can't perform vectorized sieve buffer write
    major: Dataset
    minor: Can't operate on object
  #006: /scratch/spack_cpu/job_21700923/spack-stage/spack-stage-hdf5-1.10.7-xexa2gll6hf6okdatgrxiwhcjs2uepc7/spack-src/src/H5VM.c line 1464 in H5VM_opvv(): can't perform operation
    major: Internal error (too specific to document in detail)
    minor: Can't operate on object
  #007: /scratch/spack_cpu/job_21700923/spack-stage/spack-stage-hdf5-1.10.7-xexa2gll6hf6okdatgrxiwhcjs2uepc7/spack-src/src/H5Dcontig.c line 1029 in H5D__contig_writevv_sieve_cb(): block write failed
    major: Dataset
    minor: Write failed
  #008: /scratch/spack_cpu/job_21700923/spack-stage/spack-stage-hdf5-1.10.7-xexa2gll6hf6okdatgrxiwhcjs2uepc7/spack-src/src/H5Fio.c line 161 in H5F_block_write(): write through page buffer failed
    major: Low-level I/O
    minor: Write failed
  #009: /scratch/spack_cpu/job_21700923/spack-stage/spack-stage-hdf5-1.10.7-xexa2gll6hf6okdatgrxiwhcjs2uepc7/spack-src/src/H5PB.c line 1032 in H5PB_write(): write through metadata accumulator failed
    major: Page Buffering
    minor: Write failed
  #010: /scratch/spack_cpu/job_21700923/spack-stage/spack-stage-hdf5-1.10.7-xexa2gll6hf6okdatgrxiwhcjs2uepc7/spack-src/src/H5Faccum.c line 824 in H5F__accum_write(): file write failed
    major: Low-level I/O
    minor: Write failed
  #011: /scratch/spack_cpu/job_21700923/spack-stage/spack-stage-hdf5-1.10.7-xexa2gll6hf6okdatgrxiwhcjs2uepc7/spack-src/src/H5FDint.c line 249 in H5FD_write(): driver write request failed
    major: Virtual File Layer
    minor: Write failed
  #012: /scratch/spack_cpu/job_21700923/spack-stage/spack-stage-hdf5-1.10.7-xexa2gll6hf6okdatgrxiwhcjs2uepc7/spack-src/src/H5FDsec2.c line 856 in H5FD__sec2_write(): file write failed: time = Wed Nov 19 08:16:34 2025
, filename = 'checkpoint.h5', file descriptor = 5, errno = 14, error message = 'Bad address', buf = 0x1555537c4000, total write size = 15969552, bytes this sub-write = 15969552, bytes actually written = 18446744073709551615, offset = 0
    major: Low-level I/O
    minor: Write failed
HDF5-DIAG: Error detected in HDF5 (1.10.7) thread 0:
  #000: /scratch/spack_cpu/job_21700923/spack-stage/spack-stage-hdf5-1.10.7-xexa2gll6hf6okdatgrxiwhcjs2uepc7/spack-src/src/H5Dio.c line 335 in H5Dwrite(): can't write data
    major: Dataset
    minor: Write failed
  #001: /scratch/spack_cpu/job_21700923/spack-stage/spack-stage-hdf5-1.10.7-xexa2gll6hf6okdatgrxiwhcjs2uepc7/spack-src/src/H5Dio.c line 813 in H5D__write(): can't write data
    major: Dataset
    minor: Write failed
  #002: /scratch/spack_cpu/job_21700923/spack-stage/spack-stage-hdf5-1.10.7-xexa2gll6hf6okdatgrxiwhcjs2uepc7/spack-src/src/H5Dcontig.c line 659 in H5D__contig_write(): contiguous write failed
    major: Dataset
    minor: Write failed
  #003: /scratch/spack_cpu/job_21700923/spack-stage/spack-stage-hdf5-1.10.7-xexa2gll6hf6okdatgrxiwhcjs2uepc7/spack-src/src/H5Dselect.c line 321 in H5D__select_write(): write error
    major: Dataspace
    minor: Write failed
  #004: /scratch/spack_cpu/job_21700923/spack-stage/spack-stage-hdf5-1.10.7-xexa2gll6hf6okdatgrxiwhcjs2uepc7/spack-src/src/H5Dselect.c line 230 in H5D__select_io(): write error
    major: Dataspace
    minor: Write failed
  #005: /scratch/spack_cpu/job_21700923/spack-stage/spack-stage-hdf5-1.10.7-xexa2gll6hf6okdatgrxiwhcjs2uepc7/spack-src/src/H5Dcontig.c line 1281 in H5D__contig_writevv(): can't perform vectorized sieve buffer write
    major: Dataset
    minor: Can't operate on object
  #006: /scratch/spack_cpu/job_21700923/spack-stage/spack-stage-hdf5-1.10.7-xexa2gll6hf6okdatgrxiwhcjs2uepc7/spack-src/src/H5VM.c line 1464 in H5VM_opvv(): can't perform operation
    major: Internal error (too specific to document in detail)
    minor: Can't operate on object
  #007: /scratch/spack_cpu/job_21700923/spack-stage/spack-stage-hdf5-1.10.7-xexa2gll6hf6okdatgrxiwhcjs2uepc7/spack-src/src/H5Dcontig.c line 1029 in H5D__contig_writevv_sieve_cb(): block write failed
    major: Dataset
    minor: Write failed
  #008: /scratch/spack_cpu/job_21700923/spack-stage/spack-stage-hdf5-1.10.7-xexa2gll6hf6okdatgrxiwhcjs2uepc7/spack-src/src/H5Fio.c line 161 in H5F_block_write(): write through page buffer failed
    major: Low-level I/O
    minor: Write failed
  #009: /scratch/spack_cpu/job_21700923/spack-stage/spack-stage-hdf5-1.10.7-xexa2gll6hf6okdatgrxiwhcjs2uepc7/spack-src/src/H5PB.c line 1032 in H5PB_write(): write through metadata accumulator failed
    major: Page Buffering
    minor: Write failed
  #010: /scratch/spack_cpu/job_21700923/spack-stage/spack-stage-hdf5-1.10.7-xexa2gll6hf6okdatgrxiwhcjs2uepc7/spack-src/src/H5Faccum.c line 824 in H5F__accum_write(): file write failed
    major: Low-level I/O
    minor: Write failed
  #011: /scratch/spack_cpu/job_21700923/spack-stage/spack-stage-hdf5-1.10.7-xexa2gll6hf6okdatgrxiwhcjs2uepc7/spack-src/src/H5FDint.c line 249 in H5FD_write(): driver write request failed
    major: Virtual File Layer
    minor: Write failed
  #012: /scratch/spack_cpu/job_21700923/spack-stage/spack-stage-hdf5-1.10.7-xexa2gll6hf6okdatgrxiwhcjs2uepc7/spack-src/src/H5FDsec2.c line 856 in H5FD__sec2_write(): file write failed: time = Wed Nov 19 08:16:42 2025
, filename = 'checkpoint.h5', file descriptor = 5, errno = 14, error message = 'Bad address', buf = 0x1555537c4000, total write size = 15969552, bytes this sub-write = 15969552, bytes actually written = 18446744073709551615, offset = 0
    major: Low-level I/O
    minor: Write failed
HDF5-DIAG: Error detected in HDF5 (1.10.7) thread 0:
  #000: /scratch/spack_cpu/job_21700923/spack-stage/spack-stage-hdf5-1.10.7-xexa2gll6hf6okdatgrxiwhcjs2uepc7/spack-src/src/H5Dio.c line 335 in H5Dwrite(): can't write data
    major: Dataset
    minor: Write failed
  #001: /scratch/spack_cpu/job_21700923/spack-stage/spack-stage-hdf5-1.10.7-xexa2gll6hf6okdatgrxiwhcjs2uepc7/spack-src/src/H5Dio.c line 813 in H5D__write(): can't write data
    major: Dataset
    minor: Write failed
  #002: /scratch/spack_cpu/job_21700923/spack-stage/spack-stage-hdf5-1.10.7-xexa2gll6hf6okdatgrxiwhcjs2uepc7/spack-src/src/H5Dcontig.c line 659 in H5D__contig_write(): contiguous write failed
    major: Dataset
    minor: Write failed
  #003: /scratch/spack_cpu/job_21700923/spack-stage/spack-stage-hdf5-1.10.7-xexa2gll6hf6okdatgrxiwhcjs2uepc7/spack-src/src/H5Dselect.c line 321 in H5D__select_write(): write error
    major: Dataspace
    minor: Write failed
  #004: /scratch/spack_cpu/job_21700923/spack-stage/spack-stage-hdf5-1.10.7-xexa2gll6hf6okdatgrxiwhcjs2uepc7/spack-src/src/H5Dselect.c line 230 in H5D__select_io(): write error
    major: Dataspace
    minor: Write failed
  #005: /scratch/spack_cpu/job_21700923/spack-stage/spack-stage-hdf5-1.10.7-xexa2gll6hf6okdatgrxiwhcjs2uepc7/spack-src/src/H5Dcontig.c line 1281 in H5D__contig_writevv(): can't perform vectorized sieve buffer write
    major: Dataset
    minor: Can't operate on object
  #006: /scratch/spack_cpu/job_21700923/spack-stage/spack-stage-hdf5-1.10.7-xexa2gll6hf6okdatgrxiwhcjs2uepc7/spack-src/src/H5VM.c line 1464 in H5VM_opvv(): can't perform operation
    major: Internal error (too specific to document in detail)
    minor: Can't operate on object
  #007: /scratch/spack_cpu/job_21700923/spack-stage/spack-stage-hdf5-1.10.7-xexa2gll6hf6okdatgrxiwhcjs2uepc7/spack-src/src/H5Dcontig.c line 1029 in H5D__contig_writevv_sieve_cb(): block write failed
    major: Dataset
    minor: Write failed
  #008: /scratch/spack_cpu/job_21700923/spack-stage/spack-stage-hdf5-1.10.7-xexa2gll6hf6okdatgrxiwhcjs2uepc7/spack-src/src/H5Fio.c line 161 in H5F_block_write(): write through page buffer failed
    major: Low-level I/O
    minor: Write failed
  #009: /scratch/spack_cpu/job_21700923/spack-stage/spack-stage-hdf5-1.10.7-xexa2gll6hf6okdatgrxiwhcjs2uepc7/spack-src/src/H5PB.c line 1032 in H5PB_write(): write through metadata accumulator failed
    major: Page Buffering
    minor: Write failed
  #010: /scratch/spack_cpu/job_21700923/spack-stage/spack-stage-hdf5-1.10.7-xexa2gll6hf6okdatgrxiwhcjs2uepc7/spack-src/src/H5Faccum.c line 824 in H5F__accum_write(): file write failed
    major: Low-level I/O
    minor: Write failed
  #011: /scratch/spack_cpu/job_21700923/spack-stage/spack-stage-hdf5-1.10.7-xexa2gll6hf6okdatgrxiwhcjs2uepc7/spack-src/src/H5FDint.c line 249 in H5FD_write(): driver write request failed
    major: Virtual File Layer
    minor: Write failed
  #012: /scratch/spack_cpu/job_21700923/spack-stage/spack-stage-hdf5-1.10.7-xexa2gll6hf6okdatgrxiwhcjs2uepc7/spack-src/src/H5FDsec2.c line 856 in H5FD__sec2_write(): file write failed: time = Wed Nov 19 08:16:49 2025
, filename = 'checkpoint.h5', file descriptor = 5, errno = 14, error message = 'Bad address', buf = 0x1555537c4000, total write size = 15969552, bytes this sub-write = 15969552, bytes actually written = 18446744073709551615, offset = 0
    major: Low-level I/O
    minor: Write failed
HDF5-DIAG: Error detected in HDF5 (1.10.7) thread 0:
  #000: /scratch/spack_cpu/job_21700923/spack-stage/spack-stage-hdf5-1.10.7-xexa2gll6hf6okdatgrxiwhcjs2uepc7/spack-src/src/H5Dio.c line 335 in H5Dwrite(): can't write data
    major: Dataset
    minor: Write failed
  #001: /scratch/spack_cpu/job_21700923/spack-stage/spack-stage-hdf5-1.10.7-xexa2gll6hf6okdatgrxiwhcjs2uepc7/spack-src/src/H5Dio.c line 813 in H5D__write(): can't write data
    major: Dataset
    minor: Write failed
  #002: /scratch/spack_cpu/job_21700923/spack-stage/spack-stage-hdf5-1.10.7-xexa2gll6hf6okdatgrxiwhcjs2uepc7/spack-src/src/H5Dcontig.c line 659 in H5D__contig_write(): contiguous write failed
    major: Dataset
    minor: Write failed
  #003: /scratch/spack_cpu/job_21700923/spack-stage/spack-stage-hdf5-1.10.7-xexa2gll6hf6okdatgrxiwhcjs2uepc7/spack-src/src/H5Dselect.c line 321 in H5D__select_write(): write error
    major: Dataspace
    minor: Write failed
  #004: /scratch/spack_cpu/job_21700923/spack-stage/spack-stage-hdf5-1.10.7-xexa2gll6hf6okdatgrxiwhcjs2uepc7/spack-src/src/H5Dselect.c line 230 in H5D__select_io(): write error
    major: Dataspace
    minor: Write failed
  #005: /scratch/spack_cpu/job_21700923/spack-stage/spack-stage-hdf5-1.10.7-xexa2gll6hf6okdatgrxiwhcjs2uepc7/spack-src/src/H5Dcontig.c line 1281 in H5D__contig_writevv(): can't perform vectorized sieve buffer write
    major: Dataset
    minor: Can't operate on object
  #006: /scratch/spack_cpu/job_21700923/spack-stage/spack-stage-hdf5-1.10.7-xexa2gll6hf6okdatgrxiwhcjs2uepc7/spack-src/src/H5VM.c line 1464 in H5VM_opvv(): can't perform operation
    major: Internal error (too specific to document in detail)
    minor: Can't operate on object
  #007: /scratch/spack_cpu/job_21700923/spack-stage/spack-stage-hdf5-1.10.7-xexa2gll6hf6okdatgrxiwhcjs2uepc7/spack-src/src/H5Dcontig.c line 1029 in H5D__contig_writevv_sieve_cb(): block write failed
    major: Dataset
    minor: Write failed
  #008: /scratch/spack_cpu/job_21700923/spack-stage/spack-stage-hdf5-1.10.7-xexa2gll6hf6okdatgrxiwhcjs2uepc7/spack-src/src/H5Fio.c line 161 in H5F_block_write(): write through page buffer failed
    major: Low-level I/O
    minor: Write failed
  #009: /scratch/spack_cpu/job_21700923/spack-stage/spack-stage-hdf5-1.10.7-xexa2gll6hf6okdatgrxiwhcjs2uepc7/spack-src/src/H5PB.c line 1032 in H5PB_write(): write through metadata accumulator failed
    major: Page Buffering
    minor: Write failed
  #010: /scratch/spack_cpu/job_21700923/spack-stage/spack-stage-hdf5-1.10.7-xexa2gll6hf6okdatgrxiwhcjs2uepc7/spack-src/src/H5Faccum.c line 824 in H5F__accum_write(): file write failed
    major: Low-level I/O
    minor: Write failed
  #011: /scratch/spack_cpu/job_21700923/spack-stage/spack-stage-hdf5-1.10.7-xexa2gll6hf6okdatgrxiwhcjs2uepc7/spack-src/src/H5FDint.c line 249 in H5FD_write(): driver write request failed
    major: Virtual File Layer
    minor: Write failed
  #012: /scratch/spack_cpu/job_21700923/spack-stage/spack-stage-hdf5-1.10.7-xexa2gll6hf6okdatgrxiwhcjs2uepc7/spack-src/src/H5FDsec2.c line 856 in H5FD__sec2_write(): file write failed: time = Wed Nov 19 08:16:57 2025
, filename = 'checkpoint.h5', file descriptor = 5, errno = 14, error message = 'Bad address', buf = 0x1555537c4000, total write size = 15969552, bytes this sub-write = 15969552, bytes actually written = 18446744073709551615, offset = 0
    major: Low-level I/O
    minor: Write failed
HDF5-DIAG: Error detected in HDF5 (1.10.7) thread 0:
  #000: /scratch/spack_cpu/job_21700923/spack-stage/spack-stage-hdf5-1.10.7-xexa2gll6hf6okdatgrxiwhcjs2uepc7/spack-src/src/H5Dio.c line 335 in H5Dwrite(): can't write data
    major: Dataset
    minor: Write failed
  #001: /scratch/spack_cpu/job_21700923/spack-stage/spack-stage-hdf5-1.10.7-xexa2gll6hf6okdatgrxiwhcjs2uepc7/spack-src/src/H5Dio.c line 813 in H5D__write(): can't write data
    major: Dataset
    minor: Write failed
  #002: /scratch/spack_cpu/job_21700923/spack-stage/spack-stage-hdf5-1.10.7-xexa2gll6hf6okdatgrxiwhcjs2uepc7/spack-src/src/H5Dcontig.c line 659 in H5D__contig_write(): contiguous write failed
    major: Dataset
    minor: Write failed
  #003: /scratch/spack_cpu/job_21700923/spack-stage/spack-stage-hdf5-1.10.7-xexa2gll6hf6okdatgrxiwhcjs2uepc7/spack-src/src/H5Dselect.c line 321 in H5D__select_write(): write error
    major: Dataspace
    minor: Write failed
  #004: /scratch/spack_cpu/job_21700923/spack-stage/spack-stage-hdf5-1.10.7-xexa2gll6hf6okdatgrxiwhcjs2uepc7/spack-src/src/H5Dselect.c line 230 in H5D__select_io(): write error
    major: Dataspace
    minor: Write failed
  #005: /scratch/spack_cpu/job_21700923/spack-stage/spack-stage-hdf5-1.10.7-xexa2gll6hf6okdatgrxiwhcjs2uepc7/spack-src/src/H5Dcontig.c line 1281 in H5D__contig_writevv(): can't perform vectorized sieve buffer write
    major: Dataset
    minor: Can't operate on object
  #006: /scratch/spack_cpu/job_21700923/spack-stage/spack-stage-hdf5-1.10.7-xexa2gll6hf6okdatgrxiwhcjs2uepc7/spack-src/src/H5VM.c line 1464 in H5VM_opvv(): can't perform operation
    major: Internal error (too specific to document in detail)
    minor: Can't operate on object
  #007: /scratch/spack_cpu/job_21700923/spack-stage/spack-stage-hdf5-1.10.7-xexa2gll6hf6okdatgrxiwhcjs2uepc7/spack-src/src/H5Dcontig.c line 1029 in H5D__contig_writevv_sieve_cb(): block write failed
    major: Dataset
    minor: Write failed
  #008: /scratch/spack_cpu/job_21700923/spack-stage/spack-stage-hdf5-1.10.7-xexa2gll6hf6okdatgrxiwhcjs2uepc7/spack-src/src/H5Fio.c line 161 in H5F_block_write(): write through page buffer failed
    major: Low-level I/O
    minor: Write failed
  #009: /scratch/spack_cpu/job_21700923/spack-stage/spack-stage-hdf5-1.10.7-xexa2gll6hf6okdatgrxiwhcjs2uepc7/spack-src/src/H5PB.c line 1032 in H5PB_write(): write through metadata accumulator failed
    major: Page Buffering
    minor: Write failed
  #010: /scratch/spack_cpu/job_21700923/spack-stage/spack-stage-hdf5-1.10.7-xexa2gll6hf6okdatgrxiwhcjs2uepc7/spack-src/src/H5Faccum.c line 824 in H5F__accum_write(): file write failed
    major: Low-level I/O
    minor: Write failed
  #011: /scratch/spack_cpu/job_21700923/spack-stage/spack-stage-hdf5-1.10.7-xexa2gll6hf6okdatgrxiwhcjs2uepc7/spack-src/src/H5FDint.c line 249 in H5FD_write(): driver write request failed
    major: Virtual File Layer
    minor: Write failed
  #012: /scratch/spack_cpu/job_21700923/spack-stage/spack-stage-hdf5-1.10.7-xexa2gll6hf6okdatgrxiwhcjs2uepc7/spack-src/src/H5FDsec2.c line 856 in H5FD__sec2_write(): file write failed: time = Wed Nov 19 08:17:04 2025
, filename = 'checkpoint.h5', file descriptor = 5, errno = 14, error message = 'Bad address', buf = 0x1555537c4000, total write size = 15969552, bytes this sub-write = 15969552, bytes actually written = 18446744073709551615, offset = 0
    major: Low-level I/O
    minor: Write failed
HDF5-DIAG: Error detected in HDF5 (1.10.7) thread 0:
  #000: /scratch/spack_cpu/job_21700923/spack-stage/spack-stage-hdf5-1.10.7-xexa2gll6hf6okdatgrxiwhcjs2uepc7/spack-src/src/H5Dio.c line 335 in H5Dwrite(): can't write data
    major: Dataset
    minor: Write failed
  #001: /scratch/spack_cpu/job_21700923/spack-stage/spack-stage-hdf5-1.10.7-xexa2gll6hf6okdatgrxiwhcjs2uepc7/spack-src/src/H5Dio.c line 813 in H5D__write(): can't write data
    major: Dataset
    minor: Write failed
  #002: /scratch/spack_cpu/job_21700923/spack-stage/spack-stage-hdf5-1.10.7-xexa2gll6hf6okdatgrxiwhcjs2uepc7/spack-src/src/H5Dcontig.c line 659 in H5D__contig_write(): contiguous write failed
    major: Dataset
    minor: Write failed
  #003: /scratch/spack_cpu/job_21700923/spack-stage/spack-stage-hdf5-1.10.7-xexa2gll6hf6okdatgrxiwhcjs2uepc7/spack-src/src/H5Dselect.c line 321 in H5D__select_write(): write error
    major: Dataspace
    minor: Write failed
  #004: /scratch/spack_cpu/job_21700923/spack-stage/spack-stage-hdf5-1.10.7-xexa2gll6hf6okdatgrxiwhcjs2uepc7/spack-src/src/H5Dselect.c line 230 in H5D__select_io(): write error
    major: Dataspace
    minor: Write failed
  #005: /scratch/spack_cpu/job_21700923/spack-stage/spack-stage-hdf5-1.10.7-xexa2gll6hf6okdatgrxiwhcjs2uepc7/spack-src/src/H5Dcontig.c line 1281 in H5D__contig_writevv(): can't perform vectorized sieve buffer write
    major: Dataset
    minor: Can't operate on object
  #006: /scratch/spack_cpu/job_21700923/spack-stage/spack-stage-hdf5-1.10.7-xexa2gll6hf6okdatgrxiwhcjs2uepc7/spack-src/src/H5VM.c line 1464 in H5VM_opvv(): can't perform operation
    major: Internal error (too specific to document in detail)
    minor: Can't operate on object
  #007: /scratch/spack_cpu/job_21700923/spack-stage/spack-stage-hdf5-1.10.7-xexa2gll6hf6okdatgrxiwhcjs2uepc7/spack-src/src/H5Dcontig.c line 1029 in H5D__contig_writevv_sieve_cb(): block write failed
    major: Dataset
    minor: Write failed
  #008: /scratch/spack_cpu/job_21700923/spack-stage/spack-stage-hdf5-1.10.7-xexa2gll6hf6okdatgrxiwhcjs2uepc7/spack-src/src/H5Fio.c line 161 in H5F_block_write(): write through page buffer failed
    major: Low-level I/O
    minor: Write failed
  #009: /scratch/spack_cpu/job_21700923/spack-stage/spack-stage-hdf5-1.10.7-xexa2gll6hf6okdatgrxiwhcjs2uepc7/spack-src/src/H5PB.c line 1032 in H5PB_write(): write through metadata accumulator failed
    major: Page Buffering
    minor: Write failed
  #010: /scratch/spack_cpu/job_21700923/spack-stage/spack-stage-hdf5-1.10.7-xexa2gll6hf6okdatgrxiwhcjs2uepc7/spack-src/src/H5Faccum.c line 824 in H5F__accum_write(): file write failed
    major: Low-level I/O
    minor: Write failed
  #011: /scratch/spack_cpu/job_21700923/spack-stage/spack-stage-hdf5-1.10.7-xexa2gll6hf6okdatgrxiwhcjs2uepc7/spack-src/src/H5FDint.c line 249 in H5FD_write(): driver write request failed
    major: Virtual File Layer
    minor: Write failed
  #012: /scratch/spack_cpu/job_21700923/spack-stage/spack-stage-hdf5-1.10.7-xexa2gll6hf6okdatgrxiwhcjs2uepc7/spack-src/src/H5FDsec2.c line 856 in H5FD__sec2_write(): file write failed: time = Wed Nov 19 08:17:11 2025
, filename = 'checkpoint.h5', file descriptor = 5, errno = 14, error message = 'Bad address', buf = 0x1555537c4000, total write size = 15969552, bytes this sub-write = 15969552, bytes actually written = 18446744073709551615, offset = 0
    major: Low-level I/O
    minor: Write failed
HDF5-DIAG: Error detected in HDF5 (1.10.7) thread 0:
  #000: /scratch/spack_cpu/job_21700923/spack-stage/spack-stage-hdf5-1.10.7-xexa2gll6hf6okdatgrxiwhcjs2uepc7/spack-src/src/H5Dio.c line 335 in H5Dwrite(): can't write data
    major: Dataset
    minor: Write failed
  #001: /scratch/spack_cpu/job_21700923/spack-stage/spack-stage-hdf5-1.10.7-xexa2gll6hf6okdatgrxiwhcjs2uepc7/spack-src/src/H5Dio.c line 813 in H5D__write(): can't write data
    major: Dataset
    minor: Write failed
  #002: /scratch/spack_cpu/job_21700923/spack-stage/spack-stage-hdf5-1.10.7-xexa2gll6hf6okdatgrxiwhcjs2uepc7/spack-src/src/H5Dcontig.c line 659 in H5D__contig_write(): contiguous write failed
    major: Dataset
    minor: Write failed
  #003: /scratch/spack_cpu/job_21700923/spack-stage/spack-stage-hdf5-1.10.7-xexa2gll6hf6okdatgrxiwhcjs2uepc7/spack-src/src/H5Dselect.c line 321 in H5D__select_write(): write error
    major: Dataspace
    minor: Write failed
  #004: /scratch/spack_cpu/job_21700923/spack-stage/spack-stage-hdf5-1.10.7-xexa2gll6hf6okdatgrxiwhcjs2uepc7/spack-src/src/H5Dselect.c line 230 in H5D__select_io(): write error
    major: Dataspace
    minor: Write failed
  #005: /scratch/spack_cpu/job_21700923/spack-stage/spack-stage-hdf5-1.10.7-xexa2gll6hf6okdatgrxiwhcjs2uepc7/spack-src/src/H5Dcontig.c line 1281 in H5D__contig_writevv(): can't perform vectorized sieve buffer write
    major: Dataset
    minor: Can't operate on object
  #006: /scratch/spack_cpu/job_21700923/spack-stage/spack-stage-hdf5-1.10.7-xexa2gll6hf6okdatgrxiwhcjs2uepc7/spack-src/src/H5VM.c line 1464 in H5VM_opvv(): can't perform operation
    major: Internal error (too specific to document in detail)
    minor: Can't operate on object
  #007: /scratch/spack_cpu/job_21700923/spack-stage/spack-stage-hdf5-1.10.7-xexa2gll6hf6okdatgrxiwhcjs2uepc7/spack-src/src/H5Dcontig.c line 1029 in H5D__contig_writevv_sieve_cb(): block write failed
    major: Dataset
    minor: Write failed
  #008: /scratch/spack_cpu/job_21700923/spack-stage/spack-stage-hdf5-1.10.7-xexa2gll6hf6okdatgrxiwhcjs2uepc7/spack-src/src/H5Fio.c line 161 in H5F_block_write(): write through page buffer failed
    major: Low-level I/O
    minor: Write failed
  #009: /scratch/spack_cpu/job_21700923/spack-stage/spack-stage-hdf5-1.10.7-xexa2gll6hf6okdatgrxiwhcjs2uepc7/spack-src/src/H5PB.c line 1032 in H5PB_write(): write through metadata accumulator failed
    major: Page Buffering
    minor: Write failed
  #010: /scratch/spack_cpu/job_21700923/spack-stage/spack-stage-hdf5-1.10.7-xexa2gll6hf6okdatgrxiwhcjs2uepc7/spack-src/src/H5Faccum.c line 824 in H5F__accum_write(): file write failed
    major: Low-level I/O
    minor: Write failed
  #011: /scratch/spack_cpu/job_21700923/spack-stage/spack-stage-hdf5-1.10.7-xexa2gll6hf6okdatgrxiwhcjs2uepc7/spack-src/src/H5FDint.c line 249 in H5FD_write(): driver write request failed
    major: Virtual File Layer
    minor: Write failed
  #012: /scratch/spack_cpu/job_21700923/spack-stage/spack-stage-hdf5-1.10.7-xexa2gll6hf6okdatgrxiwhcjs2uepc7/spack-src/src/H5FDsec2.c line 856 in H5FD__sec2_write(): file write failed: time = Wed Nov 19 08:17:19 2025
, filename = 'checkpoint.h5', file descriptor = 5, errno = 14, error message = 'Bad address', buf = 0x1555537c4000, total write size = 15969552, bytes this sub-write = 15969552, bytes actually written = 18446744073709551615, offset = 0
    major: Low-level I/O
    minor: Write failed
HDF5-DIAG: Error detected in HDF5 (1.10.7) thread 0:
  #000: /scratch/spack_cpu/job_21700923/spack-stage/spack-stage-hdf5-1.10.7-xexa2gll6hf6okdatgrxiwhcjs2uepc7/spack-src/src/H5Dio.c line 335 in H5Dwrite(): can't write data
    major: Dataset
    minor: Write failed
  #001: /scratch/spack_cpu/job_21700923/spack-stage/spack-stage-hdf5-1.10.7-xexa2gll6hf6okdatgrxiwhcjs2uepc7/spack-src/src/H5Dio.c line 813 in H5D__write(): can't write data
    major: Dataset
    minor: Write failed
  #002: /scratch/spack_cpu/job_21700923/spack-stage/spack-stage-hdf5-1.10.7-xexa2gll6hf6okdatgrxiwhcjs2uepc7/spack-src/src/H5Dcontig.c line 659 in H5D__contig_write(): contiguous write failed
    major: Dataset
    minor: Write failed
  #003: /scratch/spack_cpu/job_21700923/spack-stage/spack-stage-hdf5-1.10.7-xexa2gll6hf6okdatgrxiwhcjs2uepc7/spack-src/src/H5Dselect.c line 321 in H5D__select_write(): write error
    major: Dataspace
    minor: Write failed
  #004: /scratch/spack_cpu/job_21700923/spack-stage/spack-stage-hdf5-1.10.7-xexa2gll6hf6okdatgrxiwhcjs2uepc7/spack-src/src/H5Dselect.c line 230 in H5D__select_io(): write error
    major: Dataspace
    minor: Write failed
  #005: /scratch/spack_cpu/job_21700923/spack-stage/spack-stage-hdf5-1.10.7-xexa2gll6hf6okdatgrxiwhcjs2uepc7/spack-src/src/H5Dcontig.c line 1281 in H5D__contig_writevv(): can't perform vectorized sieve buffer write
    major: Dataset
    minor: Can't operate on object
  #006: /scratch/spack_cpu/job_21700923/spack-stage/spack-stage-hdf5-1.10.7-xexa2gll6hf6okdatgrxiwhcjs2uepc7/spack-src/src/H5VM.c line 1464 in H5VM_opvv(): can't perform operation
    major: Internal error (too specific to document in detail)
    minor: Can't operate on object
  #007: /scratch/spack_cpu/job_21700923/spack-stage/spack-stage-hdf5-1.10.7-xexa2gll6hf6okdatgrxiwhcjs2uepc7/spack-src/src/H5Dcontig.c line 1029 in H5D__contig_writevv_sieve_cb(): block write failed
    major: Dataset
    minor: Write failed
  #008: /scratch/spack_cpu/job_21700923/spack-stage/spack-stage-hdf5-1.10.7-xexa2gll6hf6okdatgrxiwhcjs2uepc7/spack-src/src/H5Fio.c line 161 in H5F_block_write(): write through page buffer failed
    major: Low-level I/O
    minor: Write failed
  #009: /scratch/spack_cpu/job_21700923/spack-stage/spack-stage-hdf5-1.10.7-xexa2gll6hf6okdatgrxiwhcjs2uepc7/spack-src/src/H5PB.c line 1032 in H5PB_write(): write through metadata accumulator failed
    major: Page Buffering
    minor: Write failed
  #010: /scratch/spack_cpu/job_21700923/spack-stage/spack-stage-hdf5-1.10.7-xexa2gll6hf6okdatgrxiwhcjs2uepc7/spack-src/src/H5Faccum.c line 824 in H5F__accum_write(): file write failed
    major: Low-level I/O
    minor: Write failed
  #011: /scratch/spack_cpu/job_21700923/spack-stage/spack-stage-hdf5-1.10.7-xexa2gll6hf6okdatgrxiwhcjs2uepc7/spack-src/src/H5FDint.c line 249 in H5FD_write(): driver write request failed
    major: Virtual File Layer
    minor: Write failed
  #012: /scratch/spack_cpu/job_21700923/spack-stage/spack-stage-hdf5-1.10.7-xexa2gll6hf6okdatgrxiwhcjs2uepc7/spack-src/src/H5FDsec2.c line 856 in H5FD__sec2_write(): file write failed: time = Wed Nov 19 08:17:27 2025
, filename = 'checkpoint.h5', file descriptor = 5, errno = 14, error message = 'Bad address', buf = 0x1555537c4000, total write size = 15969552, bytes this sub-write = 15969552, bytes actually written = 18446744073709551615, offset = 0
    major: Low-level I/O
    minor: Write failed
HDF5-DIAG: Error detected in HDF5 (1.10.7) thread 0:
  #000: /scratch/spack_cpu/job_21700923/spack-stage/spack-stage-hdf5-1.10.7-xexa2gll6hf6okdatgrxiwhcjs2uepc7/spack-src/src/H5Dio.c line 335 in H5Dwrite(): can't write data
    major: Dataset
    minor: Write failed
  #001: /scratch/spack_cpu/job_21700923/spack-stage/spack-stage-hdf5-1.10.7-xexa2gll6hf6okdatgrxiwhcjs2uepc7/spack-src/src/H5Dio.c line 813 in H5D__write(): can't write data
    major: Dataset
    minor: Write failed
  #002: /scratch/spack_cpu/job_21700923/spack-stage/spack-stage-hdf5-1.10.7-xexa2gll6hf6okdatgrxiwhcjs2uepc7/spack-src/src/H5Dcontig.c line 659 in H5D__contig_write(): contiguous write failed
    major: Dataset
    minor: Write failed
  #003: /scratch/spack_cpu/job_21700923/spack-stage/spack-stage-hdf5-1.10.7-xexa2gll6hf6okdatgrxiwhcjs2uepc7/spack-src/src/H5Dselect.c line 321 in H5D__select_write(): write error
    major: Dataspace
    minor: Write failed
  #004: /scratch/spack_cpu/job_21700923/spack-stage/spack-stage-hdf5-1.10.7-xexa2gll6hf6okdatgrxiwhcjs2uepc7/spack-src/src/H5Dselect.c line 230 in H5D__select_io(): write error
    major: Dataspace
    minor: Write failed
  #005: /scratch/spack_cpu/job_21700923/spack-stage/spack-stage-hdf5-1.10.7-xexa2gll6hf6okdatgrxiwhcjs2uepc7/spack-src/src/H5Dcontig.c line 1281 in H5D__contig_writevv(): can't perform vectorized sieve buffer write
    major: Dataset
    minor: Can't operate on object
  #006: /scratch/spack_cpu/job_21700923/spack-stage/spack-stage-hdf5-1.10.7-xexa2gll6hf6okdatgrxiwhcjs2uepc7/spack-src/src/H5VM.c line 1464 in H5VM_opvv(): can't perform operation
    major: Internal error (too specific to document in detail)
    minor: Can't operate on object
  #007: /scratch/spack_cpu/job_21700923/spack-stage/spack-stage-hdf5-1.10.7-xexa2gll6hf6okdatgrxiwhcjs2uepc7/spack-src/src/H5Dcontig.c line 1029 in H5D__contig_writevv_sieve_cb(): block write failed
    major: Dataset
    minor: Write failed
  #008: /scratch/spack_cpu/job_21700923/spack-stage/spack-stage-hdf5-1.10.7-xexa2gll6hf6okdatgrxiwhcjs2uepc7/spack-src/src/H5Fio.c line 161 in H5F_block_write(): write through page buffer failed
    major: Low-level I/O
    minor: Write failed
  #009: /scratch/spack_cpu/job_21700923/spack-stage/spack-stage-hdf5-1.10.7-xexa2gll6hf6okdatgrxiwhcjs2uepc7/spack-src/src/H5PB.c line 1032 in H5PB_write(): write through metadata accumulator failed
    major: Page Buffering
    minor: Write failed
  #010: /scratch/spack_cpu/job_21700923/spack-stage/spack-stage-hdf5-1.10.7-xexa2gll6hf6okdatgrxiwhcjs2uepc7/spack-src/src/H5Faccum.c line 824 in H5F__accum_write(): file write failed
    major: Low-level I/O
    minor: Write failed
  #011: /scratch/spack_cpu/job_21700923/spack-stage/spack-stage-hdf5-1.10.7-xexa2gll6hf6okdatgrxiwhcjs2uepc7/spack-src/src/H5FDint.c line 249 in H5FD_write(): driver write request failed
    major: Virtual File Layer
    minor: Write failed
  #012: /scratch/spack_cpu/job_21700923/spack-stage/spack-stage-hdf5-1.10.7-xexa2gll6hf6okdatgrxiwhcjs2uepc7/spack-src/src/H5FDsec2.c line 856 in H5FD__sec2_write(): file write failed: time = Wed Nov 19 08:17:34 2025
, filename = 'checkpoint.h5', file descriptor = 5, errno = 14, error message = 'Bad address', buf = 0x1555537c4000, total write size = 15969552, bytes this sub-write = 15969552, bytes actually written = 18446744073709551615, offset = 0
    major: Low-level I/O
    minor: Write failed
HDF5-DIAG: Error detected in HDF5 (1.10.7) thread 0:
  #000: /scratch/spack_cpu/job_21700923/spack-stage/spack-stage-hdf5-1.10.7-xexa2gll6hf6okdatgrxiwhcjs2uepc7/spack-src/src/H5Dio.c line 335 in H5Dwrite(): can't write data
    major: Dataset
    minor: Write failed
  #001: /scratch/spack_cpu/job_21700923/spack-stage/spack-stage-hdf5-1.10.7-xexa2gll6hf6okdatgrxiwhcjs2uepc7/spack-src/src/H5Dio.c line 813 in H5D__write(): can't write data
    major: Dataset
    minor: Write failed
  #002: /scratch/spack_cpu/job_21700923/spack-stage/spack-stage-hdf5-1.10.7-xexa2gll6hf6okdatgrxiwhcjs2uepc7/spack-src/src/H5Dcontig.c line 659 in H5D__contig_write(): contiguous write failed
    major: Dataset
    minor: Write failed
  #003: /scratch/spack_cpu/job_21700923/spack-stage/spack-stage-hdf5-1.10.7-xexa2gll6hf6okdatgrxiwhcjs2uepc7/spack-src/src/H5Dselect.c line 321 in H5D__select_write(): write error
    major: Dataspace
    minor: Write failed
  #004: /scratch/spack_cpu/job_21700923/spack-stage/spack-stage-hdf5-1.10.7-xexa2gll6hf6okdatgrxiwhcjs2uepc7/spack-src/src/H5Dselect.c line 230 in H5D__select_io(): write error
    major: Dataspace
    minor: Write failed
  #005: /scratch/spack_cpu/job_21700923/spack-stage/spack-stage-hdf5-1.10.7-xexa2gll6hf6okdatgrxiwhcjs2uepc7/spack-src/src/H5Dcontig.c line 1281 in H5D__contig_writevv(): can't perform vectorized sieve buffer write
    major: Dataset
    minor: Can't operate on object
  #006: /scratch/spack_cpu/job_21700923/spack-stage/spack-stage-hdf5-1.10.7-xexa2gll6hf6okdatgrxiwhcjs2uepc7/spack-src/src/H5VM.c line 1464 in H5VM_opvv(): can't perform operation
    major: Internal error (too specific to document in detail)
    minor: Can't operate on object
  #007: /scratch/spack_cpu/job_21700923/spack-stage/spack-stage-hdf5-1.10.7-xexa2gll6hf6okdatgrxiwhcjs2uepc7/spack-src/src/H5Dcontig.c line 1029 in H5D__contig_writevv_sieve_cb(): block write failed
    major: Dataset
    minor: Write failed
  #008: /scratch/spack_cpu/job_21700923/spack-stage/spack-stage-hdf5-1.10.7-xexa2gll6hf6okdatgrxiwhcjs2uepc7/spack-src/src/H5Fio.c line 161 in H5F_block_write(): write through page buffer failed
    major: Low-level I/O
    minor: Write failed
  #009: /scratch/spack_cpu/job_21700923/spack-stage/spack-stage-hdf5-1.10.7-xexa2gll6hf6okdatgrxiwhcjs2uepc7/spack-src/src/H5PB.c line 1032 in H5PB_write(): write through metadata accumulator failed
    major: Page Buffering
    minor: Write failed
  #010: /scratch/spack_cpu/job_21700923/spack-stage/spack-stage-hdf5-1.10.7-xexa2gll6hf6okdatgrxiwhcjs2uepc7/spack-src/src/H5Faccum.c line 824 in H5F__accum_write(): file write failed
    major: Low-level I/O
    minor: Write failed
  #011: /scratch/spack_cpu/job_21700923/spack-stage/spack-stage-hdf5-1.10.7-xexa2gll6hf6okdatgrxiwhcjs2uepc7/spack-src/src/H5FDint.c line 249 in H5FD_write(): driver write request failed
    major: Virtual File Layer
    minor: Write failed
  #012: /scratch/spack_cpu/job_21700923/spack-stage/spack-stage-hdf5-1.10.7-xexa2gll6hf6okdatgrxiwhcjs2uepc7/spack-src/src/H5FDsec2.c line 856 in H5FD__sec2_write(): file write failed: time = Wed Nov 19 08:17:41 2025
, filename = 'checkpoint.h5', file descriptor = 5, errno = 14, error message = 'Bad address', buf = 0x1555537c4000, total write size = 15969552, bytes this sub-write = 15969552, bytes actually written = 18446744073709551615, offset = 0
    major: Low-level I/O
    minor: Write failed
HDF5-DIAG: Error detected in HDF5 (1.10.7) thread 0:
  #000: /scratch/spack_cpu/job_21700923/spack-stage/spack-stage-hdf5-1.10.7-xexa2gll6hf6okdatgrxiwhcjs2uepc7/spack-src/src/H5Dio.c line 335 in H5Dwrite(): can't write data
    major: Dataset
    minor: Write failed
  #001: /scratch/spack_cpu/job_21700923/spack-stage/spack-stage-hdf5-1.10.7-xexa2gll6hf6okdatgrxiwhcjs2uepc7/spack-src/src/H5Dio.c line 813 in H5D__write(): can't write data
    major: Dataset
    minor: Write failed
  #002: /scratch/spack_cpu/job_21700923/spack-stage/spack-stage-hdf5-1.10.7-xexa2gll6hf6okdatgrxiwhcjs2uepc7/spack-src/src/H5Dcontig.c line 659 in H5D__contig_write(): contiguous write failed
    major: Dataset
    minor: Write failed
  #003: /scratch/spack_cpu/job_21700923/spack-stage/spack-stage-hdf5-1.10.7-xexa2gll6hf6okdatgrxiwhcjs2uepc7/spack-src/src/H5Dselect.c line 321 in H5D__select_write(): write error
    major: Dataspace
    minor: Write failed
  #004: /scratch/spack_cpu/job_21700923/spack-stage/spack-stage-hdf5-1.10.7-xexa2gll6hf6okdatgrxiwhcjs2uepc7/spack-src/src/H5Dselect.c line 230 in H5D__select_io(): write error
    major: Dataspace
    minor: Write failed
  #005: /scratch/spack_cpu/job_21700923/spack-stage/spack-stage-hdf5-1.10.7-xexa2gll6hf6okdatgrxiwhcjs2uepc7/spack-src/src/H5Dcontig.c line 1281 in H5D__contig_writevv(): can't perform vectorized sieve buffer write
    major: Dataset
    minor: Can't operate on object
  #006: /scratch/spack_cpu/job_21700923/spack-stage/spack-stage-hdf5-1.10.7-xexa2gll6hf6okdatgrxiwhcjs2uepc7/spack-src/src/H5VM.c line 1464 in H5VM_opvv(): can't perform operation
    major: Internal error (too specific to document in detail)
    minor: Can't operate on object
  #007: /scratch/spack_cpu/job_21700923/spack-stage/spack-stage-hdf5-1.10.7-xexa2gll6hf6okdatgrxiwhcjs2uepc7/spack-src/src/H5Dcontig.c line 1029 in H5D__contig_writevv_sieve_cb(): block write failed
    major: Dataset
    minor: Write failed
  #008: /scratch/spack_cpu/job_21700923/spack-stage/spack-stage-hdf5-1.10.7-xexa2gll6hf6okdatgrxiwhcjs2uepc7/spack-src/src/H5Fio.c line 161 in H5F_block_write(): write through page buffer failed
    major: Low-level I/O
    minor: Write failed
  #009: /scratch/spack_cpu/job_21700923/spack-stage/spack-stage-hdf5-1.10.7-xexa2gll6hf6okdatgrxiwhcjs2uepc7/spack-src/src/H5PB.c line 1032 in H5PB_write(): write through metadata accumulator failed
    major: Page Buffering
    minor: Write failed
  #010: /scratch/spack_cpu/job_21700923/spack-stage/spack-stage-hdf5-1.10.7-xexa2gll6hf6okdatgrxiwhcjs2uepc7/spack-src/src/H5Faccum.c line 824 in H5F__accum_write(): file write failed
    major: Low-level I/O
    minor: Write failed
  #011: /scratch/spack_cpu/job_21700923/spack-stage/spack-stage-hdf5-1.10.7-xexa2gll6hf6okdatgrxiwhcjs2uepc7/spack-src/src/H5FDint.c line 249 in H5FD_write(): driver write request failed
    major: Virtual File Layer
    minor: Write failed
  #012: /scratch/spack_cpu/job_21700923/spack-stage/spack-stage-hdf5-1.10.7-xexa2gll6hf6okdatgrxiwhcjs2uepc7/spack-src/src/H5FDsec2.c line 856 in H5FD__sec2_write(): file write failed: time = Wed Nov 19 08:17:49 2025
, filename = 'checkpoint.h5', file descriptor = 5, errno = 14, error message = 'Bad address', buf = 0x1555537c4000, total write size = 15969552, bytes this sub-write = 15969552, bytes actually written = 18446744073709551615, offset = 0
    major: Low-level I/O
    minor: Write failed
HDF5-DIAG: Error detected in HDF5 (1.10.7) thread 0:
  #000: /scratch/spack_cpu/job_21700923/spack-stage/spack-stage-hdf5-1.10.7-xexa2gll6hf6okdatgrxiwhcjs2uepc7/spack-src/src/H5Dio.c line 335 in H5Dwrite(): can't write data
    major: Dataset
    minor: Write failed
  #001: /scratch/spack_cpu/job_21700923/spack-stage/spack-stage-hdf5-1.10.7-xexa2gll6hf6okdatgrxiwhcjs2uepc7/spack-src/src/H5Dio.c line 813 in H5D__write(): can't write data
    major: Dataset
    minor: Write failed
  #002: /scratch/spack_cpu/job_21700923/spack-stage/spack-stage-hdf5-1.10.7-xexa2gll6hf6okdatgrxiwhcjs2uepc7/spack-src/src/H5Dcontig.c line 659 in H5D__contig_write(): contiguous write failed
    major: Dataset
    minor: Write failed
  #003: /scratch/spack_cpu/job_21700923/spack-stage/spack-stage-hdf5-1.10.7-xexa2gll6hf6okdatgrxiwhcjs2uepc7/spack-src/src/H5Dselect.c line 321 in H5D__select_write(): write error
    major: Dataspace
    minor: Write failed
  #004: /scratch/spack_cpu/job_21700923/spack-stage/spack-stage-hdf5-1.10.7-xexa2gll6hf6okdatgrxiwhcjs2uepc7/spack-src/src/H5Dselect.c line 230 in H5D__select_io(): write error
    major: Dataspace
    minor: Write failed
  #005: /scratch/spack_cpu/job_21700923/spack-stage/spack-stage-hdf5-1.10.7-xexa2gll6hf6okdatgrxiwhcjs2uepc7/spack-src/src/H5Dcontig.c line 1281 in H5D__contig_writevv(): can't perform vectorized sieve buffer write
    major: Dataset
    minor: Can't operate on object
  #006: /scratch/spack_cpu/job_21700923/spack-stage/spack-stage-hdf5-1.10.7-xexa2gll6hf6okdatgrxiwhcjs2uepc7/spack-src/src/H5VM.c line 1464 in H5VM_opvv(): can't perform operation
    major: Internal error (too specific to document in detail)
    minor: Can't operate on object
  #007: /scratch/spack_cpu/job_21700923/spack-stage/spack-stage-hdf5-1.10.7-xexa2gll6hf6okdatgrxiwhcjs2uepc7/spack-src/src/H5Dcontig.c line 1029 in H5D__contig_writevv_sieve_cb(): block write failed
    major: Dataset
    minor: Write failed
  #008: /scratch/spack_cpu/job_21700923/spack-stage/spack-stage-hdf5-1.10.7-xexa2gll6hf6okdatgrxiwhcjs2uepc7/spack-src/src/H5Fio.c line 161 in H5F_block_write(): write through page buffer failed
    major: Low-level I/O
    minor: Write failed
  #009: /scratch/spack_cpu/job_21700923/spack-stage/spack-stage-hdf5-1.10.7-xexa2gll6hf6okdatgrxiwhcjs2uepc7/spack-src/src/H5PB.c line 1032 in H5PB_write(): write through metadata accumulator failed
    major: Page Buffering
    minor: Write failed
  #010: /scratch/spack_cpu/job_21700923/spack-stage/spack-stage-hdf5-1.10.7-xexa2gll6hf6okdatgrxiwhcjs2uepc7/spack-src/src/H5Faccum.c line 824 in H5F__accum_write(): file write failed
    major: Low-level I/O
    minor: Write failed
  #011: /scratch/spack_cpu/job_21700923/spack-stage/spack-stage-hdf5-1.10.7-xexa2gll6hf6okdatgrxiwhcjs2uepc7/spack-src/src/H5FDint.c line 249 in H5FD_write(): driver write request failed
    major: Virtual File Layer
    minor: Write failed
  #012: /scratch/spack_cpu/job_21700923/spack-stage/spack-stage-hdf5-1.10.7-xexa2gll6hf6okdatgrxiwhcjs2uepc7/spack-src/src/H5FDsec2.c line 856 in H5FD__sec2_write(): file write failed: time = Wed Nov 19 08:17:56 2025
, filename = 'checkpoint.h5', file descriptor = 5, errno = 14, error message = 'Bad address', buf = 0x1555537c4000, total write size = 15969552, bytes this sub-write = 15969552, bytes actually written = 18446744073709551615, offset = 0
    major: Low-level I/O
    minor: Write failed
HDF5-DIAG: Error detected in HDF5 (1.10.7) thread 0:
  #000: /scratch/spack_cpu/job_21700923/spack-stage/spack-stage-hdf5-1.10.7-xexa2gll6hf6okdatgrxiwhcjs2uepc7/spack-src/src/H5Dio.c line 335 in H5Dwrite(): can't write data
    major: Dataset
    minor: Write failed
  #001: /scratch/spack_cpu/job_21700923/spack-stage/spack-stage-hdf5-1.10.7-xexa2gll6hf6okdatgrxiwhcjs2uepc7/spack-src/src/H5Dio.c line 813 in H5D__write(): can't write data
    major: Dataset
    minor: Write failed
  #002: /scratch/spack_cpu/job_21700923/spack-stage/spack-stage-hdf5-1.10.7-xexa2gll6hf6okdatgrxiwhcjs2uepc7/spack-src/src/H5Dcontig.c line 659 in H5D__contig_write(): contiguous write failed
    major: Dataset
    minor: Write failed
  #003: /scratch/spack_cpu/job_21700923/spack-stage/spack-stage-hdf5-1.10.7-xexa2gll6hf6okdatgrxiwhcjs2uepc7/spack-src/src/H5Dselect.c line 321 in H5D__select_write(): write error
    major: Dataspace
    minor: Write failed
  #004: /scratch/spack_cpu/job_21700923/spack-stage/spack-stage-hdf5-1.10.7-xexa2gll6hf6okdatgrxiwhcjs2uepc7/spack-src/src/H5Dselect.c line 230 in H5D__select_io(): write error
    major: Dataspace
    minor: Write failed
  #005: /scratch/spack_cpu/job_21700923/spack-stage/spack-stage-hdf5-1.10.7-xexa2gll6hf6okdatgrxiwhcjs2uepc7/spack-src/src/H5Dcontig.c line 1281 in H5D__contig_writevv(): can't perform vectorized sieve buffer write
    major: Dataset
    minor: Can't operate on object
  #006: /scratch/spack_cpu/job_21700923/spack-stage/spack-stage-hdf5-1.10.7-xexa2gll6hf6okdatgrxiwhcjs2uepc7/spack-src/src/H5VM.c line 1464 in H5VM_opvv(): can't perform operation
    major: Internal error (too specific to document in detail)
    minor: Can't operate on object
  #007: /scratch/spack_cpu/job_21700923/spack-stage/spack-stage-hdf5-1.10.7-xexa2gll6hf6okdatgrxiwhcjs2uepc7/spack-src/src/H5Dcontig.c line 1029 in H5D__contig_writevv_sieve_cb(): block write failed
    major: Dataset
    minor: Write failed
  #008: /scratch/spack_cpu/job_21700923/spack-stage/spack-stage-hdf5-1.10.7-xexa2gll6hf6okdatgrxiwhcjs2uepc7/spack-src/src/H5Fio.c line 161 in H5F_block_write(): write through page buffer failed
    major: Low-level I/O
    minor: Write failed
  #009: /scratch/spack_cpu/job_21700923/spack-stage/spack-stage-hdf5-1.10.7-xexa2gll6hf6okdatgrxiwhcjs2uepc7/spack-src/src/H5PB.c line 1032 in H5PB_write(): write through metadata accumulator failed
    major: Page Buffering
    minor: Write failed
  #010: /scratch/spack_cpu/job_21700923/spack-stage/spack-stage-hdf5-1.10.7-xexa2gll6hf6okdatgrxiwhcjs2uepc7/spack-src/src/H5Faccum.c line 824 in H5F__accum_write(): file write failed
    major: Low-level I/O
    minor: Write failed
  #011: /scratch/spack_cpu/job_21700923/spack-stage/spack-stage-hdf5-1.10.7-xexa2gll6hf6okdatgrxiwhcjs2uepc7/spack-src/src/H5FDint.c line 249 in H5FD_write(): driver write request failed
    major: Virtual File Layer
    minor: Write failed
  #012: /scratch/spack_cpu/job_21700923/spack-stage/spack-stage-hdf5-1.10.7-xexa2gll6hf6okdatgrxiwhcjs2uepc7/spack-src/src/H5FDsec2.c line 856 in H5FD__sec2_write(): file write failed: time = Wed Nov 19 08:18:04 2025
, filename = 'checkpoint.h5', file descriptor = 5, errno = 14, error message = 'Bad address', buf = 0x1555537c4000, total write size = 15969552, bytes this sub-write = 15969552, bytes actually written = 18446744073709551615, offset = 0
    major: Low-level I/O
    minor: Write failed
HDF5-DIAG: Error detected in HDF5 (1.10.7) thread 0:
  #000: /scratch/spack_cpu/job_21700923/spack-stage/spack-stage-hdf5-1.10.7-xexa2gll6hf6okdatgrxiwhcjs2uepc7/spack-src/src/H5Dio.c line 335 in H5Dwrite(): can't write data
    major: Dataset
    minor: Write failed
  #001: /scratch/spack_cpu/job_21700923/spack-stage/spack-stage-hdf5-1.10.7-xexa2gll6hf6okdatgrxiwhcjs2uepc7/spack-src/src/H5Dio.c line 813 in H5D__write(): can't write data
    major: Dataset
    minor: Write failed
  #002: /scratch/spack_cpu/job_21700923/spack-stage/spack-stage-hdf5-1.10.7-xexa2gll6hf6okdatgrxiwhcjs2uepc7/spack-src/src/H5Dcontig.c line 659 in H5D__contig_write(): contiguous write failed
    major: Dataset
    minor: Write failed
  #003: /scratch/spack_cpu/job_21700923/spack-stage/spack-stage-hdf5-1.10.7-xexa2gll6hf6okdatgrxiwhcjs2uepc7/spack-src/src/H5Dselect.c line 321 in H5D__select_write(): write error
    major: Dataspace
    minor: Write failed
  #004: /scratch/spack_cpu/job_21700923/spack-stage/spack-stage-hdf5-1.10.7-xexa2gll6hf6okdatgrxiwhcjs2uepc7/spack-src/src/H5Dselect.c line 230 in H5D__select_io(): write error
    major: Dataspace
    minor: Write failed
  #005: /scratch/spack_cpu/job_21700923/spack-stage/spack-stage-hdf5-1.10.7-xexa2gll6hf6okdatgrxiwhcjs2uepc7/spack-src/src/H5Dcontig.c line 1281 in H5D__contig_writevv(): can't perform vectorized sieve buffer write
    major: Dataset
    minor: Can't operate on object
  #006: /scratch/spack_cpu/job_21700923/spack-stage/spack-stage-hdf5-1.10.7-xexa2gll6hf6okdatgrxiwhcjs2uepc7/spack-src/src/H5VM.c line 1464 in H5VM_opvv(): can't perform operation
    major: Internal error (too specific to document in detail)
    minor: Can't operate on object
  #007: /scratch/spack_cpu/job_21700923/spack-stage/spack-stage-hdf5-1.10.7-xexa2gll6hf6okdatgrxiwhcjs2uepc7/spack-src/src/H5Dcontig.c line 1029 in H5D__contig_writevv_sieve_cb(): block write failed
    major: Dataset
    minor: Write failed
  #008: /scratch/spack_cpu/job_21700923/spack-stage/spack-stage-hdf5-1.10.7-xexa2gll6hf6okdatgrxiwhcjs2uepc7/spack-src/src/H5Fio.c line 161 in H5F_block_write(): write through page buffer failed
    major: Low-level I/O
    minor: Write failed
  #009: /scratch/spack_cpu/job_21700923/spack-stage/spack-stage-hdf5-1.10.7-xexa2gll6hf6okdatgrxiwhcjs2uepc7/spack-src/src/H5PB.c line 1032 in H5PB_write(): write through metadata accumulator failed
    major: Page Buffering
    minor: Write failed
  #010: /scratch/spack_cpu/job_21700923/spack-stage/spack-stage-hdf5-1.10.7-xexa2gll6hf6okdatgrxiwhcjs2uepc7/spack-src/src/H5Faccum.c line 824 in H5F__accum_write(): file write failed
    major: Low-level I/O
    minor: Write failed
  #011: /scratch/spack_cpu/job_21700923/spack-stage/spack-stage-hdf5-1.10.7-xexa2gll6hf6okdatgrxiwhcjs2uepc7/spack-src/src/H5FDint.c line 249 in H5FD_write(): driver write request failed
    major: Virtual File Layer
    minor: Write failed
  #012: /scratch/spack_cpu/job_21700923/spack-stage/spack-stage-hdf5-1.10.7-xexa2gll6hf6okdatgrxiwhcjs2uepc7/spack-src/src/H5FDsec2.c line 856 in H5FD__sec2_write(): file write failed: time = Wed Nov 19 08:18:10 2025
, filename = 'checkpoint.h5', file descriptor = 5, errno = 14, error message = 'Bad address', buf = 0x1555537c4000, total write size = 15969552, bytes this sub-write = 15969552, bytes actually written = 18446744073709551615, offset = 0
    major: Low-level I/O
    minor: Write failed
HDF5-DIAG: Error detected in HDF5 (1.10.7) thread 0:
  #000: /scratch/spack_cpu/job_21700923/spack-stage/spack-stage-hdf5-1.10.7-xexa2gll6hf6okdatgrxiwhcjs2uepc7/spack-src/src/H5Dio.c line 335 in H5Dwrite(): can't write data
    major: Dataset
    minor: Write failed
  #001: /scratch/spack_cpu/job_21700923/spack-stage/spack-stage-hdf5-1.10.7-xexa2gll6hf6okdatgrxiwhcjs2uepc7/spack-src/src/H5Dio.c line 813 in H5D__write(): can't write data
    major: Dataset
    minor: Write failed
  #002: /scratch/spack_cpu/job_21700923/spack-stage/spack-stage-hdf5-1.10.7-xexa2gll6hf6okdatgrxiwhcjs2uepc7/spack-src/src/H5Dcontig.c line 659 in H5D__contig_write(): contiguous write failed
    major: Dataset
    minor: Write failed
  #003: /scratch/spack_cpu/job_21700923/spack-stage/spack-stage-hdf5-1.10.7-xexa2gll6hf6okdatgrxiwhcjs2uepc7/spack-src/src/H5Dselect.c line 321 in H5D__select_write(): write error
    major: Dataspace
    minor: Write failed
  #004: /scratch/spack_cpu/job_21700923/spack-stage/spack-stage-hdf5-1.10.7-xexa2gll6hf6okdatgrxiwhcjs2uepc7/spack-src/src/H5Dselect.c line 230 in H5D__select_io(): write error
    major: Dataspace
    minor: Write failed
  #005: /scratch/spack_cpu/job_21700923/spack-stage/spack-stage-hdf5-1.10.7-xexa2gll6hf6okdatgrxiwhcjs2uepc7/spack-src/src/H5Dcontig.c line 1281 in H5D__contig_writevv(): can't perform vectorized sieve buffer write
    major: Dataset
    minor: Can't operate on object
  #006: /scratch/spack_cpu/job_21700923/spack-stage/spack-stage-hdf5-1.10.7-xexa2gll6hf6okdatgrxiwhcjs2uepc7/spack-src/src/H5VM.c line 1464 in H5VM_opvv(): can't perform operation
    major: Internal error (too specific to document in detail)
    minor: Can't operate on object
  #007: /scratch/spack_cpu/job_21700923/spack-stage/spack-stage-hdf5-1.10.7-xexa2gll6hf6okdatgrxiwhcjs2uepc7/spack-src/src/H5Dcontig.c line 1029 in H5D__contig_writevv_sieve_cb(): block write failed
    major: Dataset
    minor: Write failed
  #008: /scratch/spack_cpu/job_21700923/spack-stage/spack-stage-hdf5-1.10.7-xexa2gll6hf6okdatgrxiwhcjs2uepc7/spack-src/src/H5Fio.c line 161 in H5F_block_write(): write through page buffer failed
    major: Low-level I/O
    minor: Write failed
  #009: /scratch/spack_cpu/job_21700923/spack-stage/spack-stage-hdf5-1.10.7-xexa2gll6hf6okdatgrxiwhcjs2uepc7/spack-src/src/H5PB.c line 1032 in H5PB_write(): write through metadata accumulator failed
    major: Page Buffering
    minor: Write failed
  #010: /scratch/spack_cpu/job_21700923/spack-stage/spack-stage-hdf5-1.10.7-xexa2gll6hf6okdatgrxiwhcjs2uepc7/spack-src/src/H5Faccum.c line 824 in H5F__accum_write(): file write failed
    major: Low-level I/O
    minor: Write failed
  #011: /scratch/spack_cpu/job_21700923/spack-stage/spack-stage-hdf5-1.10.7-xexa2gll6hf6okdatgrxiwhcjs2uepc7/spack-src/src/H5FDint.c line 249 in H5FD_write(): driver write request failed
    major: Virtual File Layer
    minor: Write failed
  #012: /scratch/spack_cpu/job_21700923/spack-stage/spack-stage-hdf5-1.10.7-xexa2gll6hf6okdatgrxiwhcjs2uepc7/spack-src/src/H5FDsec2.c line 856 in H5FD__sec2_write(): file write failed: time = Wed Nov 19 08:18:18 2025
, filename = 'checkpoint.h5', file descriptor = 5, errno = 14, error message = 'Bad address', buf = 0x1555537c4000, total write size = 15969552, bytes this sub-write = 15969552, bytes actually written = 18446744073709551615, offset = 0
    major: Low-level I/O
    minor: Write failed
HDF5-DIAG: Error detected in HDF5 (1.10.7) thread 0:
  #000: /scratch/spack_cpu/job_21700923/spack-stage/spack-stage-hdf5-1.10.7-xexa2gll6hf6okdatgrxiwhcjs2uepc7/spack-src/src/H5Dio.c line 335 in H5Dwrite(): can't write data
    major: Dataset
    minor: Write failed
  #001: /scratch/spack_cpu/job_21700923/spack-stage/spack-stage-hdf5-1.10.7-xexa2gll6hf6okdatgrxiwhcjs2uepc7/spack-src/src/H5Dio.c line 813 in H5D__write(): can't write data
    major: Dataset
    minor: Write failed
  #002: /scratch/spack_cpu/job_21700923/spack-stage/spack-stage-hdf5-1.10.7-xexa2gll6hf6okdatgrxiwhcjs2uepc7/spack-src/src/H5Dcontig.c line 659 in H5D__contig_write(): contiguous write failed
    major: Dataset
    minor: Write failed
  #003: /scratch/spack_cpu/job_21700923/spack-stage/spack-stage-hdf5-1.10.7-xexa2gll6hf6okdatgrxiwhcjs2uepc7/spack-src/src/H5Dselect.c line 321 in H5D__select_write(): write error
    major: Dataspace
    minor: Write failed
  #004: /scratch/spack_cpu/job_21700923/spack-stage/spack-stage-hdf5-1.10.7-xexa2gll6hf6okdatgrxiwhcjs2uepc7/spack-src/src/H5Dselect.c line 230 in H5D__select_io(): write error
    major: Dataspace
    minor: Write failed
  #005: /scratch/spack_cpu/job_21700923/spack-stage/spack-stage-hdf5-1.10.7-xexa2gll6hf6okdatgrxiwhcjs2uepc7/spack-src/src/H5Dcontig.c line 1281 in H5D__contig_writevv(): can't perform vectorized sieve buffer write
    major: Dataset
    minor: Can't operate on object
  #006: /scratch/spack_cpu/job_21700923/spack-stage/spack-stage-hdf5-1.10.7-xexa2gll6hf6okdatgrxiwhcjs2uepc7/spack-src/src/H5VM.c line 1464 in H5VM_opvv(): can't perform operation
    major: Internal error (too specific to document in detail)
    minor: Can't operate on object
  #007: /scratch/spack_cpu/job_21700923/spack-stage/spack-stage-hdf5-1.10.7-xexa2gll6hf6okdatgrxiwhcjs2uepc7/spack-src/src/H5Dcontig.c line 1029 in H5D__contig_writevv_sieve_cb(): block write failed
    major: Dataset
    minor: Write failed
  #008: /scratch/spack_cpu/job_21700923/spack-stage/spack-stage-hdf5-1.10.7-xexa2gll6hf6okdatgrxiwhcjs2uepc7/spack-src/src/H5Fio.c line 161 in H5F_block_write(): write through page buffer failed
    major: Low-level I/O
    minor: Write failed
  #009: /scratch/spack_cpu/job_21700923/spack-stage/spack-stage-hdf5-1.10.7-xexa2gll6hf6okdatgrxiwhcjs2uepc7/spack-src/src/H5PB.c line 1032 in H5PB_write(): write through metadata accumulator failed
    major: Page Buffering
    minor: Write failed
  #010: /scratch/spack_cpu/job_21700923/spack-stage/spack-stage-hdf5-1.10.7-xexa2gll6hf6okdatgrxiwhcjs2uepc7/spack-src/src/H5Faccum.c line 824 in H5F__accum_write(): file write failed
    major: Low-level I/O
    minor: Write failed
  #011: /scratch/spack_cpu/job_21700923/spack-stage/spack-stage-hdf5-1.10.7-xexa2gll6hf6okdatgrxiwhcjs2uepc7/spack-src/src/H5FDint.c line 249 in H5FD_write(): driver write request failed
    major: Virtual File Layer
    minor: Write failed
  #012: /scratch/spack_cpu/job_21700923/spack-stage/spack-stage-hdf5-1.10.7-xexa2gll6hf6okdatgrxiwhcjs2uepc7/spack-src/src/H5FDsec2.c line 856 in H5FD__sec2_write(): file write failed: time = Wed Nov 19 08:18:25 2025
, filename = 'checkpoint.h5', file descriptor = 5, errno = 14, error message = 'Bad address', buf = 0x1555537c4000, total write size = 15969552, bytes this sub-write = 15969552, bytes actually written = 18446744073709551615, offset = 0
    major: Low-level I/O
    minor: Write failed
HDF5-DIAG: Error detected in HDF5 (1.10.7) thread 0:
  #000: /scratch/spack_cpu/job_21700923/spack-stage/spack-stage-hdf5-1.10.7-xexa2gll6hf6okdatgrxiwhcjs2uepc7/spack-src/src/H5Dio.c line 335 in H5Dwrite(): can't write data
    major: Dataset
    minor: Write failed
  #001: /scratch/spack_cpu/job_21700923/spack-stage/spack-stage-hdf5-1.10.7-xexa2gll6hf6okdatgrxiwhcjs2uepc7/spack-src/src/H5Dio.c line 813 in H5D__write(): can't write data
    major: Dataset
    minor: Write failed
  #002: /scratch/spack_cpu/job_21700923/spack-stage/spack-stage-hdf5-1.10.7-xexa2gll6hf6okdatgrxiwhcjs2uepc7/spack-src/src/H5Dcontig.c line 659 in H5D__contig_write(): contiguous write failed
    major: Dataset
    minor: Write failed
  #003: /scratch/spack_cpu/job_21700923/spack-stage/spack-stage-hdf5-1.10.7-xexa2gll6hf6okdatgrxiwhcjs2uepc7/spack-src/src/H5Dselect.c line 321 in H5D__select_write(): write error
    major: Dataspace
    minor: Write failed
  #004: /scratch/spack_cpu/job_21700923/spack-stage/spack-stage-hdf5-1.10.7-xexa2gll6hf6okdatgrxiwhcjs2uepc7/spack-src/src/H5Dselect.c line 230 in H5D__select_io(): write error
    major: Dataspace
    minor: Write failed
  #005: /scratch/spack_cpu/job_21700923/spack-stage/spack-stage-hdf5-1.10.7-xexa2gll6hf6okdatgrxiwhcjs2uepc7/spack-src/src/H5Dcontig.c line 1281 in H5D__contig_writevv(): can't perform vectorized sieve buffer write
    major: Dataset
    minor: Can't operate on object
  #006: /scratch/spack_cpu/job_21700923/spack-stage/spack-stage-hdf5-1.10.7-xexa2gll6hf6okdatgrxiwhcjs2uepc7/spack-src/src/H5VM.c line 1464 in H5VM_opvv(): can't perform operation
    major: Internal error (too specific to document in detail)
    minor: Can't operate on object
  #007: /scratch/spack_cpu/job_21700923/spack-stage/spack-stage-hdf5-1.10.7-xexa2gll6hf6okdatgrxiwhcjs2uepc7/spack-src/src/H5Dcontig.c line 1029 in H5D__contig_writevv_sieve_cb(): block write failed
    major: Dataset
    minor: Write failed
  #008: /scratch/spack_cpu/job_21700923/spack-stage/spack-stage-hdf5-1.10.7-xexa2gll6hf6okdatgrxiwhcjs2uepc7/spack-src/src/H5Fio.c line 161 in H5F_block_write(): write through page buffer failed
    major: Low-level I/O
    minor: Write failed
  #009: /scratch/spack_cpu/job_21700923/spack-stage/spack-stage-hdf5-1.10.7-xexa2gll6hf6okdatgrxiwhcjs2uepc7/spack-src/src/H5PB.c line 1032 in H5PB_write(): write through metadata accumulator failed
    major: Page Buffering
    minor: Write failed
  #010: /scratch/spack_cpu/job_21700923/spack-stage/spack-stage-hdf5-1.10.7-xexa2gll6hf6okdatgrxiwhcjs2uepc7/spack-src/src/H5Faccum.c line 824 in H5F__accum_write(): file write failed
    major: Low-level I/O
    minor: Write failed
  #011: /scratch/spack_cpu/job_21700923/spack-stage/spack-stage-hdf5-1.10.7-xexa2gll6hf6okdatgrxiwhcjs2uepc7/spack-src/src/H5FDint.c line 249 in H5FD_write(): driver write request failed
    major: Virtual File Layer
    minor: Write failed
  #012: /scratch/spack_cpu/job_21700923/spack-stage/spack-stage-hdf5-1.10.7-xexa2gll6hf6okdatgrxiwhcjs2uepc7/spack-src/src/H5FDsec2.c line 856 in H5FD__sec2_write(): file write failed: time = Wed Nov 19 08:18:32 2025
, filename = 'checkpoint.h5', file descriptor = 5, errno = 14, error message = 'Bad address', buf = 0x1555537c4000, total write size = 15969552, bytes this sub-write = 15969552, bytes actually written = 18446744073709551615, offset = 0
    major: Low-level I/O
    minor: Write failed
HDF5-DIAG: Error detected in HDF5 (1.10.7) thread 0:
  #000: /scratch/spack_cpu/job_21700923/spack-stage/spack-stage-hdf5-1.10.7-xexa2gll6hf6okdatgrxiwhcjs2uepc7/spack-src/src/H5Dio.c line 335 in H5Dwrite(): can't write data
    major: Dataset
    minor: Write failed
  #001: /scratch/spack_cpu/job_21700923/spack-stage/spack-stage-hdf5-1.10.7-xexa2gll6hf6okdatgrxiwhcjs2uepc7/spack-src/src/H5Dio.c line 813 in H5D__write(): can't write data
    major: Dataset
    minor: Write failed
  #002: /scratch/spack_cpu/job_21700923/spack-stage/spack-stage-hdf5-1.10.7-xexa2gll6hf6okdatgrxiwhcjs2uepc7/spack-src/src/H5Dcontig.c line 659 in H5D__contig_write(): contiguous write failed
    major: Dataset
    minor: Write failed
  #003: /scratch/spack_cpu/job_21700923/spack-stage/spack-stage-hdf5-1.10.7-xexa2gll6hf6okdatgrxiwhcjs2uepc7/spack-src/src/H5Dselect.c line 321 in H5D__select_write(): write error
    major: Dataspace
    minor: Write failed
  #004: /scratch/spack_cpu/job_21700923/spack-stage/spack-stage-hdf5-1.10.7-xexa2gll6hf6okdatgrxiwhcjs2uepc7/spack-src/src/H5Dselect.c line 230 in H5D__select_io(): write error
    major: Dataspace
    minor: Write failed
  #005: /scratch/spack_cpu/job_21700923/spack-stage/spack-stage-hdf5-1.10.7-xexa2gll6hf6okdatgrxiwhcjs2uepc7/spack-src/src/H5Dcontig.c line 1281 in H5D__contig_writevv(): can't perform vectorized sieve buffer write
    major: Dataset
    minor: Can't operate on object
  #006: /scratch/spack_cpu/job_21700923/spack-stage/spack-stage-hdf5-1.10.7-xexa2gll6hf6okdatgrxiwhcjs2uepc7/spack-src/src/H5VM.c line 1464 in H5VM_opvv(): can't perform operation
    major: Internal error (too specific to document in detail)
    minor: Can't operate on object
  #007: /scratch/spack_cpu/job_21700923/spack-stage/spack-stage-hdf5-1.10.7-xexa2gll6hf6okdatgrxiwhcjs2uepc7/spack-src/src/H5Dcontig.c line 1029 in H5D__contig_writevv_sieve_cb(): block write failed
    major: Dataset
    minor: Write failed
  #008: /scratch/spack_cpu/job_21700923/spack-stage/spack-stage-hdf5-1.10.7-xexa2gll6hf6okdatgrxiwhcjs2uepc7/spack-src/src/H5Fio.c line 161 in H5F_block_write(): write through page buffer failed
    major: Low-level I/O
    minor: Write failed
  #009: /scratch/spack_cpu/job_21700923/spack-stage/spack-stage-hdf5-1.10.7-xexa2gll6hf6okdatgrxiwhcjs2uepc7/spack-src/src/H5PB.c line 1032 in H5PB_write(): write through metadata accumulator failed
    major: Page Buffering
    minor: Write failed
  #010: /scratch/spack_cpu/job_21700923/spack-stage/spack-stage-hdf5-1.10.7-xexa2gll6hf6okdatgrxiwhcjs2uepc7/spack-src/src/H5Faccum.c line 824 in H5F__accum_write(): file write failed
    major: Low-level I/O
    minor: Write failed
  #011: /scratch/spack_cpu/job_21700923/spack-stage/spack-stage-hdf5-1.10.7-xexa2gll6hf6okdatgrxiwhcjs2uepc7/spack-src/src/H5FDint.c line 249 in H5FD_write(): driver write request failed
    major: Virtual File Layer
    minor: Write failed
  #012: /scratch/spack_cpu/job_21700923/spack-stage/spack-stage-hdf5-1.10.7-xexa2gll6hf6okdatgrxiwhcjs2uepc7/spack-src/src/H5FDsec2.c line 856 in H5FD__sec2_write(): file write failed: time = Wed Nov 19 08:18:40 2025
, filename = 'checkpoint.h5', file descriptor = 5, errno = 14, error message = 'Bad address', buf = 0x1555537c4000, total write size = 15969552, bytes this sub-write = 15969552, bytes actually written = 18446744073709551615, offset = 0
    major: Low-level I/O
    minor: Write failed
HDF5-DIAG: Error detected in HDF5 (1.10.7) thread 0:
  #000: /scratch/spack_cpu/job_21700923/spack-stage/spack-stage-hdf5-1.10.7-xexa2gll6hf6okdatgrxiwhcjs2uepc7/spack-src/src/H5Dio.c line 335 in H5Dwrite(): can't write data
    major: Dataset
    minor: Write failed
  #001: /scratch/spack_cpu/job_21700923/spack-stage/spack-stage-hdf5-1.10.7-xexa2gll6hf6okdatgrxiwhcjs2uepc7/spack-src/src/H5Dio.c line 813 in H5D__write(): can't write data
    major: Dataset
    minor: Write failed
  #002: /scratch/spack_cpu/job_21700923/spack-stage/spack-stage-hdf5-1.10.7-xexa2gll6hf6okdatgrxiwhcjs2uepc7/spack-src/src/H5Dcontig.c line 659 in H5D__contig_write(): contiguous write failed
    major: Dataset
    minor: Write failed
  #003: /scratch/spack_cpu/job_21700923/spack-stage/spack-stage-hdf5-1.10.7-xexa2gll6hf6okdatgrxiwhcjs2uepc7/spack-src/src/H5Dselect.c line 321 in H5D__select_write(): write error
    major: Dataspace
    minor: Write failed
  #004: /scratch/spack_cpu/job_21700923/spack-stage/spack-stage-hdf5-1.10.7-xexa2gll6hf6okdatgrxiwhcjs2uepc7/spack-src/src/H5Dselect.c line 230 in H5D__select_io(): write error
    major: Dataspace
    minor: Write failed
  #005: /scratch/spack_cpu/job_21700923/spack-stage/spack-stage-hdf5-1.10.7-xexa2gll6hf6okdatgrxiwhcjs2uepc7/spack-src/src/H5Dcontig.c line 1281 in H5D__contig_writevv(): can't perform vectorized sieve buffer write
    major: Dataset
    minor: Can't operate on object
  #006: /scratch/spack_cpu/job_21700923/spack-stage/spack-stage-hdf5-1.10.7-xexa2gll6hf6okdatgrxiwhcjs2uepc7/spack-src/src/H5VM.c line 1464 in H5VM_opvv(): can't perform operation
    major: Internal error (too specific to document in detail)
    minor: Can't operate on object
  #007: /scratch/spack_cpu/job_21700923/spack-stage/spack-stage-hdf5-1.10.7-xexa2gll6hf6okdatgrxiwhcjs2uepc7/spack-src/src/H5Dcontig.c line 1029 in H5D__contig_writevv_sieve_cb(): block write failed
    major: Dataset
    minor: Write failed
  #008: /scratch/spack_cpu/job_21700923/spack-stage/spack-stage-hdf5-1.10.7-xexa2gll6hf6okdatgrxiwhcjs2uepc7/spack-src/src/H5Fio.c line 161 in H5F_block_write(): write through page buffer failed
    major: Low-level I/O
    minor: Write failed
  #009: /scratch/spack_cpu/job_21700923/spack-stage/spack-stage-hdf5-1.10.7-xexa2gll6hf6okdatgrxiwhcjs2uepc7/spack-src/src/H5PB.c line 1032 in H5PB_write(): write through metadata accumulator failed
    major: Page Buffering
    minor: Write failed
  #010: /scratch/spack_cpu/job_21700923/spack-stage/spack-stage-hdf5-1.10.7-xexa2gll6hf6okdatgrxiwhcjs2uepc7/spack-src/src/H5Faccum.c line 824 in H5F__accum_write(): file write failed
    major: Low-level I/O
    minor: Write failed
  #011: /scratch/spack_cpu/job_21700923/spack-stage/spack-stage-hdf5-1.10.7-xexa2gll6hf6okdatgrxiwhcjs2uepc7/spack-src/src/H5FDint.c line 249 in H5FD_write(): driver write request failed
    major: Virtual File Layer
    minor: Write failed
  #012: /scratch/spack_cpu/job_21700923/spack-stage/spack-stage-hdf5-1.10.7-xexa2gll6hf6okdatgrxiwhcjs2uepc7/spack-src/src/H5FDsec2.c line 856 in H5FD__sec2_write(): file write failed: time = Wed Nov 19 08:18:49 2025
, filename = 'checkpoint.h5', file descriptor = 5, errno = 14, error message = 'Bad address', buf = 0x1555537c4000, total write size = 15969552, bytes this sub-write = 15969552, bytes actually written = 18446744073709551615, offset = 0
    major: Low-level I/O
    minor: Write failed
HDF5-DIAG: Error detected in HDF5 (1.10.7) thread 0:
  #000: /scratch/spack_cpu/job_21700923/spack-stage/spack-stage-hdf5-1.10.7-xexa2gll6hf6okdatgrxiwhcjs2uepc7/spack-src/src/H5Dio.c line 335 in H5Dwrite(): can't write data
    major: Dataset
    minor: Write failed
  #001: /scratch/spack_cpu/job_21700923/spack-stage/spack-stage-hdf5-1.10.7-xexa2gll6hf6okdatgrxiwhcjs2uepc7/spack-src/src/H5Dio.c line 813 in H5D__write(): can't write data
    major: Dataset
    minor: Write failed
  #002: /scratch/spack_cpu/job_21700923/spack-stage/spack-stage-hdf5-1.10.7-xexa2gll6hf6okdatgrxiwhcjs2uepc7/spack-src/src/H5Dcontig.c line 659 in H5D__contig_write(): contiguous write failed
    major: Dataset
    minor: Write failed
  #003: /scratch/spack_cpu/job_21700923/spack-stage/spack-stage-hdf5-1.10.7-xexa2gll6hf6okdatgrxiwhcjs2uepc7/spack-src/src/H5Dselect.c line 321 in H5D__select_write(): write error
    major: Dataspace
    minor: Write failed
  #004: /scratch/spack_cpu/job_21700923/spack-stage/spack-stage-hdf5-1.10.7-xexa2gll6hf6okdatgrxiwhcjs2uepc7/spack-src/src/H5Dselect.c line 230 in H5D__select_io(): write error
    major: Dataspace
    minor: Write failed
  #005: /scratch/spack_cpu/job_21700923/spack-stage/spack-stage-hdf5-1.10.7-xexa2gll6hf6okdatgrxiwhcjs2uepc7/spack-src/src/H5Dcontig.c line 1281 in H5D__contig_writevv(): can't perform vectorized sieve buffer write
    major: Dataset
    minor: Can't operate on object
  #006: /scratch/spack_cpu/job_21700923/spack-stage/spack-stage-hdf5-1.10.7-xexa2gll6hf6okdatgrxiwhcjs2uepc7/spack-src/src/H5VM.c line 1464 in H5VM_opvv(): can't perform operation
    major: Internal error (too specific to document in detail)
    minor: Can't operate on object
  #007: /scratch/spack_cpu/job_21700923/spack-stage/spack-stage-hdf5-1.10.7-xexa2gll6hf6okdatgrxiwhcjs2uepc7/spack-src/src/H5Dcontig.c line 1029 in H5D__contig_writevv_sieve_cb(): block write failed
    major: Dataset
    minor: Write failed
  #008: /scratch/spack_cpu/job_21700923/spack-stage/spack-stage-hdf5-1.10.7-xexa2gll6hf6okdatgrxiwhcjs2uepc7/spack-src/src/H5Fio.c line 161 in H5F_block_write(): write through page buffer failed
    major: Low-level I/O
    minor: Write failed
  #009: /scratch/spack_cpu/job_21700923/spack-stage/spack-stage-hdf5-1.10.7-xexa2gll6hf6okdatgrxiwhcjs2uepc7/spack-src/src/H5PB.c line 1032 in H5PB_write(): write through metadata accumulator failed
    major: Page Buffering
    minor: Write failed
  #010: /scratch/spack_cpu/job_21700923/spack-stage/spack-stage-hdf5-1.10.7-xexa2gll6hf6okdatgrxiwhcjs2uepc7/spack-src/src/H5Faccum.c line 824 in H5F__accum_write(): file write failed
    major: Low-level I/O
    minor: Write failed
  #011: /scratch/spack_cpu/job_21700923/spack-stage/spack-stage-hdf5-1.10.7-xexa2gll6hf6okdatgrxiwhcjs2uepc7/spack-src/src/H5FDint.c line 249 in H5FD_write(): driver write request failed
    major: Virtual File Layer
    minor: Write failed
  #012: /scratch/spack_cpu/job_21700923/spack-stage/spack-stage-hdf5-1.10.7-xexa2gll6hf6okdatgrxiwhcjs2uepc7/spack-src/src/H5FDsec2.c line 856 in H5FD__sec2_write(): file write failed: time = Wed Nov 19 08:18:56 2025
, filename = 'checkpoint.h5', file descriptor = 5, errno = 14, error message = 'Bad address', buf = 0x1555537c4000, total write size = 15969552, bytes this sub-write = 15969552, bytes actually written = 18446744073709551615, offset = 0
    major: Low-level I/O
    minor: Write failed
HDF5-DIAG: Error detected in HDF5 (1.10.7) thread 0:
  #000: /scratch/spack_cpu/job_21700923/spack-stage/spack-stage-hdf5-1.10.7-xexa2gll6hf6okdatgrxiwhcjs2uepc7/spack-src/src/H5Dio.c line 335 in H5Dwrite(): can't write data
    major: Dataset
    minor: Write failed
  #001: /scratch/spack_cpu/job_21700923/spack-stage/spack-stage-hdf5-1.10.7-xexa2gll6hf6okdatgrxiwhcjs2uepc7/spack-src/src/H5Dio.c line 813 in H5D__write(): can't write data
    major: Dataset
    minor: Write failed
  #002: /scratch/spack_cpu/job_21700923/spack-stage/spack-stage-hdf5-1.10.7-xexa2gll6hf6okdatgrxiwhcjs2uepc7/spack-src/src/H5Dcontig.c line 659 in H5D__contig_write(): contiguous write failed
    major: Dataset
    minor: Write failed
  #003: /scratch/spack_cpu/job_21700923/spack-stage/spack-stage-hdf5-1.10.7-xexa2gll6hf6okdatgrxiwhcjs2uepc7/spack-src/src/H5Dselect.c line 321 in H5D__select_write(): write error
    major: Dataspace
    minor: Write failed
  #004: /scratch/spack_cpu/job_21700923/spack-stage/spack-stage-hdf5-1.10.7-xexa2gll6hf6okdatgrxiwhcjs2uepc7/spack-src/src/H5Dselect.c line 230 in H5D__select_io(): write error
    major: Dataspace
    minor: Write failed
  #005: /scratch/spack_cpu/job_21700923/spack-stage/spack-stage-hdf5-1.10.7-xexa2gll6hf6okdatgrxiwhcjs2uepc7/spack-src/src/H5Dcontig.c line 1281 in H5D__contig_writevv(): can't perform vectorized sieve buffer write
    major: Dataset
    minor: Can't operate on object
  #006: /scratch/spack_cpu/job_21700923/spack-stage/spack-stage-hdf5-1.10.7-xexa2gll6hf6okdatgrxiwhcjs2uepc7/spack-src/src/H5VM.c line 1464 in H5VM_opvv(): can't perform operation
    major: Internal error (too specific to document in detail)
    minor: Can't operate on object
  #007: /scratch/spack_cpu/job_21700923/spack-stage/spack-stage-hdf5-1.10.7-xexa2gll6hf6okdatgrxiwhcjs2uepc7/spack-src/src/H5Dcontig.c line 1029 in H5D__contig_writevv_sieve_cb(): block write failed
    major: Dataset
    minor: Write failed
  #008: /scratch/spack_cpu/job_21700923/spack-stage/spack-stage-hdf5-1.10.7-xexa2gll6hf6okdatgrxiwhcjs2uepc7/spack-src/src/H5Fio.c line 161 in H5F_block_write(): write through page buffer failed
    major: Low-level I/O
    minor: Write failed
  #009: /scratch/spack_cpu/job_21700923/spack-stage/spack-stage-hdf5-1.10.7-xexa2gll6hf6okdatgrxiwhcjs2uepc7/spack-src/src/H5PB.c line 1032 in H5PB_write(): write through metadata accumulator failed
    major: Page Buffering
    minor: Write failed
  #010: /scratch/spack_cpu/job_21700923/spack-stage/spack-stage-hdf5-1.10.7-xexa2gll6hf6okdatgrxiwhcjs2uepc7/spack-src/src/H5Faccum.c line 824 in H5F__accum_write(): file write failed
    major: Low-level I/O
    minor: Write failed
  #011: /scratch/spack_cpu/job_21700923/spack-stage/spack-stage-hdf5-1.10.7-xexa2gll6hf6okdatgrxiwhcjs2uepc7/spack-src/src/H5FDint.c line 249 in H5FD_write(): driver write request failed
    major: Virtual File Layer
    minor: Write failed
  #012: /scratch/spack_cpu/job_21700923/spack-stage/spack-stage-hdf5-1.10.7-xexa2gll6hf6okdatgrxiwhcjs2uepc7/spack-src/src/H5FDsec2.c line 856 in H5FD__sec2_write(): file write failed: time = Wed Nov 19 08:19:03 2025
, filename = 'checkpoint.h5', file descriptor = 5, errno = 14, error message = 'Bad address', buf = 0x1555537c4000, total write size = 15969552, bytes this sub-write = 15969552, bytes actually written = 18446744073709551615, offset = 0
    major: Low-level I/O
    minor: Write failed
HDF5-DIAG: Error detected in HDF5 (1.10.7) thread 0:
  #000: /scratch/spack_cpu/job_21700923/spack-stage/spack-stage-hdf5-1.10.7-xexa2gll6hf6okdatgrxiwhcjs2uepc7/spack-src/src/H5Dio.c line 335 in H5Dwrite(): can't write data
    major: Dataset
    minor: Write failed
  #001: /scratch/spack_cpu/job_21700923/spack-stage/spack-stage-hdf5-1.10.7-xexa2gll6hf6okdatgrxiwhcjs2uepc7/spack-src/src/H5Dio.c line 813 in H5D__write(): can't write data
    major: Dataset
    minor: Write failed
  #002: /scratch/spack_cpu/job_21700923/spack-stage/spack-stage-hdf5-1.10.7-xexa2gll6hf6okdatgrxiwhcjs2uepc7/spack-src/src/H5Dcontig.c line 659 in H5D__contig_write(): contiguous write failed
    major: Dataset
    minor: Write failed
  #003: /scratch/spack_cpu/job_21700923/spack-stage/spack-stage-hdf5-1.10.7-xexa2gll6hf6okdatgrxiwhcjs2uepc7/spack-src/src/H5Dselect.c line 321 in H5D__select_write(): write error
    major: Dataspace
    minor: Write failed
  #004: /scratch/spack_cpu/job_21700923/spack-stage/spack-stage-hdf5-1.10.7-xexa2gll6hf6okdatgrxiwhcjs2uepc7/spack-src/src/H5Dselect.c line 230 in H5D__select_io(): write error
    major: Dataspace
    minor: Write failed
  #005: /scratch/spack_cpu/job_21700923/spack-stage/spack-stage-hdf5-1.10.7-xexa2gll6hf6okdatgrxiwhcjs2uepc7/spack-src/src/H5Dcontig.c line 1281 in H5D__contig_writevv(): can't perform vectorized sieve buffer write
    major: Dataset
    minor: Can't operate on object
  #006: /scratch/spack_cpu/job_21700923/spack-stage/spack-stage-hdf5-1.10.7-xexa2gll6hf6okdatgrxiwhcjs2uepc7/spack-src/src/H5VM.c line 1464 in H5VM_opvv(): can't perform operation
    major: Internal error (too specific to document in detail)
    minor: Can't operate on object
  #007: /scratch/spack_cpu/job_21700923/spack-stage/spack-stage-hdf5-1.10.7-xexa2gll6hf6okdatgrxiwhcjs2uepc7/spack-src/src/H5Dcontig.c line 1029 in H5D__contig_writevv_sieve_cb(): block write failed
    major: Dataset
    minor: Write failed
  #008: /scratch/spack_cpu/job_21700923/spack-stage/spack-stage-hdf5-1.10.7-xexa2gll6hf6okdatgrxiwhcjs2uepc7/spack-src/src/H5Fio.c line 161 in H5F_block_write(): write through page buffer failed
    major: Low-level I/O
    minor: Write failed
  #009: /scratch/spack_cpu/job_21700923/spack-stage/spack-stage-hdf5-1.10.7-xexa2gll6hf6okdatgrxiwhcjs2uepc7/spack-src/src/H5PB.c line 1032 in H5PB_write(): write through metadata accumulator failed
    major: Page Buffering
    minor: Write failed
  #010: /scratch/spack_cpu/job_21700923/spack-stage/spack-stage-hdf5-1.10.7-xexa2gll6hf6okdatgrxiwhcjs2uepc7/spack-src/src/H5Faccum.c line 824 in H5F__accum_write(): file write failed
    major: Low-level I/O
    minor: Write failed
  #011: /scratch/spack_cpu/job_21700923/spack-stage/spack-stage-hdf5-1.10.7-xexa2gll6hf6okdatgrxiwhcjs2uepc7/spack-src/src/H5FDint.c line 249 in H5FD_write(): driver write request failed
    major: Virtual File Layer
    minor: Write failed
  #012: /scratch/spack_cpu/job_21700923/spack-stage/spack-stage-hdf5-1.10.7-xexa2gll6hf6okdatgrxiwhcjs2uepc7/spack-src/src/H5FDsec2.c line 856 in H5FD__sec2_write(): file write failed: time = Wed Nov 19 08:19:10 2025
, filename = 'checkpoint.h5', file descriptor = 5, errno = 14, error message = 'Bad address', buf = 0x1555537c4000, total write size = 15969552, bytes this sub-write = 15969552, bytes actually written = 18446744073709551615, offset = 0
    major: Low-level I/O
    minor: Write failed
HDF5-DIAG: Error detected in HDF5 (1.10.7) thread 0:
  #000: /scratch/spack_cpu/job_21700923/spack-stage/spack-stage-hdf5-1.10.7-xexa2gll6hf6okdatgrxiwhcjs2uepc7/spack-src/src/H5Dio.c line 335 in H5Dwrite(): can't write data
    major: Dataset
    minor: Write failed
  #001: /scratch/spack_cpu/job_21700923/spack-stage/spack-stage-hdf5-1.10.7-xexa2gll6hf6okdatgrxiwhcjs2uepc7/spack-src/src/H5Dio.c line 813 in H5D__write(): can't write data
    major: Dataset
    minor: Write failed
  #002: /scratch/spack_cpu/job_21700923/spack-stage/spack-stage-hdf5-1.10.7-xexa2gll6hf6okdatgrxiwhcjs2uepc7/spack-src/src/H5Dcontig.c line 659 in H5D__contig_write(): contiguous write failed
    major: Dataset
    minor: Write failed
  #003: /scratch/spack_cpu/job_21700923/spack-stage/spack-stage-hdf5-1.10.7-xexa2gll6hf6okdatgrxiwhcjs2uepc7/spack-src/src/H5Dselect.c line 321 in H5D__select_write(): write error
    major: Dataspace
    minor: Write failed
  #004: /scratch/spack_cpu/job_21700923/spack-stage/spack-stage-hdf5-1.10.7-xexa2gll6hf6okdatgrxiwhcjs2uepc7/spack-src/src/H5Dselect.c line 230 in H5D__select_io(): write error
    major: Dataspace
    minor: Write failed
  #005: /scratch/spack_cpu/job_21700923/spack-stage/spack-stage-hdf5-1.10.7-xexa2gll6hf6okdatgrxiwhcjs2uepc7/spack-src/src/H5Dcontig.c line 1281 in H5D__contig_writevv(): can't perform vectorized sieve buffer write
    major: Dataset
    minor: Can't operate on object
  #006: /scratch/spack_cpu/job_21700923/spack-stage/spack-stage-hdf5-1.10.7-xexa2gll6hf6okdatgrxiwhcjs2uepc7/spack-src/src/H5VM.c line 1464 in H5VM_opvv(): can't perform operation
    major: Internal error (too specific to document in detail)
    minor: Can't operate on object
  #007: /scratch/spack_cpu/job_21700923/spack-stage/spack-stage-hdf5-1.10.7-xexa2gll6hf6okdatgrxiwhcjs2uepc7/spack-src/src/H5Dcontig.c line 1029 in H5D__contig_writevv_sieve_cb(): block write failed
    major: Dataset
    minor: Write failed
  #008: /scratch/spack_cpu/job_21700923/spack-stage/spack-stage-hdf5-1.10.7-xexa2gll6hf6okdatgrxiwhcjs2uepc7/spack-src/src/H5Fio.c line 161 in H5F_block_write(): write through page buffer failed
    major: Low-level I/O
    minor: Write failed
  #009: /scratch/spack_cpu/job_21700923/spack-stage/spack-stage-hdf5-1.10.7-xexa2gll6hf6okdatgrxiwhcjs2uepc7/spack-src/src/H5PB.c line 1032 in H5PB_write(): write through metadata accumulator failed
    major: Page Buffering
    minor: Write failed
  #010: /scratch/spack_cpu/job_21700923/spack-stage/spack-stage-hdf5-1.10.7-xexa2gll6hf6okdatgrxiwhcjs2uepc7/spack-src/src/H5Faccum.c line 824 in H5F__accum_write(): file write failed
    major: Low-level I/O
    minor: Write failed
  #011: /scratch/spack_cpu/job_21700923/spack-stage/spack-stage-hdf5-1.10.7-xexa2gll6hf6okdatgrxiwhcjs2uepc7/spack-src/src/H5FDint.c line 249 in H5FD_write(): driver write request failed
    major: Virtual File Layer
    minor: Write failed
  #012: /scratch/spack_cpu/job_21700923/spack-stage/spack-stage-hdf5-1.10.7-xexa2gll6hf6okdatgrxiwhcjs2uepc7/spack-src/src/H5FDsec2.c line 856 in H5FD__sec2_write(): file write failed: time = Wed Nov 19 08:19:18 2025
, filename = 'checkpoint.h5', file descriptor = 5, errno = 14, error message = 'Bad address', buf = 0x1555537c4000, total write size = 15969552, bytes this sub-write = 15969552, bytes actually written = 18446744073709551615, offset = 0
    major: Low-level I/O
    minor: Write failed
HDF5-DIAG: Error detected in HDF5 (1.10.7) thread 0:
  #000: /scratch/spack_cpu/job_21700923/spack-stage/spack-stage-hdf5-1.10.7-xexa2gll6hf6okdatgrxiwhcjs2uepc7/spack-src/src/H5Dio.c line 335 in H5Dwrite(): can't write data
    major: Dataset
    minor: Write failed
  #001: /scratch/spack_cpu/job_21700923/spack-stage/spack-stage-hdf5-1.10.7-xexa2gll6hf6okdatgrxiwhcjs2uepc7/spack-src/src/H5Dio.c line 813 in H5D__write(): can't write data
    major: Dataset
    minor: Write failed
  #002: /scratch/spack_cpu/job_21700923/spack-stage/spack-stage-hdf5-1.10.7-xexa2gll6hf6okdatgrxiwhcjs2uepc7/spack-src/src/H5Dcontig.c line 659 in H5D__contig_write(): contiguous write failed
    major: Dataset
    minor: Write failed
  #003: /scratch/spack_cpu/job_21700923/spack-stage/spack-stage-hdf5-1.10.7-xexa2gll6hf6okdatgrxiwhcjs2uepc7/spack-src/src/H5Dselect.c line 321 in H5D__select_write(): write error
    major: Dataspace
    minor: Write failed
  #004: /scratch/spack_cpu/job_21700923/spack-stage/spack-stage-hdf5-1.10.7-xexa2gll6hf6okdatgrxiwhcjs2uepc7/spack-src/src/H5Dselect.c line 230 in H5D__select_io(): write error
    major: Dataspace
    minor: Write failed
  #005: /scratch/spack_cpu/job_21700923/spack-stage/spack-stage-hdf5-1.10.7-xexa2gll6hf6okdatgrxiwhcjs2uepc7/spack-src/src/H5Dcontig.c line 1281 in H5D__contig_writevv(): can't perform vectorized sieve buffer write
    major: Dataset
    minor: Can't operate on object
  #006: /scratch/spack_cpu/job_21700923/spack-stage/spack-stage-hdf5-1.10.7-xexa2gll6hf6okdatgrxiwhcjs2uepc7/spack-src/src/H5VM.c line 1464 in H5VM_opvv(): can't perform operation
    major: Internal error (too specific to document in detail)
    minor: Can't operate on object
  #007: /scratch/spack_cpu/job_21700923/spack-stage/spack-stage-hdf5-1.10.7-xexa2gll6hf6okdatgrxiwhcjs2uepc7/spack-src/src/H5Dcontig.c line 1029 in H5D__contig_writevv_sieve_cb(): block write failed
    major: Dataset
    minor: Write failed
  #008: /scratch/spack_cpu/job_21700923/spack-stage/spack-stage-hdf5-1.10.7-xexa2gll6hf6okdatgrxiwhcjs2uepc7/spack-src/src/H5Fio.c line 161 in H5F_block_write(): write through page buffer failed
    major: Low-level I/O
    minor: Write failed
  #009: /scratch/spack_cpu/job_21700923/spack-stage/spack-stage-hdf5-1.10.7-xexa2gll6hf6okdatgrxiwhcjs2uepc7/spack-src/src/H5PB.c line 1032 in H5PB_write(): write through metadata accumulator failed
    major: Page Buffering
    minor: Write failed
  #010: /scratch/spack_cpu/job_21700923/spack-stage/spack-stage-hdf5-1.10.7-xexa2gll6hf6okdatgrxiwhcjs2uepc7/spack-src/src/H5Faccum.c line 824 in H5F__accum_write(): file write failed
    major: Low-level I/O
    minor: Write failed
  #011: /scratch/spack_cpu/job_21700923/spack-stage/spack-stage-hdf5-1.10.7-xexa2gll6hf6okdatgrxiwhcjs2uepc7/spack-src/src/H5FDint.c line 249 in H5FD_write(): driver write request failed
    major: Virtual File Layer
    minor: Write failed
  #012: /scratch/spack_cpu/job_21700923/spack-stage/spack-stage-hdf5-1.10.7-xexa2gll6hf6okdatgrxiwhcjs2uepc7/spack-src/src/H5FDsec2.c line 856 in H5FD__sec2_write(): file write failed: time = Wed Nov 19 08:19:26 2025
, filename = 'checkpoint.h5', file descriptor = 5, errno = 14, error message = 'Bad address', buf = 0x1555537c4000, total write size = 15969552, bytes this sub-write = 15969552, bytes actually written = 18446744073709551615, offset = 0
    major: Low-level I/O
    minor: Write failed
HDF5-DIAG: Error detected in HDF5 (1.10.7) thread 0:
  #000: /scratch/spack_cpu/job_21700923/spack-stage/spack-stage-hdf5-1.10.7-xexa2gll6hf6okdatgrxiwhcjs2uepc7/spack-src/src/H5Dio.c line 335 in H5Dwrite(): can't write data
    major: Dataset
    minor: Write failed
  #001: /scratch/spack_cpu/job_21700923/spack-stage/spack-stage-hdf5-1.10.7-xexa2gll6hf6okdatgrxiwhcjs2uepc7/spack-src/src/H5Dio.c line 813 in H5D__write(): can't write data
    major: Dataset
    minor: Write failed
  #002: /scratch/spack_cpu/job_21700923/spack-stage/spack-stage-hdf5-1.10.7-xexa2gll6hf6okdatgrxiwhcjs2uepc7/spack-src/src/H5Dcontig.c line 659 in H5D__contig_write(): contiguous write failed
    major: Dataset
    minor: Write failed
  #003: /scratch/spack_cpu/job_21700923/spack-stage/spack-stage-hdf5-1.10.7-xexa2gll6hf6okdatgrxiwhcjs2uepc7/spack-src/src/H5Dselect.c line 321 in H5D__select_write(): write error
    major: Dataspace
    minor: Write failed
  #004: /scratch/spack_cpu/job_21700923/spack-stage/spack-stage-hdf5-1.10.7-xexa2gll6hf6okdatgrxiwhcjs2uepc7/spack-src/src/H5Dselect.c line 230 in H5D__select_io(): write error
    major: Dataspace
    minor: Write failed
  #005: /scratch/spack_cpu/job_21700923/spack-stage/spack-stage-hdf5-1.10.7-xexa2gll6hf6okdatgrxiwhcjs2uepc7/spack-src/src/H5Dcontig.c line 1281 in H5D__contig_writevv(): can't perform vectorized sieve buffer write
    major: Dataset
    minor: Can't operate on object
  #006: /scratch/spack_cpu/job_21700923/spack-stage/spack-stage-hdf5-1.10.7-xexa2gll6hf6okdatgrxiwhcjs2uepc7/spack-src/src/H5VM.c line 1464 in H5VM_opvv(): can't perform operation
    major: Internal error (too specific to document in detail)
    minor: Can't operate on object
  #007: /scratch/spack_cpu/job_21700923/spack-stage/spack-stage-hdf5-1.10.7-xexa2gll6hf6okdatgrxiwhcjs2uepc7/spack-src/src/H5Dcontig.c line 1029 in H5D__contig_writevv_sieve_cb(): block write failed
    major: Dataset
    minor: Write failed
  #008: /scratch/spack_cpu/job_21700923/spack-stage/spack-stage-hdf5-1.10.7-xexa2gll6hf6okdatgrxiwhcjs2uepc7/spack-src/src/H5Fio.c line 161 in H5F_block_write(): write through page buffer failed
    major: Low-level I/O
    minor: Write failed
  #009: /scratch/spack_cpu/job_21700923/spack-stage/spack-stage-hdf5-1.10.7-xexa2gll6hf6okdatgrxiwhcjs2uepc7/spack-src/src/H5PB.c line 1032 in H5PB_write(): write through metadata accumulator failed
    major: Page Buffering
    minor: Write failed
  #010: /scratch/spack_cpu/job_21700923/spack-stage/spack-stage-hdf5-1.10.7-xexa2gll6hf6okdatgrxiwhcjs2uepc7/spack-src/src/H5Faccum.c line 824 in H5F__accum_write(): file write failed
    major: Low-level I/O
    minor: Write failed
  #011: /scratch/spack_cpu/job_21700923/spack-stage/spack-stage-hdf5-1.10.7-xexa2gll6hf6okdatgrxiwhcjs2uepc7/spack-src/src/H5FDint.c line 249 in H5FD_write(): driver write request failed
    major: Virtual File Layer
    minor: Write failed
  #012: /scratch/spack_cpu/job_21700923/spack-stage/spack-stage-hdf5-1.10.7-xexa2gll6hf6okdatgrxiwhcjs2uepc7/spack-src/src/H5FDsec2.c line 856 in H5FD__sec2_write(): file write failed: time = Wed Nov 19 08:19:33 2025
, filename = 'checkpoint.h5', file descriptor = 5, errno = 14, error message = 'Bad address', buf = 0x1555537c4000, total write size = 15969552, bytes this sub-write = 15969552, bytes actually written = 18446744073709551615, offset = 0
    major: Low-level I/O
    minor: Write failed
HDF5-DIAG: Error detected in HDF5 (1.10.7) thread 0:
  #000: /scratch/spack_cpu/job_21700923/spack-stage/spack-stage-hdf5-1.10.7-xexa2gll6hf6okdatgrxiwhcjs2uepc7/spack-src/src/H5Dio.c line 335 in H5Dwrite(): can't write data
    major: Dataset
    minor: Write failed
  #001: /scratch/spack_cpu/job_21700923/spack-stage/spack-stage-hdf5-1.10.7-xexa2gll6hf6okdatgrxiwhcjs2uepc7/spack-src/src/H5Dio.c line 813 in H5D__write(): can't write data
    major: Dataset
    minor: Write failed
  #002: /scratch/spack_cpu/job_21700923/spack-stage/spack-stage-hdf5-1.10.7-xexa2gll6hf6okdatgrxiwhcjs2uepc7/spack-src/src/H5Dcontig.c line 659 in H5D__contig_write(): contiguous write failed
    major: Dataset
    minor: Write failed
  #003: /scratch/spack_cpu/job_21700923/spack-stage/spack-stage-hdf5-1.10.7-xexa2gll6hf6okdatgrxiwhcjs2uepc7/spack-src/src/H5Dselect.c line 321 in H5D__select_write(): write error
    major: Dataspace
    minor: Write failed
  #004: /scratch/spack_cpu/job_21700923/spack-stage/spack-stage-hdf5-1.10.7-xexa2gll6hf6okdatgrxiwhcjs2uepc7/spack-src/src/H5Dselect.c line 230 in H5D__select_io(): write error
    major: Dataspace
    minor: Write failed
  #005: /scratch/spack_cpu/job_21700923/spack-stage/spack-stage-hdf5-1.10.7-xexa2gll6hf6okdatgrxiwhcjs2uepc7/spack-src/src/H5Dcontig.c line 1281 in H5D__contig_writevv(): can't perform vectorized sieve buffer write
    major: Dataset
    minor: Can't operate on object
  #006: /scratch/spack_cpu/job_21700923/spack-stage/spack-stage-hdf5-1.10.7-xexa2gll6hf6okdatgrxiwhcjs2uepc7/spack-src/src/H5VM.c line 1464 in H5VM_opvv(): can't perform operation
    major: Internal error (too specific to document in detail)
    minor: Can't operate on object
  #007: /scratch/spack_cpu/job_21700923/spack-stage/spack-stage-hdf5-1.10.7-xexa2gll6hf6okdatgrxiwhcjs2uepc7/spack-src/src/H5Dcontig.c line 1029 in H5D__contig_writevv_sieve_cb(): block write failed
    major: Dataset
    minor: Write failed
  #008: /scratch/spack_cpu/job_21700923/spack-stage/spack-stage-hdf5-1.10.7-xexa2gll6hf6okdatgrxiwhcjs2uepc7/spack-src/src/H5Fio.c line 161 in H5F_block_write(): write through page buffer failed
    major: Low-level I/O
    minor: Write failed
  #009: /scratch/spack_cpu/job_21700923/spack-stage/spack-stage-hdf5-1.10.7-xexa2gll6hf6okdatgrxiwhcjs2uepc7/spack-src/src/H5PB.c line 1032 in H5PB_write(): write through metadata accumulator failed
    major: Page Buffering
    minor: Write failed
  #010: /scratch/spack_cpu/job_21700923/spack-stage/spack-stage-hdf5-1.10.7-xexa2gll6hf6okdatgrxiwhcjs2uepc7/spack-src/src/H5Faccum.c line 824 in H5F__accum_write(): file write failed
    major: Low-level I/O
    minor: Write failed
  #011: /scratch/spack_cpu/job_21700923/spack-stage/spack-stage-hdf5-1.10.7-xexa2gll6hf6okdatgrxiwhcjs2uepc7/spack-src/src/H5FDint.c line 249 in H5FD_write(): driver write request failed
    major: Virtual File Layer
    minor: Write failed
  #012: /scratch/spack_cpu/job_21700923/spack-stage/spack-stage-hdf5-1.10.7-xexa2gll6hf6okdatgrxiwhcjs2uepc7/spack-src/src/H5FDsec2.c line 856 in H5FD__sec2_write(): file write failed: time = Wed Nov 19 08:19:40 2025
, filename = 'checkpoint.h5', file descriptor = 5, errno = 14, error message = 'Bad address', buf = 0x1555537c4000, total write size = 15969552, bytes this sub-write = 15969552, bytes actually written = 18446744073709551615, offset = 0
    major: Low-level I/O
    minor: Write failed
HDF5-DIAG: Error detected in HDF5 (1.10.7) thread 0:
  #000: /scratch/spack_cpu/job_21700923/spack-stage/spack-stage-hdf5-1.10.7-xexa2gll6hf6okdatgrxiwhcjs2uepc7/spack-src/src/H5Dio.c line 335 in H5Dwrite(): can't write data
    major: Dataset
    minor: Write failed
  #001: /scratch/spack_cpu/job_21700923/spack-stage/spack-stage-hdf5-1.10.7-xexa2gll6hf6okdatgrxiwhcjs2uepc7/spack-src/src/H5Dio.c line 813 in H5D__write(): can't write data
    major: Dataset
    minor: Write failed
  #002: /scratch/spack_cpu/job_21700923/spack-stage/spack-stage-hdf5-1.10.7-xexa2gll6hf6okdatgrxiwhcjs2uepc7/spack-src/src/H5Dcontig.c line 659 in H5D__contig_write(): contiguous write failed
    major: Dataset
    minor: Write failed
  #003: /scratch/spack_cpu/job_21700923/spack-stage/spack-stage-hdf5-1.10.7-xexa2gll6hf6okdatgrxiwhcjs2uepc7/spack-src/src/H5Dselect.c line 321 in H5D__select_write(): write error
    major: Dataspace
    minor: Write failed
  #004: /scratch/spack_cpu/job_21700923/spack-stage/spack-stage-hdf5-1.10.7-xexa2gll6hf6okdatgrxiwhcjs2uepc7/spack-src/src/H5Dselect.c line 230 in H5D__select_io(): write error
    major: Dataspace
    minor: Write failed
  #005: /scratch/spack_cpu/job_21700923/spack-stage/spack-stage-hdf5-1.10.7-xexa2gll6hf6okdatgrxiwhcjs2uepc7/spack-src/src/H5Dcontig.c line 1281 in H5D__contig_writevv(): can't perform vectorized sieve buffer write
    major: Dataset
    minor: Can't operate on object
  #006: /scratch/spack_cpu/job_21700923/spack-stage/spack-stage-hdf5-1.10.7-xexa2gll6hf6okdatgrxiwhcjs2uepc7/spack-src/src/H5VM.c line 1464 in H5VM_opvv(): can't perform operation
    major: Internal error (too specific to document in detail)
    minor: Can't operate on object
  #007: /scratch/spack_cpu/job_21700923/spack-stage/spack-stage-hdf5-1.10.7-xexa2gll6hf6okdatgrxiwhcjs2uepc7/spack-src/src/H5Dcontig.c line 1029 in H5D__contig_writevv_sieve_cb(): block write failed
    major: Dataset
    minor: Write failed
  #008: /scratch/spack_cpu/job_21700923/spack-stage/spack-stage-hdf5-1.10.7-xexa2gll6hf6okdatgrxiwhcjs2uepc7/spack-src/src/H5Fio.c line 161 in H5F_block_write(): write through page buffer failed
    major: Low-level I/O
    minor: Write failed
  #009: /scratch/spack_cpu/job_21700923/spack-stage/spack-stage-hdf5-1.10.7-xexa2gll6hf6okdatgrxiwhcjs2uepc7/spack-src/src/H5PB.c line 1032 in H5PB_write(): write through metadata accumulator failed
    major: Page Buffering
    minor: Write failed
  #010: /scratch/spack_cpu/job_21700923/spack-stage/spack-stage-hdf5-1.10.7-xexa2gll6hf6okdatgrxiwhcjs2uepc7/spack-src/src/H5Faccum.c line 824 in H5F__accum_write(): file write failed
    major: Low-level I/O
    minor: Write failed
  #011: /scratch/spack_cpu/job_21700923/spack-stage/spack-stage-hdf5-1.10.7-xexa2gll6hf6okdatgrxiwhcjs2uepc7/spack-src/src/H5FDint.c line 249 in H5FD_write(): driver write request failed
    major: Virtual File Layer
    minor: Write failed
  #012: /scratch/spack_cpu/job_21700923/spack-stage/spack-stage-hdf5-1.10.7-xexa2gll6hf6okdatgrxiwhcjs2uepc7/spack-src/src/H5FDsec2.c line 856 in H5FD__sec2_write(): file write failed: time = Wed Nov 19 08:19:48 2025
, filename = 'checkpoint.h5', file descriptor = 5, errno = 14, error message = 'Bad address', buf = 0x1555537c4000, total write size = 15969552, bytes this sub-write = 15969552, bytes actually written = 18446744073709551615, offset = 0
    major: Low-level I/O
    minor: Write failed
HDF5-DIAG: Error detected in HDF5 (1.10.7) thread 0:
  #000: /scratch/spack_cpu/job_21700923/spack-stage/spack-stage-hdf5-1.10.7-xexa2gll6hf6okdatgrxiwhcjs2uepc7/spack-src/src/H5Dio.c line 335 in H5Dwrite(): can't write data
    major: Dataset
    minor: Write failed
  #001: /scratch/spack_cpu/job_21700923/spack-stage/spack-stage-hdf5-1.10.7-xexa2gll6hf6okdatgrxiwhcjs2uepc7/spack-src/src/H5Dio.c line 813 in H5D__write(): can't write data
    major: Dataset
    minor: Write failed
  #002: /scratch/spack_cpu/job_21700923/spack-stage/spack-stage-hdf5-1.10.7-xexa2gll6hf6okdatgrxiwhcjs2uepc7/spack-src/src/H5Dcontig.c line 659 in H5D__contig_write(): contiguous write failed
    major: Dataset
    minor: Write failed
  #003: /scratch/spack_cpu/job_21700923/spack-stage/spack-stage-hdf5-1.10.7-xexa2gll6hf6okdatgrxiwhcjs2uepc7/spack-src/src/H5Dselect.c line 321 in H5D__select_write(): write error
    major: Dataspace
    minor: Write failed
  #004: /scratch/spack_cpu/job_21700923/spack-stage/spack-stage-hdf5-1.10.7-xexa2gll6hf6okdatgrxiwhcjs2uepc7/spack-src/src/H5Dselect.c line 230 in H5D__select_io(): write error
    major: Dataspace
    minor: Write failed
  #005: /scratch/spack_cpu/job_21700923/spack-stage/spack-stage-hdf5-1.10.7-xexa2gll6hf6okdatgrxiwhcjs2uepc7/spack-src/src/H5Dcontig.c line 1281 in H5D__contig_writevv(): can't perform vectorized sieve buffer write
    major: Dataset
    minor: Can't operate on object
  #006: /scratch/spack_cpu/job_21700923/spack-stage/spack-stage-hdf5-1.10.7-xexa2gll6hf6okdatgrxiwhcjs2uepc7/spack-src/src/H5VM.c line 1464 in H5VM_opvv(): can't perform operation
    major: Internal error (too specific to document in detail)
    minor: Can't operate on object
  #007: /scratch/spack_cpu/job_21700923/spack-stage/spack-stage-hdf5-1.10.7-xexa2gll6hf6okdatgrxiwhcjs2uepc7/spack-src/src/H5Dcontig.c line 1029 in H5D__contig_writevv_sieve_cb(): block write failed
    major: Dataset
    minor: Write failed
  #008: /scratch/spack_cpu/job_21700923/spack-stage/spack-stage-hdf5-1.10.7-xexa2gll6hf6okdatgrxiwhcjs2uepc7/spack-src/src/H5Fio.c line 161 in H5F_block_write(): write through page buffer failed
    major: Low-level I/O
    minor: Write failed
  #009: /scratch/spack_cpu/job_21700923/spack-stage/spack-stage-hdf5-1.10.7-xexa2gll6hf6okdatgrxiwhcjs2uepc7/spack-src/src/H5PB.c line 1032 in H5PB_write(): write through metadata accumulator failed
    major: Page Buffering
    minor: Write failed
  #010: /scratch/spack_cpu/job_21700923/spack-stage/spack-stage-hdf5-1.10.7-xexa2gll6hf6okdatgrxiwhcjs2uepc7/spack-src/src/H5Faccum.c line 824 in H5F__accum_write(): file write failed
    major: Low-level I/O
    minor: Write failed
  #011: /scratch/spack_cpu/job_21700923/spack-stage/spack-stage-hdf5-1.10.7-xexa2gll6hf6okdatgrxiwhcjs2uepc7/spack-src/src/H5FDint.c line 249 in H5FD_write(): driver write request failed
    major: Virtual File Layer
    minor: Write failed
  #012: /scratch/spack_cpu/job_21700923/spack-stage/spack-stage-hdf5-1.10.7-xexa2gll6hf6okdatgrxiwhcjs2uepc7/spack-src/src/H5FDsec2.c line 856 in H5FD__sec2_write(): file write failed: time = Wed Nov 19 08:19:55 2025
, filename = 'checkpoint.h5', file descriptor = 5, errno = 14, error message = 'Bad address', buf = 0x1555537c4000, total write size = 15969552, bytes this sub-write = 15969552, bytes actually written = 18446744073709551615, offset = 0
    major: Low-level I/O
    minor: Write failed
HDF5-DIAG: Error detected in HDF5 (1.10.7) thread 0:
  #000: /scratch/spack_cpu/job_21700923/spack-stage/spack-stage-hdf5-1.10.7-xexa2gll6hf6okdatgrxiwhcjs2uepc7/spack-src/src/H5Dio.c line 335 in H5Dwrite(): can't write data
    major: Dataset
    minor: Write failed
  #001: /scratch/spack_cpu/job_21700923/spack-stage/spack-stage-hdf5-1.10.7-xexa2gll6hf6okdatgrxiwhcjs2uepc7/spack-src/src/H5Dio.c line 813 in H5D__write(): can't write data
    major: Dataset
    minor: Write failed
  #002: /scratch/spack_cpu/job_21700923/spack-stage/spack-stage-hdf5-1.10.7-xexa2gll6hf6okdatgrxiwhcjs2uepc7/spack-src/src/H5Dcontig.c line 659 in H5D__contig_write(): contiguous write failed
    major: Dataset
    minor: Write failed
  #003: /scratch/spack_cpu/job_21700923/spack-stage/spack-stage-hdf5-1.10.7-xexa2gll6hf6okdatgrxiwhcjs2uepc7/spack-src/src/H5Dselect.c line 321 in H5D__select_write(): write error
    major: Dataspace
    minor: Write failed
  #004: /scratch/spack_cpu/job_21700923/spack-stage/spack-stage-hdf5-1.10.7-xexa2gll6hf6okdatgrxiwhcjs2uepc7/spack-src/src/H5Dselect.c line 230 in H5D__select_io(): write error
    major: Dataspace
    minor: Write failed
  #005: /scratch/spack_cpu/job_21700923/spack-stage/spack-stage-hdf5-1.10.7-xexa2gll6hf6okdatgrxiwhcjs2uepc7/spack-src/src/H5Dcontig.c line 1281 in H5D__contig_writevv(): can't perform vectorized sieve buffer write
    major: Dataset
    minor: Can't operate on object
  #006: /scratch/spack_cpu/job_21700923/spack-stage/spack-stage-hdf5-1.10.7-xexa2gll6hf6okdatgrxiwhcjs2uepc7/spack-src/src/H5VM.c line 1464 in H5VM_opvv(): can't perform operation
    major: Internal error (too specific to document in detail)
    minor: Can't operate on object
  #007: /scratch/spack_cpu/job_21700923/spack-stage/spack-stage-hdf5-1.10.7-xexa2gll6hf6okdatgrxiwhcjs2uepc7/spack-src/src/H5Dcontig.c line 1029 in H5D__contig_writevv_sieve_cb(): block write failed
    major: Dataset
    minor: Write failed
  #008: /scratch/spack_cpu/job_21700923/spack-stage/spack-stage-hdf5-1.10.7-xexa2gll6hf6okdatgrxiwhcjs2uepc7/spack-src/src/H5Fio.c line 161 in H5F_block_write(): write through page buffer failed
    major: Low-level I/O
    minor: Write failed
  #009: /scratch/spack_cpu/job_21700923/spack-stage/spack-stage-hdf5-1.10.7-xexa2gll6hf6okdatgrxiwhcjs2uepc7/spack-src/src/H5PB.c line 1032 in H5PB_write(): write through metadata accumulator failed
    major: Page Buffering
    minor: Write failed
  #010: /scratch/spack_cpu/job_21700923/spack-stage/spack-stage-hdf5-1.10.7-xexa2gll6hf6okdatgrxiwhcjs2uepc7/spack-src/src/H5Faccum.c line 824 in H5F__accum_write(): file write failed
    major: Low-level I/O
    minor: Write failed
  #011: /scratch/spack_cpu/job_21700923/spack-stage/spack-stage-hdf5-1.10.7-xexa2gll6hf6okdatgrxiwhcjs2uepc7/spack-src/src/H5FDint.c line 249 in H5FD_write(): driver write request failed
    major: Virtual File Layer
    minor: Write failed
  #012: /scratch/spack_cpu/job_21700923/spack-stage/spack-stage-hdf5-1.10.7-xexa2gll6hf6okdatgrxiwhcjs2uepc7/spack-src/src/H5FDsec2.c line 856 in H5FD__sec2_write(): file write failed: time = Wed Nov 19 08:20:02 2025
, filename = 'checkpoint.h5', file descriptor = 5, errno = 14, error message = 'Bad address', buf = 0x1555537c4000, total write size = 15969552, bytes this sub-write = 15969552, bytes actually written = 18446744073709551615, offset = 0
    major: Low-level I/O
    minor: Write failed
HDF5-DIAG: Error detected in HDF5 (1.10.7) thread 0:
  #000: /scratch/spack_cpu/job_21700923/spack-stage/spack-stage-hdf5-1.10.7-xexa2gll6hf6okdatgrxiwhcjs2uepc7/spack-src/src/H5Dio.c line 335 in H5Dwrite(): can't write data
    major: Dataset
    minor: Write failed
  #001: /scratch/spack_cpu/job_21700923/spack-stage/spack-stage-hdf5-1.10.7-xexa2gll6hf6okdatgrxiwhcjs2uepc7/spack-src/src/H5Dio.c line 813 in H5D__write(): can't write data
    major: Dataset
    minor: Write failed
  #002: /scratch/spack_cpu/job_21700923/spack-stage/spack-stage-hdf5-1.10.7-xexa2gll6hf6okdatgrxiwhcjs2uepc7/spack-src/src/H5Dcontig.c line 659 in H5D__contig_write(): contiguous write failed
    major: Dataset
    minor: Write failed
  #003: /scratch/spack_cpu/job_21700923/spack-stage/spack-stage-hdf5-1.10.7-xexa2gll6hf6okdatgrxiwhcjs2uepc7/spack-src/src/H5Dselect.c line 321 in H5D__select_write(): write error
    major: Dataspace
    minor: Write failed
  #004: /scratch/spack_cpu/job_21700923/spack-stage/spack-stage-hdf5-1.10.7-xexa2gll6hf6okdatgrxiwhcjs2uepc7/spack-src/src/H5Dselect.c line 230 in H5D__select_io(): write error
    major: Dataspace
    minor: Write failed
  #005: /scratch/spack_cpu/job_21700923/spack-stage/spack-stage-hdf5-1.10.7-xexa2gll6hf6okdatgrxiwhcjs2uepc7/spack-src/src/H5Dcontig.c line 1281 in H5D__contig_writevv(): can't perform vectorized sieve buffer write
    major: Dataset
    minor: Can't operate on object
  #006: /scratch/spack_cpu/job_21700923/spack-stage/spack-stage-hdf5-1.10.7-xexa2gll6hf6okdatgrxiwhcjs2uepc7/spack-src/src/H5VM.c line 1464 in H5VM_opvv(): can't perform operation
    major: Internal error (too specific to document in detail)
    minor: Can't operate on object
  #007: /scratch/spack_cpu/job_21700923/spack-stage/spack-stage-hdf5-1.10.7-xexa2gll6hf6okdatgrxiwhcjs2uepc7/spack-src/src/H5Dcontig.c line 1029 in H5D__contig_writevv_sieve_cb(): block write failed
    major: Dataset
    minor: Write failed
  #008: /scratch/spack_cpu/job_21700923/spack-stage/spack-stage-hdf5-1.10.7-xexa2gll6hf6okdatgrxiwhcjs2uepc7/spack-src/src/H5Fio.c line 161 in H5F_block_write(): write through page buffer failed
    major: Low-level I/O
    minor: Write failed
  #009: /scratch/spack_cpu/job_21700923/spack-stage/spack-stage-hdf5-1.10.7-xexa2gll6hf6okdatgrxiwhcjs2uepc7/spack-src/src/H5PB.c line 1032 in H5PB_write(): write through metadata accumulator failed
    major: Page Buffering
    minor: Write failed
  #010: /scratch/spack_cpu/job_21700923/spack-stage/spack-stage-hdf5-1.10.7-xexa2gll6hf6okdatgrxiwhcjs2uepc7/spack-src/src/H5Faccum.c line 824 in H5F__accum_write(): file write failed
    major: Low-level I/O
    minor: Write failed
  #011: /scratch/spack_cpu/job_21700923/spack-stage/spack-stage-hdf5-1.10.7-xexa2gll6hf6okdatgrxiwhcjs2uepc7/spack-src/src/H5FDint.c line 249 in H5FD_write(): driver write request failed
    major: Virtual File Layer
    minor: Write failed
  #012: /scratch/spack_cpu/job_21700923/spack-stage/spack-stage-hdf5-1.10.7-xexa2gll6hf6okdatgrxiwhcjs2uepc7/spack-src/src/H5FDsec2.c line 856 in H5FD__sec2_write(): file write failed: time = Wed Nov 19 08:20:11 2025
, filename = 'checkpoint.h5', file descriptor = 5, errno = 14, error message = 'Bad address', buf = 0x1555537c4000, total write size = 15969552, bytes this sub-write = 15969552, bytes actually written = 18446744073709551615, offset = 0
    major: Low-level I/O
    minor: Write failed
HDF5-DIAG: Error detected in HDF5 (1.10.7) thread 0:
  #000: /scratch/spack_cpu/job_21700923/spack-stage/spack-stage-hdf5-1.10.7-xexa2gll6hf6okdatgrxiwhcjs2uepc7/spack-src/src/H5Dio.c line 335 in H5Dwrite(): can't write data
    major: Dataset
    minor: Write failed
  #001: /scratch/spack_cpu/job_21700923/spack-stage/spack-stage-hdf5-1.10.7-xexa2gll6hf6okdatgrxiwhcjs2uepc7/spack-src/src/H5Dio.c line 813 in H5D__write(): can't write data
    major: Dataset
    minor: Write failed
  #002: /scratch/spack_cpu/job_21700923/spack-stage/spack-stage-hdf5-1.10.7-xexa2gll6hf6okdatgrxiwhcjs2uepc7/spack-src/src/H5Dcontig.c line 659 in H5D__contig_write(): contiguous write failed
    major: Dataset
    minor: Write failed
  #003: /scratch/spack_cpu/job_21700923/spack-stage/spack-stage-hdf5-1.10.7-xexa2gll6hf6okdatgrxiwhcjs2uepc7/spack-src/src/H5Dselect.c line 321 in H5D__select_write(): write error
    major: Dataspace
    minor: Write failed
  #004: /scratch/spack_cpu/job_21700923/spack-stage/spack-stage-hdf5-1.10.7-xexa2gll6hf6okdatgrxiwhcjs2uepc7/spack-src/src/H5Dselect.c line 230 in H5D__select_io(): write error
    major: Dataspace
    minor: Write failed
  #005: /scratch/spack_cpu/job_21700923/spack-stage/spack-stage-hdf5-1.10.7-xexa2gll6hf6okdatgrxiwhcjs2uepc7/spack-src/src/H5Dcontig.c line 1281 in H5D__contig_writevv(): can't perform vectorized sieve buffer write
    major: Dataset
    minor: Can't operate on object
  #006: /scratch/spack_cpu/job_21700923/spack-stage/spack-stage-hdf5-1.10.7-xexa2gll6hf6okdatgrxiwhcjs2uepc7/spack-src/src/H5VM.c line 1464 in H5VM_opvv(): can't perform operation
    major: Internal error (too specific to document in detail)
    minor: Can't operate on object
  #007: /scratch/spack_cpu/job_21700923/spack-stage/spack-stage-hdf5-1.10.7-xexa2gll6hf6okdatgrxiwhcjs2uepc7/spack-src/src/H5Dcontig.c line 1029 in H5D__contig_writevv_sieve_cb(): block write failed
    major: Dataset
    minor: Write failed
  #008: /scratch/spack_cpu/job_21700923/spack-stage/spack-stage-hdf5-1.10.7-xexa2gll6hf6okdatgrxiwhcjs2uepc7/spack-src/src/H5Fio.c line 161 in H5F_block_write(): write through page buffer failed
    major: Low-level I/O
    minor: Write failed
  #009: /scratch/spack_cpu/job_21700923/spack-stage/spack-stage-hdf5-1.10.7-xexa2gll6hf6okdatgrxiwhcjs2uepc7/spack-src/src/H5PB.c line 1032 in H5PB_write(): write through metadata accumulator failed
    major: Page Buffering
    minor: Write failed
  #010: /scratch/spack_cpu/job_21700923/spack-stage/spack-stage-hdf5-1.10.7-xexa2gll6hf6okdatgrxiwhcjs2uepc7/spack-src/src/H5Faccum.c line 824 in H5F__accum_write(): file write failed
    major: Low-level I/O
    minor: Write failed
  #011: /scratch/spack_cpu/job_21700923/spack-stage/spack-stage-hdf5-1.10.7-xexa2gll6hf6okdatgrxiwhcjs2uepc7/spack-src/src/H5FDint.c line 249 in H5FD_write(): driver write request failed
    major: Virtual File Layer
    minor: Write failed
  #012: /scratch/spack_cpu/job_21700923/spack-stage/spack-stage-hdf5-1.10.7-xexa2gll6hf6okdatgrxiwhcjs2uepc7/spack-src/src/H5FDsec2.c line 856 in H5FD__sec2_write(): file write failed: time = Wed Nov 19 08:20:18 2025
, filename = 'checkpoint.h5', file descriptor = 5, errno = 14, error message = 'Bad address', buf = 0x1555537c4000, total write size = 15969552, bytes this sub-write = 15969552, bytes actually written = 18446744073709551615, offset = 0
    major: Low-level I/O
    minor: Write failed
HDF5-DIAG: Error detected in HDF5 (1.10.7) thread 0:
  #000: /scratch/spack_cpu/job_21700923/spack-stage/spack-stage-hdf5-1.10.7-xexa2gll6hf6okdatgrxiwhcjs2uepc7/spack-src/src/H5Dio.c line 335 in H5Dwrite(): can't write data
    major: Dataset
    minor: Write failed
  #001: /scratch/spack_cpu/job_21700923/spack-stage/spack-stage-hdf5-1.10.7-xexa2gll6hf6okdatgrxiwhcjs2uepc7/spack-src/src/H5Dio.c line 813 in H5D__write(): can't write data
    major: Dataset
    minor: Write failed
  #002: /scratch/spack_cpu/job_21700923/spack-stage/spack-stage-hdf5-1.10.7-xexa2gll6hf6okdatgrxiwhcjs2uepc7/spack-src/src/H5Dcontig.c line 659 in H5D__contig_write(): contiguous write failed
    major: Dataset
    minor: Write failed
  #003: /scratch/spack_cpu/job_21700923/spack-stage/spack-stage-hdf5-1.10.7-xexa2gll6hf6okdatgrxiwhcjs2uepc7/spack-src/src/H5Dselect.c line 321 in H5D__select_write(): write error
    major: Dataspace
    minor: Write failed
  #004: /scratch/spack_cpu/job_21700923/spack-stage/spack-stage-hdf5-1.10.7-xexa2gll6hf6okdatgrxiwhcjs2uepc7/spack-src/src/H5Dselect.c line 230 in H5D__select_io(): write error
    major: Dataspace
    minor: Write failed
  #005: /scratch/spack_cpu/job_21700923/spack-stage/spack-stage-hdf5-1.10.7-xexa2gll6hf6okdatgrxiwhcjs2uepc7/spack-src/src/H5Dcontig.c line 1281 in H5D__contig_writevv(): can't perform vectorized sieve buffer write
    major: Dataset
    minor: Can't operate on object
  #006: /scratch/spack_cpu/job_21700923/spack-stage/spack-stage-hdf5-1.10.7-xexa2gll6hf6okdatgrxiwhcjs2uepc7/spack-src/src/H5VM.c line 1464 in H5VM_opvv(): can't perform operation
    major: Internal error (too specific to document in detail)
    minor: Can't operate on object
  #007: /scratch/spack_cpu/job_21700923/spack-stage/spack-stage-hdf5-1.10.7-xexa2gll6hf6okdatgrxiwhcjs2uepc7/spack-src/src/H5Dcontig.c line 1029 in H5D__contig_writevv_sieve_cb(): block write failed
    major: Dataset
    minor: Write failed
  #008: /scratch/spack_cpu/job_21700923/spack-stage/spack-stage-hdf5-1.10.7-xexa2gll6hf6okdatgrxiwhcjs2uepc7/spack-src/src/H5Fio.c line 161 in H5F_block_write(): write through page buffer failed
    major: Low-level I/O
    minor: Write failed
  #009: /scratch/spack_cpu/job_21700923/spack-stage/spack-stage-hdf5-1.10.7-xexa2gll6hf6okdatgrxiwhcjs2uepc7/spack-src/src/H5PB.c line 1032 in H5PB_write(): write through metadata accumulator failed
    major: Page Buffering
    minor: Write failed
  #010: /scratch/spack_cpu/job_21700923/spack-stage/spack-stage-hdf5-1.10.7-xexa2gll6hf6okdatgrxiwhcjs2uepc7/spack-src/src/H5Faccum.c line 824 in H5F__accum_write(): file write failed
    major: Low-level I/O
    minor: Write failed
  #011: /scratch/spack_cpu/job_21700923/spack-stage/spack-stage-hdf5-1.10.7-xexa2gll6hf6okdatgrxiwhcjs2uepc7/spack-src/src/H5FDint.c line 249 in H5FD_write(): driver write request failed
    major: Virtual File Layer
    minor: Write failed
  #012: /scratch/spack_cpu/job_21700923/spack-stage/spack-stage-hdf5-1.10.7-xexa2gll6hf6okdatgrxiwhcjs2uepc7/spack-src/src/H5FDsec2.c line 856 in H5FD__sec2_write(): file write failed: time = Wed Nov 19 08:20:25 2025
, filename = 'checkpoint.h5', file descriptor = 5, errno = 14, error message = 'Bad address', buf = 0x1555537c4000, total write size = 15969552, bytes this sub-write = 15969552, bytes actually written = 18446744073709551615, offset = 0
    major: Low-level I/O
    minor: Write failed
HDF5-DIAG: Error detected in HDF5 (1.10.7) thread 0:
  #000: /scratch/spack_cpu/job_21700923/spack-stage/spack-stage-hdf5-1.10.7-xexa2gll6hf6okdatgrxiwhcjs2uepc7/spack-src/src/H5Dio.c line 335 in H5Dwrite(): can't write data
    major: Dataset
    minor: Write failed
  #001: /scratch/spack_cpu/job_21700923/spack-stage/spack-stage-hdf5-1.10.7-xexa2gll6hf6okdatgrxiwhcjs2uepc7/spack-src/src/H5Dio.c line 813 in H5D__write(): can't write data
    major: Dataset
    minor: Write failed
  #002: /scratch/spack_cpu/job_21700923/spack-stage/spack-stage-hdf5-1.10.7-xexa2gll6hf6okdatgrxiwhcjs2uepc7/spack-src/src/H5Dcontig.c line 659 in H5D__contig_write(): contiguous write failed
    major: Dataset
    minor: Write failed
  #003: /scratch/spack_cpu/job_21700923/spack-stage/spack-stage-hdf5-1.10.7-xexa2gll6hf6okdatgrxiwhcjs2uepc7/spack-src/src/H5Dselect.c line 321 in H5D__select_write(): write error
    major: Dataspace
    minor: Write failed
  #004: /scratch/spack_cpu/job_21700923/spack-stage/spack-stage-hdf5-1.10.7-xexa2gll6hf6okdatgrxiwhcjs2uepc7/spack-src/src/H5Dselect.c line 230 in H5D__select_io(): write error
    major: Dataspace
    minor: Write failed
  #005: /scratch/spack_cpu/job_21700923/spack-stage/spack-stage-hdf5-1.10.7-xexa2gll6hf6okdatgrxiwhcjs2uepc7/spack-src/src/H5Dcontig.c line 1281 in H5D__contig_writevv(): can't perform vectorized sieve buffer write
    major: Dataset
    minor: Can't operate on object
  #006: /scratch/spack_cpu/job_21700923/spack-stage/spack-stage-hdf5-1.10.7-xexa2gll6hf6okdatgrxiwhcjs2uepc7/spack-src/src/H5VM.c line 1464 in H5VM_opvv(): can't perform operation
    major: Internal error (too specific to document in detail)
    minor: Can't operate on object
  #007: /scratch/spack_cpu/job_21700923/spack-stage/spack-stage-hdf5-1.10.7-xexa2gll6hf6okdatgrxiwhcjs2uepc7/spack-src/src/H5Dcontig.c line 1029 in H5D__contig_writevv_sieve_cb(): block write failed
    major: Dataset
    minor: Write failed
  #008: /scratch/spack_cpu/job_21700923/spack-stage/spack-stage-hdf5-1.10.7-xexa2gll6hf6okdatgrxiwhcjs2uepc7/spack-src/src/H5Fio.c line 161 in H5F_block_write(): write through page buffer failed
    major: Low-level I/O
    minor: Write failed
  #009: /scratch/spack_cpu/job_21700923/spack-stage/spack-stage-hdf5-1.10.7-xexa2gll6hf6okdatgrxiwhcjs2uepc7/spack-src/src/H5PB.c line 1032 in H5PB_write(): write through metadata accumulator failed
    major: Page Buffering
    minor: Write failed
  #010: /scratch/spack_cpu/job_21700923/spack-stage/spack-stage-hdf5-1.10.7-xexa2gll6hf6okdatgrxiwhcjs2uepc7/spack-src/src/H5Faccum.c line 824 in H5F__accum_write(): file write failed
    major: Low-level I/O
    minor: Write failed
  #011: /scratch/spack_cpu/job_21700923/spack-stage/spack-stage-hdf5-1.10.7-xexa2gll6hf6okdatgrxiwhcjs2uepc7/spack-src/src/H5FDint.c line 249 in H5FD_write(): driver write request failed
    major: Virtual File Layer
    minor: Write failed
  #012: /scratch/spack_cpu/job_21700923/spack-stage/spack-stage-hdf5-1.10.7-xexa2gll6hf6okdatgrxiwhcjs2uepc7/spack-src/src/H5FDsec2.c line 856 in H5FD__sec2_write(): file write failed: time = Wed Nov 19 08:20:32 2025
, filename = 'checkpoint.h5', file descriptor = 5, errno = 14, error message = 'Bad address', buf = 0x1555537c4000, total write size = 15969552, bytes this sub-write = 15969552, bytes actually written = 18446744073709551615, offset = 0
    major: Low-level I/O
    minor: Write failed
HDF5-DIAG: Error detected in HDF5 (1.10.7) thread 0:
  #000: /scratch/spack_cpu/job_21700923/spack-stage/spack-stage-hdf5-1.10.7-xexa2gll6hf6okdatgrxiwhcjs2uepc7/spack-src/src/H5Dio.c line 335 in H5Dwrite(): can't write data
    major: Dataset
    minor: Write failed
  #001: /scratch/spack_cpu/job_21700923/spack-stage/spack-stage-hdf5-1.10.7-xexa2gll6hf6okdatgrxiwhcjs2uepc7/spack-src/src/H5Dio.c line 813 in H5D__write(): can't write data
    major: Dataset
    minor: Write failed
  #002: /scratch/spack_cpu/job_21700923/spack-stage/spack-stage-hdf5-1.10.7-xexa2gll6hf6okdatgrxiwhcjs2uepc7/spack-src/src/H5Dcontig.c line 659 in H5D__contig_write(): contiguous write failed
    major: Dataset
    minor: Write failed
  #003: /scratch/spack_cpu/job_21700923/spack-stage/spack-stage-hdf5-1.10.7-xexa2gll6hf6okdatgrxiwhcjs2uepc7/spack-src/src/H5Dselect.c line 321 in H5D__select_write(): write error
    major: Dataspace
    minor: Write failed
  #004: /scratch/spack_cpu/job_21700923/spack-stage/spack-stage-hdf5-1.10.7-xexa2gll6hf6okdatgrxiwhcjs2uepc7/spack-src/src/H5Dselect.c line 230 in H5D__select_io(): write error
    major: Dataspace
    minor: Write failed
  #005: /scratch/spack_cpu/job_21700923/spack-stage/spack-stage-hdf5-1.10.7-xexa2gll6hf6okdatgrxiwhcjs2uepc7/spack-src/src/H5Dcontig.c line 1281 in H5D__contig_writevv(): can't perform vectorized sieve buffer write
    major: Dataset
    minor: Can't operate on object
  #006: /scratch/spack_cpu/job_21700923/spack-stage/spack-stage-hdf5-1.10.7-xexa2gll6hf6okdatgrxiwhcjs2uepc7/spack-src/src/H5VM.c line 1464 in H5VM_opvv(): can't perform operation
    major: Internal error (too specific to document in detail)
    minor: Can't operate on object
  #007: /scratch/spack_cpu/job_21700923/spack-stage/spack-stage-hdf5-1.10.7-xexa2gll6hf6okdatgrxiwhcjs2uepc7/spack-src/src/H5Dcontig.c line 1029 in H5D__contig_writevv_sieve_cb(): block write failed
    major: Dataset
    minor: Write failed
  #008: /scratch/spack_cpu/job_21700923/spack-stage/spack-stage-hdf5-1.10.7-xexa2gll6hf6okdatgrxiwhcjs2uepc7/spack-src/src/H5Fio.c line 161 in H5F_block_write(): write through page buffer failed
    major: Low-level I/O
    minor: Write failed
  #009: /scratch/spack_cpu/job_21700923/spack-stage/spack-stage-hdf5-1.10.7-xexa2gll6hf6okdatgrxiwhcjs2uepc7/spack-src/src/H5PB.c line 1032 in H5PB_write(): write through metadata accumulator failed
    major: Page Buffering
    minor: Write failed
  #010: /scratch/spack_cpu/job_21700923/spack-stage/spack-stage-hdf5-1.10.7-xexa2gll6hf6okdatgrxiwhcjs2uepc7/spack-src/src/H5Faccum.c line 824 in H5F__accum_write(): file write failed
    major: Low-level I/O
    minor: Write failed
  #011: /scratch/spack_cpu/job_21700923/spack-stage/spack-stage-hdf5-1.10.7-xexa2gll6hf6okdatgrxiwhcjs2uepc7/spack-src/src/H5FDint.c line 249 in H5FD_write(): driver write request failed
    major: Virtual File Layer
    minor: Write failed
  #012: /scratch/spack_cpu/job_21700923/spack-stage/spack-stage-hdf5-1.10.7-xexa2gll6hf6okdatgrxiwhcjs2uepc7/spack-src/src/H5FDsec2.c line 856 in H5FD__sec2_write(): file write failed: time = Wed Nov 19 08:20:39 2025
, filename = 'checkpoint.h5', file descriptor = 5, errno = 14, error message = 'Bad address', buf = 0x1555537c4000, total write size = 15969552, bytes this sub-write = 15969552, bytes actually written = 18446744073709551615, offset = 0
    major: Low-level I/O
    minor: Write failed
HDF5-DIAG: Error detected in HDF5 (1.10.7) thread 0:
  #000: /scratch/spack_cpu/job_21700923/spack-stage/spack-stage-hdf5-1.10.7-xexa2gll6hf6okdatgrxiwhcjs2uepc7/spack-src/src/H5Dio.c line 335 in H5Dwrite(): can't write data
    major: Dataset
    minor: Write failed
  #001: /scratch/spack_cpu/job_21700923/spack-stage/spack-stage-hdf5-1.10.7-xexa2gll6hf6okdatgrxiwhcjs2uepc7/spack-src/src/H5Dio.c line 813 in H5D__write(): can't write data
    major: Dataset
    minor: Write failed
  #002: /scratch/spack_cpu/job_21700923/spack-stage/spack-stage-hdf5-1.10.7-xexa2gll6hf6okdatgrxiwhcjs2uepc7/spack-src/src/H5Dcontig.c line 659 in H5D__contig_write(): contiguous write failed
    major: Dataset
    minor: Write failed
  #003: /scratch/spack_cpu/job_21700923/spack-stage/spack-stage-hdf5-1.10.7-xexa2gll6hf6okdatgrxiwhcjs2uepc7/spack-src/src/H5Dselect.c line 321 in H5D__select_write(): write error
    major: Dataspace
    minor: Write failed
  #004: /scratch/spack_cpu/job_21700923/spack-stage/spack-stage-hdf5-1.10.7-xexa2gll6hf6okdatgrxiwhcjs2uepc7/spack-src/src/H5Dselect.c line 230 in H5D__select_io(): write error
    major: Dataspace
    minor: Write failed
  #005: /scratch/spack_cpu/job_21700923/spack-stage/spack-stage-hdf5-1.10.7-xexa2gll6hf6okdatgrxiwhcjs2uepc7/spack-src/src/H5Dcontig.c line 1281 in H5D__contig_writevv(): can't perform vectorized sieve buffer write
    major: Dataset
    minor: Can't operate on object
  #006: /scratch/spack_cpu/job_21700923/spack-stage/spack-stage-hdf5-1.10.7-xexa2gll6hf6okdatgrxiwhcjs2uepc7/spack-src/src/H5VM.c line 1464 in H5VM_opvv(): can't perform operation
    major: Internal error (too specific to document in detail)
    minor: Can't operate on object
  #007: /scratch/spack_cpu/job_21700923/spack-stage/spack-stage-hdf5-1.10.7-xexa2gll6hf6okdatgrxiwhcjs2uepc7/spack-src/src/H5Dcontig.c line 1029 in H5D__contig_writevv_sieve_cb(): block write failed
    major: Dataset
    minor: Write failed
  #008: /scratch/spack_cpu/job_21700923/spack-stage/spack-stage-hdf5-1.10.7-xexa2gll6hf6okdatgrxiwhcjs2uepc7/spack-src/src/H5Fio.c line 161 in H5F_block_write(): write through page buffer failed
    major: Low-level I/O
    minor: Write failed
  #009: /scratch/spack_cpu/job_21700923/spack-stage/spack-stage-hdf5-1.10.7-xexa2gll6hf6okdatgrxiwhcjs2uepc7/spack-src/src/H5PB.c line 1032 in H5PB_write(): write through metadata accumulator failed
    major: Page Buffering
    minor: Write failed
  #010: /scratch/spack_cpu/job_21700923/spack-stage/spack-stage-hdf5-1.10.7-xexa2gll6hf6okdatgrxiwhcjs2uepc7/spack-src/src/H5Faccum.c line 824 in H5F__accum_write(): file write failed
    major: Low-level I/O
    minor: Write failed
  #011: /scratch/spack_cpu/job_21700923/spack-stage/spack-stage-hdf5-1.10.7-xexa2gll6hf6okdatgrxiwhcjs2uepc7/spack-src/src/H5FDint.c line 249 in H5FD_write(): driver write request failed
    major: Virtual File Layer
    minor: Write failed
  #012: /scratch/spack_cpu/job_21700923/spack-stage/spack-stage-hdf5-1.10.7-xexa2gll6hf6okdatgrxiwhcjs2uepc7/spack-src/src/H5FDsec2.c line 856 in H5FD__sec2_write(): file write failed: time = Wed Nov 19 08:20:46 2025
, filename = 'checkpoint.h5', file descriptor = 5, errno = 14, error message = 'Bad address', buf = 0x1555537c4000, total write size = 15969552, bytes this sub-write = 15969552, bytes actually written = 18446744073709551615, offset = 0
    major: Low-level I/O
    minor: Write failed
HDF5-DIAG: Error detected in HDF5 (1.10.7) thread 0:
  #000: /scratch/spack_cpu/job_21700923/spack-stage/spack-stage-hdf5-1.10.7-xexa2gll6hf6okdatgrxiwhcjs2uepc7/spack-src/src/H5Dio.c line 335 in H5Dwrite(): can't write data
    major: Dataset
    minor: Write failed
  #001: /scratch/spack_cpu/job_21700923/spack-stage/spack-stage-hdf5-1.10.7-xexa2gll6hf6okdatgrxiwhcjs2uepc7/spack-src/src/H5Dio.c line 813 in H5D__write(): can't write data
    major: Dataset
    minor: Write failed
  #002: /scratch/spack_cpu/job_21700923/spack-stage/spack-stage-hdf5-1.10.7-xexa2gll6hf6okdatgrxiwhcjs2uepc7/spack-src/src/H5Dcontig.c line 659 in H5D__contig_write(): contiguous write failed
    major: Dataset
    minor: Write failed
  #003: /scratch/spack_cpu/job_21700923/spack-stage/spack-stage-hdf5-1.10.7-xexa2gll6hf6okdatgrxiwhcjs2uepc7/spack-src/src/H5Dselect.c line 321 in H5D__select_write(): write error
    major: Dataspace
    minor: Write failed
  #004: /scratch/spack_cpu/job_21700923/spack-stage/spack-stage-hdf5-1.10.7-xexa2gll6hf6okdatgrxiwhcjs2uepc7/spack-src/src/H5Dselect.c line 230 in H5D__select_io(): write error
    major: Dataspace
    minor: Write failed
  #005: /scratch/spack_cpu/job_21700923/spack-stage/spack-stage-hdf5-1.10.7-xexa2gll6hf6okdatgrxiwhcjs2uepc7/spack-src/src/H5Dcontig.c line 1281 in H5D__contig_writevv(): can't perform vectorized sieve buffer write
    major: Dataset
    minor: Can't operate on object
  #006: /scratch/spack_cpu/job_21700923/spack-stage/spack-stage-hdf5-1.10.7-xexa2gll6hf6okdatgrxiwhcjs2uepc7/spack-src/src/H5VM.c line 1464 in H5VM_opvv(): can't perform operation
    major: Internal error (too specific to document in detail)
    minor: Can't operate on object
  #007: /scratch/spack_cpu/job_21700923/spack-stage/spack-stage-hdf5-1.10.7-xexa2gll6hf6okdatgrxiwhcjs2uepc7/spack-src/src/H5Dcontig.c line 1029 in H5D__contig_writevv_sieve_cb(): block write failed
    major: Dataset
    minor: Write failed
  #008: /scratch/spack_cpu/job_21700923/spack-stage/spack-stage-hdf5-1.10.7-xexa2gll6hf6okdatgrxiwhcjs2uepc7/spack-src/src/H5Fio.c line 161 in H5F_block_write(): write through page buffer failed
    major: Low-level I/O
    minor: Write failed
  #009: /scratch/spack_cpu/job_21700923/spack-stage/spack-stage-hdf5-1.10.7-xexa2gll6hf6okdatgrxiwhcjs2uepc7/spack-src/src/H5PB.c line 1032 in H5PB_write(): write through metadata accumulator failed
    major: Page Buffering
    minor: Write failed
  #010: /scratch/spack_cpu/job_21700923/spack-stage/spack-stage-hdf5-1.10.7-xexa2gll6hf6okdatgrxiwhcjs2uepc7/spack-src/src/H5Faccum.c line 824 in H5F__accum_write(): file write failed
    major: Low-level I/O
    minor: Write failed
  #011: /scratch/spack_cpu/job_21700923/spack-stage/spack-stage-hdf5-1.10.7-xexa2gll6hf6okdatgrxiwhcjs2uepc7/spack-src/src/H5FDint.c line 249 in H5FD_write(): driver write request failed
    major: Virtual File Layer
    minor: Write failed
  #012: /scratch/spack_cpu/job_21700923/spack-stage/spack-stage-hdf5-1.10.7-xexa2gll6hf6okdatgrxiwhcjs2uepc7/spack-src/src/H5FDsec2.c line 856 in H5FD__sec2_write(): file write failed: time = Wed Nov 19 08:20:54 2025
, filename = 'checkpoint.h5', file descriptor = 5, errno = 14, error message = 'Bad address', buf = 0x1555537c4000, total write size = 15969552, bytes this sub-write = 15969552, bytes actually written = 18446744073709551615, offset = 0
    major: Low-level I/O
    minor: Write failed
HDF5-DIAG: Error detected in HDF5 (1.10.7) thread 0:
  #000: /scratch/spack_cpu/job_21700923/spack-stage/spack-stage-hdf5-1.10.7-xexa2gll6hf6okdatgrxiwhcjs2uepc7/spack-src/src/H5Dio.c line 335 in H5Dwrite(): can't write data
    major: Dataset
    minor: Write failed
  #001: /scratch/spack_cpu/job_21700923/spack-stage/spack-stage-hdf5-1.10.7-xexa2gll6hf6okdatgrxiwhcjs2uepc7/spack-src/src/H5Dio.c line 813 in H5D__write(): can't write data
    major: Dataset
    minor: Write failed
  #002: /scratch/spack_cpu/job_21700923/spack-stage/spack-stage-hdf5-1.10.7-xexa2gll6hf6okdatgrxiwhcjs2uepc7/spack-src/src/H5Dcontig.c line 659 in H5D__contig_write(): contiguous write failed
    major: Dataset
    minor: Write failed
  #003: /scratch/spack_cpu/job_21700923/spack-stage/spack-stage-hdf5-1.10.7-xexa2gll6hf6okdatgrxiwhcjs2uepc7/spack-src/src/H5Dselect.c line 321 in H5D__select_write(): write error
    major: Dataspace
    minor: Write failed
  #004: /scratch/spack_cpu/job_21700923/spack-stage/spack-stage-hdf5-1.10.7-xexa2gll6hf6okdatgrxiwhcjs2uepc7/spack-src/src/H5Dselect.c line 230 in H5D__select_io(): write error
    major: Dataspace
    minor: Write failed
  #005: /scratch/spack_cpu/job_21700923/spack-stage/spack-stage-hdf5-1.10.7-xexa2gll6hf6okdatgrxiwhcjs2uepc7/spack-src/src/H5Dcontig.c line 1281 in H5D__contig_writevv(): can't perform vectorized sieve buffer write
    major: Dataset
    minor: Can't operate on object
  #006: /scratch/spack_cpu/job_21700923/spack-stage/spack-stage-hdf5-1.10.7-xexa2gll6hf6okdatgrxiwhcjs2uepc7/spack-src/src/H5VM.c line 1464 in H5VM_opvv(): can't perform operation
    major: Internal error (too specific to document in detail)
    minor: Can't operate on object
  #007: /scratch/spack_cpu/job_21700923/spack-stage/spack-stage-hdf5-1.10.7-xexa2gll6hf6okdatgrxiwhcjs2uepc7/spack-src/src/H5Dcontig.c line 1029 in H5D__contig_writevv_sieve_cb(): block write failed
    major: Dataset
    minor: Write failed
  #008: /scratch/spack_cpu/job_21700923/spack-stage/spack-stage-hdf5-1.10.7-xexa2gll6hf6okdatgrxiwhcjs2uepc7/spack-src/src/H5Fio.c line 161 in H5F_block_write(): write through page buffer failed
    major: Low-level I/O
    minor: Write failed
  #009: /scratch/spack_cpu/job_21700923/spack-stage/spack-stage-hdf5-1.10.7-xexa2gll6hf6okdatgrxiwhcjs2uepc7/spack-src/src/H5PB.c line 1032 in H5PB_write(): write through metadata accumulator failed
    major: Page Buffering
    minor: Write failed
  #010: /scratch/spack_cpu/job_21700923/spack-stage/spack-stage-hdf5-1.10.7-xexa2gll6hf6okdatgrxiwhcjs2uepc7/spack-src/src/H5Faccum.c line 824 in H5F__accum_write(): file write failed
    major: Low-level I/O
    minor: Write failed
  #011: /scratch/spack_cpu/job_21700923/spack-stage/spack-stage-hdf5-1.10.7-xexa2gll6hf6okdatgrxiwhcjs2uepc7/spack-src/src/H5FDint.c line 249 in H5FD_write(): driver write request failed
    major: Virtual File Layer
    minor: Write failed
  #012: /scratch/spack_cpu/job_21700923/spack-stage/spack-stage-hdf5-1.10.7-xexa2gll6hf6okdatgrxiwhcjs2uepc7/spack-src/src/H5FDsec2.c line 856 in H5FD__sec2_write(): file write failed: time = Wed Nov 19 08:21:00 2025
, filename = 'checkpoint.h5', file descriptor = 5, errno = 14, error message = 'Bad address', buf = 0x1555537c4000, total write size = 15969552, bytes this sub-write = 15969552, bytes actually written = 18446744073709551615, offset = 0
    major: Low-level I/O
    minor: Write failed
HDF5-DIAG: Error detected in HDF5 (1.10.7) thread 0:
  #000: /scratch/spack_cpu/job_21700923/spack-stage/spack-stage-hdf5-1.10.7-xexa2gll6hf6okdatgrxiwhcjs2uepc7/spack-src/src/H5Dio.c line 335 in H5Dwrite(): can't write data
    major: Dataset
    minor: Write failed
  #001: /scratch/spack_cpu/job_21700923/spack-stage/spack-stage-hdf5-1.10.7-xexa2gll6hf6okdatgrxiwhcjs2uepc7/spack-src/src/H5Dio.c line 813 in H5D__write(): can't write data
    major: Dataset
    minor: Write failed
  #002: /scratch/spack_cpu/job_21700923/spack-stage/spack-stage-hdf5-1.10.7-xexa2gll6hf6okdatgrxiwhcjs2uepc7/spack-src/src/H5Dcontig.c line 659 in H5D__contig_write(): contiguous write failed
    major: Dataset
    minor: Write failed
  #003: /scratch/spack_cpu/job_21700923/spack-stage/spack-stage-hdf5-1.10.7-xexa2gll6hf6okdatgrxiwhcjs2uepc7/spack-src/src/H5Dselect.c line 321 in H5D__select_write(): write error
    major: Dataspace
    minor: Write failed
  #004: /scratch/spack_cpu/job_21700923/spack-stage/spack-stage-hdf5-1.10.7-xexa2gll6hf6okdatgrxiwhcjs2uepc7/spack-src/src/H5Dselect.c line 230 in H5D__select_io(): write error
    major: Dataspace
    minor: Write failed
  #005: /scratch/spack_cpu/job_21700923/spack-stage/spack-stage-hdf5-1.10.7-xexa2gll6hf6okdatgrxiwhcjs2uepc7/spack-src/src/H5Dcontig.c line 1281 in H5D__contig_writevv(): can't perform vectorized sieve buffer write
    major: Dataset
    minor: Can't operate on object
  #006: /scratch/spack_cpu/job_21700923/spack-stage/spack-stage-hdf5-1.10.7-xexa2gll6hf6okdatgrxiwhcjs2uepc7/spack-src/src/H5VM.c line 1464 in H5VM_opvv(): can't perform operation
    major: Internal error (too specific to document in detail)
    minor: Can't operate on object
  #007: /scratch/spack_cpu/job_21700923/spack-stage/spack-stage-hdf5-1.10.7-xexa2gll6hf6okdatgrxiwhcjs2uepc7/spack-src/src/H5Dcontig.c line 1029 in H5D__contig_writevv_sieve_cb(): block write failed
    major: Dataset
    minor: Write failed
  #008: /scratch/spack_cpu/job_21700923/spack-stage/spack-stage-hdf5-1.10.7-xexa2gll6hf6okdatgrxiwhcjs2uepc7/spack-src/src/H5Fio.c line 161 in H5F_block_write(): write through page buffer failed
    major: Low-level I/O
    minor: Write failed
  #009: /scratch/spack_cpu/job_21700923/spack-stage/spack-stage-hdf5-1.10.7-xexa2gll6hf6okdatgrxiwhcjs2uepc7/spack-src/src/H5PB.c line 1032 in H5PB_write(): write through metadata accumulator failed
    major: Page Buffering
    minor: Write failed
  #010: /scratch/spack_cpu/job_21700923/spack-stage/spack-stage-hdf5-1.10.7-xexa2gll6hf6okdatgrxiwhcjs2uepc7/spack-src/src/H5Faccum.c line 824 in H5F__accum_write(): file write failed
    major: Low-level I/O
    minor: Write failed
  #011: /scratch/spack_cpu/job_21700923/spack-stage/spack-stage-hdf5-1.10.7-xexa2gll6hf6okdatgrxiwhcjs2uepc7/spack-src/src/H5FDint.c line 249 in H5FD_write(): driver write request failed
    major: Virtual File Layer
    minor: Write failed
  #012: /scratch/spack_cpu/job_21700923/spack-stage/spack-stage-hdf5-1.10.7-xexa2gll6hf6okdatgrxiwhcjs2uepc7/spack-src/src/H5FDsec2.c line 856 in H5FD__sec2_write(): file write failed: time = Wed Nov 19 08:21:08 2025
, filename = 'checkpoint.h5', file descriptor = 5, errno = 14, error message = 'Bad address', buf = 0x1555537c4000, total write size = 15969552, bytes this sub-write = 15969552, bytes actually written = 18446744073709551615, offset = 0
    major: Low-level I/O
    minor: Write failed
HDF5-DIAG: Error detected in HDF5 (1.10.7) thread 0:
  #000: /scratch/spack_cpu/job_21700923/spack-stage/spack-stage-hdf5-1.10.7-xexa2gll6hf6okdatgrxiwhcjs2uepc7/spack-src/src/H5Dio.c line 335 in H5Dwrite(): can't write data
    major: Dataset
    minor: Write failed
  #001: /scratch/spack_cpu/job_21700923/spack-stage/spack-stage-hdf5-1.10.7-xexa2gll6hf6okdatgrxiwhcjs2uepc7/spack-src/src/H5Dio.c line 813 in H5D__write(): can't write data
    major: Dataset
    minor: Write failed
  #002: /scratch/spack_cpu/job_21700923/spack-stage/spack-stage-hdf5-1.10.7-xexa2gll6hf6okdatgrxiwhcjs2uepc7/spack-src/src/H5Dcontig.c line 659 in H5D__contig_write(): contiguous write failed
    major: Dataset
    minor: Write failed
  #003: /scratch/spack_cpu/job_21700923/spack-stage/spack-stage-hdf5-1.10.7-xexa2gll6hf6okdatgrxiwhcjs2uepc7/spack-src/src/H5Dselect.c line 321 in H5D__select_write(): write error
    major: Dataspace
    minor: Write failed
  #004: /scratch/spack_cpu/job_21700923/spack-stage/spack-stage-hdf5-1.10.7-xexa2gll6hf6okdatgrxiwhcjs2uepc7/spack-src/src/H5Dselect.c line 230 in H5D__select_io(): write error
    major: Dataspace
    minor: Write failed
  #005: /scratch/spack_cpu/job_21700923/spack-stage/spack-stage-hdf5-1.10.7-xexa2gll6hf6okdatgrxiwhcjs2uepc7/spack-src/src/H5Dcontig.c line 1281 in H5D__contig_writevv(): can't perform vectorized sieve buffer write
    major: Dataset
    minor: Can't operate on object
  #006: /scratch/spack_cpu/job_21700923/spack-stage/spack-stage-hdf5-1.10.7-xexa2gll6hf6okdatgrxiwhcjs2uepc7/spack-src/src/H5VM.c line 1464 in H5VM_opvv(): can't perform operation
    major: Internal error (too specific to document in detail)
    minor: Can't operate on object
  #007: /scratch/spack_cpu/job_21700923/spack-stage/spack-stage-hdf5-1.10.7-xexa2gll6hf6okdatgrxiwhcjs2uepc7/spack-src/src/H5Dcontig.c line 1029 in H5D__contig_writevv_sieve_cb(): block write failed
    major: Dataset
    minor: Write failed
  #008: /scratch/spack_cpu/job_21700923/spack-stage/spack-stage-hdf5-1.10.7-xexa2gll6hf6okdatgrxiwhcjs2uepc7/spack-src/src/H5Fio.c line 161 in H5F_block_write(): write through page buffer failed
    major: Low-level I/O
    minor: Write failed
  #009: /scratch/spack_cpu/job_21700923/spack-stage/spack-stage-hdf5-1.10.7-xexa2gll6hf6okdatgrxiwhcjs2uepc7/spack-src/src/H5PB.c line 1032 in H5PB_write(): write through metadata accumulator failed
    major: Page Buffering
    minor: Write failed
  #010: /scratch/spack_cpu/job_21700923/spack-stage/spack-stage-hdf5-1.10.7-xexa2gll6hf6okdatgrxiwhcjs2uepc7/spack-src/src/H5Faccum.c line 824 in H5F__accum_write(): file write failed
    major: Low-level I/O
    minor: Write failed
  #011: /scratch/spack_cpu/job_21700923/spack-stage/spack-stage-hdf5-1.10.7-xexa2gll6hf6okdatgrxiwhcjs2uepc7/spack-src/src/H5FDint.c line 249 in H5FD_write(): driver write request failed
    major: Virtual File Layer
    minor: Write failed
  #012: /scratch/spack_cpu/job_21700923/spack-stage/spack-stage-hdf5-1.10.7-xexa2gll6hf6okdatgrxiwhcjs2uepc7/spack-src/src/H5FDsec2.c line 856 in H5FD__sec2_write(): file write failed: time = Wed Nov 19 08:21:16 2025
, filename = 'checkpoint.h5', file descriptor = 5, errno = 14, error message = 'Bad address', buf = 0x1555537c4000, total write size = 15969552, bytes this sub-write = 15969552, bytes actually written = 18446744073709551615, offset = 0
    major: Low-level I/O
    minor: Write failed
HDF5-DIAG: Error detected in HDF5 (1.10.7) thread 0:
  #000: /scratch/spack_cpu/job_21700923/spack-stage/spack-stage-hdf5-1.10.7-xexa2gll6hf6okdatgrxiwhcjs2uepc7/spack-src/src/H5Dio.c line 335 in H5Dwrite(): can't write data
    major: Dataset
    minor: Write failed
  #001: /scratch/spack_cpu/job_21700923/spack-stage/spack-stage-hdf5-1.10.7-xexa2gll6hf6okdatgrxiwhcjs2uepc7/spack-src/src/H5Dio.c line 813 in H5D__write(): can't write data
    major: Dataset
    minor: Write failed
  #002: /scratch/spack_cpu/job_21700923/spack-stage/spack-stage-hdf5-1.10.7-xexa2gll6hf6okdatgrxiwhcjs2uepc7/spack-src/src/H5Dcontig.c line 659 in H5D__contig_write(): contiguous write failed
    major: Dataset
    minor: Write failed
  #003: /scratch/spack_cpu/job_21700923/spack-stage/spack-stage-hdf5-1.10.7-xexa2gll6hf6okdatgrxiwhcjs2uepc7/spack-src/src/H5Dselect.c line 321 in H5D__select_write(): write error
    major: Dataspace
    minor: Write failed
  #004: /scratch/spack_cpu/job_21700923/spack-stage/spack-stage-hdf5-1.10.7-xexa2gll6hf6okdatgrxiwhcjs2uepc7/spack-src/src/H5Dselect.c line 230 in H5D__select_io(): write error
    major: Dataspace
    minor: Write failed
  #005: /scratch/spack_cpu/job_21700923/spack-stage/spack-stage-hdf5-1.10.7-xexa2gll6hf6okdatgrxiwhcjs2uepc7/spack-src/src/H5Dcontig.c line 1281 in H5D__contig_writevv(): can't perform vectorized sieve buffer write
    major: Dataset
    minor: Can't operate on object
  #006: /scratch/spack_cpu/job_21700923/spack-stage/spack-stage-hdf5-1.10.7-xexa2gll6hf6okdatgrxiwhcjs2uepc7/spack-src/src/H5VM.c line 1464 in H5VM_opvv(): can't perform operation
    major: Internal error (too specific to document in detail)
    minor: Can't operate on object
  #007: /scratch/spack_cpu/job_21700923/spack-stage/spack-stage-hdf5-1.10.7-xexa2gll6hf6okdatgrxiwhcjs2uepc7/spack-src/src/H5Dcontig.c line 1029 in H5D__contig_writevv_sieve_cb(): block write failed
    major: Dataset
    minor: Write failed
  #008: /scratch/spack_cpu/job_21700923/spack-stage/spack-stage-hdf5-1.10.7-xexa2gll6hf6okdatgrxiwhcjs2uepc7/spack-src/src/H5Fio.c line 161 in H5F_block_write(): write through page buffer failed
    major: Low-level I/O
    minor: Write failed
  #009: /scratch/spack_cpu/job_21700923/spack-stage/spack-stage-hdf5-1.10.7-xexa2gll6hf6okdatgrxiwhcjs2uepc7/spack-src/src/H5PB.c line 1032 in H5PB_write(): write through metadata accumulator failed
    major: Page Buffering
    minor: Write failed
  #010: /scratch/spack_cpu/job_21700923/spack-stage/spack-stage-hdf5-1.10.7-xexa2gll6hf6okdatgrxiwhcjs2uepc7/spack-src/src/H5Faccum.c line 824 in H5F__accum_write(): file write failed
    major: Low-level I/O
    minor: Write failed
  #011: /scratch/spack_cpu/job_21700923/spack-stage/spack-stage-hdf5-1.10.7-xexa2gll6hf6okdatgrxiwhcjs2uepc7/spack-src/src/H5FDint.c line 249 in H5FD_write(): driver write request failed
    major: Virtual File Layer
    minor: Write failed
  #012: /scratch/spack_cpu/job_21700923/spack-stage/spack-stage-hdf5-1.10.7-xexa2gll6hf6okdatgrxiwhcjs2uepc7/spack-src/src/H5FDsec2.c line 856 in H5FD__sec2_write(): file write failed: time = Wed Nov 19 08:21:22 2025
, filename = 'checkpoint.h5', file descriptor = 5, errno = 14, error message = 'Bad address', buf = 0x1555537c4000, total write size = 15969552, bytes this sub-write = 15969552, bytes actually written = 18446744073709551615, offset = 0
    major: Low-level I/O
    minor: Write failed
HDF5-DIAG: Error detected in HDF5 (1.10.7) thread 0:
  #000: /scratch/spack_cpu/job_21700923/spack-stage/spack-stage-hdf5-1.10.7-xexa2gll6hf6okdatgrxiwhcjs2uepc7/spack-src/src/H5Dio.c line 335 in H5Dwrite(): can't write data
    major: Dataset
    minor: Write failed
  #001: /scratch/spack_cpu/job_21700923/spack-stage/spack-stage-hdf5-1.10.7-xexa2gll6hf6okdatgrxiwhcjs2uepc7/spack-src/src/H5Dio.c line 813 in H5D__write(): can't write data
    major: Dataset
    minor: Write failed
  #002: /scratch/spack_cpu/job_21700923/spack-stage/spack-stage-hdf5-1.10.7-xexa2gll6hf6okdatgrxiwhcjs2uepc7/spack-src/src/H5Dcontig.c line 659 in H5D__contig_write(): contiguous write failed
    major: Dataset
    minor: Write failed
  #003: /scratch/spack_cpu/job_21700923/spack-stage/spack-stage-hdf5-1.10.7-xexa2gll6hf6okdatgrxiwhcjs2uepc7/spack-src/src/H5Dselect.c line 321 in H5D__select_write(): write error
    major: Dataspace
    minor: Write failed
  #004: /scratch/spack_cpu/job_21700923/spack-stage/spack-stage-hdf5-1.10.7-xexa2gll6hf6okdatgrxiwhcjs2uepc7/spack-src/src/H5Dselect.c line 230 in H5D__select_io(): write error
    major: Dataspace
    minor: Write failed
  #005: /scratch/spack_cpu/job_21700923/spack-stage/spack-stage-hdf5-1.10.7-xexa2gll6hf6okdatgrxiwhcjs2uepc7/spack-src/src/H5Dcontig.c line 1281 in H5D__contig_writevv(): can't perform vectorized sieve buffer write
    major: Dataset
    minor: Can't operate on object
  #006: /scratch/spack_cpu/job_21700923/spack-stage/spack-stage-hdf5-1.10.7-xexa2gll6hf6okdatgrxiwhcjs2uepc7/spack-src/src/H5VM.c line 1464 in H5VM_opvv(): can't perform operation
    major: Internal error (too specific to document in detail)
    minor: Can't operate on object
  #007: /scratch/spack_cpu/job_21700923/spack-stage/spack-stage-hdf5-1.10.7-xexa2gll6hf6okdatgrxiwhcjs2uepc7/spack-src/src/H5Dcontig.c line 1029 in H5D__contig_writevv_sieve_cb(): block write failed
    major: Dataset
    minor: Write failed
  #008: /scratch/spack_cpu/job_21700923/spack-stage/spack-stage-hdf5-1.10.7-xexa2gll6hf6okdatgrxiwhcjs2uepc7/spack-src/src/H5Fio.c line 161 in H5F_block_write(): write through page buffer failed
    major: Low-level I/O
    minor: Write failed
  #009: /scratch/spack_cpu/job_21700923/spack-stage/spack-stage-hdf5-1.10.7-xexa2gll6hf6okdatgrxiwhcjs2uepc7/spack-src/src/H5PB.c line 1032 in H5PB_write(): write through metadata accumulator failed
    major: Page Buffering
    minor: Write failed
  #010: /scratch/spack_cpu/job_21700923/spack-stage/spack-stage-hdf5-1.10.7-xexa2gll6hf6okdatgrxiwhcjs2uepc7/spack-src/src/H5Faccum.c line 824 in H5F__accum_write(): file write failed
    major: Low-level I/O
    minor: Write failed
  #011: /scratch/spack_cpu/job_21700923/spack-stage/spack-stage-hdf5-1.10.7-xexa2gll6hf6okdatgrxiwhcjs2uepc7/spack-src/src/H5FDint.c line 249 in H5FD_write(): driver write request failed
    major: Virtual File Layer
    minor: Write failed
  #012: /scratch/spack_cpu/job_21700923/spack-stage/spack-stage-hdf5-1.10.7-xexa2gll6hf6okdatgrxiwhcjs2uepc7/spack-src/src/H5FDsec2.c line 856 in H5FD__sec2_write(): file write failed: time = Wed Nov 19 08:21:29 2025
, filename = 'checkpoint.h5', file descriptor = 5, errno = 14, error message = 'Bad address', buf = 0x1555537c4000, total write size = 15969552, bytes this sub-write = 15969552, bytes actually written = 18446744073709551615, offset = 0
    major: Low-level I/O
    minor: Write failed
HDF5-DIAG: Error detected in HDF5 (1.10.7) thread 0:
  #000: /scratch/spack_cpu/job_21700923/spack-stage/spack-stage-hdf5-1.10.7-xexa2gll6hf6okdatgrxiwhcjs2uepc7/spack-src/src/H5Dio.c line 335 in H5Dwrite(): can't write data
    major: Dataset
    minor: Write failed
  #001: /scratch/spack_cpu/job_21700923/spack-stage/spack-stage-hdf5-1.10.7-xexa2gll6hf6okdatgrxiwhcjs2uepc7/spack-src/src/H5Dio.c line 813 in H5D__write(): can't write data
    major: Dataset
    minor: Write failed
  #002: /scratch/spack_cpu/job_21700923/spack-stage/spack-stage-hdf5-1.10.7-xexa2gll6hf6okdatgrxiwhcjs2uepc7/spack-src/src/H5Dcontig.c line 659 in H5D__contig_write(): contiguous write failed
    major: Dataset
    minor: Write failed
  #003: /scratch/spack_cpu/job_21700923/spack-stage/spack-stage-hdf5-1.10.7-xexa2gll6hf6okdatgrxiwhcjs2uepc7/spack-src/src/H5Dselect.c line 321 in H5D__select_write(): write error
    major: Dataspace
    minor: Write failed
  #004: /scratch/spack_cpu/job_21700923/spack-stage/spack-stage-hdf5-1.10.7-xexa2gll6hf6okdatgrxiwhcjs2uepc7/spack-src/src/H5Dselect.c line 230 in H5D__select_io(): write error
    major: Dataspace
    minor: Write failed
  #005: /scratch/spack_cpu/job_21700923/spack-stage/spack-stage-hdf5-1.10.7-xexa2gll6hf6okdatgrxiwhcjs2uepc7/spack-src/src/H5Dcontig.c line 1281 in H5D__contig_writevv(): can't perform vectorized sieve buffer write
    major: Dataset
    minor: Can't operate on object
  #006: /scratch/spack_cpu/job_21700923/spack-stage/spack-stage-hdf5-1.10.7-xexa2gll6hf6okdatgrxiwhcjs2uepc7/spack-src/src/H5VM.c line 1464 in H5VM_opvv(): can't perform operation
    major: Internal error (too specific to document in detail)
    minor: Can't operate on object
  #007: /scratch/spack_cpu/job_21700923/spack-stage/spack-stage-hdf5-1.10.7-xexa2gll6hf6okdatgrxiwhcjs2uepc7/spack-src/src/H5Dcontig.c line 1029 in H5D__contig_writevv_sieve_cb(): block write failed
    major: Dataset
    minor: Write failed
  #008: /scratch/spack_cpu/job_21700923/spack-stage/spack-stage-hdf5-1.10.7-xexa2gll6hf6okdatgrxiwhcjs2uepc7/spack-src/src/H5Fio.c line 161 in H5F_block_write(): write through page buffer failed
    major: Low-level I/O
    minor: Write failed
  #009: /scratch/spack_cpu/job_21700923/spack-stage/spack-stage-hdf5-1.10.7-xexa2gll6hf6okdatgrxiwhcjs2uepc7/spack-src/src/H5PB.c line 1032 in H5PB_write(): write through metadata accumulator failed
    major: Page Buffering
    minor: Write failed
  #010: /scratch/spack_cpu/job_21700923/spack-stage/spack-stage-hdf5-1.10.7-xexa2gll6hf6okdatgrxiwhcjs2uepc7/spack-src/src/H5Faccum.c line 824 in H5F__accum_write(): file write failed
    major: Low-level I/O
    minor: Write failed
  #011: /scratch/spack_cpu/job_21700923/spack-stage/spack-stage-hdf5-1.10.7-xexa2gll6hf6okdatgrxiwhcjs2uepc7/spack-src/src/H5FDint.c line 249 in H5FD_write(): driver write request failed
    major: Virtual File Layer
    minor: Write failed
  #012: /scratch/spack_cpu/job_21700923/spack-stage/spack-stage-hdf5-1.10.7-xexa2gll6hf6okdatgrxiwhcjs2uepc7/spack-src/src/H5FDsec2.c line 856 in H5FD__sec2_write(): file write failed: time = Wed Nov 19 08:21:37 2025
, filename = 'checkpoint.h5', file descriptor = 5, errno = 14, error message = 'Bad address', buf = 0x1555537c4000, total write size = 15969552, bytes this sub-write = 15969552, bytes actually written = 18446744073709551615, offset = 0
    major: Low-level I/O
    minor: Write failed
HDF5-DIAG: Error detected in HDF5 (1.10.7) thread 0:
  #000: /scratch/spack_cpu/job_21700923/spack-stage/spack-stage-hdf5-1.10.7-xexa2gll6hf6okdatgrxiwhcjs2uepc7/spack-src/src/H5Dio.c line 335 in H5Dwrite(): can't write data
    major: Dataset
    minor: Write failed
  #001: /scratch/spack_cpu/job_21700923/spack-stage/spack-stage-hdf5-1.10.7-xexa2gll6hf6okdatgrxiwhcjs2uepc7/spack-src/src/H5Dio.c line 813 in H5D__write(): can't write data
    major: Dataset
    minor: Write failed
  #002: /scratch/spack_cpu/job_21700923/spack-stage/spack-stage-hdf5-1.10.7-xexa2gll6hf6okdatgrxiwhcjs2uepc7/spack-src/src/H5Dcontig.c line 659 in H5D__contig_write(): contiguous write failed
    major: Dataset
    minor: Write failed
  #003: /scratch/spack_cpu/job_21700923/spack-stage/spack-stage-hdf5-1.10.7-xexa2gll6hf6okdatgrxiwhcjs2uepc7/spack-src/src/H5Dselect.c line 321 in H5D__select_write(): write error
    major: Dataspace
    minor: Write failed
  #004: /scratch/spack_cpu/job_21700923/spack-stage/spack-stage-hdf5-1.10.7-xexa2gll6hf6okdatgrxiwhcjs2uepc7/spack-src/src/H5Dselect.c line 230 in H5D__select_io(): write error
    major: Dataspace
    minor: Write failed
  #005: /scratch/spack_cpu/job_21700923/spack-stage/spack-stage-hdf5-1.10.7-xexa2gll6hf6okdatgrxiwhcjs2uepc7/spack-src/src/H5Dcontig.c line 1281 in H5D__contig_writevv(): can't perform vectorized sieve buffer write
    major: Dataset
    minor: Can't operate on object
  #006: /scratch/spack_cpu/job_21700923/spack-stage/spack-stage-hdf5-1.10.7-xexa2gll6hf6okdatgrxiwhcjs2uepc7/spack-src/src/H5VM.c line 1464 in H5VM_opvv(): can't perform operation
    major: Internal error (too specific to document in detail)
    minor: Can't operate on object
  #007: /scratch/spack_cpu/job_21700923/spack-stage/spack-stage-hdf5-1.10.7-xexa2gll6hf6okdatgrxiwhcjs2uepc7/spack-src/src/H5Dcontig.c line 1029 in H5D__contig_writevv_sieve_cb(): block write failed
    major: Dataset
    minor: Write failed
  #008: /scratch/spack_cpu/job_21700923/spack-stage/spack-stage-hdf5-1.10.7-xexa2gll6hf6okdatgrxiwhcjs2uepc7/spack-src/src/H5Fio.c line 161 in H5F_block_write(): write through page buffer failed
    major: Low-level I/O
    minor: Write failed
  #009: /scratch/spack_cpu/job_21700923/spack-stage/spack-stage-hdf5-1.10.7-xexa2gll6hf6okdatgrxiwhcjs2uepc7/spack-src/src/H5PB.c line 1032 in H5PB_write(): write through metadata accumulator failed
    major: Page Buffering
    minor: Write failed
  #010: /scratch/spack_cpu/job_21700923/spack-stage/spack-stage-hdf5-1.10.7-xexa2gll6hf6okdatgrxiwhcjs2uepc7/spack-src/src/H5Faccum.c line 824 in H5F__accum_write(): file write failed
    major: Low-level I/O
    minor: Write failed
  #011: /scratch/spack_cpu/job_21700923/spack-stage/spack-stage-hdf5-1.10.7-xexa2gll6hf6okdatgrxiwhcjs2uepc7/spack-src/src/H5FDint.c line 249 in H5FD_write(): driver write request failed
    major: Virtual File Layer
    minor: Write failed
  #012: /scratch/spack_cpu/job_21700923/spack-stage/spack-stage-hdf5-1.10.7-xexa2gll6hf6okdatgrxiwhcjs2uepc7/spack-src/src/H5FDsec2.c line 856 in H5FD__sec2_write(): file write failed: time = Wed Nov 19 08:21:44 2025
, filename = 'checkpoint.h5', file descriptor = 5, errno = 14, error message = 'Bad address', buf = 0x1555537c4000, total write size = 15969552, bytes this sub-write = 15969552, bytes actually written = 18446744073709551615, offset = 0
    major: Low-level I/O
    minor: Write failed
HDF5-DIAG: Error detected in HDF5 (1.10.7) thread 0:
  #000: /scratch/spack_cpu/job_21700923/spack-stage/spack-stage-hdf5-1.10.7-xexa2gll6hf6okdatgrxiwhcjs2uepc7/spack-src/src/H5Dio.c line 335 in H5Dwrite(): can't write data
    major: Dataset
    minor: Write failed
  #001: /scratch/spack_cpu/job_21700923/spack-stage/spack-stage-hdf5-1.10.7-xexa2gll6hf6okdatgrxiwhcjs2uepc7/spack-src/src/H5Dio.c line 813 in H5D__write(): can't write data
    major: Dataset
    minor: Write failed
  #002: /scratch/spack_cpu/job_21700923/spack-stage/spack-stage-hdf5-1.10.7-xexa2gll6hf6okdatgrxiwhcjs2uepc7/spack-src/src/H5Dcontig.c line 659 in H5D__contig_write(): contiguous write failed
    major: Dataset
    minor: Write failed
  #003: /scratch/spack_cpu/job_21700923/spack-stage/spack-stage-hdf5-1.10.7-xexa2gll6hf6okdatgrxiwhcjs2uepc7/spack-src/src/H5Dselect.c line 321 in H5D__select_write(): write error
    major: Dataspace
    minor: Write failed
  #004: /scratch/spack_cpu/job_21700923/spack-stage/spack-stage-hdf5-1.10.7-xexa2gll6hf6okdatgrxiwhcjs2uepc7/spack-src/src/H5Dselect.c line 230 in H5D__select_io(): write error
    major: Dataspace
    minor: Write failed
  #005: /scratch/spack_cpu/job_21700923/spack-stage/spack-stage-hdf5-1.10.7-xexa2gll6hf6okdatgrxiwhcjs2uepc7/spack-src/src/H5Dcontig.c line 1281 in H5D__contig_writevv(): can't perform vectorized sieve buffer write
    major: Dataset
    minor: Can't operate on object
  #006: /scratch/spack_cpu/job_21700923/spack-stage/spack-stage-hdf5-1.10.7-xexa2gll6hf6okdatgrxiwhcjs2uepc7/spack-src/src/H5VM.c line 1464 in H5VM_opvv(): can't perform operation
    major: Internal error (too specific to document in detail)
    minor: Can't operate on object
  #007: /scratch/spack_cpu/job_21700923/spack-stage/spack-stage-hdf5-1.10.7-xexa2gll6hf6okdatgrxiwhcjs2uepc7/spack-src/src/H5Dcontig.c line 1029 in H5D__contig_writevv_sieve_cb(): block write failed
    major: Dataset
    minor: Write failed
  #008: /scratch/spack_cpu/job_21700923/spack-stage/spack-stage-hdf5-1.10.7-xexa2gll6hf6okdatgrxiwhcjs2uepc7/spack-src/src/H5Fio.c line 161 in H5F_block_write(): write through page buffer failed
    major: Low-level I/O
    minor: Write failed
  #009: /scratch/spack_cpu/job_21700923/spack-stage/spack-stage-hdf5-1.10.7-xexa2gll6hf6okdatgrxiwhcjs2uepc7/spack-src/src/H5PB.c line 1032 in H5PB_write(): write through metadata accumulator failed
    major: Page Buffering
    minor: Write failed
  #010: /scratch/spack_cpu/job_21700923/spack-stage/spack-stage-hdf5-1.10.7-xexa2gll6hf6okdatgrxiwhcjs2uepc7/spack-src/src/H5Faccum.c line 824 in H5F__accum_write(): file write failed
    major: Low-level I/O
    minor: Write failed
  #011: /scratch/spack_cpu/job_21700923/spack-stage/spack-stage-hdf5-1.10.7-xexa2gll6hf6okdatgrxiwhcjs2uepc7/spack-src/src/H5FDint.c line 249 in H5FD_write(): driver write request failed
    major: Virtual File Layer
    minor: Write failed
  #012: /scratch/spack_cpu/job_21700923/spack-stage/spack-stage-hdf5-1.10.7-xexa2gll6hf6okdatgrxiwhcjs2uepc7/spack-src/src/H5FDsec2.c line 856 in H5FD__sec2_write(): file write failed: time = Wed Nov 19 08:21:52 2025
, filename = 'checkpoint.h5', file descriptor = 5, errno = 14, error message = 'Bad address', buf = 0x1555537c4000, total write size = 15969552, bytes this sub-write = 15969552, bytes actually written = 18446744073709551615, offset = 0
    major: Low-level I/O
    minor: Write failed
HDF5-DIAG: Error detected in HDF5 (1.10.7) thread 0:
  #000: /scratch/spack_cpu/job_21700923/spack-stage/spack-stage-hdf5-1.10.7-xexa2gll6hf6okdatgrxiwhcjs2uepc7/spack-src/src/H5Dio.c line 335 in H5Dwrite(): can't write data
    major: Dataset
    minor: Write failed
  #001: /scratch/spack_cpu/job_21700923/spack-stage/spack-stage-hdf5-1.10.7-xexa2gll6hf6okdatgrxiwhcjs2uepc7/spack-src/src/H5Dio.c line 813 in H5D__write(): can't write data
    major: Dataset
    minor: Write failed
  #002: /scratch/spack_cpu/job_21700923/spack-stage/spack-stage-hdf5-1.10.7-xexa2gll6hf6okdatgrxiwhcjs2uepc7/spack-src/src/H5Dcontig.c line 659 in H5D__contig_write(): contiguous write failed
    major: Dataset
    minor: Write failed
  #003: /scratch/spack_cpu/job_21700923/spack-stage/spack-stage-hdf5-1.10.7-xexa2gll6hf6okdatgrxiwhcjs2uepc7/spack-src/src/H5Dselect.c line 321 in H5D__select_write(): write error
    major: Dataspace
    minor: Write failed
  #004: /scratch/spack_cpu/job_21700923/spack-stage/spack-stage-hdf5-1.10.7-xexa2gll6hf6okdatgrxiwhcjs2uepc7/spack-src/src/H5Dselect.c line 230 in H5D__select_io(): write error
    major: Dataspace
    minor: Write failed
  #005: /scratch/spack_cpu/job_21700923/spack-stage/spack-stage-hdf5-1.10.7-xexa2gll6hf6okdatgrxiwhcjs2uepc7/spack-src/src/H5Dcontig.c line 1281 in H5D__contig_writevv(): can't perform vectorized sieve buffer write
    major: Dataset
    minor: Can't operate on object
  #006: /scratch/spack_cpu/job_21700923/spack-stage/spack-stage-hdf5-1.10.7-xexa2gll6hf6okdatgrxiwhcjs2uepc7/spack-src/src/H5VM.c line 1464 in H5VM_opvv(): can't perform operation
    major: Internal error (too specific to document in detail)
    minor: Can't operate on object
  #007: /scratch/spack_cpu/job_21700923/spack-stage/spack-stage-hdf5-1.10.7-xexa2gll6hf6okdatgrxiwhcjs2uepc7/spack-src/src/H5Dcontig.c line 1029 in H5D__contig_writevv_sieve_cb(): block write failed
    major: Dataset
    minor: Write failed
  #008: /scratch/spack_cpu/job_21700923/spack-stage/spack-stage-hdf5-1.10.7-xexa2gll6hf6okdatgrxiwhcjs2uepc7/spack-src/src/H5Fio.c line 161 in H5F_block_write(): write through page buffer failed
    major: Low-level I/O
    minor: Write failed
  #009: /scratch/spack_cpu/job_21700923/spack-stage/spack-stage-hdf5-1.10.7-xexa2gll6hf6okdatgrxiwhcjs2uepc7/spack-src/src/H5PB.c line 1032 in H5PB_write(): write through metadata accumulator failed
    major: Page Buffering
    minor: Write failed
  #010: /scratch/spack_cpu/job_21700923/spack-stage/spack-stage-hdf5-1.10.7-xexa2gll6hf6okdatgrxiwhcjs2uepc7/spack-src/src/H5Faccum.c line 824 in H5F__accum_write(): file write failed
    major: Low-level I/O
    minor: Write failed
  #011: /scratch/spack_cpu/job_21700923/spack-stage/spack-stage-hdf5-1.10.7-xexa2gll6hf6okdatgrxiwhcjs2uepc7/spack-src/src/H5FDint.c line 249 in H5FD_write(): driver write request failed
    major: Virtual File Layer
    minor: Write failed
  #012: /scratch/spack_cpu/job_21700923/spack-stage/spack-stage-hdf5-1.10.7-xexa2gll6hf6okdatgrxiwhcjs2uepc7/spack-src/src/H5FDsec2.c line 856 in H5FD__sec2_write(): file write failed: time = Wed Nov 19 08:22:00 2025
, filename = 'checkpoint.h5', file descriptor = 5, errno = 14, error message = 'Bad address', buf = 0x1555537c4000, total write size = 15969552, bytes this sub-write = 15969552, bytes actually written = 18446744073709551615, offset = 0
    major: Low-level I/O
    minor: Write failed
HDF5-DIAG: Error detected in HDF5 (1.10.7) thread 0:
  #000: /scratch/spack_cpu/job_21700923/spack-stage/spack-stage-hdf5-1.10.7-xexa2gll6hf6okdatgrxiwhcjs2uepc7/spack-src/src/H5Dio.c line 335 in H5Dwrite(): can't write data
    major: Dataset
    minor: Write failed
  #001: /scratch/spack_cpu/job_21700923/spack-stage/spack-stage-hdf5-1.10.7-xexa2gll6hf6okdatgrxiwhcjs2uepc7/spack-src/src/H5Dio.c line 813 in H5D__write(): can't write data
    major: Dataset
    minor: Write failed
  #002: /scratch/spack_cpu/job_21700923/spack-stage/spack-stage-hdf5-1.10.7-xexa2gll6hf6okdatgrxiwhcjs2uepc7/spack-src/src/H5Dcontig.c line 659 in H5D__contig_write(): contiguous write failed
    major: Dataset
    minor: Write failed
  #003: /scratch/spack_cpu/job_21700923/spack-stage/spack-stage-hdf5-1.10.7-xexa2gll6hf6okdatgrxiwhcjs2uepc7/spack-src/src/H5Dselect.c line 321 in H5D__select_write(): write error
    major: Dataspace
    minor: Write failed
  #004: /scratch/spack_cpu/job_21700923/spack-stage/spack-stage-hdf5-1.10.7-xexa2gll6hf6okdatgrxiwhcjs2uepc7/spack-src/src/H5Dselect.c line 230 in H5D__select_io(): write error
    major: Dataspace
    minor: Write failed
  #005: /scratch/spack_cpu/job_21700923/spack-stage/spack-stage-hdf5-1.10.7-xexa2gll6hf6okdatgrxiwhcjs2uepc7/spack-src/src/H5Dcontig.c line 1281 in H5D__contig_writevv(): can't perform vectorized sieve buffer write
    major: Dataset
    minor: Can't operate on object
  #006: /scratch/spack_cpu/job_21700923/spack-stage/spack-stage-hdf5-1.10.7-xexa2gll6hf6okdatgrxiwhcjs2uepc7/spack-src/src/H5VM.c line 1464 in H5VM_opvv(): can't perform operation
    major: Internal error (too specific to document in detail)
    minor: Can't operate on object
  #007: /scratch/spack_cpu/job_21700923/spack-stage/spack-stage-hdf5-1.10.7-xexa2gll6hf6okdatgrxiwhcjs2uepc7/spack-src/src/H5Dcontig.c line 1029 in H5D__contig_writevv_sieve_cb(): block write failed
    major: Dataset
    minor: Write failed
  #008: /scratch/spack_cpu/job_21700923/spack-stage/spack-stage-hdf5-1.10.7-xexa2gll6hf6okdatgrxiwhcjs2uepc7/spack-src/src/H5Fio.c line 161 in H5F_block_write(): write through page buffer failed
    major: Low-level I/O
    minor: Write failed
  #009: /scratch/spack_cpu/job_21700923/spack-stage/spack-stage-hdf5-1.10.7-xexa2gll6hf6okdatgrxiwhcjs2uepc7/spack-src/src/H5PB.c line 1032 in H5PB_write(): write through metadata accumulator failed
    major: Page Buffering
    minor: Write failed
  #010: /scratch/spack_cpu/job_21700923/spack-stage/spack-stage-hdf5-1.10.7-xexa2gll6hf6okdatgrxiwhcjs2uepc7/spack-src/src/H5Faccum.c line 824 in H5F__accum_write(): file write failed
    major: Low-level I/O
    minor: Write failed
  #011: /scratch/spack_cpu/job_21700923/spack-stage/spack-stage-hdf5-1.10.7-xexa2gll6hf6okdatgrxiwhcjs2uepc7/spack-src/src/H5FDint.c line 249 in H5FD_write(): driver write request failed
    major: Virtual File Layer
    minor: Write failed
  #012: /scratch/spack_cpu/job_21700923/spack-stage/spack-stage-hdf5-1.10.7-xexa2gll6hf6okdatgrxiwhcjs2uepc7/spack-src/src/H5FDsec2.c line 856 in H5FD__sec2_write(): file write failed: time = Wed Nov 19 08:22:07 2025
, filename = 'checkpoint.h5', file descriptor = 5, errno = 14, error message = 'Bad address', buf = 0x1555537c4000, total write size = 15969552, bytes this sub-write = 15969552, bytes actually written = 18446744073709551615, offset = 0
    major: Low-level I/O
    minor: Write failed
HDF5-DIAG: Error detected in HDF5 (1.10.7) thread 0:
  #000: /scratch/spack_cpu/job_21700923/spack-stage/spack-stage-hdf5-1.10.7-xexa2gll6hf6okdatgrxiwhcjs2uepc7/spack-src/src/H5Dio.c line 335 in H5Dwrite(): can't write data
    major: Dataset
    minor: Write failed
  #001: /scratch/spack_cpu/job_21700923/spack-stage/spack-stage-hdf5-1.10.7-xexa2gll6hf6okdatgrxiwhcjs2uepc7/spack-src/src/H5Dio.c line 813 in H5D__write(): can't write data
    major: Dataset
    minor: Write failed
  #002: /scratch/spack_cpu/job_21700923/spack-stage/spack-stage-hdf5-1.10.7-xexa2gll6hf6okdatgrxiwhcjs2uepc7/spack-src/src/H5Dcontig.c line 659 in H5D__contig_write(): contiguous write failed
    major: Dataset
    minor: Write failed
  #003: /scratch/spack_cpu/job_21700923/spack-stage/spack-stage-hdf5-1.10.7-xexa2gll6hf6okdatgrxiwhcjs2uepc7/spack-src/src/H5Dselect.c line 321 in H5D__select_write(): write error
    major: Dataspace
    minor: Write failed
  #004: /scratch/spack_cpu/job_21700923/spack-stage/spack-stage-hdf5-1.10.7-xexa2gll6hf6okdatgrxiwhcjs2uepc7/spack-src/src/H5Dselect.c line 230 in H5D__select_io(): write error
    major: Dataspace
    minor: Write failed
  #005: /scratch/spack_cpu/job_21700923/spack-stage/spack-stage-hdf5-1.10.7-xexa2gll6hf6okdatgrxiwhcjs2uepc7/spack-src/src/H5Dcontig.c line 1281 in H5D__contig_writevv(): can't perform vectorized sieve buffer write
    major: Dataset
    minor: Can't operate on object
  #006: /scratch/spack_cpu/job_21700923/spack-stage/spack-stage-hdf5-1.10.7-xexa2gll6hf6okdatgrxiwhcjs2uepc7/spack-src/src/H5VM.c line 1464 in H5VM_opvv(): can't perform operation
    major: Internal error (too specific to document in detail)
    minor: Can't operate on object
  #007: /scratch/spack_cpu/job_21700923/spack-stage/spack-stage-hdf5-1.10.7-xexa2gll6hf6okdatgrxiwhcjs2uepc7/spack-src/src/H5Dcontig.c line 1029 in H5D__contig_writevv_sieve_cb(): block write failed
    major: Dataset
    minor: Write failed
  #008: /scratch/spack_cpu/job_21700923/spack-stage/spack-stage-hdf5-1.10.7-xexa2gll6hf6okdatgrxiwhcjs2uepc7/spack-src/src/H5Fio.c line 161 in H5F_block_write(): write through page buffer failed
    major: Low-level I/O
    minor: Write failed
  #009: /scratch/spack_cpu/job_21700923/spack-stage/spack-stage-hdf5-1.10.7-xexa2gll6hf6okdatgrxiwhcjs2uepc7/spack-src/src/H5PB.c line 1032 in H5PB_write(): write through metadata accumulator failed
    major: Page Buffering
    minor: Write failed
  #010: /scratch/spack_cpu/job_21700923/spack-stage/spack-stage-hdf5-1.10.7-xexa2gll6hf6okdatgrxiwhcjs2uepc7/spack-src/src/H5Faccum.c line 824 in H5F__accum_write(): file write failed
    major: Low-level I/O
    minor: Write failed
  #011: /scratch/spack_cpu/job_21700923/spack-stage/spack-stage-hdf5-1.10.7-xexa2gll6hf6okdatgrxiwhcjs2uepc7/spack-src/src/H5FDint.c line 249 in H5FD_write(): driver write request failed
    major: Virtual File Layer
    minor: Write failed
  #012: /scratch/spack_cpu/job_21700923/spack-stage/spack-stage-hdf5-1.10.7-xexa2gll6hf6okdatgrxiwhcjs2uepc7/spack-src/src/H5FDsec2.c line 856 in H5FD__sec2_write(): file write failed: time = Wed Nov 19 08:22:14 2025
, filename = 'checkpoint.h5', file descriptor = 5, errno = 14, error message = 'Bad address', buf = 0x1555537c4000, total write size = 15969552, bytes this sub-write = 15969552, bytes actually written = 18446744073709551615, offset = 0
    major: Low-level I/O
    minor: Write failed
HDF5-DIAG: Error detected in HDF5 (1.10.7) thread 0:
  #000: /scratch/spack_cpu/job_21700923/spack-stage/spack-stage-hdf5-1.10.7-xexa2gll6hf6okdatgrxiwhcjs2uepc7/spack-src/src/H5Dio.c line 335 in H5Dwrite(): can't write data
    major: Dataset
    minor: Write failed
  #001: /scratch/spack_cpu/job_21700923/spack-stage/spack-stage-hdf5-1.10.7-xexa2gll6hf6okdatgrxiwhcjs2uepc7/spack-src/src/H5Dio.c line 813 in H5D__write(): can't write data
    major: Dataset
    minor: Write failed
  #002: /scratch/spack_cpu/job_21700923/spack-stage/spack-stage-hdf5-1.10.7-xexa2gll6hf6okdatgrxiwhcjs2uepc7/spack-src/src/H5Dcontig.c line 659 in H5D__contig_write(): contiguous write failed
    major: Dataset
    minor: Write failed
  #003: /scratch/spack_cpu/job_21700923/spack-stage/spack-stage-hdf5-1.10.7-xexa2gll6hf6okdatgrxiwhcjs2uepc7/spack-src/src/H5Dselect.c line 321 in H5D__select_write(): write error
    major: Dataspace
    minor: Write failed
  #004: /scratch/spack_cpu/job_21700923/spack-stage/spack-stage-hdf5-1.10.7-xexa2gll6hf6okdatgrxiwhcjs2uepc7/spack-src/src/H5Dselect.c line 230 in H5D__select_io(): write error
    major: Dataspace
    minor: Write failed
  #005: /scratch/spack_cpu/job_21700923/spack-stage/spack-stage-hdf5-1.10.7-xexa2gll6hf6okdatgrxiwhcjs2uepc7/spack-src/src/H5Dcontig.c line 1281 in H5D__contig_writevv(): can't perform vectorized sieve buffer write
    major: Dataset
    minor: Can't operate on object
  #006: /scratch/spack_cpu/job_21700923/spack-stage/spack-stage-hdf5-1.10.7-xexa2gll6hf6okdatgrxiwhcjs2uepc7/spack-src/src/H5VM.c line 1464 in H5VM_opvv(): can't perform operation
    major: Internal error (too specific to document in detail)
    minor: Can't operate on object
  #007: /scratch/spack_cpu/job_21700923/spack-stage/spack-stage-hdf5-1.10.7-xexa2gll6hf6okdatgrxiwhcjs2uepc7/spack-src/src/H5Dcontig.c line 1029 in H5D__contig_writevv_sieve_cb(): block write failed
    major: Dataset
    minor: Write failed
  #008: /scratch/spack_cpu/job_21700923/spack-stage/spack-stage-hdf5-1.10.7-xexa2gll6hf6okdatgrxiwhcjs2uepc7/spack-src/src/H5Fio.c line 161 in H5F_block_write(): write through page buffer failed
    major: Low-level I/O
    minor: Write failed
  #009: /scratch/spack_cpu/job_21700923/spack-stage/spack-stage-hdf5-1.10.7-xexa2gll6hf6okdatgrxiwhcjs2uepc7/spack-src/src/H5PB.c line 1032 in H5PB_write(): write through metadata accumulator failed
    major: Page Buffering
    minor: Write failed
  #010: /scratch/spack_cpu/job_21700923/spack-stage/spack-stage-hdf5-1.10.7-xexa2gll6hf6okdatgrxiwhcjs2uepc7/spack-src/src/H5Faccum.c line 824 in H5F__accum_write(): file write failed
    major: Low-level I/O
    minor: Write failed
  #011: /scratch/spack_cpu/job_21700923/spack-stage/spack-stage-hdf5-1.10.7-xexa2gll6hf6okdatgrxiwhcjs2uepc7/spack-src/src/H5FDint.c line 249 in H5FD_write(): driver write request failed
    major: Virtual File Layer
    minor: Write failed
  #012: /scratch/spack_cpu/job_21700923/spack-stage/spack-stage-hdf5-1.10.7-xexa2gll6hf6okdatgrxiwhcjs2uepc7/spack-src/src/H5FDsec2.c line 856 in H5FD__sec2_write(): file write failed: time = Wed Nov 19 08:22:22 2025
, filename = 'checkpoint.h5', file descriptor = 5, errno = 14, error message = 'Bad address', buf = 0x1555537c4000, total write size = 15969552, bytes this sub-write = 15969552, bytes actually written = 18446744073709551615, offset = 0
    major: Low-level I/O
    minor: Write failed
HDF5-DIAG: Error detected in HDF5 (1.10.7) thread 0:
  #000: /scratch/spack_cpu/job_21700923/spack-stage/spack-stage-hdf5-1.10.7-xexa2gll6hf6okdatgrxiwhcjs2uepc7/spack-src/src/H5Dio.c line 335 in H5Dwrite(): can't write data
    major: Dataset
    minor: Write failed
  #001: /scratch/spack_cpu/job_21700923/spack-stage/spack-stage-hdf5-1.10.7-xexa2gll6hf6okdatgrxiwhcjs2uepc7/spack-src/src/H5Dio.c line 813 in H5D__write(): can't write data
    major: Dataset
    minor: Write failed
  #002: /scratch/spack_cpu/job_21700923/spack-stage/spack-stage-hdf5-1.10.7-xexa2gll6hf6okdatgrxiwhcjs2uepc7/spack-src/src/H5Dcontig.c line 659 in H5D__contig_write(): contiguous write failed
    major: Dataset
    minor: Write failed
  #003: /scratch/spack_cpu/job_21700923/spack-stage/spack-stage-hdf5-1.10.7-xexa2gll6hf6okdatgrxiwhcjs2uepc7/spack-src/src/H5Dselect.c line 321 in H5D__select_write(): write error
    major: Dataspace
    minor: Write failed
  #004: /scratch/spack_cpu/job_21700923/spack-stage/spack-stage-hdf5-1.10.7-xexa2gll6hf6okdatgrxiwhcjs2uepc7/spack-src/src/H5Dselect.c line 230 in H5D__select_io(): write error
    major: Dataspace
    minor: Write failed
  #005: /scratch/spack_cpu/job_21700923/spack-stage/spack-stage-hdf5-1.10.7-xexa2gll6hf6okdatgrxiwhcjs2uepc7/spack-src/src/H5Dcontig.c line 1281 in H5D__contig_writevv(): can't perform vectorized sieve buffer write
    major: Dataset
    minor: Can't operate on object
  #006: /scratch/spack_cpu/job_21700923/spack-stage/spack-stage-hdf5-1.10.7-xexa2gll6hf6okdatgrxiwhcjs2uepc7/spack-src/src/H5VM.c line 1464 in H5VM_opvv(): can't perform operation
    major: Internal error (too specific to document in detail)
    minor: Can't operate on object
  #007: /scratch/spack_cpu/job_21700923/spack-stage/spack-stage-hdf5-1.10.7-xexa2gll6hf6okdatgrxiwhcjs2uepc7/spack-src/src/H5Dcontig.c line 1029 in H5D__contig_writevv_sieve_cb(): block write failed
    major: Dataset
    minor: Write failed
  #008: /scratch/spack_cpu/job_21700923/spack-stage/spack-stage-hdf5-1.10.7-xexa2gll6hf6okdatgrxiwhcjs2uepc7/spack-src/src/H5Fio.c line 161 in H5F_block_write(): write through page buffer failed
    major: Low-level I/O
    minor: Write failed
  #009: /scratch/spack_cpu/job_21700923/spack-stage/spack-stage-hdf5-1.10.7-xexa2gll6hf6okdatgrxiwhcjs2uepc7/spack-src/src/H5PB.c line 1032 in H5PB_write(): write through metadata accumulator failed
    major: Page Buffering
    minor: Write failed
  #010: /scratch/spack_cpu/job_21700923/spack-stage/spack-stage-hdf5-1.10.7-xexa2gll6hf6okdatgrxiwhcjs2uepc7/spack-src/src/H5Faccum.c line 824 in H5F__accum_write(): file write failed
    major: Low-level I/O
    minor: Write failed
  #011: /scratch/spack_cpu/job_21700923/spack-stage/spack-stage-hdf5-1.10.7-xexa2gll6hf6okdatgrxiwhcjs2uepc7/spack-src/src/H5FDint.c line 249 in H5FD_write(): driver write request failed
    major: Virtual File Layer
    minor: Write failed
  #012: /scratch/spack_cpu/job_21700923/spack-stage/spack-stage-hdf5-1.10.7-xexa2gll6hf6okdatgrxiwhcjs2uepc7/spack-src/src/H5FDsec2.c line 856 in H5FD__sec2_write(): file write failed: time = Wed Nov 19 08:22:29 2025
, filename = 'checkpoint.h5', file descriptor = 5, errno = 14, error message = 'Bad address', buf = 0x1555537c4000, total write size = 15969552, bytes this sub-write = 15969552, bytes actually written = 18446744073709551615, offset = 0
    major: Low-level I/O
    minor: Write failed
HDF5-DIAG: Error detected in HDF5 (1.10.7) thread 0:
  #000: /scratch/spack_cpu/job_21700923/spack-stage/spack-stage-hdf5-1.10.7-xexa2gll6hf6okdatgrxiwhcjs2uepc7/spack-src/src/H5Dio.c line 335 in H5Dwrite(): can't write data
    major: Dataset
    minor: Write failed
  #001: /scratch/spack_cpu/job_21700923/spack-stage/spack-stage-hdf5-1.10.7-xexa2gll6hf6okdatgrxiwhcjs2uepc7/spack-src/src/H5Dio.c line 813 in H5D__write(): can't write data
    major: Dataset
    minor: Write failed
  #002: /scratch/spack_cpu/job_21700923/spack-stage/spack-stage-hdf5-1.10.7-xexa2gll6hf6okdatgrxiwhcjs2uepc7/spack-src/src/H5Dcontig.c line 659 in H5D__contig_write(): contiguous write failed
    major: Dataset
    minor: Write failed
  #003: /scratch/spack_cpu/job_21700923/spack-stage/spack-stage-hdf5-1.10.7-xexa2gll6hf6okdatgrxiwhcjs2uepc7/spack-src/src/H5Dselect.c line 321 in H5D__select_write(): write error
    major: Dataspace
    minor: Write failed
  #004: /scratch/spack_cpu/job_21700923/spack-stage/spack-stage-hdf5-1.10.7-xexa2gll6hf6okdatgrxiwhcjs2uepc7/spack-src/src/H5Dselect.c line 230 in H5D__select_io(): write error
    major: Dataspace
    minor: Write failed
  #005: /scratch/spack_cpu/job_21700923/spack-stage/spack-stage-hdf5-1.10.7-xexa2gll6hf6okdatgrxiwhcjs2uepc7/spack-src/src/H5Dcontig.c line 1281 in H5D__contig_writevv(): can't perform vectorized sieve buffer write
    major: Dataset
    minor: Can't operate on object
  #006: /scratch/spack_cpu/job_21700923/spack-stage/spack-stage-hdf5-1.10.7-xexa2gll6hf6okdatgrxiwhcjs2uepc7/spack-src/src/H5VM.c line 1464 in H5VM_opvv(): can't perform operation
    major: Internal error (too specific to document in detail)
    minor: Can't operate on object
  #007: /scratch/spack_cpu/job_21700923/spack-stage/spack-stage-hdf5-1.10.7-xexa2gll6hf6okdatgrxiwhcjs2uepc7/spack-src/src/H5Dcontig.c line 1029 in H5D__contig_writevv_sieve_cb(): block write failed
    major: Dataset
    minor: Write failed
  #008: /scratch/spack_cpu/job_21700923/spack-stage/spack-stage-hdf5-1.10.7-xexa2gll6hf6okdatgrxiwhcjs2uepc7/spack-src/src/H5Fio.c line 161 in H5F_block_write(): write through page buffer failed
    major: Low-level I/O
    minor: Write failed
  #009: /scratch/spack_cpu/job_21700923/spack-stage/spack-stage-hdf5-1.10.7-xexa2gll6hf6okdatgrxiwhcjs2uepc7/spack-src/src/H5PB.c line 1032 in H5PB_write(): write through metadata accumulator failed
    major: Page Buffering
    minor: Write failed
  #010: /scratch/spack_cpu/job_21700923/spack-stage/spack-stage-hdf5-1.10.7-xexa2gll6hf6okdatgrxiwhcjs2uepc7/spack-src/src/H5Faccum.c line 824 in H5F__accum_write(): file write failed
    major: Low-level I/O
    minor: Write failed
  #011: /scratch/spack_cpu/job_21700923/spack-stage/spack-stage-hdf5-1.10.7-xexa2gll6hf6okdatgrxiwhcjs2uepc7/spack-src/src/H5FDint.c line 249 in H5FD_write(): driver write request failed
    major: Virtual File Layer
    minor: Write failed
  #012: /scratch/spack_cpu/job_21700923/spack-stage/spack-stage-hdf5-1.10.7-xexa2gll6hf6okdatgrxiwhcjs2uepc7/spack-src/src/H5FDsec2.c line 856 in H5FD__sec2_write(): file write failed: time = Wed Nov 19 08:22:36 2025
, filename = 'checkpoint.h5', file descriptor = 5, errno = 14, error message = 'Bad address', buf = 0x1555537c4000, total write size = 15969552, bytes this sub-write = 15969552, bytes actually written = 18446744073709551615, offset = 0
    major: Low-level I/O
    minor: Write failed
HDF5-DIAG: Error detected in HDF5 (1.10.7) thread 0:
  #000: /scratch/spack_cpu/job_21700923/spack-stage/spack-stage-hdf5-1.10.7-xexa2gll6hf6okdatgrxiwhcjs2uepc7/spack-src/src/H5Dio.c line 335 in H5Dwrite(): can't write data
    major: Dataset
    minor: Write failed
  #001: /scratch/spack_cpu/job_21700923/spack-stage/spack-stage-hdf5-1.10.7-xexa2gll6hf6okdatgrxiwhcjs2uepc7/spack-src/src/H5Dio.c line 813 in H5D__write(): can't write data
    major: Dataset
    minor: Write failed
  #002: /scratch/spack_cpu/job_21700923/spack-stage/spack-stage-hdf5-1.10.7-xexa2gll6hf6okdatgrxiwhcjs2uepc7/spack-src/src/H5Dcontig.c line 659 in H5D__contig_write(): contiguous write failed
    major: Dataset
    minor: Write failed
  #003: /scratch/spack_cpu/job_21700923/spack-stage/spack-stage-hdf5-1.10.7-xexa2gll6hf6okdatgrxiwhcjs2uepc7/spack-src/src/H5Dselect.c line 321 in H5D__select_write(): write error
    major: Dataspace
    minor: Write failed
  #004: /scratch/spack_cpu/job_21700923/spack-stage/spack-stage-hdf5-1.10.7-xexa2gll6hf6okdatgrxiwhcjs2uepc7/spack-src/src/H5Dselect.c line 230 in H5D__select_io(): write error
    major: Dataspace
    minor: Write failed
  #005: /scratch/spack_cpu/job_21700923/spack-stage/spack-stage-hdf5-1.10.7-xexa2gll6hf6okdatgrxiwhcjs2uepc7/spack-src/src/H5Dcontig.c line 1281 in H5D__contig_writevv(): can't perform vectorized sieve buffer write
    major: Dataset
    minor: Can't operate on object
  #006: /scratch/spack_cpu/job_21700923/spack-stage/spack-stage-hdf5-1.10.7-xexa2gll6hf6okdatgrxiwhcjs2uepc7/spack-src/src/H5VM.c line 1464 in H5VM_opvv(): can't perform operation
    major: Internal error (too specific to document in detail)
    minor: Can't operate on object
  #007: /scratch/spack_cpu/job_21700923/spack-stage/spack-stage-hdf5-1.10.7-xexa2gll6hf6okdatgrxiwhcjs2uepc7/spack-src/src/H5Dcontig.c line 1029 in H5D__contig_writevv_sieve_cb(): block write failed
    major: Dataset
    minor: Write failed
  #008: /scratch/spack_cpu/job_21700923/spack-stage/spack-stage-hdf5-1.10.7-xexa2gll6hf6okdatgrxiwhcjs2uepc7/spack-src/src/H5Fio.c line 161 in H5F_block_write(): write through page buffer failed
    major: Low-level I/O
    minor: Write failed
  #009: /scratch/spack_cpu/job_21700923/spack-stage/spack-stage-hdf5-1.10.7-xexa2gll6hf6okdatgrxiwhcjs2uepc7/spack-src/src/H5PB.c line 1032 in H5PB_write(): write through metadata accumulator failed
    major: Page Buffering
    minor: Write failed
  #010: /scratch/spack_cpu/job_21700923/spack-stage/spack-stage-hdf5-1.10.7-xexa2gll6hf6okdatgrxiwhcjs2uepc7/spack-src/src/H5Faccum.c line 824 in H5F__accum_write(): file write failed
    major: Low-level I/O
    minor: Write failed
  #011: /scratch/spack_cpu/job_21700923/spack-stage/spack-stage-hdf5-1.10.7-xexa2gll6hf6okdatgrxiwhcjs2uepc7/spack-src/src/H5FDint.c line 249 in H5FD_write(): driver write request failed
    major: Virtual File Layer
    minor: Write failed
  #012: /scratch/spack_cpu/job_21700923/spack-stage/spack-stage-hdf5-1.10.7-xexa2gll6hf6okdatgrxiwhcjs2uepc7/spack-src/src/H5FDsec2.c line 856 in H5FD__sec2_write(): file write failed: time = Wed Nov 19 08:22:43 2025
, filename = 'checkpoint.h5', file descriptor = 5, errno = 14, error message = 'Bad address', buf = 0x1555537c4000, total write size = 15969552, bytes this sub-write = 15969552, bytes actually written = 18446744073709551615, offset = 0
    major: Low-level I/O
    minor: Write failed
HDF5-DIAG: Error detected in HDF5 (1.10.7) thread 0:
  #000: /scratch/spack_cpu/job_21700923/spack-stage/spack-stage-hdf5-1.10.7-xexa2gll6hf6okdatgrxiwhcjs2uepc7/spack-src/src/H5Dio.c line 335 in H5Dwrite(): can't write data
    major: Dataset
    minor: Write failed
  #001: /scratch/spack_cpu/job_21700923/spack-stage/spack-stage-hdf5-1.10.7-xexa2gll6hf6okdatgrxiwhcjs2uepc7/spack-src/src/H5Dio.c line 813 in H5D__write(): can't write data
    major: Dataset
    minor: Write failed
  #002: /scratch/spack_cpu/job_21700923/spack-stage/spack-stage-hdf5-1.10.7-xexa2gll6hf6okdatgrxiwhcjs2uepc7/spack-src/src/H5Dcontig.c line 659 in H5D__contig_write(): contiguous write failed
    major: Dataset
    minor: Write failed
  #003: /scratch/spack_cpu/job_21700923/spack-stage/spack-stage-hdf5-1.10.7-xexa2gll6hf6okdatgrxiwhcjs2uepc7/spack-src/src/H5Dselect.c line 321 in H5D__select_write(): write error
    major: Dataspace
    minor: Write failed
  #004: /scratch/spack_cpu/job_21700923/spack-stage/spack-stage-hdf5-1.10.7-xexa2gll6hf6okdatgrxiwhcjs2uepc7/spack-src/src/H5Dselect.c line 230 in H5D__select_io(): write error
    major: Dataspace
    minor: Write failed
  #005: /scratch/spack_cpu/job_21700923/spack-stage/spack-stage-hdf5-1.10.7-xexa2gll6hf6okdatgrxiwhcjs2uepc7/spack-src/src/H5Dcontig.c line 1281 in H5D__contig_writevv(): can't perform vectorized sieve buffer write
    major: Dataset
    minor: Can't operate on object
  #006: /scratch/spack_cpu/job_21700923/spack-stage/spack-stage-hdf5-1.10.7-xexa2gll6hf6okdatgrxiwhcjs2uepc7/spack-src/src/H5VM.c line 1464 in H5VM_opvv(): can't perform operation
    major: Internal error (too specific to document in detail)
    minor: Can't operate on object
  #007: /scratch/spack_cpu/job_21700923/spack-stage/spack-stage-hdf5-1.10.7-xexa2gll6hf6okdatgrxiwhcjs2uepc7/spack-src/src/H5Dcontig.c line 1029 in H5D__contig_writevv_sieve_cb(): block write failed
    major: Dataset
    minor: Write failed
  #008: /scratch/spack_cpu/job_21700923/spack-stage/spack-stage-hdf5-1.10.7-xexa2gll6hf6okdatgrxiwhcjs2uepc7/spack-src/src/H5Fio.c line 161 in H5F_block_write(): write through page buffer failed
    major: Low-level I/O
    minor: Write failed
  #009: /scratch/spack_cpu/job_21700923/spack-stage/spack-stage-hdf5-1.10.7-xexa2gll6hf6okdatgrxiwhcjs2uepc7/spack-src/src/H5PB.c line 1032 in H5PB_write(): write through metadata accumulator failed
    major: Page Buffering
    minor: Write failed
  #010: /scratch/spack_cpu/job_21700923/spack-stage/spack-stage-hdf5-1.10.7-xexa2gll6hf6okdatgrxiwhcjs2uepc7/spack-src/src/H5Faccum.c line 824 in H5F__accum_write(): file write failed
    major: Low-level I/O
    minor: Write failed
  #011: /scratch/spack_cpu/job_21700923/spack-stage/spack-stage-hdf5-1.10.7-xexa2gll6hf6okdatgrxiwhcjs2uepc7/spack-src/src/H5FDint.c line 249 in H5FD_write(): driver write request failed
    major: Virtual File Layer
    minor: Write failed
  #012: /scratch/spack_cpu/job_21700923/spack-stage/spack-stage-hdf5-1.10.7-xexa2gll6hf6okdatgrxiwhcjs2uepc7/spack-src/src/H5FDsec2.c line 856 in H5FD__sec2_write(): file write failed: time = Wed Nov 19 08:22:51 2025
, filename = 'checkpoint.h5', file descriptor = 5, errno = 14, error message = 'Bad address', buf = 0x1555537c4000, total write size = 15969552, bytes this sub-write = 15969552, bytes actually written = 18446744073709551615, offset = 0
    major: Low-level I/O
    minor: Write failed
HDF5-DIAG: Error detected in HDF5 (1.10.7) thread 0:
  #000: /scratch/spack_cpu/job_21700923/spack-stage/spack-stage-hdf5-1.10.7-xexa2gll6hf6okdatgrxiwhcjs2uepc7/spack-src/src/H5Dio.c line 335 in H5Dwrite(): can't write data
    major: Dataset
    minor: Write failed
  #001: /scratch/spack_cpu/job_21700923/spack-stage/spack-stage-hdf5-1.10.7-xexa2gll6hf6okdatgrxiwhcjs2uepc7/spack-src/src/H5Dio.c line 813 in H5D__write(): can't write data
    major: Dataset
    minor: Write failed
  #002: /scratch/spack_cpu/job_21700923/spack-stage/spack-stage-hdf5-1.10.7-xexa2gll6hf6okdatgrxiwhcjs2uepc7/spack-src/src/H5Dcontig.c line 659 in H5D__contig_write(): contiguous write failed
    major: Dataset
    minor: Write failed
  #003: /scratch/spack_cpu/job_21700923/spack-stage/spack-stage-hdf5-1.10.7-xexa2gll6hf6okdatgrxiwhcjs2uepc7/spack-src/src/H5Dselect.c line 321 in H5D__select_write(): write error
    major: Dataspace
    minor: Write failed
  #004: /scratch/spack_cpu/job_21700923/spack-stage/spack-stage-hdf5-1.10.7-xexa2gll6hf6okdatgrxiwhcjs2uepc7/spack-src/src/H5Dselect.c line 230 in H5D__select_io(): write error
    major: Dataspace
    minor: Write failed
  #005: /scratch/spack_cpu/job_21700923/spack-stage/spack-stage-hdf5-1.10.7-xexa2gll6hf6okdatgrxiwhcjs2uepc7/spack-src/src/H5Dcontig.c line 1281 in H5D__contig_writevv(): can't perform vectorized sieve buffer write
    major: Dataset
    minor: Can't operate on object
  #006: /scratch/spack_cpu/job_21700923/spack-stage/spack-stage-hdf5-1.10.7-xexa2gll6hf6okdatgrxiwhcjs2uepc7/spack-src/src/H5VM.c line 1464 in H5VM_opvv(): can't perform operation
    major: Internal error (too specific to document in detail)
    minor: Can't operate on object
  #007: /scratch/spack_cpu/job_21700923/spack-stage/spack-stage-hdf5-1.10.7-xexa2gll6hf6okdatgrxiwhcjs2uepc7/spack-src/src/H5Dcontig.c line 1029 in H5D__contig_writevv_sieve_cb(): block write failed
    major: Dataset
    minor: Write failed
  #008: /scratch/spack_cpu/job_21700923/spack-stage/spack-stage-hdf5-1.10.7-xexa2gll6hf6okdatgrxiwhcjs2uepc7/spack-src/src/H5Fio.c line 161 in H5F_block_write(): write through page buffer failed
    major: Low-level I/O
    minor: Write failed
  #009: /scratch/spack_cpu/job_21700923/spack-stage/spack-stage-hdf5-1.10.7-xexa2gll6hf6okdatgrxiwhcjs2uepc7/spack-src/src/H5PB.c line 1032 in H5PB_write(): write through metadata accumulator failed
    major: Page Buffering
    minor: Write failed
  #010: /scratch/spack_cpu/job_21700923/spack-stage/spack-stage-hdf5-1.10.7-xexa2gll6hf6okdatgrxiwhcjs2uepc7/spack-src/src/H5Faccum.c line 824 in H5F__accum_write(): file write failed
    major: Low-level I/O
    minor: Write failed
  #011: /scratch/spack_cpu/job_21700923/spack-stage/spack-stage-hdf5-1.10.7-xexa2gll6hf6okdatgrxiwhcjs2uepc7/spack-src/src/H5FDint.c line 249 in H5FD_write(): driver write request failed
    major: Virtual File Layer
    minor: Write failed
  #012: /scratch/spack_cpu/job_21700923/spack-stage/spack-stage-hdf5-1.10.7-xexa2gll6hf6okdatgrxiwhcjs2uepc7/spack-src/src/H5FDsec2.c line 856 in H5FD__sec2_write(): file write failed: time = Wed Nov 19 08:22:58 2025
, filename = 'checkpoint.h5', file descriptor = 5, errno = 14, error message = 'Bad address', buf = 0x1555537c4000, total write size = 15969552, bytes this sub-write = 15969552, bytes actually written = 18446744073709551615, offset = 0
    major: Low-level I/O
    minor: Write failed
HDF5-DIAG: Error detected in HDF5 (1.10.7) thread 0:
  #000: /scratch/spack_cpu/job_21700923/spack-stage/spack-stage-hdf5-1.10.7-xexa2gll6hf6okdatgrxiwhcjs2uepc7/spack-src/src/H5Dio.c line 335 in H5Dwrite(): can't write data
    major: Dataset
    minor: Write failed
  #001: /scratch/spack_cpu/job_21700923/spack-stage/spack-stage-hdf5-1.10.7-xexa2gll6hf6okdatgrxiwhcjs2uepc7/spack-src/src/H5Dio.c line 813 in H5D__write(): can't write data
    major: Dataset
    minor: Write failed
  #002: /scratch/spack_cpu/job_21700923/spack-stage/spack-stage-hdf5-1.10.7-xexa2gll6hf6okdatgrxiwhcjs2uepc7/spack-src/src/H5Dcontig.c line 659 in H5D__contig_write(): contiguous write failed
    major: Dataset
    minor: Write failed
  #003: /scratch/spack_cpu/job_21700923/spack-stage/spack-stage-hdf5-1.10.7-xexa2gll6hf6okdatgrxiwhcjs2uepc7/spack-src/src/H5Dselect.c line 321 in H5D__select_write(): write error
    major: Dataspace
    minor: Write failed
  #004: /scratch/spack_cpu/job_21700923/spack-stage/spack-stage-hdf5-1.10.7-xexa2gll6hf6okdatgrxiwhcjs2uepc7/spack-src/src/H5Dselect.c line 230 in H5D__select_io(): write error
    major: Dataspace
    minor: Write failed
  #005: /scratch/spack_cpu/job_21700923/spack-stage/spack-stage-hdf5-1.10.7-xexa2gll6hf6okdatgrxiwhcjs2uepc7/spack-src/src/H5Dcontig.c line 1281 in H5D__contig_writevv(): can't perform vectorized sieve buffer write
    major: Dataset
    minor: Can't operate on object
  #006: /scratch/spack_cpu/job_21700923/spack-stage/spack-stage-hdf5-1.10.7-xexa2gll6hf6okdatgrxiwhcjs2uepc7/spack-src/src/H5VM.c line 1464 in H5VM_opvv(): can't perform operation
    major: Internal error (too specific to document in detail)
    minor: Can't operate on object
  #007: /scratch/spack_cpu/job_21700923/spack-stage/spack-stage-hdf5-1.10.7-xexa2gll6hf6okdatgrxiwhcjs2uepc7/spack-src/src/H5Dcontig.c line 1029 in H5D__contig_writevv_sieve_cb(): block write failed
    major: Dataset
    minor: Write failed
  #008: /scratch/spack_cpu/job_21700923/spack-stage/spack-stage-hdf5-1.10.7-xexa2gll6hf6okdatgrxiwhcjs2uepc7/spack-src/src/H5Fio.c line 161 in H5F_block_write(): write through page buffer failed
    major: Low-level I/O
    minor: Write failed
  #009: /scratch/spack_cpu/job_21700923/spack-stage/spack-stage-hdf5-1.10.7-xexa2gll6hf6okdatgrxiwhcjs2uepc7/spack-src/src/H5PB.c line 1032 in H5PB_write(): write through metadata accumulator failed
    major: Page Buffering
    minor: Write failed
  #010: /scratch/spack_cpu/job_21700923/spack-stage/spack-stage-hdf5-1.10.7-xexa2gll6hf6okdatgrxiwhcjs2uepc7/spack-src/src/H5Faccum.c line 824 in H5F__accum_write(): file write failed
    major: Low-level I/O
    minor: Write failed
  #011: /scratch/spack_cpu/job_21700923/spack-stage/spack-stage-hdf5-1.10.7-xexa2gll6hf6okdatgrxiwhcjs2uepc7/spack-src/src/H5FDint.c line 249 in H5FD_write(): driver write request failed
    major: Virtual File Layer
    minor: Write failed
  #012: /scratch/spack_cpu/job_21700923/spack-stage/spack-stage-hdf5-1.10.7-xexa2gll6hf6okdatgrxiwhcjs2uepc7/spack-src/src/H5FDsec2.c line 856 in H5FD__sec2_write(): file write failed: time = Wed Nov 19 08:23:06 2025
, filename = 'checkpoint.h5', file descriptor = 5, errno = 14, error message = 'Bad address', buf = 0x1555537c4000, total write size = 15969552, bytes this sub-write = 15969552, bytes actually written = 18446744073709551615, offset = 0
    major: Low-level I/O
    minor: Write failed
HDF5-DIAG: Error detected in HDF5 (1.10.7) thread 0:
  #000: /scratch/spack_cpu/job_21700923/spack-stage/spack-stage-hdf5-1.10.7-xexa2gll6hf6okdatgrxiwhcjs2uepc7/spack-src/src/H5Dio.c line 335 in H5Dwrite(): can't write data
    major: Dataset
    minor: Write failed
  #001: /scratch/spack_cpu/job_21700923/spack-stage/spack-stage-hdf5-1.10.7-xexa2gll6hf6okdatgrxiwhcjs2uepc7/spack-src/src/H5Dio.c line 813 in H5D__write(): can't write data
    major: Dataset
    minor: Write failed
  #002: /scratch/spack_cpu/job_21700923/spack-stage/spack-stage-hdf5-1.10.7-xexa2gll6hf6okdatgrxiwhcjs2uepc7/spack-src/src/H5Dcontig.c line 659 in H5D__contig_write(): contiguous write failed
    major: Dataset
    minor: Write failed
  #003: /scratch/spack_cpu/job_21700923/spack-stage/spack-stage-hdf5-1.10.7-xexa2gll6hf6okdatgrxiwhcjs2uepc7/spack-src/src/H5Dselect.c line 321 in H5D__select_write(): write error
    major: Dataspace
    minor: Write failed
  #004: /scratch/spack_cpu/job_21700923/spack-stage/spack-stage-hdf5-1.10.7-xexa2gll6hf6okdatgrxiwhcjs2uepc7/spack-src/src/H5Dselect.c line 230 in H5D__select_io(): write error
    major: Dataspace
    minor: Write failed
  #005: /scratch/spack_cpu/job_21700923/spack-stage/spack-stage-hdf5-1.10.7-xexa2gll6hf6okdatgrxiwhcjs2uepc7/spack-src/src/H5Dcontig.c line 1281 in H5D__contig_writevv(): can't perform vectorized sieve buffer write
    major: Dataset
    minor: Can't operate on object
  #006: /scratch/spack_cpu/job_21700923/spack-stage/spack-stage-hdf5-1.10.7-xexa2gll6hf6okdatgrxiwhcjs2uepc7/spack-src/src/H5VM.c line 1464 in H5VM_opvv(): can't perform operation
    major: Internal error (too specific to document in detail)
    minor: Can't operate on object
  #007: /scratch/spack_cpu/job_21700923/spack-stage/spack-stage-hdf5-1.10.7-xexa2gll6hf6okdatgrxiwhcjs2uepc7/spack-src/src/H5Dcontig.c line 1029 in H5D__contig_writevv_sieve_cb(): block write failed
    major: Dataset
    minor: Write failed
  #008: /scratch/spack_cpu/job_21700923/spack-stage/spack-stage-hdf5-1.10.7-xexa2gll6hf6okdatgrxiwhcjs2uepc7/spack-src/src/H5Fio.c line 161 in H5F_block_write(): write through page buffer failed
    major: Low-level I/O
    minor: Write failed
  #009: /scratch/spack_cpu/job_21700923/spack-stage/spack-stage-hdf5-1.10.7-xexa2gll6hf6okdatgrxiwhcjs2uepc7/spack-src/src/H5PB.c line 1032 in H5PB_write(): write through metadata accumulator failed
    major: Page Buffering
    minor: Write failed
  #010: /scratch/spack_cpu/job_21700923/spack-stage/spack-stage-hdf5-1.10.7-xexa2gll6hf6okdatgrxiwhcjs2uepc7/spack-src/src/H5Faccum.c line 824 in H5F__accum_write(): file write failed
    major: Low-level I/O
    minor: Write failed
  #011: /scratch/spack_cpu/job_21700923/spack-stage/spack-stage-hdf5-1.10.7-xexa2gll6hf6okdatgrxiwhcjs2uepc7/spack-src/src/H5FDint.c line 249 in H5FD_write(): driver write request failed
    major: Virtual File Layer
    minor: Write failed
  #012: /scratch/spack_cpu/job_21700923/spack-stage/spack-stage-hdf5-1.10.7-xexa2gll6hf6okdatgrxiwhcjs2uepc7/spack-src/src/H5FDsec2.c line 856 in H5FD__sec2_write(): file write failed: time = Wed Nov 19 08:23:14 2025
, filename = 'checkpoint.h5', file descriptor = 5, errno = 14, error message = 'Bad address', buf = 0x1555537c4000, total write size = 15969552, bytes this sub-write = 15969552, bytes actually written = 18446744073709551615, offset = 0
    major: Low-level I/O
    minor: Write failed
HDF5-DIAG: Error detected in HDF5 (1.10.7) thread 0:
  #000: /scratch/spack_cpu/job_21700923/spack-stage/spack-stage-hdf5-1.10.7-xexa2gll6hf6okdatgrxiwhcjs2uepc7/spack-src/src/H5Dio.c line 335 in H5Dwrite(): can't write data
    major: Dataset
    minor: Write failed
  #001: /scratch/spack_cpu/job_21700923/spack-stage/spack-stage-hdf5-1.10.7-xexa2gll6hf6okdatgrxiwhcjs2uepc7/spack-src/src/H5Dio.c line 813 in H5D__write(): can't write data
    major: Dataset
    minor: Write failed
  #002: /scratch/spack_cpu/job_21700923/spack-stage/spack-stage-hdf5-1.10.7-xexa2gll6hf6okdatgrxiwhcjs2uepc7/spack-src/src/H5Dcontig.c line 659 in H5D__contig_write(): contiguous write failed
    major: Dataset
    minor: Write failed
  #003: /scratch/spack_cpu/job_21700923/spack-stage/spack-stage-hdf5-1.10.7-xexa2gll6hf6okdatgrxiwhcjs2uepc7/spack-src/src/H5Dselect.c line 321 in H5D__select_write(): write error
    major: Dataspace
    minor: Write failed
  #004: /scratch/spack_cpu/job_21700923/spack-stage/spack-stage-hdf5-1.10.7-xexa2gll6hf6okdatgrxiwhcjs2uepc7/spack-src/src/H5Dselect.c line 230 in H5D__select_io(): write error
    major: Dataspace
    minor: Write failed
  #005: /scratch/spack_cpu/job_21700923/spack-stage/spack-stage-hdf5-1.10.7-xexa2gll6hf6okdatgrxiwhcjs2uepc7/spack-src/src/H5Dcontig.c line 1281 in H5D__contig_writevv(): can't perform vectorized sieve buffer write
    major: Dataset
    minor: Can't operate on object
  #006: /scratch/spack_cpu/job_21700923/spack-stage/spack-stage-hdf5-1.10.7-xexa2gll6hf6okdatgrxiwhcjs2uepc7/spack-src/src/H5VM.c line 1464 in H5VM_opvv(): can't perform operation
    major: Internal error (too specific to document in detail)
    minor: Can't operate on object
  #007: /scratch/spack_cpu/job_21700923/spack-stage/spack-stage-hdf5-1.10.7-xexa2gll6hf6okdatgrxiwhcjs2uepc7/spack-src/src/H5Dcontig.c line 1029 in H5D__contig_writevv_sieve_cb(): block write failed
    major: Dataset
    minor: Write failed
  #008: /scratch/spack_cpu/job_21700923/spack-stage/spack-stage-hdf5-1.10.7-xexa2gll6hf6okdatgrxiwhcjs2uepc7/spack-src/src/H5Fio.c line 161 in H5F_block_write(): write through page buffer failed
    major: Low-level I/O
    minor: Write failed
  #009: /scratch/spack_cpu/job_21700923/spack-stage/spack-stage-hdf5-1.10.7-xexa2gll6hf6okdatgrxiwhcjs2uepc7/spack-src/src/H5PB.c line 1032 in H5PB_write(): write through metadata accumulator failed
    major: Page Buffering
    minor: Write failed
  #010: /scratch/spack_cpu/job_21700923/spack-stage/spack-stage-hdf5-1.10.7-xexa2gll6hf6okdatgrxiwhcjs2uepc7/spack-src/src/H5Faccum.c line 824 in H5F__accum_write(): file write failed
    major: Low-level I/O
    minor: Write failed
  #011: /scratch/spack_cpu/job_21700923/spack-stage/spack-stage-hdf5-1.10.7-xexa2gll6hf6okdatgrxiwhcjs2uepc7/spack-src/src/H5FDint.c line 249 in H5FD_write(): driver write request failed
    major: Virtual File Layer
    minor: Write failed
  #012: /scratch/spack_cpu/job_21700923/spack-stage/spack-stage-hdf5-1.10.7-xexa2gll6hf6okdatgrxiwhcjs2uepc7/spack-src/src/H5FDsec2.c line 856 in H5FD__sec2_write(): file write failed: time = Wed Nov 19 08:23:21 2025
, filename = 'checkpoint.h5', file descriptor = 5, errno = 14, error message = 'Bad address', buf = 0x1555537c4000, total write size = 15969552, bytes this sub-write = 15969552, bytes actually written = 18446744073709551615, offset = 0
    major: Low-level I/O
    minor: Write failed
HDF5-DIAG: Error detected in HDF5 (1.10.7) thread 0:
  #000: /scratch/spack_cpu/job_21700923/spack-stage/spack-stage-hdf5-1.10.7-xexa2gll6hf6okdatgrxiwhcjs2uepc7/spack-src/src/H5Dio.c line 335 in H5Dwrite(): can't write data
    major: Dataset
    minor: Write failed
  #001: /scratch/spack_cpu/job_21700923/spack-stage/spack-stage-hdf5-1.10.7-xexa2gll6hf6okdatgrxiwhcjs2uepc7/spack-src/src/H5Dio.c line 813 in H5D__write(): can't write data
    major: Dataset
    minor: Write failed
  #002: /scratch/spack_cpu/job_21700923/spack-stage/spack-stage-hdf5-1.10.7-xexa2gll6hf6okdatgrxiwhcjs2uepc7/spack-src/src/H5Dcontig.c line 659 in H5D__contig_write(): contiguous write failed
    major: Dataset
    minor: Write failed
  #003: /scratch/spack_cpu/job_21700923/spack-stage/spack-stage-hdf5-1.10.7-xexa2gll6hf6okdatgrxiwhcjs2uepc7/spack-src/src/H5Dselect.c line 321 in H5D__select_write(): write error
    major: Dataspace
    minor: Write failed
  #004: /scratch/spack_cpu/job_21700923/spack-stage/spack-stage-hdf5-1.10.7-xexa2gll6hf6okdatgrxiwhcjs2uepc7/spack-src/src/H5Dselect.c line 230 in H5D__select_io(): write error
    major: Dataspace
    minor: Write failed
  #005: /scratch/spack_cpu/job_21700923/spack-stage/spack-stage-hdf5-1.10.7-xexa2gll6hf6okdatgrxiwhcjs2uepc7/spack-src/src/H5Dcontig.c line 1281 in H5D__contig_writevv(): can't perform vectorized sieve buffer write
    major: Dataset
    minor: Can't operate on object
  #006: /scratch/spack_cpu/job_21700923/spack-stage/spack-stage-hdf5-1.10.7-xexa2gll6hf6okdatgrxiwhcjs2uepc7/spack-src/src/H5VM.c line 1464 in H5VM_opvv(): can't perform operation
    major: Internal error (too specific to document in detail)
    minor: Can't operate on object
  #007: /scratch/spack_cpu/job_21700923/spack-stage/spack-stage-hdf5-1.10.7-xexa2gll6hf6okdatgrxiwhcjs2uepc7/spack-src/src/H5Dcontig.c line 1029 in H5D__contig_writevv_sieve_cb(): block write failed
    major: Dataset
    minor: Write failed
  #008: /scratch/spack_cpu/job_21700923/spack-stage/spack-stage-hdf5-1.10.7-xexa2gll6hf6okdatgrxiwhcjs2uepc7/spack-src/src/H5Fio.c line 161 in H5F_block_write(): write through page buffer failed
    major: Low-level I/O
    minor: Write failed
  #009: /scratch/spack_cpu/job_21700923/spack-stage/spack-stage-hdf5-1.10.7-xexa2gll6hf6okdatgrxiwhcjs2uepc7/spack-src/src/H5PB.c line 1032 in H5PB_write(): write through metadata accumulator failed
    major: Page Buffering
    minor: Write failed
  #010: /scratch/spack_cpu/job_21700923/spack-stage/spack-stage-hdf5-1.10.7-xexa2gll6hf6okdatgrxiwhcjs2uepc7/spack-src/src/H5Faccum.c line 824 in H5F__accum_write(): file write failed
    major: Low-level I/O
    minor: Write failed
  #011: /scratch/spack_cpu/job_21700923/spack-stage/spack-stage-hdf5-1.10.7-xexa2gll6hf6okdatgrxiwhcjs2uepc7/spack-src/src/H5FDint.c line 249 in H5FD_write(): driver write request failed
    major: Virtual File Layer
    minor: Write failed
  #012: /scratch/spack_cpu/job_21700923/spack-stage/spack-stage-hdf5-1.10.7-xexa2gll6hf6okdatgrxiwhcjs2uepc7/spack-src/src/H5FDsec2.c line 856 in H5FD__sec2_write(): file write failed: time = Wed Nov 19 08:23:28 2025
, filename = 'checkpoint.h5', file descriptor = 5, errno = 14, error message = 'Bad address', buf = 0x1555537c4000, total write size = 15969552, bytes this sub-write = 15969552, bytes actually written = 18446744073709551615, offset = 0
    major: Low-level I/O
    minor: Write failed
HDF5-DIAG: Error detected in HDF5 (1.10.7) thread 0:
  #000: /scratch/spack_cpu/job_21700923/spack-stage/spack-stage-hdf5-1.10.7-xexa2gll6hf6okdatgrxiwhcjs2uepc7/spack-src/src/H5Dio.c line 335 in H5Dwrite(): can't write data
    major: Dataset
    minor: Write failed
  #001: /scratch/spack_cpu/job_21700923/spack-stage/spack-stage-hdf5-1.10.7-xexa2gll6hf6okdatgrxiwhcjs2uepc7/spack-src/src/H5Dio.c line 813 in H5D__write(): can't write data
    major: Dataset
    minor: Write failed
  #002: /scratch/spack_cpu/job_21700923/spack-stage/spack-stage-hdf5-1.10.7-xexa2gll6hf6okdatgrxiwhcjs2uepc7/spack-src/src/H5Dcontig.c line 659 in H5D__contig_write(): contiguous write failed
    major: Dataset
    minor: Write failed
  #003: /scratch/spack_cpu/job_21700923/spack-stage/spack-stage-hdf5-1.10.7-xexa2gll6hf6okdatgrxiwhcjs2uepc7/spack-src/src/H5Dselect.c line 321 in H5D__select_write(): write error
    major: Dataspace
    minor: Write failed
  #004: /scratch/spack_cpu/job_21700923/spack-stage/spack-stage-hdf5-1.10.7-xexa2gll6hf6okdatgrxiwhcjs2uepc7/spack-src/src/H5Dselect.c line 230 in H5D__select_io(): write error
    major: Dataspace
    minor: Write failed
  #005: /scratch/spack_cpu/job_21700923/spack-stage/spack-stage-hdf5-1.10.7-xexa2gll6hf6okdatgrxiwhcjs2uepc7/spack-src/src/H5Dcontig.c line 1281 in H5D__contig_writevv(): can't perform vectorized sieve buffer write
    major: Dataset
    minor: Can't operate on object
  #006: /scratch/spack_cpu/job_21700923/spack-stage/spack-stage-hdf5-1.10.7-xexa2gll6hf6okdatgrxiwhcjs2uepc7/spack-src/src/H5VM.c line 1464 in H5VM_opvv(): can't perform operation
    major: Internal error (too specific to document in detail)
    minor: Can't operate on object
  #007: /scratch/spack_cpu/job_21700923/spack-stage/spack-stage-hdf5-1.10.7-xexa2gll6hf6okdatgrxiwhcjs2uepc7/spack-src/src/H5Dcontig.c line 1029 in H5D__contig_writevv_sieve_cb(): block write failed
    major: Dataset
    minor: Write failed
  #008: /scratch/spack_cpu/job_21700923/spack-stage/spack-stage-hdf5-1.10.7-xexa2gll6hf6okdatgrxiwhcjs2uepc7/spack-src/src/H5Fio.c line 161 in H5F_block_write(): write through page buffer failed
    major: Low-level I/O
    minor: Write failed
  #009: /scratch/spack_cpu/job_21700923/spack-stage/spack-stage-hdf5-1.10.7-xexa2gll6hf6okdatgrxiwhcjs2uepc7/spack-src/src/H5PB.c line 1032 in H5PB_write(): write through metadata accumulator failed
    major: Page Buffering
    minor: Write failed
  #010: /scratch/spack_cpu/job_21700923/spack-stage/spack-stage-hdf5-1.10.7-xexa2gll6hf6okdatgrxiwhcjs2uepc7/spack-src/src/H5Faccum.c line 824 in H5F__accum_write(): file write failed
    major: Low-level I/O
    minor: Write failed
  #011: /scratch/spack_cpu/job_21700923/spack-stage/spack-stage-hdf5-1.10.7-xexa2gll6hf6okdatgrxiwhcjs2uepc7/spack-src/src/H5FDint.c line 249 in H5FD_write(): driver write request failed
    major: Virtual File Layer
    minor: Write failed
  #012: /scratch/spack_cpu/job_21700923/spack-stage/spack-stage-hdf5-1.10.7-xexa2gll6hf6okdatgrxiwhcjs2uepc7/spack-src/src/H5FDsec2.c line 856 in H5FD__sec2_write(): file write failed: time = Wed Nov 19 08:23:35 2025
, filename = 'checkpoint.h5', file descriptor = 5, errno = 14, error message = 'Bad address', buf = 0x1555537c4000, total write size = 15969552, bytes this sub-write = 15969552, bytes actually written = 18446744073709551615, offset = 0
    major: Low-level I/O
    minor: Write failed
HDF5-DIAG: Error detected in HDF5 (1.10.7) thread 0:
  #000: /scratch/spack_cpu/job_21700923/spack-stage/spack-stage-hdf5-1.10.7-xexa2gll6hf6okdatgrxiwhcjs2uepc7/spack-src/src/H5Dio.c line 335 in H5Dwrite(): can't write data
    major: Dataset
    minor: Write failed
  #001: /scratch/spack_cpu/job_21700923/spack-stage/spack-stage-hdf5-1.10.7-xexa2gll6hf6okdatgrxiwhcjs2uepc7/spack-src/src/H5Dio.c line 813 in H5D__write(): can't write data
    major: Dataset
    minor: Write failed
  #002: /scratch/spack_cpu/job_21700923/spack-stage/spack-stage-hdf5-1.10.7-xexa2gll6hf6okdatgrxiwhcjs2uepc7/spack-src/src/H5Dcontig.c line 659 in H5D__contig_write(): contiguous write failed
    major: Dataset
    minor: Write failed
  #003: /scratch/spack_cpu/job_21700923/spack-stage/spack-stage-hdf5-1.10.7-xexa2gll6hf6okdatgrxiwhcjs2uepc7/spack-src/src/H5Dselect.c line 321 in H5D__select_write(): write error
    major: Dataspace
    minor: Write failed
  #004: /scratch/spack_cpu/job_21700923/spack-stage/spack-stage-hdf5-1.10.7-xexa2gll6hf6okdatgrxiwhcjs2uepc7/spack-src/src/H5Dselect.c line 230 in H5D__select_io(): write error
    major: Dataspace
    minor: Write failed
  #005: /scratch/spack_cpu/job_21700923/spack-stage/spack-stage-hdf5-1.10.7-xexa2gll6hf6okdatgrxiwhcjs2uepc7/spack-src/src/H5Dcontig.c line 1281 in H5D__contig_writevv(): can't perform vectorized sieve buffer write
    major: Dataset
    minor: Can't operate on object
  #006: /scratch/spack_cpu/job_21700923/spack-stage/spack-stage-hdf5-1.10.7-xexa2gll6hf6okdatgrxiwhcjs2uepc7/spack-src/src/H5VM.c line 1464 in H5VM_opvv(): can't perform operation
    major: Internal error (too specific to document in detail)
    minor: Can't operate on object
  #007: /scratch/spack_cpu/job_21700923/spack-stage/spack-stage-hdf5-1.10.7-xexa2gll6hf6okdatgrxiwhcjs2uepc7/spack-src/src/H5Dcontig.c line 1029 in H5D__contig_writevv_sieve_cb(): block write failed
    major: Dataset
    minor: Write failed
  #008: /scratch/spack_cpu/job_21700923/spack-stage/spack-stage-hdf5-1.10.7-xexa2gll6hf6okdatgrxiwhcjs2uepc7/spack-src/src/H5Fio.c line 161 in H5F_block_write(): write through page buffer failed
    major: Low-level I/O
    minor: Write failed
  #009: /scratch/spack_cpu/job_21700923/spack-stage/spack-stage-hdf5-1.10.7-xexa2gll6hf6okdatgrxiwhcjs2uepc7/spack-src/src/H5PB.c line 1032 in H5PB_write(): write through metadata accumulator failed
    major: Page Buffering
    minor: Write failed
  #010: /scratch/spack_cpu/job_21700923/spack-stage/spack-stage-hdf5-1.10.7-xexa2gll6hf6okdatgrxiwhcjs2uepc7/spack-src/src/H5Faccum.c line 824 in H5F__accum_write(): file write failed
    major: Low-level I/O
    minor: Write failed
  #011: /scratch/spack_cpu/job_21700923/spack-stage/spack-stage-hdf5-1.10.7-xexa2gll6hf6okdatgrxiwhcjs2uepc7/spack-src/src/H5FDint.c line 249 in H5FD_write(): driver write request failed
    major: Virtual File Layer
    minor: Write failed
  #012: /scratch/spack_cpu/job_21700923/spack-stage/spack-stage-hdf5-1.10.7-xexa2gll6hf6okdatgrxiwhcjs2uepc7/spack-src/src/H5FDsec2.c line 856 in H5FD__sec2_write(): file write failed: time = Wed Nov 19 08:23:42 2025
, filename = 'checkpoint.h5', file descriptor = 5, errno = 14, error message = 'Bad address', buf = 0x1555537c4000, total write size = 15969552, bytes this sub-write = 15969552, bytes actually written = 18446744073709551615, offset = 0
    major: Low-level I/O
    minor: Write failed
HDF5-DIAG: Error detected in HDF5 (1.10.7) thread 0:
  #000: /scratch/spack_cpu/job_21700923/spack-stage/spack-stage-hdf5-1.10.7-xexa2gll6hf6okdatgrxiwhcjs2uepc7/spack-src/src/H5Dio.c line 335 in H5Dwrite(): can't write data
    major: Dataset
    minor: Write failed
  #001: /scratch/spack_cpu/job_21700923/spack-stage/spack-stage-hdf5-1.10.7-xexa2gll6hf6okdatgrxiwhcjs2uepc7/spack-src/src/H5Dio.c line 813 in H5D__write(): can't write data
    major: Dataset
    minor: Write failed
  #002: /scratch/spack_cpu/job_21700923/spack-stage/spack-stage-hdf5-1.10.7-xexa2gll6hf6okdatgrxiwhcjs2uepc7/spack-src/src/H5Dcontig.c line 659 in H5D__contig_write(): contiguous write failed
    major: Dataset
    minor: Write failed
  #003: /scratch/spack_cpu/job_21700923/spack-stage/spack-stage-hdf5-1.10.7-xexa2gll6hf6okdatgrxiwhcjs2uepc7/spack-src/src/H5Dselect.c line 321 in H5D__select_write(): write error
    major: Dataspace
    minor: Write failed
  #004: /scratch/spack_cpu/job_21700923/spack-stage/spack-stage-hdf5-1.10.7-xexa2gll6hf6okdatgrxiwhcjs2uepc7/spack-src/src/H5Dselect.c line 230 in H5D__select_io(): write error
    major: Dataspace
    minor: Write failed
  #005: /scratch/spack_cpu/job_21700923/spack-stage/spack-stage-hdf5-1.10.7-xexa2gll6hf6okdatgrxiwhcjs2uepc7/spack-src/src/H5Dcontig.c line 1281 in H5D__contig_writevv(): can't perform vectorized sieve buffer write
    major: Dataset
    minor: Can't operate on object
  #006: /scratch/spack_cpu/job_21700923/spack-stage/spack-stage-hdf5-1.10.7-xexa2gll6hf6okdatgrxiwhcjs2uepc7/spack-src/src/H5VM.c line 1464 in H5VM_opvv(): can't perform operation
    major: Internal error (too specific to document in detail)
    minor: Can't operate on object
  #007: /scratch/spack_cpu/job_21700923/spack-stage/spack-stage-hdf5-1.10.7-xexa2gll6hf6okdatgrxiwhcjs2uepc7/spack-src/src/H5Dcontig.c line 1029 in H5D__contig_writevv_sieve_cb(): block write failed
    major: Dataset
    minor: Write failed
  #008: /scratch/spack_cpu/job_21700923/spack-stage/spack-stage-hdf5-1.10.7-xexa2gll6hf6okdatgrxiwhcjs2uepc7/spack-src/src/H5Fio.c line 161 in H5F_block_write(): write through page buffer failed
    major: Low-level I/O
    minor: Write failed
  #009: /scratch/spack_cpu/job_21700923/spack-stage/spack-stage-hdf5-1.10.7-xexa2gll6hf6okdatgrxiwhcjs2uepc7/spack-src/src/H5PB.c line 1032 in H5PB_write(): write through metadata accumulator failed
    major: Page Buffering
    minor: Write failed
  #010: /scratch/spack_cpu/job_21700923/spack-stage/spack-stage-hdf5-1.10.7-xexa2gll6hf6okdatgrxiwhcjs2uepc7/spack-src/src/H5Faccum.c line 824 in H5F__accum_write(): file write failed
    major: Low-level I/O
    minor: Write failed
  #011: /scratch/spack_cpu/job_21700923/spack-stage/spack-stage-hdf5-1.10.7-xexa2gll6hf6okdatgrxiwhcjs2uepc7/spack-src/src/H5FDint.c line 249 in H5FD_write(): driver write request failed
    major: Virtual File Layer
    minor: Write failed
  #012: /scratch/spack_cpu/job_21700923/spack-stage/spack-stage-hdf5-1.10.7-xexa2gll6hf6okdatgrxiwhcjs2uepc7/spack-src/src/H5FDsec2.c line 856 in H5FD__sec2_write(): file write failed: time = Wed Nov 19 08:23:50 2025
, filename = 'checkpoint.h5', file descriptor = 5, errno = 14, error message = 'Bad address', buf = 0x1555537c4000, total write size = 15969552, bytes this sub-write = 15969552, bytes actually written = 18446744073709551615, offset = 0
    major: Low-level I/O
    minor: Write failed
HDF5-DIAG: Error detected in HDF5 (1.10.7) thread 0:
  #000: /scratch/spack_cpu/job_21700923/spack-stage/spack-stage-hdf5-1.10.7-xexa2gll6hf6okdatgrxiwhcjs2uepc7/spack-src/src/H5Dio.c line 335 in H5Dwrite(): can't write data
    major: Dataset
    minor: Write failed
  #001: /scratch/spack_cpu/job_21700923/spack-stage/spack-stage-hdf5-1.10.7-xexa2gll6hf6okdatgrxiwhcjs2uepc7/spack-src/src/H5Dio.c line 813 in H5D__write(): can't write data
    major: Dataset
    minor: Write failed
  #002: /scratch/spack_cpu/job_21700923/spack-stage/spack-stage-hdf5-1.10.7-xexa2gll6hf6okdatgrxiwhcjs2uepc7/spack-src/src/H5Dcontig.c line 659 in H5D__contig_write(): contiguous write failed
    major: Dataset
    minor: Write failed
  #003: /scratch/spack_cpu/job_21700923/spack-stage/spack-stage-hdf5-1.10.7-xexa2gll6hf6okdatgrxiwhcjs2uepc7/spack-src/src/H5Dselect.c line 321 in H5D__select_write(): write error
    major: Dataspace
    minor: Write failed
  #004: /scratch/spack_cpu/job_21700923/spack-stage/spack-stage-hdf5-1.10.7-xexa2gll6hf6okdatgrxiwhcjs2uepc7/spack-src/src/H5Dselect.c line 230 in H5D__select_io(): write error
    major: Dataspace
    minor: Write failed
  #005: /scratch/spack_cpu/job_21700923/spack-stage/spack-stage-hdf5-1.10.7-xexa2gll6hf6okdatgrxiwhcjs2uepc7/spack-src/src/H5Dcontig.c line 1281 in H5D__contig_writevv(): can't perform vectorized sieve buffer write
    major: Dataset
    minor: Can't operate on object
  #006: /scratch/spack_cpu/job_21700923/spack-stage/spack-stage-hdf5-1.10.7-xexa2gll6hf6okdatgrxiwhcjs2uepc7/spack-src/src/H5VM.c line 1464 in H5VM_opvv(): can't perform operation
    major: Internal error (too specific to document in detail)
    minor: Can't operate on object
  #007: /scratch/spack_cpu/job_21700923/spack-stage/spack-stage-hdf5-1.10.7-xexa2gll6hf6okdatgrxiwhcjs2uepc7/spack-src/src/H5Dcontig.c line 1029 in H5D__contig_writevv_sieve_cb(): block write failed
    major: Dataset
    minor: Write failed
  #008: /scratch/spack_cpu/job_21700923/spack-stage/spack-stage-hdf5-1.10.7-xexa2gll6hf6okdatgrxiwhcjs2uepc7/spack-src/src/H5Fio.c line 161 in H5F_block_write(): write through page buffer failed
    major: Low-level I/O
    minor: Write failed
  #009: /scratch/spack_cpu/job_21700923/spack-stage/spack-stage-hdf5-1.10.7-xexa2gll6hf6okdatgrxiwhcjs2uepc7/spack-src/src/H5PB.c line 1032 in H5PB_write(): write through metadata accumulator failed
    major: Page Buffering
    minor: Write failed
  #010: /scratch/spack_cpu/job_21700923/spack-stage/spack-stage-hdf5-1.10.7-xexa2gll6hf6okdatgrxiwhcjs2uepc7/spack-src/src/H5Faccum.c line 824 in H5F__accum_write(): file write failed
    major: Low-level I/O
    minor: Write failed
  #011: /scratch/spack_cpu/job_21700923/spack-stage/spack-stage-hdf5-1.10.7-xexa2gll6hf6okdatgrxiwhcjs2uepc7/spack-src/src/H5FDint.c line 249 in H5FD_write(): driver write request failed
    major: Virtual File Layer
    minor: Write failed
  #012: /scratch/spack_cpu/job_21700923/spack-stage/spack-stage-hdf5-1.10.7-xexa2gll6hf6okdatgrxiwhcjs2uepc7/spack-src/src/H5FDsec2.c line 856 in H5FD__sec2_write(): file write failed: time = Wed Nov 19 08:23:57 2025
, filename = 'checkpoint.h5', file descriptor = 5, errno = 14, error message = 'Bad address', buf = 0x1555537c4000, total write size = 15969552, bytes this sub-write = 15969552, bytes actually written = 18446744073709551615, offset = 0
    major: Low-level I/O
    minor: Write failed
HDF5-DIAG: Error detected in HDF5 (1.10.7) thread 0:
  #000: /scratch/spack_cpu/job_21700923/spack-stage/spack-stage-hdf5-1.10.7-xexa2gll6hf6okdatgrxiwhcjs2uepc7/spack-src/src/H5Dio.c line 335 in H5Dwrite(): can't write data
    major: Dataset
    minor: Write failed
  #001: /scratch/spack_cpu/job_21700923/spack-stage/spack-stage-hdf5-1.10.7-xexa2gll6hf6okdatgrxiwhcjs2uepc7/spack-src/src/H5Dio.c line 813 in H5D__write(): can't write data
    major: Dataset
    minor: Write failed
  #002: /scratch/spack_cpu/job_21700923/spack-stage/spack-stage-hdf5-1.10.7-xexa2gll6hf6okdatgrxiwhcjs2uepc7/spack-src/src/H5Dcontig.c line 659 in H5D__contig_write(): contiguous write failed
    major: Dataset
    minor: Write failed
  #003: /scratch/spack_cpu/job_21700923/spack-stage/spack-stage-hdf5-1.10.7-xexa2gll6hf6okdatgrxiwhcjs2uepc7/spack-src/src/H5Dselect.c line 321 in H5D__select_write(): write error
    major: Dataspace
    minor: Write failed
  #004: /scratch/spack_cpu/job_21700923/spack-stage/spack-stage-hdf5-1.10.7-xexa2gll6hf6okdatgrxiwhcjs2uepc7/spack-src/src/H5Dselect.c line 230 in H5D__select_io(): write error
    major: Dataspace
    minor: Write failed
  #005: /scratch/spack_cpu/job_21700923/spack-stage/spack-stage-hdf5-1.10.7-xexa2gll6hf6okdatgrxiwhcjs2uepc7/spack-src/src/H5Dcontig.c line 1281 in H5D__contig_writevv(): can't perform vectorized sieve buffer write
    major: Dataset
    minor: Can't operate on object
  #006: /scratch/spack_cpu/job_21700923/spack-stage/spack-stage-hdf5-1.10.7-xexa2gll6hf6okdatgrxiwhcjs2uepc7/spack-src/src/H5VM.c line 1464 in H5VM_opvv(): can't perform operation
    major: Internal error (too specific to document in detail)
    minor: Can't operate on object
  #007: /scratch/spack_cpu/job_21700923/spack-stage/spack-stage-hdf5-1.10.7-xexa2gll6hf6okdatgrxiwhcjs2uepc7/spack-src/src/H5Dcontig.c line 1029 in H5D__contig_writevv_sieve_cb(): block write failed
    major: Dataset
    minor: Write failed
  #008: /scratch/spack_cpu/job_21700923/spack-stage/spack-stage-hdf5-1.10.7-xexa2gll6hf6okdatgrxiwhcjs2uepc7/spack-src/src/H5Fio.c line 161 in H5F_block_write(): write through page buffer failed
    major: Low-level I/O
    minor: Write failed
  #009: /scratch/spack_cpu/job_21700923/spack-stage/spack-stage-hdf5-1.10.7-xexa2gll6hf6okdatgrxiwhcjs2uepc7/spack-src/src/H5PB.c line 1032 in H5PB_write(): write through metadata accumulator failed
    major: Page Buffering
    minor: Write failed
  #010: /scratch/spack_cpu/job_21700923/spack-stage/spack-stage-hdf5-1.10.7-xexa2gll6hf6okdatgrxiwhcjs2uepc7/spack-src/src/H5Faccum.c line 824 in H5F__accum_write(): file write failed
    major: Low-level I/O
    minor: Write failed
  #011: /scratch/spack_cpu/job_21700923/spack-stage/spack-stage-hdf5-1.10.7-xexa2gll6hf6okdatgrxiwhcjs2uepc7/spack-src/src/H5FDint.c line 249 in H5FD_write(): driver write request failed
    major: Virtual File Layer
    minor: Write failed
  #012: /scratch/spack_cpu/job_21700923/spack-stage/spack-stage-hdf5-1.10.7-xexa2gll6hf6okdatgrxiwhcjs2uepc7/spack-src/src/H5FDsec2.c line 856 in H5FD__sec2_write(): file write failed: time = Wed Nov 19 08:24:04 2025
, filename = 'checkpoint.h5', file descriptor = 5, errno = 14, error message = 'Bad address', buf = 0x1555537c4000, total write size = 15969552, bytes this sub-write = 15969552, bytes actually written = 18446744073709551615, offset = 0
    major: Low-level I/O
    minor: Write failed
HDF5-DIAG: Error detected in HDF5 (1.10.7) thread 0:
  #000: /scratch/spack_cpu/job_21700923/spack-stage/spack-stage-hdf5-1.10.7-xexa2gll6hf6okdatgrxiwhcjs2uepc7/spack-src/src/H5Dio.c line 335 in H5Dwrite(): can't write data
    major: Dataset
    minor: Write failed
  #001: /scratch/spack_cpu/job_21700923/spack-stage/spack-stage-hdf5-1.10.7-xexa2gll6hf6okdatgrxiwhcjs2uepc7/spack-src/src/H5Dio.c line 813 in H5D__write(): can't write data
    major: Dataset
    minor: Write failed
  #002: /scratch/spack_cpu/job_21700923/spack-stage/spack-stage-hdf5-1.10.7-xexa2gll6hf6okdatgrxiwhcjs2uepc7/spack-src/src/H5Dcontig.c line 659 in H5D__contig_write(): contiguous write failed
    major: Dataset
    minor: Write failed
  #003: /scratch/spack_cpu/job_21700923/spack-stage/spack-stage-hdf5-1.10.7-xexa2gll6hf6okdatgrxiwhcjs2uepc7/spack-src/src/H5Dselect.c line 321 in H5D__select_write(): write error
    major: Dataspace
    minor: Write failed
  #004: /scratch/spack_cpu/job_21700923/spack-stage/spack-stage-hdf5-1.10.7-xexa2gll6hf6okdatgrxiwhcjs2uepc7/spack-src/src/H5Dselect.c line 230 in H5D__select_io(): write error
    major: Dataspace
    minor: Write failed
  #005: /scratch/spack_cpu/job_21700923/spack-stage/spack-stage-hdf5-1.10.7-xexa2gll6hf6okdatgrxiwhcjs2uepc7/spack-src/src/H5Dcontig.c line 1281 in H5D__contig_writevv(): can't perform vectorized sieve buffer write
    major: Dataset
    minor: Can't operate on object
  #006: /scratch/spack_cpu/job_21700923/spack-stage/spack-stage-hdf5-1.10.7-xexa2gll6hf6okdatgrxiwhcjs2uepc7/spack-src/src/H5VM.c line 1464 in H5VM_opvv(): can't perform operation
    major: Internal error (too specific to document in detail)
    minor: Can't operate on object
  #007: /scratch/spack_cpu/job_21700923/spack-stage/spack-stage-hdf5-1.10.7-xexa2gll6hf6okdatgrxiwhcjs2uepc7/spack-src/src/H5Dcontig.c line 1029 in H5D__contig_writevv_sieve_cb(): block write failed
    major: Dataset
    minor: Write failed
  #008: /scratch/spack_cpu/job_21700923/spack-stage/spack-stage-hdf5-1.10.7-xexa2gll6hf6okdatgrxiwhcjs2uepc7/spack-src/src/H5Fio.c line 161 in H5F_block_write(): write through page buffer failed
    major: Low-level I/O
    minor: Write failed
  #009: /scratch/spack_cpu/job_21700923/spack-stage/spack-stage-hdf5-1.10.7-xexa2gll6hf6okdatgrxiwhcjs2uepc7/spack-src/src/H5PB.c line 1032 in H5PB_write(): write through metadata accumulator failed
    major: Page Buffering
    minor: Write failed
  #010: /scratch/spack_cpu/job_21700923/spack-stage/spack-stage-hdf5-1.10.7-xexa2gll6hf6okdatgrxiwhcjs2uepc7/spack-src/src/H5Faccum.c line 824 in H5F__accum_write(): file write failed
    major: Low-level I/O
    minor: Write failed
  #011: /scratch/spack_cpu/job_21700923/spack-stage/spack-stage-hdf5-1.10.7-xexa2gll6hf6okdatgrxiwhcjs2uepc7/spack-src/src/H5FDint.c line 249 in H5FD_write(): driver write request failed
    major: Virtual File Layer
    minor: Write failed
  #012: /scratch/spack_cpu/job_21700923/spack-stage/spack-stage-hdf5-1.10.7-xexa2gll6hf6okdatgrxiwhcjs2uepc7/spack-src/src/H5FDsec2.c line 856 in H5FD__sec2_write(): file write failed: time = Wed Nov 19 08:24:12 2025
, filename = 'checkpoint.h5', file descriptor = 5, errno = 14, error message = 'Bad address', buf = 0x1555537c4000, total write size = 15969552, bytes this sub-write = 15969552, bytes actually written = 18446744073709551615, offset = 0
    major: Low-level I/O
    minor: Write failed
HDF5-DIAG: Error detected in HDF5 (1.10.7) thread 0:
  #000: /scratch/spack_cpu/job_21700923/spack-stage/spack-stage-hdf5-1.10.7-xexa2gll6hf6okdatgrxiwhcjs2uepc7/spack-src/src/H5Dio.c line 335 in H5Dwrite(): can't write data
    major: Dataset
    minor: Write failed
  #001: /scratch/spack_cpu/job_21700923/spack-stage/spack-stage-hdf5-1.10.7-xexa2gll6hf6okdatgrxiwhcjs2uepc7/spack-src/src/H5Dio.c line 813 in H5D__write(): can't write data
    major: Dataset
    minor: Write failed
  #002: /scratch/spack_cpu/job_21700923/spack-stage/spack-stage-hdf5-1.10.7-xexa2gll6hf6okdatgrxiwhcjs2uepc7/spack-src/src/H5Dcontig.c line 659 in H5D__contig_write(): contiguous write failed
    major: Dataset
    minor: Write failed
  #003: /scratch/spack_cpu/job_21700923/spack-stage/spack-stage-hdf5-1.10.7-xexa2gll6hf6okdatgrxiwhcjs2uepc7/spack-src/src/H5Dselect.c line 321 in H5D__select_write(): write error
    major: Dataspace
    minor: Write failed
  #004: /scratch/spack_cpu/job_21700923/spack-stage/spack-stage-hdf5-1.10.7-xexa2gll6hf6okdatgrxiwhcjs2uepc7/spack-src/src/H5Dselect.c line 230 in H5D__select_io(): write error
    major: Dataspace
    minor: Write failed
  #005: /scratch/spack_cpu/job_21700923/spack-stage/spack-stage-hdf5-1.10.7-xexa2gll6hf6okdatgrxiwhcjs2uepc7/spack-src/src/H5Dcontig.c line 1281 in H5D__contig_writevv(): can't perform vectorized sieve buffer write
    major: Dataset
    minor: Can't operate on object
  #006: /scratch/spack_cpu/job_21700923/spack-stage/spack-stage-hdf5-1.10.7-xexa2gll6hf6okdatgrxiwhcjs2uepc7/spack-src/src/H5VM.c line 1464 in H5VM_opvv(): can't perform operation
    major: Internal error (too specific to document in detail)
    minor: Can't operate on object
  #007: /scratch/spack_cpu/job_21700923/spack-stage/spack-stage-hdf5-1.10.7-xexa2gll6hf6okdatgrxiwhcjs2uepc7/spack-src/src/H5Dcontig.c line 1029 in H5D__contig_writevv_sieve_cb(): block write failed
    major: Dataset
    minor: Write failed
  #008: /scratch/spack_cpu/job_21700923/spack-stage/spack-stage-hdf5-1.10.7-xexa2gll6hf6okdatgrxiwhcjs2uepc7/spack-src/src/H5Fio.c line 161 in H5F_block_write(): write through page buffer failed
    major: Low-level I/O
    minor: Write failed
  #009: /scratch/spack_cpu/job_21700923/spack-stage/spack-stage-hdf5-1.10.7-xexa2gll6hf6okdatgrxiwhcjs2uepc7/spack-src/src/H5PB.c line 1032 in H5PB_write(): write through metadata accumulator failed
    major: Page Buffering
    minor: Write failed
  #010: /scratch/spack_cpu/job_21700923/spack-stage/spack-stage-hdf5-1.10.7-xexa2gll6hf6okdatgrxiwhcjs2uepc7/spack-src/src/H5Faccum.c line 824 in H5F__accum_write(): file write failed
    major: Low-level I/O
    minor: Write failed
  #011: /scratch/spack_cpu/job_21700923/spack-stage/spack-stage-hdf5-1.10.7-xexa2gll6hf6okdatgrxiwhcjs2uepc7/spack-src/src/H5FDint.c line 249 in H5FD_write(): driver write request failed
    major: Virtual File Layer
    minor: Write failed
  #012: /scratch/spack_cpu/job_21700923/spack-stage/spack-stage-hdf5-1.10.7-xexa2gll6hf6okdatgrxiwhcjs2uepc7/spack-src/src/H5FDsec2.c line 856 in H5FD__sec2_write(): file write failed: time = Wed Nov 19 08:24:19 2025
, filename = 'checkpoint.h5', file descriptor = 5, errno = 14, error message = 'Bad address', buf = 0x1555537c4000, total write size = 15969552, bytes this sub-write = 15969552, bytes actually written = 18446744073709551615, offset = 0
    major: Low-level I/O
    minor: Write failed
HDF5-DIAG: Error detected in HDF5 (1.10.7) thread 0:
  #000: /scratch/spack_cpu/job_21700923/spack-stage/spack-stage-hdf5-1.10.7-xexa2gll6hf6okdatgrxiwhcjs2uepc7/spack-src/src/H5Dio.c line 335 in H5Dwrite(): can't write data
    major: Dataset
    minor: Write failed
  #001: /scratch/spack_cpu/job_21700923/spack-stage/spack-stage-hdf5-1.10.7-xexa2gll6hf6okdatgrxiwhcjs2uepc7/spack-src/src/H5Dio.c line 813 in H5D__write(): can't write data
    major: Dataset
    minor: Write failed
  #002: /scratch/spack_cpu/job_21700923/spack-stage/spack-stage-hdf5-1.10.7-xexa2gll6hf6okdatgrxiwhcjs2uepc7/spack-src/src/H5Dcontig.c line 659 in H5D__contig_write(): contiguous write failed
    major: Dataset
    minor: Write failed
  #003: /scratch/spack_cpu/job_21700923/spack-stage/spack-stage-hdf5-1.10.7-xexa2gll6hf6okdatgrxiwhcjs2uepc7/spack-src/src/H5Dselect.c line 321 in H5D__select_write(): write error
    major: Dataspace
    minor: Write failed
  #004: /scratch/spack_cpu/job_21700923/spack-stage/spack-stage-hdf5-1.10.7-xexa2gll6hf6okdatgrxiwhcjs2uepc7/spack-src/src/H5Dselect.c line 230 in H5D__select_io(): write error
    major: Dataspace
    minor: Write failed
  #005: /scratch/spack_cpu/job_21700923/spack-stage/spack-stage-hdf5-1.10.7-xexa2gll6hf6okdatgrxiwhcjs2uepc7/spack-src/src/H5Dcontig.c line 1281 in H5D__contig_writevv(): can't perform vectorized sieve buffer write
    major: Dataset
    minor: Can't operate on object
  #006: /scratch/spack_cpu/job_21700923/spack-stage/spack-stage-hdf5-1.10.7-xexa2gll6hf6okdatgrxiwhcjs2uepc7/spack-src/src/H5VM.c line 1464 in H5VM_opvv(): can't perform operation
    major: Internal error (too specific to document in detail)
    minor: Can't operate on object
  #007: /scratch/spack_cpu/job_21700923/spack-stage/spack-stage-hdf5-1.10.7-xexa2gll6hf6okdatgrxiwhcjs2uepc7/spack-src/src/H5Dcontig.c line 1029 in H5D__contig_writevv_sieve_cb(): block write failed
    major: Dataset
    minor: Write failed
  #008: /scratch/spack_cpu/job_21700923/spack-stage/spack-stage-hdf5-1.10.7-xexa2gll6hf6okdatgrxiwhcjs2uepc7/spack-src/src/H5Fio.c line 161 in H5F_block_write(): write through page buffer failed
    major: Low-level I/O
    minor: Write failed
  #009: /scratch/spack_cpu/job_21700923/spack-stage/spack-stage-hdf5-1.10.7-xexa2gll6hf6okdatgrxiwhcjs2uepc7/spack-src/src/H5PB.c line 1032 in H5PB_write(): write through metadata accumulator failed
    major: Page Buffering
    minor: Write failed
  #010: /scratch/spack_cpu/job_21700923/spack-stage/spack-stage-hdf5-1.10.7-xexa2gll6hf6okdatgrxiwhcjs2uepc7/spack-src/src/H5Faccum.c line 824 in H5F__accum_write(): file write failed
    major: Low-level I/O
    minor: Write failed
  #011: /scratch/spack_cpu/job_21700923/spack-stage/spack-stage-hdf5-1.10.7-xexa2gll6hf6okdatgrxiwhcjs2uepc7/spack-src/src/H5FDint.c line 249 in H5FD_write(): driver write request failed
    major: Virtual File Layer
    minor: Write failed
  #012: /scratch/spack_cpu/job_21700923/spack-stage/spack-stage-hdf5-1.10.7-xexa2gll6hf6okdatgrxiwhcjs2uepc7/spack-src/src/H5FDsec2.c line 856 in H5FD__sec2_write(): file write failed: time = Wed Nov 19 08:24:27 2025
, filename = 'checkpoint.h5', file descriptor = 5, errno = 14, error message = 'Bad address', buf = 0x1555537c4000, total write size = 15969552, bytes this sub-write = 15969552, bytes actually written = 18446744073709551615, offset = 0
    major: Low-level I/O
    minor: Write failed
HDF5-DIAG: Error detected in HDF5 (1.10.7) thread 0:
  #000: /scratch/spack_cpu/job_21700923/spack-stage/spack-stage-hdf5-1.10.7-xexa2gll6hf6okdatgrxiwhcjs2uepc7/spack-src/src/H5Dio.c line 335 in H5Dwrite(): can't write data
    major: Dataset
    minor: Write failed
  #001: /scratch/spack_cpu/job_21700923/spack-stage/spack-stage-hdf5-1.10.7-xexa2gll6hf6okdatgrxiwhcjs2uepc7/spack-src/src/H5Dio.c line 813 in H5D__write(): can't write data
    major: Dataset
    minor: Write failed
  #002: /scratch/spack_cpu/job_21700923/spack-stage/spack-stage-hdf5-1.10.7-xexa2gll6hf6okdatgrxiwhcjs2uepc7/spack-src/src/H5Dcontig.c line 659 in H5D__contig_write(): contiguous write failed
    major: Dataset
    minor: Write failed
  #003: /scratch/spack_cpu/job_21700923/spack-stage/spack-stage-hdf5-1.10.7-xexa2gll6hf6okdatgrxiwhcjs2uepc7/spack-src/src/H5Dselect.c line 321 in H5D__select_write(): write error
    major: Dataspace
    minor: Write failed
  #004: /scratch/spack_cpu/job_21700923/spack-stage/spack-stage-hdf5-1.10.7-xexa2gll6hf6okdatgrxiwhcjs2uepc7/spack-src/src/H5Dselect.c line 230 in H5D__select_io(): write error
    major: Dataspace
    minor: Write failed
  #005: /scratch/spack_cpu/job_21700923/spack-stage/spack-stage-hdf5-1.10.7-xexa2gll6hf6okdatgrxiwhcjs2uepc7/spack-src/src/H5Dcontig.c line 1281 in H5D__contig_writevv(): can't perform vectorized sieve buffer write
    major: Dataset
    minor: Can't operate on object
  #006: /scratch/spack_cpu/job_21700923/spack-stage/spack-stage-hdf5-1.10.7-xexa2gll6hf6okdatgrxiwhcjs2uepc7/spack-src/src/H5VM.c line 1464 in H5VM_opvv(): can't perform operation
    major: Internal error (too specific to document in detail)
    minor: Can't operate on object
  #007: /scratch/spack_cpu/job_21700923/spack-stage/spack-stage-hdf5-1.10.7-xexa2gll6hf6okdatgrxiwhcjs2uepc7/spack-src/src/H5Dcontig.c line 1029 in H5D__contig_writevv_sieve_cb(): block write failed
    major: Dataset
    minor: Write failed
  #008: /scratch/spack_cpu/job_21700923/spack-stage/spack-stage-hdf5-1.10.7-xexa2gll6hf6okdatgrxiwhcjs2uepc7/spack-src/src/H5Fio.c line 161 in H5F_block_write(): write through page buffer failed
    major: Low-level I/O
    minor: Write failed
  #009: /scratch/spack_cpu/job_21700923/spack-stage/spack-stage-hdf5-1.10.7-xexa2gll6hf6okdatgrxiwhcjs2uepc7/spack-src/src/H5PB.c line 1032 in H5PB_write(): write through metadata accumulator failed
    major: Page Buffering
    minor: Write failed
  #010: /scratch/spack_cpu/job_21700923/spack-stage/spack-stage-hdf5-1.10.7-xexa2gll6hf6okdatgrxiwhcjs2uepc7/spack-src/src/H5Faccum.c line 824 in H5F__accum_write(): file write failed
    major: Low-level I/O
    minor: Write failed
  #011: /scratch/spack_cpu/job_21700923/spack-stage/spack-stage-hdf5-1.10.7-xexa2gll6hf6okdatgrxiwhcjs2uepc7/spack-src/src/H5FDint.c line 249 in H5FD_write(): driver write request failed
    major: Virtual File Layer
    minor: Write failed
  #012: /scratch/spack_cpu/job_21700923/spack-stage/spack-stage-hdf5-1.10.7-xexa2gll6hf6okdatgrxiwhcjs2uepc7/spack-src/src/H5FDsec2.c line 856 in H5FD__sec2_write(): file write failed: time = Wed Nov 19 08:24:34 2025
, filename = 'checkpoint.h5', file descriptor = 5, errno = 14, error message = 'Bad address', buf = 0x1555537c4000, total write size = 15969552, bytes this sub-write = 15969552, bytes actually written = 18446744073709551615, offset = 0
    major: Low-level I/O
    minor: Write failed
HDF5-DIAG: Error detected in HDF5 (1.10.7) thread 0:
  #000: /scratch/spack_cpu/job_21700923/spack-stage/spack-stage-hdf5-1.10.7-xexa2gll6hf6okdatgrxiwhcjs2uepc7/spack-src/src/H5Dio.c line 335 in H5Dwrite(): can't write data
    major: Dataset
    minor: Write failed
  #001: /scratch/spack_cpu/job_21700923/spack-stage/spack-stage-hdf5-1.10.7-xexa2gll6hf6okdatgrxiwhcjs2uepc7/spack-src/src/H5Dio.c line 813 in H5D__write(): can't write data
    major: Dataset
    minor: Write failed
  #002: /scratch/spack_cpu/job_21700923/spack-stage/spack-stage-hdf5-1.10.7-xexa2gll6hf6okdatgrxiwhcjs2uepc7/spack-src/src/H5Dcontig.c line 659 in H5D__contig_write(): contiguous write failed
    major: Dataset
    minor: Write failed
  #003: /scratch/spack_cpu/job_21700923/spack-stage/spack-stage-hdf5-1.10.7-xexa2gll6hf6okdatgrxiwhcjs2uepc7/spack-src/src/H5Dselect.c line 321 in H5D__select_write(): write error
    major: Dataspace
    minor: Write failed
  #004: /scratch/spack_cpu/job_21700923/spack-stage/spack-stage-hdf5-1.10.7-xexa2gll6hf6okdatgrxiwhcjs2uepc7/spack-src/src/H5Dselect.c line 230 in H5D__select_io(): write error
    major: Dataspace
    minor: Write failed
  #005: /scratch/spack_cpu/job_21700923/spack-stage/spack-stage-hdf5-1.10.7-xexa2gll6hf6okdatgrxiwhcjs2uepc7/spack-src/src/H5Dcontig.c line 1281 in H5D__contig_writevv(): can't perform vectorized sieve buffer write
    major: Dataset
    minor: Can't operate on object
  #006: /scratch/spack_cpu/job_21700923/spack-stage/spack-stage-hdf5-1.10.7-xexa2gll6hf6okdatgrxiwhcjs2uepc7/spack-src/src/H5VM.c line 1464 in H5VM_opvv(): can't perform operation
    major: Internal error (too specific to document in detail)
    minor: Can't operate on object
  #007: /scratch/spack_cpu/job_21700923/spack-stage/spack-stage-hdf5-1.10.7-xexa2gll6hf6okdatgrxiwhcjs2uepc7/spack-src/src/H5Dcontig.c line 1029 in H5D__contig_writevv_sieve_cb(): block write failed
    major: Dataset
    minor: Write failed
  #008: /scratch/spack_cpu/job_21700923/spack-stage/spack-stage-hdf5-1.10.7-xexa2gll6hf6okdatgrxiwhcjs2uepc7/spack-src/src/H5Fio.c line 161 in H5F_block_write(): write through page buffer failed
    major: Low-level I/O
    minor: Write failed
  #009: /scratch/spack_cpu/job_21700923/spack-stage/spack-stage-hdf5-1.10.7-xexa2gll6hf6okdatgrxiwhcjs2uepc7/spack-src/src/H5PB.c line 1032 in H5PB_write(): write through metadata accumulator failed
    major: Page Buffering
    minor: Write failed
  #010: /scratch/spack_cpu/job_21700923/spack-stage/spack-stage-hdf5-1.10.7-xexa2gll6hf6okdatgrxiwhcjs2uepc7/spack-src/src/H5Faccum.c line 824 in H5F__accum_write(): file write failed
    major: Low-level I/O
    minor: Write failed
  #011: /scratch/spack_cpu/job_21700923/spack-stage/spack-stage-hdf5-1.10.7-xexa2gll6hf6okdatgrxiwhcjs2uepc7/spack-src/src/H5FDint.c line 249 in H5FD_write(): driver write request failed
    major: Virtual File Layer
    minor: Write failed
  #012: /scratch/spack_cpu/job_21700923/spack-stage/spack-stage-hdf5-1.10.7-xexa2gll6hf6okdatgrxiwhcjs2uepc7/spack-src/src/H5FDsec2.c line 856 in H5FD__sec2_write(): file write failed: time = Wed Nov 19 08:24:41 2025
, filename = 'checkpoint.h5', file descriptor = 5, errno = 14, error message = 'Bad address', buf = 0x1555537c4000, total write size = 15969552, bytes this sub-write = 15969552, bytes actually written = 18446744073709551615, offset = 0
    major: Low-level I/O
    minor: Write failed
HDF5-DIAG: Error detected in HDF5 (1.10.7) thread 0:
  #000: /scratch/spack_cpu/job_21700923/spack-stage/spack-stage-hdf5-1.10.7-xexa2gll6hf6okdatgrxiwhcjs2uepc7/spack-src/src/H5Dio.c line 335 in H5Dwrite(): can't write data
    major: Dataset
    minor: Write failed
  #001: /scratch/spack_cpu/job_21700923/spack-stage/spack-stage-hdf5-1.10.7-xexa2gll6hf6okdatgrxiwhcjs2uepc7/spack-src/src/H5Dio.c line 813 in H5D__write(): can't write data
    major: Dataset
    minor: Write failed
  #002: /scratch/spack_cpu/job_21700923/spack-stage/spack-stage-hdf5-1.10.7-xexa2gll6hf6okdatgrxiwhcjs2uepc7/spack-src/src/H5Dcontig.c line 659 in H5D__contig_write(): contiguous write failed
    major: Dataset
    minor: Write failed
  #003: /scratch/spack_cpu/job_21700923/spack-stage/spack-stage-hdf5-1.10.7-xexa2gll6hf6okdatgrxiwhcjs2uepc7/spack-src/src/H5Dselect.c line 321 in H5D__select_write(): write error
    major: Dataspace
    minor: Write failed
  #004: /scratch/spack_cpu/job_21700923/spack-stage/spack-stage-hdf5-1.10.7-xexa2gll6hf6okdatgrxiwhcjs2uepc7/spack-src/src/H5Dselect.c line 230 in H5D__select_io(): write error
    major: Dataspace
    minor: Write failed
  #005: /scratch/spack_cpu/job_21700923/spack-stage/spack-stage-hdf5-1.10.7-xexa2gll6hf6okdatgrxiwhcjs2uepc7/spack-src/src/H5Dcontig.c line 1281 in H5D__contig_writevv(): can't perform vectorized sieve buffer write
    major: Dataset
    minor: Can't operate on object
  #006: /scratch/spack_cpu/job_21700923/spack-stage/spack-stage-hdf5-1.10.7-xexa2gll6hf6okdatgrxiwhcjs2uepc7/spack-src/src/H5VM.c line 1464 in H5VM_opvv(): can't perform operation
    major: Internal error (too specific to document in detail)
    minor: Can't operate on object
  #007: /scratch/spack_cpu/job_21700923/spack-stage/spack-stage-hdf5-1.10.7-xexa2gll6hf6okdatgrxiwhcjs2uepc7/spack-src/src/H5Dcontig.c line 1029 in H5D__contig_writevv_sieve_cb(): block write failed
    major: Dataset
    minor: Write failed
  #008: /scratch/spack_cpu/job_21700923/spack-stage/spack-stage-hdf5-1.10.7-xexa2gll6hf6okdatgrxiwhcjs2uepc7/spack-src/src/H5Fio.c line 161 in H5F_block_write(): write through page buffer failed
    major: Low-level I/O
    minor: Write failed
  #009: /scratch/spack_cpu/job_21700923/spack-stage/spack-stage-hdf5-1.10.7-xexa2gll6hf6okdatgrxiwhcjs2uepc7/spack-src/src/H5PB.c line 1032 in H5PB_write(): write through metadata accumulator failed
    major: Page Buffering
    minor: Write failed
  #010: /scratch/spack_cpu/job_21700923/spack-stage/spack-stage-hdf5-1.10.7-xexa2gll6hf6okdatgrxiwhcjs2uepc7/spack-src/src/H5Faccum.c line 824 in H5F__accum_write(): file write failed
    major: Low-level I/O
    minor: Write failed
  #011: /scratch/spack_cpu/job_21700923/spack-stage/spack-stage-hdf5-1.10.7-xexa2gll6hf6okdatgrxiwhcjs2uepc7/spack-src/src/H5FDint.c line 249 in H5FD_write(): driver write request failed
    major: Virtual File Layer
    minor: Write failed
  #012: /scratch/spack_cpu/job_21700923/spack-stage/spack-stage-hdf5-1.10.7-xexa2gll6hf6okdatgrxiwhcjs2uepc7/spack-src/src/H5FDsec2.c line 856 in H5FD__sec2_write(): file write failed: time = Wed Nov 19 08:24:48 2025
, filename = 'checkpoint.h5', file descriptor = 5, errno = 14, error message = 'Bad address', buf = 0x1555537c4000, total write size = 15969552, bytes this sub-write = 15969552, bytes actually written = 18446744073709551615, offset = 0
    major: Low-level I/O
    minor: Write failed
HDF5-DIAG: Error detected in HDF5 (1.10.7) thread 0:
  #000: /scratch/spack_cpu/job_21700923/spack-stage/spack-stage-hdf5-1.10.7-xexa2gll6hf6okdatgrxiwhcjs2uepc7/spack-src/src/H5Dio.c line 335 in H5Dwrite(): can't write data
    major: Dataset
    minor: Write failed
  #001: /scratch/spack_cpu/job_21700923/spack-stage/spack-stage-hdf5-1.10.7-xexa2gll6hf6okdatgrxiwhcjs2uepc7/spack-src/src/H5Dio.c line 813 in H5D__write(): can't write data
    major: Dataset
    minor: Write failed
  #002: /scratch/spack_cpu/job_21700923/spack-stage/spack-stage-hdf5-1.10.7-xexa2gll6hf6okdatgrxiwhcjs2uepc7/spack-src/src/H5Dcontig.c line 659 in H5D__contig_write(): contiguous write failed
    major: Dataset
    minor: Write failed
  #003: /scratch/spack_cpu/job_21700923/spack-stage/spack-stage-hdf5-1.10.7-xexa2gll6hf6okdatgrxiwhcjs2uepc7/spack-src/src/H5Dselect.c line 321 in H5D__select_write(): write error
    major: Dataspace
    minor: Write failed
  #004: /scratch/spack_cpu/job_21700923/spack-stage/spack-stage-hdf5-1.10.7-xexa2gll6hf6okdatgrxiwhcjs2uepc7/spack-src/src/H5Dselect.c line 230 in H5D__select_io(): write error
    major: Dataspace
    minor: Write failed
  #005: /scratch/spack_cpu/job_21700923/spack-stage/spack-stage-hdf5-1.10.7-xexa2gll6hf6okdatgrxiwhcjs2uepc7/spack-src/src/H5Dcontig.c line 1281 in H5D__contig_writevv(): can't perform vectorized sieve buffer write
    major: Dataset
    minor: Can't operate on object
  #006: /scratch/spack_cpu/job_21700923/spack-stage/spack-stage-hdf5-1.10.7-xexa2gll6hf6okdatgrxiwhcjs2uepc7/spack-src/src/H5VM.c line 1464 in H5VM_opvv(): can't perform operation
    major: Internal error (too specific to document in detail)
    minor: Can't operate on object
  #007: /scratch/spack_cpu/job_21700923/spack-stage/spack-stage-hdf5-1.10.7-xexa2gll6hf6okdatgrxiwhcjs2uepc7/spack-src/src/H5Dcontig.c line 1029 in H5D__contig_writevv_sieve_cb(): block write failed
    major: Dataset
    minor: Write failed
  #008: /scratch/spack_cpu/job_21700923/spack-stage/spack-stage-hdf5-1.10.7-xexa2gll6hf6okdatgrxiwhcjs2uepc7/spack-src/src/H5Fio.c line 161 in H5F_block_write(): write through page buffer failed
    major: Low-level I/O
    minor: Write failed
  #009: /scratch/spack_cpu/job_21700923/spack-stage/spack-stage-hdf5-1.10.7-xexa2gll6hf6okdatgrxiwhcjs2uepc7/spack-src/src/H5PB.c line 1032 in H5PB_write(): write through metadata accumulator failed
    major: Page Buffering
    minor: Write failed
  #010: /scratch/spack_cpu/job_21700923/spack-stage/spack-stage-hdf5-1.10.7-xexa2gll6hf6okdatgrxiwhcjs2uepc7/spack-src/src/H5Faccum.c line 824 in H5F__accum_write(): file write failed
    major: Low-level I/O
    minor: Write failed
  #011: /scratch/spack_cpu/job_21700923/spack-stage/spack-stage-hdf5-1.10.7-xexa2gll6hf6okdatgrxiwhcjs2uepc7/spack-src/src/H5FDint.c line 249 in H5FD_write(): driver write request failed
    major: Virtual File Layer
    minor: Write failed
  #012: /scratch/spack_cpu/job_21700923/spack-stage/spack-stage-hdf5-1.10.7-xexa2gll6hf6okdatgrxiwhcjs2uepc7/spack-src/src/H5FDsec2.c line 856 in H5FD__sec2_write(): file write failed: time = Wed Nov 19 08:24:55 2025
, filename = 'checkpoint.h5', file descriptor = 5, errno = 14, error message = 'Bad address', buf = 0x1555537c4000, total write size = 15969552, bytes this sub-write = 15969552, bytes actually written = 18446744073709551615, offset = 0
    major: Low-level I/O
    minor: Write failed
HDF5-DIAG: Error detected in HDF5 (1.10.7) thread 0:
  #000: /scratch/spack_cpu/job_21700923/spack-stage/spack-stage-hdf5-1.10.7-xexa2gll6hf6okdatgrxiwhcjs2uepc7/spack-src/src/H5Dio.c line 335 in H5Dwrite(): can't write data
    major: Dataset
    minor: Write failed
  #001: /scratch/spack_cpu/job_21700923/spack-stage/spack-stage-hdf5-1.10.7-xexa2gll6hf6okdatgrxiwhcjs2uepc7/spack-src/src/H5Dio.c line 813 in H5D__write(): can't write data
    major: Dataset
    minor: Write failed
  #002: /scratch/spack_cpu/job_21700923/spack-stage/spack-stage-hdf5-1.10.7-xexa2gll6hf6okdatgrxiwhcjs2uepc7/spack-src/src/H5Dcontig.c line 659 in H5D__contig_write(): contiguous write failed
    major: Dataset
    minor: Write failed
  #003: /scratch/spack_cpu/job_21700923/spack-stage/spack-stage-hdf5-1.10.7-xexa2gll6hf6okdatgrxiwhcjs2uepc7/spack-src/src/H5Dselect.c line 321 in H5D__select_write(): write error
    major: Dataspace
    minor: Write failed
  #004: /scratch/spack_cpu/job_21700923/spack-stage/spack-stage-hdf5-1.10.7-xexa2gll6hf6okdatgrxiwhcjs2uepc7/spack-src/src/H5Dselect.c line 230 in H5D__select_io(): write error
    major: Dataspace
    minor: Write failed
  #005: /scratch/spack_cpu/job_21700923/spack-stage/spack-stage-hdf5-1.10.7-xexa2gll6hf6okdatgrxiwhcjs2uepc7/spack-src/src/H5Dcontig.c line 1281 in H5D__contig_writevv(): can't perform vectorized sieve buffer write
    major: Dataset
    minor: Can't operate on object
  #006: /scratch/spack_cpu/job_21700923/spack-stage/spack-stage-hdf5-1.10.7-xexa2gll6hf6okdatgrxiwhcjs2uepc7/spack-src/src/H5VM.c line 1464 in H5VM_opvv(): can't perform operation
    major: Internal error (too specific to document in detail)
    minor: Can't operate on object
  #007: /scratch/spack_cpu/job_21700923/spack-stage/spack-stage-hdf5-1.10.7-xexa2gll6hf6okdatgrxiwhcjs2uepc7/spack-src/src/H5Dcontig.c line 1029 in H5D__contig_writevv_sieve_cb(): block write failed
    major: Dataset
    minor: Write failed
  #008: /scratch/spack_cpu/job_21700923/spack-stage/spack-stage-hdf5-1.10.7-xexa2gll6hf6okdatgrxiwhcjs2uepc7/spack-src/src/H5Fio.c line 161 in H5F_block_write(): write through page buffer failed
    major: Low-level I/O
    minor: Write failed
  #009: /scratch/spack_cpu/job_21700923/spack-stage/spack-stage-hdf5-1.10.7-xexa2gll6hf6okdatgrxiwhcjs2uepc7/spack-src/src/H5PB.c line 1032 in H5PB_write(): write through metadata accumulator failed
    major: Page Buffering
    minor: Write failed
  #010: /scratch/spack_cpu/job_21700923/spack-stage/spack-stage-hdf5-1.10.7-xexa2gll6hf6okdatgrxiwhcjs2uepc7/spack-src/src/H5Faccum.c line 824 in H5F__accum_write(): file write failed
    major: Low-level I/O
    minor: Write failed
  #011: /scratch/spack_cpu/job_21700923/spack-stage/spack-stage-hdf5-1.10.7-xexa2gll6hf6okdatgrxiwhcjs2uepc7/spack-src/src/H5FDint.c line 249 in H5FD_write(): driver write request failed
    major: Virtual File Layer
    minor: Write failed
  #012: /scratch/spack_cpu/job_21700923/spack-stage/spack-stage-hdf5-1.10.7-xexa2gll6hf6okdatgrxiwhcjs2uepc7/spack-src/src/H5FDsec2.c line 856 in H5FD__sec2_write(): file write failed: time = Wed Nov 19 08:25:02 2025
, filename = 'checkpoint.h5', file descriptor = 5, errno = 14, error message = 'Bad address', buf = 0x1555537c4000, total write size = 15969552, bytes this sub-write = 15969552, bytes actually written = 18446744073709551615, offset = 0
    major: Low-level I/O
    minor: Write failed
HDF5-DIAG: Error detected in HDF5 (1.10.7) thread 0:
  #000: /scratch/spack_cpu/job_21700923/spack-stage/spack-stage-hdf5-1.10.7-xexa2gll6hf6okdatgrxiwhcjs2uepc7/spack-src/src/H5Dio.c line 335 in H5Dwrite(): can't write data
    major: Dataset
    minor: Write failed
  #001: /scratch/spack_cpu/job_21700923/spack-stage/spack-stage-hdf5-1.10.7-xexa2gll6hf6okdatgrxiwhcjs2uepc7/spack-src/src/H5Dio.c line 813 in H5D__write(): can't write data
    major: Dataset
    minor: Write failed
  #002: /scratch/spack_cpu/job_21700923/spack-stage/spack-stage-hdf5-1.10.7-xexa2gll6hf6okdatgrxiwhcjs2uepc7/spack-src/src/H5Dcontig.c line 659 in H5D__contig_write(): contiguous write failed
    major: Dataset
    minor: Write failed
  #003: /scratch/spack_cpu/job_21700923/spack-stage/spack-stage-hdf5-1.10.7-xexa2gll6hf6okdatgrxiwhcjs2uepc7/spack-src/src/H5Dselect.c line 321 in H5D__select_write(): write error
    major: Dataspace
    minor: Write failed
  #004: /scratch/spack_cpu/job_21700923/spack-stage/spack-stage-hdf5-1.10.7-xexa2gll6hf6okdatgrxiwhcjs2uepc7/spack-src/src/H5Dselect.c line 230 in H5D__select_io(): write error
    major: Dataspace
    minor: Write failed
  #005: /scratch/spack_cpu/job_21700923/spack-stage/spack-stage-hdf5-1.10.7-xexa2gll6hf6okdatgrxiwhcjs2uepc7/spack-src/src/H5Dcontig.c line 1281 in H5D__contig_writevv(): can't perform vectorized sieve buffer write
    major: Dataset
    minor: Can't operate on object
  #006: /scratch/spack_cpu/job_21700923/spack-stage/spack-stage-hdf5-1.10.7-xexa2gll6hf6okdatgrxiwhcjs2uepc7/spack-src/src/H5VM.c line 1464 in H5VM_opvv(): can't perform operation
    major: Internal error (too specific to document in detail)
    minor: Can't operate on object
  #007: /scratch/spack_cpu/job_21700923/spack-stage/spack-stage-hdf5-1.10.7-xexa2gll6hf6okdatgrxiwhcjs2uepc7/spack-src/src/H5Dcontig.c line 1029 in H5D__contig_writevv_sieve_cb(): block write failed
    major: Dataset
    minor: Write failed
  #008: /scratch/spack_cpu/job_21700923/spack-stage/spack-stage-hdf5-1.10.7-xexa2gll6hf6okdatgrxiwhcjs2uepc7/spack-src/src/H5Fio.c line 161 in H5F_block_write(): write through page buffer failed
    major: Low-level I/O
    minor: Write failed
  #009: /scratch/spack_cpu/job_21700923/spack-stage/spack-stage-hdf5-1.10.7-xexa2gll6hf6okdatgrxiwhcjs2uepc7/spack-src/src/H5PB.c line 1032 in H5PB_write(): write through metadata accumulator failed
    major: Page Buffering
    minor: Write failed
  #010: /scratch/spack_cpu/job_21700923/spack-stage/spack-stage-hdf5-1.10.7-xexa2gll6hf6okdatgrxiwhcjs2uepc7/spack-src/src/H5Faccum.c line 824 in H5F__accum_write(): file write failed
    major: Low-level I/O
    minor: Write failed
  #011: /scratch/spack_cpu/job_21700923/spack-stage/spack-stage-hdf5-1.10.7-xexa2gll6hf6okdatgrxiwhcjs2uepc7/spack-src/src/H5FDint.c line 249 in H5FD_write(): driver write request failed
    major: Virtual File Layer
    minor: Write failed
  #012: /scratch/spack_cpu/job_21700923/spack-stage/spack-stage-hdf5-1.10.7-xexa2gll6hf6okdatgrxiwhcjs2uepc7/spack-src/src/H5FDsec2.c line 856 in H5FD__sec2_write(): file write failed: time = Wed Nov 19 08:25:08 2025
, filename = 'checkpoint.h5', file descriptor = 5, errno = 14, error message = 'Bad address', buf = 0x1555537c4000, total write size = 15969552, bytes this sub-write = 15969552, bytes actually written = 18446744073709551615, offset = 0
    major: Low-level I/O
    minor: Write failed
HDF5-DIAG: Error detected in HDF5 (1.10.7) thread 0:
  #000: /scratch/spack_cpu/job_21700923/spack-stage/spack-stage-hdf5-1.10.7-xexa2gll6hf6okdatgrxiwhcjs2uepc7/spack-src/src/H5Dio.c line 335 in H5Dwrite(): can't write data
    major: Dataset
    minor: Write failed
  #001: /scratch/spack_cpu/job_21700923/spack-stage/spack-stage-hdf5-1.10.7-xexa2gll6hf6okdatgrxiwhcjs2uepc7/spack-src/src/H5Dio.c line 813 in H5D__write(): can't write data
    major: Dataset
    minor: Write failed
  #002: /scratch/spack_cpu/job_21700923/spack-stage/spack-stage-hdf5-1.10.7-xexa2gll6hf6okdatgrxiwhcjs2uepc7/spack-src/src/H5Dcontig.c line 659 in H5D__contig_write(): contiguous write failed
    major: Dataset
    minor: Write failed
  #003: /scratch/spack_cpu/job_21700923/spack-stage/spack-stage-hdf5-1.10.7-xexa2gll6hf6okdatgrxiwhcjs2uepc7/spack-src/src/H5Dselect.c line 321 in H5D__select_write(): write error
    major: Dataspace
    minor: Write failed
  #004: /scratch/spack_cpu/job_21700923/spack-stage/spack-stage-hdf5-1.10.7-xexa2gll6hf6okdatgrxiwhcjs2uepc7/spack-src/src/H5Dselect.c line 230 in H5D__select_io(): write error
    major: Dataspace
    minor: Write failed
  #005: /scratch/spack_cpu/job_21700923/spack-stage/spack-stage-hdf5-1.10.7-xexa2gll6hf6okdatgrxiwhcjs2uepc7/spack-src/src/H5Dcontig.c line 1281 in H5D__contig_writevv(): can't perform vectorized sieve buffer write
    major: Dataset
    minor: Can't operate on object
  #006: /scratch/spack_cpu/job_21700923/spack-stage/spack-stage-hdf5-1.10.7-xexa2gll6hf6okdatgrxiwhcjs2uepc7/spack-src/src/H5VM.c line 1464 in H5VM_opvv(): can't perform operation
    major: Internal error (too specific to document in detail)
    minor: Can't operate on object
  #007: /scratch/spack_cpu/job_21700923/spack-stage/spack-stage-hdf5-1.10.7-xexa2gll6hf6okdatgrxiwhcjs2uepc7/spack-src/src/H5Dcontig.c line 1029 in H5D__contig_writevv_sieve_cb(): block write failed
    major: Dataset
    minor: Write failed
  #008: /scratch/spack_cpu/job_21700923/spack-stage/spack-stage-hdf5-1.10.7-xexa2gll6hf6okdatgrxiwhcjs2uepc7/spack-src/src/H5Fio.c line 161 in H5F_block_write(): write through page buffer failed
    major: Low-level I/O
    minor: Write failed
  #009: /scratch/spack_cpu/job_21700923/spack-stage/spack-stage-hdf5-1.10.7-xexa2gll6hf6okdatgrxiwhcjs2uepc7/spack-src/src/H5PB.c line 1032 in H5PB_write(): write through metadata accumulator failed
    major: Page Buffering
    minor: Write failed
  #010: /scratch/spack_cpu/job_21700923/spack-stage/spack-stage-hdf5-1.10.7-xexa2gll6hf6okdatgrxiwhcjs2uepc7/spack-src/src/H5Faccum.c line 824 in H5F__accum_write(): file write failed
    major: Low-level I/O
    minor: Write failed
  #011: /scratch/spack_cpu/job_21700923/spack-stage/spack-stage-hdf5-1.10.7-xexa2gll6hf6okdatgrxiwhcjs2uepc7/spack-src/src/H5FDint.c line 249 in H5FD_write(): driver write request failed
    major: Virtual File Layer
    minor: Write failed
  #012: /scratch/spack_cpu/job_21700923/spack-stage/spack-stage-hdf5-1.10.7-xexa2gll6hf6okdatgrxiwhcjs2uepc7/spack-src/src/H5FDsec2.c line 856 in H5FD__sec2_write(): file write failed: time = Wed Nov 19 08:25:15 2025
, filename = 'checkpoint.h5', file descriptor = 5, errno = 14, error message = 'Bad address', buf = 0x1555537c4000, total write size = 15969552, bytes this sub-write = 15969552, bytes actually written = 18446744073709551615, offset = 0
    major: Low-level I/O
    minor: Write failed
HDF5-DIAG: Error detected in HDF5 (1.10.7) thread 0:
  #000: /scratch/spack_cpu/job_21700923/spack-stage/spack-stage-hdf5-1.10.7-xexa2gll6hf6okdatgrxiwhcjs2uepc7/spack-src/src/H5Dio.c line 335 in H5Dwrite(): can't write data
    major: Dataset
    minor: Write failed
  #001: /scratch/spack_cpu/job_21700923/spack-stage/spack-stage-hdf5-1.10.7-xexa2gll6hf6okdatgrxiwhcjs2uepc7/spack-src/src/H5Dio.c line 813 in H5D__write(): can't write data
    major: Dataset
    minor: Write failed
  #002: /scratch/spack_cpu/job_21700923/spack-stage/spack-stage-hdf5-1.10.7-xexa2gll6hf6okdatgrxiwhcjs2uepc7/spack-src/src/H5Dcontig.c line 659 in H5D__contig_write(): contiguous write failed
    major: Dataset
    minor: Write failed
  #003: /scratch/spack_cpu/job_21700923/spack-stage/spack-stage-hdf5-1.10.7-xexa2gll6hf6okdatgrxiwhcjs2uepc7/spack-src/src/H5Dselect.c line 321 in H5D__select_write(): write error
    major: Dataspace
    minor: Write failed
  #004: /scratch/spack_cpu/job_21700923/spack-stage/spack-stage-hdf5-1.10.7-xexa2gll6hf6okdatgrxiwhcjs2uepc7/spack-src/src/H5Dselect.c line 230 in H5D__select_io(): write error
    major: Dataspace
    minor: Write failed
  #005: /scratch/spack_cpu/job_21700923/spack-stage/spack-stage-hdf5-1.10.7-xexa2gll6hf6okdatgrxiwhcjs2uepc7/spack-src/src/H5Dcontig.c line 1281 in H5D__contig_writevv(): can't perform vectorized sieve buffer write
    major: Dataset
    minor: Can't operate on object
  #006: /scratch/spack_cpu/job_21700923/spack-stage/spack-stage-hdf5-1.10.7-xexa2gll6hf6okdatgrxiwhcjs2uepc7/spack-src/src/H5VM.c line 1464 in H5VM_opvv(): can't perform operation
    major: Internal error (too specific to document in detail)
    minor: Can't operate on object
  #007: /scratch/spack_cpu/job_21700923/spack-stage/spack-stage-hdf5-1.10.7-xexa2gll6hf6okdatgrxiwhcjs2uepc7/spack-src/src/H5Dcontig.c line 1029 in H5D__contig_writevv_sieve_cb(): block write failed
    major: Dataset
    minor: Write failed
  #008: /scratch/spack_cpu/job_21700923/spack-stage/spack-stage-hdf5-1.10.7-xexa2gll6hf6okdatgrxiwhcjs2uepc7/spack-src/src/H5Fio.c line 161 in H5F_block_write(): write through page buffer failed
    major: Low-level I/O
    minor: Write failed
  #009: /scratch/spack_cpu/job_21700923/spack-stage/spack-stage-hdf5-1.10.7-xexa2gll6hf6okdatgrxiwhcjs2uepc7/spack-src/src/H5PB.c line 1032 in H5PB_write(): write through metadata accumulator failed
    major: Page Buffering
    minor: Write failed
  #010: /scratch/spack_cpu/job_21700923/spack-stage/spack-stage-hdf5-1.10.7-xexa2gll6hf6okdatgrxiwhcjs2uepc7/spack-src/src/H5Faccum.c line 824 in H5F__accum_write(): file write failed
    major: Low-level I/O
    minor: Write failed
  #011: /scratch/spack_cpu/job_21700923/spack-stage/spack-stage-hdf5-1.10.7-xexa2gll6hf6okdatgrxiwhcjs2uepc7/spack-src/src/H5FDint.c line 249 in H5FD_write(): driver write request failed
    major: Virtual File Layer
    minor: Write failed
  #012: /scratch/spack_cpu/job_21700923/spack-stage/spack-stage-hdf5-1.10.7-xexa2gll6hf6okdatgrxiwhcjs2uepc7/spack-src/src/H5FDsec2.c line 856 in H5FD__sec2_write(): file write failed: time = Wed Nov 19 08:25:22 2025
, filename = 'checkpoint.h5', file descriptor = 5, errno = 14, error message = 'Bad address', buf = 0x1555537c4000, total write size = 15969552, bytes this sub-write = 15969552, bytes actually written = 18446744073709551615, offset = 0
    major: Low-level I/O
    minor: Write failed
HDF5-DIAG: Error detected in HDF5 (1.10.7) thread 0:
  #000: /scratch/spack_cpu/job_21700923/spack-stage/spack-stage-hdf5-1.10.7-xexa2gll6hf6okdatgrxiwhcjs2uepc7/spack-src/src/H5Dio.c line 335 in H5Dwrite(): can't write data
    major: Dataset
    minor: Write failed
  #001: /scratch/spack_cpu/job_21700923/spack-stage/spack-stage-hdf5-1.10.7-xexa2gll6hf6okdatgrxiwhcjs2uepc7/spack-src/src/H5Dio.c line 813 in H5D__write(): can't write data
    major: Dataset
    minor: Write failed
  #002: /scratch/spack_cpu/job_21700923/spack-stage/spack-stage-hdf5-1.10.7-xexa2gll6hf6okdatgrxiwhcjs2uepc7/spack-src/src/H5Dcontig.c line 659 in H5D__contig_write(): contiguous write failed
    major: Dataset
    minor: Write failed
  #003: /scratch/spack_cpu/job_21700923/spack-stage/spack-stage-hdf5-1.10.7-xexa2gll6hf6okdatgrxiwhcjs2uepc7/spack-src/src/H5Dselect.c line 321 in H5D__select_write(): write error
    major: Dataspace
    minor: Write failed
  #004: /scratch/spack_cpu/job_21700923/spack-stage/spack-stage-hdf5-1.10.7-xexa2gll6hf6okdatgrxiwhcjs2uepc7/spack-src/src/H5Dselect.c line 230 in H5D__select_io(): write error
    major: Dataspace
    minor: Write failed
  #005: /scratch/spack_cpu/job_21700923/spack-stage/spack-stage-hdf5-1.10.7-xexa2gll6hf6okdatgrxiwhcjs2uepc7/spack-src/src/H5Dcontig.c line 1281 in H5D__contig_writevv(): can't perform vectorized sieve buffer write
    major: Dataset
    minor: Can't operate on object
  #006: /scratch/spack_cpu/job_21700923/spack-stage/spack-stage-hdf5-1.10.7-xexa2gll6hf6okdatgrxiwhcjs2uepc7/spack-src/src/H5VM.c line 1464 in H5VM_opvv(): can't perform operation
    major: Internal error (too specific to document in detail)
    minor: Can't operate on object
  #007: /scratch/spack_cpu/job_21700923/spack-stage/spack-stage-hdf5-1.10.7-xexa2gll6hf6okdatgrxiwhcjs2uepc7/spack-src/src/H5Dcontig.c line 1029 in H5D__contig_writevv_sieve_cb(): block write failed
    major: Dataset
    minor: Write failed
  #008: /scratch/spack_cpu/job_21700923/spack-stage/spack-stage-hdf5-1.10.7-xexa2gll6hf6okdatgrxiwhcjs2uepc7/spack-src/src/H5Fio.c line 161 in H5F_block_write(): write through page buffer failed
    major: Low-level I/O
    minor: Write failed
  #009: /scratch/spack_cpu/job_21700923/spack-stage/spack-stage-hdf5-1.10.7-xexa2gll6hf6okdatgrxiwhcjs2uepc7/spack-src/src/H5PB.c line 1032 in H5PB_write(): write through metadata accumulator failed
    major: Page Buffering
    minor: Write failed
  #010: /scratch/spack_cpu/job_21700923/spack-stage/spack-stage-hdf5-1.10.7-xexa2gll6hf6okdatgrxiwhcjs2uepc7/spack-src/src/H5Faccum.c line 824 in H5F__accum_write(): file write failed
    major: Low-level I/O
    minor: Write failed
  #011: /scratch/spack_cpu/job_21700923/spack-stage/spack-stage-hdf5-1.10.7-xexa2gll6hf6okdatgrxiwhcjs2uepc7/spack-src/src/H5FDint.c line 249 in H5FD_write(): driver write request failed
    major: Virtual File Layer
    minor: Write failed
  #012: /scratch/spack_cpu/job_21700923/spack-stage/spack-stage-hdf5-1.10.7-xexa2gll6hf6okdatgrxiwhcjs2uepc7/spack-src/src/H5FDsec2.c line 856 in H5FD__sec2_write(): file write failed: time = Wed Nov 19 08:25:29 2025
, filename = 'checkpoint.h5', file descriptor = 5, errno = 14, error message = 'Bad address', buf = 0x1555537c4000, total write size = 15969552, bytes this sub-write = 15969552, bytes actually written = 18446744073709551615, offset = 0
    major: Low-level I/O
    minor: Write failed
HDF5-DIAG: Error detected in HDF5 (1.10.7) thread 0:
  #000: /scratch/spack_cpu/job_21700923/spack-stage/spack-stage-hdf5-1.10.7-xexa2gll6hf6okdatgrxiwhcjs2uepc7/spack-src/src/H5Dio.c line 335 in H5Dwrite(): can't write data
    major: Dataset
    minor: Write failed
  #001: /scratch/spack_cpu/job_21700923/spack-stage/spack-stage-hdf5-1.10.7-xexa2gll6hf6okdatgrxiwhcjs2uepc7/spack-src/src/H5Dio.c line 813 in H5D__write(): can't write data
    major: Dataset
    minor: Write failed
  #002: /scratch/spack_cpu/job_21700923/spack-stage/spack-stage-hdf5-1.10.7-xexa2gll6hf6okdatgrxiwhcjs2uepc7/spack-src/src/H5Dcontig.c line 659 in H5D__contig_write(): contiguous write failed
    major: Dataset
    minor: Write failed
  #003: /scratch/spack_cpu/job_21700923/spack-stage/spack-stage-hdf5-1.10.7-xexa2gll6hf6okdatgrxiwhcjs2uepc7/spack-src/src/H5Dselect.c line 321 in H5D__select_write(): write error
    major: Dataspace
    minor: Write failed
  #004: /scratch/spack_cpu/job_21700923/spack-stage/spack-stage-hdf5-1.10.7-xexa2gll6hf6okdatgrxiwhcjs2uepc7/spack-src/src/H5Dselect.c line 230 in H5D__select_io(): write error
    major: Dataspace
    minor: Write failed
  #005: /scratch/spack_cpu/job_21700923/spack-stage/spack-stage-hdf5-1.10.7-xexa2gll6hf6okdatgrxiwhcjs2uepc7/spack-src/src/H5Dcontig.c line 1281 in H5D__contig_writevv(): can't perform vectorized sieve buffer write
    major: Dataset
    minor: Can't operate on object
  #006: /scratch/spack_cpu/job_21700923/spack-stage/spack-stage-hdf5-1.10.7-xexa2gll6hf6okdatgrxiwhcjs2uepc7/spack-src/src/H5VM.c line 1464 in H5VM_opvv(): can't perform operation
    major: Internal error (too specific to document in detail)
    minor: Can't operate on object
  #007: /scratch/spack_cpu/job_21700923/spack-stage/spack-stage-hdf5-1.10.7-xexa2gll6hf6okdatgrxiwhcjs2uepc7/spack-src/src/H5Dcontig.c line 1029 in H5D__contig_writevv_sieve_cb(): block write failed
    major: Dataset
    minor: Write failed
  #008: /scratch/spack_cpu/job_21700923/spack-stage/spack-stage-hdf5-1.10.7-xexa2gll6hf6okdatgrxiwhcjs2uepc7/spack-src/src/H5Fio.c line 161 in H5F_block_write(): write through page buffer failed
    major: Low-level I/O
    minor: Write failed
  #009: /scratch/spack_cpu/job_21700923/spack-stage/spack-stage-hdf5-1.10.7-xexa2gll6hf6okdatgrxiwhcjs2uepc7/spack-src/src/H5PB.c line 1032 in H5PB_write(): write through metadata accumulator failed
    major: Page Buffering
    minor: Write failed
  #010: /scratch/spack_cpu/job_21700923/spack-stage/spack-stage-hdf5-1.10.7-xexa2gll6hf6okdatgrxiwhcjs2uepc7/spack-src/src/H5Faccum.c line 824 in H5F__accum_write(): file write failed
    major: Low-level I/O
    minor: Write failed
  #011: /scratch/spack_cpu/job_21700923/spack-stage/spack-stage-hdf5-1.10.7-xexa2gll6hf6okdatgrxiwhcjs2uepc7/spack-src/src/H5FDint.c line 249 in H5FD_write(): driver write request failed
    major: Virtual File Layer
    minor: Write failed
  #012: /scratch/spack_cpu/job_21700923/spack-stage/spack-stage-hdf5-1.10.7-xexa2gll6hf6okdatgrxiwhcjs2uepc7/spack-src/src/H5FDsec2.c line 856 in H5FD__sec2_write(): file write failed: time = Wed Nov 19 08:25:36 2025
, filename = 'checkpoint.h5', file descriptor = 5, errno = 14, error message = 'Bad address', buf = 0x1555537c4000, total write size = 15969552, bytes this sub-write = 15969552, bytes actually written = 18446744073709551615, offset = 0
    major: Low-level I/O
    minor: Write failed
HDF5-DIAG: Error detected in HDF5 (1.10.7) thread 0:
  #000: /scratch/spack_cpu/job_21700923/spack-stage/spack-stage-hdf5-1.10.7-xexa2gll6hf6okdatgrxiwhcjs2uepc7/spack-src/src/H5Dio.c line 335 in H5Dwrite(): can't write data
    major: Dataset
    minor: Write failed
  #001: /scratch/spack_cpu/job_21700923/spack-stage/spack-stage-hdf5-1.10.7-xexa2gll6hf6okdatgrxiwhcjs2uepc7/spack-src/src/H5Dio.c line 813 in H5D__write(): can't write data
    major: Dataset
    minor: Write failed
  #002: /scratch/spack_cpu/job_21700923/spack-stage/spack-stage-hdf5-1.10.7-xexa2gll6hf6okdatgrxiwhcjs2uepc7/spack-src/src/H5Dcontig.c line 659 in H5D__contig_write(): contiguous write failed
    major: Dataset
    minor: Write failed
  #003: /scratch/spack_cpu/job_21700923/spack-stage/spack-stage-hdf5-1.10.7-xexa2gll6hf6okdatgrxiwhcjs2uepc7/spack-src/src/H5Dselect.c line 321 in H5D__select_write(): write error
    major: Dataspace
    minor: Write failed
  #004: /scratch/spack_cpu/job_21700923/spack-stage/spack-stage-hdf5-1.10.7-xexa2gll6hf6okdatgrxiwhcjs2uepc7/spack-src/src/H5Dselect.c line 230 in H5D__select_io(): write error
    major: Dataspace
    minor: Write failed
  #005: /scratch/spack_cpu/job_21700923/spack-stage/spack-stage-hdf5-1.10.7-xexa2gll6hf6okdatgrxiwhcjs2uepc7/spack-src/src/H5Dcontig.c line 1281 in H5D__contig_writevv(): can't perform vectorized sieve buffer write
    major: Dataset
    minor: Can't operate on object
  #006: /scratch/spack_cpu/job_21700923/spack-stage/spack-stage-hdf5-1.10.7-xexa2gll6hf6okdatgrxiwhcjs2uepc7/spack-src/src/H5VM.c line 1464 in H5VM_opvv(): can't perform operation
    major: Internal error (too specific to document in detail)
    minor: Can't operate on object
  #007: /scratch/spack_cpu/job_21700923/spack-stage/spack-stage-hdf5-1.10.7-xexa2gll6hf6okdatgrxiwhcjs2uepc7/spack-src/src/H5Dcontig.c line 1029 in H5D__contig_writevv_sieve_cb(): block write failed
    major: Dataset
    minor: Write failed
  #008: /scratch/spack_cpu/job_21700923/spack-stage/spack-stage-hdf5-1.10.7-xexa2gll6hf6okdatgrxiwhcjs2uepc7/spack-src/src/H5Fio.c line 161 in H5F_block_write(): write through page buffer failed
    major: Low-level I/O
    minor: Write failed
  #009: /scratch/spack_cpu/job_21700923/spack-stage/spack-stage-hdf5-1.10.7-xexa2gll6hf6okdatgrxiwhcjs2uepc7/spack-src/src/H5PB.c line 1032 in H5PB_write(): write through metadata accumulator failed
    major: Page Buffering
    minor: Write failed
  #010: /scratch/spack_cpu/job_21700923/spack-stage/spack-stage-hdf5-1.10.7-xexa2gll6hf6okdatgrxiwhcjs2uepc7/spack-src/src/H5Faccum.c line 824 in H5F__accum_write(): file write failed
    major: Low-level I/O
    minor: Write failed
  #011: /scratch/spack_cpu/job_21700923/spack-stage/spack-stage-hdf5-1.10.7-xexa2gll6hf6okdatgrxiwhcjs2uepc7/spack-src/src/H5FDint.c line 249 in H5FD_write(): driver write request failed
    major: Virtual File Layer
    minor: Write failed
  #012: /scratch/spack_cpu/job_21700923/spack-stage/spack-stage-hdf5-1.10.7-xexa2gll6hf6okdatgrxiwhcjs2uepc7/spack-src/src/H5FDsec2.c line 856 in H5FD__sec2_write(): file write failed: time = Wed Nov 19 08:25:43 2025
, filename = 'checkpoint.h5', file descriptor = 5, errno = 14, error message = 'Bad address', buf = 0x1555537c4000, total write size = 15969552, bytes this sub-write = 15969552, bytes actually written = 18446744073709551615, offset = 0
    major: Low-level I/O
    minor: Write failed
HDF5-DIAG: Error detected in HDF5 (1.10.7) thread 0:
  #000: /scratch/spack_cpu/job_21700923/spack-stage/spack-stage-hdf5-1.10.7-xexa2gll6hf6okdatgrxiwhcjs2uepc7/spack-src/src/H5Dio.c line 335 in H5Dwrite(): can't write data
    major: Dataset
    minor: Write failed
  #001: /scratch/spack_cpu/job_21700923/spack-stage/spack-stage-hdf5-1.10.7-xexa2gll6hf6okdatgrxiwhcjs2uepc7/spack-src/src/H5Dio.c line 813 in H5D__write(): can't write data
    major: Dataset
    minor: Write failed
  #002: /scratch/spack_cpu/job_21700923/spack-stage/spack-stage-hdf5-1.10.7-xexa2gll6hf6okdatgrxiwhcjs2uepc7/spack-src/src/H5Dcontig.c line 659 in H5D__contig_write(): contiguous write failed
    major: Dataset
    minor: Write failed
  #003: /scratch/spack_cpu/job_21700923/spack-stage/spack-stage-hdf5-1.10.7-xexa2gll6hf6okdatgrxiwhcjs2uepc7/spack-src/src/H5Dselect.c line 321 in H5D__select_write(): write error
    major: Dataspace
    minor: Write failed
  #004: /scratch/spack_cpu/job_21700923/spack-stage/spack-stage-hdf5-1.10.7-xexa2gll6hf6okdatgrxiwhcjs2uepc7/spack-src/src/H5Dselect.c line 230 in H5D__select_io(): write error
    major: Dataspace
    minor: Write failed
  #005: /scratch/spack_cpu/job_21700923/spack-stage/spack-stage-hdf5-1.10.7-xexa2gll6hf6okdatgrxiwhcjs2uepc7/spack-src/src/H5Dcontig.c line 1281 in H5D__contig_writevv(): can't perform vectorized sieve buffer write
    major: Dataset
    minor: Can't operate on object
  #006: /scratch/spack_cpu/job_21700923/spack-stage/spack-stage-hdf5-1.10.7-xexa2gll6hf6okdatgrxiwhcjs2uepc7/spack-src/src/H5VM.c line 1464 in H5VM_opvv(): can't perform operation
    major: Internal error (too specific to document in detail)
    minor: Can't operate on object
  #007: /scratch/spack_cpu/job_21700923/spack-stage/spack-stage-hdf5-1.10.7-xexa2gll6hf6okdatgrxiwhcjs2uepc7/spack-src/src/H5Dcontig.c line 1029 in H5D__contig_writevv_sieve_cb(): block write failed
    major: Dataset
    minor: Write failed
  #008: /scratch/spack_cpu/job_21700923/spack-stage/spack-stage-hdf5-1.10.7-xexa2gll6hf6okdatgrxiwhcjs2uepc7/spack-src/src/H5Fio.c line 161 in H5F_block_write(): write through page buffer failed
    major: Low-level I/O
    minor: Write failed
  #009: /scratch/spack_cpu/job_21700923/spack-stage/spack-stage-hdf5-1.10.7-xexa2gll6hf6okdatgrxiwhcjs2uepc7/spack-src/src/H5PB.c line 1032 in H5PB_write(): write through metadata accumulator failed
    major: Page Buffering
    minor: Write failed
  #010: /scratch/spack_cpu/job_21700923/spack-stage/spack-stage-hdf5-1.10.7-xexa2gll6hf6okdatgrxiwhcjs2uepc7/spack-src/src/H5Faccum.c line 824 in H5F__accum_write(): file write failed
    major: Low-level I/O
    minor: Write failed
  #011: /scratch/spack_cpu/job_21700923/spack-stage/spack-stage-hdf5-1.10.7-xexa2gll6hf6okdatgrxiwhcjs2uepc7/spack-src/src/H5FDint.c line 249 in H5FD_write(): driver write request failed
    major: Virtual File Layer
    minor: Write failed
  #012: /scratch/spack_cpu/job_21700923/spack-stage/spack-stage-hdf5-1.10.7-xexa2gll6hf6okdatgrxiwhcjs2uepc7/spack-src/src/H5FDsec2.c line 856 in H5FD__sec2_write(): file write failed: time = Wed Nov 19 08:25:51 2025
, filename = 'checkpoint.h5', file descriptor = 5, errno = 14, error message = 'Bad address', buf = 0x1555537c4000, total write size = 15969552, bytes this sub-write = 15969552, bytes actually written = 18446744073709551615, offset = 0
    major: Low-level I/O
    minor: Write failed
HDF5-DIAG: Error detected in HDF5 (1.10.7) thread 0:
  #000: /scratch/spack_cpu/job_21700923/spack-stage/spack-stage-hdf5-1.10.7-xexa2gll6hf6okdatgrxiwhcjs2uepc7/spack-src/src/H5Dio.c line 335 in H5Dwrite(): can't write data
    major: Dataset
    minor: Write failed
  #001: /scratch/spack_cpu/job_21700923/spack-stage/spack-stage-hdf5-1.10.7-xexa2gll6hf6okdatgrxiwhcjs2uepc7/spack-src/src/H5Dio.c line 813 in H5D__write(): can't write data
    major: Dataset
    minor: Write failed
  #002: /scratch/spack_cpu/job_21700923/spack-stage/spack-stage-hdf5-1.10.7-xexa2gll6hf6okdatgrxiwhcjs2uepc7/spack-src/src/H5Dcontig.c line 659 in H5D__contig_write(): contiguous write failed
    major: Dataset
    minor: Write failed
  #003: /scratch/spack_cpu/job_21700923/spack-stage/spack-stage-hdf5-1.10.7-xexa2gll6hf6okdatgrxiwhcjs2uepc7/spack-src/src/H5Dselect.c line 321 in H5D__select_write(): write error
    major: Dataspace
    minor: Write failed
  #004: /scratch/spack_cpu/job_21700923/spack-stage/spack-stage-hdf5-1.10.7-xexa2gll6hf6okdatgrxiwhcjs2uepc7/spack-src/src/H5Dselect.c line 230 in H5D__select_io(): write error
    major: Dataspace
    minor: Write failed
  #005: /scratch/spack_cpu/job_21700923/spack-stage/spack-stage-hdf5-1.10.7-xexa2gll6hf6okdatgrxiwhcjs2uepc7/spack-src/src/H5Dcontig.c line 1281 in H5D__contig_writevv(): can't perform vectorized sieve buffer write
    major: Dataset
    minor: Can't operate on object
  #006: /scratch/spack_cpu/job_21700923/spack-stage/spack-stage-hdf5-1.10.7-xexa2gll6hf6okdatgrxiwhcjs2uepc7/spack-src/src/H5VM.c line 1464 in H5VM_opvv(): can't perform operation
    major: Internal error (too specific to document in detail)
    minor: Can't operate on object
  #007: /scratch/spack_cpu/job_21700923/spack-stage/spack-stage-hdf5-1.10.7-xexa2gll6hf6okdatgrxiwhcjs2uepc7/spack-src/src/H5Dcontig.c line 1029 in H5D__contig_writevv_sieve_cb(): block write failed
    major: Dataset
    minor: Write failed
  #008: /scratch/spack_cpu/job_21700923/spack-stage/spack-stage-hdf5-1.10.7-xexa2gll6hf6okdatgrxiwhcjs2uepc7/spack-src/src/H5Fio.c line 161 in H5F_block_write(): write through page buffer failed
    major: Low-level I/O
    minor: Write failed
  #009: /scratch/spack_cpu/job_21700923/spack-stage/spack-stage-hdf5-1.10.7-xexa2gll6hf6okdatgrxiwhcjs2uepc7/spack-src/src/H5PB.c line 1032 in H5PB_write(): write through metadata accumulator failed
    major: Page Buffering
    minor: Write failed
  #010: /scratch/spack_cpu/job_21700923/spack-stage/spack-stage-hdf5-1.10.7-xexa2gll6hf6okdatgrxiwhcjs2uepc7/spack-src/src/H5Faccum.c line 824 in H5F__accum_write(): file write failed
    major: Low-level I/O
    minor: Write failed
  #011: /scratch/spack_cpu/job_21700923/spack-stage/spack-stage-hdf5-1.10.7-xexa2gll6hf6okdatgrxiwhcjs2uepc7/spack-src/src/H5FDint.c line 249 in H5FD_write(): driver write request failed
    major: Virtual File Layer
    minor: Write failed
  #012: /scratch/spack_cpu/job_21700923/spack-stage/spack-stage-hdf5-1.10.7-xexa2gll6hf6okdatgrxiwhcjs2uepc7/spack-src/src/H5FDsec2.c line 856 in H5FD__sec2_write(): file write failed: time = Wed Nov 19 08:25:58 2025
, filename = 'checkpoint.h5', file descriptor = 5, errno = 14, error message = 'Bad address', buf = 0x1555537c4000, total write size = 15969552, bytes this sub-write = 15969552, bytes actually written = 18446744073709551615, offset = 0
    major: Low-level I/O
    minor: Write failed
HDF5-DIAG: Error detected in HDF5 (1.10.7) thread 0:
  #000: /scratch/spack_cpu/job_21700923/spack-stage/spack-stage-hdf5-1.10.7-xexa2gll6hf6okdatgrxiwhcjs2uepc7/spack-src/src/H5Dio.c line 335 in H5Dwrite(): can't write data
    major: Dataset
    minor: Write failed
  #001: /scratch/spack_cpu/job_21700923/spack-stage/spack-stage-hdf5-1.10.7-xexa2gll6hf6okdatgrxiwhcjs2uepc7/spack-src/src/H5Dio.c line 813 in H5D__write(): can't write data
    major: Dataset
    minor: Write failed
  #002: /scratch/spack_cpu/job_21700923/spack-stage/spack-stage-hdf5-1.10.7-xexa2gll6hf6okdatgrxiwhcjs2uepc7/spack-src/src/H5Dcontig.c line 659 in H5D__contig_write(): contiguous write failed
    major: Dataset
    minor: Write failed
  #003: /scratch/spack_cpu/job_21700923/spack-stage/spack-stage-hdf5-1.10.7-xexa2gll6hf6okdatgrxiwhcjs2uepc7/spack-src/src/H5Dselect.c line 321 in H5D__select_write(): write error
    major: Dataspace
    minor: Write failed
  #004: /scratch/spack_cpu/job_21700923/spack-stage/spack-stage-hdf5-1.10.7-xexa2gll6hf6okdatgrxiwhcjs2uepc7/spack-src/src/H5Dselect.c line 230 in H5D__select_io(): write error
    major: Dataspace
    minor: Write failed
  #005: /scratch/spack_cpu/job_21700923/spack-stage/spack-stage-hdf5-1.10.7-xexa2gll6hf6okdatgrxiwhcjs2uepc7/spack-src/src/H5Dcontig.c line 1281 in H5D__contig_writevv(): can't perform vectorized sieve buffer write
    major: Dataset
    minor: Can't operate on object
  #006: /scratch/spack_cpu/job_21700923/spack-stage/spack-stage-hdf5-1.10.7-xexa2gll6hf6okdatgrxiwhcjs2uepc7/spack-src/src/H5VM.c line 1464 in H5VM_opvv(): can't perform operation
    major: Internal error (too specific to document in detail)
    minor: Can't operate on object
  #007: /scratch/spack_cpu/job_21700923/spack-stage/spack-stage-hdf5-1.10.7-xexa2gll6hf6okdatgrxiwhcjs2uepc7/spack-src/src/H5Dcontig.c line 1029 in H5D__contig_writevv_sieve_cb(): block write failed
    major: Dataset
    minor: Write failed
  #008: /scratch/spack_cpu/job_21700923/spack-stage/spack-stage-hdf5-1.10.7-xexa2gll6hf6okdatgrxiwhcjs2uepc7/spack-src/src/H5Fio.c line 161 in H5F_block_write(): write through page buffer failed
    major: Low-level I/O
    minor: Write failed
  #009: /scratch/spack_cpu/job_21700923/spack-stage/spack-stage-hdf5-1.10.7-xexa2gll6hf6okdatgrxiwhcjs2uepc7/spack-src/src/H5PB.c line 1032 in H5PB_write(): write through metadata accumulator failed
    major: Page Buffering
    minor: Write failed
  #010: /scratch/spack_cpu/job_21700923/spack-stage/spack-stage-hdf5-1.10.7-xexa2gll6hf6okdatgrxiwhcjs2uepc7/spack-src/src/H5Faccum.c line 824 in H5F__accum_write(): file write failed
    major: Low-level I/O
    minor: Write failed
  #011: /scratch/spack_cpu/job_21700923/spack-stage/spack-stage-hdf5-1.10.7-xexa2gll6hf6okdatgrxiwhcjs2uepc7/spack-src/src/H5FDint.c line 249 in H5FD_write(): driver write request failed
    major: Virtual File Layer
    minor: Write failed
  #012: /scratch/spack_cpu/job_21700923/spack-stage/spack-stage-hdf5-1.10.7-xexa2gll6hf6okdatgrxiwhcjs2uepc7/spack-src/src/H5FDsec2.c line 856 in H5FD__sec2_write(): file write failed: time = Wed Nov 19 08:26:05 2025
, filename = 'checkpoint.h5', file descriptor = 5, errno = 14, error message = 'Bad address', buf = 0x1555537c4000, total write size = 15969552, bytes this sub-write = 15969552, bytes actually written = 18446744073709551615, offset = 0
    major: Low-level I/O
    minor: Write failed
HDF5-DIAG: Error detected in HDF5 (1.10.7) thread 0:
  #000: /scratch/spack_cpu/job_21700923/spack-stage/spack-stage-hdf5-1.10.7-xexa2gll6hf6okdatgrxiwhcjs2uepc7/spack-src/src/H5Dio.c line 335 in H5Dwrite(): can't write data
    major: Dataset
    minor: Write failed
  #001: /scratch/spack_cpu/job_21700923/spack-stage/spack-stage-hdf5-1.10.7-xexa2gll6hf6okdatgrxiwhcjs2uepc7/spack-src/src/H5Dio.c line 813 in H5D__write(): can't write data
    major: Dataset
    minor: Write failed
  #002: /scratch/spack_cpu/job_21700923/spack-stage/spack-stage-hdf5-1.10.7-xexa2gll6hf6okdatgrxiwhcjs2uepc7/spack-src/src/H5Dcontig.c line 659 in H5D__contig_write(): contiguous write failed
    major: Dataset
    minor: Write failed
  #003: /scratch/spack_cpu/job_21700923/spack-stage/spack-stage-hdf5-1.10.7-xexa2gll6hf6okdatgrxiwhcjs2uepc7/spack-src/src/H5Dselect.c line 321 in H5D__select_write(): write error
    major: Dataspace
    minor: Write failed
  #004: /scratch/spack_cpu/job_21700923/spack-stage/spack-stage-hdf5-1.10.7-xexa2gll6hf6okdatgrxiwhcjs2uepc7/spack-src/src/H5Dselect.c line 230 in H5D__select_io(): write error
    major: Dataspace
    minor: Write failed
  #005: /scratch/spack_cpu/job_21700923/spack-stage/spack-stage-hdf5-1.10.7-xexa2gll6hf6okdatgrxiwhcjs2uepc7/spack-src/src/H5Dcontig.c line 1281 in H5D__contig_writevv(): can't perform vectorized sieve buffer write
    major: Dataset
    minor: Can't operate on object
  #006: /scratch/spack_cpu/job_21700923/spack-stage/spack-stage-hdf5-1.10.7-xexa2gll6hf6okdatgrxiwhcjs2uepc7/spack-src/src/H5VM.c line 1464 in H5VM_opvv(): can't perform operation
    major: Internal error (too specific to document in detail)
    minor: Can't operate on object
  #007: /scratch/spack_cpu/job_21700923/spack-stage/spack-stage-hdf5-1.10.7-xexa2gll6hf6okdatgrxiwhcjs2uepc7/spack-src/src/H5Dcontig.c line 1029 in H5D__contig_writevv_sieve_cb(): block write failed
    major: Dataset
    minor: Write failed
  #008: /scratch/spack_cpu/job_21700923/spack-stage/spack-stage-hdf5-1.10.7-xexa2gll6hf6okdatgrxiwhcjs2uepc7/spack-src/src/H5Fio.c line 161 in H5F_block_write(): write through page buffer failed
    major: Low-level I/O
    minor: Write failed
  #009: /scratch/spack_cpu/job_21700923/spack-stage/spack-stage-hdf5-1.10.7-xexa2gll6hf6okdatgrxiwhcjs2uepc7/spack-src/src/H5PB.c line 1032 in H5PB_write(): write through metadata accumulator failed
    major: Page Buffering
    minor: Write failed
  #010: /scratch/spack_cpu/job_21700923/spack-stage/spack-stage-hdf5-1.10.7-xexa2gll6hf6okdatgrxiwhcjs2uepc7/spack-src/src/H5Faccum.c line 824 in H5F__accum_write(): file write failed
    major: Low-level I/O
    minor: Write failed
  #011: /scratch/spack_cpu/job_21700923/spack-stage/spack-stage-hdf5-1.10.7-xexa2gll6hf6okdatgrxiwhcjs2uepc7/spack-src/src/H5FDint.c line 249 in H5FD_write(): driver write request failed
    major: Virtual File Layer
    minor: Write failed
  #012: /scratch/spack_cpu/job_21700923/spack-stage/spack-stage-hdf5-1.10.7-xexa2gll6hf6okdatgrxiwhcjs2uepc7/spack-src/src/H5FDsec2.c line 856 in H5FD__sec2_write(): file write failed: time = Wed Nov 19 08:26:12 2025
, filename = 'checkpoint.h5', file descriptor = 5, errno = 14, error message = 'Bad address', buf = 0x1555537c4000, total write size = 15969552, bytes this sub-write = 15969552, bytes actually written = 18446744073709551615, offset = 0
    major: Low-level I/O
    minor: Write failed
HDF5-DIAG: Error detected in HDF5 (1.10.7) thread 0:
  #000: /scratch/spack_cpu/job_21700923/spack-stage/spack-stage-hdf5-1.10.7-xexa2gll6hf6okdatgrxiwhcjs2uepc7/spack-src/src/H5Dio.c line 335 in H5Dwrite(): can't write data
    major: Dataset
    minor: Write failed
  #001: /scratch/spack_cpu/job_21700923/spack-stage/spack-stage-hdf5-1.10.7-xexa2gll6hf6okdatgrxiwhcjs2uepc7/spack-src/src/H5Dio.c line 813 in H5D__write(): can't write data
    major: Dataset
    minor: Write failed
  #002: /scratch/spack_cpu/job_21700923/spack-stage/spack-stage-hdf5-1.10.7-xexa2gll6hf6okdatgrxiwhcjs2uepc7/spack-src/src/H5Dcontig.c line 659 in H5D__contig_write(): contiguous write failed
    major: Dataset
    minor: Write failed
  #003: /scratch/spack_cpu/job_21700923/spack-stage/spack-stage-hdf5-1.10.7-xexa2gll6hf6okdatgrxiwhcjs2uepc7/spack-src/src/H5Dselect.c line 321 in H5D__select_write(): write error
    major: Dataspace
    minor: Write failed
  #004: /scratch/spack_cpu/job_21700923/spack-stage/spack-stage-hdf5-1.10.7-xexa2gll6hf6okdatgrxiwhcjs2uepc7/spack-src/src/H5Dselect.c line 230 in H5D__select_io(): write error
    major: Dataspace
    minor: Write failed
  #005: /scratch/spack_cpu/job_21700923/spack-stage/spack-stage-hdf5-1.10.7-xexa2gll6hf6okdatgrxiwhcjs2uepc7/spack-src/src/H5Dcontig.c line 1281 in H5D__contig_writevv(): can't perform vectorized sieve buffer write
    major: Dataset
    minor: Can't operate on object
  #006: /scratch/spack_cpu/job_21700923/spack-stage/spack-stage-hdf5-1.10.7-xexa2gll6hf6okdatgrxiwhcjs2uepc7/spack-src/src/H5VM.c line 1464 in H5VM_opvv(): can't perform operation
    major: Internal error (too specific to document in detail)
    minor: Can't operate on object
  #007: /scratch/spack_cpu/job_21700923/spack-stage/spack-stage-hdf5-1.10.7-xexa2gll6hf6okdatgrxiwhcjs2uepc7/spack-src/src/H5Dcontig.c line 1029 in H5D__contig_writevv_sieve_cb(): block write failed
    major: Dataset
    minor: Write failed
  #008: /scratch/spack_cpu/job_21700923/spack-stage/spack-stage-hdf5-1.10.7-xexa2gll6hf6okdatgrxiwhcjs2uepc7/spack-src/src/H5Fio.c line 161 in H5F_block_write(): write through page buffer failed
    major: Low-level I/O
    minor: Write failed
  #009: /scratch/spack_cpu/job_21700923/spack-stage/spack-stage-hdf5-1.10.7-xexa2gll6hf6okdatgrxiwhcjs2uepc7/spack-src/src/H5PB.c line 1032 in H5PB_write(): write through metadata accumulator failed
    major: Page Buffering
    minor: Write failed
  #010: /scratch/spack_cpu/job_21700923/spack-stage/spack-stage-hdf5-1.10.7-xexa2gll6hf6okdatgrxiwhcjs2uepc7/spack-src/src/H5Faccum.c line 824 in H5F__accum_write(): file write failed
    major: Low-level I/O
    minor: Write failed
  #011: /scratch/spack_cpu/job_21700923/spack-stage/spack-stage-hdf5-1.10.7-xexa2gll6hf6okdatgrxiwhcjs2uepc7/spack-src/src/H5FDint.c line 249 in H5FD_write(): driver write request failed
    major: Virtual File Layer
    minor: Write failed
  #012: /scratch/spack_cpu/job_21700923/spack-stage/spack-stage-hdf5-1.10.7-xexa2gll6hf6okdatgrxiwhcjs2uepc7/spack-src/src/H5FDsec2.c line 856 in H5FD__sec2_write(): file write failed: time = Wed Nov 19 08:26:19 2025
, filename = 'checkpoint.h5', file descriptor = 5, errno = 14, error message = 'Bad address', buf = 0x1555537c4000, total write size = 15969552, bytes this sub-write = 15969552, bytes actually written = 18446744073709551615, offset = 0
    major: Low-level I/O
    minor: Write failed
HDF5-DIAG: Error detected in HDF5 (1.10.7) thread 0:
  #000: /scratch/spack_cpu/job_21700923/spack-stage/spack-stage-hdf5-1.10.7-xexa2gll6hf6okdatgrxiwhcjs2uepc7/spack-src/src/H5Dio.c line 335 in H5Dwrite(): can't write data
    major: Dataset
    minor: Write failed
  #001: /scratch/spack_cpu/job_21700923/spack-stage/spack-stage-hdf5-1.10.7-xexa2gll6hf6okdatgrxiwhcjs2uepc7/spack-src/src/H5Dio.c line 813 in H5D__write(): can't write data
    major: Dataset
    minor: Write failed
  #002: /scratch/spack_cpu/job_21700923/spack-stage/spack-stage-hdf5-1.10.7-xexa2gll6hf6okdatgrxiwhcjs2uepc7/spack-src/src/H5Dcontig.c line 659 in H5D__contig_write(): contiguous write failed
    major: Dataset
    minor: Write failed
  #003: /scratch/spack_cpu/job_21700923/spack-stage/spack-stage-hdf5-1.10.7-xexa2gll6hf6okdatgrxiwhcjs2uepc7/spack-src/src/H5Dselect.c line 321 in H5D__select_write(): write error
    major: Dataspace
    minor: Write failed
  #004: /scratch/spack_cpu/job_21700923/spack-stage/spack-stage-hdf5-1.10.7-xexa2gll6hf6okdatgrxiwhcjs2uepc7/spack-src/src/H5Dselect.c line 230 in H5D__select_io(): write error
    major: Dataspace
    minor: Write failed
  #005: /scratch/spack_cpu/job_21700923/spack-stage/spack-stage-hdf5-1.10.7-xexa2gll6hf6okdatgrxiwhcjs2uepc7/spack-src/src/H5Dcontig.c line 1281 in H5D__contig_writevv(): can't perform vectorized sieve buffer write
    major: Dataset
    minor: Can't operate on object
  #006: /scratch/spack_cpu/job_21700923/spack-stage/spack-stage-hdf5-1.10.7-xexa2gll6hf6okdatgrxiwhcjs2uepc7/spack-src/src/H5VM.c line 1464 in H5VM_opvv(): can't perform operation
    major: Internal error (too specific to document in detail)
    minor: Can't operate on object
  #007: /scratch/spack_cpu/job_21700923/spack-stage/spack-stage-hdf5-1.10.7-xexa2gll6hf6okdatgrxiwhcjs2uepc7/spack-src/src/H5Dcontig.c line 1029 in H5D__contig_writevv_sieve_cb(): block write failed
    major: Dataset
    minor: Write failed
  #008: /scratch/spack_cpu/job_21700923/spack-stage/spack-stage-hdf5-1.10.7-xexa2gll6hf6okdatgrxiwhcjs2uepc7/spack-src/src/H5Fio.c line 161 in H5F_block_write(): write through page buffer failed
    major: Low-level I/O
    minor: Write failed
  #009: /scratch/spack_cpu/job_21700923/spack-stage/spack-stage-hdf5-1.10.7-xexa2gll6hf6okdatgrxiwhcjs2uepc7/spack-src/src/H5PB.c line 1032 in H5PB_write(): write through metadata accumulator failed
    major: Page Buffering
    minor: Write failed
  #010: /scratch/spack_cpu/job_21700923/spack-stage/spack-stage-hdf5-1.10.7-xexa2gll6hf6okdatgrxiwhcjs2uepc7/spack-src/src/H5Faccum.c line 824 in H5F__accum_write(): file write failed
    major: Low-level I/O
    minor: Write failed
  #011: /scratch/spack_cpu/job_21700923/spack-stage/spack-stage-hdf5-1.10.7-xexa2gll6hf6okdatgrxiwhcjs2uepc7/spack-src/src/H5FDint.c line 249 in H5FD_write(): driver write request failed
    major: Virtual File Layer
    minor: Write failed
  #012: /scratch/spack_cpu/job_21700923/spack-stage/spack-stage-hdf5-1.10.7-xexa2gll6hf6okdatgrxiwhcjs2uepc7/spack-src/src/H5FDsec2.c line 856 in H5FD__sec2_write(): file write failed: time = Wed Nov 19 08:26:26 2025
, filename = 'checkpoint.h5', file descriptor = 5, errno = 14, error message = 'Bad address', buf = 0x1555537c4000, total write size = 15969552, bytes this sub-write = 15969552, bytes actually written = 18446744073709551615, offset = 0
    major: Low-level I/O
    minor: Write failed
HDF5-DIAG: Error detected in HDF5 (1.10.7) thread 0:
  #000: /scratch/spack_cpu/job_21700923/spack-stage/spack-stage-hdf5-1.10.7-xexa2gll6hf6okdatgrxiwhcjs2uepc7/spack-src/src/H5Dio.c line 335 in H5Dwrite(): can't write data
    major: Dataset
    minor: Write failed
  #001: /scratch/spack_cpu/job_21700923/spack-stage/spack-stage-hdf5-1.10.7-xexa2gll6hf6okdatgrxiwhcjs2uepc7/spack-src/src/H5Dio.c line 813 in H5D__write(): can't write data
    major: Dataset
    minor: Write failed
  #002: /scratch/spack_cpu/job_21700923/spack-stage/spack-stage-hdf5-1.10.7-xexa2gll6hf6okdatgrxiwhcjs2uepc7/spack-src/src/H5Dcontig.c line 659 in H5D__contig_write(): contiguous write failed
    major: Dataset
    minor: Write failed
  #003: /scratch/spack_cpu/job_21700923/spack-stage/spack-stage-hdf5-1.10.7-xexa2gll6hf6okdatgrxiwhcjs2uepc7/spack-src/src/H5Dselect.c line 321 in H5D__select_write(): write error
    major: Dataspace
    minor: Write failed
  #004: /scratch/spack_cpu/job_21700923/spack-stage/spack-stage-hdf5-1.10.7-xexa2gll6hf6okdatgrxiwhcjs2uepc7/spack-src/src/H5Dselect.c line 230 in H5D__select_io(): write error
    major: Dataspace
    minor: Write failed
  #005: /scratch/spack_cpu/job_21700923/spack-stage/spack-stage-hdf5-1.10.7-xexa2gll6hf6okdatgrxiwhcjs2uepc7/spack-src/src/H5Dcontig.c line 1281 in H5D__contig_writevv(): can't perform vectorized sieve buffer write
    major: Dataset
    minor: Can't operate on object
  #006: /scratch/spack_cpu/job_21700923/spack-stage/spack-stage-hdf5-1.10.7-xexa2gll6hf6okdatgrxiwhcjs2uepc7/spack-src/src/H5VM.c line 1464 in H5VM_opvv(): can't perform operation
    major: Internal error (too specific to document in detail)
    minor: Can't operate on object
  #007: /scratch/spack_cpu/job_21700923/spack-stage/spack-stage-hdf5-1.10.7-xexa2gll6hf6okdatgrxiwhcjs2uepc7/spack-src/src/H5Dcontig.c line 1029 in H5D__contig_writevv_sieve_cb(): block write failed
    major: Dataset
    minor: Write failed
  #008: /scratch/spack_cpu/job_21700923/spack-stage/spack-stage-hdf5-1.10.7-xexa2gll6hf6okdatgrxiwhcjs2uepc7/spack-src/src/H5Fio.c line 161 in H5F_block_write(): write through page buffer failed
    major: Low-level I/O
    minor: Write failed
  #009: /scratch/spack_cpu/job_21700923/spack-stage/spack-stage-hdf5-1.10.7-xexa2gll6hf6okdatgrxiwhcjs2uepc7/spack-src/src/H5PB.c line 1032 in H5PB_write(): write through metadata accumulator failed
    major: Page Buffering
    minor: Write failed
  #010: /scratch/spack_cpu/job_21700923/spack-stage/spack-stage-hdf5-1.10.7-xexa2gll6hf6okdatgrxiwhcjs2uepc7/spack-src/src/H5Faccum.c line 824 in H5F__accum_write(): file write failed
    major: Low-level I/O
    minor: Write failed
  #011: /scratch/spack_cpu/job_21700923/spack-stage/spack-stage-hdf5-1.10.7-xexa2gll6hf6okdatgrxiwhcjs2uepc7/spack-src/src/H5FDint.c line 249 in H5FD_write(): driver write request failed
    major: Virtual File Layer
    minor: Write failed
  #012: /scratch/spack_cpu/job_21700923/spack-stage/spack-stage-hdf5-1.10.7-xexa2gll6hf6okdatgrxiwhcjs2uepc7/spack-src/src/H5FDsec2.c line 856 in H5FD__sec2_write(): file write failed: time = Wed Nov 19 08:26:34 2025
, filename = 'checkpoint.h5', file descriptor = 5, errno = 14, error message = 'Bad address', buf = 0x1555537c4000, total write size = 15969552, bytes this sub-write = 15969552, bytes actually written = 18446744073709551615, offset = 0
    major: Low-level I/O
    minor: Write failed
HDF5-DIAG: Error detected in HDF5 (1.10.7) thread 0:
  #000: /scratch/spack_cpu/job_21700923/spack-stage/spack-stage-hdf5-1.10.7-xexa2gll6hf6okdatgrxiwhcjs2uepc7/spack-src/src/H5Dio.c line 335 in H5Dwrite(): can't write data
    major: Dataset
    minor: Write failed
  #001: /scratch/spack_cpu/job_21700923/spack-stage/spack-stage-hdf5-1.10.7-xexa2gll6hf6okdatgrxiwhcjs2uepc7/spack-src/src/H5Dio.c line 813 in H5D__write(): can't write data
    major: Dataset
    minor: Write failed
  #002: /scratch/spack_cpu/job_21700923/spack-stage/spack-stage-hdf5-1.10.7-xexa2gll6hf6okdatgrxiwhcjs2uepc7/spack-src/src/H5Dcontig.c line 659 in H5D__contig_write(): contiguous write failed
    major: Dataset
    minor: Write failed
  #003: /scratch/spack_cpu/job_21700923/spack-stage/spack-stage-hdf5-1.10.7-xexa2gll6hf6okdatgrxiwhcjs2uepc7/spack-src/src/H5Dselect.c line 321 in H5D__select_write(): write error
    major: Dataspace
    minor: Write failed
  #004: /scratch/spack_cpu/job_21700923/spack-stage/spack-stage-hdf5-1.10.7-xexa2gll6hf6okdatgrxiwhcjs2uepc7/spack-src/src/H5Dselect.c line 230 in H5D__select_io(): write error
    major: Dataspace
    minor: Write failed
  #005: /scratch/spack_cpu/job_21700923/spack-stage/spack-stage-hdf5-1.10.7-xexa2gll6hf6okdatgrxiwhcjs2uepc7/spack-src/src/H5Dcontig.c line 1281 in H5D__contig_writevv(): can't perform vectorized sieve buffer write
    major: Dataset
    minor: Can't operate on object
  #006: /scratch/spack_cpu/job_21700923/spack-stage/spack-stage-hdf5-1.10.7-xexa2gll6hf6okdatgrxiwhcjs2uepc7/spack-src/src/H5VM.c line 1464 in H5VM_opvv(): can't perform operation
    major: Internal error (too specific to document in detail)
    minor: Can't operate on object
  #007: /scratch/spack_cpu/job_21700923/spack-stage/spack-stage-hdf5-1.10.7-xexa2gll6hf6okdatgrxiwhcjs2uepc7/spack-src/src/H5Dcontig.c line 1029 in H5D__contig_writevv_sieve_cb(): block write failed
    major: Dataset
    minor: Write failed
  #008: /scratch/spack_cpu/job_21700923/spack-stage/spack-stage-hdf5-1.10.7-xexa2gll6hf6okdatgrxiwhcjs2uepc7/spack-src/src/H5Fio.c line 161 in H5F_block_write(): write through page buffer failed
    major: Low-level I/O
    minor: Write failed
  #009: /scratch/spack_cpu/job_21700923/spack-stage/spack-stage-hdf5-1.10.7-xexa2gll6hf6okdatgrxiwhcjs2uepc7/spack-src/src/H5PB.c line 1032 in H5PB_write(): write through metadata accumulator failed
    major: Page Buffering
    minor: Write failed
  #010: /scratch/spack_cpu/job_21700923/spack-stage/spack-stage-hdf5-1.10.7-xexa2gll6hf6okdatgrxiwhcjs2uepc7/spack-src/src/H5Faccum.c line 824 in H5F__accum_write(): file write failed
    major: Low-level I/O
    minor: Write failed
  #011: /scratch/spack_cpu/job_21700923/spack-stage/spack-stage-hdf5-1.10.7-xexa2gll6hf6okdatgrxiwhcjs2uepc7/spack-src/src/H5FDint.c line 249 in H5FD_write(): driver write request failed
    major: Virtual File Layer
    minor: Write failed
  #012: /scratch/spack_cpu/job_21700923/spack-stage/spack-stage-hdf5-1.10.7-xexa2gll6hf6okdatgrxiwhcjs2uepc7/spack-src/src/H5FDsec2.c line 856 in H5FD__sec2_write(): file write failed: time = Wed Nov 19 08:26:41 2025
, filename = 'checkpoint.h5', file descriptor = 5, errno = 14, error message = 'Bad address', buf = 0x1555537c4000, total write size = 15969552, bytes this sub-write = 15969552, bytes actually written = 18446744073709551615, offset = 0
    major: Low-level I/O
    minor: Write failed
HDF5-DIAG: Error detected in HDF5 (1.10.7) thread 0:
  #000: /scratch/spack_cpu/job_21700923/spack-stage/spack-stage-hdf5-1.10.7-xexa2gll6hf6okdatgrxiwhcjs2uepc7/spack-src/src/H5Dio.c line 335 in H5Dwrite(): can't write data
    major: Dataset
    minor: Write failed
  #001: /scratch/spack_cpu/job_21700923/spack-stage/spack-stage-hdf5-1.10.7-xexa2gll6hf6okdatgrxiwhcjs2uepc7/spack-src/src/H5Dio.c line 813 in H5D__write(): can't write data
    major: Dataset
    minor: Write failed
  #002: /scratch/spack_cpu/job_21700923/spack-stage/spack-stage-hdf5-1.10.7-xexa2gll6hf6okdatgrxiwhcjs2uepc7/spack-src/src/H5Dcontig.c line 659 in H5D__contig_write(): contiguous write failed
    major: Dataset
    minor: Write failed
  #003: /scratch/spack_cpu/job_21700923/spack-stage/spack-stage-hdf5-1.10.7-xexa2gll6hf6okdatgrxiwhcjs2uepc7/spack-src/src/H5Dselect.c line 321 in H5D__select_write(): write error
    major: Dataspace
    minor: Write failed
  #004: /scratch/spack_cpu/job_21700923/spack-stage/spack-stage-hdf5-1.10.7-xexa2gll6hf6okdatgrxiwhcjs2uepc7/spack-src/src/H5Dselect.c line 230 in H5D__select_io(): write error
    major: Dataspace
    minor: Write failed
  #005: /scratch/spack_cpu/job_21700923/spack-stage/spack-stage-hdf5-1.10.7-xexa2gll6hf6okdatgrxiwhcjs2uepc7/spack-src/src/H5Dcontig.c line 1281 in H5D__contig_writevv(): can't perform vectorized sieve buffer write
    major: Dataset
    minor: Can't operate on object
  #006: /scratch/spack_cpu/job_21700923/spack-stage/spack-stage-hdf5-1.10.7-xexa2gll6hf6okdatgrxiwhcjs2uepc7/spack-src/src/H5VM.c line 1464 in H5VM_opvv(): can't perform operation
    major: Internal error (too specific to document in detail)
    minor: Can't operate on object
  #007: /scratch/spack_cpu/job_21700923/spack-stage/spack-stage-hdf5-1.10.7-xexa2gll6hf6okdatgrxiwhcjs2uepc7/spack-src/src/H5Dcontig.c line 1029 in H5D__contig_writevv_sieve_cb(): block write failed
    major: Dataset
    minor: Write failed
  #008: /scratch/spack_cpu/job_21700923/spack-stage/spack-stage-hdf5-1.10.7-xexa2gll6hf6okdatgrxiwhcjs2uepc7/spack-src/src/H5Fio.c line 161 in H5F_block_write(): write through page buffer failed
    major: Low-level I/O
    minor: Write failed
  #009: /scratch/spack_cpu/job_21700923/spack-stage/spack-stage-hdf5-1.10.7-xexa2gll6hf6okdatgrxiwhcjs2uepc7/spack-src/src/H5PB.c line 1032 in H5PB_write(): write through metadata accumulator failed
    major: Page Buffering
    minor: Write failed
  #010: /scratch/spack_cpu/job_21700923/spack-stage/spack-stage-hdf5-1.10.7-xexa2gll6hf6okdatgrxiwhcjs2uepc7/spack-src/src/H5Faccum.c line 824 in H5F__accum_write(): file write failed
    major: Low-level I/O
    minor: Write failed
  #011: /scratch/spack_cpu/job_21700923/spack-stage/spack-stage-hdf5-1.10.7-xexa2gll6hf6okdatgrxiwhcjs2uepc7/spack-src/src/H5FDint.c line 249 in H5FD_write(): driver write request failed
    major: Virtual File Layer
    minor: Write failed
  #012: /scratch/spack_cpu/job_21700923/spack-stage/spack-stage-hdf5-1.10.7-xexa2gll6hf6okdatgrxiwhcjs2uepc7/spack-src/src/H5FDsec2.c line 856 in H5FD__sec2_write(): file write failed: time = Wed Nov 19 08:26:48 2025
, filename = 'checkpoint.h5', file descriptor = 5, errno = 14, error message = 'Bad address', buf = 0x1555537c4000, total write size = 15969552, bytes this sub-write = 15969552, bytes actually written = 18446744073709551615, offset = 0
    major: Low-level I/O
    minor: Write failed
HDF5-DIAG: Error detected in HDF5 (1.10.7) thread 0:
  #000: /scratch/spack_cpu/job_21700923/spack-stage/spack-stage-hdf5-1.10.7-xexa2gll6hf6okdatgrxiwhcjs2uepc7/spack-src/src/H5Dio.c line 335 in H5Dwrite(): can't write data
    major: Dataset
    minor: Write failed
  #001: /scratch/spack_cpu/job_21700923/spack-stage/spack-stage-hdf5-1.10.7-xexa2gll6hf6okdatgrxiwhcjs2uepc7/spack-src/src/H5Dio.c line 813 in H5D__write(): can't write data
    major: Dataset
    minor: Write failed
  #002: /scratch/spack_cpu/job_21700923/spack-stage/spack-stage-hdf5-1.10.7-xexa2gll6hf6okdatgrxiwhcjs2uepc7/spack-src/src/H5Dcontig.c line 659 in H5D__contig_write(): contiguous write failed
    major: Dataset
    minor: Write failed
  #003: /scratch/spack_cpu/job_21700923/spack-stage/spack-stage-hdf5-1.10.7-xexa2gll6hf6okdatgrxiwhcjs2uepc7/spack-src/src/H5Dselect.c line 321 in H5D__select_write(): write error
    major: Dataspace
    minor: Write failed
  #004: /scratch/spack_cpu/job_21700923/spack-stage/spack-stage-hdf5-1.10.7-xexa2gll6hf6okdatgrxiwhcjs2uepc7/spack-src/src/H5Dselect.c line 230 in H5D__select_io(): write error
    major: Dataspace
    minor: Write failed
  #005: /scratch/spack_cpu/job_21700923/spack-stage/spack-stage-hdf5-1.10.7-xexa2gll6hf6okdatgrxiwhcjs2uepc7/spack-src/src/H5Dcontig.c line 1281 in H5D__contig_writevv(): can't perform vectorized sieve buffer write
    major: Dataset
    minor: Can't operate on object
  #006: /scratch/spack_cpu/job_21700923/spack-stage/spack-stage-hdf5-1.10.7-xexa2gll6hf6okdatgrxiwhcjs2uepc7/spack-src/src/H5VM.c line 1464 in H5VM_opvv(): can't perform operation
    major: Internal error (too specific to document in detail)
    minor: Can't operate on object
  #007: /scratch/spack_cpu/job_21700923/spack-stage/spack-stage-hdf5-1.10.7-xexa2gll6hf6okdatgrxiwhcjs2uepc7/spack-src/src/H5Dcontig.c line 1029 in H5D__contig_writevv_sieve_cb(): block write failed
    major: Dataset
    minor: Write failed
  #008: /scratch/spack_cpu/job_21700923/spack-stage/spack-stage-hdf5-1.10.7-xexa2gll6hf6okdatgrxiwhcjs2uepc7/spack-src/src/H5Fio.c line 161 in H5F_block_write(): write through page buffer failed
    major: Low-level I/O
    minor: Write failed
  #009: /scratch/spack_cpu/job_21700923/spack-stage/spack-stage-hdf5-1.10.7-xexa2gll6hf6okdatgrxiwhcjs2uepc7/spack-src/src/H5PB.c line 1032 in H5PB_write(): write through metadata accumulator failed
    major: Page Buffering
    minor: Write failed
  #010: /scratch/spack_cpu/job_21700923/spack-stage/spack-stage-hdf5-1.10.7-xexa2gll6hf6okdatgrxiwhcjs2uepc7/spack-src/src/H5Faccum.c line 824 in H5F__accum_write(): file write failed
    major: Low-level I/O
    minor: Write failed
  #011: /scratch/spack_cpu/job_21700923/spack-stage/spack-stage-hdf5-1.10.7-xexa2gll6hf6okdatgrxiwhcjs2uepc7/spack-src/src/H5FDint.c line 249 in H5FD_write(): driver write request failed
    major: Virtual File Layer
    minor: Write failed
  #012: /scratch/spack_cpu/job_21700923/spack-stage/spack-stage-hdf5-1.10.7-xexa2gll6hf6okdatgrxiwhcjs2uepc7/spack-src/src/H5FDsec2.c line 856 in H5FD__sec2_write(): file write failed: time = Wed Nov 19 08:26:55 2025
, filename = 'checkpoint.h5', file descriptor = 5, errno = 14, error message = 'Bad address', buf = 0x1555537c4000, total write size = 15969552, bytes this sub-write = 15969552, bytes actually written = 18446744073709551615, offset = 0
    major: Low-level I/O
    minor: Write failed
HDF5-DIAG: Error detected in HDF5 (1.10.7) thread 0:
  #000: /scratch/spack_cpu/job_21700923/spack-stage/spack-stage-hdf5-1.10.7-xexa2gll6hf6okdatgrxiwhcjs2uepc7/spack-src/src/H5Dio.c line 335 in H5Dwrite(): can't write data
    major: Dataset
    minor: Write failed
  #001: /scratch/spack_cpu/job_21700923/spack-stage/spack-stage-hdf5-1.10.7-xexa2gll6hf6okdatgrxiwhcjs2uepc7/spack-src/src/H5Dio.c line 813 in H5D__write(): can't write data
    major: Dataset
    minor: Write failed
  #002: /scratch/spack_cpu/job_21700923/spack-stage/spack-stage-hdf5-1.10.7-xexa2gll6hf6okdatgrxiwhcjs2uepc7/spack-src/src/H5Dcontig.c line 659 in H5D__contig_write(): contiguous write failed
    major: Dataset
    minor: Write failed
  #003: /scratch/spack_cpu/job_21700923/spack-stage/spack-stage-hdf5-1.10.7-xexa2gll6hf6okdatgrxiwhcjs2uepc7/spack-src/src/H5Dselect.c line 321 in H5D__select_write(): write error
    major: Dataspace
    minor: Write failed
  #004: /scratch/spack_cpu/job_21700923/spack-stage/spack-stage-hdf5-1.10.7-xexa2gll6hf6okdatgrxiwhcjs2uepc7/spack-src/src/H5Dselect.c line 230 in H5D__select_io(): write error
    major: Dataspace
    minor: Write failed
  #005: /scratch/spack_cpu/job_21700923/spack-stage/spack-stage-hdf5-1.10.7-xexa2gll6hf6okdatgrxiwhcjs2uepc7/spack-src/src/H5Dcontig.c line 1281 in H5D__contig_writevv(): can't perform vectorized sieve buffer write
    major: Dataset
    minor: Can't operate on object
  #006: /scratch/spack_cpu/job_21700923/spack-stage/spack-stage-hdf5-1.10.7-xexa2gll6hf6okdatgrxiwhcjs2uepc7/spack-src/src/H5VM.c line 1464 in H5VM_opvv(): can't perform operation
    major: Internal error (too specific to document in detail)
    minor: Can't operate on object
  #007: /scratch/spack_cpu/job_21700923/spack-stage/spack-stage-hdf5-1.10.7-xexa2gll6hf6okdatgrxiwhcjs2uepc7/spack-src/src/H5Dcontig.c line 1029 in H5D__contig_writevv_sieve_cb(): block write failed
    major: Dataset
    minor: Write failed
  #008: /scratch/spack_cpu/job_21700923/spack-stage/spack-stage-hdf5-1.10.7-xexa2gll6hf6okdatgrxiwhcjs2uepc7/spack-src/src/H5Fio.c line 161 in H5F_block_write(): write through page buffer failed
    major: Low-level I/O
    minor: Write failed
  #009: /scratch/spack_cpu/job_21700923/spack-stage/spack-stage-hdf5-1.10.7-xexa2gll6hf6okdatgrxiwhcjs2uepc7/spack-src/src/H5PB.c line 1032 in H5PB_write(): write through metadata accumulator failed
    major: Page Buffering
    minor: Write failed
  #010: /scratch/spack_cpu/job_21700923/spack-stage/spack-stage-hdf5-1.10.7-xexa2gll6hf6okdatgrxiwhcjs2uepc7/spack-src/src/H5Faccum.c line 824 in H5F__accum_write(): file write failed
    major: Low-level I/O
    minor: Write failed
  #011: /scratch/spack_cpu/job_21700923/spack-stage/spack-stage-hdf5-1.10.7-xexa2gll6hf6okdatgrxiwhcjs2uepc7/spack-src/src/H5FDint.c line 249 in H5FD_write(): driver write request failed
    major: Virtual File Layer
    minor: Write failed
  #012: /scratch/spack_cpu/job_21700923/spack-stage/spack-stage-hdf5-1.10.7-xexa2gll6hf6okdatgrxiwhcjs2uepc7/spack-src/src/H5FDsec2.c line 856 in H5FD__sec2_write(): file write failed: time = Wed Nov 19 08:27:02 2025
, filename = 'checkpoint.h5', file descriptor = 5, errno = 14, error message = 'Bad address', buf = 0x1555537c4000, total write size = 15969552, bytes this sub-write = 15969552, bytes actually written = 18446744073709551615, offset = 0
    major: Low-level I/O
    minor: Write failed
HDF5-DIAG: Error detected in HDF5 (1.10.7) thread 0:
  #000: /scratch/spack_cpu/job_21700923/spack-stage/spack-stage-hdf5-1.10.7-xexa2gll6hf6okdatgrxiwhcjs2uepc7/spack-src/src/H5Dio.c line 335 in H5Dwrite(): can't write data
    major: Dataset
    minor: Write failed
  #001: /scratch/spack_cpu/job_21700923/spack-stage/spack-stage-hdf5-1.10.7-xexa2gll6hf6okdatgrxiwhcjs2uepc7/spack-src/src/H5Dio.c line 813 in H5D__write(): can't write data
    major: Dataset
    minor: Write failed
  #002: /scratch/spack_cpu/job_21700923/spack-stage/spack-stage-hdf5-1.10.7-xexa2gll6hf6okdatgrxiwhcjs2uepc7/spack-src/src/H5Dcontig.c line 659 in H5D__contig_write(): contiguous write failed
    major: Dataset
    minor: Write failed
  #003: /scratch/spack_cpu/job_21700923/spack-stage/spack-stage-hdf5-1.10.7-xexa2gll6hf6okdatgrxiwhcjs2uepc7/spack-src/src/H5Dselect.c line 321 in H5D__select_write(): write error
    major: Dataspace
    minor: Write failed
  #004: /scratch/spack_cpu/job_21700923/spack-stage/spack-stage-hdf5-1.10.7-xexa2gll6hf6okdatgrxiwhcjs2uepc7/spack-src/src/H5Dselect.c line 230 in H5D__select_io(): write error
    major: Dataspace
    minor: Write failed
  #005: /scratch/spack_cpu/job_21700923/spack-stage/spack-stage-hdf5-1.10.7-xexa2gll6hf6okdatgrxiwhcjs2uepc7/spack-src/src/H5Dcontig.c line 1281 in H5D__contig_writevv(): can't perform vectorized sieve buffer write
    major: Dataset
    minor: Can't operate on object
  #006: /scratch/spack_cpu/job_21700923/spack-stage/spack-stage-hdf5-1.10.7-xexa2gll6hf6okdatgrxiwhcjs2uepc7/spack-src/src/H5VM.c line 1464 in H5VM_opvv(): can't perform operation
    major: Internal error (too specific to document in detail)
    minor: Can't operate on object
  #007: /scratch/spack_cpu/job_21700923/spack-stage/spack-stage-hdf5-1.10.7-xexa2gll6hf6okdatgrxiwhcjs2uepc7/spack-src/src/H5Dcontig.c line 1029 in H5D__contig_writevv_sieve_cb(): block write failed
    major: Dataset
    minor: Write failed
  #008: /scratch/spack_cpu/job_21700923/spack-stage/spack-stage-hdf5-1.10.7-xexa2gll6hf6okdatgrxiwhcjs2uepc7/spack-src/src/H5Fio.c line 161 in H5F_block_write(): write through page buffer failed
    major: Low-level I/O
    minor: Write failed
  #009: /scratch/spack_cpu/job_21700923/spack-stage/spack-stage-hdf5-1.10.7-xexa2gll6hf6okdatgrxiwhcjs2uepc7/spack-src/src/H5PB.c line 1032 in H5PB_write(): write through metadata accumulator failed
    major: Page Buffering
    minor: Write failed
  #010: /scratch/spack_cpu/job_21700923/spack-stage/spack-stage-hdf5-1.10.7-xexa2gll6hf6okdatgrxiwhcjs2uepc7/spack-src/src/H5Faccum.c line 824 in H5F__accum_write(): file write failed
    major: Low-level I/O
    minor: Write failed
  #011: /scratch/spack_cpu/job_21700923/spack-stage/spack-stage-hdf5-1.10.7-xexa2gll6hf6okdatgrxiwhcjs2uepc7/spack-src/src/H5FDint.c line 249 in H5FD_write(): driver write request failed
    major: Virtual File Layer
    minor: Write failed
  #012: /scratch/spack_cpu/job_21700923/spack-stage/spack-stage-hdf5-1.10.7-xexa2gll6hf6okdatgrxiwhcjs2uepc7/spack-src/src/H5FDsec2.c line 856 in H5FD__sec2_write(): file write failed: time = Wed Nov 19 08:27:09 2025
, filename = 'checkpoint.h5', file descriptor = 5, errno = 14, error message = 'Bad address', buf = 0x1555537c4000, total write size = 15969552, bytes this sub-write = 15969552, bytes actually written = 18446744073709551615, offset = 0
    major: Low-level I/O
    minor: Write failed
HDF5-DIAG: Error detected in HDF5 (1.10.7) thread 0:
  #000: /scratch/spack_cpu/job_21700923/spack-stage/spack-stage-hdf5-1.10.7-xexa2gll6hf6okdatgrxiwhcjs2uepc7/spack-src/src/H5Dio.c line 335 in H5Dwrite(): can't write data
    major: Dataset
    minor: Write failed
  #001: /scratch/spack_cpu/job_21700923/spack-stage/spack-stage-hdf5-1.10.7-xexa2gll6hf6okdatgrxiwhcjs2uepc7/spack-src/src/H5Dio.c line 813 in H5D__write(): can't write data
    major: Dataset
    minor: Write failed
  #002: /scratch/spack_cpu/job_21700923/spack-stage/spack-stage-hdf5-1.10.7-xexa2gll6hf6okdatgrxiwhcjs2uepc7/spack-src/src/H5Dcontig.c line 659 in H5D__contig_write(): contiguous write failed
    major: Dataset
    minor: Write failed
  #003: /scratch/spack_cpu/job_21700923/spack-stage/spack-stage-hdf5-1.10.7-xexa2gll6hf6okdatgrxiwhcjs2uepc7/spack-src/src/H5Dselect.c line 321 in H5D__select_write(): write error
    major: Dataspace
    minor: Write failed
  #004: /scratch/spack_cpu/job_21700923/spack-stage/spack-stage-hdf5-1.10.7-xexa2gll6hf6okdatgrxiwhcjs2uepc7/spack-src/src/H5Dselect.c line 230 in H5D__select_io(): write error
    major: Dataspace
    minor: Write failed
  #005: /scratch/spack_cpu/job_21700923/spack-stage/spack-stage-hdf5-1.10.7-xexa2gll6hf6okdatgrxiwhcjs2uepc7/spack-src/src/H5Dcontig.c line 1281 in H5D__contig_writevv(): can't perform vectorized sieve buffer write
    major: Dataset
    minor: Can't operate on object
  #006: /scratch/spack_cpu/job_21700923/spack-stage/spack-stage-hdf5-1.10.7-xexa2gll6hf6okdatgrxiwhcjs2uepc7/spack-src/src/H5VM.c line 1464 in H5VM_opvv(): can't perform operation
    major: Internal error (too specific to document in detail)
    minor: Can't operate on object
  #007: /scratch/spack_cpu/job_21700923/spack-stage/spack-stage-hdf5-1.10.7-xexa2gll6hf6okdatgrxiwhcjs2uepc7/spack-src/src/H5Dcontig.c line 1029 in H5D__contig_writevv_sieve_cb(): block write failed
    major: Dataset
    minor: Write failed
  #008: /scratch/spack_cpu/job_21700923/spack-stage/spack-stage-hdf5-1.10.7-xexa2gll6hf6okdatgrxiwhcjs2uepc7/spack-src/src/H5Fio.c line 161 in H5F_block_write(): write through page buffer failed
    major: Low-level I/O
    minor: Write failed
  #009: /scratch/spack_cpu/job_21700923/spack-stage/spack-stage-hdf5-1.10.7-xexa2gll6hf6okdatgrxiwhcjs2uepc7/spack-src/src/H5PB.c line 1032 in H5PB_write(): write through metadata accumulator failed
    major: Page Buffering
    minor: Write failed
  #010: /scratch/spack_cpu/job_21700923/spack-stage/spack-stage-hdf5-1.10.7-xexa2gll6hf6okdatgrxiwhcjs2uepc7/spack-src/src/H5Faccum.c line 824 in H5F__accum_write(): file write failed
    major: Low-level I/O
    minor: Write failed
  #011: /scratch/spack_cpu/job_21700923/spack-stage/spack-stage-hdf5-1.10.7-xexa2gll6hf6okdatgrxiwhcjs2uepc7/spack-src/src/H5FDint.c line 249 in H5FD_write(): driver write request failed
    major: Virtual File Layer
    minor: Write failed
  #012: /scratch/spack_cpu/job_21700923/spack-stage/spack-stage-hdf5-1.10.7-xexa2gll6hf6okdatgrxiwhcjs2uepc7/spack-src/src/H5FDsec2.c line 856 in H5FD__sec2_write(): file write failed: time = Wed Nov 19 08:27:17 2025
, filename = 'checkpoint.h5', file descriptor = 5, errno = 14, error message = 'Bad address', buf = 0x1555537c4000, total write size = 15969552, bytes this sub-write = 15969552, bytes actually written = 18446744073709551615, offset = 0
    major: Low-level I/O
    minor: Write failed
HDF5-DIAG: Error detected in HDF5 (1.10.7) thread 0:
  #000: /scratch/spack_cpu/job_21700923/spack-stage/spack-stage-hdf5-1.10.7-xexa2gll6hf6okdatgrxiwhcjs2uepc7/spack-src/src/H5Dio.c line 335 in H5Dwrite(): can't write data
    major: Dataset
    minor: Write failed
  #001: /scratch/spack_cpu/job_21700923/spack-stage/spack-stage-hdf5-1.10.7-xexa2gll6hf6okdatgrxiwhcjs2uepc7/spack-src/src/H5Dio.c line 813 in H5D__write(): can't write data
    major: Dataset
    minor: Write failed
  #002: /scratch/spack_cpu/job_21700923/spack-stage/spack-stage-hdf5-1.10.7-xexa2gll6hf6okdatgrxiwhcjs2uepc7/spack-src/src/H5Dcontig.c line 659 in H5D__contig_write(): contiguous write failed
    major: Dataset
    minor: Write failed
  #003: /scratch/spack_cpu/job_21700923/spack-stage/spack-stage-hdf5-1.10.7-xexa2gll6hf6okdatgrxiwhcjs2uepc7/spack-src/src/H5Dselect.c line 321 in H5D__select_write(): write error
    major: Dataspace
    minor: Write failed
  #004: /scratch/spack_cpu/job_21700923/spack-stage/spack-stage-hdf5-1.10.7-xexa2gll6hf6okdatgrxiwhcjs2uepc7/spack-src/src/H5Dselect.c line 230 in H5D__select_io(): write error
    major: Dataspace
    minor: Write failed
  #005: /scratch/spack_cpu/job_21700923/spack-stage/spack-stage-hdf5-1.10.7-xexa2gll6hf6okdatgrxiwhcjs2uepc7/spack-src/src/H5Dcontig.c line 1281 in H5D__contig_writevv(): can't perform vectorized sieve buffer write
    major: Dataset
    minor: Can't operate on object
  #006: /scratch/spack_cpu/job_21700923/spack-stage/spack-stage-hdf5-1.10.7-xexa2gll6hf6okdatgrxiwhcjs2uepc7/spack-src/src/H5VM.c line 1464 in H5VM_opvv(): can't perform operation
    major: Internal error (too specific to document in detail)
    minor: Can't operate on object
  #007: /scratch/spack_cpu/job_21700923/spack-stage/spack-stage-hdf5-1.10.7-xexa2gll6hf6okdatgrxiwhcjs2uepc7/spack-src/src/H5Dcontig.c line 1029 in H5D__contig_writevv_sieve_cb(): block write failed
    major: Dataset
    minor: Write failed
  #008: /scratch/spack_cpu/job_21700923/spack-stage/spack-stage-hdf5-1.10.7-xexa2gll6hf6okdatgrxiwhcjs2uepc7/spack-src/src/H5Fio.c line 161 in H5F_block_write(): write through page buffer failed
    major: Low-level I/O
    minor: Write failed
  #009: /scratch/spack_cpu/job_21700923/spack-stage/spack-stage-hdf5-1.10.7-xexa2gll6hf6okdatgrxiwhcjs2uepc7/spack-src/src/H5PB.c line 1032 in H5PB_write(): write through metadata accumulator failed
    major: Page Buffering
    minor: Write failed
  #010: /scratch/spack_cpu/job_21700923/spack-stage/spack-stage-hdf5-1.10.7-xexa2gll6hf6okdatgrxiwhcjs2uepc7/spack-src/src/H5Faccum.c line 824 in H5F__accum_write(): file write failed
    major: Low-level I/O
    minor: Write failed
  #011: /scratch/spack_cpu/job_21700923/spack-stage/spack-stage-hdf5-1.10.7-xexa2gll6hf6okdatgrxiwhcjs2uepc7/spack-src/src/H5FDint.c line 249 in H5FD_write(): driver write request failed
    major: Virtual File Layer
    minor: Write failed
  #012: /scratch/spack_cpu/job_21700923/spack-stage/spack-stage-hdf5-1.10.7-xexa2gll6hf6okdatgrxiwhcjs2uepc7/spack-src/src/H5FDsec2.c line 856 in H5FD__sec2_write(): file write failed: time = Wed Nov 19 08:27:23 2025
, filename = 'checkpoint.h5', file descriptor = 5, errno = 14, error message = 'Bad address', buf = 0x1555537c4000, total write size = 15969552, bytes this sub-write = 15969552, bytes actually written = 18446744073709551615, offset = 0
    major: Low-level I/O
    minor: Write failed
HDF5-DIAG: Error detected in HDF5 (1.10.7) thread 0:
  #000: /scratch/spack_cpu/job_21700923/spack-stage/spack-stage-hdf5-1.10.7-xexa2gll6hf6okdatgrxiwhcjs2uepc7/spack-src/src/H5Dio.c line 335 in H5Dwrite(): can't write data
    major: Dataset
    minor: Write failed
  #001: /scratch/spack_cpu/job_21700923/spack-stage/spack-stage-hdf5-1.10.7-xexa2gll6hf6okdatgrxiwhcjs2uepc7/spack-src/src/H5Dio.c line 813 in H5D__write(): can't write data
    major: Dataset
    minor: Write failed
  #002: /scratch/spack_cpu/job_21700923/spack-stage/spack-stage-hdf5-1.10.7-xexa2gll6hf6okdatgrxiwhcjs2uepc7/spack-src/src/H5Dcontig.c line 659 in H5D__contig_write(): contiguous write failed
    major: Dataset
    minor: Write failed
  #003: /scratch/spack_cpu/job_21700923/spack-stage/spack-stage-hdf5-1.10.7-xexa2gll6hf6okdatgrxiwhcjs2uepc7/spack-src/src/H5Dselect.c line 321 in H5D__select_write(): write error
    major: Dataspace
    minor: Write failed
  #004: /scratch/spack_cpu/job_21700923/spack-stage/spack-stage-hdf5-1.10.7-xexa2gll6hf6okdatgrxiwhcjs2uepc7/spack-src/src/H5Dselect.c line 230 in H5D__select_io(): write error
    major: Dataspace
    minor: Write failed
  #005: /scratch/spack_cpu/job_21700923/spack-stage/spack-stage-hdf5-1.10.7-xexa2gll6hf6okdatgrxiwhcjs2uepc7/spack-src/src/H5Dcontig.c line 1281 in H5D__contig_writevv(): can't perform vectorized sieve buffer write
    major: Dataset
    minor: Can't operate on object
  #006: /scratch/spack_cpu/job_21700923/spack-stage/spack-stage-hdf5-1.10.7-xexa2gll6hf6okdatgrxiwhcjs2uepc7/spack-src/src/H5VM.c line 1464 in H5VM_opvv(): can't perform operation
    major: Internal error (too specific to document in detail)
    minor: Can't operate on object
  #007: /scratch/spack_cpu/job_21700923/spack-stage/spack-stage-hdf5-1.10.7-xexa2gll6hf6okdatgrxiwhcjs2uepc7/spack-src/src/H5Dcontig.c line 1029 in H5D__contig_writevv_sieve_cb(): block write failed
    major: Dataset
    minor: Write failed
  #008: /scratch/spack_cpu/job_21700923/spack-stage/spack-stage-hdf5-1.10.7-xexa2gll6hf6okdatgrxiwhcjs2uepc7/spack-src/src/H5Fio.c line 161 in H5F_block_write(): write through page buffer failed
    major: Low-level I/O
    minor: Write failed
  #009: /scratch/spack_cpu/job_21700923/spack-stage/spack-stage-hdf5-1.10.7-xexa2gll6hf6okdatgrxiwhcjs2uepc7/spack-src/src/H5PB.c line 1032 in H5PB_write(): write through metadata accumulator failed
    major: Page Buffering
    minor: Write failed
  #010: /scratch/spack_cpu/job_21700923/spack-stage/spack-stage-hdf5-1.10.7-xexa2gll6hf6okdatgrxiwhcjs2uepc7/spack-src/src/H5Faccum.c line 824 in H5F__accum_write(): file write failed
    major: Low-level I/O
    minor: Write failed
  #011: /scratch/spack_cpu/job_21700923/spack-stage/spack-stage-hdf5-1.10.7-xexa2gll6hf6okdatgrxiwhcjs2uepc7/spack-src/src/H5FDint.c line 249 in H5FD_write(): driver write request failed
    major: Virtual File Layer
    minor: Write failed
  #012: /scratch/spack_cpu/job_21700923/spack-stage/spack-stage-hdf5-1.10.7-xexa2gll6hf6okdatgrxiwhcjs2uepc7/spack-src/src/H5FDsec2.c line 856 in H5FD__sec2_write(): file write failed: time = Wed Nov 19 08:27:31 2025
, filename = 'checkpoint.h5', file descriptor = 5, errno = 14, error message = 'Bad address', buf = 0x1555537c4000, total write size = 15969552, bytes this sub-write = 15969552, bytes actually written = 18446744073709551615, offset = 0
    major: Low-level I/O
    minor: Write failed
HDF5-DIAG: Error detected in HDF5 (1.10.7) thread 0:
  #000: /scratch/spack_cpu/job_21700923/spack-stage/spack-stage-hdf5-1.10.7-xexa2gll6hf6okdatgrxiwhcjs2uepc7/spack-src/src/H5Dio.c line 335 in H5Dwrite(): can't write data
    major: Dataset
    minor: Write failed
  #001: /scratch/spack_cpu/job_21700923/spack-stage/spack-stage-hdf5-1.10.7-xexa2gll6hf6okdatgrxiwhcjs2uepc7/spack-src/src/H5Dio.c line 813 in H5D__write(): can't write data
    major: Dataset
    minor: Write failed
  #002: /scratch/spack_cpu/job_21700923/spack-stage/spack-stage-hdf5-1.10.7-xexa2gll6hf6okdatgrxiwhcjs2uepc7/spack-src/src/H5Dcontig.c line 659 in H5D__contig_write(): contiguous write failed
    major: Dataset
    minor: Write failed
  #003: /scratch/spack_cpu/job_21700923/spack-stage/spack-stage-hdf5-1.10.7-xexa2gll6hf6okdatgrxiwhcjs2uepc7/spack-src/src/H5Dselect.c line 321 in H5D__select_write(): write error
    major: Dataspace
    minor: Write failed
  #004: /scratch/spack_cpu/job_21700923/spack-stage/spack-stage-hdf5-1.10.7-xexa2gll6hf6okdatgrxiwhcjs2uepc7/spack-src/src/H5Dselect.c line 230 in H5D__select_io(): write error
    major: Dataspace
    minor: Write failed
  #005: /scratch/spack_cpu/job_21700923/spack-stage/spack-stage-hdf5-1.10.7-xexa2gll6hf6okdatgrxiwhcjs2uepc7/spack-src/src/H5Dcontig.c line 1281 in H5D__contig_writevv(): can't perform vectorized sieve buffer write
    major: Dataset
    minor: Can't operate on object
  #006: /scratch/spack_cpu/job_21700923/spack-stage/spack-stage-hdf5-1.10.7-xexa2gll6hf6okdatgrxiwhcjs2uepc7/spack-src/src/H5VM.c line 1464 in H5VM_opvv(): can't perform operation
    major: Internal error (too specific to document in detail)
    minor: Can't operate on object
  #007: /scratch/spack_cpu/job_21700923/spack-stage/spack-stage-hdf5-1.10.7-xexa2gll6hf6okdatgrxiwhcjs2uepc7/spack-src/src/H5Dcontig.c line 1029 in H5D__contig_writevv_sieve_cb(): block write failed
    major: Dataset
    minor: Write failed
  #008: /scratch/spack_cpu/job_21700923/spack-stage/spack-stage-hdf5-1.10.7-xexa2gll6hf6okdatgrxiwhcjs2uepc7/spack-src/src/H5Fio.c line 161 in H5F_block_write(): write through page buffer failed
    major: Low-level I/O
    minor: Write failed
  #009: /scratch/spack_cpu/job_21700923/spack-stage/spack-stage-hdf5-1.10.7-xexa2gll6hf6okdatgrxiwhcjs2uepc7/spack-src/src/H5PB.c line 1032 in H5PB_write(): write through metadata accumulator failed
    major: Page Buffering
    minor: Write failed
  #010: /scratch/spack_cpu/job_21700923/spack-stage/spack-stage-hdf5-1.10.7-xexa2gll6hf6okdatgrxiwhcjs2uepc7/spack-src/src/H5Faccum.c line 824 in H5F__accum_write(): file write failed
    major: Low-level I/O
    minor: Write failed
  #011: /scratch/spack_cpu/job_21700923/spack-stage/spack-stage-hdf5-1.10.7-xexa2gll6hf6okdatgrxiwhcjs2uepc7/spack-src/src/H5FDint.c line 249 in H5FD_write(): driver write request failed
    major: Virtual File Layer
    minor: Write failed
  #012: /scratch/spack_cpu/job_21700923/spack-stage/spack-stage-hdf5-1.10.7-xexa2gll6hf6okdatgrxiwhcjs2uepc7/spack-src/src/H5FDsec2.c line 856 in H5FD__sec2_write(): file write failed: time = Wed Nov 19 08:27:38 2025
, filename = 'checkpoint.h5', file descriptor = 5, errno = 14, error message = 'Bad address', buf = 0x1555537c4000, total write size = 15969552, bytes this sub-write = 15969552, bytes actually written = 18446744073709551615, offset = 0
    major: Low-level I/O
    minor: Write failed
HDF5-DIAG: Error detected in HDF5 (1.10.7) thread 0:
  #000: /scratch/spack_cpu/job_21700923/spack-stage/spack-stage-hdf5-1.10.7-xexa2gll6hf6okdatgrxiwhcjs2uepc7/spack-src/src/H5Dio.c line 335 in H5Dwrite(): can't write data
    major: Dataset
    minor: Write failed
  #001: /scratch/spack_cpu/job_21700923/spack-stage/spack-stage-hdf5-1.10.7-xexa2gll6hf6okdatgrxiwhcjs2uepc7/spack-src/src/H5Dio.c line 813 in H5D__write(): can't write data
    major: Dataset
    minor: Write failed
  #002: /scratch/spack_cpu/job_21700923/spack-stage/spack-stage-hdf5-1.10.7-xexa2gll6hf6okdatgrxiwhcjs2uepc7/spack-src/src/H5Dcontig.c line 659 in H5D__contig_write(): contiguous write failed
    major: Dataset
    minor: Write failed
  #003: /scratch/spack_cpu/job_21700923/spack-stage/spack-stage-hdf5-1.10.7-xexa2gll6hf6okdatgrxiwhcjs2uepc7/spack-src/src/H5Dselect.c line 321 in H5D__select_write(): write error
    major: Dataspace
    minor: Write failed
  #004: /scratch/spack_cpu/job_21700923/spack-stage/spack-stage-hdf5-1.10.7-xexa2gll6hf6okdatgrxiwhcjs2uepc7/spack-src/src/H5Dselect.c line 230 in H5D__select_io(): write error
    major: Dataspace
    minor: Write failed
  #005: /scratch/spack_cpu/job_21700923/spack-stage/spack-stage-hdf5-1.10.7-xexa2gll6hf6okdatgrxiwhcjs2uepc7/spack-src/src/H5Dcontig.c line 1281 in H5D__contig_writevv(): can't perform vectorized sieve buffer write
    major: Dataset
    minor: Can't operate on object
  #006: /scratch/spack_cpu/job_21700923/spack-stage/spack-stage-hdf5-1.10.7-xexa2gll6hf6okdatgrxiwhcjs2uepc7/spack-src/src/H5VM.c line 1464 in H5VM_opvv(): can't perform operation
    major: Internal error (too specific to document in detail)
    minor: Can't operate on object
  #007: /scratch/spack_cpu/job_21700923/spack-stage/spack-stage-hdf5-1.10.7-xexa2gll6hf6okdatgrxiwhcjs2uepc7/spack-src/src/H5Dcontig.c line 1029 in H5D__contig_writevv_sieve_cb(): block write failed
    major: Dataset
    minor: Write failed
  #008: /scratch/spack_cpu/job_21700923/spack-stage/spack-stage-hdf5-1.10.7-xexa2gll6hf6okdatgrxiwhcjs2uepc7/spack-src/src/H5Fio.c line 161 in H5F_block_write(): write through page buffer failed
    major: Low-level I/O
    minor: Write failed
  #009: /scratch/spack_cpu/job_21700923/spack-stage/spack-stage-hdf5-1.10.7-xexa2gll6hf6okdatgrxiwhcjs2uepc7/spack-src/src/H5PB.c line 1032 in H5PB_write(): write through metadata accumulator failed
    major: Page Buffering
    minor: Write failed
  #010: /scratch/spack_cpu/job_21700923/spack-stage/spack-stage-hdf5-1.10.7-xexa2gll6hf6okdatgrxiwhcjs2uepc7/spack-src/src/H5Faccum.c line 824 in H5F__accum_write(): file write failed
    major: Low-level I/O
    minor: Write failed
  #011: /scratch/spack_cpu/job_21700923/spack-stage/spack-stage-hdf5-1.10.7-xexa2gll6hf6okdatgrxiwhcjs2uepc7/spack-src/src/H5FDint.c line 249 in H5FD_write(): driver write request failed
    major: Virtual File Layer
    minor: Write failed
  #012: /scratch/spack_cpu/job_21700923/spack-stage/spack-stage-hdf5-1.10.7-xexa2gll6hf6okdatgrxiwhcjs2uepc7/spack-src/src/H5FDsec2.c line 856 in H5FD__sec2_write(): file write failed: time = Wed Nov 19 08:27:45 2025
, filename = 'checkpoint.h5', file descriptor = 5, errno = 14, error message = 'Bad address', buf = 0x1555537c4000, total write size = 15969552, bytes this sub-write = 15969552, bytes actually written = 18446744073709551615, offset = 0
    major: Low-level I/O
    minor: Write failed
HDF5-DIAG: Error detected in HDF5 (1.10.7) thread 0:
  #000: /scratch/spack_cpu/job_21700923/spack-stage/spack-stage-hdf5-1.10.7-xexa2gll6hf6okdatgrxiwhcjs2uepc7/spack-src/src/H5Dio.c line 335 in H5Dwrite(): can't write data
    major: Dataset
    minor: Write failed
  #001: /scratch/spack_cpu/job_21700923/spack-stage/spack-stage-hdf5-1.10.7-xexa2gll6hf6okdatgrxiwhcjs2uepc7/spack-src/src/H5Dio.c line 813 in H5D__write(): can't write data
    major: Dataset
    minor: Write failed
  #002: /scratch/spack_cpu/job_21700923/spack-stage/spack-stage-hdf5-1.10.7-xexa2gll6hf6okdatgrxiwhcjs2uepc7/spack-src/src/H5Dcontig.c line 659 in H5D__contig_write(): contiguous write failed
    major: Dataset
    minor: Write failed
  #003: /scratch/spack_cpu/job_21700923/spack-stage/spack-stage-hdf5-1.10.7-xexa2gll6hf6okdatgrxiwhcjs2uepc7/spack-src/src/H5Dselect.c line 321 in H5D__select_write(): write error
    major: Dataspace
    minor: Write failed
  #004: /scratch/spack_cpu/job_21700923/spack-stage/spack-stage-hdf5-1.10.7-xexa2gll6hf6okdatgrxiwhcjs2uepc7/spack-src/src/H5Dselect.c line 230 in H5D__select_io(): write error
    major: Dataspace
    minor: Write failed
  #005: /scratch/spack_cpu/job_21700923/spack-stage/spack-stage-hdf5-1.10.7-xexa2gll6hf6okdatgrxiwhcjs2uepc7/spack-src/src/H5Dcontig.c line 1281 in H5D__contig_writevv(): can't perform vectorized sieve buffer write
    major: Dataset
    minor: Can't operate on object
  #006: /scratch/spack_cpu/job_21700923/spack-stage/spack-stage-hdf5-1.10.7-xexa2gll6hf6okdatgrxiwhcjs2uepc7/spack-src/src/H5VM.c line 1464 in H5VM_opvv(): can't perform operation
    major: Internal error (too specific to document in detail)
    minor: Can't operate on object
  #007: /scratch/spack_cpu/job_21700923/spack-stage/spack-stage-hdf5-1.10.7-xexa2gll6hf6okdatgrxiwhcjs2uepc7/spack-src/src/H5Dcontig.c line 1029 in H5D__contig_writevv_sieve_cb(): block write failed
    major: Dataset
    minor: Write failed
  #008: /scratch/spack_cpu/job_21700923/spack-stage/spack-stage-hdf5-1.10.7-xexa2gll6hf6okdatgrxiwhcjs2uepc7/spack-src/src/H5Fio.c line 161 in H5F_block_write(): write through page buffer failed
    major: Low-level I/O
    minor: Write failed
  #009: /scratch/spack_cpu/job_21700923/spack-stage/spack-stage-hdf5-1.10.7-xexa2gll6hf6okdatgrxiwhcjs2uepc7/spack-src/src/H5PB.c line 1032 in H5PB_write(): write through metadata accumulator failed
    major: Page Buffering
    minor: Write failed
  #010: /scratch/spack_cpu/job_21700923/spack-stage/spack-stage-hdf5-1.10.7-xexa2gll6hf6okdatgrxiwhcjs2uepc7/spack-src/src/H5Faccum.c line 824 in H5F__accum_write(): file write failed
    major: Low-level I/O
    minor: Write failed
  #011: /scratch/spack_cpu/job_21700923/spack-stage/spack-stage-hdf5-1.10.7-xexa2gll6hf6okdatgrxiwhcjs2uepc7/spack-src/src/H5FDint.c line 249 in H5FD_write(): driver write request failed
    major: Virtual File Layer
    minor: Write failed
  #012: /scratch/spack_cpu/job_21700923/spack-stage/spack-stage-hdf5-1.10.7-xexa2gll6hf6okdatgrxiwhcjs2uepc7/spack-src/src/H5FDsec2.c line 856 in H5FD__sec2_write(): file write failed: time = Wed Nov 19 08:27:53 2025
, filename = 'checkpoint.h5', file descriptor = 5, errno = 14, error message = 'Bad address', buf = 0x1555537c4000, total write size = 15969552, bytes this sub-write = 15969552, bytes actually written = 18446744073709551615, offset = 0
    major: Low-level I/O
    minor: Write failed
HDF5-DIAG: Error detected in HDF5 (1.10.7) thread 0:
  #000: /scratch/spack_cpu/job_21700923/spack-stage/spack-stage-hdf5-1.10.7-xexa2gll6hf6okdatgrxiwhcjs2uepc7/spack-src/src/H5Dio.c line 335 in H5Dwrite(): can't write data
    major: Dataset
    minor: Write failed
  #001: /scratch/spack_cpu/job_21700923/spack-stage/spack-stage-hdf5-1.10.7-xexa2gll6hf6okdatgrxiwhcjs2uepc7/spack-src/src/H5Dio.c line 813 in H5D__write(): can't write data
    major: Dataset
    minor: Write failed
  #002: /scratch/spack_cpu/job_21700923/spack-stage/spack-stage-hdf5-1.10.7-xexa2gll6hf6okdatgrxiwhcjs2uepc7/spack-src/src/H5Dcontig.c line 659 in H5D__contig_write(): contiguous write failed
    major: Dataset
    minor: Write failed
  #003: /scratch/spack_cpu/job_21700923/spack-stage/spack-stage-hdf5-1.10.7-xexa2gll6hf6okdatgrxiwhcjs2uepc7/spack-src/src/H5Dselect.c line 321 in H5D__select_write(): write error
    major: Dataspace
    minor: Write failed
  #004: /scratch/spack_cpu/job_21700923/spack-stage/spack-stage-hdf5-1.10.7-xexa2gll6hf6okdatgrxiwhcjs2uepc7/spack-src/src/H5Dselect.c line 230 in H5D__select_io(): write error
    major: Dataspace
    minor: Write failed
  #005: /scratch/spack_cpu/job_21700923/spack-stage/spack-stage-hdf5-1.10.7-xexa2gll6hf6okdatgrxiwhcjs2uepc7/spack-src/src/H5Dcontig.c line 1281 in H5D__contig_writevv(): can't perform vectorized sieve buffer write
    major: Dataset
    minor: Can't operate on object
  #006: /scratch/spack_cpu/job_21700923/spack-stage/spack-stage-hdf5-1.10.7-xexa2gll6hf6okdatgrxiwhcjs2uepc7/spack-src/src/H5VM.c line 1464 in H5VM_opvv(): can't perform operation
    major: Internal error (too specific to document in detail)
    minor: Can't operate on object
  #007: /scratch/spack_cpu/job_21700923/spack-stage/spack-stage-hdf5-1.10.7-xexa2gll6hf6okdatgrxiwhcjs2uepc7/spack-src/src/H5Dcontig.c line 1029 in H5D__contig_writevv_sieve_cb(): block write failed
    major: Dataset
    minor: Write failed
  #008: /scratch/spack_cpu/job_21700923/spack-stage/spack-stage-hdf5-1.10.7-xexa2gll6hf6okdatgrxiwhcjs2uepc7/spack-src/src/H5Fio.c line 161 in H5F_block_write(): write through page buffer failed
    major: Low-level I/O
    minor: Write failed
  #009: /scratch/spack_cpu/job_21700923/spack-stage/spack-stage-hdf5-1.10.7-xexa2gll6hf6okdatgrxiwhcjs2uepc7/spack-src/src/H5PB.c line 1032 in H5PB_write(): write through metadata accumulator failed
    major: Page Buffering
    minor: Write failed
  #010: /scratch/spack_cpu/job_21700923/spack-stage/spack-stage-hdf5-1.10.7-xexa2gll6hf6okdatgrxiwhcjs2uepc7/spack-src/src/H5Faccum.c line 824 in H5F__accum_write(): file write failed
    major: Low-level I/O
    minor: Write failed
  #011: /scratch/spack_cpu/job_21700923/spack-stage/spack-stage-hdf5-1.10.7-xexa2gll6hf6okdatgrxiwhcjs2uepc7/spack-src/src/H5FDint.c line 249 in H5FD_write(): driver write request failed
    major: Virtual File Layer
    minor: Write failed
  #012: /scratch/spack_cpu/job_21700923/spack-stage/spack-stage-hdf5-1.10.7-xexa2gll6hf6okdatgrxiwhcjs2uepc7/spack-src/src/H5FDsec2.c line 856 in H5FD__sec2_write(): file write failed: time = Wed Nov 19 08:28:00 2025
, filename = 'checkpoint.h5', file descriptor = 5, errno = 14, error message = 'Bad address', buf = 0x1555537c4000, total write size = 15969552, bytes this sub-write = 15969552, bytes actually written = 18446744073709551615, offset = 0
    major: Low-level I/O
    minor: Write failed
HDF5-DIAG: Error detected in HDF5 (1.10.7) thread 0:
  #000: /scratch/spack_cpu/job_21700923/spack-stage/spack-stage-hdf5-1.10.7-xexa2gll6hf6okdatgrxiwhcjs2uepc7/spack-src/src/H5Dio.c line 335 in H5Dwrite(): can't write data
    major: Dataset
    minor: Write failed
  #001: /scratch/spack_cpu/job_21700923/spack-stage/spack-stage-hdf5-1.10.7-xexa2gll6hf6okdatgrxiwhcjs2uepc7/spack-src/src/H5Dio.c line 813 in H5D__write(): can't write data
    major: Dataset
    minor: Write failed
  #002: /scratch/spack_cpu/job_21700923/spack-stage/spack-stage-hdf5-1.10.7-xexa2gll6hf6okdatgrxiwhcjs2uepc7/spack-src/src/H5Dcontig.c line 659 in H5D__contig_write(): contiguous write failed
    major: Dataset
    minor: Write failed
  #003: /scratch/spack_cpu/job_21700923/spack-stage/spack-stage-hdf5-1.10.7-xexa2gll6hf6okdatgrxiwhcjs2uepc7/spack-src/src/H5Dselect.c line 321 in H5D__select_write(): write error
    major: Dataspace
    minor: Write failed
  #004: /scratch/spack_cpu/job_21700923/spack-stage/spack-stage-hdf5-1.10.7-xexa2gll6hf6okdatgrxiwhcjs2uepc7/spack-src/src/H5Dselect.c line 230 in H5D__select_io(): write error
    major: Dataspace
    minor: Write failed
  #005: /scratch/spack_cpu/job_21700923/spack-stage/spack-stage-hdf5-1.10.7-xexa2gll6hf6okdatgrxiwhcjs2uepc7/spack-src/src/H5Dcontig.c line 1281 in H5D__contig_writevv(): can't perform vectorized sieve buffer write
    major: Dataset
    minor: Can't operate on object
  #006: /scratch/spack_cpu/job_21700923/spack-stage/spack-stage-hdf5-1.10.7-xexa2gll6hf6okdatgrxiwhcjs2uepc7/spack-src/src/H5VM.c line 1464 in H5VM_opvv(): can't perform operation
    major: Internal error (too specific to document in detail)
    minor: Can't operate on object
  #007: /scratch/spack_cpu/job_21700923/spack-stage/spack-stage-hdf5-1.10.7-xexa2gll6hf6okdatgrxiwhcjs2uepc7/spack-src/src/H5Dcontig.c line 1029 in H5D__contig_writevv_sieve_cb(): block write failed
    major: Dataset
    minor: Write failed
  #008: /scratch/spack_cpu/job_21700923/spack-stage/spack-stage-hdf5-1.10.7-xexa2gll6hf6okdatgrxiwhcjs2uepc7/spack-src/src/H5Fio.c line 161 in H5F_block_write(): write through page buffer failed
    major: Low-level I/O
    minor: Write failed
  #009: /scratch/spack_cpu/job_21700923/spack-stage/spack-stage-hdf5-1.10.7-xexa2gll6hf6okdatgrxiwhcjs2uepc7/spack-src/src/H5PB.c line 1032 in H5PB_write(): write through metadata accumulator failed
    major: Page Buffering
    minor: Write failed
  #010: /scratch/spack_cpu/job_21700923/spack-stage/spack-stage-hdf5-1.10.7-xexa2gll6hf6okdatgrxiwhcjs2uepc7/spack-src/src/H5Faccum.c line 824 in H5F__accum_write(): file write failed
    major: Low-level I/O
    minor: Write failed
  #011: /scratch/spack_cpu/job_21700923/spack-stage/spack-stage-hdf5-1.10.7-xexa2gll6hf6okdatgrxiwhcjs2uepc7/spack-src/src/H5FDint.c line 249 in H5FD_write(): driver write request failed
    major: Virtual File Layer
    minor: Write failed
  #012: /scratch/spack_cpu/job_21700923/spack-stage/spack-stage-hdf5-1.10.7-xexa2gll6hf6okdatgrxiwhcjs2uepc7/spack-src/src/H5FDsec2.c line 856 in H5FD__sec2_write(): file write failed: time = Wed Nov 19 08:28:06 2025
, filename = 'checkpoint.h5', file descriptor = 5, errno = 14, error message = 'Bad address', buf = 0x1555537c4000, total write size = 15969552, bytes this sub-write = 15969552, bytes actually written = 18446744073709551615, offset = 0
    major: Low-level I/O
    minor: Write failed
HDF5-DIAG: Error detected in HDF5 (1.10.7) thread 0:
  #000: /scratch/spack_cpu/job_21700923/spack-stage/spack-stage-hdf5-1.10.7-xexa2gll6hf6okdatgrxiwhcjs2uepc7/spack-src/src/H5Dio.c line 335 in H5Dwrite(): can't write data
    major: Dataset
    minor: Write failed
  #001: /scratch/spack_cpu/job_21700923/spack-stage/spack-stage-hdf5-1.10.7-xexa2gll6hf6okdatgrxiwhcjs2uepc7/spack-src/src/H5Dio.c line 813 in H5D__write(): can't write data
    major: Dataset
    minor: Write failed
  #002: /scratch/spack_cpu/job_21700923/spack-stage/spack-stage-hdf5-1.10.7-xexa2gll6hf6okdatgrxiwhcjs2uepc7/spack-src/src/H5Dcontig.c line 659 in H5D__contig_write(): contiguous write failed
    major: Dataset
    minor: Write failed
  #003: /scratch/spack_cpu/job_21700923/spack-stage/spack-stage-hdf5-1.10.7-xexa2gll6hf6okdatgrxiwhcjs2uepc7/spack-src/src/H5Dselect.c line 321 in H5D__select_write(): write error
    major: Dataspace
    minor: Write failed
  #004: /scratch/spack_cpu/job_21700923/spack-stage/spack-stage-hdf5-1.10.7-xexa2gll6hf6okdatgrxiwhcjs2uepc7/spack-src/src/H5Dselect.c line 230 in H5D__select_io(): write error
    major: Dataspace
    minor: Write failed
  #005: /scratch/spack_cpu/job_21700923/spack-stage/spack-stage-hdf5-1.10.7-xexa2gll6hf6okdatgrxiwhcjs2uepc7/spack-src/src/H5Dcontig.c line 1281 in H5D__contig_writevv(): can't perform vectorized sieve buffer write
    major: Dataset
    minor: Can't operate on object
  #006: /scratch/spack_cpu/job_21700923/spack-stage/spack-stage-hdf5-1.10.7-xexa2gll6hf6okdatgrxiwhcjs2uepc7/spack-src/src/H5VM.c line 1464 in H5VM_opvv(): can't perform operation
    major: Internal error (too specific to document in detail)
    minor: Can't operate on object
  #007: /scratch/spack_cpu/job_21700923/spack-stage/spack-stage-hdf5-1.10.7-xexa2gll6hf6okdatgrxiwhcjs2uepc7/spack-src/src/H5Dcontig.c line 1029 in H5D__contig_writevv_sieve_cb(): block write failed
    major: Dataset
    minor: Write failed
  #008: /scratch/spack_cpu/job_21700923/spack-stage/spack-stage-hdf5-1.10.7-xexa2gll6hf6okdatgrxiwhcjs2uepc7/spack-src/src/H5Fio.c line 161 in H5F_block_write(): write through page buffer failed
    major: Low-level I/O
    minor: Write failed
  #009: /scratch/spack_cpu/job_21700923/spack-stage/spack-stage-hdf5-1.10.7-xexa2gll6hf6okdatgrxiwhcjs2uepc7/spack-src/src/H5PB.c line 1032 in H5PB_write(): write through metadata accumulator failed
    major: Page Buffering
    minor: Write failed
  #010: /scratch/spack_cpu/job_21700923/spack-stage/spack-stage-hdf5-1.10.7-xexa2gll6hf6okdatgrxiwhcjs2uepc7/spack-src/src/H5Faccum.c line 824 in H5F__accum_write(): file write failed
    major: Low-level I/O
    minor: Write failed
  #011: /scratch/spack_cpu/job_21700923/spack-stage/spack-stage-hdf5-1.10.7-xexa2gll6hf6okdatgrxiwhcjs2uepc7/spack-src/src/H5FDint.c line 249 in H5FD_write(): driver write request failed
    major: Virtual File Layer
    minor: Write failed
  #012: /scratch/spack_cpu/job_21700923/spack-stage/spack-stage-hdf5-1.10.7-xexa2gll6hf6okdatgrxiwhcjs2uepc7/spack-src/src/H5FDsec2.c line 856 in H5FD__sec2_write(): file write failed: time = Wed Nov 19 08:28:14 2025
, filename = 'checkpoint.h5', file descriptor = 5, errno = 14, error message = 'Bad address', buf = 0x1555537c4000, total write size = 15969552, bytes this sub-write = 15969552, bytes actually written = 18446744073709551615, offset = 0
    major: Low-level I/O
    minor: Write failed
HDF5-DIAG: Error detected in HDF5 (1.10.7) thread 0:
  #000: /scratch/spack_cpu/job_21700923/spack-stage/spack-stage-hdf5-1.10.7-xexa2gll6hf6okdatgrxiwhcjs2uepc7/spack-src/src/H5Dio.c line 335 in H5Dwrite(): can't write data
    major: Dataset
    minor: Write failed
  #001: /scratch/spack_cpu/job_21700923/spack-stage/spack-stage-hdf5-1.10.7-xexa2gll6hf6okdatgrxiwhcjs2uepc7/spack-src/src/H5Dio.c line 813 in H5D__write(): can't write data
    major: Dataset
    minor: Write failed
  #002: /scratch/spack_cpu/job_21700923/spack-stage/spack-stage-hdf5-1.10.7-xexa2gll6hf6okdatgrxiwhcjs2uepc7/spack-src/src/H5Dcontig.c line 659 in H5D__contig_write(): contiguous write failed
    major: Dataset
    minor: Write failed
  #003: /scratch/spack_cpu/job_21700923/spack-stage/spack-stage-hdf5-1.10.7-xexa2gll6hf6okdatgrxiwhcjs2uepc7/spack-src/src/H5Dselect.c line 321 in H5D__select_write(): write error
    major: Dataspace
    minor: Write failed
  #004: /scratch/spack_cpu/job_21700923/spack-stage/spack-stage-hdf5-1.10.7-xexa2gll6hf6okdatgrxiwhcjs2uepc7/spack-src/src/H5Dselect.c line 230 in H5D__select_io(): write error
    major: Dataspace
    minor: Write failed
  #005: /scratch/spack_cpu/job_21700923/spack-stage/spack-stage-hdf5-1.10.7-xexa2gll6hf6okdatgrxiwhcjs2uepc7/spack-src/src/H5Dcontig.c line 1281 in H5D__contig_writevv(): can't perform vectorized sieve buffer write
    major: Dataset
    minor: Can't operate on object
  #006: /scratch/spack_cpu/job_21700923/spack-stage/spack-stage-hdf5-1.10.7-xexa2gll6hf6okdatgrxiwhcjs2uepc7/spack-src/src/H5VM.c line 1464 in H5VM_opvv(): can't perform operation
    major: Internal error (too specific to document in detail)
    minor: Can't operate on object
  #007: /scratch/spack_cpu/job_21700923/spack-stage/spack-stage-hdf5-1.10.7-xexa2gll6hf6okdatgrxiwhcjs2uepc7/spack-src/src/H5Dcontig.c line 1029 in H5D__contig_writevv_sieve_cb(): block write failed
    major: Dataset
    minor: Write failed
  #008: /scratch/spack_cpu/job_21700923/spack-stage/spack-stage-hdf5-1.10.7-xexa2gll6hf6okdatgrxiwhcjs2uepc7/spack-src/src/H5Fio.c line 161 in H5F_block_write(): write through page buffer failed
    major: Low-level I/O
    minor: Write failed
  #009: /scratch/spack_cpu/job_21700923/spack-stage/spack-stage-hdf5-1.10.7-xexa2gll6hf6okdatgrxiwhcjs2uepc7/spack-src/src/H5PB.c line 1032 in H5PB_write(): write through metadata accumulator failed
    major: Page Buffering
    minor: Write failed
  #010: /scratch/spack_cpu/job_21700923/spack-stage/spack-stage-hdf5-1.10.7-xexa2gll6hf6okdatgrxiwhcjs2uepc7/spack-src/src/H5Faccum.c line 824 in H5F__accum_write(): file write failed
    major: Low-level I/O
    minor: Write failed
  #011: /scratch/spack_cpu/job_21700923/spack-stage/spack-stage-hdf5-1.10.7-xexa2gll6hf6okdatgrxiwhcjs2uepc7/spack-src/src/H5FDint.c line 249 in H5FD_write(): driver write request failed
    major: Virtual File Layer
    minor: Write failed
  #012: /scratch/spack_cpu/job_21700923/spack-stage/spack-stage-hdf5-1.10.7-xexa2gll6hf6okdatgrxiwhcjs2uepc7/spack-src/src/H5FDsec2.c line 856 in H5FD__sec2_write(): file write failed: time = Wed Nov 19 08:28:21 2025
, filename = 'checkpoint.h5', file descriptor = 5, errno = 14, error message = 'Bad address', buf = 0x1555537c4000, total write size = 15969552, bytes this sub-write = 15969552, bytes actually written = 18446744073709551615, offset = 0
    major: Low-level I/O
    minor: Write failed
HDF5-DIAG: Error detected in HDF5 (1.10.7) thread 0:
  #000: /scratch/spack_cpu/job_21700923/spack-stage/spack-stage-hdf5-1.10.7-xexa2gll6hf6okdatgrxiwhcjs2uepc7/spack-src/src/H5Dio.c line 335 in H5Dwrite(): can't write data
    major: Dataset
    minor: Write failed
  #001: /scratch/spack_cpu/job_21700923/spack-stage/spack-stage-hdf5-1.10.7-xexa2gll6hf6okdatgrxiwhcjs2uepc7/spack-src/src/H5Dio.c line 813 in H5D__write(): can't write data
    major: Dataset
    minor: Write failed
  #002: /scratch/spack_cpu/job_21700923/spack-stage/spack-stage-hdf5-1.10.7-xexa2gll6hf6okdatgrxiwhcjs2uepc7/spack-src/src/H5Dcontig.c line 659 in H5D__contig_write(): contiguous write failed
    major: Dataset
    minor: Write failed
  #003: /scratch/spack_cpu/job_21700923/spack-stage/spack-stage-hdf5-1.10.7-xexa2gll6hf6okdatgrxiwhcjs2uepc7/spack-src/src/H5Dselect.c line 321 in H5D__select_write(): write error
    major: Dataspace
    minor: Write failed
  #004: /scratch/spack_cpu/job_21700923/spack-stage/spack-stage-hdf5-1.10.7-xexa2gll6hf6okdatgrxiwhcjs2uepc7/spack-src/src/H5Dselect.c line 230 in H5D__select_io(): write error
    major: Dataspace
    minor: Write failed
  #005: /scratch/spack_cpu/job_21700923/spack-stage/spack-stage-hdf5-1.10.7-xexa2gll6hf6okdatgrxiwhcjs2uepc7/spack-src/src/H5Dcontig.c line 1281 in H5D__contig_writevv(): can't perform vectorized sieve buffer write
    major: Dataset
    minor: Can't operate on object
  #006: /scratch/spack_cpu/job_21700923/spack-stage/spack-stage-hdf5-1.10.7-xexa2gll6hf6okdatgrxiwhcjs2uepc7/spack-src/src/H5VM.c line 1464 in H5VM_opvv(): can't perform operation
    major: Internal error (too specific to document in detail)
    minor: Can't operate on object
  #007: /scratch/spack_cpu/job_21700923/spack-stage/spack-stage-hdf5-1.10.7-xexa2gll6hf6okdatgrxiwhcjs2uepc7/spack-src/src/H5Dcontig.c line 1029 in H5D__contig_writevv_sieve_cb(): block write failed
    major: Dataset
    minor: Write failed
  #008: /scratch/spack_cpu/job_21700923/spack-stage/spack-stage-hdf5-1.10.7-xexa2gll6hf6okdatgrxiwhcjs2uepc7/spack-src/src/H5Fio.c line 161 in H5F_block_write(): write through page buffer failed
    major: Low-level I/O
    minor: Write failed
  #009: /scratch/spack_cpu/job_21700923/spack-stage/spack-stage-hdf5-1.10.7-xexa2gll6hf6okdatgrxiwhcjs2uepc7/spack-src/src/H5PB.c line 1032 in H5PB_write(): write through metadata accumulator failed
    major: Page Buffering
    minor: Write failed
  #010: /scratch/spack_cpu/job_21700923/spack-stage/spack-stage-hdf5-1.10.7-xexa2gll6hf6okdatgrxiwhcjs2uepc7/spack-src/src/H5Faccum.c line 824 in H5F__accum_write(): file write failed
    major: Low-level I/O
    minor: Write failed
  #011: /scratch/spack_cpu/job_21700923/spack-stage/spack-stage-hdf5-1.10.7-xexa2gll6hf6okdatgrxiwhcjs2uepc7/spack-src/src/H5FDint.c line 249 in H5FD_write(): driver write request failed
    major: Virtual File Layer
    minor: Write failed
  #012: /scratch/spack_cpu/job_21700923/spack-stage/spack-stage-hdf5-1.10.7-xexa2gll6hf6okdatgrxiwhcjs2uepc7/spack-src/src/H5FDsec2.c line 856 in H5FD__sec2_write(): file write failed: time = Wed Nov 19 08:28:27 2025
, filename = 'checkpoint.h5', file descriptor = 5, errno = 14, error message = 'Bad address', buf = 0x1555537c4000, total write size = 15969552, bytes this sub-write = 15969552, bytes actually written = 18446744073709551615, offset = 0
    major: Low-level I/O
    minor: Write failed
HDF5-DIAG: Error detected in HDF5 (1.10.7) thread 0:
  #000: /scratch/spack_cpu/job_21700923/spack-stage/spack-stage-hdf5-1.10.7-xexa2gll6hf6okdatgrxiwhcjs2uepc7/spack-src/src/H5Dio.c line 335 in H5Dwrite(): can't write data
    major: Dataset
    minor: Write failed
  #001: /scratch/spack_cpu/job_21700923/spack-stage/spack-stage-hdf5-1.10.7-xexa2gll6hf6okdatgrxiwhcjs2uepc7/spack-src/src/H5Dio.c line 813 in H5D__write(): can't write data
    major: Dataset
    minor: Write failed
  #002: /scratch/spack_cpu/job_21700923/spack-stage/spack-stage-hdf5-1.10.7-xexa2gll6hf6okdatgrxiwhcjs2uepc7/spack-src/src/H5Dcontig.c line 659 in H5D__contig_write(): contiguous write failed
    major: Dataset
    minor: Write failed
  #003: /scratch/spack_cpu/job_21700923/spack-stage/spack-stage-hdf5-1.10.7-xexa2gll6hf6okdatgrxiwhcjs2uepc7/spack-src/src/H5Dselect.c line 321 in H5D__select_write(): write error
    major: Dataspace
    minor: Write failed
  #004: /scratch/spack_cpu/job_21700923/spack-stage/spack-stage-hdf5-1.10.7-xexa2gll6hf6okdatgrxiwhcjs2uepc7/spack-src/src/H5Dselect.c line 230 in H5D__select_io(): write error
    major: Dataspace
    minor: Write failed
  #005: /scratch/spack_cpu/job_21700923/spack-stage/spack-stage-hdf5-1.10.7-xexa2gll6hf6okdatgrxiwhcjs2uepc7/spack-src/src/H5Dcontig.c line 1281 in H5D__contig_writevv(): can't perform vectorized sieve buffer write
    major: Dataset
    minor: Can't operate on object
  #006: /scratch/spack_cpu/job_21700923/spack-stage/spack-stage-hdf5-1.10.7-xexa2gll6hf6okdatgrxiwhcjs2uepc7/spack-src/src/H5VM.c line 1464 in H5VM_opvv(): can't perform operation
    major: Internal error (too specific to document in detail)
    minor: Can't operate on object
  #007: /scratch/spack_cpu/job_21700923/spack-stage/spack-stage-hdf5-1.10.7-xexa2gll6hf6okdatgrxiwhcjs2uepc7/spack-src/src/H5Dcontig.c line 1029 in H5D__contig_writevv_sieve_cb(): block write failed
    major: Dataset
    minor: Write failed
  #008: /scratch/spack_cpu/job_21700923/spack-stage/spack-stage-hdf5-1.10.7-xexa2gll6hf6okdatgrxiwhcjs2uepc7/spack-src/src/H5Fio.c line 161 in H5F_block_write(): write through page buffer failed
    major: Low-level I/O
    minor: Write failed
  #009: /scratch/spack_cpu/job_21700923/spack-stage/spack-stage-hdf5-1.10.7-xexa2gll6hf6okdatgrxiwhcjs2uepc7/spack-src/src/H5PB.c line 1032 in H5PB_write(): write through metadata accumulator failed
    major: Page Buffering
    minor: Write failed
  #010: /scratch/spack_cpu/job_21700923/spack-stage/spack-stage-hdf5-1.10.7-xexa2gll6hf6okdatgrxiwhcjs2uepc7/spack-src/src/H5Faccum.c line 824 in H5F__accum_write(): file write failed
    major: Low-level I/O
    minor: Write failed
  #011: /scratch/spack_cpu/job_21700923/spack-stage/spack-stage-hdf5-1.10.7-xexa2gll6hf6okdatgrxiwhcjs2uepc7/spack-src/src/H5FDint.c line 249 in H5FD_write(): driver write request failed
    major: Virtual File Layer
    minor: Write failed
  #012: /scratch/spack_cpu/job_21700923/spack-stage/spack-stage-hdf5-1.10.7-xexa2gll6hf6okdatgrxiwhcjs2uepc7/spack-src/src/H5FDsec2.c line 856 in H5FD__sec2_write(): file write failed: time = Wed Nov 19 08:28:34 2025
, filename = 'checkpoint.h5', file descriptor = 5, errno = 14, error message = 'Bad address', buf = 0x1555537c4000, total write size = 15969552, bytes this sub-write = 15969552, bytes actually written = 18446744073709551615, offset = 0
    major: Low-level I/O
    minor: Write failed
HDF5-DIAG: Error detected in HDF5 (1.10.7) thread 0:
  #000: /scratch/spack_cpu/job_21700923/spack-stage/spack-stage-hdf5-1.10.7-xexa2gll6hf6okdatgrxiwhcjs2uepc7/spack-src/src/H5Dio.c line 335 in H5Dwrite(): can't write data
    major: Dataset
    minor: Write failed
  #001: /scratch/spack_cpu/job_21700923/spack-stage/spack-stage-hdf5-1.10.7-xexa2gll6hf6okdatgrxiwhcjs2uepc7/spack-src/src/H5Dio.c line 813 in H5D__write(): can't write data
    major: Dataset
    minor: Write failed
  #002: /scratch/spack_cpu/job_21700923/spack-stage/spack-stage-hdf5-1.10.7-xexa2gll6hf6okdatgrxiwhcjs2uepc7/spack-src/src/H5Dcontig.c line 659 in H5D__contig_write(): contiguous write failed
    major: Dataset
    minor: Write failed
  #003: /scratch/spack_cpu/job_21700923/spack-stage/spack-stage-hdf5-1.10.7-xexa2gll6hf6okdatgrxiwhcjs2uepc7/spack-src/src/H5Dselect.c line 321 in H5D__select_write(): write error
    major: Dataspace
    minor: Write failed
  #004: /scratch/spack_cpu/job_21700923/spack-stage/spack-stage-hdf5-1.10.7-xexa2gll6hf6okdatgrxiwhcjs2uepc7/spack-src/src/H5Dselect.c line 230 in H5D__select_io(): write error
    major: Dataspace
    minor: Write failed
  #005: /scratch/spack_cpu/job_21700923/spack-stage/spack-stage-hdf5-1.10.7-xexa2gll6hf6okdatgrxiwhcjs2uepc7/spack-src/src/H5Dcontig.c line 1281 in H5D__contig_writevv(): can't perform vectorized sieve buffer write
    major: Dataset
    minor: Can't operate on object
  #006: /scratch/spack_cpu/job_21700923/spack-stage/spack-stage-hdf5-1.10.7-xexa2gll6hf6okdatgrxiwhcjs2uepc7/spack-src/src/H5VM.c line 1464 in H5VM_opvv(): can't perform operation
    major: Internal error (too specific to document in detail)
    minor: Can't operate on object
  #007: /scratch/spack_cpu/job_21700923/spack-stage/spack-stage-hdf5-1.10.7-xexa2gll6hf6okdatgrxiwhcjs2uepc7/spack-src/src/H5Dcontig.c line 1029 in H5D__contig_writevv_sieve_cb(): block write failed
    major: Dataset
    minor: Write failed
  #008: /scratch/spack_cpu/job_21700923/spack-stage/spack-stage-hdf5-1.10.7-xexa2gll6hf6okdatgrxiwhcjs2uepc7/spack-src/src/H5Fio.c line 161 in H5F_block_write(): write through page buffer failed
    major: Low-level I/O
    minor: Write failed
  #009: /scratch/spack_cpu/job_21700923/spack-stage/spack-stage-hdf5-1.10.7-xexa2gll6hf6okdatgrxiwhcjs2uepc7/spack-src/src/H5PB.c line 1032 in H5PB_write(): write through metadata accumulator failed
    major: Page Buffering
    minor: Write failed
  #010: /scratch/spack_cpu/job_21700923/spack-stage/spack-stage-hdf5-1.10.7-xexa2gll6hf6okdatgrxiwhcjs2uepc7/spack-src/src/H5Faccum.c line 824 in H5F__accum_write(): file write failed
    major: Low-level I/O
    minor: Write failed
  #011: /scratch/spack_cpu/job_21700923/spack-stage/spack-stage-hdf5-1.10.7-xexa2gll6hf6okdatgrxiwhcjs2uepc7/spack-src/src/H5FDint.c line 249 in H5FD_write(): driver write request failed
    major: Virtual File Layer
    minor: Write failed
  #012: /scratch/spack_cpu/job_21700923/spack-stage/spack-stage-hdf5-1.10.7-xexa2gll6hf6okdatgrxiwhcjs2uepc7/spack-src/src/H5FDsec2.c line 856 in H5FD__sec2_write(): file write failed: time = Wed Nov 19 08:28:41 2025
, filename = 'checkpoint.h5', file descriptor = 5, errno = 14, error message = 'Bad address', buf = 0x1555537c4000, total write size = 15969552, bytes this sub-write = 15969552, bytes actually written = 18446744073709551615, offset = 0
    major: Low-level I/O
    minor: Write failed
HDF5-DIAG: Error detected in HDF5 (1.10.7) thread 0:
  #000: /scratch/spack_cpu/job_21700923/spack-stage/spack-stage-hdf5-1.10.7-xexa2gll6hf6okdatgrxiwhcjs2uepc7/spack-src/src/H5Dio.c line 335 in H5Dwrite(): can't write data
    major: Dataset
    minor: Write failed
  #001: /scratch/spack_cpu/job_21700923/spack-stage/spack-stage-hdf5-1.10.7-xexa2gll6hf6okdatgrxiwhcjs2uepc7/spack-src/src/H5Dio.c line 813 in H5D__write(): can't write data
    major: Dataset
    minor: Write failed
  #002: /scratch/spack_cpu/job_21700923/spack-stage/spack-stage-hdf5-1.10.7-xexa2gll6hf6okdatgrxiwhcjs2uepc7/spack-src/src/H5Dcontig.c line 659 in H5D__contig_write(): contiguous write failed
    major: Dataset
    minor: Write failed
  #003: /scratch/spack_cpu/job_21700923/spack-stage/spack-stage-hdf5-1.10.7-xexa2gll6hf6okdatgrxiwhcjs2uepc7/spack-src/src/H5Dselect.c line 321 in H5D__select_write(): write error
    major: Dataspace
    minor: Write failed
  #004: /scratch/spack_cpu/job_21700923/spack-stage/spack-stage-hdf5-1.10.7-xexa2gll6hf6okdatgrxiwhcjs2uepc7/spack-src/src/H5Dselect.c line 230 in H5D__select_io(): write error
    major: Dataspace
    minor: Write failed
  #005: /scratch/spack_cpu/job_21700923/spack-stage/spack-stage-hdf5-1.10.7-xexa2gll6hf6okdatgrxiwhcjs2uepc7/spack-src/src/H5Dcontig.c line 1281 in H5D__contig_writevv(): can't perform vectorized sieve buffer write
    major: Dataset
    minor: Can't operate on object
  #006: /scratch/spack_cpu/job_21700923/spack-stage/spack-stage-hdf5-1.10.7-xexa2gll6hf6okdatgrxiwhcjs2uepc7/spack-src/src/H5VM.c line 1464 in H5VM_opvv(): can't perform operation
    major: Internal error (too specific to document in detail)
    minor: Can't operate on object
  #007: /scratch/spack_cpu/job_21700923/spack-stage/spack-stage-hdf5-1.10.7-xexa2gll6hf6okdatgrxiwhcjs2uepc7/spack-src/src/H5Dcontig.c line 1029 in H5D__contig_writevv_sieve_cb(): block write failed
    major: Dataset
    minor: Write failed
  #008: /scratch/spack_cpu/job_21700923/spack-stage/spack-stage-hdf5-1.10.7-xexa2gll6hf6okdatgrxiwhcjs2uepc7/spack-src/src/H5Fio.c line 161 in H5F_block_write(): write through page buffer failed
    major: Low-level I/O
    minor: Write failed
  #009: /scratch/spack_cpu/job_21700923/spack-stage/spack-stage-hdf5-1.10.7-xexa2gll6hf6okdatgrxiwhcjs2uepc7/spack-src/src/H5PB.c line 1032 in H5PB_write(): write through metadata accumulator failed
    major: Page Buffering
    minor: Write failed
  #010: /scratch/spack_cpu/job_21700923/spack-stage/spack-stage-hdf5-1.10.7-xexa2gll6hf6okdatgrxiwhcjs2uepc7/spack-src/src/H5Faccum.c line 824 in H5F__accum_write(): file write failed
    major: Low-level I/O
    minor: Write failed
  #011: /scratch/spack_cpu/job_21700923/spack-stage/spack-stage-hdf5-1.10.7-xexa2gll6hf6okdatgrxiwhcjs2uepc7/spack-src/src/H5FDint.c line 249 in H5FD_write(): driver write request failed
    major: Virtual File Layer
    minor: Write failed
  #012: /scratch/spack_cpu/job_21700923/spack-stage/spack-stage-hdf5-1.10.7-xexa2gll6hf6okdatgrxiwhcjs2uepc7/spack-src/src/H5FDsec2.c line 856 in H5FD__sec2_write(): file write failed: time = Wed Nov 19 08:28:48 2025
, filename = 'checkpoint.h5', file descriptor = 5, errno = 14, error message = 'Bad address', buf = 0x1555537c4000, total write size = 15969552, bytes this sub-write = 15969552, bytes actually written = 18446744073709551615, offset = 0
    major: Low-level I/O
    minor: Write failed
HDF5-DIAG: Error detected in HDF5 (1.10.7) thread 0:
  #000: /scratch/spack_cpu/job_21700923/spack-stage/spack-stage-hdf5-1.10.7-xexa2gll6hf6okdatgrxiwhcjs2uepc7/spack-src/src/H5Dio.c line 335 in H5Dwrite(): can't write data
    major: Dataset
    minor: Write failed
  #001: /scratch/spack_cpu/job_21700923/spack-stage/spack-stage-hdf5-1.10.7-xexa2gll6hf6okdatgrxiwhcjs2uepc7/spack-src/src/H5Dio.c line 813 in H5D__write(): can't write data
    major: Dataset
    minor: Write failed
  #002: /scratch/spack_cpu/job_21700923/spack-stage/spack-stage-hdf5-1.10.7-xexa2gll6hf6okdatgrxiwhcjs2uepc7/spack-src/src/H5Dcontig.c line 659 in H5D__contig_write(): contiguous write failed
    major: Dataset
    minor: Write failed
  #003: /scratch/spack_cpu/job_21700923/spack-stage/spack-stage-hdf5-1.10.7-xexa2gll6hf6okdatgrxiwhcjs2uepc7/spack-src/src/H5Dselect.c line 321 in H5D__select_write(): write error
    major: Dataspace
    minor: Write failed
  #004: /scratch/spack_cpu/job_21700923/spack-stage/spack-stage-hdf5-1.10.7-xexa2gll6hf6okdatgrxiwhcjs2uepc7/spack-src/src/H5Dselect.c line 230 in H5D__select_io(): write error
    major: Dataspace
    minor: Write failed
  #005: /scratch/spack_cpu/job_21700923/spack-stage/spack-stage-hdf5-1.10.7-xexa2gll6hf6okdatgrxiwhcjs2uepc7/spack-src/src/H5Dcontig.c line 1281 in H5D__contig_writevv(): can't perform vectorized sieve buffer write
    major: Dataset
    minor: Can't operate on object
  #006: /scratch/spack_cpu/job_21700923/spack-stage/spack-stage-hdf5-1.10.7-xexa2gll6hf6okdatgrxiwhcjs2uepc7/spack-src/src/H5VM.c line 1464 in H5VM_opvv(): can't perform operation
    major: Internal error (too specific to document in detail)
    minor: Can't operate on object
  #007: /scratch/spack_cpu/job_21700923/spack-stage/spack-stage-hdf5-1.10.7-xexa2gll6hf6okdatgrxiwhcjs2uepc7/spack-src/src/H5Dcontig.c line 1029 in H5D__contig_writevv_sieve_cb(): block write failed
    major: Dataset
    minor: Write failed
  #008: /scratch/spack_cpu/job_21700923/spack-stage/spack-stage-hdf5-1.10.7-xexa2gll6hf6okdatgrxiwhcjs2uepc7/spack-src/src/H5Fio.c line 161 in H5F_block_write(): write through page buffer failed
    major: Low-level I/O
    minor: Write failed
  #009: /scratch/spack_cpu/job_21700923/spack-stage/spack-stage-hdf5-1.10.7-xexa2gll6hf6okdatgrxiwhcjs2uepc7/spack-src/src/H5PB.c line 1032 in H5PB_write(): write through metadata accumulator failed
    major: Page Buffering
    minor: Write failed
  #010: /scratch/spack_cpu/job_21700923/spack-stage/spack-stage-hdf5-1.10.7-xexa2gll6hf6okdatgrxiwhcjs2uepc7/spack-src/src/H5Faccum.c line 824 in H5F__accum_write(): file write failed
    major: Low-level I/O
    minor: Write failed
  #011: /scratch/spack_cpu/job_21700923/spack-stage/spack-stage-hdf5-1.10.7-xexa2gll6hf6okdatgrxiwhcjs2uepc7/spack-src/src/H5FDint.c line 249 in H5FD_write(): driver write request failed
    major: Virtual File Layer
    minor: Write failed
  #012: /scratch/spack_cpu/job_21700923/spack-stage/spack-stage-hdf5-1.10.7-xexa2gll6hf6okdatgrxiwhcjs2uepc7/spack-src/src/H5FDsec2.c line 856 in H5FD__sec2_write(): file write failed: time = Wed Nov 19 08:28:56 2025
, filename = 'checkpoint.h5', file descriptor = 5, errno = 14, error message = 'Bad address', buf = 0x1555537c4000, total write size = 15969552, bytes this sub-write = 15969552, bytes actually written = 18446744073709551615, offset = 0
    major: Low-level I/O
    minor: Write failed
HDF5-DIAG: Error detected in HDF5 (1.10.7) thread 0:
  #000: /scratch/spack_cpu/job_21700923/spack-stage/spack-stage-hdf5-1.10.7-xexa2gll6hf6okdatgrxiwhcjs2uepc7/spack-src/src/H5Dio.c line 335 in H5Dwrite(): can't write data
    major: Dataset
    minor: Write failed
  #001: /scratch/spack_cpu/job_21700923/spack-stage/spack-stage-hdf5-1.10.7-xexa2gll6hf6okdatgrxiwhcjs2uepc7/spack-src/src/H5Dio.c line 813 in H5D__write(): can't write data
    major: Dataset
    minor: Write failed
  #002: /scratch/spack_cpu/job_21700923/spack-stage/spack-stage-hdf5-1.10.7-xexa2gll6hf6okdatgrxiwhcjs2uepc7/spack-src/src/H5Dcontig.c line 659 in H5D__contig_write(): contiguous write failed
    major: Dataset
    minor: Write failed
  #003: /scratch/spack_cpu/job_21700923/spack-stage/spack-stage-hdf5-1.10.7-xexa2gll6hf6okdatgrxiwhcjs2uepc7/spack-src/src/H5Dselect.c line 321 in H5D__select_write(): write error
    major: Dataspace
    minor: Write failed
  #004: /scratch/spack_cpu/job_21700923/spack-stage/spack-stage-hdf5-1.10.7-xexa2gll6hf6okdatgrxiwhcjs2uepc7/spack-src/src/H5Dselect.c line 230 in H5D__select_io(): write error
    major: Dataspace
    minor: Write failed
  #005: /scratch/spack_cpu/job_21700923/spack-stage/spack-stage-hdf5-1.10.7-xexa2gll6hf6okdatgrxiwhcjs2uepc7/spack-src/src/H5Dcontig.c line 1281 in H5D__contig_writevv(): can't perform vectorized sieve buffer write
    major: Dataset
    minor: Can't operate on object
  #006: /scratch/spack_cpu/job_21700923/spack-stage/spack-stage-hdf5-1.10.7-xexa2gll6hf6okdatgrxiwhcjs2uepc7/spack-src/src/H5VM.c line 1464 in H5VM_opvv(): can't perform operation
    major: Internal error (too specific to document in detail)
    minor: Can't operate on object
  #007: /scratch/spack_cpu/job_21700923/spack-stage/spack-stage-hdf5-1.10.7-xexa2gll6hf6okdatgrxiwhcjs2uepc7/spack-src/src/H5Dcontig.c line 1029 in H5D__contig_writevv_sieve_cb(): block write failed
    major: Dataset
    minor: Write failed
  #008: /scratch/spack_cpu/job_21700923/spack-stage/spack-stage-hdf5-1.10.7-xexa2gll6hf6okdatgrxiwhcjs2uepc7/spack-src/src/H5Fio.c line 161 in H5F_block_write(): write through page buffer failed
    major: Low-level I/O
    minor: Write failed
  #009: /scratch/spack_cpu/job_21700923/spack-stage/spack-stage-hdf5-1.10.7-xexa2gll6hf6okdatgrxiwhcjs2uepc7/spack-src/src/H5PB.c line 1032 in H5PB_write(): write through metadata accumulator failed
    major: Page Buffering
    minor: Write failed
  #010: /scratch/spack_cpu/job_21700923/spack-stage/spack-stage-hdf5-1.10.7-xexa2gll6hf6okdatgrxiwhcjs2uepc7/spack-src/src/H5Faccum.c line 824 in H5F__accum_write(): file write failed
    major: Low-level I/O
    minor: Write failed
  #011: /scratch/spack_cpu/job_21700923/spack-stage/spack-stage-hdf5-1.10.7-xexa2gll6hf6okdatgrxiwhcjs2uepc7/spack-src/src/H5FDint.c line 249 in H5FD_write(): driver write request failed
    major: Virtual File Layer
    minor: Write failed
  #012: /scratch/spack_cpu/job_21700923/spack-stage/spack-stage-hdf5-1.10.7-xexa2gll6hf6okdatgrxiwhcjs2uepc7/spack-src/src/H5FDsec2.c line 856 in H5FD__sec2_write(): file write failed: time = Wed Nov 19 08:29:02 2025
, filename = 'checkpoint.h5', file descriptor = 5, errno = 14, error message = 'Bad address', buf = 0x1555537c4000, total write size = 15969552, bytes this sub-write = 15969552, bytes actually written = 18446744073709551615, offset = 0
    major: Low-level I/O
    minor: Write failed
HDF5-DIAG: Error detected in HDF5 (1.10.7) thread 0:
  #000: /scratch/spack_cpu/job_21700923/spack-stage/spack-stage-hdf5-1.10.7-xexa2gll6hf6okdatgrxiwhcjs2uepc7/spack-src/src/H5Dio.c line 335 in H5Dwrite(): can't write data
    major: Dataset
    minor: Write failed
  #001: /scratch/spack_cpu/job_21700923/spack-stage/spack-stage-hdf5-1.10.7-xexa2gll6hf6okdatgrxiwhcjs2uepc7/spack-src/src/H5Dio.c line 813 in H5D__write(): can't write data
    major: Dataset
    minor: Write failed
  #002: /scratch/spack_cpu/job_21700923/spack-stage/spack-stage-hdf5-1.10.7-xexa2gll6hf6okdatgrxiwhcjs2uepc7/spack-src/src/H5Dcontig.c line 659 in H5D__contig_write(): contiguous write failed
    major: Dataset
    minor: Write failed
  #003: /scratch/spack_cpu/job_21700923/spack-stage/spack-stage-hdf5-1.10.7-xexa2gll6hf6okdatgrxiwhcjs2uepc7/spack-src/src/H5Dselect.c line 321 in H5D__select_write(): write error
    major: Dataspace
    minor: Write failed
  #004: /scratch/spack_cpu/job_21700923/spack-stage/spack-stage-hdf5-1.10.7-xexa2gll6hf6okdatgrxiwhcjs2uepc7/spack-src/src/H5Dselect.c line 230 in H5D__select_io(): write error
    major: Dataspace
    minor: Write failed
  #005: /scratch/spack_cpu/job_21700923/spack-stage/spack-stage-hdf5-1.10.7-xexa2gll6hf6okdatgrxiwhcjs2uepc7/spack-src/src/H5Dcontig.c line 1281 in H5D__contig_writevv(): can't perform vectorized sieve buffer write
    major: Dataset
    minor: Can't operate on object
  #006: /scratch/spack_cpu/job_21700923/spack-stage/spack-stage-hdf5-1.10.7-xexa2gll6hf6okdatgrxiwhcjs2uepc7/spack-src/src/H5VM.c line 1464 in H5VM_opvv(): can't perform operation
    major: Internal error (too specific to document in detail)
    minor: Can't operate on object
  #007: /scratch/spack_cpu/job_21700923/spack-stage/spack-stage-hdf5-1.10.7-xexa2gll6hf6okdatgrxiwhcjs2uepc7/spack-src/src/H5Dcontig.c line 1029 in H5D__contig_writevv_sieve_cb(): block write failed
    major: Dataset
    minor: Write failed
  #008: /scratch/spack_cpu/job_21700923/spack-stage/spack-stage-hdf5-1.10.7-xexa2gll6hf6okdatgrxiwhcjs2uepc7/spack-src/src/H5Fio.c line 161 in H5F_block_write(): write through page buffer failed
    major: Low-level I/O
    minor: Write failed
  #009: /scratch/spack_cpu/job_21700923/spack-stage/spack-stage-hdf5-1.10.7-xexa2gll6hf6okdatgrxiwhcjs2uepc7/spack-src/src/H5PB.c line 1032 in H5PB_write(): write through metadata accumulator failed
    major: Page Buffering
    minor: Write failed
  #010: /scratch/spack_cpu/job_21700923/spack-stage/spack-stage-hdf5-1.10.7-xexa2gll6hf6okdatgrxiwhcjs2uepc7/spack-src/src/H5Faccum.c line 824 in H5F__accum_write(): file write failed
    major: Low-level I/O
    minor: Write failed
  #011: /scratch/spack_cpu/job_21700923/spack-stage/spack-stage-hdf5-1.10.7-xexa2gll6hf6okdatgrxiwhcjs2uepc7/spack-src/src/H5FDint.c line 249 in H5FD_write(): driver write request failed
    major: Virtual File Layer
    minor: Write failed
  #012: /scratch/spack_cpu/job_21700923/spack-stage/spack-stage-hdf5-1.10.7-xexa2gll6hf6okdatgrxiwhcjs2uepc7/spack-src/src/H5FDsec2.c line 856 in H5FD__sec2_write(): file write failed: time = Wed Nov 19 08:29:10 2025
, filename = 'checkpoint.h5', file descriptor = 5, errno = 14, error message = 'Bad address', buf = 0x1555537c4000, total write size = 15969552, bytes this sub-write = 15969552, bytes actually written = 18446744073709551615, offset = 0
    major: Low-level I/O
    minor: Write failed
HDF5-DIAG: Error detected in HDF5 (1.10.7) thread 0:
  #000: /scratch/spack_cpu/job_21700923/spack-stage/spack-stage-hdf5-1.10.7-xexa2gll6hf6okdatgrxiwhcjs2uepc7/spack-src/src/H5Dio.c line 335 in H5Dwrite(): can't write data
    major: Dataset
    minor: Write failed
  #001: /scratch/spack_cpu/job_21700923/spack-stage/spack-stage-hdf5-1.10.7-xexa2gll6hf6okdatgrxiwhcjs2uepc7/spack-src/src/H5Dio.c line 813 in H5D__write(): can't write data
    major: Dataset
    minor: Write failed
  #002: /scratch/spack_cpu/job_21700923/spack-stage/spack-stage-hdf5-1.10.7-xexa2gll6hf6okdatgrxiwhcjs2uepc7/spack-src/src/H5Dcontig.c line 659 in H5D__contig_write(): contiguous write failed
    major: Dataset
    minor: Write failed
  #003: /scratch/spack_cpu/job_21700923/spack-stage/spack-stage-hdf5-1.10.7-xexa2gll6hf6okdatgrxiwhcjs2uepc7/spack-src/src/H5Dselect.c line 321 in H5D__select_write(): write error
    major: Dataspace
    minor: Write failed
  #004: /scratch/spack_cpu/job_21700923/spack-stage/spack-stage-hdf5-1.10.7-xexa2gll6hf6okdatgrxiwhcjs2uepc7/spack-src/src/H5Dselect.c line 230 in H5D__select_io(): write error
    major: Dataspace
    minor: Write failed
  #005: /scratch/spack_cpu/job_21700923/spack-stage/spack-stage-hdf5-1.10.7-xexa2gll6hf6okdatgrxiwhcjs2uepc7/spack-src/src/H5Dcontig.c line 1281 in H5D__contig_writevv(): can't perform vectorized sieve buffer write
    major: Dataset
    minor: Can't operate on object
  #006: /scratch/spack_cpu/job_21700923/spack-stage/spack-stage-hdf5-1.10.7-xexa2gll6hf6okdatgrxiwhcjs2uepc7/spack-src/src/H5VM.c line 1464 in H5VM_opvv(): can't perform operation
    major: Internal error (too specific to document in detail)
    minor: Can't operate on object
  #007: /scratch/spack_cpu/job_21700923/spack-stage/spack-stage-hdf5-1.10.7-xexa2gll6hf6okdatgrxiwhcjs2uepc7/spack-src/src/H5Dcontig.c line 1029 in H5D__contig_writevv_sieve_cb(): block write failed
    major: Dataset
    minor: Write failed
  #008: /scratch/spack_cpu/job_21700923/spack-stage/spack-stage-hdf5-1.10.7-xexa2gll6hf6okdatgrxiwhcjs2uepc7/spack-src/src/H5Fio.c line 161 in H5F_block_write(): write through page buffer failed
    major: Low-level I/O
    minor: Write failed
  #009: /scratch/spack_cpu/job_21700923/spack-stage/spack-stage-hdf5-1.10.7-xexa2gll6hf6okdatgrxiwhcjs2uepc7/spack-src/src/H5PB.c line 1032 in H5PB_write(): write through metadata accumulator failed
    major: Page Buffering
    minor: Write failed
  #010: /scratch/spack_cpu/job_21700923/spack-stage/spack-stage-hdf5-1.10.7-xexa2gll6hf6okdatgrxiwhcjs2uepc7/spack-src/src/H5Faccum.c line 824 in H5F__accum_write(): file write failed
    major: Low-level I/O
    minor: Write failed
  #011: /scratch/spack_cpu/job_21700923/spack-stage/spack-stage-hdf5-1.10.7-xexa2gll6hf6okdatgrxiwhcjs2uepc7/spack-src/src/H5FDint.c line 249 in H5FD_write(): driver write request failed
    major: Virtual File Layer
    minor: Write failed
  #012: /scratch/spack_cpu/job_21700923/spack-stage/spack-stage-hdf5-1.10.7-xexa2gll6hf6okdatgrxiwhcjs2uepc7/spack-src/src/H5FDsec2.c line 856 in H5FD__sec2_write(): file write failed: time = Wed Nov 19 08:29:17 2025
, filename = 'checkpoint.h5', file descriptor = 5, errno = 14, error message = 'Bad address', buf = 0x1555537c4000, total write size = 15969552, bytes this sub-write = 15969552, bytes actually written = 18446744073709551615, offset = 0
    major: Low-level I/O
    minor: Write failed
HDF5-DIAG: Error detected in HDF5 (1.10.7) thread 0:
  #000: /scratch/spack_cpu/job_21700923/spack-stage/spack-stage-hdf5-1.10.7-xexa2gll6hf6okdatgrxiwhcjs2uepc7/spack-src/src/H5Dio.c line 335 in H5Dwrite(): can't write data
    major: Dataset
    minor: Write failed
  #001: /scratch/spack_cpu/job_21700923/spack-stage/spack-stage-hdf5-1.10.7-xexa2gll6hf6okdatgrxiwhcjs2uepc7/spack-src/src/H5Dio.c line 813 in H5D__write(): can't write data
    major: Dataset
    minor: Write failed
  #002: /scratch/spack_cpu/job_21700923/spack-stage/spack-stage-hdf5-1.10.7-xexa2gll6hf6okdatgrxiwhcjs2uepc7/spack-src/src/H5Dcontig.c line 659 in H5D__contig_write(): contiguous write failed
    major: Dataset
    minor: Write failed
  #003: /scratch/spack_cpu/job_21700923/spack-stage/spack-stage-hdf5-1.10.7-xexa2gll6hf6okdatgrxiwhcjs2uepc7/spack-src/src/H5Dselect.c line 321 in H5D__select_write(): write error
    major: Dataspace
    minor: Write failed
  #004: /scratch/spack_cpu/job_21700923/spack-stage/spack-stage-hdf5-1.10.7-xexa2gll6hf6okdatgrxiwhcjs2uepc7/spack-src/src/H5Dselect.c line 230 in H5D__select_io(): write error
    major: Dataspace
    minor: Write failed
  #005: /scratch/spack_cpu/job_21700923/spack-stage/spack-stage-hdf5-1.10.7-xexa2gll6hf6okdatgrxiwhcjs2uepc7/spack-src/src/H5Dcontig.c line 1281 in H5D__contig_writevv(): can't perform vectorized sieve buffer write
    major: Dataset
    minor: Can't operate on object
  #006: /scratch/spack_cpu/job_21700923/spack-stage/spack-stage-hdf5-1.10.7-xexa2gll6hf6okdatgrxiwhcjs2uepc7/spack-src/src/H5VM.c line 1464 in H5VM_opvv(): can't perform operation
    major: Internal error (too specific to document in detail)
    minor: Can't operate on object
  #007: /scratch/spack_cpu/job_21700923/spack-stage/spack-stage-hdf5-1.10.7-xexa2gll6hf6okdatgrxiwhcjs2uepc7/spack-src/src/H5Dcontig.c line 1029 in H5D__contig_writevv_sieve_cb(): block write failed
    major: Dataset
    minor: Write failed
  #008: /scratch/spack_cpu/job_21700923/spack-stage/spack-stage-hdf5-1.10.7-xexa2gll6hf6okdatgrxiwhcjs2uepc7/spack-src/src/H5Fio.c line 161 in H5F_block_write(): write through page buffer failed
    major: Low-level I/O
    minor: Write failed
  #009: /scratch/spack_cpu/job_21700923/spack-stage/spack-stage-hdf5-1.10.7-xexa2gll6hf6okdatgrxiwhcjs2uepc7/spack-src/src/H5PB.c line 1032 in H5PB_write(): write through metadata accumulator failed
    major: Page Buffering
    minor: Write failed
  #010: /scratch/spack_cpu/job_21700923/spack-stage/spack-stage-hdf5-1.10.7-xexa2gll6hf6okdatgrxiwhcjs2uepc7/spack-src/src/H5Faccum.c line 824 in H5F__accum_write(): file write failed
    major: Low-level I/O
    minor: Write failed
  #011: /scratch/spack_cpu/job_21700923/spack-stage/spack-stage-hdf5-1.10.7-xexa2gll6hf6okdatgrxiwhcjs2uepc7/spack-src/src/H5FDint.c line 249 in H5FD_write(): driver write request failed
    major: Virtual File Layer
    minor: Write failed
  #012: /scratch/spack_cpu/job_21700923/spack-stage/spack-stage-hdf5-1.10.7-xexa2gll6hf6okdatgrxiwhcjs2uepc7/spack-src/src/H5FDsec2.c line 856 in H5FD__sec2_write(): file write failed: time = Wed Nov 19 08:29:24 2025
, filename = 'checkpoint.h5', file descriptor = 5, errno = 14, error message = 'Bad address', buf = 0x1555537c4000, total write size = 15969552, bytes this sub-write = 15969552, bytes actually written = 18446744073709551615, offset = 0
    major: Low-level I/O
    minor: Write failed
HDF5-DIAG: Error detected in HDF5 (1.10.7) thread 0:
  #000: /scratch/spack_cpu/job_21700923/spack-stage/spack-stage-hdf5-1.10.7-xexa2gll6hf6okdatgrxiwhcjs2uepc7/spack-src/src/H5Dio.c line 335 in H5Dwrite(): can't write data
    major: Dataset
    minor: Write failed
  #001: /scratch/spack_cpu/job_21700923/spack-stage/spack-stage-hdf5-1.10.7-xexa2gll6hf6okdatgrxiwhcjs2uepc7/spack-src/src/H5Dio.c line 813 in H5D__write(): can't write data
    major: Dataset
    minor: Write failed
  #002: /scratch/spack_cpu/job_21700923/spack-stage/spack-stage-hdf5-1.10.7-xexa2gll6hf6okdatgrxiwhcjs2uepc7/spack-src/src/H5Dcontig.c line 659 in H5D__contig_write(): contiguous write failed
    major: Dataset
    minor: Write failed
  #003: /scratch/spack_cpu/job_21700923/spack-stage/spack-stage-hdf5-1.10.7-xexa2gll6hf6okdatgrxiwhcjs2uepc7/spack-src/src/H5Dselect.c line 321 in H5D__select_write(): write error
    major: Dataspace
    minor: Write failed
  #004: /scratch/spack_cpu/job_21700923/spack-stage/spack-stage-hdf5-1.10.7-xexa2gll6hf6okdatgrxiwhcjs2uepc7/spack-src/src/H5Dselect.c line 230 in H5D__select_io(): write error
    major: Dataspace
    minor: Write failed
  #005: /scratch/spack_cpu/job_21700923/spack-stage/spack-stage-hdf5-1.10.7-xexa2gll6hf6okdatgrxiwhcjs2uepc7/spack-src/src/H5Dcontig.c line 1281 in H5D__contig_writevv(): can't perform vectorized sieve buffer write
    major: Dataset
    minor: Can't operate on object
  #006: /scratch/spack_cpu/job_21700923/spack-stage/spack-stage-hdf5-1.10.7-xexa2gll6hf6okdatgrxiwhcjs2uepc7/spack-src/src/H5VM.c line 1464 in H5VM_opvv(): can't perform operation
    major: Internal error (too specific to document in detail)
    minor: Can't operate on object
  #007: /scratch/spack_cpu/job_21700923/spack-stage/spack-stage-hdf5-1.10.7-xexa2gll6hf6okdatgrxiwhcjs2uepc7/spack-src/src/H5Dcontig.c line 1029 in H5D__contig_writevv_sieve_cb(): block write failed
    major: Dataset
    minor: Write failed
  #008: /scratch/spack_cpu/job_21700923/spack-stage/spack-stage-hdf5-1.10.7-xexa2gll6hf6okdatgrxiwhcjs2uepc7/spack-src/src/H5Fio.c line 161 in H5F_block_write(): write through page buffer failed
    major: Low-level I/O
    minor: Write failed
  #009: /scratch/spack_cpu/job_21700923/spack-stage/spack-stage-hdf5-1.10.7-xexa2gll6hf6okdatgrxiwhcjs2uepc7/spack-src/src/H5PB.c line 1032 in H5PB_write(): write through metadata accumulator failed
    major: Page Buffering
    minor: Write failed
  #010: /scratch/spack_cpu/job_21700923/spack-stage/spack-stage-hdf5-1.10.7-xexa2gll6hf6okdatgrxiwhcjs2uepc7/spack-src/src/H5Faccum.c line 824 in H5F__accum_write(): file write failed
    major: Low-level I/O
    minor: Write failed
  #011: /scratch/spack_cpu/job_21700923/spack-stage/spack-stage-hdf5-1.10.7-xexa2gll6hf6okdatgrxiwhcjs2uepc7/spack-src/src/H5FDint.c line 249 in H5FD_write(): driver write request failed
    major: Virtual File Layer
    minor: Write failed
  #012: /scratch/spack_cpu/job_21700923/spack-stage/spack-stage-hdf5-1.10.7-xexa2gll6hf6okdatgrxiwhcjs2uepc7/spack-src/src/H5FDsec2.c line 856 in H5FD__sec2_write(): file write failed: time = Wed Nov 19 08:29:30 2025
, filename = 'checkpoint.h5', file descriptor = 5, errno = 14, error message = 'Bad address', buf = 0x1555537c4000, total write size = 15969552, bytes this sub-write = 15969552, bytes actually written = 18446744073709551615, offset = 0
    major: Low-level I/O
    minor: Write failed
HDF5-DIAG: Error detected in HDF5 (1.10.7) thread 0:
  #000: /scratch/spack_cpu/job_21700923/spack-stage/spack-stage-hdf5-1.10.7-xexa2gll6hf6okdatgrxiwhcjs2uepc7/spack-src/src/H5Dio.c line 335 in H5Dwrite(): can't write data
    major: Dataset
    minor: Write failed
  #001: /scratch/spack_cpu/job_21700923/spack-stage/spack-stage-hdf5-1.10.7-xexa2gll6hf6okdatgrxiwhcjs2uepc7/spack-src/src/H5Dio.c line 813 in H5D__write(): can't write data
    major: Dataset
    minor: Write failed
  #002: /scratch/spack_cpu/job_21700923/spack-stage/spack-stage-hdf5-1.10.7-xexa2gll6hf6okdatgrxiwhcjs2uepc7/spack-src/src/H5Dcontig.c line 659 in H5D__contig_write(): contiguous write failed
    major: Dataset
    minor: Write failed
  #003: /scratch/spack_cpu/job_21700923/spack-stage/spack-stage-hdf5-1.10.7-xexa2gll6hf6okdatgrxiwhcjs2uepc7/spack-src/src/H5Dselect.c line 321 in H5D__select_write(): write error
    major: Dataspace
    minor: Write failed
  #004: /scratch/spack_cpu/job_21700923/spack-stage/spack-stage-hdf5-1.10.7-xexa2gll6hf6okdatgrxiwhcjs2uepc7/spack-src/src/H5Dselect.c line 230 in H5D__select_io(): write error
    major: Dataspace
    minor: Write failed
  #005: /scratch/spack_cpu/job_21700923/spack-stage/spack-stage-hdf5-1.10.7-xexa2gll6hf6okdatgrxiwhcjs2uepc7/spack-src/src/H5Dcontig.c line 1281 in H5D__contig_writevv(): can't perform vectorized sieve buffer write
    major: Dataset
    minor: Can't operate on object
  #006: /scratch/spack_cpu/job_21700923/spack-stage/spack-stage-hdf5-1.10.7-xexa2gll6hf6okdatgrxiwhcjs2uepc7/spack-src/src/H5VM.c line 1464 in H5VM_opvv(): can't perform operation
    major: Internal error (too specific to document in detail)
    minor: Can't operate on object
  #007: /scratch/spack_cpu/job_21700923/spack-stage/spack-stage-hdf5-1.10.7-xexa2gll6hf6okdatgrxiwhcjs2uepc7/spack-src/src/H5Dcontig.c line 1029 in H5D__contig_writevv_sieve_cb(): block write failed
    major: Dataset
    minor: Write failed
  #008: /scratch/spack_cpu/job_21700923/spack-stage/spack-stage-hdf5-1.10.7-xexa2gll6hf6okdatgrxiwhcjs2uepc7/spack-src/src/H5Fio.c line 161 in H5F_block_write(): write through page buffer failed
    major: Low-level I/O
    minor: Write failed
  #009: /scratch/spack_cpu/job_21700923/spack-stage/spack-stage-hdf5-1.10.7-xexa2gll6hf6okdatgrxiwhcjs2uepc7/spack-src/src/H5PB.c line 1032 in H5PB_write(): write through metadata accumulator failed
    major: Page Buffering
    minor: Write failed
  #010: /scratch/spack_cpu/job_21700923/spack-stage/spack-stage-hdf5-1.10.7-xexa2gll6hf6okdatgrxiwhcjs2uepc7/spack-src/src/H5Faccum.c line 824 in H5F__accum_write(): file write failed
    major: Low-level I/O
    minor: Write failed
  #011: /scratch/spack_cpu/job_21700923/spack-stage/spack-stage-hdf5-1.10.7-xexa2gll6hf6okdatgrxiwhcjs2uepc7/spack-src/src/H5FDint.c line 249 in H5FD_write(): driver write request failed
    major: Virtual File Layer
    minor: Write failed
  #012: /scratch/spack_cpu/job_21700923/spack-stage/spack-stage-hdf5-1.10.7-xexa2gll6hf6okdatgrxiwhcjs2uepc7/spack-src/src/H5FDsec2.c line 856 in H5FD__sec2_write(): file write failed: time = Wed Nov 19 08:29:37 2025
, filename = 'checkpoint.h5', file descriptor = 5, errno = 14, error message = 'Bad address', buf = 0x1555537c4000, total write size = 15969552, bytes this sub-write = 15969552, bytes actually written = 18446744073709551615, offset = 0
    major: Low-level I/O
    minor: Write failed
HDF5-DIAG: Error detected in HDF5 (1.10.7) thread 0:
  #000: /scratch/spack_cpu/job_21700923/spack-stage/spack-stage-hdf5-1.10.7-xexa2gll6hf6okdatgrxiwhcjs2uepc7/spack-src/src/H5Dio.c line 335 in H5Dwrite(): can't write data
    major: Dataset
    minor: Write failed
  #001: /scratch/spack_cpu/job_21700923/spack-stage/spack-stage-hdf5-1.10.7-xexa2gll6hf6okdatgrxiwhcjs2uepc7/spack-src/src/H5Dio.c line 813 in H5D__write(): can't write data
    major: Dataset
    minor: Write failed
  #002: /scratch/spack_cpu/job_21700923/spack-stage/spack-stage-hdf5-1.10.7-xexa2gll6hf6okdatgrxiwhcjs2uepc7/spack-src/src/H5Dcontig.c line 659 in H5D__contig_write(): contiguous write failed
    major: Dataset
    minor: Write failed
  #003: /scratch/spack_cpu/job_21700923/spack-stage/spack-stage-hdf5-1.10.7-xexa2gll6hf6okdatgrxiwhcjs2uepc7/spack-src/src/H5Dselect.c line 321 in H5D__select_write(): write error
    major: Dataspace
    minor: Write failed
  #004: /scratch/spack_cpu/job_21700923/spack-stage/spack-stage-hdf5-1.10.7-xexa2gll6hf6okdatgrxiwhcjs2uepc7/spack-src/src/H5Dselect.c line 230 in H5D__select_io(): write error
    major: Dataspace
    minor: Write failed
  #005: /scratch/spack_cpu/job_21700923/spack-stage/spack-stage-hdf5-1.10.7-xexa2gll6hf6okdatgrxiwhcjs2uepc7/spack-src/src/H5Dcontig.c line 1281 in H5D__contig_writevv(): can't perform vectorized sieve buffer write
    major: Dataset
    minor: Can't operate on object
  #006: /scratch/spack_cpu/job_21700923/spack-stage/spack-stage-hdf5-1.10.7-xexa2gll6hf6okdatgrxiwhcjs2uepc7/spack-src/src/H5VM.c line 1464 in H5VM_opvv(): can't perform operation
    major: Internal error (too specific to document in detail)
    minor: Can't operate on object
  #007: /scratch/spack_cpu/job_21700923/spack-stage/spack-stage-hdf5-1.10.7-xexa2gll6hf6okdatgrxiwhcjs2uepc7/spack-src/src/H5Dcontig.c line 1029 in H5D__contig_writevv_sieve_cb(): block write failed
    major: Dataset
    minor: Write failed
  #008: /scratch/spack_cpu/job_21700923/spack-stage/spack-stage-hdf5-1.10.7-xexa2gll6hf6okdatgrxiwhcjs2uepc7/spack-src/src/H5Fio.c line 161 in H5F_block_write(): write through page buffer failed
    major: Low-level I/O
    minor: Write failed
  #009: /scratch/spack_cpu/job_21700923/spack-stage/spack-stage-hdf5-1.10.7-xexa2gll6hf6okdatgrxiwhcjs2uepc7/spack-src/src/H5PB.c line 1032 in H5PB_write(): write through metadata accumulator failed
    major: Page Buffering
    minor: Write failed
  #010: /scratch/spack_cpu/job_21700923/spack-stage/spack-stage-hdf5-1.10.7-xexa2gll6hf6okdatgrxiwhcjs2uepc7/spack-src/src/H5Faccum.c line 824 in H5F__accum_write(): file write failed
    major: Low-level I/O
    minor: Write failed
  #011: /scratch/spack_cpu/job_21700923/spack-stage/spack-stage-hdf5-1.10.7-xexa2gll6hf6okdatgrxiwhcjs2uepc7/spack-src/src/H5FDint.c line 249 in H5FD_write(): driver write request failed
    major: Virtual File Layer
    minor: Write failed
  #012: /scratch/spack_cpu/job_21700923/spack-stage/spack-stage-hdf5-1.10.7-xexa2gll6hf6okdatgrxiwhcjs2uepc7/spack-src/src/H5FDsec2.c line 856 in H5FD__sec2_write(): file write failed: time = Wed Nov 19 08:29:43 2025
, filename = 'checkpoint.h5', file descriptor = 5, errno = 14, error message = 'Bad address', buf = 0x1555537c4000, total write size = 15969552, bytes this sub-write = 15969552, bytes actually written = 18446744073709551615, offset = 0
    major: Low-level I/O
    minor: Write failed
HDF5-DIAG: Error detected in HDF5 (1.10.7) thread 0:
  #000: /scratch/spack_cpu/job_21700923/spack-stage/spack-stage-hdf5-1.10.7-xexa2gll6hf6okdatgrxiwhcjs2uepc7/spack-src/src/H5Dio.c line 335 in H5Dwrite(): can't write data
    major: Dataset
    minor: Write failed
  #001: /scratch/spack_cpu/job_21700923/spack-stage/spack-stage-hdf5-1.10.7-xexa2gll6hf6okdatgrxiwhcjs2uepc7/spack-src/src/H5Dio.c line 813 in H5D__write(): can't write data
    major: Dataset
    minor: Write failed
  #002: /scratch/spack_cpu/job_21700923/spack-stage/spack-stage-hdf5-1.10.7-xexa2gll6hf6okdatgrxiwhcjs2uepc7/spack-src/src/H5Dcontig.c line 659 in H5D__contig_write(): contiguous write failed
    major: Dataset
    minor: Write failed
  #003: /scratch/spack_cpu/job_21700923/spack-stage/spack-stage-hdf5-1.10.7-xexa2gll6hf6okdatgrxiwhcjs2uepc7/spack-src/src/H5Dselect.c line 321 in H5D__select_write(): write error
    major: Dataspace
    minor: Write failed
  #004: /scratch/spack_cpu/job_21700923/spack-stage/spack-stage-hdf5-1.10.7-xexa2gll6hf6okdatgrxiwhcjs2uepc7/spack-src/src/H5Dselect.c line 230 in H5D__select_io(): write error
    major: Dataspace
    minor: Write failed
  #005: /scratch/spack_cpu/job_21700923/spack-stage/spack-stage-hdf5-1.10.7-xexa2gll6hf6okdatgrxiwhcjs2uepc7/spack-src/src/H5Dcontig.c line 1281 in H5D__contig_writevv(): can't perform vectorized sieve buffer write
    major: Dataset
    minor: Can't operate on object
  #006: /scratch/spack_cpu/job_21700923/spack-stage/spack-stage-hdf5-1.10.7-xexa2gll6hf6okdatgrxiwhcjs2uepc7/spack-src/src/H5VM.c line 1464 in H5VM_opvv(): can't perform operation
    major: Internal error (too specific to document in detail)
    minor: Can't operate on object
  #007: /scratch/spack_cpu/job_21700923/spack-stage/spack-stage-hdf5-1.10.7-xexa2gll6hf6okdatgrxiwhcjs2uepc7/spack-src/src/H5Dcontig.c line 1029 in H5D__contig_writevv_sieve_cb(): block write failed
    major: Dataset
    minor: Write failed
  #008: /scratch/spack_cpu/job_21700923/spack-stage/spack-stage-hdf5-1.10.7-xexa2gll6hf6okdatgrxiwhcjs2uepc7/spack-src/src/H5Fio.c line 161 in H5F_block_write(): write through page buffer failed
    major: Low-level I/O
    minor: Write failed
  #009: /scratch/spack_cpu/job_21700923/spack-stage/spack-stage-hdf5-1.10.7-xexa2gll6hf6okdatgrxiwhcjs2uepc7/spack-src/src/H5PB.c line 1032 in H5PB_write(): write through metadata accumulator failed
    major: Page Buffering
    minor: Write failed
  #010: /scratch/spack_cpu/job_21700923/spack-stage/spack-stage-hdf5-1.10.7-xexa2gll6hf6okdatgrxiwhcjs2uepc7/spack-src/src/H5Faccum.c line 824 in H5F__accum_write(): file write failed
    major: Low-level I/O
    minor: Write failed
  #011: /scratch/spack_cpu/job_21700923/spack-stage/spack-stage-hdf5-1.10.7-xexa2gll6hf6okdatgrxiwhcjs2uepc7/spack-src/src/H5FDint.c line 249 in H5FD_write(): driver write request failed
    major: Virtual File Layer
    minor: Write failed
  #012: /scratch/spack_cpu/job_21700923/spack-stage/spack-stage-hdf5-1.10.7-xexa2gll6hf6okdatgrxiwhcjs2uepc7/spack-src/src/H5FDsec2.c line 856 in H5FD__sec2_write(): file write failed: time = Wed Nov 19 08:29:51 2025
, filename = 'checkpoint.h5', file descriptor = 5, errno = 14, error message = 'Bad address', buf = 0x1555537c4000, total write size = 15969552, bytes this sub-write = 15969552, bytes actually written = 18446744073709551615, offset = 0
    major: Low-level I/O
    minor: Write failed
HDF5-DIAG: Error detected in HDF5 (1.10.7) thread 0:
  #000: /scratch/spack_cpu/job_21700923/spack-stage/spack-stage-hdf5-1.10.7-xexa2gll6hf6okdatgrxiwhcjs2uepc7/spack-src/src/H5Dio.c line 335 in H5Dwrite(): can't write data
    major: Dataset
    minor: Write failed
  #001: /scratch/spack_cpu/job_21700923/spack-stage/spack-stage-hdf5-1.10.7-xexa2gll6hf6okdatgrxiwhcjs2uepc7/spack-src/src/H5Dio.c line 813 in H5D__write(): can't write data
    major: Dataset
    minor: Write failed
  #002: /scratch/spack_cpu/job_21700923/spack-stage/spack-stage-hdf5-1.10.7-xexa2gll6hf6okdatgrxiwhcjs2uepc7/spack-src/src/H5Dcontig.c line 659 in H5D__contig_write(): contiguous write failed
    major: Dataset
    minor: Write failed
  #003: /scratch/spack_cpu/job_21700923/spack-stage/spack-stage-hdf5-1.10.7-xexa2gll6hf6okdatgrxiwhcjs2uepc7/spack-src/src/H5Dselect.c line 321 in H5D__select_write(): write error
    major: Dataspace
    minor: Write failed
  #004: /scratch/spack_cpu/job_21700923/spack-stage/spack-stage-hdf5-1.10.7-xexa2gll6hf6okdatgrxiwhcjs2uepc7/spack-src/src/H5Dselect.c line 230 in H5D__select_io(): write error
    major: Dataspace
    minor: Write failed
  #005: /scratch/spack_cpu/job_21700923/spack-stage/spack-stage-hdf5-1.10.7-xexa2gll6hf6okdatgrxiwhcjs2uepc7/spack-src/src/H5Dcontig.c line 1281 in H5D__contig_writevv(): can't perform vectorized sieve buffer write
    major: Dataset
    minor: Can't operate on object
  #006: /scratch/spack_cpu/job_21700923/spack-stage/spack-stage-hdf5-1.10.7-xexa2gll6hf6okdatgrxiwhcjs2uepc7/spack-src/src/H5VM.c line 1464 in H5VM_opvv(): can't perform operation
    major: Internal error (too specific to document in detail)
    minor: Can't operate on object
  #007: /scratch/spack_cpu/job_21700923/spack-stage/spack-stage-hdf5-1.10.7-xexa2gll6hf6okdatgrxiwhcjs2uepc7/spack-src/src/H5Dcontig.c line 1029 in H5D__contig_writevv_sieve_cb(): block write failed
    major: Dataset
    minor: Write failed
  #008: /scratch/spack_cpu/job_21700923/spack-stage/spack-stage-hdf5-1.10.7-xexa2gll6hf6okdatgrxiwhcjs2uepc7/spack-src/src/H5Fio.c line 161 in H5F_block_write(): write through page buffer failed
    major: Low-level I/O
    minor: Write failed
  #009: /scratch/spack_cpu/job_21700923/spack-stage/spack-stage-hdf5-1.10.7-xexa2gll6hf6okdatgrxiwhcjs2uepc7/spack-src/src/H5PB.c line 1032 in H5PB_write(): write through metadata accumulator failed
    major: Page Buffering
    minor: Write failed
  #010: /scratch/spack_cpu/job_21700923/spack-stage/spack-stage-hdf5-1.10.7-xexa2gll6hf6okdatgrxiwhcjs2uepc7/spack-src/src/H5Faccum.c line 824 in H5F__accum_write(): file write failed
    major: Low-level I/O
    minor: Write failed
  #011: /scratch/spack_cpu/job_21700923/spack-stage/spack-stage-hdf5-1.10.7-xexa2gll6hf6okdatgrxiwhcjs2uepc7/spack-src/src/H5FDint.c line 249 in H5FD_write(): driver write request failed
    major: Virtual File Layer
    minor: Write failed
  #012: /scratch/spack_cpu/job_21700923/spack-stage/spack-stage-hdf5-1.10.7-xexa2gll6hf6okdatgrxiwhcjs2uepc7/spack-src/src/H5FDsec2.c line 856 in H5FD__sec2_write(): file write failed: time = Wed Nov 19 08:29:58 2025
, filename = 'checkpoint.h5', file descriptor = 5, errno = 14, error message = 'Bad address', buf = 0x1555537c4000, total write size = 15969552, bytes this sub-write = 15969552, bytes actually written = 18446744073709551615, offset = 0
    major: Low-level I/O
    minor: Write failed
HDF5-DIAG: Error detected in HDF5 (1.10.7) thread 0:
  #000: /scratch/spack_cpu/job_21700923/spack-stage/spack-stage-hdf5-1.10.7-xexa2gll6hf6okdatgrxiwhcjs2uepc7/spack-src/src/H5Dio.c line 335 in H5Dwrite(): can't write data
    major: Dataset
    minor: Write failed
  #001: /scratch/spack_cpu/job_21700923/spack-stage/spack-stage-hdf5-1.10.7-xexa2gll6hf6okdatgrxiwhcjs2uepc7/spack-src/src/H5Dio.c line 813 in H5D__write(): can't write data
    major: Dataset
    minor: Write failed
  #002: /scratch/spack_cpu/job_21700923/spack-stage/spack-stage-hdf5-1.10.7-xexa2gll6hf6okdatgrxiwhcjs2uepc7/spack-src/src/H5Dcontig.c line 659 in H5D__contig_write(): contiguous write failed
    major: Dataset
    minor: Write failed
  #003: /scratch/spack_cpu/job_21700923/spack-stage/spack-stage-hdf5-1.10.7-xexa2gll6hf6okdatgrxiwhcjs2uepc7/spack-src/src/H5Dselect.c line 321 in H5D__select_write(): write error
    major: Dataspace
    minor: Write failed
  #004: /scratch/spack_cpu/job_21700923/spack-stage/spack-stage-hdf5-1.10.7-xexa2gll6hf6okdatgrxiwhcjs2uepc7/spack-src/src/H5Dselect.c line 230 in H5D__select_io(): write error
    major: Dataspace
    minor: Write failed
  #005: /scratch/spack_cpu/job_21700923/spack-stage/spack-stage-hdf5-1.10.7-xexa2gll6hf6okdatgrxiwhcjs2uepc7/spack-src/src/H5Dcontig.c line 1281 in H5D__contig_writevv(): can't perform vectorized sieve buffer write
    major: Dataset
    minor: Can't operate on object
  #006: /scratch/spack_cpu/job_21700923/spack-stage/spack-stage-hdf5-1.10.7-xexa2gll6hf6okdatgrxiwhcjs2uepc7/spack-src/src/H5VM.c line 1464 in H5VM_opvv(): can't perform operation
    major: Internal error (too specific to document in detail)
    minor: Can't operate on object
  #007: /scratch/spack_cpu/job_21700923/spack-stage/spack-stage-hdf5-1.10.7-xexa2gll6hf6okdatgrxiwhcjs2uepc7/spack-src/src/H5Dcontig.c line 1029 in H5D__contig_writevv_sieve_cb(): block write failed
    major: Dataset
    minor: Write failed
  #008: /scratch/spack_cpu/job_21700923/spack-stage/spack-stage-hdf5-1.10.7-xexa2gll6hf6okdatgrxiwhcjs2uepc7/spack-src/src/H5Fio.c line 161 in H5F_block_write(): write through page buffer failed
    major: Low-level I/O
    minor: Write failed
  #009: /scratch/spack_cpu/job_21700923/spack-stage/spack-stage-hdf5-1.10.7-xexa2gll6hf6okdatgrxiwhcjs2uepc7/spack-src/src/H5PB.c line 1032 in H5PB_write(): write through metadata accumulator failed
    major: Page Buffering
    minor: Write failed
  #010: /scratch/spack_cpu/job_21700923/spack-stage/spack-stage-hdf5-1.10.7-xexa2gll6hf6okdatgrxiwhcjs2uepc7/spack-src/src/H5Faccum.c line 824 in H5F__accum_write(): file write failed
    major: Low-level I/O
    minor: Write failed
  #011: /scratch/spack_cpu/job_21700923/spack-stage/spack-stage-hdf5-1.10.7-xexa2gll6hf6okdatgrxiwhcjs2uepc7/spack-src/src/H5FDint.c line 249 in H5FD_write(): driver write request failed
    major: Virtual File Layer
    minor: Write failed
  #012: /scratch/spack_cpu/job_21700923/spack-stage/spack-stage-hdf5-1.10.7-xexa2gll6hf6okdatgrxiwhcjs2uepc7/spack-src/src/H5FDsec2.c line 856 in H5FD__sec2_write(): file write failed: time = Wed Nov 19 08:30:10 2025
, filename = 'checkpoint.h5', file descriptor = 5, errno = 14, error message = 'Bad address', buf = 0x1555537c4000, total write size = 15969552, bytes this sub-write = 15969552, bytes actually written = 18446744073709551615, offset = 0
    major: Low-level I/O
    minor: Write failed
HDF5-DIAG: Error detected in HDF5 (1.10.7) thread 0:
  #000: /scratch/spack_cpu/job_21700923/spack-stage/spack-stage-hdf5-1.10.7-xexa2gll6hf6okdatgrxiwhcjs2uepc7/spack-src/src/H5Dio.c line 335 in H5Dwrite(): can't write data
    major: Dataset
    minor: Write failed
  #001: /scratch/spack_cpu/job_21700923/spack-stage/spack-stage-hdf5-1.10.7-xexa2gll6hf6okdatgrxiwhcjs2uepc7/spack-src/src/H5Dio.c line 813 in H5D__write(): can't write data
    major: Dataset
    minor: Write failed
  #002: /scratch/spack_cpu/job_21700923/spack-stage/spack-stage-hdf5-1.10.7-xexa2gll6hf6okdatgrxiwhcjs2uepc7/spack-src/src/H5Dcontig.c line 659 in H5D__contig_write(): contiguous write failed
    major: Dataset
    minor: Write failed
  #003: /scratch/spack_cpu/job_21700923/spack-stage/spack-stage-hdf5-1.10.7-xexa2gll6hf6okdatgrxiwhcjs2uepc7/spack-src/src/H5Dselect.c line 321 in H5D__select_write(): write error
    major: Dataspace
    minor: Write failed
  #004: /scratch/spack_cpu/job_21700923/spack-stage/spack-stage-hdf5-1.10.7-xexa2gll6hf6okdatgrxiwhcjs2uepc7/spack-src/src/H5Dselect.c line 230 in H5D__select_io(): write error
    major: Dataspace
    minor: Write failed
  #005: /scratch/spack_cpu/job_21700923/spack-stage/spack-stage-hdf5-1.10.7-xexa2gll6hf6okdatgrxiwhcjs2uepc7/spack-src/src/H5Dcontig.c line 1281 in H5D__contig_writevv(): can't perform vectorized sieve buffer write
    major: Dataset
    minor: Can't operate on object
  #006: /scratch/spack_cpu/job_21700923/spack-stage/spack-stage-hdf5-1.10.7-xexa2gll6hf6okdatgrxiwhcjs2uepc7/spack-src/src/H5VM.c line 1464 in H5VM_opvv(): can't perform operation
    major: Internal error (too specific to document in detail)
    minor: Can't operate on object
  #007: /scratch/spack_cpu/job_21700923/spack-stage/spack-stage-hdf5-1.10.7-xexa2gll6hf6okdatgrxiwhcjs2uepc7/spack-src/src/H5Dcontig.c line 1029 in H5D__contig_writevv_sieve_cb(): block write failed
    major: Dataset
    minor: Write failed
  #008: /scratch/spack_cpu/job_21700923/spack-stage/spack-stage-hdf5-1.10.7-xexa2gll6hf6okdatgrxiwhcjs2uepc7/spack-src/src/H5Fio.c line 161 in H5F_block_write(): write through page buffer failed
    major: Low-level I/O
    minor: Write failed
  #009: /scratch/spack_cpu/job_21700923/spack-stage/spack-stage-hdf5-1.10.7-xexa2gll6hf6okdatgrxiwhcjs2uepc7/spack-src/src/H5PB.c line 1032 in H5PB_write(): write through metadata accumulator failed
    major: Page Buffering
    minor: Write failed
  #010: /scratch/spack_cpu/job_21700923/spack-stage/spack-stage-hdf5-1.10.7-xexa2gll6hf6okdatgrxiwhcjs2uepc7/spack-src/src/H5Faccum.c line 824 in H5F__accum_write(): file write failed
    major: Low-level I/O
    minor: Write failed
  #011: /scratch/spack_cpu/job_21700923/spack-stage/spack-stage-hdf5-1.10.7-xexa2gll6hf6okdatgrxiwhcjs2uepc7/spack-src/src/H5FDint.c line 249 in H5FD_write(): driver write request failed
    major: Virtual File Layer
    minor: Write failed
  #012: /scratch/spack_cpu/job_21700923/spack-stage/spack-stage-hdf5-1.10.7-xexa2gll6hf6okdatgrxiwhcjs2uepc7/spack-src/src/H5FDsec2.c line 856 in H5FD__sec2_write(): file write failed: time = Wed Nov 19 08:30:36 2025
, filename = 'checkpoint.h5', file descriptor = 5, errno = 14, error message = 'Bad address', buf = 0x1555537c4000, total write size = 15969552, bytes this sub-write = 15969552, bytes actually written = 18446744073709551615, offset = 0
    major: Low-level I/O
    minor: Write failed
HDF5-DIAG: Error detected in HDF5 (1.10.7) thread 0:
  #000: /scratch/spack_cpu/job_21700923/spack-stage/spack-stage-hdf5-1.10.7-xexa2gll6hf6okdatgrxiwhcjs2uepc7/spack-src/src/H5Dio.c line 335 in H5Dwrite(): can't write data
    major: Dataset
    minor: Write failed
  #001: /scratch/spack_cpu/job_21700923/spack-stage/spack-stage-hdf5-1.10.7-xexa2gll6hf6okdatgrxiwhcjs2uepc7/spack-src/src/H5Dio.c line 813 in H5D__write(): can't write data
    major: Dataset
    minor: Write failed
  #002: /scratch/spack_cpu/job_21700923/spack-stage/spack-stage-hdf5-1.10.7-xexa2gll6hf6okdatgrxiwhcjs2uepc7/spack-src/src/H5Dcontig.c line 659 in H5D__contig_write(): contiguous write failed
    major: Dataset
    minor: Write failed
  #003: /scratch/spack_cpu/job_21700923/spack-stage/spack-stage-hdf5-1.10.7-xexa2gll6hf6okdatgrxiwhcjs2uepc7/spack-src/src/H5Dselect.c line 321 in H5D__select_write(): write error
    major: Dataspace
    minor: Write failed
  #004: /scratch/spack_cpu/job_21700923/spack-stage/spack-stage-hdf5-1.10.7-xexa2gll6hf6okdatgrxiwhcjs2uepc7/spack-src/src/H5Dselect.c line 230 in H5D__select_io(): write error
    major: Dataspace
    minor: Write failed
  #005: /scratch/spack_cpu/job_21700923/spack-stage/spack-stage-hdf5-1.10.7-xexa2gll6hf6okdatgrxiwhcjs2uepc7/spack-src/src/H5Dcontig.c line 1281 in H5D__contig_writevv(): can't perform vectorized sieve buffer write
    major: Dataset
    minor: Can't operate on object
  #006: /scratch/spack_cpu/job_21700923/spack-stage/spack-stage-hdf5-1.10.7-xexa2gll6hf6okdatgrxiwhcjs2uepc7/spack-src/src/H5VM.c line 1464 in H5VM_opvv(): can't perform operation
    major: Internal error (too specific to document in detail)
    minor: Can't operate on object
  #007: /scratch/spack_cpu/job_21700923/spack-stage/spack-stage-hdf5-1.10.7-xexa2gll6hf6okdatgrxiwhcjs2uepc7/spack-src/src/H5Dcontig.c line 1029 in H5D__contig_writevv_sieve_cb(): block write failed
    major: Dataset
    minor: Write failed
  #008: /scratch/spack_cpu/job_21700923/spack-stage/spack-stage-hdf5-1.10.7-xexa2gll6hf6okdatgrxiwhcjs2uepc7/spack-src/src/H5Fio.c line 161 in H5F_block_write(): write through page buffer failed
    major: Low-level I/O
    minor: Write failed
  #009: /scratch/spack_cpu/job_21700923/spack-stage/spack-stage-hdf5-1.10.7-xexa2gll6hf6okdatgrxiwhcjs2uepc7/spack-src/src/H5PB.c line 1032 in H5PB_write(): write through metadata accumulator failed
    major: Page Buffering
    minor: Write failed
  #010: /scratch/spack_cpu/job_21700923/spack-stage/spack-stage-hdf5-1.10.7-xexa2gll6hf6okdatgrxiwhcjs2uepc7/spack-src/src/H5Faccum.c line 824 in H5F__accum_write(): file write failed
    major: Low-level I/O
    minor: Write failed
  #011: /scratch/spack_cpu/job_21700923/spack-stage/spack-stage-hdf5-1.10.7-xexa2gll6hf6okdatgrxiwhcjs2uepc7/spack-src/src/H5FDint.c line 249 in H5FD_write(): driver write request failed
    major: Virtual File Layer
    minor: Write failed
  #012: /scratch/spack_cpu/job_21700923/spack-stage/spack-stage-hdf5-1.10.7-xexa2gll6hf6okdatgrxiwhcjs2uepc7/spack-src/src/H5FDsec2.c line 856 in H5FD__sec2_write(): file write failed: time = Wed Nov 19 08:30:43 2025
, filename = 'checkpoint.h5', file descriptor = 5, errno = 14, error message = 'Bad address', buf = 0x1555537c4000, total write size = 15969552, bytes this sub-write = 15969552, bytes actually written = 18446744073709551615, offset = 0
    major: Low-level I/O
    minor: Write failed
HDF5-DIAG: Error detected in HDF5 (1.10.7) thread 0:
  #000: /scratch/spack_cpu/job_21700923/spack-stage/spack-stage-hdf5-1.10.7-xexa2gll6hf6okdatgrxiwhcjs2uepc7/spack-src/src/H5Dio.c line 335 in H5Dwrite(): can't write data
    major: Dataset
    minor: Write failed
  #001: /scratch/spack_cpu/job_21700923/spack-stage/spack-stage-hdf5-1.10.7-xexa2gll6hf6okdatgrxiwhcjs2uepc7/spack-src/src/H5Dio.c line 813 in H5D__write(): can't write data
    major: Dataset
    minor: Write failed
  #002: /scratch/spack_cpu/job_21700923/spack-stage/spack-stage-hdf5-1.10.7-xexa2gll6hf6okdatgrxiwhcjs2uepc7/spack-src/src/H5Dcontig.c line 659 in H5D__contig_write(): contiguous write failed
    major: Dataset
    minor: Write failed
  #003: /scratch/spack_cpu/job_21700923/spack-stage/spack-stage-hdf5-1.10.7-xexa2gll6hf6okdatgrxiwhcjs2uepc7/spack-src/src/H5Dselect.c line 321 in H5D__select_write(): write error
    major: Dataspace
    minor: Write failed
  #004: /scratch/spack_cpu/job_21700923/spack-stage/spack-stage-hdf5-1.10.7-xexa2gll6hf6okdatgrxiwhcjs2uepc7/spack-src/src/H5Dselect.c line 230 in H5D__select_io(): write error
    major: Dataspace
    minor: Write failed
  #005: /scratch/spack_cpu/job_21700923/spack-stage/spack-stage-hdf5-1.10.7-xexa2gll6hf6okdatgrxiwhcjs2uepc7/spack-src/src/H5Dcontig.c line 1281 in H5D__contig_writevv(): can't perform vectorized sieve buffer write
    major: Dataset
    minor: Can't operate on object
  #006: /scratch/spack_cpu/job_21700923/spack-stage/spack-stage-hdf5-1.10.7-xexa2gll6hf6okdatgrxiwhcjs2uepc7/spack-src/src/H5VM.c line 1464 in H5VM_opvv(): can't perform operation
    major: Internal error (too specific to document in detail)
    minor: Can't operate on object
  #007: /scratch/spack_cpu/job_21700923/spack-stage/spack-stage-hdf5-1.10.7-xexa2gll6hf6okdatgrxiwhcjs2uepc7/spack-src/src/H5Dcontig.c line 1029 in H5D__contig_writevv_sieve_cb(): block write failed
    major: Dataset
    minor: Write failed
  #008: /scratch/spack_cpu/job_21700923/spack-stage/spack-stage-hdf5-1.10.7-xexa2gll6hf6okdatgrxiwhcjs2uepc7/spack-src/src/H5Fio.c line 161 in H5F_block_write(): write through page buffer failed
    major: Low-level I/O
    minor: Write failed
  #009: /scratch/spack_cpu/job_21700923/spack-stage/spack-stage-hdf5-1.10.7-xexa2gll6hf6okdatgrxiwhcjs2uepc7/spack-src/src/H5PB.c line 1032 in H5PB_write(): write through metadata accumulator failed
    major: Page Buffering
    minor: Write failed
  #010: /scratch/spack_cpu/job_21700923/spack-stage/spack-stage-hdf5-1.10.7-xexa2gll6hf6okdatgrxiwhcjs2uepc7/spack-src/src/H5Faccum.c line 824 in H5F__accum_write(): file write failed
    major: Low-level I/O
    minor: Write failed
  #011: /scratch/spack_cpu/job_21700923/spack-stage/spack-stage-hdf5-1.10.7-xexa2gll6hf6okdatgrxiwhcjs2uepc7/spack-src/src/H5FDint.c line 249 in H5FD_write(): driver write request failed
    major: Virtual File Layer
    minor: Write failed
  #012: /scratch/spack_cpu/job_21700923/spack-stage/spack-stage-hdf5-1.10.7-xexa2gll6hf6okdatgrxiwhcjs2uepc7/spack-src/src/H5FDsec2.c line 856 in H5FD__sec2_write(): file write failed: time = Wed Nov 19 08:30:50 2025
, filename = 'checkpoint.h5', file descriptor = 5, errno = 14, error message = 'Bad address', buf = 0x1555537c4000, total write size = 15969552, bytes this sub-write = 15969552, bytes actually written = 18446744073709551615, offset = 0
    major: Low-level I/O
    minor: Write failed
HDF5-DIAG: Error detected in HDF5 (1.10.7) thread 0:
  #000: /scratch/spack_cpu/job_21700923/spack-stage/spack-stage-hdf5-1.10.7-xexa2gll6hf6okdatgrxiwhcjs2uepc7/spack-src/src/H5Dio.c line 335 in H5Dwrite(): can't write data
    major: Dataset
    minor: Write failed
  #001: /scratch/spack_cpu/job_21700923/spack-stage/spack-stage-hdf5-1.10.7-xexa2gll6hf6okdatgrxiwhcjs2uepc7/spack-src/src/H5Dio.c line 813 in H5D__write(): can't write data
    major: Dataset
    minor: Write failed
  #002: /scratch/spack_cpu/job_21700923/spack-stage/spack-stage-hdf5-1.10.7-xexa2gll6hf6okdatgrxiwhcjs2uepc7/spack-src/src/H5Dcontig.c line 659 in H5D__contig_write(): contiguous write failed
    major: Dataset
    minor: Write failed
  #003: /scratch/spack_cpu/job_21700923/spack-stage/spack-stage-hdf5-1.10.7-xexa2gll6hf6okdatgrxiwhcjs2uepc7/spack-src/src/H5Dselect.c line 321 in H5D__select_write(): write error
    major: Dataspace
    minor: Write failed
  #004: /scratch/spack_cpu/job_21700923/spack-stage/spack-stage-hdf5-1.10.7-xexa2gll6hf6okdatgrxiwhcjs2uepc7/spack-src/src/H5Dselect.c line 230 in H5D__select_io(): write error
    major: Dataspace
    minor: Write failed
  #005: /scratch/spack_cpu/job_21700923/spack-stage/spack-stage-hdf5-1.10.7-xexa2gll6hf6okdatgrxiwhcjs2uepc7/spack-src/src/H5Dcontig.c line 1281 in H5D__contig_writevv(): can't perform vectorized sieve buffer write
    major: Dataset
    minor: Can't operate on object
  #006: /scratch/spack_cpu/job_21700923/spack-stage/spack-stage-hdf5-1.10.7-xexa2gll6hf6okdatgrxiwhcjs2uepc7/spack-src/src/H5VM.c line 1464 in H5VM_opvv(): can't perform operation
    major: Internal error (too specific to document in detail)
    minor: Can't operate on object
  #007: /scratch/spack_cpu/job_21700923/spack-stage/spack-stage-hdf5-1.10.7-xexa2gll6hf6okdatgrxiwhcjs2uepc7/spack-src/src/H5Dcontig.c line 1029 in H5D__contig_writevv_sieve_cb(): block write failed
    major: Dataset
    minor: Write failed
  #008: /scratch/spack_cpu/job_21700923/spack-stage/spack-stage-hdf5-1.10.7-xexa2gll6hf6okdatgrxiwhcjs2uepc7/spack-src/src/H5Fio.c line 161 in H5F_block_write(): write through page buffer failed
    major: Low-level I/O
    minor: Write failed
  #009: /scratch/spack_cpu/job_21700923/spack-stage/spack-stage-hdf5-1.10.7-xexa2gll6hf6okdatgrxiwhcjs2uepc7/spack-src/src/H5PB.c line 1032 in H5PB_write(): write through metadata accumulator failed
    major: Page Buffering
    minor: Write failed
  #010: /scratch/spack_cpu/job_21700923/spack-stage/spack-stage-hdf5-1.10.7-xexa2gll6hf6okdatgrxiwhcjs2uepc7/spack-src/src/H5Faccum.c line 824 in H5F__accum_write(): file write failed
    major: Low-level I/O
    minor: Write failed
  #011: /scratch/spack_cpu/job_21700923/spack-stage/spack-stage-hdf5-1.10.7-xexa2gll6hf6okdatgrxiwhcjs2uepc7/spack-src/src/H5FDint.c line 249 in H5FD_write(): driver write request failed
    major: Virtual File Layer
    minor: Write failed
  #012: /scratch/spack_cpu/job_21700923/spack-stage/spack-stage-hdf5-1.10.7-xexa2gll6hf6okdatgrxiwhcjs2uepc7/spack-src/src/H5FDsec2.c line 856 in H5FD__sec2_write(): file write failed: time = Wed Nov 19 08:30:57 2025
, filename = 'checkpoint.h5', file descriptor = 5, errno = 14, error message = 'Bad address', buf = 0x1555537c4000, total write size = 15969552, bytes this sub-write = 15969552, bytes actually written = 18446744073709551615, offset = 0
    major: Low-level I/O
    minor: Write failed
HDF5-DIAG: Error detected in HDF5 (1.10.7) thread 0:
  #000: /scratch/spack_cpu/job_21700923/spack-stage/spack-stage-hdf5-1.10.7-xexa2gll6hf6okdatgrxiwhcjs2uepc7/spack-src/src/H5Dio.c line 335 in H5Dwrite(): can't write data
    major: Dataset
    minor: Write failed
  #001: /scratch/spack_cpu/job_21700923/spack-stage/spack-stage-hdf5-1.10.7-xexa2gll6hf6okdatgrxiwhcjs2uepc7/spack-src/src/H5Dio.c line 813 in H5D__write(): can't write data
    major: Dataset
    minor: Write failed
  #002: /scratch/spack_cpu/job_21700923/spack-stage/spack-stage-hdf5-1.10.7-xexa2gll6hf6okdatgrxiwhcjs2uepc7/spack-src/src/H5Dcontig.c line 659 in H5D__contig_write(): contiguous write failed
    major: Dataset
    minor: Write failed
  #003: /scratch/spack_cpu/job_21700923/spack-stage/spack-stage-hdf5-1.10.7-xexa2gll6hf6okdatgrxiwhcjs2uepc7/spack-src/src/H5Dselect.c line 321 in H5D__select_write(): write error
    major: Dataspace
    minor: Write failed
  #004: /scratch/spack_cpu/job_21700923/spack-stage/spack-stage-hdf5-1.10.7-xexa2gll6hf6okdatgrxiwhcjs2uepc7/spack-src/src/H5Dselect.c line 230 in H5D__select_io(): write error
    major: Dataspace
    minor: Write failed
  #005: /scratch/spack_cpu/job_21700923/spack-stage/spack-stage-hdf5-1.10.7-xexa2gll6hf6okdatgrxiwhcjs2uepc7/spack-src/src/H5Dcontig.c line 1281 in H5D__contig_writevv(): can't perform vectorized sieve buffer write
    major: Dataset
    minor: Can't operate on object
  #006: /scratch/spack_cpu/job_21700923/spack-stage/spack-stage-hdf5-1.10.7-xexa2gll6hf6okdatgrxiwhcjs2uepc7/spack-src/src/H5VM.c line 1464 in H5VM_opvv(): can't perform operation
    major: Internal error (too specific to document in detail)
    minor: Can't operate on object
  #007: /scratch/spack_cpu/job_21700923/spack-stage/spack-stage-hdf5-1.10.7-xexa2gll6hf6okdatgrxiwhcjs2uepc7/spack-src/src/H5Dcontig.c line 1029 in H5D__contig_writevv_sieve_cb(): block write failed
    major: Dataset
    minor: Write failed
  #008: /scratch/spack_cpu/job_21700923/spack-stage/spack-stage-hdf5-1.10.7-xexa2gll6hf6okdatgrxiwhcjs2uepc7/spack-src/src/H5Fio.c line 161 in H5F_block_write(): write through page buffer failed
    major: Low-level I/O
    minor: Write failed
  #009: /scratch/spack_cpu/job_21700923/spack-stage/spack-stage-hdf5-1.10.7-xexa2gll6hf6okdatgrxiwhcjs2uepc7/spack-src/src/H5PB.c line 1032 in H5PB_write(): write through metadata accumulator failed
    major: Page Buffering
    minor: Write failed
  #010: /scratch/spack_cpu/job_21700923/spack-stage/spack-stage-hdf5-1.10.7-xexa2gll6hf6okdatgrxiwhcjs2uepc7/spack-src/src/H5Faccum.c line 824 in H5F__accum_write(): file write failed
    major: Low-level I/O
    minor: Write failed
  #011: /scratch/spack_cpu/job_21700923/spack-stage/spack-stage-hdf5-1.10.7-xexa2gll6hf6okdatgrxiwhcjs2uepc7/spack-src/src/H5FDint.c line 249 in H5FD_write(): driver write request failed
    major: Virtual File Layer
    minor: Write failed
  #012: /scratch/spack_cpu/job_21700923/spack-stage/spack-stage-hdf5-1.10.7-xexa2gll6hf6okdatgrxiwhcjs2uepc7/spack-src/src/H5FDsec2.c line 856 in H5FD__sec2_write(): file write failed: time = Wed Nov 19 08:31:04 2025
, filename = 'checkpoint.h5', file descriptor = 5, errno = 14, error message = 'Bad address', buf = 0x1555537c4000, total write size = 15969552, bytes this sub-write = 15969552, bytes actually written = 18446744073709551615, offset = 0
    major: Low-level I/O
    minor: Write failed
HDF5-DIAG: Error detected in HDF5 (1.10.7) thread 0:
  #000: /scratch/spack_cpu/job_21700923/spack-stage/spack-stage-hdf5-1.10.7-xexa2gll6hf6okdatgrxiwhcjs2uepc7/spack-src/src/H5Dio.c line 335 in H5Dwrite(): can't write data
    major: Dataset
    minor: Write failed
  #001: /scratch/spack_cpu/job_21700923/spack-stage/spack-stage-hdf5-1.10.7-xexa2gll6hf6okdatgrxiwhcjs2uepc7/spack-src/src/H5Dio.c line 813 in H5D__write(): can't write data
    major: Dataset
    minor: Write failed
  #002: /scratch/spack_cpu/job_21700923/spack-stage/spack-stage-hdf5-1.10.7-xexa2gll6hf6okdatgrxiwhcjs2uepc7/spack-src/src/H5Dcontig.c line 659 in H5D__contig_write(): contiguous write failed
    major: Dataset
    minor: Write failed
  #003: /scratch/spack_cpu/job_21700923/spack-stage/spack-stage-hdf5-1.10.7-xexa2gll6hf6okdatgrxiwhcjs2uepc7/spack-src/src/H5Dselect.c line 321 in H5D__select_write(): write error
    major: Dataspace
    minor: Write failed
  #004: /scratch/spack_cpu/job_21700923/spack-stage/spack-stage-hdf5-1.10.7-xexa2gll6hf6okdatgrxiwhcjs2uepc7/spack-src/src/H5Dselect.c line 230 in H5D__select_io(): write error
    major: Dataspace
    minor: Write failed
  #005: /scratch/spack_cpu/job_21700923/spack-stage/spack-stage-hdf5-1.10.7-xexa2gll6hf6okdatgrxiwhcjs2uepc7/spack-src/src/H5Dcontig.c line 1281 in H5D__contig_writevv(): can't perform vectorized sieve buffer write
    major: Dataset
    minor: Can't operate on object
  #006: /scratch/spack_cpu/job_21700923/spack-stage/spack-stage-hdf5-1.10.7-xexa2gll6hf6okdatgrxiwhcjs2uepc7/spack-src/src/H5VM.c line 1464 in H5VM_opvv(): can't perform operation
    major: Internal error (too specific to document in detail)
    minor: Can't operate on object
  #007: /scratch/spack_cpu/job_21700923/spack-stage/spack-stage-hdf5-1.10.7-xexa2gll6hf6okdatgrxiwhcjs2uepc7/spack-src/src/H5Dcontig.c line 1029 in H5D__contig_writevv_sieve_cb(): block write failed
    major: Dataset
    minor: Write failed
  #008: /scratch/spack_cpu/job_21700923/spack-stage/spack-stage-hdf5-1.10.7-xexa2gll6hf6okdatgrxiwhcjs2uepc7/spack-src/src/H5Fio.c line 161 in H5F_block_write(): write through page buffer failed
    major: Low-level I/O
    minor: Write failed
  #009: /scratch/spack_cpu/job_21700923/spack-stage/spack-stage-hdf5-1.10.7-xexa2gll6hf6okdatgrxiwhcjs2uepc7/spack-src/src/H5PB.c line 1032 in H5PB_write(): write through metadata accumulator failed
    major: Page Buffering
    minor: Write failed
  #010: /scratch/spack_cpu/job_21700923/spack-stage/spack-stage-hdf5-1.10.7-xexa2gll6hf6okdatgrxiwhcjs2uepc7/spack-src/src/H5Faccum.c line 824 in H5F__accum_write(): file write failed
    major: Low-level I/O
    minor: Write failed
  #011: /scratch/spack_cpu/job_21700923/spack-stage/spack-stage-hdf5-1.10.7-xexa2gll6hf6okdatgrxiwhcjs2uepc7/spack-src/src/H5FDint.c line 249 in H5FD_write(): driver write request failed
    major: Virtual File Layer
    minor: Write failed
  #012: /scratch/spack_cpu/job_21700923/spack-stage/spack-stage-hdf5-1.10.7-xexa2gll6hf6okdatgrxiwhcjs2uepc7/spack-src/src/H5FDsec2.c line 856 in H5FD__sec2_write(): file write failed: time = Wed Nov 19 08:31:11 2025
, filename = 'checkpoint.h5', file descriptor = 5, errno = 14, error message = 'Bad address', buf = 0x1555537c4000, total write size = 15969552, bytes this sub-write = 15969552, bytes actually written = 18446744073709551615, offset = 0
    major: Low-level I/O
    minor: Write failed
HDF5-DIAG: Error detected in HDF5 (1.10.7) thread 0:
  #000: /scratch/spack_cpu/job_21700923/spack-stage/spack-stage-hdf5-1.10.7-xexa2gll6hf6okdatgrxiwhcjs2uepc7/spack-src/src/H5Dio.c line 335 in H5Dwrite(): can't write data
    major: Dataset
    minor: Write failed
  #001: /scratch/spack_cpu/job_21700923/spack-stage/spack-stage-hdf5-1.10.7-xexa2gll6hf6okdatgrxiwhcjs2uepc7/spack-src/src/H5Dio.c line 813 in H5D__write(): can't write data
    major: Dataset
    minor: Write failed
  #002: /scratch/spack_cpu/job_21700923/spack-stage/spack-stage-hdf5-1.10.7-xexa2gll6hf6okdatgrxiwhcjs2uepc7/spack-src/src/H5Dcontig.c line 659 in H5D__contig_write(): contiguous write failed
    major: Dataset
    minor: Write failed
  #003: /scratch/spack_cpu/job_21700923/spack-stage/spack-stage-hdf5-1.10.7-xexa2gll6hf6okdatgrxiwhcjs2uepc7/spack-src/src/H5Dselect.c line 321 in H5D__select_write(): write error
    major: Dataspace
    minor: Write failed
  #004: /scratch/spack_cpu/job_21700923/spack-stage/spack-stage-hdf5-1.10.7-xexa2gll6hf6okdatgrxiwhcjs2uepc7/spack-src/src/H5Dselect.c line 230 in H5D__select_io(): write error
    major: Dataspace
    minor: Write failed
  #005: /scratch/spack_cpu/job_21700923/spack-stage/spack-stage-hdf5-1.10.7-xexa2gll6hf6okdatgrxiwhcjs2uepc7/spack-src/src/H5Dcontig.c line 1281 in H5D__contig_writevv(): can't perform vectorized sieve buffer write
    major: Dataset
    minor: Can't operate on object
  #006: /scratch/spack_cpu/job_21700923/spack-stage/spack-stage-hdf5-1.10.7-xexa2gll6hf6okdatgrxiwhcjs2uepc7/spack-src/src/H5VM.c line 1464 in H5VM_opvv(): can't perform operation
    major: Internal error (too specific to document in detail)
    minor: Can't operate on object
  #007: /scratch/spack_cpu/job_21700923/spack-stage/spack-stage-hdf5-1.10.7-xexa2gll6hf6okdatgrxiwhcjs2uepc7/spack-src/src/H5Dcontig.c line 1029 in H5D__contig_writevv_sieve_cb(): block write failed
    major: Dataset
    minor: Write failed
  #008: /scratch/spack_cpu/job_21700923/spack-stage/spack-stage-hdf5-1.10.7-xexa2gll6hf6okdatgrxiwhcjs2uepc7/spack-src/src/H5Fio.c line 161 in H5F_block_write(): write through page buffer failed
    major: Low-level I/O
    minor: Write failed
  #009: /scratch/spack_cpu/job_21700923/spack-stage/spack-stage-hdf5-1.10.7-xexa2gll6hf6okdatgrxiwhcjs2uepc7/spack-src/src/H5PB.c line 1032 in H5PB_write(): write through metadata accumulator failed
    major: Page Buffering
    minor: Write failed
  #010: /scratch/spack_cpu/job_21700923/spack-stage/spack-stage-hdf5-1.10.7-xexa2gll6hf6okdatgrxiwhcjs2uepc7/spack-src/src/H5Faccum.c line 824 in H5F__accum_write(): file write failed
    major: Low-level I/O
    minor: Write failed
  #011: /scratch/spack_cpu/job_21700923/spack-stage/spack-stage-hdf5-1.10.7-xexa2gll6hf6okdatgrxiwhcjs2uepc7/spack-src/src/H5FDint.c line 249 in H5FD_write(): driver write request failed
    major: Virtual File Layer
    minor: Write failed
  #012: /scratch/spack_cpu/job_21700923/spack-stage/spack-stage-hdf5-1.10.7-xexa2gll6hf6okdatgrxiwhcjs2uepc7/spack-src/src/H5FDsec2.c line 856 in H5FD__sec2_write(): file write failed: time = Wed Nov 19 08:31:20 2025
, filename = 'checkpoint.h5', file descriptor = 5, errno = 14, error message = 'Bad address', buf = 0x1555537c4000, total write size = 15969552, bytes this sub-write = 15969552, bytes actually written = 18446744073709551615, offset = 0
    major: Low-level I/O
    minor: Write failed
HDF5-DIAG: Error detected in HDF5 (1.10.7) thread 0:
  #000: /scratch/spack_cpu/job_21700923/spack-stage/spack-stage-hdf5-1.10.7-xexa2gll6hf6okdatgrxiwhcjs2uepc7/spack-src/src/H5Dio.c line 335 in H5Dwrite(): can't write data
    major: Dataset
    minor: Write failed
  #001: /scratch/spack_cpu/job_21700923/spack-stage/spack-stage-hdf5-1.10.7-xexa2gll6hf6okdatgrxiwhcjs2uepc7/spack-src/src/H5Dio.c line 813 in H5D__write(): can't write data
    major: Dataset
    minor: Write failed
  #002: /scratch/spack_cpu/job_21700923/spack-stage/spack-stage-hdf5-1.10.7-xexa2gll6hf6okdatgrxiwhcjs2uepc7/spack-src/src/H5Dcontig.c line 659 in H5D__contig_write(): contiguous write failed
    major: Dataset
    minor: Write failed
  #003: /scratch/spack_cpu/job_21700923/spack-stage/spack-stage-hdf5-1.10.7-xexa2gll6hf6okdatgrxiwhcjs2uepc7/spack-src/src/H5Dselect.c line 321 in H5D__select_write(): write error
    major: Dataspace
    minor: Write failed
  #004: /scratch/spack_cpu/job_21700923/spack-stage/spack-stage-hdf5-1.10.7-xexa2gll6hf6okdatgrxiwhcjs2uepc7/spack-src/src/H5Dselect.c line 230 in H5D__select_io(): write error
    major: Dataspace
    minor: Write failed
  #005: /scratch/spack_cpu/job_21700923/spack-stage/spack-stage-hdf5-1.10.7-xexa2gll6hf6okdatgrxiwhcjs2uepc7/spack-src/src/H5Dcontig.c line 1281 in H5D__contig_writevv(): can't perform vectorized sieve buffer write
    major: Dataset
    minor: Can't operate on object
  #006: /scratch/spack_cpu/job_21700923/spack-stage/spack-stage-hdf5-1.10.7-xexa2gll6hf6okdatgrxiwhcjs2uepc7/spack-src/src/H5VM.c line 1464 in H5VM_opvv(): can't perform operation
    major: Internal error (too specific to document in detail)
    minor: Can't operate on object
  #007: /scratch/spack_cpu/job_21700923/spack-stage/spack-stage-hdf5-1.10.7-xexa2gll6hf6okdatgrxiwhcjs2uepc7/spack-src/src/H5Dcontig.c line 1029 in H5D__contig_writevv_sieve_cb(): block write failed
    major: Dataset
    minor: Write failed
  #008: /scratch/spack_cpu/job_21700923/spack-stage/spack-stage-hdf5-1.10.7-xexa2gll6hf6okdatgrxiwhcjs2uepc7/spack-src/src/H5Fio.c line 161 in H5F_block_write(): write through page buffer failed
    major: Low-level I/O
    minor: Write failed
  #009: /scratch/spack_cpu/job_21700923/spack-stage/spack-stage-hdf5-1.10.7-xexa2gll6hf6okdatgrxiwhcjs2uepc7/spack-src/src/H5PB.c line 1032 in H5PB_write(): write through metadata accumulator failed
    major: Page Buffering
    minor: Write failed
  #010: /scratch/spack_cpu/job_21700923/spack-stage/spack-stage-hdf5-1.10.7-xexa2gll6hf6okdatgrxiwhcjs2uepc7/spack-src/src/H5Faccum.c line 824 in H5F__accum_write(): file write failed
    major: Low-level I/O
    minor: Write failed
  #011: /scratch/spack_cpu/job_21700923/spack-stage/spack-stage-hdf5-1.10.7-xexa2gll6hf6okdatgrxiwhcjs2uepc7/spack-src/src/H5FDint.c line 249 in H5FD_write(): driver write request failed
    major: Virtual File Layer
    minor: Write failed
  #012: /scratch/spack_cpu/job_21700923/spack-stage/spack-stage-hdf5-1.10.7-xexa2gll6hf6okdatgrxiwhcjs2uepc7/spack-src/src/H5FDsec2.c line 856 in H5FD__sec2_write(): file write failed: time = Wed Nov 19 08:31:27 2025
, filename = 'checkpoint.h5', file descriptor = 5, errno = 14, error message = 'Bad address', buf = 0x1555537c4000, total write size = 15969552, bytes this sub-write = 15969552, bytes actually written = 18446744073709551615, offset = 0
    major: Low-level I/O
    minor: Write failed
HDF5-DIAG: Error detected in HDF5 (1.10.7) thread 0:
  #000: /scratch/spack_cpu/job_21700923/spack-stage/spack-stage-hdf5-1.10.7-xexa2gll6hf6okdatgrxiwhcjs2uepc7/spack-src/src/H5Dio.c line 335 in H5Dwrite(): can't write data
    major: Dataset
    minor: Write failed
  #001: /scratch/spack_cpu/job_21700923/spack-stage/spack-stage-hdf5-1.10.7-xexa2gll6hf6okdatgrxiwhcjs2uepc7/spack-src/src/H5Dio.c line 813 in H5D__write(): can't write data
    major: Dataset
    minor: Write failed
  #002: /scratch/spack_cpu/job_21700923/spack-stage/spack-stage-hdf5-1.10.7-xexa2gll6hf6okdatgrxiwhcjs2uepc7/spack-src/src/H5Dcontig.c line 659 in H5D__contig_write(): contiguous write failed
    major: Dataset
    minor: Write failed
  #003: /scratch/spack_cpu/job_21700923/spack-stage/spack-stage-hdf5-1.10.7-xexa2gll6hf6okdatgrxiwhcjs2uepc7/spack-src/src/H5Dselect.c line 321 in H5D__select_write(): write error
    major: Dataspace
    minor: Write failed
  #004: /scratch/spack_cpu/job_21700923/spack-stage/spack-stage-hdf5-1.10.7-xexa2gll6hf6okdatgrxiwhcjs2uepc7/spack-src/src/H5Dselect.c line 230 in H5D__select_io(): write error
    major: Dataspace
    minor: Write failed
  #005: /scratch/spack_cpu/job_21700923/spack-stage/spack-stage-hdf5-1.10.7-xexa2gll6hf6okdatgrxiwhcjs2uepc7/spack-src/src/H5Dcontig.c line 1281 in H5D__contig_writevv(): can't perform vectorized sieve buffer write
    major: Dataset
    minor: Can't operate on object
  #006: /scratch/spack_cpu/job_21700923/spack-stage/spack-stage-hdf5-1.10.7-xexa2gll6hf6okdatgrxiwhcjs2uepc7/spack-src/src/H5VM.c line 1464 in H5VM_opvv(): can't perform operation
    major: Internal error (too specific to document in detail)
    minor: Can't operate on object
  #007: /scratch/spack_cpu/job_21700923/spack-stage/spack-stage-hdf5-1.10.7-xexa2gll6hf6okdatgrxiwhcjs2uepc7/spack-src/src/H5Dcontig.c line 1029 in H5D__contig_writevv_sieve_cb(): block write failed
    major: Dataset
    minor: Write failed
  #008: /scratch/spack_cpu/job_21700923/spack-stage/spack-stage-hdf5-1.10.7-xexa2gll6hf6okdatgrxiwhcjs2uepc7/spack-src/src/H5Fio.c line 161 in H5F_block_write(): write through page buffer failed
    major: Low-level I/O
    minor: Write failed
  #009: /scratch/spack_cpu/job_21700923/spack-stage/spack-stage-hdf5-1.10.7-xexa2gll6hf6okdatgrxiwhcjs2uepc7/spack-src/src/H5PB.c line 1032 in H5PB_write(): write through metadata accumulator failed
    major: Page Buffering
    minor: Write failed
  #010: /scratch/spack_cpu/job_21700923/spack-stage/spack-stage-hdf5-1.10.7-xexa2gll6hf6okdatgrxiwhcjs2uepc7/spack-src/src/H5Faccum.c line 824 in H5F__accum_write(): file write failed
    major: Low-level I/O
    minor: Write failed
  #011: /scratch/spack_cpu/job_21700923/spack-stage/spack-stage-hdf5-1.10.7-xexa2gll6hf6okdatgrxiwhcjs2uepc7/spack-src/src/H5FDint.c line 249 in H5FD_write(): driver write request failed
    major: Virtual File Layer
    minor: Write failed
  #012: /scratch/spack_cpu/job_21700923/spack-stage/spack-stage-hdf5-1.10.7-xexa2gll6hf6okdatgrxiwhcjs2uepc7/spack-src/src/H5FDsec2.c line 856 in H5FD__sec2_write(): file write failed: time = Wed Nov 19 08:31:34 2025
, filename = 'checkpoint.h5', file descriptor = 5, errno = 14, error message = 'Bad address', buf = 0x1555537c4000, total write size = 15969552, bytes this sub-write = 15969552, bytes actually written = 18446744073709551615, offset = 0
    major: Low-level I/O
    minor: Write failed
HDF5-DIAG: Error detected in HDF5 (1.10.7) thread 0:
  #000: /scratch/spack_cpu/job_21700923/spack-stage/spack-stage-hdf5-1.10.7-xexa2gll6hf6okdatgrxiwhcjs2uepc7/spack-src/src/H5Dio.c line 335 in H5Dwrite(): can't write data
    major: Dataset
    minor: Write failed
  #001: /scratch/spack_cpu/job_21700923/spack-stage/spack-stage-hdf5-1.10.7-xexa2gll6hf6okdatgrxiwhcjs2uepc7/spack-src/src/H5Dio.c line 813 in H5D__write(): can't write data
    major: Dataset
    minor: Write failed
  #002: /scratch/spack_cpu/job_21700923/spack-stage/spack-stage-hdf5-1.10.7-xexa2gll6hf6okdatgrxiwhcjs2uepc7/spack-src/src/H5Dcontig.c line 659 in H5D__contig_write(): contiguous write failed
    major: Dataset
    minor: Write failed
  #003: /scratch/spack_cpu/job_21700923/spack-stage/spack-stage-hdf5-1.10.7-xexa2gll6hf6okdatgrxiwhcjs2uepc7/spack-src/src/H5Dselect.c line 321 in H5D__select_write(): write error
    major: Dataspace
    minor: Write failed
  #004: /scratch/spack_cpu/job_21700923/spack-stage/spack-stage-hdf5-1.10.7-xexa2gll6hf6okdatgrxiwhcjs2uepc7/spack-src/src/H5Dselect.c line 230 in H5D__select_io(): write error
    major: Dataspace
    minor: Write failed
  #005: /scratch/spack_cpu/job_21700923/spack-stage/spack-stage-hdf5-1.10.7-xexa2gll6hf6okdatgrxiwhcjs2uepc7/spack-src/src/H5Dcontig.c line 1281 in H5D__contig_writevv(): can't perform vectorized sieve buffer write
    major: Dataset
    minor: Can't operate on object
  #006: /scratch/spack_cpu/job_21700923/spack-stage/spack-stage-hdf5-1.10.7-xexa2gll6hf6okdatgrxiwhcjs2uepc7/spack-src/src/H5VM.c line 1464 in H5VM_opvv(): can't perform operation
    major: Internal error (too specific to document in detail)
    minor: Can't operate on object
  #007: /scratch/spack_cpu/job_21700923/spack-stage/spack-stage-hdf5-1.10.7-xexa2gll6hf6okdatgrxiwhcjs2uepc7/spack-src/src/H5Dcontig.c line 1029 in H5D__contig_writevv_sieve_cb(): block write failed
    major: Dataset
    minor: Write failed
  #008: /scratch/spack_cpu/job_21700923/spack-stage/spack-stage-hdf5-1.10.7-xexa2gll6hf6okdatgrxiwhcjs2uepc7/spack-src/src/H5Fio.c line 161 in H5F_block_write(): write through page buffer failed
    major: Low-level I/O
    minor: Write failed
  #009: /scratch/spack_cpu/job_21700923/spack-stage/spack-stage-hdf5-1.10.7-xexa2gll6hf6okdatgrxiwhcjs2uepc7/spack-src/src/H5PB.c line 1032 in H5PB_write(): write through metadata accumulator failed
    major: Page Buffering
    minor: Write failed
  #010: /scratch/spack_cpu/job_21700923/spack-stage/spack-stage-hdf5-1.10.7-xexa2gll6hf6okdatgrxiwhcjs2uepc7/spack-src/src/H5Faccum.c line 824 in H5F__accum_write(): file write failed
    major: Low-level I/O
    minor: Write failed
  #011: /scratch/spack_cpu/job_21700923/spack-stage/spack-stage-hdf5-1.10.7-xexa2gll6hf6okdatgrxiwhcjs2uepc7/spack-src/src/H5FDint.c line 249 in H5FD_write(): driver write request failed
    major: Virtual File Layer
    minor: Write failed
  #012: /scratch/spack_cpu/job_21700923/spack-stage/spack-stage-hdf5-1.10.7-xexa2gll6hf6okdatgrxiwhcjs2uepc7/spack-src/src/H5FDsec2.c line 856 in H5FD__sec2_write(): file write failed: time = Wed Nov 19 08:31:40 2025
, filename = 'checkpoint.h5', file descriptor = 5, errno = 14, error message = 'Bad address', buf = 0x1555537c4000, total write size = 15969552, bytes this sub-write = 15969552, bytes actually written = 18446744073709551615, offset = 0
    major: Low-level I/O
    minor: Write failed
HDF5-DIAG: Error detected in HDF5 (1.10.7) thread 0:
  #000: /scratch/spack_cpu/job_21700923/spack-stage/spack-stage-hdf5-1.10.7-xexa2gll6hf6okdatgrxiwhcjs2uepc7/spack-src/src/H5Dio.c line 335 in H5Dwrite(): can't write data
    major: Dataset
    minor: Write failed
  #001: /scratch/spack_cpu/job_21700923/spack-stage/spack-stage-hdf5-1.10.7-xexa2gll6hf6okdatgrxiwhcjs2uepc7/spack-src/src/H5Dio.c line 813 in H5D__write(): can't write data
    major: Dataset
    minor: Write failed
  #002: /scratch/spack_cpu/job_21700923/spack-stage/spack-stage-hdf5-1.10.7-xexa2gll6hf6okdatgrxiwhcjs2uepc7/spack-src/src/H5Dcontig.c line 659 in H5D__contig_write(): contiguous write failed
    major: Dataset
    minor: Write failed
  #003: /scratch/spack_cpu/job_21700923/spack-stage/spack-stage-hdf5-1.10.7-xexa2gll6hf6okdatgrxiwhcjs2uepc7/spack-src/src/H5Dselect.c line 321 in H5D__select_write(): write error
    major: Dataspace
    minor: Write failed
  #004: /scratch/spack_cpu/job_21700923/spack-stage/spack-stage-hdf5-1.10.7-xexa2gll6hf6okdatgrxiwhcjs2uepc7/spack-src/src/H5Dselect.c line 230 in H5D__select_io(): write error
    major: Dataspace
    minor: Write failed
  #005: /scratch/spack_cpu/job_21700923/spack-stage/spack-stage-hdf5-1.10.7-xexa2gll6hf6okdatgrxiwhcjs2uepc7/spack-src/src/H5Dcontig.c line 1281 in H5D__contig_writevv(): can't perform vectorized sieve buffer write
    major: Dataset
    minor: Can't operate on object
  #006: /scratch/spack_cpu/job_21700923/spack-stage/spack-stage-hdf5-1.10.7-xexa2gll6hf6okdatgrxiwhcjs2uepc7/spack-src/src/H5VM.c line 1464 in H5VM_opvv(): can't perform operation
    major: Internal error (too specific to document in detail)
    minor: Can't operate on object
  #007: /scratch/spack_cpu/job_21700923/spack-stage/spack-stage-hdf5-1.10.7-xexa2gll6hf6okdatgrxiwhcjs2uepc7/spack-src/src/H5Dcontig.c line 1029 in H5D__contig_writevv_sieve_cb(): block write failed
    major: Dataset
    minor: Write failed
  #008: /scratch/spack_cpu/job_21700923/spack-stage/spack-stage-hdf5-1.10.7-xexa2gll6hf6okdatgrxiwhcjs2uepc7/spack-src/src/H5Fio.c line 161 in H5F_block_write(): write through page buffer failed
    major: Low-level I/O
    minor: Write failed
  #009: /scratch/spack_cpu/job_21700923/spack-stage/spack-stage-hdf5-1.10.7-xexa2gll6hf6okdatgrxiwhcjs2uepc7/spack-src/src/H5PB.c line 1032 in H5PB_write(): write through metadata accumulator failed
    major: Page Buffering
    minor: Write failed
  #010: /scratch/spack_cpu/job_21700923/spack-stage/spack-stage-hdf5-1.10.7-xexa2gll6hf6okdatgrxiwhcjs2uepc7/spack-src/src/H5Faccum.c line 824 in H5F__accum_write(): file write failed
    major: Low-level I/O
    minor: Write failed
  #011: /scratch/spack_cpu/job_21700923/spack-stage/spack-stage-hdf5-1.10.7-xexa2gll6hf6okdatgrxiwhcjs2uepc7/spack-src/src/H5FDint.c line 249 in H5FD_write(): driver write request failed
    major: Virtual File Layer
    minor: Write failed
  #012: /scratch/spack_cpu/job_21700923/spack-stage/spack-stage-hdf5-1.10.7-xexa2gll6hf6okdatgrxiwhcjs2uepc7/spack-src/src/H5FDsec2.c line 856 in H5FD__sec2_write(): file write failed: time = Wed Nov 19 08:31:47 2025
, filename = 'checkpoint.h5', file descriptor = 5, errno = 14, error message = 'Bad address', buf = 0x1555537c4000, total write size = 15969552, bytes this sub-write = 15969552, bytes actually written = 18446744073709551615, offset = 0
    major: Low-level I/O
    minor: Write failed
HDF5-DIAG: Error detected in HDF5 (1.10.7) thread 0:
  #000: /scratch/spack_cpu/job_21700923/spack-stage/spack-stage-hdf5-1.10.7-xexa2gll6hf6okdatgrxiwhcjs2uepc7/spack-src/src/H5Dio.c line 335 in H5Dwrite(): can't write data
    major: Dataset
    minor: Write failed
  #001: /scratch/spack_cpu/job_21700923/spack-stage/spack-stage-hdf5-1.10.7-xexa2gll6hf6okdatgrxiwhcjs2uepc7/spack-src/src/H5Dio.c line 813 in H5D__write(): can't write data
    major: Dataset
    minor: Write failed
  #002: /scratch/spack_cpu/job_21700923/spack-stage/spack-stage-hdf5-1.10.7-xexa2gll6hf6okdatgrxiwhcjs2uepc7/spack-src/src/H5Dcontig.c line 659 in H5D__contig_write(): contiguous write failed
    major: Dataset
    minor: Write failed
  #003: /scratch/spack_cpu/job_21700923/spack-stage/spack-stage-hdf5-1.10.7-xexa2gll6hf6okdatgrxiwhcjs2uepc7/spack-src/src/H5Dselect.c line 321 in H5D__select_write(): write error
    major: Dataspace
    minor: Write failed
  #004: /scratch/spack_cpu/job_21700923/spack-stage/spack-stage-hdf5-1.10.7-xexa2gll6hf6okdatgrxiwhcjs2uepc7/spack-src/src/H5Dselect.c line 230 in H5D__select_io(): write error
    major: Dataspace
    minor: Write failed
  #005: /scratch/spack_cpu/job_21700923/spack-stage/spack-stage-hdf5-1.10.7-xexa2gll6hf6okdatgrxiwhcjs2uepc7/spack-src/src/H5Dcontig.c line 1281 in H5D__contig_writevv(): can't perform vectorized sieve buffer write
    major: Dataset
    minor: Can't operate on object
  #006: /scratch/spack_cpu/job_21700923/spack-stage/spack-stage-hdf5-1.10.7-xexa2gll6hf6okdatgrxiwhcjs2uepc7/spack-src/src/H5VM.c line 1464 in H5VM_opvv(): can't perform operation
    major: Internal error (too specific to document in detail)
    minor: Can't operate on object
  #007: /scratch/spack_cpu/job_21700923/spack-stage/spack-stage-hdf5-1.10.7-xexa2gll6hf6okdatgrxiwhcjs2uepc7/spack-src/src/H5Dcontig.c line 1029 in H5D__contig_writevv_sieve_cb(): block write failed
    major: Dataset
    minor: Write failed
  #008: /scratch/spack_cpu/job_21700923/spack-stage/spack-stage-hdf5-1.10.7-xexa2gll6hf6okdatgrxiwhcjs2uepc7/spack-src/src/H5Fio.c line 161 in H5F_block_write(): write through page buffer failed
    major: Low-level I/O
    minor: Write failed
  #009: /scratch/spack_cpu/job_21700923/spack-stage/spack-stage-hdf5-1.10.7-xexa2gll6hf6okdatgrxiwhcjs2uepc7/spack-src/src/H5PB.c line 1032 in H5PB_write(): write through metadata accumulator failed
    major: Page Buffering
    minor: Write failed
  #010: /scratch/spack_cpu/job_21700923/spack-stage/spack-stage-hdf5-1.10.7-xexa2gll6hf6okdatgrxiwhcjs2uepc7/spack-src/src/H5Faccum.c line 824 in H5F__accum_write(): file write failed
    major: Low-level I/O
    minor: Write failed
  #011: /scratch/spack_cpu/job_21700923/spack-stage/spack-stage-hdf5-1.10.7-xexa2gll6hf6okdatgrxiwhcjs2uepc7/spack-src/src/H5FDint.c line 249 in H5FD_write(): driver write request failed
    major: Virtual File Layer
    minor: Write failed
  #012: /scratch/spack_cpu/job_21700923/spack-stage/spack-stage-hdf5-1.10.7-xexa2gll6hf6okdatgrxiwhcjs2uepc7/spack-src/src/H5FDsec2.c line 856 in H5FD__sec2_write(): file write failed: time = Wed Nov 19 08:31:54 2025
, filename = 'checkpoint.h5', file descriptor = 5, errno = 14, error message = 'Bad address', buf = 0x1555537c4000, total write size = 15969552, bytes this sub-write = 15969552, bytes actually written = 18446744073709551615, offset = 0
    major: Low-level I/O
    minor: Write failed
Simulation time: 23.2 min
