Resetting modules to system default. Reseting $MODULEPATH back to system default. All extra directories will be removed from $MODULEPATH.
Total Mass: 1.9825e+11
Boyd ZL0: 224.971
kI: 5.4137e-07
kD: 831.352
kT: 1e+09
HDF5-DIAG: Error detected in HDF5 (1.10.7) thread 0:
  #000: /scratch/spack_cpu/job_21700923/spack-stage/spack-stage-hdf5-1.10.7-xexa2gll6hf6okdatgrxiwhcjs2uepc7/spack-src/src/H5Dio.c line 335 in H5Dwrite(): can't write data
    major: Dataset
    minor: Write failed
  #001: /scratch/spack_cpu/job_21700923/spack-stage/spack-stage-hdf5-1.10.7-xexa2gll6hf6okdatgrxiwhcjs2uepc7/spack-src/src/H5Dio.c line 813 in H5D__write(): can't write data
    major: Dataset
    minor: Write failed
  #002: /scratch/spack_cpu/job_21700923/spack-stage/spack-stage-hdf5-1.10.7-xexa2gll6hf6okdatgrxiwhcjs2uepc7/spack-src/src/H5Dcontig.c line 659 in H5D__contig_write(): contiguous write failed
    major: Dataset
    minor: Write failed
  #003: /scratch/spack_cpu/job_21700923/spack-stage/spack-stage-hdf5-1.10.7-xexa2gll6hf6okdatgrxiwhcjs2uepc7/spack-src/src/H5Dselect.c line 321 in H5D__select_write(): write error
    major: Dataspace
    minor: Write failed
  #004: /scratch/spack_cpu/job_21700923/spack-stage/spack-stage-hdf5-1.10.7-xexa2gll6hf6okdatgrxiwhcjs2uepc7/spack-src/src/H5Dselect.c line 230 in H5D__select_io(): write error
    major: Dataspace
    minor: Write failed
  #005: /scratch/spack_cpu/job_21700923/spack-stage/spack-stage-hdf5-1.10.7-xexa2gll6hf6okdatgrxiwhcjs2uepc7/spack-src/src/H5Dcontig.c line 1281 in H5D__contig_writevv(): can't perform vectorized sieve buffer write
    major: Dataset
    minor: Can't operate on object
  #006: /scratch/spack_cpu/job_21700923/spack-stage/spack-stage-hdf5-1.10.7-xexa2gll6hf6okdatgrxiwhcjs2uepc7/spack-src/src/H5VM.c line 1464 in H5VM_opvv(): can't perform operation
    major: Internal error (too specific to document in detail)
    minor: Can't operate on object
  #007: /scratch/spack_cpu/job_21700923/spack-stage/spack-stage-hdf5-1.10.7-xexa2gll6hf6okdatgrxiwhcjs2uepc7/spack-src/src/H5Dcontig.c line 1029 in H5D__contig_writevv_sieve_cb(): block write failed
    major: Dataset
    minor: Write failed
  #008: /scratch/spack_cpu/job_21700923/spack-stage/spack-stage-hdf5-1.10.7-xexa2gll6hf6okdatgrxiwhcjs2uepc7/spack-src/src/H5Fio.c line 161 in H5F_block_write(): write through page buffer failed
    major: Low-level I/O
    minor: Write failed
  #009: /scratch/spack_cpu/job_21700923/spack-stage/spack-stage-hdf5-1.10.7-xexa2gll6hf6okdatgrxiwhcjs2uepc7/spack-src/src/H5PB.c line 1032 in H5PB_write(): write through metadata accumulator failed
    major: Page Buffering
    minor: Write failed
  #010: /scratch/spack_cpu/job_21700923/spack-stage/spack-stage-hdf5-1.10.7-xexa2gll6hf6okdatgrxiwhcjs2uepc7/spack-src/src/H5Faccum.c line 824 in H5F__accum_write(): file write failed
    major: Low-level I/O
    minor: Write failed
  #011: /scratch/spack_cpu/job_21700923/spack-stage/spack-stage-hdf5-1.10.7-xexa2gll6hf6okdatgrxiwhcjs2uepc7/spack-src/src/H5FDint.c line 249 in H5FD_write(): driver write request failed
    major: Virtual File Layer
    minor: Write failed
  #012: /scratch/spack_cpu/job_21700923/spack-stage/spack-stage-hdf5-1.10.7-xexa2gll6hf6okdatgrxiwhcjs2uepc7/spack-src/src/H5FDsec2.c line 856 in H5FD__sec2_write(): file write failed: time = Wed Nov 19 08:08:43 2025
, filename = 'checkpoint.h5', file descriptor = 5, errno = 14, error message = 'Bad address', buf = 0x1555537c4000, total write size = 15969552, bytes this sub-write = 15969552, bytes actually written = 18446744073709551615, offset = 0
    major: Low-level I/O
    minor: Write failed
HDF5-DIAG: Error detected in HDF5 (1.10.7) thread 0:
  #000: /scratch/spack_cpu/job_21700923/spack-stage/spack-stage-hdf5-1.10.7-xexa2gll6hf6okdatgrxiwhcjs2uepc7/spack-src/src/H5Dio.c line 335 in H5Dwrite(): can't write data
    major: Dataset
    minor: Write failed
  #001: /scratch/spack_cpu/job_21700923/spack-stage/spack-stage-hdf5-1.10.7-xexa2gll6hf6okdatgrxiwhcjs2uepc7/spack-src/src/H5Dio.c line 813 in H5D__write(): can't write data
    major: Dataset
    minor: Write failed
  #002: /scratch/spack_cpu/job_21700923/spack-stage/spack-stage-hdf5-1.10.7-xexa2gll6hf6okdatgrxiwhcjs2uepc7/spack-src/src/H5Dcontig.c line 659 in H5D__contig_write(): contiguous write failed
    major: Dataset
    minor: Write failed
  #003: /scratch/spack_cpu/job_21700923/spack-stage/spack-stage-hdf5-1.10.7-xexa2gll6hf6okdatgrxiwhcjs2uepc7/spack-src/src/H5Dselect.c line 321 in H5D__select_write(): write error
    major: Dataspace
    minor: Write failed
  #004: /scratch/spack_cpu/job_21700923/spack-stage/spack-stage-hdf5-1.10.7-xexa2gll6hf6okdatgrxiwhcjs2uepc7/spack-src/src/H5Dselect.c line 230 in H5D__select_io(): write error
    major: Dataspace
    minor: Write failed
  #005: /scratch/spack_cpu/job_21700923/spack-stage/spack-stage-hdf5-1.10.7-xexa2gll6hf6okdatgrxiwhcjs2uepc7/spack-src/src/H5Dcontig.c line 1281 in H5D__contig_writevv(): can't perform vectorized sieve buffer write
    major: Dataset
    minor: Can't operate on object
  #006: /scratch/spack_cpu/job_21700923/spack-stage/spack-stage-hdf5-1.10.7-xexa2gll6hf6okdatgrxiwhcjs2uepc7/spack-src/src/H5VM.c line 1464 in H5VM_opvv(): can't perform operation
    major: Internal error (too specific to document in detail)
    minor: Can't operate on object
  #007: /scratch/spack_cpu/job_21700923/spack-stage/spack-stage-hdf5-1.10.7-xexa2gll6hf6okdatgrxiwhcjs2uepc7/spack-src/src/H5Dcontig.c line 1029 in H5D__contig_writevv_sieve_cb(): block write failed
    major: Dataset
    minor: Write failed
  #008: /scratch/spack_cpu/job_21700923/spack-stage/spack-stage-hdf5-1.10.7-xexa2gll6hf6okdatgrxiwhcjs2uepc7/spack-src/src/H5Fio.c line 161 in H5F_block_write(): write through page buffer failed
    major: Low-level I/O
    minor: Write failed
  #009: /scratch/spack_cpu/job_21700923/spack-stage/spack-stage-hdf5-1.10.7-xexa2gll6hf6okdatgrxiwhcjs2uepc7/spack-src/src/H5PB.c line 1032 in H5PB_write(): write through metadata accumulator failed
    major: Page Buffering
    minor: Write failed
  #010: /scratch/spack_cpu/job_21700923/spack-stage/spack-stage-hdf5-1.10.7-xexa2gll6hf6okdatgrxiwhcjs2uepc7/spack-src/src/H5Faccum.c line 824 in H5F__accum_write(): file write failed
    major: Low-level I/O
    minor: Write failed
  #011: /scratch/spack_cpu/job_21700923/spack-stage/spack-stage-hdf5-1.10.7-xexa2gll6hf6okdatgrxiwhcjs2uepc7/spack-src/src/H5FDint.c line 249 in H5FD_write(): driver write request failed
    major: Virtual File Layer
    minor: Write failed
  #012: /scratch/spack_cpu/job_21700923/spack-stage/spack-stage-hdf5-1.10.7-xexa2gll6hf6okdatgrxiwhcjs2uepc7/spack-src/src/H5FDsec2.c line 856 in H5FD__sec2_write(): file write failed: time = Wed Nov 19 08:09:37 2025
, filename = 'checkpoint.h5', file descriptor = 5, errno = 14, error message = 'Bad address', buf = 0x1555537c4000, total write size = 15969552, bytes this sub-write = 15969552, bytes actually written = 18446744073709551615, offset = 0
    major: Low-level I/O
    minor: Write failed
HDF5-DIAG: Error detected in HDF5 (1.10.7) thread 0:
  #000: /scratch/spack_cpu/job_21700923/spack-stage/spack-stage-hdf5-1.10.7-xexa2gll6hf6okdatgrxiwhcjs2uepc7/spack-src/src/H5Dio.c line 335 in H5Dwrite(): can't write data
    major: Dataset
    minor: Write failed
  #001: /scratch/spack_cpu/job_21700923/spack-stage/spack-stage-hdf5-1.10.7-xexa2gll6hf6okdatgrxiwhcjs2uepc7/spack-src/src/H5Dio.c line 813 in H5D__write(): can't write data
    major: Dataset
    minor: Write failed
  #002: /scratch/spack_cpu/job_21700923/spack-stage/spack-stage-hdf5-1.10.7-xexa2gll6hf6okdatgrxiwhcjs2uepc7/spack-src/src/H5Dcontig.c line 659 in H5D__contig_write(): contiguous write failed
    major: Dataset
    minor: Write failed
  #003: /scratch/spack_cpu/job_21700923/spack-stage/spack-stage-hdf5-1.10.7-xexa2gll6hf6okdatgrxiwhcjs2uepc7/spack-src/src/H5Dselect.c line 321 in H5D__select_write(): write error
    major: Dataspace
    minor: Write failed
  #004: /scratch/spack_cpu/job_21700923/spack-stage/spack-stage-hdf5-1.10.7-xexa2gll6hf6okdatgrxiwhcjs2uepc7/spack-src/src/H5Dselect.c line 230 in H5D__select_io(): write error
    major: Dataspace
    minor: Write failed
  #005: /scratch/spack_cpu/job_21700923/spack-stage/spack-stage-hdf5-1.10.7-xexa2gll6hf6okdatgrxiwhcjs2uepc7/spack-src/src/H5Dcontig.c line 1281 in H5D__contig_writevv(): can't perform vectorized sieve buffer write
    major: Dataset
    minor: Can't operate on object
  #006: /scratch/spack_cpu/job_21700923/spack-stage/spack-stage-hdf5-1.10.7-xexa2gll6hf6okdatgrxiwhcjs2uepc7/spack-src/src/H5VM.c line 1464 in H5VM_opvv(): can't perform operation
    major: Internal error (too specific to document in detail)
    minor: Can't operate on object
  #007: /scratch/spack_cpu/job_21700923/spack-stage/spack-stage-hdf5-1.10.7-xexa2gll6hf6okdatgrxiwhcjs2uepc7/spack-src/src/H5Dcontig.c line 1029 in H5D__contig_writevv_sieve_cb(): block write failed
    major: Dataset
    minor: Write failed
  #008: /scratch/spack_cpu/job_21700923/spack-stage/spack-stage-hdf5-1.10.7-xexa2gll6hf6okdatgrxiwhcjs2uepc7/spack-src/src/H5Fio.c line 161 in H5F_block_write(): write through page buffer failed
    major: Low-level I/O
    minor: Write failed
  #009: /scratch/spack_cpu/job_21700923/spack-stage/spack-stage-hdf5-1.10.7-xexa2gll6hf6okdatgrxiwhcjs2uepc7/spack-src/src/H5PB.c line 1032 in H5PB_write(): write through metadata accumulator failed
    major: Page Buffering
    minor: Write failed
  #010: /scratch/spack_cpu/job_21700923/spack-stage/spack-stage-hdf5-1.10.7-xexa2gll6hf6okdatgrxiwhcjs2uepc7/spack-src/src/H5Faccum.c line 824 in H5F__accum_write(): file write failed
    major: Low-level I/O
    minor: Write failed
  #011: /scratch/spack_cpu/job_21700923/spack-stage/spack-stage-hdf5-1.10.7-xexa2gll6hf6okdatgrxiwhcjs2uepc7/spack-src/src/H5FDint.c line 249 in H5FD_write(): driver write request failed
    major: Virtual File Layer
    minor: Write failed
  #012: /scratch/spack_cpu/job_21700923/spack-stage/spack-stage-hdf5-1.10.7-xexa2gll6hf6okdatgrxiwhcjs2uepc7/spack-src/src/H5FDsec2.c line 856 in H5FD__sec2_write(): file write failed: time = Wed Nov 19 08:10:32 2025
, filename = 'checkpoint.h5', file descriptor = 5, errno = 14, error message = 'Bad address', buf = 0x1555537c4000, total write size = 15969552, bytes this sub-write = 15969552, bytes actually written = 18446744073709551615, offset = 0
    major: Low-level I/O
    minor: Write failed
HDF5-DIAG: Error detected in HDF5 (1.10.7) thread 0:
  #000: /scratch/spack_cpu/job_21700923/spack-stage/spack-stage-hdf5-1.10.7-xexa2gll6hf6okdatgrxiwhcjs2uepc7/spack-src/src/H5Dio.c line 335 in H5Dwrite(): can't write data
    major: Dataset
    minor: Write failed
  #001: /scratch/spack_cpu/job_21700923/spack-stage/spack-stage-hdf5-1.10.7-xexa2gll6hf6okdatgrxiwhcjs2uepc7/spack-src/src/H5Dio.c line 813 in H5D__write(): can't write data
    major: Dataset
    minor: Write failed
  #002: /scratch/spack_cpu/job_21700923/spack-stage/spack-stage-hdf5-1.10.7-xexa2gll6hf6okdatgrxiwhcjs2uepc7/spack-src/src/H5Dcontig.c line 659 in H5D__contig_write(): contiguous write failed
    major: Dataset
    minor: Write failed
  #003: /scratch/spack_cpu/job_21700923/spack-stage/spack-stage-hdf5-1.10.7-xexa2gll6hf6okdatgrxiwhcjs2uepc7/spack-src/src/H5Dselect.c line 321 in H5D__select_write(): write error
    major: Dataspace
    minor: Write failed
  #004: /scratch/spack_cpu/job_21700923/spack-stage/spack-stage-hdf5-1.10.7-xexa2gll6hf6okdatgrxiwhcjs2uepc7/spack-src/src/H5Dselect.c line 230 in H5D__select_io(): write error
    major: Dataspace
    minor: Write failed
  #005: /scratch/spack_cpu/job_21700923/spack-stage/spack-stage-hdf5-1.10.7-xexa2gll6hf6okdatgrxiwhcjs2uepc7/spack-src/src/H5Dcontig.c line 1281 in H5D__contig_writevv(): can't perform vectorized sieve buffer write
    major: Dataset
    minor: Can't operate on object
  #006: /scratch/spack_cpu/job_21700923/spack-stage/spack-stage-hdf5-1.10.7-xexa2gll6hf6okdatgrxiwhcjs2uepc7/spack-src/src/H5VM.c line 1464 in H5VM_opvv(): can't perform operation
    major: Internal error (too specific to document in detail)
    minor: Can't operate on object
  #007: /scratch/spack_cpu/job_21700923/spack-stage/spack-stage-hdf5-1.10.7-xexa2gll6hf6okdatgrxiwhcjs2uepc7/spack-src/src/H5Dcontig.c line 1029 in H5D__contig_writevv_sieve_cb(): block write failed
    major: Dataset
    minor: Write failed
  #008: /scratch/spack_cpu/job_21700923/spack-stage/spack-stage-hdf5-1.10.7-xexa2gll6hf6okdatgrxiwhcjs2uepc7/spack-src/src/H5Fio.c line 161 in H5F_block_write(): write through page buffer failed
    major: Low-level I/O
    minor: Write failed
  #009: /scratch/spack_cpu/job_21700923/spack-stage/spack-stage-hdf5-1.10.7-xexa2gll6hf6okdatgrxiwhcjs2uepc7/spack-src/src/H5PB.c line 1032 in H5PB_write(): write through metadata accumulator failed
    major: Page Buffering
    minor: Write failed
  #010: /scratch/spack_cpu/job_21700923/spack-stage/spack-stage-hdf5-1.10.7-xexa2gll6hf6okdatgrxiwhcjs2uepc7/spack-src/src/H5Faccum.c line 824 in H5F__accum_write(): file write failed
    major: Low-level I/O
    minor: Write failed
  #011: /scratch/spack_cpu/job_21700923/spack-stage/spack-stage-hdf5-1.10.7-xexa2gll6hf6okdatgrxiwhcjs2uepc7/spack-src/src/H5FDint.c line 249 in H5FD_write(): driver write request failed
    major: Virtual File Layer
    minor: Write failed
  #012: /scratch/spack_cpu/job_21700923/spack-stage/spack-stage-hdf5-1.10.7-xexa2gll6hf6okdatgrxiwhcjs2uepc7/spack-src/src/H5FDsec2.c line 856 in H5FD__sec2_write(): file write failed: time = Wed Nov 19 08:11:29 2025
, filename = 'checkpoint.h5', file descriptor = 5, errno = 14, error message = 'Bad address', buf = 0x1555537c4000, total write size = 15969552, bytes this sub-write = 15969552, bytes actually written = 18446744073709551615, offset = 0
    major: Low-level I/O
    minor: Write failed
HDF5-DIAG: Error detected in HDF5 (1.10.7) thread 0:
  #000: /scratch/spack_cpu/job_21700923/spack-stage/spack-stage-hdf5-1.10.7-xexa2gll6hf6okdatgrxiwhcjs2uepc7/spack-src/src/H5Dio.c line 335 in H5Dwrite(): can't write data
    major: Dataset
    minor: Write failed
  #001: /scratch/spack_cpu/job_21700923/spack-stage/spack-stage-hdf5-1.10.7-xexa2gll6hf6okdatgrxiwhcjs2uepc7/spack-src/src/H5Dio.c line 813 in H5D__write(): can't write data
    major: Dataset
    minor: Write failed
  #002: /scratch/spack_cpu/job_21700923/spack-stage/spack-stage-hdf5-1.10.7-xexa2gll6hf6okdatgrxiwhcjs2uepc7/spack-src/src/H5Dcontig.c line 659 in H5D__contig_write(): contiguous write failed
    major: Dataset
    minor: Write failed
  #003: /scratch/spack_cpu/job_21700923/spack-stage/spack-stage-hdf5-1.10.7-xexa2gll6hf6okdatgrxiwhcjs2uepc7/spack-src/src/H5Dselect.c line 321 in H5D__select_write(): write error
    major: Dataspace
    minor: Write failed
  #004: /scratch/spack_cpu/job_21700923/spack-stage/spack-stage-hdf5-1.10.7-xexa2gll6hf6okdatgrxiwhcjs2uepc7/spack-src/src/H5Dselect.c line 230 in H5D__select_io(): write error
    major: Dataspace
    minor: Write failed
  #005: /scratch/spack_cpu/job_21700923/spack-stage/spack-stage-hdf5-1.10.7-xexa2gll6hf6okdatgrxiwhcjs2uepc7/spack-src/src/H5Dcontig.c line 1281 in H5D__contig_writevv(): can't perform vectorized sieve buffer write
    major: Dataset
    minor: Can't operate on object
  #006: /scratch/spack_cpu/job_21700923/spack-stage/spack-stage-hdf5-1.10.7-xexa2gll6hf6okdatgrxiwhcjs2uepc7/spack-src/src/H5VM.c line 1464 in H5VM_opvv(): can't perform operation
    major: Internal error (too specific to document in detail)
    minor: Can't operate on object
  #007: /scratch/spack_cpu/job_21700923/spack-stage/spack-stage-hdf5-1.10.7-xexa2gll6hf6okdatgrxiwhcjs2uepc7/spack-src/src/H5Dcontig.c line 1029 in H5D__contig_writevv_sieve_cb(): block write failed
    major: Dataset
    minor: Write failed
  #008: /scratch/spack_cpu/job_21700923/spack-stage/spack-stage-hdf5-1.10.7-xexa2gll6hf6okdatgrxiwhcjs2uepc7/spack-src/src/H5Fio.c line 161 in H5F_block_write(): write through page buffer failed
    major: Low-level I/O
    minor: Write failed
  #009: /scratch/spack_cpu/job_21700923/spack-stage/spack-stage-hdf5-1.10.7-xexa2gll6hf6okdatgrxiwhcjs2uepc7/spack-src/src/H5PB.c line 1032 in H5PB_write(): write through metadata accumulator failed
    major: Page Buffering
    minor: Write failed
  #010: /scratch/spack_cpu/job_21700923/spack-stage/spack-stage-hdf5-1.10.7-xexa2gll6hf6okdatgrxiwhcjs2uepc7/spack-src/src/H5Faccum.c line 824 in H5F__accum_write(): file write failed
    major: Low-level I/O
    minor: Write failed
  #011: /scratch/spack_cpu/job_21700923/spack-stage/spack-stage-hdf5-1.10.7-xexa2gll6hf6okdatgrxiwhcjs2uepc7/spack-src/src/H5FDint.c line 249 in H5FD_write(): driver write request failed
    major: Virtual File Layer
    minor: Write failed
  #012: /scratch/spack_cpu/job_21700923/spack-stage/spack-stage-hdf5-1.10.7-xexa2gll6hf6okdatgrxiwhcjs2uepc7/spack-src/src/H5FDsec2.c line 856 in H5FD__sec2_write(): file write failed: time = Wed Nov 19 08:12:14 2025
, filename = 'checkpoint.h5', file descriptor = 5, errno = 14, error message = 'Bad address', buf = 0x1555537c4000, total write size = 15969552, bytes this sub-write = 15969552, bytes actually written = 18446744073709551615, offset = 0
    major: Low-level I/O
    minor: Write failed
HDF5-DIAG: Error detected in HDF5 (1.10.7) thread 0:
  #000: /scratch/spack_cpu/job_21700923/spack-stage/spack-stage-hdf5-1.10.7-xexa2gll6hf6okdatgrxiwhcjs2uepc7/spack-src/src/H5Dio.c line 335 in H5Dwrite(): can't write data
    major: Dataset
    minor: Write failed
  #001: /scratch/spack_cpu/job_21700923/spack-stage/spack-stage-hdf5-1.10.7-xexa2gll6hf6okdatgrxiwhcjs2uepc7/spack-src/src/H5Dio.c line 813 in H5D__write(): can't write data
    major: Dataset
    minor: Write failed
  #002: /scratch/spack_cpu/job_21700923/spack-stage/spack-stage-hdf5-1.10.7-xexa2gll6hf6okdatgrxiwhcjs2uepc7/spack-src/src/H5Dcontig.c line 659 in H5D__contig_write(): contiguous write failed
    major: Dataset
    minor: Write failed
  #003: /scratch/spack_cpu/job_21700923/spack-stage/spack-stage-hdf5-1.10.7-xexa2gll6hf6okdatgrxiwhcjs2uepc7/spack-src/src/H5Dselect.c line 321 in H5D__select_write(): write error
    major: Dataspace
    minor: Write failed
  #004: /scratch/spack_cpu/job_21700923/spack-stage/spack-stage-hdf5-1.10.7-xexa2gll6hf6okdatgrxiwhcjs2uepc7/spack-src/src/H5Dselect.c line 230 in H5D__select_io(): write error
    major: Dataspace
    minor: Write failed
  #005: /scratch/spack_cpu/job_21700923/spack-stage/spack-stage-hdf5-1.10.7-xexa2gll6hf6okdatgrxiwhcjs2uepc7/spack-src/src/H5Dcontig.c line 1281 in H5D__contig_writevv(): can't perform vectorized sieve buffer write
    major: Dataset
    minor: Can't operate on object
  #006: /scratch/spack_cpu/job_21700923/spack-stage/spack-stage-hdf5-1.10.7-xexa2gll6hf6okdatgrxiwhcjs2uepc7/spack-src/src/H5VM.c line 1464 in H5VM_opvv(): can't perform operation
    major: Internal error (too specific to document in detail)
    minor: Can't operate on object
  #007: /scratch/spack_cpu/job_21700923/spack-stage/spack-stage-hdf5-1.10.7-xexa2gll6hf6okdatgrxiwhcjs2uepc7/spack-src/src/H5Dcontig.c line 1029 in H5D__contig_writevv_sieve_cb(): block write failed
    major: Dataset
    minor: Write failed
  #008: /scratch/spack_cpu/job_21700923/spack-stage/spack-stage-hdf5-1.10.7-xexa2gll6hf6okdatgrxiwhcjs2uepc7/spack-src/src/H5Fio.c line 161 in H5F_block_write(): write through page buffer failed
    major: Low-level I/O
    minor: Write failed
  #009: /scratch/spack_cpu/job_21700923/spack-stage/spack-stage-hdf5-1.10.7-xexa2gll6hf6okdatgrxiwhcjs2uepc7/spack-src/src/H5PB.c line 1032 in H5PB_write(): write through metadata accumulator failed
    major: Page Buffering
    minor: Write failed
  #010: /scratch/spack_cpu/job_21700923/spack-stage/spack-stage-hdf5-1.10.7-xexa2gll6hf6okdatgrxiwhcjs2uepc7/spack-src/src/H5Faccum.c line 824 in H5F__accum_write(): file write failed
    major: Low-level I/O
    minor: Write failed
  #011: /scratch/spack_cpu/job_21700923/spack-stage/spack-stage-hdf5-1.10.7-xexa2gll6hf6okdatgrxiwhcjs2uepc7/spack-src/src/H5FDint.c line 249 in H5FD_write(): driver write request failed
    major: Virtual File Layer
    minor: Write failed
  #012: /scratch/spack_cpu/job_21700923/spack-stage/spack-stage-hdf5-1.10.7-xexa2gll6hf6okdatgrxiwhcjs2uepc7/spack-src/src/H5FDsec2.c line 856 in H5FD__sec2_write(): file write failed: time = Wed Nov 19 08:12:58 2025
, filename = 'checkpoint.h5', file descriptor = 5, errno = 14, error message = 'Bad address', buf = 0x1555537c4000, total write size = 15969552, bytes this sub-write = 15969552, bytes actually written = 18446744073709551615, offset = 0
    major: Low-level I/O
    minor: Write failed
HDF5-DIAG: Error detected in HDF5 (1.10.7) thread 0:
  #000: /scratch/spack_cpu/job_21700923/spack-stage/spack-stage-hdf5-1.10.7-xexa2gll6hf6okdatgrxiwhcjs2uepc7/spack-src/src/H5Dio.c line 335 in H5Dwrite(): can't write data
    major: Dataset
    minor: Write failed
  #001: /scratch/spack_cpu/job_21700923/spack-stage/spack-stage-hdf5-1.10.7-xexa2gll6hf6okdatgrxiwhcjs2uepc7/spack-src/src/H5Dio.c line 813 in H5D__write(): can't write data
    major: Dataset
    minor: Write failed
  #002: /scratch/spack_cpu/job_21700923/spack-stage/spack-stage-hdf5-1.10.7-xexa2gll6hf6okdatgrxiwhcjs2uepc7/spack-src/src/H5Dcontig.c line 659 in H5D__contig_write(): contiguous write failed
    major: Dataset
    minor: Write failed
  #003: /scratch/spack_cpu/job_21700923/spack-stage/spack-stage-hdf5-1.10.7-xexa2gll6hf6okdatgrxiwhcjs2uepc7/spack-src/src/H5Dselect.c line 321 in H5D__select_write(): write error
    major: Dataspace
    minor: Write failed
  #004: /scratch/spack_cpu/job_21700923/spack-stage/spack-stage-hdf5-1.10.7-xexa2gll6hf6okdatgrxiwhcjs2uepc7/spack-src/src/H5Dselect.c line 230 in H5D__select_io(): write error
    major: Dataspace
    minor: Write failed
  #005: /scratch/spack_cpu/job_21700923/spack-stage/spack-stage-hdf5-1.10.7-xexa2gll6hf6okdatgrxiwhcjs2uepc7/spack-src/src/H5Dcontig.c line 1281 in H5D__contig_writevv(): can't perform vectorized sieve buffer write
    major: Dataset
    minor: Can't operate on object
  #006: /scratch/spack_cpu/job_21700923/spack-stage/spack-stage-hdf5-1.10.7-xexa2gll6hf6okdatgrxiwhcjs2uepc7/spack-src/src/H5VM.c line 1464 in H5VM_opvv(): can't perform operation
    major: Internal error (too specific to document in detail)
    minor: Can't operate on object
  #007: /scratch/spack_cpu/job_21700923/spack-stage/spack-stage-hdf5-1.10.7-xexa2gll6hf6okdatgrxiwhcjs2uepc7/spack-src/src/H5Dcontig.c line 1029 in H5D__contig_writevv_sieve_cb(): block write failed
    major: Dataset
    minor: Write failed
  #008: /scratch/spack_cpu/job_21700923/spack-stage/spack-stage-hdf5-1.10.7-xexa2gll6hf6okdatgrxiwhcjs2uepc7/spack-src/src/H5Fio.c line 161 in H5F_block_write(): write through page buffer failed
    major: Low-level I/O
    minor: Write failed
  #009: /scratch/spack_cpu/job_21700923/spack-stage/spack-stage-hdf5-1.10.7-xexa2gll6hf6okdatgrxiwhcjs2uepc7/spack-src/src/H5PB.c line 1032 in H5PB_write(): write through metadata accumulator failed
    major: Page Buffering
    minor: Write failed
  #010: /scratch/spack_cpu/job_21700923/spack-stage/spack-stage-hdf5-1.10.7-xexa2gll6hf6okdatgrxiwhcjs2uepc7/spack-src/src/H5Faccum.c line 824 in H5F__accum_write(): file write failed
    major: Low-level I/O
    minor: Write failed
  #011: /scratch/spack_cpu/job_21700923/spack-stage/spack-stage-hdf5-1.10.7-xexa2gll6hf6okdatgrxiwhcjs2uepc7/spack-src/src/H5FDint.c line 249 in H5FD_write(): driver write request failed
    major: Virtual File Layer
    minor: Write failed
  #012: /scratch/spack_cpu/job_21700923/spack-stage/spack-stage-hdf5-1.10.7-xexa2gll6hf6okdatgrxiwhcjs2uepc7/spack-src/src/H5FDsec2.c line 856 in H5FD__sec2_write(): file write failed: time = Wed Nov 19 08:13:42 2025
, filename = 'checkpoint.h5', file descriptor = 5, errno = 14, error message = 'Bad address', buf = 0x1555537c4000, total write size = 15969552, bytes this sub-write = 15969552, bytes actually written = 18446744073709551615, offset = 0
    major: Low-level I/O
    minor: Write failed
HDF5-DIAG: Error detected in HDF5 (1.10.7) thread 0:
  #000: /scratch/spack_cpu/job_21700923/spack-stage/spack-stage-hdf5-1.10.7-xexa2gll6hf6okdatgrxiwhcjs2uepc7/spack-src/src/H5Dio.c line 335 in H5Dwrite(): can't write data
    major: Dataset
    minor: Write failed
  #001: /scratch/spack_cpu/job_21700923/spack-stage/spack-stage-hdf5-1.10.7-xexa2gll6hf6okdatgrxiwhcjs2uepc7/spack-src/src/H5Dio.c line 813 in H5D__write(): can't write data
    major: Dataset
    minor: Write failed
  #002: /scratch/spack_cpu/job_21700923/spack-stage/spack-stage-hdf5-1.10.7-xexa2gll6hf6okdatgrxiwhcjs2uepc7/spack-src/src/H5Dcontig.c line 659 in H5D__contig_write(): contiguous write failed
    major: Dataset
    minor: Write failed
  #003: /scratch/spack_cpu/job_21700923/spack-stage/spack-stage-hdf5-1.10.7-xexa2gll6hf6okdatgrxiwhcjs2uepc7/spack-src/src/H5Dselect.c line 321 in H5D__select_write(): write error
    major: Dataspace
    minor: Write failed
  #004: /scratch/spack_cpu/job_21700923/spack-stage/spack-stage-hdf5-1.10.7-xexa2gll6hf6okdatgrxiwhcjs2uepc7/spack-src/src/H5Dselect.c line 230 in H5D__select_io(): write error
    major: Dataspace
    minor: Write failed
  #005: /scratch/spack_cpu/job_21700923/spack-stage/spack-stage-hdf5-1.10.7-xexa2gll6hf6okdatgrxiwhcjs2uepc7/spack-src/src/H5Dcontig.c line 1281 in H5D__contig_writevv(): can't perform vectorized sieve buffer write
    major: Dataset
    minor: Can't operate on object
  #006: /scratch/spack_cpu/job_21700923/spack-stage/spack-stage-hdf5-1.10.7-xexa2gll6hf6okdatgrxiwhcjs2uepc7/spack-src/src/H5VM.c line 1464 in H5VM_opvv(): can't perform operation
    major: Internal error (too specific to document in detail)
    minor: Can't operate on object
  #007: /scratch/spack_cpu/job_21700923/spack-stage/spack-stage-hdf5-1.10.7-xexa2gll6hf6okdatgrxiwhcjs2uepc7/spack-src/src/H5Dcontig.c line 1029 in H5D__contig_writevv_sieve_cb(): block write failed
    major: Dataset
    minor: Write failed
  #008: /scratch/spack_cpu/job_21700923/spack-stage/spack-stage-hdf5-1.10.7-xexa2gll6hf6okdatgrxiwhcjs2uepc7/spack-src/src/H5Fio.c line 161 in H5F_block_write(): write through page buffer failed
    major: Low-level I/O
    minor: Write failed
  #009: /scratch/spack_cpu/job_21700923/spack-stage/spack-stage-hdf5-1.10.7-xexa2gll6hf6okdatgrxiwhcjs2uepc7/spack-src/src/H5PB.c line 1032 in H5PB_write(): write through metadata accumulator failed
    major: Page Buffering
    minor: Write failed
  #010: /scratch/spack_cpu/job_21700923/spack-stage/spack-stage-hdf5-1.10.7-xexa2gll6hf6okdatgrxiwhcjs2uepc7/spack-src/src/H5Faccum.c line 824 in H5F__accum_write(): file write failed
    major: Low-level I/O
    minor: Write failed
  #011: /scratch/spack_cpu/job_21700923/spack-stage/spack-stage-hdf5-1.10.7-xexa2gll6hf6okdatgrxiwhcjs2uepc7/spack-src/src/H5FDint.c line 249 in H5FD_write(): driver write request failed
    major: Virtual File Layer
    minor: Write failed
  #012: /scratch/spack_cpu/job_21700923/spack-stage/spack-stage-hdf5-1.10.7-xexa2gll6hf6okdatgrxiwhcjs2uepc7/spack-src/src/H5FDsec2.c line 856 in H5FD__sec2_write(): file write failed: time = Wed Nov 19 08:14:25 2025
, filename = 'checkpoint.h5', file descriptor = 5, errno = 14, error message = 'Bad address', buf = 0x1555537c4000, total write size = 15969552, bytes this sub-write = 15969552, bytes actually written = 18446744073709551615, offset = 0
    major: Low-level I/O
    minor: Write failed
HDF5-DIAG: Error detected in HDF5 (1.10.7) thread 0:
  #000: /scratch/spack_cpu/job_21700923/spack-stage/spack-stage-hdf5-1.10.7-xexa2gll6hf6okdatgrxiwhcjs2uepc7/spack-src/src/H5Dio.c line 335 in H5Dwrite(): can't write data
    major: Dataset
    minor: Write failed
  #001: /scratch/spack_cpu/job_21700923/spack-stage/spack-stage-hdf5-1.10.7-xexa2gll6hf6okdatgrxiwhcjs2uepc7/spack-src/src/H5Dio.c line 813 in H5D__write(): can't write data
    major: Dataset
    minor: Write failed
  #002: /scratch/spack_cpu/job_21700923/spack-stage/spack-stage-hdf5-1.10.7-xexa2gll6hf6okdatgrxiwhcjs2uepc7/spack-src/src/H5Dcontig.c line 659 in H5D__contig_write(): contiguous write failed
    major: Dataset
    minor: Write failed
  #003: /scratch/spack_cpu/job_21700923/spack-stage/spack-stage-hdf5-1.10.7-xexa2gll6hf6okdatgrxiwhcjs2uepc7/spack-src/src/H5Dselect.c line 321 in H5D__select_write(): write error
    major: Dataspace
    minor: Write failed
  #004: /scratch/spack_cpu/job_21700923/spack-stage/spack-stage-hdf5-1.10.7-xexa2gll6hf6okdatgrxiwhcjs2uepc7/spack-src/src/H5Dselect.c line 230 in H5D__select_io(): write error
    major: Dataspace
    minor: Write failed
  #005: /scratch/spack_cpu/job_21700923/spack-stage/spack-stage-hdf5-1.10.7-xexa2gll6hf6okdatgrxiwhcjs2uepc7/spack-src/src/H5Dcontig.c line 1281 in H5D__contig_writevv(): can't perform vectorized sieve buffer write
    major: Dataset
    minor: Can't operate on object
  #006: /scratch/spack_cpu/job_21700923/spack-stage/spack-stage-hdf5-1.10.7-xexa2gll6hf6okdatgrxiwhcjs2uepc7/spack-src/src/H5VM.c line 1464 in H5VM_opvv(): can't perform operation
    major: Internal error (too specific to document in detail)
    minor: Can't operate on object
  #007: /scratch/spack_cpu/job_21700923/spack-stage/spack-stage-hdf5-1.10.7-xexa2gll6hf6okdatgrxiwhcjs2uepc7/spack-src/src/H5Dcontig.c line 1029 in H5D__contig_writevv_sieve_cb(): block write failed
    major: Dataset
    minor: Write failed
  #008: /scratch/spack_cpu/job_21700923/spack-stage/spack-stage-hdf5-1.10.7-xexa2gll6hf6okdatgrxiwhcjs2uepc7/spack-src/src/H5Fio.c line 161 in H5F_block_write(): write through page buffer failed
    major: Low-level I/O
    minor: Write failed
  #009: /scratch/spack_cpu/job_21700923/spack-stage/spack-stage-hdf5-1.10.7-xexa2gll6hf6okdatgrxiwhcjs2uepc7/spack-src/src/H5PB.c line 1032 in H5PB_write(): write through metadata accumulator failed
    major: Page Buffering
    minor: Write failed
  #010: /scratch/spack_cpu/job_21700923/spack-stage/spack-stage-hdf5-1.10.7-xexa2gll6hf6okdatgrxiwhcjs2uepc7/spack-src/src/H5Faccum.c line 824 in H5F__accum_write(): file write failed
    major: Low-level I/O
    minor: Write failed
  #011: /scratch/spack_cpu/job_21700923/spack-stage/spack-stage-hdf5-1.10.7-xexa2gll6hf6okdatgrxiwhcjs2uepc7/spack-src/src/H5FDint.c line 249 in H5FD_write(): driver write request failed
    major: Virtual File Layer
    minor: Write failed
  #012: /scratch/spack_cpu/job_21700923/spack-stage/spack-stage-hdf5-1.10.7-xexa2gll6hf6okdatgrxiwhcjs2uepc7/spack-src/src/H5FDsec2.c line 856 in H5FD__sec2_write(): file write failed: time = Wed Nov 19 08:15:12 2025
, filename = 'checkpoint.h5', file descriptor = 5, errno = 14, error message = 'Bad address', buf = 0x1555537c4000, total write size = 15969552, bytes this sub-write = 15969552, bytes actually written = 18446744073709551615, offset = 0
    major: Low-level I/O
    minor: Write failed
HDF5-DIAG: Error detected in HDF5 (1.10.7) thread 0:
  #000: /scratch/spack_cpu/job_21700923/spack-stage/spack-stage-hdf5-1.10.7-xexa2gll6hf6okdatgrxiwhcjs2uepc7/spack-src/src/H5Dio.c line 335 in H5Dwrite(): can't write data
    major: Dataset
    minor: Write failed
  #001: /scratch/spack_cpu/job_21700923/spack-stage/spack-stage-hdf5-1.10.7-xexa2gll6hf6okdatgrxiwhcjs2uepc7/spack-src/src/H5Dio.c line 813 in H5D__write(): can't write data
    major: Dataset
    minor: Write failed
  #002: /scratch/spack_cpu/job_21700923/spack-stage/spack-stage-hdf5-1.10.7-xexa2gll6hf6okdatgrxiwhcjs2uepc7/spack-src/src/H5Dcontig.c line 659 in H5D__contig_write(): contiguous write failed
    major: Dataset
    minor: Write failed
  #003: /scratch/spack_cpu/job_21700923/spack-stage/spack-stage-hdf5-1.10.7-xexa2gll6hf6okdatgrxiwhcjs2uepc7/spack-src/src/H5Dselect.c line 321 in H5D__select_write(): write error
    major: Dataspace
    minor: Write failed
  #004: /scratch/spack_cpu/job_21700923/spack-stage/spack-stage-hdf5-1.10.7-xexa2gll6hf6okdatgrxiwhcjs2uepc7/spack-src/src/H5Dselect.c line 230 in H5D__select_io(): write error
    major: Dataspace
    minor: Write failed
  #005: /scratch/spack_cpu/job_21700923/spack-stage/spack-stage-hdf5-1.10.7-xexa2gll6hf6okdatgrxiwhcjs2uepc7/spack-src/src/H5Dcontig.c line 1281 in H5D__contig_writevv(): can't perform vectorized sieve buffer write
    major: Dataset
    minor: Can't operate on object
  #006: /scratch/spack_cpu/job_21700923/spack-stage/spack-stage-hdf5-1.10.7-xexa2gll6hf6okdatgrxiwhcjs2uepc7/spack-src/src/H5VM.c line 1464 in H5VM_opvv(): can't perform operation
    major: Internal error (too specific to document in detail)
    minor: Can't operate on object
  #007: /scratch/spack_cpu/job_21700923/spack-stage/spack-stage-hdf5-1.10.7-xexa2gll6hf6okdatgrxiwhcjs2uepc7/spack-src/src/H5Dcontig.c line 1029 in H5D__contig_writevv_sieve_cb(): block write failed
    major: Dataset
    minor: Write failed
  #008: /scratch/spack_cpu/job_21700923/spack-stage/spack-stage-hdf5-1.10.7-xexa2gll6hf6okdatgrxiwhcjs2uepc7/spack-src/src/H5Fio.c line 161 in H5F_block_write(): write through page buffer failed
    major: Low-level I/O
    minor: Write failed
  #009: /scratch/spack_cpu/job_21700923/spack-stage/spack-stage-hdf5-1.10.7-xexa2gll6hf6okdatgrxiwhcjs2uepc7/spack-src/src/H5PB.c line 1032 in H5PB_write(): write through metadata accumulator failed
    major: Page Buffering
    minor: Write failed
  #010: /scratch/spack_cpu/job_21700923/spack-stage/spack-stage-hdf5-1.10.7-xexa2gll6hf6okdatgrxiwhcjs2uepc7/spack-src/src/H5Faccum.c line 824 in H5F__accum_write(): file write failed
    major: Low-level I/O
    minor: Write failed
  #011: /scratch/spack_cpu/job_21700923/spack-stage/spack-stage-hdf5-1.10.7-xexa2gll6hf6okdatgrxiwhcjs2uepc7/spack-src/src/H5FDint.c line 249 in H5FD_write(): driver write request failed
    major: Virtual File Layer
    minor: Write failed
  #012: /scratch/spack_cpu/job_21700923/spack-stage/spack-stage-hdf5-1.10.7-xexa2gll6hf6okdatgrxiwhcjs2uepc7/spack-src/src/H5FDsec2.c line 856 in H5FD__sec2_write(): file write failed: time = Wed Nov 19 08:15:57 2025
, filename = 'checkpoint.h5', file descriptor = 5, errno = 14, error message = 'Bad address', buf = 0x1555537c4000, total write size = 15969552, bytes this sub-write = 15969552, bytes actually written = 18446744073709551615, offset = 0
    major: Low-level I/O
    minor: Write failed
HDF5-DIAG: Error detected in HDF5 (1.10.7) thread 0:
  #000: /scratch/spack_cpu/job_21700923/spack-stage/spack-stage-hdf5-1.10.7-xexa2gll6hf6okdatgrxiwhcjs2uepc7/spack-src/src/H5Dio.c line 335 in H5Dwrite(): can't write data
    major: Dataset
    minor: Write failed
  #001: /scratch/spack_cpu/job_21700923/spack-stage/spack-stage-hdf5-1.10.7-xexa2gll6hf6okdatgrxiwhcjs2uepc7/spack-src/src/H5Dio.c line 813 in H5D__write(): can't write data
    major: Dataset
    minor: Write failed
  #002: /scratch/spack_cpu/job_21700923/spack-stage/spack-stage-hdf5-1.10.7-xexa2gll6hf6okdatgrxiwhcjs2uepc7/spack-src/src/H5Dcontig.c line 659 in H5D__contig_write(): contiguous write failed
    major: Dataset
    minor: Write failed
  #003: /scratch/spack_cpu/job_21700923/spack-stage/spack-stage-hdf5-1.10.7-xexa2gll6hf6okdatgrxiwhcjs2uepc7/spack-src/src/H5Dselect.c line 321 in H5D__select_write(): write error
    major: Dataspace
    minor: Write failed
  #004: /scratch/spack_cpu/job_21700923/spack-stage/spack-stage-hdf5-1.10.7-xexa2gll6hf6okdatgrxiwhcjs2uepc7/spack-src/src/H5Dselect.c line 230 in H5D__select_io(): write error
    major: Dataspace
    minor: Write failed
  #005: /scratch/spack_cpu/job_21700923/spack-stage/spack-stage-hdf5-1.10.7-xexa2gll6hf6okdatgrxiwhcjs2uepc7/spack-src/src/H5Dcontig.c line 1281 in H5D__contig_writevv(): can't perform vectorized sieve buffer write
    major: Dataset
    minor: Can't operate on object
  #006: /scratch/spack_cpu/job_21700923/spack-stage/spack-stage-hdf5-1.10.7-xexa2gll6hf6okdatgrxiwhcjs2uepc7/spack-src/src/H5VM.c line 1464 in H5VM_opvv(): can't perform operation
    major: Internal error (too specific to document in detail)
    minor: Can't operate on object
  #007: /scratch/spack_cpu/job_21700923/spack-stage/spack-stage-hdf5-1.10.7-xexa2gll6hf6okdatgrxiwhcjs2uepc7/spack-src/src/H5Dcontig.c line 1029 in H5D__contig_writevv_sieve_cb(): block write failed
    major: Dataset
    minor: Write failed
  #008: /scratch/spack_cpu/job_21700923/spack-stage/spack-stage-hdf5-1.10.7-xexa2gll6hf6okdatgrxiwhcjs2uepc7/spack-src/src/H5Fio.c line 161 in H5F_block_write(): write through page buffer failed
    major: Low-level I/O
    minor: Write failed
  #009: /scratch/spack_cpu/job_21700923/spack-stage/spack-stage-hdf5-1.10.7-xexa2gll6hf6okdatgrxiwhcjs2uepc7/spack-src/src/H5PB.c line 1032 in H5PB_write(): write through metadata accumulator failed
    major: Page Buffering
    minor: Write failed
  #010: /scratch/spack_cpu/job_21700923/spack-stage/spack-stage-hdf5-1.10.7-xexa2gll6hf6okdatgrxiwhcjs2uepc7/spack-src/src/H5Faccum.c line 824 in H5F__accum_write(): file write failed
    major: Low-level I/O
    minor: Write failed
  #011: /scratch/spack_cpu/job_21700923/spack-stage/spack-stage-hdf5-1.10.7-xexa2gll6hf6okdatgrxiwhcjs2uepc7/spack-src/src/H5FDint.c line 249 in H5FD_write(): driver write request failed
    major: Virtual File Layer
    minor: Write failed
  #012: /scratch/spack_cpu/job_21700923/spack-stage/spack-stage-hdf5-1.10.7-xexa2gll6hf6okdatgrxiwhcjs2uepc7/spack-src/src/H5FDsec2.c line 856 in H5FD__sec2_write(): file write failed: time = Wed Nov 19 08:16:41 2025
, filename = 'checkpoint.h5', file descriptor = 5, errno = 14, error message = 'Bad address', buf = 0x1555537c4000, total write size = 15969552, bytes this sub-write = 15969552, bytes actually written = 18446744073709551615, offset = 0
    major: Low-level I/O
    minor: Write failed
HDF5-DIAG: Error detected in HDF5 (1.10.7) thread 0:
  #000: /scratch/spack_cpu/job_21700923/spack-stage/spack-stage-hdf5-1.10.7-xexa2gll6hf6okdatgrxiwhcjs2uepc7/spack-src/src/H5Dio.c line 335 in H5Dwrite(): can't write data
    major: Dataset
    minor: Write failed
  #001: /scratch/spack_cpu/job_21700923/spack-stage/spack-stage-hdf5-1.10.7-xexa2gll6hf6okdatgrxiwhcjs2uepc7/spack-src/src/H5Dio.c line 813 in H5D__write(): can't write data
    major: Dataset
    minor: Write failed
  #002: /scratch/spack_cpu/job_21700923/spack-stage/spack-stage-hdf5-1.10.7-xexa2gll6hf6okdatgrxiwhcjs2uepc7/spack-src/src/H5Dcontig.c line 659 in H5D__contig_write(): contiguous write failed
    major: Dataset
    minor: Write failed
  #003: /scratch/spack_cpu/job_21700923/spack-stage/spack-stage-hdf5-1.10.7-xexa2gll6hf6okdatgrxiwhcjs2uepc7/spack-src/src/H5Dselect.c line 321 in H5D__select_write(): write error
    major: Dataspace
    minor: Write failed
  #004: /scratch/spack_cpu/job_21700923/spack-stage/spack-stage-hdf5-1.10.7-xexa2gll6hf6okdatgrxiwhcjs2uepc7/spack-src/src/H5Dselect.c line 230 in H5D__select_io(): write error
    major: Dataspace
    minor: Write failed
  #005: /scratch/spack_cpu/job_21700923/spack-stage/spack-stage-hdf5-1.10.7-xexa2gll6hf6okdatgrxiwhcjs2uepc7/spack-src/src/H5Dcontig.c line 1281 in H5D__contig_writevv(): can't perform vectorized sieve buffer write
    major: Dataset
    minor: Can't operate on object
  #006: /scratch/spack_cpu/job_21700923/spack-stage/spack-stage-hdf5-1.10.7-xexa2gll6hf6okdatgrxiwhcjs2uepc7/spack-src/src/H5VM.c line 1464 in H5VM_opvv(): can't perform operation
    major: Internal error (too specific to document in detail)
    minor: Can't operate on object
  #007: /scratch/spack_cpu/job_21700923/spack-stage/spack-stage-hdf5-1.10.7-xexa2gll6hf6okdatgrxiwhcjs2uepc7/spack-src/src/H5Dcontig.c line 1029 in H5D__contig_writevv_sieve_cb(): block write failed
    major: Dataset
    minor: Write failed
  #008: /scratch/spack_cpu/job_21700923/spack-stage/spack-stage-hdf5-1.10.7-xexa2gll6hf6okdatgrxiwhcjs2uepc7/spack-src/src/H5Fio.c line 161 in H5F_block_write(): write through page buffer failed
    major: Low-level I/O
    minor: Write failed
  #009: /scratch/spack_cpu/job_21700923/spack-stage/spack-stage-hdf5-1.10.7-xexa2gll6hf6okdatgrxiwhcjs2uepc7/spack-src/src/H5PB.c line 1032 in H5PB_write(): write through metadata accumulator failed
    major: Page Buffering
    minor: Write failed
  #010: /scratch/spack_cpu/job_21700923/spack-stage/spack-stage-hdf5-1.10.7-xexa2gll6hf6okdatgrxiwhcjs2uepc7/spack-src/src/H5Faccum.c line 824 in H5F__accum_write(): file write failed
    major: Low-level I/O
    minor: Write failed
  #011: /scratch/spack_cpu/job_21700923/spack-stage/spack-stage-hdf5-1.10.7-xexa2gll6hf6okdatgrxiwhcjs2uepc7/spack-src/src/H5FDint.c line 249 in H5FD_write(): driver write request failed
    major: Virtual File Layer
    minor: Write failed
  #012: /scratch/spack_cpu/job_21700923/spack-stage/spack-stage-hdf5-1.10.7-xexa2gll6hf6okdatgrxiwhcjs2uepc7/spack-src/src/H5FDsec2.c line 856 in H5FD__sec2_write(): file write failed: time = Wed Nov 19 08:17:24 2025
, filename = 'checkpoint.h5', file descriptor = 5, errno = 14, error message = 'Bad address', buf = 0x1555537c4000, total write size = 15969552, bytes this sub-write = 15969552, bytes actually written = 18446744073709551615, offset = 0
    major: Low-level I/O
    minor: Write failed
HDF5-DIAG: Error detected in HDF5 (1.10.7) thread 0:
  #000: /scratch/spack_cpu/job_21700923/spack-stage/spack-stage-hdf5-1.10.7-xexa2gll6hf6okdatgrxiwhcjs2uepc7/spack-src/src/H5Dio.c line 335 in H5Dwrite(): can't write data
    major: Dataset
    minor: Write failed
  #001: /scratch/spack_cpu/job_21700923/spack-stage/spack-stage-hdf5-1.10.7-xexa2gll6hf6okdatgrxiwhcjs2uepc7/spack-src/src/H5Dio.c line 813 in H5D__write(): can't write data
    major: Dataset
    minor: Write failed
  #002: /scratch/spack_cpu/job_21700923/spack-stage/spack-stage-hdf5-1.10.7-xexa2gll6hf6okdatgrxiwhcjs2uepc7/spack-src/src/H5Dcontig.c line 659 in H5D__contig_write(): contiguous write failed
    major: Dataset
    minor: Write failed
  #003: /scratch/spack_cpu/job_21700923/spack-stage/spack-stage-hdf5-1.10.7-xexa2gll6hf6okdatgrxiwhcjs2uepc7/spack-src/src/H5Dselect.c line 321 in H5D__select_write(): write error
    major: Dataspace
    minor: Write failed
  #004: /scratch/spack_cpu/job_21700923/spack-stage/spack-stage-hdf5-1.10.7-xexa2gll6hf6okdatgrxiwhcjs2uepc7/spack-src/src/H5Dselect.c line 230 in H5D__select_io(): write error
    major: Dataspace
    minor: Write failed
  #005: /scratch/spack_cpu/job_21700923/spack-stage/spack-stage-hdf5-1.10.7-xexa2gll6hf6okdatgrxiwhcjs2uepc7/spack-src/src/H5Dcontig.c line 1281 in H5D__contig_writevv(): can't perform vectorized sieve buffer write
    major: Dataset
    minor: Can't operate on object
  #006: /scratch/spack_cpu/job_21700923/spack-stage/spack-stage-hdf5-1.10.7-xexa2gll6hf6okdatgrxiwhcjs2uepc7/spack-src/src/H5VM.c line 1464 in H5VM_opvv(): can't perform operation
    major: Internal error (too specific to document in detail)
    minor: Can't operate on object
  #007: /scratch/spack_cpu/job_21700923/spack-stage/spack-stage-hdf5-1.10.7-xexa2gll6hf6okdatgrxiwhcjs2uepc7/spack-src/src/H5Dcontig.c line 1029 in H5D__contig_writevv_sieve_cb(): block write failed
    major: Dataset
    minor: Write failed
  #008: /scratch/spack_cpu/job_21700923/spack-stage/spack-stage-hdf5-1.10.7-xexa2gll6hf6okdatgrxiwhcjs2uepc7/spack-src/src/H5Fio.c line 161 in H5F_block_write(): write through page buffer failed
    major: Low-level I/O
    minor: Write failed
  #009: /scratch/spack_cpu/job_21700923/spack-stage/spack-stage-hdf5-1.10.7-xexa2gll6hf6okdatgrxiwhcjs2uepc7/spack-src/src/H5PB.c line 1032 in H5PB_write(): write through metadata accumulator failed
    major: Page Buffering
    minor: Write failed
  #010: /scratch/spack_cpu/job_21700923/spack-stage/spack-stage-hdf5-1.10.7-xexa2gll6hf6okdatgrxiwhcjs2uepc7/spack-src/src/H5Faccum.c line 824 in H5F__accum_write(): file write failed
    major: Low-level I/O
    minor: Write failed
  #011: /scratch/spack_cpu/job_21700923/spack-stage/spack-stage-hdf5-1.10.7-xexa2gll6hf6okdatgrxiwhcjs2uepc7/spack-src/src/H5FDint.c line 249 in H5FD_write(): driver write request failed
    major: Virtual File Layer
    minor: Write failed
  #012: /scratch/spack_cpu/job_21700923/spack-stage/spack-stage-hdf5-1.10.7-xexa2gll6hf6okdatgrxiwhcjs2uepc7/spack-src/src/H5FDsec2.c line 856 in H5FD__sec2_write(): file write failed: time = Wed Nov 19 08:18:08 2025
, filename = 'checkpoint.h5', file descriptor = 5, errno = 14, error message = 'Bad address', buf = 0x1555537c4000, total write size = 15969552, bytes this sub-write = 15969552, bytes actually written = 18446744073709551615, offset = 0
    major: Low-level I/O
    minor: Write failed
HDF5-DIAG: Error detected in HDF5 (1.10.7) thread 0:
  #000: /scratch/spack_cpu/job_21700923/spack-stage/spack-stage-hdf5-1.10.7-xexa2gll6hf6okdatgrxiwhcjs2uepc7/spack-src/src/H5Dio.c line 335 in H5Dwrite(): can't write data
    major: Dataset
    minor: Write failed
  #001: /scratch/spack_cpu/job_21700923/spack-stage/spack-stage-hdf5-1.10.7-xexa2gll6hf6okdatgrxiwhcjs2uepc7/spack-src/src/H5Dio.c line 813 in H5D__write(): can't write data
    major: Dataset
    minor: Write failed
  #002: /scratch/spack_cpu/job_21700923/spack-stage/spack-stage-hdf5-1.10.7-xexa2gll6hf6okdatgrxiwhcjs2uepc7/spack-src/src/H5Dcontig.c line 659 in H5D__contig_write(): contiguous write failed
    major: Dataset
    minor: Write failed
  #003: /scratch/spack_cpu/job_21700923/spack-stage/spack-stage-hdf5-1.10.7-xexa2gll6hf6okdatgrxiwhcjs2uepc7/spack-src/src/H5Dselect.c line 321 in H5D__select_write(): write error
    major: Dataspace
    minor: Write failed
  #004: /scratch/spack_cpu/job_21700923/spack-stage/spack-stage-hdf5-1.10.7-xexa2gll6hf6okdatgrxiwhcjs2uepc7/spack-src/src/H5Dselect.c line 230 in H5D__select_io(): write error
    major: Dataspace
    minor: Write failed
  #005: /scratch/spack_cpu/job_21700923/spack-stage/spack-stage-hdf5-1.10.7-xexa2gll6hf6okdatgrxiwhcjs2uepc7/spack-src/src/H5Dcontig.c line 1281 in H5D__contig_writevv(): can't perform vectorized sieve buffer write
    major: Dataset
    minor: Can't operate on object
  #006: /scratch/spack_cpu/job_21700923/spack-stage/spack-stage-hdf5-1.10.7-xexa2gll6hf6okdatgrxiwhcjs2uepc7/spack-src/src/H5VM.c line 1464 in H5VM_opvv(): can't perform operation
    major: Internal error (too specific to document in detail)
    minor: Can't operate on object
  #007: /scratch/spack_cpu/job_21700923/spack-stage/spack-stage-hdf5-1.10.7-xexa2gll6hf6okdatgrxiwhcjs2uepc7/spack-src/src/H5Dcontig.c line 1029 in H5D__contig_writevv_sieve_cb(): block write failed
    major: Dataset
    minor: Write failed
  #008: /scratch/spack_cpu/job_21700923/spack-stage/spack-stage-hdf5-1.10.7-xexa2gll6hf6okdatgrxiwhcjs2uepc7/spack-src/src/H5Fio.c line 161 in H5F_block_write(): write through page buffer failed
    major: Low-level I/O
    minor: Write failed
  #009: /scratch/spack_cpu/job_21700923/spack-stage/spack-stage-hdf5-1.10.7-xexa2gll6hf6okdatgrxiwhcjs2uepc7/spack-src/src/H5PB.c line 1032 in H5PB_write(): write through metadata accumulator failed
    major: Page Buffering
    minor: Write failed
  #010: /scratch/spack_cpu/job_21700923/spack-stage/spack-stage-hdf5-1.10.7-xexa2gll6hf6okdatgrxiwhcjs2uepc7/spack-src/src/H5Faccum.c line 824 in H5F__accum_write(): file write failed
    major: Low-level I/O
    minor: Write failed
  #011: /scratch/spack_cpu/job_21700923/spack-stage/spack-stage-hdf5-1.10.7-xexa2gll6hf6okdatgrxiwhcjs2uepc7/spack-src/src/H5FDint.c line 249 in H5FD_write(): driver write request failed
    major: Virtual File Layer
    minor: Write failed
  #012: /scratch/spack_cpu/job_21700923/spack-stage/spack-stage-hdf5-1.10.7-xexa2gll6hf6okdatgrxiwhcjs2uepc7/spack-src/src/H5FDsec2.c line 856 in H5FD__sec2_write(): file write failed: time = Wed Nov 19 08:18:52 2025
, filename = 'checkpoint.h5', file descriptor = 5, errno = 14, error message = 'Bad address', buf = 0x1555537c4000, total write size = 15969552, bytes this sub-write = 15969552, bytes actually written = 18446744073709551615, offset = 0
    major: Low-level I/O
    minor: Write failed
HDF5-DIAG: Error detected in HDF5 (1.10.7) thread 0:
  #000: /scratch/spack_cpu/job_21700923/spack-stage/spack-stage-hdf5-1.10.7-xexa2gll6hf6okdatgrxiwhcjs2uepc7/spack-src/src/H5Dio.c line 335 in H5Dwrite(): can't write data
    major: Dataset
    minor: Write failed
  #001: /scratch/spack_cpu/job_21700923/spack-stage/spack-stage-hdf5-1.10.7-xexa2gll6hf6okdatgrxiwhcjs2uepc7/spack-src/src/H5Dio.c line 813 in H5D__write(): can't write data
    major: Dataset
    minor: Write failed
  #002: /scratch/spack_cpu/job_21700923/spack-stage/spack-stage-hdf5-1.10.7-xexa2gll6hf6okdatgrxiwhcjs2uepc7/spack-src/src/H5Dcontig.c line 659 in H5D__contig_write(): contiguous write failed
    major: Dataset
    minor: Write failed
  #003: /scratch/spack_cpu/job_21700923/spack-stage/spack-stage-hdf5-1.10.7-xexa2gll6hf6okdatgrxiwhcjs2uepc7/spack-src/src/H5Dselect.c line 321 in H5D__select_write(): write error
    major: Dataspace
    minor: Write failed
  #004: /scratch/spack_cpu/job_21700923/spack-stage/spack-stage-hdf5-1.10.7-xexa2gll6hf6okdatgrxiwhcjs2uepc7/spack-src/src/H5Dselect.c line 230 in H5D__select_io(): write error
    major: Dataspace
    minor: Write failed
  #005: /scratch/spack_cpu/job_21700923/spack-stage/spack-stage-hdf5-1.10.7-xexa2gll6hf6okdatgrxiwhcjs2uepc7/spack-src/src/H5Dcontig.c line 1281 in H5D__contig_writevv(): can't perform vectorized sieve buffer write
    major: Dataset
    minor: Can't operate on object
  #006: /scratch/spack_cpu/job_21700923/spack-stage/spack-stage-hdf5-1.10.7-xexa2gll6hf6okdatgrxiwhcjs2uepc7/spack-src/src/H5VM.c line 1464 in H5VM_opvv(): can't perform operation
    major: Internal error (too specific to document in detail)
    minor: Can't operate on object
  #007: /scratch/spack_cpu/job_21700923/spack-stage/spack-stage-hdf5-1.10.7-xexa2gll6hf6okdatgrxiwhcjs2uepc7/spack-src/src/H5Dcontig.c line 1029 in H5D__contig_writevv_sieve_cb(): block write failed
    major: Dataset
    minor: Write failed
  #008: /scratch/spack_cpu/job_21700923/spack-stage/spack-stage-hdf5-1.10.7-xexa2gll6hf6okdatgrxiwhcjs2uepc7/spack-src/src/H5Fio.c line 161 in H5F_block_write(): write through page buffer failed
    major: Low-level I/O
    minor: Write failed
  #009: /scratch/spack_cpu/job_21700923/spack-stage/spack-stage-hdf5-1.10.7-xexa2gll6hf6okdatgrxiwhcjs2uepc7/spack-src/src/H5PB.c line 1032 in H5PB_write(): write through metadata accumulator failed
    major: Page Buffering
    minor: Write failed
  #010: /scratch/spack_cpu/job_21700923/spack-stage/spack-stage-hdf5-1.10.7-xexa2gll6hf6okdatgrxiwhcjs2uepc7/spack-src/src/H5Faccum.c line 824 in H5F__accum_write(): file write failed
    major: Low-level I/O
    minor: Write failed
  #011: /scratch/spack_cpu/job_21700923/spack-stage/spack-stage-hdf5-1.10.7-xexa2gll6hf6okdatgrxiwhcjs2uepc7/spack-src/src/H5FDint.c line 249 in H5FD_write(): driver write request failed
    major: Virtual File Layer
    minor: Write failed
  #012: /scratch/spack_cpu/job_21700923/spack-stage/spack-stage-hdf5-1.10.7-xexa2gll6hf6okdatgrxiwhcjs2uepc7/spack-src/src/H5FDsec2.c line 856 in H5FD__sec2_write(): file write failed: time = Wed Nov 19 08:19:36 2025
, filename = 'checkpoint.h5', file descriptor = 5, errno = 14, error message = 'Bad address', buf = 0x1555537c4000, total write size = 15969552, bytes this sub-write = 15969552, bytes actually written = 18446744073709551615, offset = 0
    major: Low-level I/O
    minor: Write failed
HDF5-DIAG: Error detected in HDF5 (1.10.7) thread 0:
  #000: /scratch/spack_cpu/job_21700923/spack-stage/spack-stage-hdf5-1.10.7-xexa2gll6hf6okdatgrxiwhcjs2uepc7/spack-src/src/H5Dio.c line 335 in H5Dwrite(): can't write data
    major: Dataset
    minor: Write failed
  #001: /scratch/spack_cpu/job_21700923/spack-stage/spack-stage-hdf5-1.10.7-xexa2gll6hf6okdatgrxiwhcjs2uepc7/spack-src/src/H5Dio.c line 813 in H5D__write(): can't write data
    major: Dataset
    minor: Write failed
  #002: /scratch/spack_cpu/job_21700923/spack-stage/spack-stage-hdf5-1.10.7-xexa2gll6hf6okdatgrxiwhcjs2uepc7/spack-src/src/H5Dcontig.c line 659 in H5D__contig_write(): contiguous write failed
    major: Dataset
    minor: Write failed
  #003: /scratch/spack_cpu/job_21700923/spack-stage/spack-stage-hdf5-1.10.7-xexa2gll6hf6okdatgrxiwhcjs2uepc7/spack-src/src/H5Dselect.c line 321 in H5D__select_write(): write error
    major: Dataspace
    minor: Write failed
  #004: /scratch/spack_cpu/job_21700923/spack-stage/spack-stage-hdf5-1.10.7-xexa2gll6hf6okdatgrxiwhcjs2uepc7/spack-src/src/H5Dselect.c line 230 in H5D__select_io(): write error
    major: Dataspace
    minor: Write failed
  #005: /scratch/spack_cpu/job_21700923/spack-stage/spack-stage-hdf5-1.10.7-xexa2gll6hf6okdatgrxiwhcjs2uepc7/spack-src/src/H5Dcontig.c line 1281 in H5D__contig_writevv(): can't perform vectorized sieve buffer write
    major: Dataset
    minor: Can't operate on object
  #006: /scratch/spack_cpu/job_21700923/spack-stage/spack-stage-hdf5-1.10.7-xexa2gll6hf6okdatgrxiwhcjs2uepc7/spack-src/src/H5VM.c line 1464 in H5VM_opvv(): can't perform operation
    major: Internal error (too specific to document in detail)
    minor: Can't operate on object
  #007: /scratch/spack_cpu/job_21700923/spack-stage/spack-stage-hdf5-1.10.7-xexa2gll6hf6okdatgrxiwhcjs2uepc7/spack-src/src/H5Dcontig.c line 1029 in H5D__contig_writevv_sieve_cb(): block write failed
    major: Dataset
    minor: Write failed
  #008: /scratch/spack_cpu/job_21700923/spack-stage/spack-stage-hdf5-1.10.7-xexa2gll6hf6okdatgrxiwhcjs2uepc7/spack-src/src/H5Fio.c line 161 in H5F_block_write(): write through page buffer failed
    major: Low-level I/O
    minor: Write failed
  #009: /scratch/spack_cpu/job_21700923/spack-stage/spack-stage-hdf5-1.10.7-xexa2gll6hf6okdatgrxiwhcjs2uepc7/spack-src/src/H5PB.c line 1032 in H5PB_write(): write through metadata accumulator failed
    major: Page Buffering
    minor: Write failed
  #010: /scratch/spack_cpu/job_21700923/spack-stage/spack-stage-hdf5-1.10.7-xexa2gll6hf6okdatgrxiwhcjs2uepc7/spack-src/src/H5Faccum.c line 824 in H5F__accum_write(): file write failed
    major: Low-level I/O
    minor: Write failed
  #011: /scratch/spack_cpu/job_21700923/spack-stage/spack-stage-hdf5-1.10.7-xexa2gll6hf6okdatgrxiwhcjs2uepc7/spack-src/src/H5FDint.c line 249 in H5FD_write(): driver write request failed
    major: Virtual File Layer
    minor: Write failed
  #012: /scratch/spack_cpu/job_21700923/spack-stage/spack-stage-hdf5-1.10.7-xexa2gll6hf6okdatgrxiwhcjs2uepc7/spack-src/src/H5FDsec2.c line 856 in H5FD__sec2_write(): file write failed: time = Wed Nov 19 08:20:19 2025
, filename = 'checkpoint.h5', file descriptor = 5, errno = 14, error message = 'Bad address', buf = 0x1555537c4000, total write size = 15969552, bytes this sub-write = 15969552, bytes actually written = 18446744073709551615, offset = 0
    major: Low-level I/O
    minor: Write failed
HDF5-DIAG: Error detected in HDF5 (1.10.7) thread 0:
  #000: /scratch/spack_cpu/job_21700923/spack-stage/spack-stage-hdf5-1.10.7-xexa2gll6hf6okdatgrxiwhcjs2uepc7/spack-src/src/H5Dio.c line 335 in H5Dwrite(): can't write data
    major: Dataset
    minor: Write failed
  #001: /scratch/spack_cpu/job_21700923/spack-stage/spack-stage-hdf5-1.10.7-xexa2gll6hf6okdatgrxiwhcjs2uepc7/spack-src/src/H5Dio.c line 813 in H5D__write(): can't write data
    major: Dataset
    minor: Write failed
  #002: /scratch/spack_cpu/job_21700923/spack-stage/spack-stage-hdf5-1.10.7-xexa2gll6hf6okdatgrxiwhcjs2uepc7/spack-src/src/H5Dcontig.c line 659 in H5D__contig_write(): contiguous write failed
    major: Dataset
    minor: Write failed
  #003: /scratch/spack_cpu/job_21700923/spack-stage/spack-stage-hdf5-1.10.7-xexa2gll6hf6okdatgrxiwhcjs2uepc7/spack-src/src/H5Dselect.c line 321 in H5D__select_write(): write error
    major: Dataspace
    minor: Write failed
  #004: /scratch/spack_cpu/job_21700923/spack-stage/spack-stage-hdf5-1.10.7-xexa2gll6hf6okdatgrxiwhcjs2uepc7/spack-src/src/H5Dselect.c line 230 in H5D__select_io(): write error
    major: Dataspace
    minor: Write failed
  #005: /scratch/spack_cpu/job_21700923/spack-stage/spack-stage-hdf5-1.10.7-xexa2gll6hf6okdatgrxiwhcjs2uepc7/spack-src/src/H5Dcontig.c line 1281 in H5D__contig_writevv(): can't perform vectorized sieve buffer write
    major: Dataset
    minor: Can't operate on object
  #006: /scratch/spack_cpu/job_21700923/spack-stage/spack-stage-hdf5-1.10.7-xexa2gll6hf6okdatgrxiwhcjs2uepc7/spack-src/src/H5VM.c line 1464 in H5VM_opvv(): can't perform operation
    major: Internal error (too specific to document in detail)
    minor: Can't operate on object
  #007: /scratch/spack_cpu/job_21700923/spack-stage/spack-stage-hdf5-1.10.7-xexa2gll6hf6okdatgrxiwhcjs2uepc7/spack-src/src/H5Dcontig.c line 1029 in H5D__contig_writevv_sieve_cb(): block write failed
    major: Dataset
    minor: Write failed
  #008: /scratch/spack_cpu/job_21700923/spack-stage/spack-stage-hdf5-1.10.7-xexa2gll6hf6okdatgrxiwhcjs2uepc7/spack-src/src/H5Fio.c line 161 in H5F_block_write(): write through page buffer failed
    major: Low-level I/O
    minor: Write failed
  #009: /scratch/spack_cpu/job_21700923/spack-stage/spack-stage-hdf5-1.10.7-xexa2gll6hf6okdatgrxiwhcjs2uepc7/spack-src/src/H5PB.c line 1032 in H5PB_write(): write through metadata accumulator failed
    major: Page Buffering
    minor: Write failed
  #010: /scratch/spack_cpu/job_21700923/spack-stage/spack-stage-hdf5-1.10.7-xexa2gll6hf6okdatgrxiwhcjs2uepc7/spack-src/src/H5Faccum.c line 824 in H5F__accum_write(): file write failed
    major: Low-level I/O
    minor: Write failed
  #011: /scratch/spack_cpu/job_21700923/spack-stage/spack-stage-hdf5-1.10.7-xexa2gll6hf6okdatgrxiwhcjs2uepc7/spack-src/src/H5FDint.c line 249 in H5FD_write(): driver write request failed
    major: Virtual File Layer
    minor: Write failed
  #012: /scratch/spack_cpu/job_21700923/spack-stage/spack-stage-hdf5-1.10.7-xexa2gll6hf6okdatgrxiwhcjs2uepc7/spack-src/src/H5FDsec2.c line 856 in H5FD__sec2_write(): file write failed: time = Wed Nov 19 08:21:02 2025
, filename = 'checkpoint.h5', file descriptor = 5, errno = 14, error message = 'Bad address', buf = 0x1555537c4000, total write size = 15969552, bytes this sub-write = 15969552, bytes actually written = 18446744073709551615, offset = 0
    major: Low-level I/O
    minor: Write failed
HDF5-DIAG: Error detected in HDF5 (1.10.7) thread 0:
  #000: /scratch/spack_cpu/job_21700923/spack-stage/spack-stage-hdf5-1.10.7-xexa2gll6hf6okdatgrxiwhcjs2uepc7/spack-src/src/H5Dio.c line 335 in H5Dwrite(): can't write data
    major: Dataset
    minor: Write failed
  #001: /scratch/spack_cpu/job_21700923/spack-stage/spack-stage-hdf5-1.10.7-xexa2gll6hf6okdatgrxiwhcjs2uepc7/spack-src/src/H5Dio.c line 813 in H5D__write(): can't write data
    major: Dataset
    minor: Write failed
  #002: /scratch/spack_cpu/job_21700923/spack-stage/spack-stage-hdf5-1.10.7-xexa2gll6hf6okdatgrxiwhcjs2uepc7/spack-src/src/H5Dcontig.c line 659 in H5D__contig_write(): contiguous write failed
    major: Dataset
    minor: Write failed
  #003: /scratch/spack_cpu/job_21700923/spack-stage/spack-stage-hdf5-1.10.7-xexa2gll6hf6okdatgrxiwhcjs2uepc7/spack-src/src/H5Dselect.c line 321 in H5D__select_write(): write error
    major: Dataspace
    minor: Write failed
  #004: /scratch/spack_cpu/job_21700923/spack-stage/spack-stage-hdf5-1.10.7-xexa2gll6hf6okdatgrxiwhcjs2uepc7/spack-src/src/H5Dselect.c line 230 in H5D__select_io(): write error
    major: Dataspace
    minor: Write failed
  #005: /scratch/spack_cpu/job_21700923/spack-stage/spack-stage-hdf5-1.10.7-xexa2gll6hf6okdatgrxiwhcjs2uepc7/spack-src/src/H5Dcontig.c line 1281 in H5D__contig_writevv(): can't perform vectorized sieve buffer write
    major: Dataset
    minor: Can't operate on object
  #006: /scratch/spack_cpu/job_21700923/spack-stage/spack-stage-hdf5-1.10.7-xexa2gll6hf6okdatgrxiwhcjs2uepc7/spack-src/src/H5VM.c line 1464 in H5VM_opvv(): can't perform operation
    major: Internal error (too specific to document in detail)
    minor: Can't operate on object
  #007: /scratch/spack_cpu/job_21700923/spack-stage/spack-stage-hdf5-1.10.7-xexa2gll6hf6okdatgrxiwhcjs2uepc7/spack-src/src/H5Dcontig.c line 1029 in H5D__contig_writevv_sieve_cb(): block write failed
    major: Dataset
    minor: Write failed
  #008: /scratch/spack_cpu/job_21700923/spack-stage/spack-stage-hdf5-1.10.7-xexa2gll6hf6okdatgrxiwhcjs2uepc7/spack-src/src/H5Fio.c line 161 in H5F_block_write(): write through page buffer failed
    major: Low-level I/O
    minor: Write failed
  #009: /scratch/spack_cpu/job_21700923/spack-stage/spack-stage-hdf5-1.10.7-xexa2gll6hf6okdatgrxiwhcjs2uepc7/spack-src/src/H5PB.c line 1032 in H5PB_write(): write through metadata accumulator failed
    major: Page Buffering
    minor: Write failed
  #010: /scratch/spack_cpu/job_21700923/spack-stage/spack-stage-hdf5-1.10.7-xexa2gll6hf6okdatgrxiwhcjs2uepc7/spack-src/src/H5Faccum.c line 824 in H5F__accum_write(): file write failed
    major: Low-level I/O
    minor: Write failed
  #011: /scratch/spack_cpu/job_21700923/spack-stage/spack-stage-hdf5-1.10.7-xexa2gll6hf6okdatgrxiwhcjs2uepc7/spack-src/src/H5FDint.c line 249 in H5FD_write(): driver write request failed
    major: Virtual File Layer
    minor: Write failed
  #012: /scratch/spack_cpu/job_21700923/spack-stage/spack-stage-hdf5-1.10.7-xexa2gll6hf6okdatgrxiwhcjs2uepc7/spack-src/src/H5FDsec2.c line 856 in H5FD__sec2_write(): file write failed: time = Wed Nov 19 08:21:46 2025
, filename = 'checkpoint.h5', file descriptor = 5, errno = 14, error message = 'Bad address', buf = 0x1555537c4000, total write size = 15969552, bytes this sub-write = 15969552, bytes actually written = 18446744073709551615, offset = 0
    major: Low-level I/O
    minor: Write failed
HDF5-DIAG: Error detected in HDF5 (1.10.7) thread 0:
  #000: /scratch/spack_cpu/job_21700923/spack-stage/spack-stage-hdf5-1.10.7-xexa2gll6hf6okdatgrxiwhcjs2uepc7/spack-src/src/H5Dio.c line 335 in H5Dwrite(): can't write data
    major: Dataset
    minor: Write failed
  #001: /scratch/spack_cpu/job_21700923/spack-stage/spack-stage-hdf5-1.10.7-xexa2gll6hf6okdatgrxiwhcjs2uepc7/spack-src/src/H5Dio.c line 813 in H5D__write(): can't write data
    major: Dataset
    minor: Write failed
  #002: /scratch/spack_cpu/job_21700923/spack-stage/spack-stage-hdf5-1.10.7-xexa2gll6hf6okdatgrxiwhcjs2uepc7/spack-src/src/H5Dcontig.c line 659 in H5D__contig_write(): contiguous write failed
    major: Dataset
    minor: Write failed
  #003: /scratch/spack_cpu/job_21700923/spack-stage/spack-stage-hdf5-1.10.7-xexa2gll6hf6okdatgrxiwhcjs2uepc7/spack-src/src/H5Dselect.c line 321 in H5D__select_write(): write error
    major: Dataspace
    minor: Write failed
  #004: /scratch/spack_cpu/job_21700923/spack-stage/spack-stage-hdf5-1.10.7-xexa2gll6hf6okdatgrxiwhcjs2uepc7/spack-src/src/H5Dselect.c line 230 in H5D__select_io(): write error
    major: Dataspace
    minor: Write failed
  #005: /scratch/spack_cpu/job_21700923/spack-stage/spack-stage-hdf5-1.10.7-xexa2gll6hf6okdatgrxiwhcjs2uepc7/spack-src/src/H5Dcontig.c line 1281 in H5D__contig_writevv(): can't perform vectorized sieve buffer write
    major: Dataset
    minor: Can't operate on object
  #006: /scratch/spack_cpu/job_21700923/spack-stage/spack-stage-hdf5-1.10.7-xexa2gll6hf6okdatgrxiwhcjs2uepc7/spack-src/src/H5VM.c line 1464 in H5VM_opvv(): can't perform operation
    major: Internal error (too specific to document in detail)
    minor: Can't operate on object
  #007: /scratch/spack_cpu/job_21700923/spack-stage/spack-stage-hdf5-1.10.7-xexa2gll6hf6okdatgrxiwhcjs2uepc7/spack-src/src/H5Dcontig.c line 1029 in H5D__contig_writevv_sieve_cb(): block write failed
    major: Dataset
    minor: Write failed
  #008: /scratch/spack_cpu/job_21700923/spack-stage/spack-stage-hdf5-1.10.7-xexa2gll6hf6okdatgrxiwhcjs2uepc7/spack-src/src/H5Fio.c line 161 in H5F_block_write(): write through page buffer failed
    major: Low-level I/O
    minor: Write failed
  #009: /scratch/spack_cpu/job_21700923/spack-stage/spack-stage-hdf5-1.10.7-xexa2gll6hf6okdatgrxiwhcjs2uepc7/spack-src/src/H5PB.c line 1032 in H5PB_write(): write through metadata accumulator failed
    major: Page Buffering
    minor: Write failed
  #010: /scratch/spack_cpu/job_21700923/spack-stage/spack-stage-hdf5-1.10.7-xexa2gll6hf6okdatgrxiwhcjs2uepc7/spack-src/src/H5Faccum.c line 824 in H5F__accum_write(): file write failed
    major: Low-level I/O
    minor: Write failed
  #011: /scratch/spack_cpu/job_21700923/spack-stage/spack-stage-hdf5-1.10.7-xexa2gll6hf6okdatgrxiwhcjs2uepc7/spack-src/src/H5FDint.c line 249 in H5FD_write(): driver write request failed
    major: Virtual File Layer
    minor: Write failed
  #012: /scratch/spack_cpu/job_21700923/spack-stage/spack-stage-hdf5-1.10.7-xexa2gll6hf6okdatgrxiwhcjs2uepc7/spack-src/src/H5FDsec2.c line 856 in H5FD__sec2_write(): file write failed: time = Wed Nov 19 08:22:29 2025
, filename = 'checkpoint.h5', file descriptor = 5, errno = 14, error message = 'Bad address', buf = 0x1555537c4000, total write size = 15969552, bytes this sub-write = 15969552, bytes actually written = 18446744073709551615, offset = 0
    major: Low-level I/O
    minor: Write failed
HDF5-DIAG: Error detected in HDF5 (1.10.7) thread 0:
  #000: /scratch/spack_cpu/job_21700923/spack-stage/spack-stage-hdf5-1.10.7-xexa2gll6hf6okdatgrxiwhcjs2uepc7/spack-src/src/H5Dio.c line 335 in H5Dwrite(): can't write data
    major: Dataset
    minor: Write failed
  #001: /scratch/spack_cpu/job_21700923/spack-stage/spack-stage-hdf5-1.10.7-xexa2gll6hf6okdatgrxiwhcjs2uepc7/spack-src/src/H5Dio.c line 813 in H5D__write(): can't write data
    major: Dataset
    minor: Write failed
  #002: /scratch/spack_cpu/job_21700923/spack-stage/spack-stage-hdf5-1.10.7-xexa2gll6hf6okdatgrxiwhcjs2uepc7/spack-src/src/H5Dcontig.c line 659 in H5D__contig_write(): contiguous write failed
    major: Dataset
    minor: Write failed
  #003: /scratch/spack_cpu/job_21700923/spack-stage/spack-stage-hdf5-1.10.7-xexa2gll6hf6okdatgrxiwhcjs2uepc7/spack-src/src/H5Dselect.c line 321 in H5D__select_write(): write error
    major: Dataspace
    minor: Write failed
  #004: /scratch/spack_cpu/job_21700923/spack-stage/spack-stage-hdf5-1.10.7-xexa2gll6hf6okdatgrxiwhcjs2uepc7/spack-src/src/H5Dselect.c line 230 in H5D__select_io(): write error
    major: Dataspace
    minor: Write failed
  #005: /scratch/spack_cpu/job_21700923/spack-stage/spack-stage-hdf5-1.10.7-xexa2gll6hf6okdatgrxiwhcjs2uepc7/spack-src/src/H5Dcontig.c line 1281 in H5D__contig_writevv(): can't perform vectorized sieve buffer write
    major: Dataset
    minor: Can't operate on object
  #006: /scratch/spack_cpu/job_21700923/spack-stage/spack-stage-hdf5-1.10.7-xexa2gll6hf6okdatgrxiwhcjs2uepc7/spack-src/src/H5VM.c line 1464 in H5VM_opvv(): can't perform operation
    major: Internal error (too specific to document in detail)
    minor: Can't operate on object
  #007: /scratch/spack_cpu/job_21700923/spack-stage/spack-stage-hdf5-1.10.7-xexa2gll6hf6okdatgrxiwhcjs2uepc7/spack-src/src/H5Dcontig.c line 1029 in H5D__contig_writevv_sieve_cb(): block write failed
    major: Dataset
    minor: Write failed
  #008: /scratch/spack_cpu/job_21700923/spack-stage/spack-stage-hdf5-1.10.7-xexa2gll6hf6okdatgrxiwhcjs2uepc7/spack-src/src/H5Fio.c line 161 in H5F_block_write(): write through page buffer failed
    major: Low-level I/O
    minor: Write failed
  #009: /scratch/spack_cpu/job_21700923/spack-stage/spack-stage-hdf5-1.10.7-xexa2gll6hf6okdatgrxiwhcjs2uepc7/spack-src/src/H5PB.c line 1032 in H5PB_write(): write through metadata accumulator failed
    major: Page Buffering
    minor: Write failed
  #010: /scratch/spack_cpu/job_21700923/spack-stage/spack-stage-hdf5-1.10.7-xexa2gll6hf6okdatgrxiwhcjs2uepc7/spack-src/src/H5Faccum.c line 824 in H5F__accum_write(): file write failed
    major: Low-level I/O
    minor: Write failed
  #011: /scratch/spack_cpu/job_21700923/spack-stage/spack-stage-hdf5-1.10.7-xexa2gll6hf6okdatgrxiwhcjs2uepc7/spack-src/src/H5FDint.c line 249 in H5FD_write(): driver write request failed
    major: Virtual File Layer
    minor: Write failed
  #012: /scratch/spack_cpu/job_21700923/spack-stage/spack-stage-hdf5-1.10.7-xexa2gll6hf6okdatgrxiwhcjs2uepc7/spack-src/src/H5FDsec2.c line 856 in H5FD__sec2_write(): file write failed: time = Wed Nov 19 08:23:12 2025
, filename = 'checkpoint.h5', file descriptor = 5, errno = 14, error message = 'Bad address', buf = 0x1555537c4000, total write size = 15969552, bytes this sub-write = 15969552, bytes actually written = 18446744073709551615, offset = 0
    major: Low-level I/O
    minor: Write failed
HDF5-DIAG: Error detected in HDF5 (1.10.7) thread 0:
  #000: /scratch/spack_cpu/job_21700923/spack-stage/spack-stage-hdf5-1.10.7-xexa2gll6hf6okdatgrxiwhcjs2uepc7/spack-src/src/H5Dio.c line 335 in H5Dwrite(): can't write data
    major: Dataset
    minor: Write failed
  #001: /scratch/spack_cpu/job_21700923/spack-stage/spack-stage-hdf5-1.10.7-xexa2gll6hf6okdatgrxiwhcjs2uepc7/spack-src/src/H5Dio.c line 813 in H5D__write(): can't write data
    major: Dataset
    minor: Write failed
  #002: /scratch/spack_cpu/job_21700923/spack-stage/spack-stage-hdf5-1.10.7-xexa2gll6hf6okdatgrxiwhcjs2uepc7/spack-src/src/H5Dcontig.c line 659 in H5D__contig_write(): contiguous write failed
    major: Dataset
    minor: Write failed
  #003: /scratch/spack_cpu/job_21700923/spack-stage/spack-stage-hdf5-1.10.7-xexa2gll6hf6okdatgrxiwhcjs2uepc7/spack-src/src/H5Dselect.c line 321 in H5D__select_write(): write error
    major: Dataspace
    minor: Write failed
  #004: /scratch/spack_cpu/job_21700923/spack-stage/spack-stage-hdf5-1.10.7-xexa2gll6hf6okdatgrxiwhcjs2uepc7/spack-src/src/H5Dselect.c line 230 in H5D__select_io(): write error
    major: Dataspace
    minor: Write failed
  #005: /scratch/spack_cpu/job_21700923/spack-stage/spack-stage-hdf5-1.10.7-xexa2gll6hf6okdatgrxiwhcjs2uepc7/spack-src/src/H5Dcontig.c line 1281 in H5D__contig_writevv(): can't perform vectorized sieve buffer write
    major: Dataset
    minor: Can't operate on object
  #006: /scratch/spack_cpu/job_21700923/spack-stage/spack-stage-hdf5-1.10.7-xexa2gll6hf6okdatgrxiwhcjs2uepc7/spack-src/src/H5VM.c line 1464 in H5VM_opvv(): can't perform operation
    major: Internal error (too specific to document in detail)
    minor: Can't operate on object
  #007: /scratch/spack_cpu/job_21700923/spack-stage/spack-stage-hdf5-1.10.7-xexa2gll6hf6okdatgrxiwhcjs2uepc7/spack-src/src/H5Dcontig.c line 1029 in H5D__contig_writevv_sieve_cb(): block write failed
    major: Dataset
    minor: Write failed
  #008: /scratch/spack_cpu/job_21700923/spack-stage/spack-stage-hdf5-1.10.7-xexa2gll6hf6okdatgrxiwhcjs2uepc7/spack-src/src/H5Fio.c line 161 in H5F_block_write(): write through page buffer failed
    major: Low-level I/O
    minor: Write failed
  #009: /scratch/spack_cpu/job_21700923/spack-stage/spack-stage-hdf5-1.10.7-xexa2gll6hf6okdatgrxiwhcjs2uepc7/spack-src/src/H5PB.c line 1032 in H5PB_write(): write through metadata accumulator failed
    major: Page Buffering
    minor: Write failed
  #010: /scratch/spack_cpu/job_21700923/spack-stage/spack-stage-hdf5-1.10.7-xexa2gll6hf6okdatgrxiwhcjs2uepc7/spack-src/src/H5Faccum.c line 824 in H5F__accum_write(): file write failed
    major: Low-level I/O
    minor: Write failed
  #011: /scratch/spack_cpu/job_21700923/spack-stage/spack-stage-hdf5-1.10.7-xexa2gll6hf6okdatgrxiwhcjs2uepc7/spack-src/src/H5FDint.c line 249 in H5FD_write(): driver write request failed
    major: Virtual File Layer
    minor: Write failed
  #012: /scratch/spack_cpu/job_21700923/spack-stage/spack-stage-hdf5-1.10.7-xexa2gll6hf6okdatgrxiwhcjs2uepc7/spack-src/src/H5FDsec2.c line 856 in H5FD__sec2_write(): file write failed: time = Wed Nov 19 08:23:55 2025
, filename = 'checkpoint.h5', file descriptor = 5, errno = 14, error message = 'Bad address', buf = 0x1555537c4000, total write size = 15969552, bytes this sub-write = 15969552, bytes actually written = 18446744073709551615, offset = 0
    major: Low-level I/O
    minor: Write failed
HDF5-DIAG: Error detected in HDF5 (1.10.7) thread 0:
  #000: /scratch/spack_cpu/job_21700923/spack-stage/spack-stage-hdf5-1.10.7-xexa2gll6hf6okdatgrxiwhcjs2uepc7/spack-src/src/H5Dio.c line 335 in H5Dwrite(): can't write data
    major: Dataset
    minor: Write failed
  #001: /scratch/spack_cpu/job_21700923/spack-stage/spack-stage-hdf5-1.10.7-xexa2gll6hf6okdatgrxiwhcjs2uepc7/spack-src/src/H5Dio.c line 813 in H5D__write(): can't write data
    major: Dataset
    minor: Write failed
  #002: /scratch/spack_cpu/job_21700923/spack-stage/spack-stage-hdf5-1.10.7-xexa2gll6hf6okdatgrxiwhcjs2uepc7/spack-src/src/H5Dcontig.c line 659 in H5D__contig_write(): contiguous write failed
    major: Dataset
    minor: Write failed
  #003: /scratch/spack_cpu/job_21700923/spack-stage/spack-stage-hdf5-1.10.7-xexa2gll6hf6okdatgrxiwhcjs2uepc7/spack-src/src/H5Dselect.c line 321 in H5D__select_write(): write error
    major: Dataspace
    minor: Write failed
  #004: /scratch/spack_cpu/job_21700923/spack-stage/spack-stage-hdf5-1.10.7-xexa2gll6hf6okdatgrxiwhcjs2uepc7/spack-src/src/H5Dselect.c line 230 in H5D__select_io(): write error
    major: Dataspace
    minor: Write failed
  #005: /scratch/spack_cpu/job_21700923/spack-stage/spack-stage-hdf5-1.10.7-xexa2gll6hf6okdatgrxiwhcjs2uepc7/spack-src/src/H5Dcontig.c line 1281 in H5D__contig_writevv(): can't perform vectorized sieve buffer write
    major: Dataset
    minor: Can't operate on object
  #006: /scratch/spack_cpu/job_21700923/spack-stage/spack-stage-hdf5-1.10.7-xexa2gll6hf6okdatgrxiwhcjs2uepc7/spack-src/src/H5VM.c line 1464 in H5VM_opvv(): can't perform operation
    major: Internal error (too specific to document in detail)
    minor: Can't operate on object
  #007: /scratch/spack_cpu/job_21700923/spack-stage/spack-stage-hdf5-1.10.7-xexa2gll6hf6okdatgrxiwhcjs2uepc7/spack-src/src/H5Dcontig.c line 1029 in H5D__contig_writevv_sieve_cb(): block write failed
    major: Dataset
    minor: Write failed
  #008: /scratch/spack_cpu/job_21700923/spack-stage/spack-stage-hdf5-1.10.7-xexa2gll6hf6okdatgrxiwhcjs2uepc7/spack-src/src/H5Fio.c line 161 in H5F_block_write(): write through page buffer failed
    major: Low-level I/O
    minor: Write failed
  #009: /scratch/spack_cpu/job_21700923/spack-stage/spack-stage-hdf5-1.10.7-xexa2gll6hf6okdatgrxiwhcjs2uepc7/spack-src/src/H5PB.c line 1032 in H5PB_write(): write through metadata accumulator failed
    major: Page Buffering
    minor: Write failed
  #010: /scratch/spack_cpu/job_21700923/spack-stage/spack-stage-hdf5-1.10.7-xexa2gll6hf6okdatgrxiwhcjs2uepc7/spack-src/src/H5Faccum.c line 824 in H5F__accum_write(): file write failed
    major: Low-level I/O
    minor: Write failed
  #011: /scratch/spack_cpu/job_21700923/spack-stage/spack-stage-hdf5-1.10.7-xexa2gll6hf6okdatgrxiwhcjs2uepc7/spack-src/src/H5FDint.c line 249 in H5FD_write(): driver write request failed
    major: Virtual File Layer
    minor: Write failed
  #012: /scratch/spack_cpu/job_21700923/spack-stage/spack-stage-hdf5-1.10.7-xexa2gll6hf6okdatgrxiwhcjs2uepc7/spack-src/src/H5FDsec2.c line 856 in H5FD__sec2_write(): file write failed: time = Wed Nov 19 08:24:38 2025
, filename = 'checkpoint.h5', file descriptor = 5, errno = 14, error message = 'Bad address', buf = 0x1555537c4000, total write size = 15969552, bytes this sub-write = 15969552, bytes actually written = 18446744073709551615, offset = 0
    major: Low-level I/O
    minor: Write failed
HDF5-DIAG: Error detected in HDF5 (1.10.7) thread 0:
  #000: /scratch/spack_cpu/job_21700923/spack-stage/spack-stage-hdf5-1.10.7-xexa2gll6hf6okdatgrxiwhcjs2uepc7/spack-src/src/H5Dio.c line 335 in H5Dwrite(): can't write data
    major: Dataset
    minor: Write failed
  #001: /scratch/spack_cpu/job_21700923/spack-stage/spack-stage-hdf5-1.10.7-xexa2gll6hf6okdatgrxiwhcjs2uepc7/spack-src/src/H5Dio.c line 813 in H5D__write(): can't write data
    major: Dataset
    minor: Write failed
  #002: /scratch/spack_cpu/job_21700923/spack-stage/spack-stage-hdf5-1.10.7-xexa2gll6hf6okdatgrxiwhcjs2uepc7/spack-src/src/H5Dcontig.c line 659 in H5D__contig_write(): contiguous write failed
    major: Dataset
    minor: Write failed
  #003: /scratch/spack_cpu/job_21700923/spack-stage/spack-stage-hdf5-1.10.7-xexa2gll6hf6okdatgrxiwhcjs2uepc7/spack-src/src/H5Dselect.c line 321 in H5D__select_write(): write error
    major: Dataspace
    minor: Write failed
  #004: /scratch/spack_cpu/job_21700923/spack-stage/spack-stage-hdf5-1.10.7-xexa2gll6hf6okdatgrxiwhcjs2uepc7/spack-src/src/H5Dselect.c line 230 in H5D__select_io(): write error
    major: Dataspace
    minor: Write failed
  #005: /scratch/spack_cpu/job_21700923/spack-stage/spack-stage-hdf5-1.10.7-xexa2gll6hf6okdatgrxiwhcjs2uepc7/spack-src/src/H5Dcontig.c line 1281 in H5D__contig_writevv(): can't perform vectorized sieve buffer write
    major: Dataset
    minor: Can't operate on object
  #006: /scratch/spack_cpu/job_21700923/spack-stage/spack-stage-hdf5-1.10.7-xexa2gll6hf6okdatgrxiwhcjs2uepc7/spack-src/src/H5VM.c line 1464 in H5VM_opvv(): can't perform operation
    major: Internal error (too specific to document in detail)
    minor: Can't operate on object
  #007: /scratch/spack_cpu/job_21700923/spack-stage/spack-stage-hdf5-1.10.7-xexa2gll6hf6okdatgrxiwhcjs2uepc7/spack-src/src/H5Dcontig.c line 1029 in H5D__contig_writevv_sieve_cb(): block write failed
    major: Dataset
    minor: Write failed
  #008: /scratch/spack_cpu/job_21700923/spack-stage/spack-stage-hdf5-1.10.7-xexa2gll6hf6okdatgrxiwhcjs2uepc7/spack-src/src/H5Fio.c line 161 in H5F_block_write(): write through page buffer failed
    major: Low-level I/O
    minor: Write failed
  #009: /scratch/spack_cpu/job_21700923/spack-stage/spack-stage-hdf5-1.10.7-xexa2gll6hf6okdatgrxiwhcjs2uepc7/spack-src/src/H5PB.c line 1032 in H5PB_write(): write through metadata accumulator failed
    major: Page Buffering
    minor: Write failed
  #010: /scratch/spack_cpu/job_21700923/spack-stage/spack-stage-hdf5-1.10.7-xexa2gll6hf6okdatgrxiwhcjs2uepc7/spack-src/src/H5Faccum.c line 824 in H5F__accum_write(): file write failed
    major: Low-level I/O
    minor: Write failed
  #011: /scratch/spack_cpu/job_21700923/spack-stage/spack-stage-hdf5-1.10.7-xexa2gll6hf6okdatgrxiwhcjs2uepc7/spack-src/src/H5FDint.c line 249 in H5FD_write(): driver write request failed
    major: Virtual File Layer
    minor: Write failed
  #012: /scratch/spack_cpu/job_21700923/spack-stage/spack-stage-hdf5-1.10.7-xexa2gll6hf6okdatgrxiwhcjs2uepc7/spack-src/src/H5FDsec2.c line 856 in H5FD__sec2_write(): file write failed: time = Wed Nov 19 08:25:21 2025
, filename = 'checkpoint.h5', file descriptor = 5, errno = 14, error message = 'Bad address', buf = 0x1555537c4000, total write size = 15969552, bytes this sub-write = 15969552, bytes actually written = 18446744073709551615, offset = 0
    major: Low-level I/O
    minor: Write failed
HDF5-DIAG: Error detected in HDF5 (1.10.7) thread 0:
  #000: /scratch/spack_cpu/job_21700923/spack-stage/spack-stage-hdf5-1.10.7-xexa2gll6hf6okdatgrxiwhcjs2uepc7/spack-src/src/H5Dio.c line 335 in H5Dwrite(): can't write data
    major: Dataset
    minor: Write failed
  #001: /scratch/spack_cpu/job_21700923/spack-stage/spack-stage-hdf5-1.10.7-xexa2gll6hf6okdatgrxiwhcjs2uepc7/spack-src/src/H5Dio.c line 813 in H5D__write(): can't write data
    major: Dataset
    minor: Write failed
  #002: /scratch/spack_cpu/job_21700923/spack-stage/spack-stage-hdf5-1.10.7-xexa2gll6hf6okdatgrxiwhcjs2uepc7/spack-src/src/H5Dcontig.c line 659 in H5D__contig_write(): contiguous write failed
    major: Dataset
    minor: Write failed
  #003: /scratch/spack_cpu/job_21700923/spack-stage/spack-stage-hdf5-1.10.7-xexa2gll6hf6okdatgrxiwhcjs2uepc7/spack-src/src/H5Dselect.c line 321 in H5D__select_write(): write error
    major: Dataspace
    minor: Write failed
  #004: /scratch/spack_cpu/job_21700923/spack-stage/spack-stage-hdf5-1.10.7-xexa2gll6hf6okdatgrxiwhcjs2uepc7/spack-src/src/H5Dselect.c line 230 in H5D__select_io(): write error
    major: Dataspace
    minor: Write failed
  #005: /scratch/spack_cpu/job_21700923/spack-stage/spack-stage-hdf5-1.10.7-xexa2gll6hf6okdatgrxiwhcjs2uepc7/spack-src/src/H5Dcontig.c line 1281 in H5D__contig_writevv(): can't perform vectorized sieve buffer write
    major: Dataset
    minor: Can't operate on object
  #006: /scratch/spack_cpu/job_21700923/spack-stage/spack-stage-hdf5-1.10.7-xexa2gll6hf6okdatgrxiwhcjs2uepc7/spack-src/src/H5VM.c line 1464 in H5VM_opvv(): can't perform operation
    major: Internal error (too specific to document in detail)
    minor: Can't operate on object
  #007: /scratch/spack_cpu/job_21700923/spack-stage/spack-stage-hdf5-1.10.7-xexa2gll6hf6okdatgrxiwhcjs2uepc7/spack-src/src/H5Dcontig.c line 1029 in H5D__contig_writevv_sieve_cb(): block write failed
    major: Dataset
    minor: Write failed
  #008: /scratch/spack_cpu/job_21700923/spack-stage/spack-stage-hdf5-1.10.7-xexa2gll6hf6okdatgrxiwhcjs2uepc7/spack-src/src/H5Fio.c line 161 in H5F_block_write(): write through page buffer failed
    major: Low-level I/O
    minor: Write failed
  #009: /scratch/spack_cpu/job_21700923/spack-stage/spack-stage-hdf5-1.10.7-xexa2gll6hf6okdatgrxiwhcjs2uepc7/spack-src/src/H5PB.c line 1032 in H5PB_write(): write through metadata accumulator failed
    major: Page Buffering
    minor: Write failed
  #010: /scratch/spack_cpu/job_21700923/spack-stage/spack-stage-hdf5-1.10.7-xexa2gll6hf6okdatgrxiwhcjs2uepc7/spack-src/src/H5Faccum.c line 824 in H5F__accum_write(): file write failed
    major: Low-level I/O
    minor: Write failed
  #011: /scratch/spack_cpu/job_21700923/spack-stage/spack-stage-hdf5-1.10.7-xexa2gll6hf6okdatgrxiwhcjs2uepc7/spack-src/src/H5FDint.c line 249 in H5FD_write(): driver write request failed
    major: Virtual File Layer
    minor: Write failed
  #012: /scratch/spack_cpu/job_21700923/spack-stage/spack-stage-hdf5-1.10.7-xexa2gll6hf6okdatgrxiwhcjs2uepc7/spack-src/src/H5FDsec2.c line 856 in H5FD__sec2_write(): file write failed: time = Wed Nov 19 08:26:04 2025
, filename = 'checkpoint.h5', file descriptor = 5, errno = 14, error message = 'Bad address', buf = 0x1555537c4000, total write size = 15969552, bytes this sub-write = 15969552, bytes actually written = 18446744073709551615, offset = 0
    major: Low-level I/O
    minor: Write failed
HDF5-DIAG: Error detected in HDF5 (1.10.7) thread 0:
  #000: /scratch/spack_cpu/job_21700923/spack-stage/spack-stage-hdf5-1.10.7-xexa2gll6hf6okdatgrxiwhcjs2uepc7/spack-src/src/H5Dio.c line 335 in H5Dwrite(): can't write data
    major: Dataset
    minor: Write failed
  #001: /scratch/spack_cpu/job_21700923/spack-stage/spack-stage-hdf5-1.10.7-xexa2gll6hf6okdatgrxiwhcjs2uepc7/spack-src/src/H5Dio.c line 813 in H5D__write(): can't write data
    major: Dataset
    minor: Write failed
  #002: /scratch/spack_cpu/job_21700923/spack-stage/spack-stage-hdf5-1.10.7-xexa2gll6hf6okdatgrxiwhcjs2uepc7/spack-src/src/H5Dcontig.c line 659 in H5D__contig_write(): contiguous write failed
    major: Dataset
    minor: Write failed
  #003: /scratch/spack_cpu/job_21700923/spack-stage/spack-stage-hdf5-1.10.7-xexa2gll6hf6okdatgrxiwhcjs2uepc7/spack-src/src/H5Dselect.c line 321 in H5D__select_write(): write error
    major: Dataspace
    minor: Write failed
  #004: /scratch/spack_cpu/job_21700923/spack-stage/spack-stage-hdf5-1.10.7-xexa2gll6hf6okdatgrxiwhcjs2uepc7/spack-src/src/H5Dselect.c line 230 in H5D__select_io(): write error
    major: Dataspace
    minor: Write failed
  #005: /scratch/spack_cpu/job_21700923/spack-stage/spack-stage-hdf5-1.10.7-xexa2gll6hf6okdatgrxiwhcjs2uepc7/spack-src/src/H5Dcontig.c line 1281 in H5D__contig_writevv(): can't perform vectorized sieve buffer write
    major: Dataset
    minor: Can't operate on object
  #006: /scratch/spack_cpu/job_21700923/spack-stage/spack-stage-hdf5-1.10.7-xexa2gll6hf6okdatgrxiwhcjs2uepc7/spack-src/src/H5VM.c line 1464 in H5VM_opvv(): can't perform operation
    major: Internal error (too specific to document in detail)
    minor: Can't operate on object
  #007: /scratch/spack_cpu/job_21700923/spack-stage/spack-stage-hdf5-1.10.7-xexa2gll6hf6okdatgrxiwhcjs2uepc7/spack-src/src/H5Dcontig.c line 1029 in H5D__contig_writevv_sieve_cb(): block write failed
    major: Dataset
    minor: Write failed
  #008: /scratch/spack_cpu/job_21700923/spack-stage/spack-stage-hdf5-1.10.7-xexa2gll6hf6okdatgrxiwhcjs2uepc7/spack-src/src/H5Fio.c line 161 in H5F_block_write(): write through page buffer failed
    major: Low-level I/O
    minor: Write failed
  #009: /scratch/spack_cpu/job_21700923/spack-stage/spack-stage-hdf5-1.10.7-xexa2gll6hf6okdatgrxiwhcjs2uepc7/spack-src/src/H5PB.c line 1032 in H5PB_write(): write through metadata accumulator failed
    major: Page Buffering
    minor: Write failed
  #010: /scratch/spack_cpu/job_21700923/spack-stage/spack-stage-hdf5-1.10.7-xexa2gll6hf6okdatgrxiwhcjs2uepc7/spack-src/src/H5Faccum.c line 824 in H5F__accum_write(): file write failed
    major: Low-level I/O
    minor: Write failed
  #011: /scratch/spack_cpu/job_21700923/spack-stage/spack-stage-hdf5-1.10.7-xexa2gll6hf6okdatgrxiwhcjs2uepc7/spack-src/src/H5FDint.c line 249 in H5FD_write(): driver write request failed
    major: Virtual File Layer
    minor: Write failed
  #012: /scratch/spack_cpu/job_21700923/spack-stage/spack-stage-hdf5-1.10.7-xexa2gll6hf6okdatgrxiwhcjs2uepc7/spack-src/src/H5FDsec2.c line 856 in H5FD__sec2_write(): file write failed: time = Wed Nov 19 08:26:47 2025
, filename = 'checkpoint.h5', file descriptor = 5, errno = 14, error message = 'Bad address', buf = 0x1555537c4000, total write size = 15969552, bytes this sub-write = 15969552, bytes actually written = 18446744073709551615, offset = 0
    major: Low-level I/O
    minor: Write failed
HDF5-DIAG: Error detected in HDF5 (1.10.7) thread 0:
  #000: /scratch/spack_cpu/job_21700923/spack-stage/spack-stage-hdf5-1.10.7-xexa2gll6hf6okdatgrxiwhcjs2uepc7/spack-src/src/H5Dio.c line 335 in H5Dwrite(): can't write data
    major: Dataset
    minor: Write failed
  #001: /scratch/spack_cpu/job_21700923/spack-stage/spack-stage-hdf5-1.10.7-xexa2gll6hf6okdatgrxiwhcjs2uepc7/spack-src/src/H5Dio.c line 813 in H5D__write(): can't write data
    major: Dataset
    minor: Write failed
  #002: /scratch/spack_cpu/job_21700923/spack-stage/spack-stage-hdf5-1.10.7-xexa2gll6hf6okdatgrxiwhcjs2uepc7/spack-src/src/H5Dcontig.c line 659 in H5D__contig_write(): contiguous write failed
    major: Dataset
    minor: Write failed
  #003: /scratch/spack_cpu/job_21700923/spack-stage/spack-stage-hdf5-1.10.7-xexa2gll6hf6okdatgrxiwhcjs2uepc7/spack-src/src/H5Dselect.c line 321 in H5D__select_write(): write error
    major: Dataspace
    minor: Write failed
  #004: /scratch/spack_cpu/job_21700923/spack-stage/spack-stage-hdf5-1.10.7-xexa2gll6hf6okdatgrxiwhcjs2uepc7/spack-src/src/H5Dselect.c line 230 in H5D__select_io(): write error
    major: Dataspace
    minor: Write failed
  #005: /scratch/spack_cpu/job_21700923/spack-stage/spack-stage-hdf5-1.10.7-xexa2gll6hf6okdatgrxiwhcjs2uepc7/spack-src/src/H5Dcontig.c line 1281 in H5D__contig_writevv(): can't perform vectorized sieve buffer write
    major: Dataset
    minor: Can't operate on object
  #006: /scratch/spack_cpu/job_21700923/spack-stage/spack-stage-hdf5-1.10.7-xexa2gll6hf6okdatgrxiwhcjs2uepc7/spack-src/src/H5VM.c line 1464 in H5VM_opvv(): can't perform operation
    major: Internal error (too specific to document in detail)
    minor: Can't operate on object
  #007: /scratch/spack_cpu/job_21700923/spack-stage/spack-stage-hdf5-1.10.7-xexa2gll6hf6okdatgrxiwhcjs2uepc7/spack-src/src/H5Dcontig.c line 1029 in H5D__contig_writevv_sieve_cb(): block write failed
    major: Dataset
    minor: Write failed
  #008: /scratch/spack_cpu/job_21700923/spack-stage/spack-stage-hdf5-1.10.7-xexa2gll6hf6okdatgrxiwhcjs2uepc7/spack-src/src/H5Fio.c line 161 in H5F_block_write(): write through page buffer failed
    major: Low-level I/O
    minor: Write failed
  #009: /scratch/spack_cpu/job_21700923/spack-stage/spack-stage-hdf5-1.10.7-xexa2gll6hf6okdatgrxiwhcjs2uepc7/spack-src/src/H5PB.c line 1032 in H5PB_write(): write through metadata accumulator failed
    major: Page Buffering
    minor: Write failed
  #010: /scratch/spack_cpu/job_21700923/spack-stage/spack-stage-hdf5-1.10.7-xexa2gll6hf6okdatgrxiwhcjs2uepc7/spack-src/src/H5Faccum.c line 824 in H5F__accum_write(): file write failed
    major: Low-level I/O
    minor: Write failed
  #011: /scratch/spack_cpu/job_21700923/spack-stage/spack-stage-hdf5-1.10.7-xexa2gll6hf6okdatgrxiwhcjs2uepc7/spack-src/src/H5FDint.c line 249 in H5FD_write(): driver write request failed
    major: Virtual File Layer
    minor: Write failed
  #012: /scratch/spack_cpu/job_21700923/spack-stage/spack-stage-hdf5-1.10.7-xexa2gll6hf6okdatgrxiwhcjs2uepc7/spack-src/src/H5FDsec2.c line 856 in H5FD__sec2_write(): file write failed: time = Wed Nov 19 08:27:29 2025
, filename = 'checkpoint.h5', file descriptor = 5, errno = 14, error message = 'Bad address', buf = 0x1555537c4000, total write size = 15969552, bytes this sub-write = 15969552, bytes actually written = 18446744073709551615, offset = 0
    major: Low-level I/O
    minor: Write failed
HDF5-DIAG: Error detected in HDF5 (1.10.7) thread 0:
  #000: /scratch/spack_cpu/job_21700923/spack-stage/spack-stage-hdf5-1.10.7-xexa2gll6hf6okdatgrxiwhcjs2uepc7/spack-src/src/H5Dio.c line 335 in H5Dwrite(): can't write data
    major: Dataset
    minor: Write failed
  #001: /scratch/spack_cpu/job_21700923/spack-stage/spack-stage-hdf5-1.10.7-xexa2gll6hf6okdatgrxiwhcjs2uepc7/spack-src/src/H5Dio.c line 813 in H5D__write(): can't write data
    major: Dataset
    minor: Write failed
  #002: /scratch/spack_cpu/job_21700923/spack-stage/spack-stage-hdf5-1.10.7-xexa2gll6hf6okdatgrxiwhcjs2uepc7/spack-src/src/H5Dcontig.c line 659 in H5D__contig_write(): contiguous write failed
    major: Dataset
    minor: Write failed
  #003: /scratch/spack_cpu/job_21700923/spack-stage/spack-stage-hdf5-1.10.7-xexa2gll6hf6okdatgrxiwhcjs2uepc7/spack-src/src/H5Dselect.c line 321 in H5D__select_write(): write error
    major: Dataspace
    minor: Write failed
  #004: /scratch/spack_cpu/job_21700923/spack-stage/spack-stage-hdf5-1.10.7-xexa2gll6hf6okdatgrxiwhcjs2uepc7/spack-src/src/H5Dselect.c line 230 in H5D__select_io(): write error
    major: Dataspace
    minor: Write failed
  #005: /scratch/spack_cpu/job_21700923/spack-stage/spack-stage-hdf5-1.10.7-xexa2gll6hf6okdatgrxiwhcjs2uepc7/spack-src/src/H5Dcontig.c line 1281 in H5D__contig_writevv(): can't perform vectorized sieve buffer write
    major: Dataset
    minor: Can't operate on object
  #006: /scratch/spack_cpu/job_21700923/spack-stage/spack-stage-hdf5-1.10.7-xexa2gll6hf6okdatgrxiwhcjs2uepc7/spack-src/src/H5VM.c line 1464 in H5VM_opvv(): can't perform operation
    major: Internal error (too specific to document in detail)
    minor: Can't operate on object
  #007: /scratch/spack_cpu/job_21700923/spack-stage/spack-stage-hdf5-1.10.7-xexa2gll6hf6okdatgrxiwhcjs2uepc7/spack-src/src/H5Dcontig.c line 1029 in H5D__contig_writevv_sieve_cb(): block write failed
    major: Dataset
    minor: Write failed
  #008: /scratch/spack_cpu/job_21700923/spack-stage/spack-stage-hdf5-1.10.7-xexa2gll6hf6okdatgrxiwhcjs2uepc7/spack-src/src/H5Fio.c line 161 in H5F_block_write(): write through page buffer failed
    major: Low-level I/O
    minor: Write failed
  #009: /scratch/spack_cpu/job_21700923/spack-stage/spack-stage-hdf5-1.10.7-xexa2gll6hf6okdatgrxiwhcjs2uepc7/spack-src/src/H5PB.c line 1032 in H5PB_write(): write through metadata accumulator failed
    major: Page Buffering
    minor: Write failed
  #010: /scratch/spack_cpu/job_21700923/spack-stage/spack-stage-hdf5-1.10.7-xexa2gll6hf6okdatgrxiwhcjs2uepc7/spack-src/src/H5Faccum.c line 824 in H5F__accum_write(): file write failed
    major: Low-level I/O
    minor: Write failed
  #011: /scratch/spack_cpu/job_21700923/spack-stage/spack-stage-hdf5-1.10.7-xexa2gll6hf6okdatgrxiwhcjs2uepc7/spack-src/src/H5FDint.c line 249 in H5FD_write(): driver write request failed
    major: Virtual File Layer
    minor: Write failed
  #012: /scratch/spack_cpu/job_21700923/spack-stage/spack-stage-hdf5-1.10.7-xexa2gll6hf6okdatgrxiwhcjs2uepc7/spack-src/src/H5FDsec2.c line 856 in H5FD__sec2_write(): file write failed: time = Wed Nov 19 08:28:12 2025
, filename = 'checkpoint.h5', file descriptor = 5, errno = 14, error message = 'Bad address', buf = 0x1555537c4000, total write size = 15969552, bytes this sub-write = 15969552, bytes actually written = 18446744073709551615, offset = 0
    major: Low-level I/O
    minor: Write failed
HDF5-DIAG: Error detected in HDF5 (1.10.7) thread 0:
  #000: /scratch/spack_cpu/job_21700923/spack-stage/spack-stage-hdf5-1.10.7-xexa2gll6hf6okdatgrxiwhcjs2uepc7/spack-src/src/H5Dio.c line 335 in H5Dwrite(): can't write data
    major: Dataset
    minor: Write failed
  #001: /scratch/spack_cpu/job_21700923/spack-stage/spack-stage-hdf5-1.10.7-xexa2gll6hf6okdatgrxiwhcjs2uepc7/spack-src/src/H5Dio.c line 813 in H5D__write(): can't write data
    major: Dataset
    minor: Write failed
  #002: /scratch/spack_cpu/job_21700923/spack-stage/spack-stage-hdf5-1.10.7-xexa2gll6hf6okdatgrxiwhcjs2uepc7/spack-src/src/H5Dcontig.c line 659 in H5D__contig_write(): contiguous write failed
    major: Dataset
    minor: Write failed
  #003: /scratch/spack_cpu/job_21700923/spack-stage/spack-stage-hdf5-1.10.7-xexa2gll6hf6okdatgrxiwhcjs2uepc7/spack-src/src/H5Dselect.c line 321 in H5D__select_write(): write error
    major: Dataspace
    minor: Write failed
  #004: /scratch/spack_cpu/job_21700923/spack-stage/spack-stage-hdf5-1.10.7-xexa2gll6hf6okdatgrxiwhcjs2uepc7/spack-src/src/H5Dselect.c line 230 in H5D__select_io(): write error
    major: Dataspace
    minor: Write failed
  #005: /scratch/spack_cpu/job_21700923/spack-stage/spack-stage-hdf5-1.10.7-xexa2gll6hf6okdatgrxiwhcjs2uepc7/spack-src/src/H5Dcontig.c line 1281 in H5D__contig_writevv(): can't perform vectorized sieve buffer write
    major: Dataset
    minor: Can't operate on object
  #006: /scratch/spack_cpu/job_21700923/spack-stage/spack-stage-hdf5-1.10.7-xexa2gll6hf6okdatgrxiwhcjs2uepc7/spack-src/src/H5VM.c line 1464 in H5VM_opvv(): can't perform operation
    major: Internal error (too specific to document in detail)
    minor: Can't operate on object
  #007: /scratch/spack_cpu/job_21700923/spack-stage/spack-stage-hdf5-1.10.7-xexa2gll6hf6okdatgrxiwhcjs2uepc7/spack-src/src/H5Dcontig.c line 1029 in H5D__contig_writevv_sieve_cb(): block write failed
    major: Dataset
    minor: Write failed
  #008: /scratch/spack_cpu/job_21700923/spack-stage/spack-stage-hdf5-1.10.7-xexa2gll6hf6okdatgrxiwhcjs2uepc7/spack-src/src/H5Fio.c line 161 in H5F_block_write(): write through page buffer failed
    major: Low-level I/O
    minor: Write failed
  #009: /scratch/spack_cpu/job_21700923/spack-stage/spack-stage-hdf5-1.10.7-xexa2gll6hf6okdatgrxiwhcjs2uepc7/spack-src/src/H5PB.c line 1032 in H5PB_write(): write through metadata accumulator failed
    major: Page Buffering
    minor: Write failed
  #010: /scratch/spack_cpu/job_21700923/spack-stage/spack-stage-hdf5-1.10.7-xexa2gll6hf6okdatgrxiwhcjs2uepc7/spack-src/src/H5Faccum.c line 824 in H5F__accum_write(): file write failed
    major: Low-level I/O
    minor: Write failed
  #011: /scratch/spack_cpu/job_21700923/spack-stage/spack-stage-hdf5-1.10.7-xexa2gll6hf6okdatgrxiwhcjs2uepc7/spack-src/src/H5FDint.c line 249 in H5FD_write(): driver write request failed
    major: Virtual File Layer
    minor: Write failed
  #012: /scratch/spack_cpu/job_21700923/spack-stage/spack-stage-hdf5-1.10.7-xexa2gll6hf6okdatgrxiwhcjs2uepc7/spack-src/src/H5FDsec2.c line 856 in H5FD__sec2_write(): file write failed: time = Wed Nov 19 08:28:55 2025
, filename = 'checkpoint.h5', file descriptor = 5, errno = 14, error message = 'Bad address', buf = 0x1555537c4000, total write size = 15969552, bytes this sub-write = 15969552, bytes actually written = 18446744073709551615, offset = 0
    major: Low-level I/O
    minor: Write failed
HDF5-DIAG: Error detected in HDF5 (1.10.7) thread 0:
  #000: /scratch/spack_cpu/job_21700923/spack-stage/spack-stage-hdf5-1.10.7-xexa2gll6hf6okdatgrxiwhcjs2uepc7/spack-src/src/H5Dio.c line 335 in H5Dwrite(): can't write data
    major: Dataset
    minor: Write failed
  #001: /scratch/spack_cpu/job_21700923/spack-stage/spack-stage-hdf5-1.10.7-xexa2gll6hf6okdatgrxiwhcjs2uepc7/spack-src/src/H5Dio.c line 813 in H5D__write(): can't write data
    major: Dataset
    minor: Write failed
  #002: /scratch/spack_cpu/job_21700923/spack-stage/spack-stage-hdf5-1.10.7-xexa2gll6hf6okdatgrxiwhcjs2uepc7/spack-src/src/H5Dcontig.c line 659 in H5D__contig_write(): contiguous write failed
    major: Dataset
    minor: Write failed
  #003: /scratch/spack_cpu/job_21700923/spack-stage/spack-stage-hdf5-1.10.7-xexa2gll6hf6okdatgrxiwhcjs2uepc7/spack-src/src/H5Dselect.c line 321 in H5D__select_write(): write error
    major: Dataspace
    minor: Write failed
  #004: /scratch/spack_cpu/job_21700923/spack-stage/spack-stage-hdf5-1.10.7-xexa2gll6hf6okdatgrxiwhcjs2uepc7/spack-src/src/H5Dselect.c line 230 in H5D__select_io(): write error
    major: Dataspace
    minor: Write failed
  #005: /scratch/spack_cpu/job_21700923/spack-stage/spack-stage-hdf5-1.10.7-xexa2gll6hf6okdatgrxiwhcjs2uepc7/spack-src/src/H5Dcontig.c line 1281 in H5D__contig_writevv(): can't perform vectorized sieve buffer write
    major: Dataset
    minor: Can't operate on object
  #006: /scratch/spack_cpu/job_21700923/spack-stage/spack-stage-hdf5-1.10.7-xexa2gll6hf6okdatgrxiwhcjs2uepc7/spack-src/src/H5VM.c line 1464 in H5VM_opvv(): can't perform operation
    major: Internal error (too specific to document in detail)
    minor: Can't operate on object
  #007: /scratch/spack_cpu/job_21700923/spack-stage/spack-stage-hdf5-1.10.7-xexa2gll6hf6okdatgrxiwhcjs2uepc7/spack-src/src/H5Dcontig.c line 1029 in H5D__contig_writevv_sieve_cb(): block write failed
    major: Dataset
    minor: Write failed
  #008: /scratch/spack_cpu/job_21700923/spack-stage/spack-stage-hdf5-1.10.7-xexa2gll6hf6okdatgrxiwhcjs2uepc7/spack-src/src/H5Fio.c line 161 in H5F_block_write(): write through page buffer failed
    major: Low-level I/O
    minor: Write failed
  #009: /scratch/spack_cpu/job_21700923/spack-stage/spack-stage-hdf5-1.10.7-xexa2gll6hf6okdatgrxiwhcjs2uepc7/spack-src/src/H5PB.c line 1032 in H5PB_write(): write through metadata accumulator failed
    major: Page Buffering
    minor: Write failed
  #010: /scratch/spack_cpu/job_21700923/spack-stage/spack-stage-hdf5-1.10.7-xexa2gll6hf6okdatgrxiwhcjs2uepc7/spack-src/src/H5Faccum.c line 824 in H5F__accum_write(): file write failed
    major: Low-level I/O
    minor: Write failed
  #011: /scratch/spack_cpu/job_21700923/spack-stage/spack-stage-hdf5-1.10.7-xexa2gll6hf6okdatgrxiwhcjs2uepc7/spack-src/src/H5FDint.c line 249 in H5FD_write(): driver write request failed
    major: Virtual File Layer
    minor: Write failed
  #012: /scratch/spack_cpu/job_21700923/spack-stage/spack-stage-hdf5-1.10.7-xexa2gll6hf6okdatgrxiwhcjs2uepc7/spack-src/src/H5FDsec2.c line 856 in H5FD__sec2_write(): file write failed: time = Wed Nov 19 08:29:37 2025
, filename = 'checkpoint.h5', file descriptor = 5, errno = 14, error message = 'Bad address', buf = 0x1555537c4000, total write size = 15969552, bytes this sub-write = 15969552, bytes actually written = 18446744073709551615, offset = 0
    major: Low-level I/O
    minor: Write failed
HDF5-DIAG: Error detected in HDF5 (1.10.7) thread 0:
  #000: /scratch/spack_cpu/job_21700923/spack-stage/spack-stage-hdf5-1.10.7-xexa2gll6hf6okdatgrxiwhcjs2uepc7/spack-src/src/H5Dio.c line 335 in H5Dwrite(): can't write data
    major: Dataset
    minor: Write failed
  #001: /scratch/spack_cpu/job_21700923/spack-stage/spack-stage-hdf5-1.10.7-xexa2gll6hf6okdatgrxiwhcjs2uepc7/spack-src/src/H5Dio.c line 813 in H5D__write(): can't write data
    major: Dataset
    minor: Write failed
  #002: /scratch/spack_cpu/job_21700923/spack-stage/spack-stage-hdf5-1.10.7-xexa2gll6hf6okdatgrxiwhcjs2uepc7/spack-src/src/H5Dcontig.c line 659 in H5D__contig_write(): contiguous write failed
    major: Dataset
    minor: Write failed
  #003: /scratch/spack_cpu/job_21700923/spack-stage/spack-stage-hdf5-1.10.7-xexa2gll6hf6okdatgrxiwhcjs2uepc7/spack-src/src/H5Dselect.c line 321 in H5D__select_write(): write error
    major: Dataspace
    minor: Write failed
  #004: /scratch/spack_cpu/job_21700923/spack-stage/spack-stage-hdf5-1.10.7-xexa2gll6hf6okdatgrxiwhcjs2uepc7/spack-src/src/H5Dselect.c line 230 in H5D__select_io(): write error
    major: Dataspace
    minor: Write failed
  #005: /scratch/spack_cpu/job_21700923/spack-stage/spack-stage-hdf5-1.10.7-xexa2gll6hf6okdatgrxiwhcjs2uepc7/spack-src/src/H5Dcontig.c line 1281 in H5D__contig_writevv(): can't perform vectorized sieve buffer write
    major: Dataset
    minor: Can't operate on object
  #006: /scratch/spack_cpu/job_21700923/spack-stage/spack-stage-hdf5-1.10.7-xexa2gll6hf6okdatgrxiwhcjs2uepc7/spack-src/src/H5VM.c line 1464 in H5VM_opvv(): can't perform operation
    major: Internal error (too specific to document in detail)
    minor: Can't operate on object
  #007: /scratch/spack_cpu/job_21700923/spack-stage/spack-stage-hdf5-1.10.7-xexa2gll6hf6okdatgrxiwhcjs2uepc7/spack-src/src/H5Dcontig.c line 1029 in H5D__contig_writevv_sieve_cb(): block write failed
    major: Dataset
    minor: Write failed
  #008: /scratch/spack_cpu/job_21700923/spack-stage/spack-stage-hdf5-1.10.7-xexa2gll6hf6okdatgrxiwhcjs2uepc7/spack-src/src/H5Fio.c line 161 in H5F_block_write(): write through page buffer failed
    major: Low-level I/O
    minor: Write failed
  #009: /scratch/spack_cpu/job_21700923/spack-stage/spack-stage-hdf5-1.10.7-xexa2gll6hf6okdatgrxiwhcjs2uepc7/spack-src/src/H5PB.c line 1032 in H5PB_write(): write through metadata accumulator failed
    major: Page Buffering
    minor: Write failed
  #010: /scratch/spack_cpu/job_21700923/spack-stage/spack-stage-hdf5-1.10.7-xexa2gll6hf6okdatgrxiwhcjs2uepc7/spack-src/src/H5Faccum.c line 824 in H5F__accum_write(): file write failed
    major: Low-level I/O
    minor: Write failed
  #011: /scratch/spack_cpu/job_21700923/spack-stage/spack-stage-hdf5-1.10.7-xexa2gll6hf6okdatgrxiwhcjs2uepc7/spack-src/src/H5FDint.c line 249 in H5FD_write(): driver write request failed
    major: Virtual File Layer
    minor: Write failed
  #012: /scratch/spack_cpu/job_21700923/spack-stage/spack-stage-hdf5-1.10.7-xexa2gll6hf6okdatgrxiwhcjs2uepc7/spack-src/src/H5FDsec2.c line 856 in H5FD__sec2_write(): file write failed: time = Wed Nov 19 08:30:24 2025
, filename = 'checkpoint.h5', file descriptor = 5, errno = 14, error message = 'Bad address', buf = 0x1555537c4000, total write size = 15969552, bytes this sub-write = 15969552, bytes actually written = 18446744073709551615, offset = 0
    major: Low-level I/O
    minor: Write failed
HDF5-DIAG: Error detected in HDF5 (1.10.7) thread 0:
  #000: /scratch/spack_cpu/job_21700923/spack-stage/spack-stage-hdf5-1.10.7-xexa2gll6hf6okdatgrxiwhcjs2uepc7/spack-src/src/H5Dio.c line 335 in H5Dwrite(): can't write data
    major: Dataset
    minor: Write failed
  #001: /scratch/spack_cpu/job_21700923/spack-stage/spack-stage-hdf5-1.10.7-xexa2gll6hf6okdatgrxiwhcjs2uepc7/spack-src/src/H5Dio.c line 813 in H5D__write(): can't write data
    major: Dataset
    minor: Write failed
  #002: /scratch/spack_cpu/job_21700923/spack-stage/spack-stage-hdf5-1.10.7-xexa2gll6hf6okdatgrxiwhcjs2uepc7/spack-src/src/H5Dcontig.c line 659 in H5D__contig_write(): contiguous write failed
    major: Dataset
    minor: Write failed
  #003: /scratch/spack_cpu/job_21700923/spack-stage/spack-stage-hdf5-1.10.7-xexa2gll6hf6okdatgrxiwhcjs2uepc7/spack-src/src/H5Dselect.c line 321 in H5D__select_write(): write error
    major: Dataspace
    minor: Write failed
  #004: /scratch/spack_cpu/job_21700923/spack-stage/spack-stage-hdf5-1.10.7-xexa2gll6hf6okdatgrxiwhcjs2uepc7/spack-src/src/H5Dselect.c line 230 in H5D__select_io(): write error
    major: Dataspace
    minor: Write failed
  #005: /scratch/spack_cpu/job_21700923/spack-stage/spack-stage-hdf5-1.10.7-xexa2gll6hf6okdatgrxiwhcjs2uepc7/spack-src/src/H5Dcontig.c line 1281 in H5D__contig_writevv(): can't perform vectorized sieve buffer write
    major: Dataset
    minor: Can't operate on object
  #006: /scratch/spack_cpu/job_21700923/spack-stage/spack-stage-hdf5-1.10.7-xexa2gll6hf6okdatgrxiwhcjs2uepc7/spack-src/src/H5VM.c line 1464 in H5VM_opvv(): can't perform operation
    major: Internal error (too specific to document in detail)
    minor: Can't operate on object
  #007: /scratch/spack_cpu/job_21700923/spack-stage/spack-stage-hdf5-1.10.7-xexa2gll6hf6okdatgrxiwhcjs2uepc7/spack-src/src/H5Dcontig.c line 1029 in H5D__contig_writevv_sieve_cb(): block write failed
    major: Dataset
    minor: Write failed
  #008: /scratch/spack_cpu/job_21700923/spack-stage/spack-stage-hdf5-1.10.7-xexa2gll6hf6okdatgrxiwhcjs2uepc7/spack-src/src/H5Fio.c line 161 in H5F_block_write(): write through page buffer failed
    major: Low-level I/O
    minor: Write failed
  #009: /scratch/spack_cpu/job_21700923/spack-stage/spack-stage-hdf5-1.10.7-xexa2gll6hf6okdatgrxiwhcjs2uepc7/spack-src/src/H5PB.c line 1032 in H5PB_write(): write through metadata accumulator failed
    major: Page Buffering
    minor: Write failed
  #010: /scratch/spack_cpu/job_21700923/spack-stage/spack-stage-hdf5-1.10.7-xexa2gll6hf6okdatgrxiwhcjs2uepc7/spack-src/src/H5Faccum.c line 824 in H5F__accum_write(): file write failed
    major: Low-level I/O
    minor: Write failed
  #011: /scratch/spack_cpu/job_21700923/spack-stage/spack-stage-hdf5-1.10.7-xexa2gll6hf6okdatgrxiwhcjs2uepc7/spack-src/src/H5FDint.c line 249 in H5FD_write(): driver write request failed
    major: Virtual File Layer
    minor: Write failed
  #012: /scratch/spack_cpu/job_21700923/spack-stage/spack-stage-hdf5-1.10.7-xexa2gll6hf6okdatgrxiwhcjs2uepc7/spack-src/src/H5FDsec2.c line 856 in H5FD__sec2_write(): file write failed: time = Wed Nov 19 08:31:07 2025
, filename = 'checkpoint.h5', file descriptor = 5, errno = 14, error message = 'Bad address', buf = 0x1555537c4000, total write size = 15969552, bytes this sub-write = 15969552, bytes actually written = 18446744073709551615, offset = 0
    major: Low-level I/O
    minor: Write failed
HDF5-DIAG: Error detected in HDF5 (1.10.7) thread 0:
  #000: /scratch/spack_cpu/job_21700923/spack-stage/spack-stage-hdf5-1.10.7-xexa2gll6hf6okdatgrxiwhcjs2uepc7/spack-src/src/H5Dio.c line 335 in H5Dwrite(): can't write data
    major: Dataset
    minor: Write failed
  #001: /scratch/spack_cpu/job_21700923/spack-stage/spack-stage-hdf5-1.10.7-xexa2gll6hf6okdatgrxiwhcjs2uepc7/spack-src/src/H5Dio.c line 813 in H5D__write(): can't write data
    major: Dataset
    minor: Write failed
  #002: /scratch/spack_cpu/job_21700923/spack-stage/spack-stage-hdf5-1.10.7-xexa2gll6hf6okdatgrxiwhcjs2uepc7/spack-src/src/H5Dcontig.c line 659 in H5D__contig_write(): contiguous write failed
    major: Dataset
    minor: Write failed
  #003: /scratch/spack_cpu/job_21700923/spack-stage/spack-stage-hdf5-1.10.7-xexa2gll6hf6okdatgrxiwhcjs2uepc7/spack-src/src/H5Dselect.c line 321 in H5D__select_write(): write error
    major: Dataspace
    minor: Write failed
  #004: /scratch/spack_cpu/job_21700923/spack-stage/spack-stage-hdf5-1.10.7-xexa2gll6hf6okdatgrxiwhcjs2uepc7/spack-src/src/H5Dselect.c line 230 in H5D__select_io(): write error
    major: Dataspace
    minor: Write failed
  #005: /scratch/spack_cpu/job_21700923/spack-stage/spack-stage-hdf5-1.10.7-xexa2gll6hf6okdatgrxiwhcjs2uepc7/spack-src/src/H5Dcontig.c line 1281 in H5D__contig_writevv(): can't perform vectorized sieve buffer write
    major: Dataset
    minor: Can't operate on object
  #006: /scratch/spack_cpu/job_21700923/spack-stage/spack-stage-hdf5-1.10.7-xexa2gll6hf6okdatgrxiwhcjs2uepc7/spack-src/src/H5VM.c line 1464 in H5VM_opvv(): can't perform operation
    major: Internal error (too specific to document in detail)
    minor: Can't operate on object
  #007: /scratch/spack_cpu/job_21700923/spack-stage/spack-stage-hdf5-1.10.7-xexa2gll6hf6okdatgrxiwhcjs2uepc7/spack-src/src/H5Dcontig.c line 1029 in H5D__contig_writevv_sieve_cb(): block write failed
    major: Dataset
    minor: Write failed
  #008: /scratch/spack_cpu/job_21700923/spack-stage/spack-stage-hdf5-1.10.7-xexa2gll6hf6okdatgrxiwhcjs2uepc7/spack-src/src/H5Fio.c line 161 in H5F_block_write(): write through page buffer failed
    major: Low-level I/O
    minor: Write failed
  #009: /scratch/spack_cpu/job_21700923/spack-stage/spack-stage-hdf5-1.10.7-xexa2gll6hf6okdatgrxiwhcjs2uepc7/spack-src/src/H5PB.c line 1032 in H5PB_write(): write through metadata accumulator failed
    major: Page Buffering
    minor: Write failed
  #010: /scratch/spack_cpu/job_21700923/spack-stage/spack-stage-hdf5-1.10.7-xexa2gll6hf6okdatgrxiwhcjs2uepc7/spack-src/src/H5Faccum.c line 824 in H5F__accum_write(): file write failed
    major: Low-level I/O
    minor: Write failed
  #011: /scratch/spack_cpu/job_21700923/spack-stage/spack-stage-hdf5-1.10.7-xexa2gll6hf6okdatgrxiwhcjs2uepc7/spack-src/src/H5FDint.c line 249 in H5FD_write(): driver write request failed
    major: Virtual File Layer
    minor: Write failed
  #012: /scratch/spack_cpu/job_21700923/spack-stage/spack-stage-hdf5-1.10.7-xexa2gll6hf6okdatgrxiwhcjs2uepc7/spack-src/src/H5FDsec2.c line 856 in H5FD__sec2_write(): file write failed: time = Wed Nov 19 08:31:49 2025
, filename = 'checkpoint.h5', file descriptor = 5, errno = 14, error message = 'Bad address', buf = 0x1555537c4000, total write size = 15969552, bytes this sub-write = 15969552, bytes actually written = 18446744073709551615, offset = 0
    major: Low-level I/O
    minor: Write failed
HDF5-DIAG: Error detected in HDF5 (1.10.7) thread 0:
  #000: /scratch/spack_cpu/job_21700923/spack-stage/spack-stage-hdf5-1.10.7-xexa2gll6hf6okdatgrxiwhcjs2uepc7/spack-src/src/H5Dio.c line 335 in H5Dwrite(): can't write data
    major: Dataset
    minor: Write failed
  #001: /scratch/spack_cpu/job_21700923/spack-stage/spack-stage-hdf5-1.10.7-xexa2gll6hf6okdatgrxiwhcjs2uepc7/spack-src/src/H5Dio.c line 813 in H5D__write(): can't write data
    major: Dataset
    minor: Write failed
  #002: /scratch/spack_cpu/job_21700923/spack-stage/spack-stage-hdf5-1.10.7-xexa2gll6hf6okdatgrxiwhcjs2uepc7/spack-src/src/H5Dcontig.c line 659 in H5D__contig_write(): contiguous write failed
    major: Dataset
    minor: Write failed
  #003: /scratch/spack_cpu/job_21700923/spack-stage/spack-stage-hdf5-1.10.7-xexa2gll6hf6okdatgrxiwhcjs2uepc7/spack-src/src/H5Dselect.c line 321 in H5D__select_write(): write error
    major: Dataspace
    minor: Write failed
  #004: /scratch/spack_cpu/job_21700923/spack-stage/spack-stage-hdf5-1.10.7-xexa2gll6hf6okdatgrxiwhcjs2uepc7/spack-src/src/H5Dselect.c line 230 in H5D__select_io(): write error
    major: Dataspace
    minor: Write failed
  #005: /scratch/spack_cpu/job_21700923/spack-stage/spack-stage-hdf5-1.10.7-xexa2gll6hf6okdatgrxiwhcjs2uepc7/spack-src/src/H5Dcontig.c line 1281 in H5D__contig_writevv(): can't perform vectorized sieve buffer write
    major: Dataset
    minor: Can't operate on object
  #006: /scratch/spack_cpu/job_21700923/spack-stage/spack-stage-hdf5-1.10.7-xexa2gll6hf6okdatgrxiwhcjs2uepc7/spack-src/src/H5VM.c line 1464 in H5VM_opvv(): can't perform operation
    major: Internal error (too specific to document in detail)
    minor: Can't operate on object
  #007: /scratch/spack_cpu/job_21700923/spack-stage/spack-stage-hdf5-1.10.7-xexa2gll6hf6okdatgrxiwhcjs2uepc7/spack-src/src/H5Dcontig.c line 1029 in H5D__contig_writevv_sieve_cb(): block write failed
    major: Dataset
    minor: Write failed
  #008: /scratch/spack_cpu/job_21700923/spack-stage/spack-stage-hdf5-1.10.7-xexa2gll6hf6okdatgrxiwhcjs2uepc7/spack-src/src/H5Fio.c line 161 in H5F_block_write(): write through page buffer failed
    major: Low-level I/O
    minor: Write failed
  #009: /scratch/spack_cpu/job_21700923/spack-stage/spack-stage-hdf5-1.10.7-xexa2gll6hf6okdatgrxiwhcjs2uepc7/spack-src/src/H5PB.c line 1032 in H5PB_write(): write through metadata accumulator failed
    major: Page Buffering
    minor: Write failed
  #010: /scratch/spack_cpu/job_21700923/spack-stage/spack-stage-hdf5-1.10.7-xexa2gll6hf6okdatgrxiwhcjs2uepc7/spack-src/src/H5Faccum.c line 824 in H5F__accum_write(): file write failed
    major: Low-level I/O
    minor: Write failed
  #011: /scratch/spack_cpu/job_21700923/spack-stage/spack-stage-hdf5-1.10.7-xexa2gll6hf6okdatgrxiwhcjs2uepc7/spack-src/src/H5FDint.c line 249 in H5FD_write(): driver write request failed
    major: Virtual File Layer
    minor: Write failed
  #012: /scratch/spack_cpu/job_21700923/spack-stage/spack-stage-hdf5-1.10.7-xexa2gll6hf6okdatgrxiwhcjs2uepc7/spack-src/src/H5FDsec2.c line 856 in H5FD__sec2_write(): file write failed: time = Wed Nov 19 08:32:31 2025
, filename = 'checkpoint.h5', file descriptor = 5, errno = 14, error message = 'Bad address', buf = 0x1555537c4000, total write size = 15969552, bytes this sub-write = 15969552, bytes actually written = 18446744073709551615, offset = 0
    major: Low-level I/O
    minor: Write failed
HDF5-DIAG: Error detected in HDF5 (1.10.7) thread 0:
  #000: /scratch/spack_cpu/job_21700923/spack-stage/spack-stage-hdf5-1.10.7-xexa2gll6hf6okdatgrxiwhcjs2uepc7/spack-src/src/H5Dio.c line 335 in H5Dwrite(): can't write data
    major: Dataset
    minor: Write failed
  #001: /scratch/spack_cpu/job_21700923/spack-stage/spack-stage-hdf5-1.10.7-xexa2gll6hf6okdatgrxiwhcjs2uepc7/spack-src/src/H5Dio.c line 813 in H5D__write(): can't write data
    major: Dataset
    minor: Write failed
  #002: /scratch/spack_cpu/job_21700923/spack-stage/spack-stage-hdf5-1.10.7-xexa2gll6hf6okdatgrxiwhcjs2uepc7/spack-src/src/H5Dcontig.c line 659 in H5D__contig_write(): contiguous write failed
    major: Dataset
    minor: Write failed
  #003: /scratch/spack_cpu/job_21700923/spack-stage/spack-stage-hdf5-1.10.7-xexa2gll6hf6okdatgrxiwhcjs2uepc7/spack-src/src/H5Dselect.c line 321 in H5D__select_write(): write error
    major: Dataspace
    minor: Write failed
  #004: /scratch/spack_cpu/job_21700923/spack-stage/spack-stage-hdf5-1.10.7-xexa2gll6hf6okdatgrxiwhcjs2uepc7/spack-src/src/H5Dselect.c line 230 in H5D__select_io(): write error
    major: Dataspace
    minor: Write failed
  #005: /scratch/spack_cpu/job_21700923/spack-stage/spack-stage-hdf5-1.10.7-xexa2gll6hf6okdatgrxiwhcjs2uepc7/spack-src/src/H5Dcontig.c line 1281 in H5D__contig_writevv(): can't perform vectorized sieve buffer write
    major: Dataset
    minor: Can't operate on object
  #006: /scratch/spack_cpu/job_21700923/spack-stage/spack-stage-hdf5-1.10.7-xexa2gll6hf6okdatgrxiwhcjs2uepc7/spack-src/src/H5VM.c line 1464 in H5VM_opvv(): can't perform operation
    major: Internal error (too specific to document in detail)
    minor: Can't operate on object
  #007: /scratch/spack_cpu/job_21700923/spack-stage/spack-stage-hdf5-1.10.7-xexa2gll6hf6okdatgrxiwhcjs2uepc7/spack-src/src/H5Dcontig.c line 1029 in H5D__contig_writevv_sieve_cb(): block write failed
    major: Dataset
    minor: Write failed
  #008: /scratch/spack_cpu/job_21700923/spack-stage/spack-stage-hdf5-1.10.7-xexa2gll6hf6okdatgrxiwhcjs2uepc7/spack-src/src/H5Fio.c line 161 in H5F_block_write(): write through page buffer failed
    major: Low-level I/O
    minor: Write failed
  #009: /scratch/spack_cpu/job_21700923/spack-stage/spack-stage-hdf5-1.10.7-xexa2gll6hf6okdatgrxiwhcjs2uepc7/spack-src/src/H5PB.c line 1032 in H5PB_write(): write through metadata accumulator failed
    major: Page Buffering
    minor: Write failed
  #010: /scratch/spack_cpu/job_21700923/spack-stage/spack-stage-hdf5-1.10.7-xexa2gll6hf6okdatgrxiwhcjs2uepc7/spack-src/src/H5Faccum.c line 824 in H5F__accum_write(): file write failed
    major: Low-level I/O
    minor: Write failed
  #011: /scratch/spack_cpu/job_21700923/spack-stage/spack-stage-hdf5-1.10.7-xexa2gll6hf6okdatgrxiwhcjs2uepc7/spack-src/src/H5FDint.c line 249 in H5FD_write(): driver write request failed
    major: Virtual File Layer
    minor: Write failed
  #012: /scratch/spack_cpu/job_21700923/spack-stage/spack-stage-hdf5-1.10.7-xexa2gll6hf6okdatgrxiwhcjs2uepc7/spack-src/src/H5FDsec2.c line 856 in H5FD__sec2_write(): file write failed: time = Wed Nov 19 08:33:13 2025
, filename = 'checkpoint.h5', file descriptor = 5, errno = 14, error message = 'Bad address', buf = 0x1555537c4000, total write size = 15969552, bytes this sub-write = 15969552, bytes actually written = 18446744073709551615, offset = 0
    major: Low-level I/O
    minor: Write failed
HDF5-DIAG: Error detected in HDF5 (1.10.7) thread 0:
  #000: /scratch/spack_cpu/job_21700923/spack-stage/spack-stage-hdf5-1.10.7-xexa2gll6hf6okdatgrxiwhcjs2uepc7/spack-src/src/H5Dio.c line 335 in H5Dwrite(): can't write data
    major: Dataset
    minor: Write failed
  #001: /scratch/spack_cpu/job_21700923/spack-stage/spack-stage-hdf5-1.10.7-xexa2gll6hf6okdatgrxiwhcjs2uepc7/spack-src/src/H5Dio.c line 813 in H5D__write(): can't write data
    major: Dataset
    minor: Write failed
  #002: /scratch/spack_cpu/job_21700923/spack-stage/spack-stage-hdf5-1.10.7-xexa2gll6hf6okdatgrxiwhcjs2uepc7/spack-src/src/H5Dcontig.c line 659 in H5D__contig_write(): contiguous write failed
    major: Dataset
    minor: Write failed
  #003: /scratch/spack_cpu/job_21700923/spack-stage/spack-stage-hdf5-1.10.7-xexa2gll6hf6okdatgrxiwhcjs2uepc7/spack-src/src/H5Dselect.c line 321 in H5D__select_write(): write error
    major: Dataspace
    minor: Write failed
  #004: /scratch/spack_cpu/job_21700923/spack-stage/spack-stage-hdf5-1.10.7-xexa2gll6hf6okdatgrxiwhcjs2uepc7/spack-src/src/H5Dselect.c line 230 in H5D__select_io(): write error
    major: Dataspace
    minor: Write failed
  #005: /scratch/spack_cpu/job_21700923/spack-stage/spack-stage-hdf5-1.10.7-xexa2gll6hf6okdatgrxiwhcjs2uepc7/spack-src/src/H5Dcontig.c line 1281 in H5D__contig_writevv(): can't perform vectorized sieve buffer write
    major: Dataset
    minor: Can't operate on object
  #006: /scratch/spack_cpu/job_21700923/spack-stage/spack-stage-hdf5-1.10.7-xexa2gll6hf6okdatgrxiwhcjs2uepc7/spack-src/src/H5VM.c line 1464 in H5VM_opvv(): can't perform operation
    major: Internal error (too specific to document in detail)
    minor: Can't operate on object
  #007: /scratch/spack_cpu/job_21700923/spack-stage/spack-stage-hdf5-1.10.7-xexa2gll6hf6okdatgrxiwhcjs2uepc7/spack-src/src/H5Dcontig.c line 1029 in H5D__contig_writevv_sieve_cb(): block write failed
    major: Dataset
    minor: Write failed
  #008: /scratch/spack_cpu/job_21700923/spack-stage/spack-stage-hdf5-1.10.7-xexa2gll6hf6okdatgrxiwhcjs2uepc7/spack-src/src/H5Fio.c line 161 in H5F_block_write(): write through page buffer failed
    major: Low-level I/O
    minor: Write failed
  #009: /scratch/spack_cpu/job_21700923/spack-stage/spack-stage-hdf5-1.10.7-xexa2gll6hf6okdatgrxiwhcjs2uepc7/spack-src/src/H5PB.c line 1032 in H5PB_write(): write through metadata accumulator failed
    major: Page Buffering
    minor: Write failed
  #010: /scratch/spack_cpu/job_21700923/spack-stage/spack-stage-hdf5-1.10.7-xexa2gll6hf6okdatgrxiwhcjs2uepc7/spack-src/src/H5Faccum.c line 824 in H5F__accum_write(): file write failed
    major: Low-level I/O
    minor: Write failed
  #011: /scratch/spack_cpu/job_21700923/spack-stage/spack-stage-hdf5-1.10.7-xexa2gll6hf6okdatgrxiwhcjs2uepc7/spack-src/src/H5FDint.c line 249 in H5FD_write(): driver write request failed
    major: Virtual File Layer
    minor: Write failed
  #012: /scratch/spack_cpu/job_21700923/spack-stage/spack-stage-hdf5-1.10.7-xexa2gll6hf6okdatgrxiwhcjs2uepc7/spack-src/src/H5FDsec2.c line 856 in H5FD__sec2_write(): file write failed: time = Wed Nov 19 08:33:56 2025
, filename = 'checkpoint.h5', file descriptor = 5, errno = 14, error message = 'Bad address', buf = 0x1555537c4000, total write size = 15969552, bytes this sub-write = 15969552, bytes actually written = 18446744073709551615, offset = 0
    major: Low-level I/O
    minor: Write failed
HDF5-DIAG: Error detected in HDF5 (1.10.7) thread 0:
  #000: /scratch/spack_cpu/job_21700923/spack-stage/spack-stage-hdf5-1.10.7-xexa2gll6hf6okdatgrxiwhcjs2uepc7/spack-src/src/H5Dio.c line 335 in H5Dwrite(): can't write data
    major: Dataset
    minor: Write failed
  #001: /scratch/spack_cpu/job_21700923/spack-stage/spack-stage-hdf5-1.10.7-xexa2gll6hf6okdatgrxiwhcjs2uepc7/spack-src/src/H5Dio.c line 813 in H5D__write(): can't write data
    major: Dataset
    minor: Write failed
  #002: /scratch/spack_cpu/job_21700923/spack-stage/spack-stage-hdf5-1.10.7-xexa2gll6hf6okdatgrxiwhcjs2uepc7/spack-src/src/H5Dcontig.c line 659 in H5D__contig_write(): contiguous write failed
    major: Dataset
    minor: Write failed
  #003: /scratch/spack_cpu/job_21700923/spack-stage/spack-stage-hdf5-1.10.7-xexa2gll6hf6okdatgrxiwhcjs2uepc7/spack-src/src/H5Dselect.c line 321 in H5D__select_write(): write error
    major: Dataspace
    minor: Write failed
  #004: /scratch/spack_cpu/job_21700923/spack-stage/spack-stage-hdf5-1.10.7-xexa2gll6hf6okdatgrxiwhcjs2uepc7/spack-src/src/H5Dselect.c line 230 in H5D__select_io(): write error
    major: Dataspace
    minor: Write failed
  #005: /scratch/spack_cpu/job_21700923/spack-stage/spack-stage-hdf5-1.10.7-xexa2gll6hf6okdatgrxiwhcjs2uepc7/spack-src/src/H5Dcontig.c line 1281 in H5D__contig_writevv(): can't perform vectorized sieve buffer write
    major: Dataset
    minor: Can't operate on object
  #006: /scratch/spack_cpu/job_21700923/spack-stage/spack-stage-hdf5-1.10.7-xexa2gll6hf6okdatgrxiwhcjs2uepc7/spack-src/src/H5VM.c line 1464 in H5VM_opvv(): can't perform operation
    major: Internal error (too specific to document in detail)
    minor: Can't operate on object
  #007: /scratch/spack_cpu/job_21700923/spack-stage/spack-stage-hdf5-1.10.7-xexa2gll6hf6okdatgrxiwhcjs2uepc7/spack-src/src/H5Dcontig.c line 1029 in H5D__contig_writevv_sieve_cb(): block write failed
    major: Dataset
    minor: Write failed
  #008: /scratch/spack_cpu/job_21700923/spack-stage/spack-stage-hdf5-1.10.7-xexa2gll6hf6okdatgrxiwhcjs2uepc7/spack-src/src/H5Fio.c line 161 in H5F_block_write(): write through page buffer failed
    major: Low-level I/O
    minor: Write failed
  #009: /scratch/spack_cpu/job_21700923/spack-stage/spack-stage-hdf5-1.10.7-xexa2gll6hf6okdatgrxiwhcjs2uepc7/spack-src/src/H5PB.c line 1032 in H5PB_write(): write through metadata accumulator failed
    major: Page Buffering
    minor: Write failed
  #010: /scratch/spack_cpu/job_21700923/spack-stage/spack-stage-hdf5-1.10.7-xexa2gll6hf6okdatgrxiwhcjs2uepc7/spack-src/src/H5Faccum.c line 824 in H5F__accum_write(): file write failed
    major: Low-level I/O
    minor: Write failed
  #011: /scratch/spack_cpu/job_21700923/spack-stage/spack-stage-hdf5-1.10.7-xexa2gll6hf6okdatgrxiwhcjs2uepc7/spack-src/src/H5FDint.c line 249 in H5FD_write(): driver write request failed
    major: Virtual File Layer
    minor: Write failed
  #012: /scratch/spack_cpu/job_21700923/spack-stage/spack-stage-hdf5-1.10.7-xexa2gll6hf6okdatgrxiwhcjs2uepc7/spack-src/src/H5FDsec2.c line 856 in H5FD__sec2_write(): file write failed: time = Wed Nov 19 08:34:39 2025
, filename = 'checkpoint.h5', file descriptor = 5, errno = 14, error message = 'Bad address', buf = 0x1555537c4000, total write size = 15969552, bytes this sub-write = 15969552, bytes actually written = 18446744073709551615, offset = 0
    major: Low-level I/O
    minor: Write failed
HDF5-DIAG: Error detected in HDF5 (1.10.7) thread 0:
  #000: /scratch/spack_cpu/job_21700923/spack-stage/spack-stage-hdf5-1.10.7-xexa2gll6hf6okdatgrxiwhcjs2uepc7/spack-src/src/H5Dio.c line 335 in H5Dwrite(): can't write data
    major: Dataset
    minor: Write failed
  #001: /scratch/spack_cpu/job_21700923/spack-stage/spack-stage-hdf5-1.10.7-xexa2gll6hf6okdatgrxiwhcjs2uepc7/spack-src/src/H5Dio.c line 813 in H5D__write(): can't write data
    major: Dataset
    minor: Write failed
  #002: /scratch/spack_cpu/job_21700923/spack-stage/spack-stage-hdf5-1.10.7-xexa2gll6hf6okdatgrxiwhcjs2uepc7/spack-src/src/H5Dcontig.c line 659 in H5D__contig_write(): contiguous write failed
    major: Dataset
    minor: Write failed
  #003: /scratch/spack_cpu/job_21700923/spack-stage/spack-stage-hdf5-1.10.7-xexa2gll6hf6okdatgrxiwhcjs2uepc7/spack-src/src/H5Dselect.c line 321 in H5D__select_write(): write error
    major: Dataspace
    minor: Write failed
  #004: /scratch/spack_cpu/job_21700923/spack-stage/spack-stage-hdf5-1.10.7-xexa2gll6hf6okdatgrxiwhcjs2uepc7/spack-src/src/H5Dselect.c line 230 in H5D__select_io(): write error
    major: Dataspace
    minor: Write failed
  #005: /scratch/spack_cpu/job_21700923/spack-stage/spack-stage-hdf5-1.10.7-xexa2gll6hf6okdatgrxiwhcjs2uepc7/spack-src/src/H5Dcontig.c line 1281 in H5D__contig_writevv(): can't perform vectorized sieve buffer write
    major: Dataset
    minor: Can't operate on object
  #006: /scratch/spack_cpu/job_21700923/spack-stage/spack-stage-hdf5-1.10.7-xexa2gll6hf6okdatgrxiwhcjs2uepc7/spack-src/src/H5VM.c line 1464 in H5VM_opvv(): can't perform operation
    major: Internal error (too specific to document in detail)
    minor: Can't operate on object
  #007: /scratch/spack_cpu/job_21700923/spack-stage/spack-stage-hdf5-1.10.7-xexa2gll6hf6okdatgrxiwhcjs2uepc7/spack-src/src/H5Dcontig.c line 1029 in H5D__contig_writevv_sieve_cb(): block write failed
    major: Dataset
    minor: Write failed
  #008: /scratch/spack_cpu/job_21700923/spack-stage/spack-stage-hdf5-1.10.7-xexa2gll6hf6okdatgrxiwhcjs2uepc7/spack-src/src/H5Fio.c line 161 in H5F_block_write(): write through page buffer failed
    major: Low-level I/O
    minor: Write failed
  #009: /scratch/spack_cpu/job_21700923/spack-stage/spack-stage-hdf5-1.10.7-xexa2gll6hf6okdatgrxiwhcjs2uepc7/spack-src/src/H5PB.c line 1032 in H5PB_write(): write through metadata accumulator failed
    major: Page Buffering
    minor: Write failed
  #010: /scratch/spack_cpu/job_21700923/spack-stage/spack-stage-hdf5-1.10.7-xexa2gll6hf6okdatgrxiwhcjs2uepc7/spack-src/src/H5Faccum.c line 824 in H5F__accum_write(): file write failed
    major: Low-level I/O
    minor: Write failed
  #011: /scratch/spack_cpu/job_21700923/spack-stage/spack-stage-hdf5-1.10.7-xexa2gll6hf6okdatgrxiwhcjs2uepc7/spack-src/src/H5FDint.c line 249 in H5FD_write(): driver write request failed
    major: Virtual File Layer
    minor: Write failed
  #012: /scratch/spack_cpu/job_21700923/spack-stage/spack-stage-hdf5-1.10.7-xexa2gll6hf6okdatgrxiwhcjs2uepc7/spack-src/src/H5FDsec2.c line 856 in H5FD__sec2_write(): file write failed: time = Wed Nov 19 08:35:20 2025
, filename = 'checkpoint.h5', file descriptor = 5, errno = 14, error message = 'Bad address', buf = 0x1555537c4000, total write size = 15969552, bytes this sub-write = 15969552, bytes actually written = 18446744073709551615, offset = 0
    major: Low-level I/O
    minor: Write failed
HDF5-DIAG: Error detected in HDF5 (1.10.7) thread 0:
  #000: /scratch/spack_cpu/job_21700923/spack-stage/spack-stage-hdf5-1.10.7-xexa2gll6hf6okdatgrxiwhcjs2uepc7/spack-src/src/H5Dio.c line 335 in H5Dwrite(): can't write data
    major: Dataset
    minor: Write failed
  #001: /scratch/spack_cpu/job_21700923/spack-stage/spack-stage-hdf5-1.10.7-xexa2gll6hf6okdatgrxiwhcjs2uepc7/spack-src/src/H5Dio.c line 813 in H5D__write(): can't write data
    major: Dataset
    minor: Write failed
  #002: /scratch/spack_cpu/job_21700923/spack-stage/spack-stage-hdf5-1.10.7-xexa2gll6hf6okdatgrxiwhcjs2uepc7/spack-src/src/H5Dcontig.c line 659 in H5D__contig_write(): contiguous write failed
    major: Dataset
    minor: Write failed
  #003: /scratch/spack_cpu/job_21700923/spack-stage/spack-stage-hdf5-1.10.7-xexa2gll6hf6okdatgrxiwhcjs2uepc7/spack-src/src/H5Dselect.c line 321 in H5D__select_write(): write error
    major: Dataspace
    minor: Write failed
  #004: /scratch/spack_cpu/job_21700923/spack-stage/spack-stage-hdf5-1.10.7-xexa2gll6hf6okdatgrxiwhcjs2uepc7/spack-src/src/H5Dselect.c line 230 in H5D__select_io(): write error
    major: Dataspace
    minor: Write failed
  #005: /scratch/spack_cpu/job_21700923/spack-stage/spack-stage-hdf5-1.10.7-xexa2gll6hf6okdatgrxiwhcjs2uepc7/spack-src/src/H5Dcontig.c line 1281 in H5D__contig_writevv(): can't perform vectorized sieve buffer write
    major: Dataset
    minor: Can't operate on object
  #006: /scratch/spack_cpu/job_21700923/spack-stage/spack-stage-hdf5-1.10.7-xexa2gll6hf6okdatgrxiwhcjs2uepc7/spack-src/src/H5VM.c line 1464 in H5VM_opvv(): can't perform operation
    major: Internal error (too specific to document in detail)
    minor: Can't operate on object
  #007: /scratch/spack_cpu/job_21700923/spack-stage/spack-stage-hdf5-1.10.7-xexa2gll6hf6okdatgrxiwhcjs2uepc7/spack-src/src/H5Dcontig.c line 1029 in H5D__contig_writevv_sieve_cb(): block write failed
    major: Dataset
    minor: Write failed
  #008: /scratch/spack_cpu/job_21700923/spack-stage/spack-stage-hdf5-1.10.7-xexa2gll6hf6okdatgrxiwhcjs2uepc7/spack-src/src/H5Fio.c line 161 in H5F_block_write(): write through page buffer failed
    major: Low-level I/O
    minor: Write failed
  #009: /scratch/spack_cpu/job_21700923/spack-stage/spack-stage-hdf5-1.10.7-xexa2gll6hf6okdatgrxiwhcjs2uepc7/spack-src/src/H5PB.c line 1032 in H5PB_write(): write through metadata accumulator failed
    major: Page Buffering
    minor: Write failed
  #010: /scratch/spack_cpu/job_21700923/spack-stage/spack-stage-hdf5-1.10.7-xexa2gll6hf6okdatgrxiwhcjs2uepc7/spack-src/src/H5Faccum.c line 824 in H5F__accum_write(): file write failed
    major: Low-level I/O
    minor: Write failed
  #011: /scratch/spack_cpu/job_21700923/spack-stage/spack-stage-hdf5-1.10.7-xexa2gll6hf6okdatgrxiwhcjs2uepc7/spack-src/src/H5FDint.c line 249 in H5FD_write(): driver write request failed
    major: Virtual File Layer
    minor: Write failed
  #012: /scratch/spack_cpu/job_21700923/spack-stage/spack-stage-hdf5-1.10.7-xexa2gll6hf6okdatgrxiwhcjs2uepc7/spack-src/src/H5FDsec2.c line 856 in H5FD__sec2_write(): file write failed: time = Wed Nov 19 08:36:03 2025
, filename = 'checkpoint.h5', file descriptor = 5, errno = 14, error message = 'Bad address', buf = 0x1555537c4000, total write size = 15969552, bytes this sub-write = 15969552, bytes actually written = 18446744073709551615, offset = 0
    major: Low-level I/O
    minor: Write failed
HDF5-DIAG: Error detected in HDF5 (1.10.7) thread 0:
  #000: /scratch/spack_cpu/job_21700923/spack-stage/spack-stage-hdf5-1.10.7-xexa2gll6hf6okdatgrxiwhcjs2uepc7/spack-src/src/H5Dio.c line 335 in H5Dwrite(): can't write data
    major: Dataset
    minor: Write failed
  #001: /scratch/spack_cpu/job_21700923/spack-stage/spack-stage-hdf5-1.10.7-xexa2gll6hf6okdatgrxiwhcjs2uepc7/spack-src/src/H5Dio.c line 813 in H5D__write(): can't write data
    major: Dataset
    minor: Write failed
  #002: /scratch/spack_cpu/job_21700923/spack-stage/spack-stage-hdf5-1.10.7-xexa2gll6hf6okdatgrxiwhcjs2uepc7/spack-src/src/H5Dcontig.c line 659 in H5D__contig_write(): contiguous write failed
    major: Dataset
    minor: Write failed
  #003: /scratch/spack_cpu/job_21700923/spack-stage/spack-stage-hdf5-1.10.7-xexa2gll6hf6okdatgrxiwhcjs2uepc7/spack-src/src/H5Dselect.c line 321 in H5D__select_write(): write error
    major: Dataspace
    minor: Write failed
  #004: /scratch/spack_cpu/job_21700923/spack-stage/spack-stage-hdf5-1.10.7-xexa2gll6hf6okdatgrxiwhcjs2uepc7/spack-src/src/H5Dselect.c line 230 in H5D__select_io(): write error
    major: Dataspace
    minor: Write failed
  #005: /scratch/spack_cpu/job_21700923/spack-stage/spack-stage-hdf5-1.10.7-xexa2gll6hf6okdatgrxiwhcjs2uepc7/spack-src/src/H5Dcontig.c line 1281 in H5D__contig_writevv(): can't perform vectorized sieve buffer write
    major: Dataset
    minor: Can't operate on object
  #006: /scratch/spack_cpu/job_21700923/spack-stage/spack-stage-hdf5-1.10.7-xexa2gll6hf6okdatgrxiwhcjs2uepc7/spack-src/src/H5VM.c line 1464 in H5VM_opvv(): can't perform operation
    major: Internal error (too specific to document in detail)
    minor: Can't operate on object
  #007: /scratch/spack_cpu/job_21700923/spack-stage/spack-stage-hdf5-1.10.7-xexa2gll6hf6okdatgrxiwhcjs2uepc7/spack-src/src/H5Dcontig.c line 1029 in H5D__contig_writevv_sieve_cb(): block write failed
    major: Dataset
    minor: Write failed
  #008: /scratch/spack_cpu/job_21700923/spack-stage/spack-stage-hdf5-1.10.7-xexa2gll6hf6okdatgrxiwhcjs2uepc7/spack-src/src/H5Fio.c line 161 in H5F_block_write(): write through page buffer failed
    major: Low-level I/O
    minor: Write failed
  #009: /scratch/spack_cpu/job_21700923/spack-stage/spack-stage-hdf5-1.10.7-xexa2gll6hf6okdatgrxiwhcjs2uepc7/spack-src/src/H5PB.c line 1032 in H5PB_write(): write through metadata accumulator failed
    major: Page Buffering
    minor: Write failed
  #010: /scratch/spack_cpu/job_21700923/spack-stage/spack-stage-hdf5-1.10.7-xexa2gll6hf6okdatgrxiwhcjs2uepc7/spack-src/src/H5Faccum.c line 824 in H5F__accum_write(): file write failed
    major: Low-level I/O
    minor: Write failed
  #011: /scratch/spack_cpu/job_21700923/spack-stage/spack-stage-hdf5-1.10.7-xexa2gll6hf6okdatgrxiwhcjs2uepc7/spack-src/src/H5FDint.c line 249 in H5FD_write(): driver write request failed
    major: Virtual File Layer
    minor: Write failed
  #012: /scratch/spack_cpu/job_21700923/spack-stage/spack-stage-hdf5-1.10.7-xexa2gll6hf6okdatgrxiwhcjs2uepc7/spack-src/src/H5FDsec2.c line 856 in H5FD__sec2_write(): file write failed: time = Wed Nov 19 08:36:45 2025
, filename = 'checkpoint.h5', file descriptor = 5, errno = 14, error message = 'Bad address', buf = 0x1555537c4000, total write size = 15969552, bytes this sub-write = 15969552, bytes actually written = 18446744073709551615, offset = 0
    major: Low-level I/O
    minor: Write failed
HDF5-DIAG: Error detected in HDF5 (1.10.7) thread 0:
  #000: /scratch/spack_cpu/job_21700923/spack-stage/spack-stage-hdf5-1.10.7-xexa2gll6hf6okdatgrxiwhcjs2uepc7/spack-src/src/H5Dio.c line 335 in H5Dwrite(): can't write data
    major: Dataset
    minor: Write failed
  #001: /scratch/spack_cpu/job_21700923/spack-stage/spack-stage-hdf5-1.10.7-xexa2gll6hf6okdatgrxiwhcjs2uepc7/spack-src/src/H5Dio.c line 813 in H5D__write(): can't write data
    major: Dataset
    minor: Write failed
  #002: /scratch/spack_cpu/job_21700923/spack-stage/spack-stage-hdf5-1.10.7-xexa2gll6hf6okdatgrxiwhcjs2uepc7/spack-src/src/H5Dcontig.c line 659 in H5D__contig_write(): contiguous write failed
    major: Dataset
    minor: Write failed
  #003: /scratch/spack_cpu/job_21700923/spack-stage/spack-stage-hdf5-1.10.7-xexa2gll6hf6okdatgrxiwhcjs2uepc7/spack-src/src/H5Dselect.c line 321 in H5D__select_write(): write error
    major: Dataspace
    minor: Write failed
  #004: /scratch/spack_cpu/job_21700923/spack-stage/spack-stage-hdf5-1.10.7-xexa2gll6hf6okdatgrxiwhcjs2uepc7/spack-src/src/H5Dselect.c line 230 in H5D__select_io(): write error
    major: Dataspace
    minor: Write failed
  #005: /scratch/spack_cpu/job_21700923/spack-stage/spack-stage-hdf5-1.10.7-xexa2gll6hf6okdatgrxiwhcjs2uepc7/spack-src/src/H5Dcontig.c line 1281 in H5D__contig_writevv(): can't perform vectorized sieve buffer write
    major: Dataset
    minor: Can't operate on object
  #006: /scratch/spack_cpu/job_21700923/spack-stage/spack-stage-hdf5-1.10.7-xexa2gll6hf6okdatgrxiwhcjs2uepc7/spack-src/src/H5VM.c line 1464 in H5VM_opvv(): can't perform operation
    major: Internal error (too specific to document in detail)
    minor: Can't operate on object
  #007: /scratch/spack_cpu/job_21700923/spack-stage/spack-stage-hdf5-1.10.7-xexa2gll6hf6okdatgrxiwhcjs2uepc7/spack-src/src/H5Dcontig.c line 1029 in H5D__contig_writevv_sieve_cb(): block write failed
    major: Dataset
    minor: Write failed
  #008: /scratch/spack_cpu/job_21700923/spack-stage/spack-stage-hdf5-1.10.7-xexa2gll6hf6okdatgrxiwhcjs2uepc7/spack-src/src/H5Fio.c line 161 in H5F_block_write(): write through page buffer failed
    major: Low-level I/O
    minor: Write failed
  #009: /scratch/spack_cpu/job_21700923/spack-stage/spack-stage-hdf5-1.10.7-xexa2gll6hf6okdatgrxiwhcjs2uepc7/spack-src/src/H5PB.c line 1032 in H5PB_write(): write through metadata accumulator failed
    major: Page Buffering
    minor: Write failed
  #010: /scratch/spack_cpu/job_21700923/spack-stage/spack-stage-hdf5-1.10.7-xexa2gll6hf6okdatgrxiwhcjs2uepc7/spack-src/src/H5Faccum.c line 824 in H5F__accum_write(): file write failed
    major: Low-level I/O
    minor: Write failed
  #011: /scratch/spack_cpu/job_21700923/spack-stage/spack-stage-hdf5-1.10.7-xexa2gll6hf6okdatgrxiwhcjs2uepc7/spack-src/src/H5FDint.c line 249 in H5FD_write(): driver write request failed
    major: Virtual File Layer
    minor: Write failed
  #012: /scratch/spack_cpu/job_21700923/spack-stage/spack-stage-hdf5-1.10.7-xexa2gll6hf6okdatgrxiwhcjs2uepc7/spack-src/src/H5FDsec2.c line 856 in H5FD__sec2_write(): file write failed: time = Wed Nov 19 08:37:28 2025
, filename = 'checkpoint.h5', file descriptor = 5, errno = 14, error message = 'Bad address', buf = 0x1555537c4000, total write size = 15969552, bytes this sub-write = 15969552, bytes actually written = 18446744073709551615, offset = 0
    major: Low-level I/O
    minor: Write failed
HDF5-DIAG: Error detected in HDF5 (1.10.7) thread 0:
  #000: /scratch/spack_cpu/job_21700923/spack-stage/spack-stage-hdf5-1.10.7-xexa2gll6hf6okdatgrxiwhcjs2uepc7/spack-src/src/H5Dio.c line 335 in H5Dwrite(): can't write data
    major: Dataset
    minor: Write failed
  #001: /scratch/spack_cpu/job_21700923/spack-stage/spack-stage-hdf5-1.10.7-xexa2gll6hf6okdatgrxiwhcjs2uepc7/spack-src/src/H5Dio.c line 813 in H5D__write(): can't write data
    major: Dataset
    minor: Write failed
  #002: /scratch/spack_cpu/job_21700923/spack-stage/spack-stage-hdf5-1.10.7-xexa2gll6hf6okdatgrxiwhcjs2uepc7/spack-src/src/H5Dcontig.c line 659 in H5D__contig_write(): contiguous write failed
    major: Dataset
    minor: Write failed
  #003: /scratch/spack_cpu/job_21700923/spack-stage/spack-stage-hdf5-1.10.7-xexa2gll6hf6okdatgrxiwhcjs2uepc7/spack-src/src/H5Dselect.c line 321 in H5D__select_write(): write error
    major: Dataspace
    minor: Write failed
  #004: /scratch/spack_cpu/job_21700923/spack-stage/spack-stage-hdf5-1.10.7-xexa2gll6hf6okdatgrxiwhcjs2uepc7/spack-src/src/H5Dselect.c line 230 in H5D__select_io(): write error
    major: Dataspace
    minor: Write failed
  #005: /scratch/spack_cpu/job_21700923/spack-stage/spack-stage-hdf5-1.10.7-xexa2gll6hf6okdatgrxiwhcjs2uepc7/spack-src/src/H5Dcontig.c line 1281 in H5D__contig_writevv(): can't perform vectorized sieve buffer write
    major: Dataset
    minor: Can't operate on object
  #006: /scratch/spack_cpu/job_21700923/spack-stage/spack-stage-hdf5-1.10.7-xexa2gll6hf6okdatgrxiwhcjs2uepc7/spack-src/src/H5VM.c line 1464 in H5VM_opvv(): can't perform operation
    major: Internal error (too specific to document in detail)
    minor: Can't operate on object
  #007: /scratch/spack_cpu/job_21700923/spack-stage/spack-stage-hdf5-1.10.7-xexa2gll6hf6okdatgrxiwhcjs2uepc7/spack-src/src/H5Dcontig.c line 1029 in H5D__contig_writevv_sieve_cb(): block write failed
    major: Dataset
    minor: Write failed
  #008: /scratch/spack_cpu/job_21700923/spack-stage/spack-stage-hdf5-1.10.7-xexa2gll6hf6okdatgrxiwhcjs2uepc7/spack-src/src/H5Fio.c line 161 in H5F_block_write(): write through page buffer failed
    major: Low-level I/O
    minor: Write failed
  #009: /scratch/spack_cpu/job_21700923/spack-stage/spack-stage-hdf5-1.10.7-xexa2gll6hf6okdatgrxiwhcjs2uepc7/spack-src/src/H5PB.c line 1032 in H5PB_write(): write through metadata accumulator failed
    major: Page Buffering
    minor: Write failed
  #010: /scratch/spack_cpu/job_21700923/spack-stage/spack-stage-hdf5-1.10.7-xexa2gll6hf6okdatgrxiwhcjs2uepc7/spack-src/src/H5Faccum.c line 824 in H5F__accum_write(): file write failed
    major: Low-level I/O
    minor: Write failed
  #011: /scratch/spack_cpu/job_21700923/spack-stage/spack-stage-hdf5-1.10.7-xexa2gll6hf6okdatgrxiwhcjs2uepc7/spack-src/src/H5FDint.c line 249 in H5FD_write(): driver write request failed
    major: Virtual File Layer
    minor: Write failed
  #012: /scratch/spack_cpu/job_21700923/spack-stage/spack-stage-hdf5-1.10.7-xexa2gll6hf6okdatgrxiwhcjs2uepc7/spack-src/src/H5FDsec2.c line 856 in H5FD__sec2_write(): file write failed: time = Wed Nov 19 08:38:10 2025
, filename = 'checkpoint.h5', file descriptor = 5, errno = 14, error message = 'Bad address', buf = 0x1555537c4000, total write size = 15969552, bytes this sub-write = 15969552, bytes actually written = 18446744073709551615, offset = 0
    major: Low-level I/O
    minor: Write failed
HDF5-DIAG: Error detected in HDF5 (1.10.7) thread 0:
  #000: /scratch/spack_cpu/job_21700923/spack-stage/spack-stage-hdf5-1.10.7-xexa2gll6hf6okdatgrxiwhcjs2uepc7/spack-src/src/H5Dio.c line 335 in H5Dwrite(): can't write data
    major: Dataset
    minor: Write failed
  #001: /scratch/spack_cpu/job_21700923/spack-stage/spack-stage-hdf5-1.10.7-xexa2gll6hf6okdatgrxiwhcjs2uepc7/spack-src/src/H5Dio.c line 813 in H5D__write(): can't write data
    major: Dataset
    minor: Write failed
  #002: /scratch/spack_cpu/job_21700923/spack-stage/spack-stage-hdf5-1.10.7-xexa2gll6hf6okdatgrxiwhcjs2uepc7/spack-src/src/H5Dcontig.c line 659 in H5D__contig_write(): contiguous write failed
    major: Dataset
    minor: Write failed
  #003: /scratch/spack_cpu/job_21700923/spack-stage/spack-stage-hdf5-1.10.7-xexa2gll6hf6okdatgrxiwhcjs2uepc7/spack-src/src/H5Dselect.c line 321 in H5D__select_write(): write error
    major: Dataspace
    minor: Write failed
  #004: /scratch/spack_cpu/job_21700923/spack-stage/spack-stage-hdf5-1.10.7-xexa2gll6hf6okdatgrxiwhcjs2uepc7/spack-src/src/H5Dselect.c line 230 in H5D__select_io(): write error
    major: Dataspace
    minor: Write failed
  #005: /scratch/spack_cpu/job_21700923/spack-stage/spack-stage-hdf5-1.10.7-xexa2gll6hf6okdatgrxiwhcjs2uepc7/spack-src/src/H5Dcontig.c line 1281 in H5D__contig_writevv(): can't perform vectorized sieve buffer write
    major: Dataset
    minor: Can't operate on object
  #006: /scratch/spack_cpu/job_21700923/spack-stage/spack-stage-hdf5-1.10.7-xexa2gll6hf6okdatgrxiwhcjs2uepc7/spack-src/src/H5VM.c line 1464 in H5VM_opvv(): can't perform operation
    major: Internal error (too specific to document in detail)
    minor: Can't operate on object
  #007: /scratch/spack_cpu/job_21700923/spack-stage/spack-stage-hdf5-1.10.7-xexa2gll6hf6okdatgrxiwhcjs2uepc7/spack-src/src/H5Dcontig.c line 1029 in H5D__contig_writevv_sieve_cb(): block write failed
    major: Dataset
    minor: Write failed
  #008: /scratch/spack_cpu/job_21700923/spack-stage/spack-stage-hdf5-1.10.7-xexa2gll6hf6okdatgrxiwhcjs2uepc7/spack-src/src/H5Fio.c line 161 in H5F_block_write(): write through page buffer failed
    major: Low-level I/O
    minor: Write failed
  #009: /scratch/spack_cpu/job_21700923/spack-stage/spack-stage-hdf5-1.10.7-xexa2gll6hf6okdatgrxiwhcjs2uepc7/spack-src/src/H5PB.c line 1032 in H5PB_write(): write through metadata accumulator failed
    major: Page Buffering
    minor: Write failed
  #010: /scratch/spack_cpu/job_21700923/spack-stage/spack-stage-hdf5-1.10.7-xexa2gll6hf6okdatgrxiwhcjs2uepc7/spack-src/src/H5Faccum.c line 824 in H5F__accum_write(): file write failed
    major: Low-level I/O
    minor: Write failed
  #011: /scratch/spack_cpu/job_21700923/spack-stage/spack-stage-hdf5-1.10.7-xexa2gll6hf6okdatgrxiwhcjs2uepc7/spack-src/src/H5FDint.c line 249 in H5FD_write(): driver write request failed
    major: Virtual File Layer
    minor: Write failed
  #012: /scratch/spack_cpu/job_21700923/spack-stage/spack-stage-hdf5-1.10.7-xexa2gll6hf6okdatgrxiwhcjs2uepc7/spack-src/src/H5FDsec2.c line 856 in H5FD__sec2_write(): file write failed: time = Wed Nov 19 08:38:51 2025
, filename = 'checkpoint.h5', file descriptor = 5, errno = 14, error message = 'Bad address', buf = 0x1555537c4000, total write size = 15969552, bytes this sub-write = 15969552, bytes actually written = 18446744073709551615, offset = 0
    major: Low-level I/O
    minor: Write failed
HDF5-DIAG: Error detected in HDF5 (1.10.7) thread 0:
  #000: /scratch/spack_cpu/job_21700923/spack-stage/spack-stage-hdf5-1.10.7-xexa2gll6hf6okdatgrxiwhcjs2uepc7/spack-src/src/H5Dio.c line 335 in H5Dwrite(): can't write data
    major: Dataset
    minor: Write failed
  #001: /scratch/spack_cpu/job_21700923/spack-stage/spack-stage-hdf5-1.10.7-xexa2gll6hf6okdatgrxiwhcjs2uepc7/spack-src/src/H5Dio.c line 813 in H5D__write(): can't write data
    major: Dataset
    minor: Write failed
  #002: /scratch/spack_cpu/job_21700923/spack-stage/spack-stage-hdf5-1.10.7-xexa2gll6hf6okdatgrxiwhcjs2uepc7/spack-src/src/H5Dcontig.c line 659 in H5D__contig_write(): contiguous write failed
    major: Dataset
    minor: Write failed
  #003: /scratch/spack_cpu/job_21700923/spack-stage/spack-stage-hdf5-1.10.7-xexa2gll6hf6okdatgrxiwhcjs2uepc7/spack-src/src/H5Dselect.c line 321 in H5D__select_write(): write error
    major: Dataspace
    minor: Write failed
  #004: /scratch/spack_cpu/job_21700923/spack-stage/spack-stage-hdf5-1.10.7-xexa2gll6hf6okdatgrxiwhcjs2uepc7/spack-src/src/H5Dselect.c line 230 in H5D__select_io(): write error
    major: Dataspace
    minor: Write failed
  #005: /scratch/spack_cpu/job_21700923/spack-stage/spack-stage-hdf5-1.10.7-xexa2gll6hf6okdatgrxiwhcjs2uepc7/spack-src/src/H5Dcontig.c line 1281 in H5D__contig_writevv(): can't perform vectorized sieve buffer write
    major: Dataset
    minor: Can't operate on object
  #006: /scratch/spack_cpu/job_21700923/spack-stage/spack-stage-hdf5-1.10.7-xexa2gll6hf6okdatgrxiwhcjs2uepc7/spack-src/src/H5VM.c line 1464 in H5VM_opvv(): can't perform operation
    major: Internal error (too specific to document in detail)
    minor: Can't operate on object
  #007: /scratch/spack_cpu/job_21700923/spack-stage/spack-stage-hdf5-1.10.7-xexa2gll6hf6okdatgrxiwhcjs2uepc7/spack-src/src/H5Dcontig.c line 1029 in H5D__contig_writevv_sieve_cb(): block write failed
    major: Dataset
    minor: Write failed
  #008: /scratch/spack_cpu/job_21700923/spack-stage/spack-stage-hdf5-1.10.7-xexa2gll6hf6okdatgrxiwhcjs2uepc7/spack-src/src/H5Fio.c line 161 in H5F_block_write(): write through page buffer failed
    major: Low-level I/O
    minor: Write failed
  #009: /scratch/spack_cpu/job_21700923/spack-stage/spack-stage-hdf5-1.10.7-xexa2gll6hf6okdatgrxiwhcjs2uepc7/spack-src/src/H5PB.c line 1032 in H5PB_write(): write through metadata accumulator failed
    major: Page Buffering
    minor: Write failed
  #010: /scratch/spack_cpu/job_21700923/spack-stage/spack-stage-hdf5-1.10.7-xexa2gll6hf6okdatgrxiwhcjs2uepc7/spack-src/src/H5Faccum.c line 824 in H5F__accum_write(): file write failed
    major: Low-level I/O
    minor: Write failed
  #011: /scratch/spack_cpu/job_21700923/spack-stage/spack-stage-hdf5-1.10.7-xexa2gll6hf6okdatgrxiwhcjs2uepc7/spack-src/src/H5FDint.c line 249 in H5FD_write(): driver write request failed
    major: Virtual File Layer
    minor: Write failed
  #012: /scratch/spack_cpu/job_21700923/spack-stage/spack-stage-hdf5-1.10.7-xexa2gll6hf6okdatgrxiwhcjs2uepc7/spack-src/src/H5FDsec2.c line 856 in H5FD__sec2_write(): file write failed: time = Wed Nov 19 08:39:33 2025
, filename = 'checkpoint.h5', file descriptor = 5, errno = 14, error message = 'Bad address', buf = 0x1555537c4000, total write size = 15969552, bytes this sub-write = 15969552, bytes actually written = 18446744073709551615, offset = 0
    major: Low-level I/O
    minor: Write failed
HDF5-DIAG: Error detected in HDF5 (1.10.7) thread 0:
  #000: /scratch/spack_cpu/job_21700923/spack-stage/spack-stage-hdf5-1.10.7-xexa2gll6hf6okdatgrxiwhcjs2uepc7/spack-src/src/H5Dio.c line 335 in H5Dwrite(): can't write data
    major: Dataset
    minor: Write failed
  #001: /scratch/spack_cpu/job_21700923/spack-stage/spack-stage-hdf5-1.10.7-xexa2gll6hf6okdatgrxiwhcjs2uepc7/spack-src/src/H5Dio.c line 813 in H5D__write(): can't write data
    major: Dataset
    minor: Write failed
  #002: /scratch/spack_cpu/job_21700923/spack-stage/spack-stage-hdf5-1.10.7-xexa2gll6hf6okdatgrxiwhcjs2uepc7/spack-src/src/H5Dcontig.c line 659 in H5D__contig_write(): contiguous write failed
    major: Dataset
    minor: Write failed
  #003: /scratch/spack_cpu/job_21700923/spack-stage/spack-stage-hdf5-1.10.7-xexa2gll6hf6okdatgrxiwhcjs2uepc7/spack-src/src/H5Dselect.c line 321 in H5D__select_write(): write error
    major: Dataspace
    minor: Write failed
  #004: /scratch/spack_cpu/job_21700923/spack-stage/spack-stage-hdf5-1.10.7-xexa2gll6hf6okdatgrxiwhcjs2uepc7/spack-src/src/H5Dselect.c line 230 in H5D__select_io(): write error
    major: Dataspace
    minor: Write failed
  #005: /scratch/spack_cpu/job_21700923/spack-stage/spack-stage-hdf5-1.10.7-xexa2gll6hf6okdatgrxiwhcjs2uepc7/spack-src/src/H5Dcontig.c line 1281 in H5D__contig_writevv(): can't perform vectorized sieve buffer write
    major: Dataset
    minor: Can't operate on object
  #006: /scratch/spack_cpu/job_21700923/spack-stage/spack-stage-hdf5-1.10.7-xexa2gll6hf6okdatgrxiwhcjs2uepc7/spack-src/src/H5VM.c line 1464 in H5VM_opvv(): can't perform operation
    major: Internal error (too specific to document in detail)
    minor: Can't operate on object
  #007: /scratch/spack_cpu/job_21700923/spack-stage/spack-stage-hdf5-1.10.7-xexa2gll6hf6okdatgrxiwhcjs2uepc7/spack-src/src/H5Dcontig.c line 1029 in H5D__contig_writevv_sieve_cb(): block write failed
    major: Dataset
    minor: Write failed
  #008: /scratch/spack_cpu/job_21700923/spack-stage/spack-stage-hdf5-1.10.7-xexa2gll6hf6okdatgrxiwhcjs2uepc7/spack-src/src/H5Fio.c line 161 in H5F_block_write(): write through page buffer failed
    major: Low-level I/O
    minor: Write failed
  #009: /scratch/spack_cpu/job_21700923/spack-stage/spack-stage-hdf5-1.10.7-xexa2gll6hf6okdatgrxiwhcjs2uepc7/spack-src/src/H5PB.c line 1032 in H5PB_write(): write through metadata accumulator failed
    major: Page Buffering
    minor: Write failed
  #010: /scratch/spack_cpu/job_21700923/spack-stage/spack-stage-hdf5-1.10.7-xexa2gll6hf6okdatgrxiwhcjs2uepc7/spack-src/src/H5Faccum.c line 824 in H5F__accum_write(): file write failed
    major: Low-level I/O
    minor: Write failed
  #011: /scratch/spack_cpu/job_21700923/spack-stage/spack-stage-hdf5-1.10.7-xexa2gll6hf6okdatgrxiwhcjs2uepc7/spack-src/src/H5FDint.c line 249 in H5FD_write(): driver write request failed
    major: Virtual File Layer
    minor: Write failed
  #012: /scratch/spack_cpu/job_21700923/spack-stage/spack-stage-hdf5-1.10.7-xexa2gll6hf6okdatgrxiwhcjs2uepc7/spack-src/src/H5FDsec2.c line 856 in H5FD__sec2_write(): file write failed: time = Wed Nov 19 08:40:13 2025
, filename = 'checkpoint.h5', file descriptor = 5, errno = 14, error message = 'Bad address', buf = 0x1555537c4000, total write size = 15969552, bytes this sub-write = 15969552, bytes actually written = 18446744073709551615, offset = 0
    major: Low-level I/O
    minor: Write failed
HDF5-DIAG: Error detected in HDF5 (1.10.7) thread 0:
  #000: /scratch/spack_cpu/job_21700923/spack-stage/spack-stage-hdf5-1.10.7-xexa2gll6hf6okdatgrxiwhcjs2uepc7/spack-src/src/H5Dio.c line 335 in H5Dwrite(): can't write data
    major: Dataset
    minor: Write failed
  #001: /scratch/spack_cpu/job_21700923/spack-stage/spack-stage-hdf5-1.10.7-xexa2gll6hf6okdatgrxiwhcjs2uepc7/spack-src/src/H5Dio.c line 813 in H5D__write(): can't write data
    major: Dataset
    minor: Write failed
  #002: /scratch/spack_cpu/job_21700923/spack-stage/spack-stage-hdf5-1.10.7-xexa2gll6hf6okdatgrxiwhcjs2uepc7/spack-src/src/H5Dcontig.c line 659 in H5D__contig_write(): contiguous write failed
    major: Dataset
    minor: Write failed
  #003: /scratch/spack_cpu/job_21700923/spack-stage/spack-stage-hdf5-1.10.7-xexa2gll6hf6okdatgrxiwhcjs2uepc7/spack-src/src/H5Dselect.c line 321 in H5D__select_write(): write error
    major: Dataspace
    minor: Write failed
  #004: /scratch/spack_cpu/job_21700923/spack-stage/spack-stage-hdf5-1.10.7-xexa2gll6hf6okdatgrxiwhcjs2uepc7/spack-src/src/H5Dselect.c line 230 in H5D__select_io(): write error
    major: Dataspace
    minor: Write failed
  #005: /scratch/spack_cpu/job_21700923/spack-stage/spack-stage-hdf5-1.10.7-xexa2gll6hf6okdatgrxiwhcjs2uepc7/spack-src/src/H5Dcontig.c line 1281 in H5D__contig_writevv(): can't perform vectorized sieve buffer write
    major: Dataset
    minor: Can't operate on object
  #006: /scratch/spack_cpu/job_21700923/spack-stage/spack-stage-hdf5-1.10.7-xexa2gll6hf6okdatgrxiwhcjs2uepc7/spack-src/src/H5VM.c line 1464 in H5VM_opvv(): can't perform operation
    major: Internal error (too specific to document in detail)
    minor: Can't operate on object
  #007: /scratch/spack_cpu/job_21700923/spack-stage/spack-stage-hdf5-1.10.7-xexa2gll6hf6okdatgrxiwhcjs2uepc7/spack-src/src/H5Dcontig.c line 1029 in H5D__contig_writevv_sieve_cb(): block write failed
    major: Dataset
    minor: Write failed
  #008: /scratch/spack_cpu/job_21700923/spack-stage/spack-stage-hdf5-1.10.7-xexa2gll6hf6okdatgrxiwhcjs2uepc7/spack-src/src/H5Fio.c line 161 in H5F_block_write(): write through page buffer failed
    major: Low-level I/O
    minor: Write failed
  #009: /scratch/spack_cpu/job_21700923/spack-stage/spack-stage-hdf5-1.10.7-xexa2gll6hf6okdatgrxiwhcjs2uepc7/spack-src/src/H5PB.c line 1032 in H5PB_write(): write through metadata accumulator failed
    major: Page Buffering
    minor: Write failed
  #010: /scratch/spack_cpu/job_21700923/spack-stage/spack-stage-hdf5-1.10.7-xexa2gll6hf6okdatgrxiwhcjs2uepc7/spack-src/src/H5Faccum.c line 824 in H5F__accum_write(): file write failed
    major: Low-level I/O
    minor: Write failed
  #011: /scratch/spack_cpu/job_21700923/spack-stage/spack-stage-hdf5-1.10.7-xexa2gll6hf6okdatgrxiwhcjs2uepc7/spack-src/src/H5FDint.c line 249 in H5FD_write(): driver write request failed
    major: Virtual File Layer
    minor: Write failed
  #012: /scratch/spack_cpu/job_21700923/spack-stage/spack-stage-hdf5-1.10.7-xexa2gll6hf6okdatgrxiwhcjs2uepc7/spack-src/src/H5FDsec2.c line 856 in H5FD__sec2_write(): file write failed: time = Wed Nov 19 08:40:55 2025
, filename = 'checkpoint.h5', file descriptor = 5, errno = 14, error message = 'Bad address', buf = 0x1555537c4000, total write size = 15969552, bytes this sub-write = 15969552, bytes actually written = 18446744073709551615, offset = 0
    major: Low-level I/O
    minor: Write failed
HDF5-DIAG: Error detected in HDF5 (1.10.7) thread 0:
  #000: /scratch/spack_cpu/job_21700923/spack-stage/spack-stage-hdf5-1.10.7-xexa2gll6hf6okdatgrxiwhcjs2uepc7/spack-src/src/H5Dio.c line 335 in H5Dwrite(): can't write data
    major: Dataset
    minor: Write failed
  #001: /scratch/spack_cpu/job_21700923/spack-stage/spack-stage-hdf5-1.10.7-xexa2gll6hf6okdatgrxiwhcjs2uepc7/spack-src/src/H5Dio.c line 813 in H5D__write(): can't write data
    major: Dataset
    minor: Write failed
  #002: /scratch/spack_cpu/job_21700923/spack-stage/spack-stage-hdf5-1.10.7-xexa2gll6hf6okdatgrxiwhcjs2uepc7/spack-src/src/H5Dcontig.c line 659 in H5D__contig_write(): contiguous write failed
    major: Dataset
    minor: Write failed
  #003: /scratch/spack_cpu/job_21700923/spack-stage/spack-stage-hdf5-1.10.7-xexa2gll6hf6okdatgrxiwhcjs2uepc7/spack-src/src/H5Dselect.c line 321 in H5D__select_write(): write error
    major: Dataspace
    minor: Write failed
  #004: /scratch/spack_cpu/job_21700923/spack-stage/spack-stage-hdf5-1.10.7-xexa2gll6hf6okdatgrxiwhcjs2uepc7/spack-src/src/H5Dselect.c line 230 in H5D__select_io(): write error
    major: Dataspace
    minor: Write failed
  #005: /scratch/spack_cpu/job_21700923/spack-stage/spack-stage-hdf5-1.10.7-xexa2gll6hf6okdatgrxiwhcjs2uepc7/spack-src/src/H5Dcontig.c line 1281 in H5D__contig_writevv(): can't perform vectorized sieve buffer write
    major: Dataset
    minor: Can't operate on object
  #006: /scratch/spack_cpu/job_21700923/spack-stage/spack-stage-hdf5-1.10.7-xexa2gll6hf6okdatgrxiwhcjs2uepc7/spack-src/src/H5VM.c line 1464 in H5VM_opvv(): can't perform operation
    major: Internal error (too specific to document in detail)
    minor: Can't operate on object
  #007: /scratch/spack_cpu/job_21700923/spack-stage/spack-stage-hdf5-1.10.7-xexa2gll6hf6okdatgrxiwhcjs2uepc7/spack-src/src/H5Dcontig.c line 1029 in H5D__contig_writevv_sieve_cb(): block write failed
    major: Dataset
    minor: Write failed
  #008: /scratch/spack_cpu/job_21700923/spack-stage/spack-stage-hdf5-1.10.7-xexa2gll6hf6okdatgrxiwhcjs2uepc7/spack-src/src/H5Fio.c line 161 in H5F_block_write(): write through page buffer failed
    major: Low-level I/O
    minor: Write failed
  #009: /scratch/spack_cpu/job_21700923/spack-stage/spack-stage-hdf5-1.10.7-xexa2gll6hf6okdatgrxiwhcjs2uepc7/spack-src/src/H5PB.c line 1032 in H5PB_write(): write through metadata accumulator failed
    major: Page Buffering
    minor: Write failed
  #010: /scratch/spack_cpu/job_21700923/spack-stage/spack-stage-hdf5-1.10.7-xexa2gll6hf6okdatgrxiwhcjs2uepc7/spack-src/src/H5Faccum.c line 824 in H5F__accum_write(): file write failed
    major: Low-level I/O
    minor: Write failed
  #011: /scratch/spack_cpu/job_21700923/spack-stage/spack-stage-hdf5-1.10.7-xexa2gll6hf6okdatgrxiwhcjs2uepc7/spack-src/src/H5FDint.c line 249 in H5FD_write(): driver write request failed
    major: Virtual File Layer
    minor: Write failed
  #012: /scratch/spack_cpu/job_21700923/spack-stage/spack-stage-hdf5-1.10.7-xexa2gll6hf6okdatgrxiwhcjs2uepc7/spack-src/src/H5FDsec2.c line 856 in H5FD__sec2_write(): file write failed: time = Wed Nov 19 08:41:38 2025
, filename = 'checkpoint.h5', file descriptor = 5, errno = 14, error message = 'Bad address', buf = 0x1555537c4000, total write size = 15969552, bytes this sub-write = 15969552, bytes actually written = 18446744073709551615, offset = 0
    major: Low-level I/O
    minor: Write failed
HDF5-DIAG: Error detected in HDF5 (1.10.7) thread 0:
  #000: /scratch/spack_cpu/job_21700923/spack-stage/spack-stage-hdf5-1.10.7-xexa2gll6hf6okdatgrxiwhcjs2uepc7/spack-src/src/H5Dio.c line 335 in H5Dwrite(): can't write data
    major: Dataset
    minor: Write failed
  #001: /scratch/spack_cpu/job_21700923/spack-stage/spack-stage-hdf5-1.10.7-xexa2gll6hf6okdatgrxiwhcjs2uepc7/spack-src/src/H5Dio.c line 813 in H5D__write(): can't write data
    major: Dataset
    minor: Write failed
  #002: /scratch/spack_cpu/job_21700923/spack-stage/spack-stage-hdf5-1.10.7-xexa2gll6hf6okdatgrxiwhcjs2uepc7/spack-src/src/H5Dcontig.c line 659 in H5D__contig_write(): contiguous write failed
    major: Dataset
    minor: Write failed
  #003: /scratch/spack_cpu/job_21700923/spack-stage/spack-stage-hdf5-1.10.7-xexa2gll6hf6okdatgrxiwhcjs2uepc7/spack-src/src/H5Dselect.c line 321 in H5D__select_write(): write error
    major: Dataspace
    minor: Write failed
  #004: /scratch/spack_cpu/job_21700923/spack-stage/spack-stage-hdf5-1.10.7-xexa2gll6hf6okdatgrxiwhcjs2uepc7/spack-src/src/H5Dselect.c line 230 in H5D__select_io(): write error
    major: Dataspace
    minor: Write failed
  #005: /scratch/spack_cpu/job_21700923/spack-stage/spack-stage-hdf5-1.10.7-xexa2gll6hf6okdatgrxiwhcjs2uepc7/spack-src/src/H5Dcontig.c line 1281 in H5D__contig_writevv(): can't perform vectorized sieve buffer write
    major: Dataset
    minor: Can't operate on object
  #006: /scratch/spack_cpu/job_21700923/spack-stage/spack-stage-hdf5-1.10.7-xexa2gll6hf6okdatgrxiwhcjs2uepc7/spack-src/src/H5VM.c line 1464 in H5VM_opvv(): can't perform operation
    major: Internal error (too specific to document in detail)
    minor: Can't operate on object
  #007: /scratch/spack_cpu/job_21700923/spack-stage/spack-stage-hdf5-1.10.7-xexa2gll6hf6okdatgrxiwhcjs2uepc7/spack-src/src/H5Dcontig.c line 1029 in H5D__contig_writevv_sieve_cb(): block write failed
    major: Dataset
    minor: Write failed
  #008: /scratch/spack_cpu/job_21700923/spack-stage/spack-stage-hdf5-1.10.7-xexa2gll6hf6okdatgrxiwhcjs2uepc7/spack-src/src/H5Fio.c line 161 in H5F_block_write(): write through page buffer failed
    major: Low-level I/O
    minor: Write failed
  #009: /scratch/spack_cpu/job_21700923/spack-stage/spack-stage-hdf5-1.10.7-xexa2gll6hf6okdatgrxiwhcjs2uepc7/spack-src/src/H5PB.c line 1032 in H5PB_write(): write through metadata accumulator failed
    major: Page Buffering
    minor: Write failed
  #010: /scratch/spack_cpu/job_21700923/spack-stage/spack-stage-hdf5-1.10.7-xexa2gll6hf6okdatgrxiwhcjs2uepc7/spack-src/src/H5Faccum.c line 824 in H5F__accum_write(): file write failed
    major: Low-level I/O
    minor: Write failed
  #011: /scratch/spack_cpu/job_21700923/spack-stage/spack-stage-hdf5-1.10.7-xexa2gll6hf6okdatgrxiwhcjs2uepc7/spack-src/src/H5FDint.c line 249 in H5FD_write(): driver write request failed
    major: Virtual File Layer
    minor: Write failed
  #012: /scratch/spack_cpu/job_21700923/spack-stage/spack-stage-hdf5-1.10.7-xexa2gll6hf6okdatgrxiwhcjs2uepc7/spack-src/src/H5FDsec2.c line 856 in H5FD__sec2_write(): file write failed: time = Wed Nov 19 08:42:20 2025
, filename = 'checkpoint.h5', file descriptor = 5, errno = 14, error message = 'Bad address', buf = 0x1555537c4000, total write size = 15969552, bytes this sub-write = 15969552, bytes actually written = 18446744073709551615, offset = 0
    major: Low-level I/O
    minor: Write failed
HDF5-DIAG: Error detected in HDF5 (1.10.7) thread 0:
  #000: /scratch/spack_cpu/job_21700923/spack-stage/spack-stage-hdf5-1.10.7-xexa2gll6hf6okdatgrxiwhcjs2uepc7/spack-src/src/H5Dio.c line 335 in H5Dwrite(): can't write data
    major: Dataset
    minor: Write failed
  #001: /scratch/spack_cpu/job_21700923/spack-stage/spack-stage-hdf5-1.10.7-xexa2gll6hf6okdatgrxiwhcjs2uepc7/spack-src/src/H5Dio.c line 813 in H5D__write(): can't write data
    major: Dataset
    minor: Write failed
  #002: /scratch/spack_cpu/job_21700923/spack-stage/spack-stage-hdf5-1.10.7-xexa2gll6hf6okdatgrxiwhcjs2uepc7/spack-src/src/H5Dcontig.c line 659 in H5D__contig_write(): contiguous write failed
    major: Dataset
    minor: Write failed
  #003: /scratch/spack_cpu/job_21700923/spack-stage/spack-stage-hdf5-1.10.7-xexa2gll6hf6okdatgrxiwhcjs2uepc7/spack-src/src/H5Dselect.c line 321 in H5D__select_write(): write error
    major: Dataspace
    minor: Write failed
  #004: /scratch/spack_cpu/job_21700923/spack-stage/spack-stage-hdf5-1.10.7-xexa2gll6hf6okdatgrxiwhcjs2uepc7/spack-src/src/H5Dselect.c line 230 in H5D__select_io(): write error
    major: Dataspace
    minor: Write failed
  #005: /scratch/spack_cpu/job_21700923/spack-stage/spack-stage-hdf5-1.10.7-xexa2gll6hf6okdatgrxiwhcjs2uepc7/spack-src/src/H5Dcontig.c line 1281 in H5D__contig_writevv(): can't perform vectorized sieve buffer write
    major: Dataset
    minor: Can't operate on object
  #006: /scratch/spack_cpu/job_21700923/spack-stage/spack-stage-hdf5-1.10.7-xexa2gll6hf6okdatgrxiwhcjs2uepc7/spack-src/src/H5VM.c line 1464 in H5VM_opvv(): can't perform operation
    major: Internal error (too specific to document in detail)
    minor: Can't operate on object
  #007: /scratch/spack_cpu/job_21700923/spack-stage/spack-stage-hdf5-1.10.7-xexa2gll6hf6okdatgrxiwhcjs2uepc7/spack-src/src/H5Dcontig.c line 1029 in H5D__contig_writevv_sieve_cb(): block write failed
    major: Dataset
    minor: Write failed
  #008: /scratch/spack_cpu/job_21700923/spack-stage/spack-stage-hdf5-1.10.7-xexa2gll6hf6okdatgrxiwhcjs2uepc7/spack-src/src/H5Fio.c line 161 in H5F_block_write(): write through page buffer failed
    major: Low-level I/O
    minor: Write failed
  #009: /scratch/spack_cpu/job_21700923/spack-stage/spack-stage-hdf5-1.10.7-xexa2gll6hf6okdatgrxiwhcjs2uepc7/spack-src/src/H5PB.c line 1032 in H5PB_write(): write through metadata accumulator failed
    major: Page Buffering
    minor: Write failed
  #010: /scratch/spack_cpu/job_21700923/spack-stage/spack-stage-hdf5-1.10.7-xexa2gll6hf6okdatgrxiwhcjs2uepc7/spack-src/src/H5Faccum.c line 824 in H5F__accum_write(): file write failed
    major: Low-level I/O
    minor: Write failed
  #011: /scratch/spack_cpu/job_21700923/spack-stage/spack-stage-hdf5-1.10.7-xexa2gll6hf6okdatgrxiwhcjs2uepc7/spack-src/src/H5FDint.c line 249 in H5FD_write(): driver write request failed
    major: Virtual File Layer
    minor: Write failed
  #012: /scratch/spack_cpu/job_21700923/spack-stage/spack-stage-hdf5-1.10.7-xexa2gll6hf6okdatgrxiwhcjs2uepc7/spack-src/src/H5FDsec2.c line 856 in H5FD__sec2_write(): file write failed: time = Wed Nov 19 08:43:03 2025
, filename = 'checkpoint.h5', file descriptor = 5, errno = 14, error message = 'Bad address', buf = 0x1555537c4000, total write size = 15969552, bytes this sub-write = 15969552, bytes actually written = 18446744073709551615, offset = 0
    major: Low-level I/O
    minor: Write failed
HDF5-DIAG: Error detected in HDF5 (1.10.7) thread 0:
  #000: /scratch/spack_cpu/job_21700923/spack-stage/spack-stage-hdf5-1.10.7-xexa2gll6hf6okdatgrxiwhcjs2uepc7/spack-src/src/H5Dio.c line 335 in H5Dwrite(): can't write data
    major: Dataset
    minor: Write failed
  #001: /scratch/spack_cpu/job_21700923/spack-stage/spack-stage-hdf5-1.10.7-xexa2gll6hf6okdatgrxiwhcjs2uepc7/spack-src/src/H5Dio.c line 813 in H5D__write(): can't write data
    major: Dataset
    minor: Write failed
  #002: /scratch/spack_cpu/job_21700923/spack-stage/spack-stage-hdf5-1.10.7-xexa2gll6hf6okdatgrxiwhcjs2uepc7/spack-src/src/H5Dcontig.c line 659 in H5D__contig_write(): contiguous write failed
    major: Dataset
    minor: Write failed
  #003: /scratch/spack_cpu/job_21700923/spack-stage/spack-stage-hdf5-1.10.7-xexa2gll6hf6okdatgrxiwhcjs2uepc7/spack-src/src/H5Dselect.c line 321 in H5D__select_write(): write error
    major: Dataspace
    minor: Write failed
  #004: /scratch/spack_cpu/job_21700923/spack-stage/spack-stage-hdf5-1.10.7-xexa2gll6hf6okdatgrxiwhcjs2uepc7/spack-src/src/H5Dselect.c line 230 in H5D__select_io(): write error
    major: Dataspace
    minor: Write failed
  #005: /scratch/spack_cpu/job_21700923/spack-stage/spack-stage-hdf5-1.10.7-xexa2gll6hf6okdatgrxiwhcjs2uepc7/spack-src/src/H5Dcontig.c line 1281 in H5D__contig_writevv(): can't perform vectorized sieve buffer write
    major: Dataset
    minor: Can't operate on object
  #006: /scratch/spack_cpu/job_21700923/spack-stage/spack-stage-hdf5-1.10.7-xexa2gll6hf6okdatgrxiwhcjs2uepc7/spack-src/src/H5VM.c line 1464 in H5VM_opvv(): can't perform operation
    major: Internal error (too specific to document in detail)
    minor: Can't operate on object
  #007: /scratch/spack_cpu/job_21700923/spack-stage/spack-stage-hdf5-1.10.7-xexa2gll6hf6okdatgrxiwhcjs2uepc7/spack-src/src/H5Dcontig.c line 1029 in H5D__contig_writevv_sieve_cb(): block write failed
    major: Dataset
    minor: Write failed
  #008: /scratch/spack_cpu/job_21700923/spack-stage/spack-stage-hdf5-1.10.7-xexa2gll6hf6okdatgrxiwhcjs2uepc7/spack-src/src/H5Fio.c line 161 in H5F_block_write(): write through page buffer failed
    major: Low-level I/O
    minor: Write failed
  #009: /scratch/spack_cpu/job_21700923/spack-stage/spack-stage-hdf5-1.10.7-xexa2gll6hf6okdatgrxiwhcjs2uepc7/spack-src/src/H5PB.c line 1032 in H5PB_write(): write through metadata accumulator failed
    major: Page Buffering
    minor: Write failed
  #010: /scratch/spack_cpu/job_21700923/spack-stage/spack-stage-hdf5-1.10.7-xexa2gll6hf6okdatgrxiwhcjs2uepc7/spack-src/src/H5Faccum.c line 824 in H5F__accum_write(): file write failed
    major: Low-level I/O
    minor: Write failed
  #011: /scratch/spack_cpu/job_21700923/spack-stage/spack-stage-hdf5-1.10.7-xexa2gll6hf6okdatgrxiwhcjs2uepc7/spack-src/src/H5FDint.c line 249 in H5FD_write(): driver write request failed
    major: Virtual File Layer
    minor: Write failed
  #012: /scratch/spack_cpu/job_21700923/spack-stage/spack-stage-hdf5-1.10.7-xexa2gll6hf6okdatgrxiwhcjs2uepc7/spack-src/src/H5FDsec2.c line 856 in H5FD__sec2_write(): file write failed: time = Wed Nov 19 08:43:44 2025
, filename = 'checkpoint.h5', file descriptor = 5, errno = 14, error message = 'Bad address', buf = 0x1555537c4000, total write size = 15969552, bytes this sub-write = 15969552, bytes actually written = 18446744073709551615, offset = 0
    major: Low-level I/O
    minor: Write failed
HDF5-DIAG: Error detected in HDF5 (1.10.7) thread 0:
  #000: /scratch/spack_cpu/job_21700923/spack-stage/spack-stage-hdf5-1.10.7-xexa2gll6hf6okdatgrxiwhcjs2uepc7/spack-src/src/H5Dio.c line 335 in H5Dwrite(): can't write data
    major: Dataset
    minor: Write failed
  #001: /scratch/spack_cpu/job_21700923/spack-stage/spack-stage-hdf5-1.10.7-xexa2gll6hf6okdatgrxiwhcjs2uepc7/spack-src/src/H5Dio.c line 813 in H5D__write(): can't write data
    major: Dataset
    minor: Write failed
  #002: /scratch/spack_cpu/job_21700923/spack-stage/spack-stage-hdf5-1.10.7-xexa2gll6hf6okdatgrxiwhcjs2uepc7/spack-src/src/H5Dcontig.c line 659 in H5D__contig_write(): contiguous write failed
    major: Dataset
    minor: Write failed
  #003: /scratch/spack_cpu/job_21700923/spack-stage/spack-stage-hdf5-1.10.7-xexa2gll6hf6okdatgrxiwhcjs2uepc7/spack-src/src/H5Dselect.c line 321 in H5D__select_write(): write error
    major: Dataspace
    minor: Write failed
  #004: /scratch/spack_cpu/job_21700923/spack-stage/spack-stage-hdf5-1.10.7-xexa2gll6hf6okdatgrxiwhcjs2uepc7/spack-src/src/H5Dselect.c line 230 in H5D__select_io(): write error
    major: Dataspace
    minor: Write failed
  #005: /scratch/spack_cpu/job_21700923/spack-stage/spack-stage-hdf5-1.10.7-xexa2gll6hf6okdatgrxiwhcjs2uepc7/spack-src/src/H5Dcontig.c line 1281 in H5D__contig_writevv(): can't perform vectorized sieve buffer write
    major: Dataset
    minor: Can't operate on object
  #006: /scratch/spack_cpu/job_21700923/spack-stage/spack-stage-hdf5-1.10.7-xexa2gll6hf6okdatgrxiwhcjs2uepc7/spack-src/src/H5VM.c line 1464 in H5VM_opvv(): can't perform operation
    major: Internal error (too specific to document in detail)
    minor: Can't operate on object
  #007: /scratch/spack_cpu/job_21700923/spack-stage/spack-stage-hdf5-1.10.7-xexa2gll6hf6okdatgrxiwhcjs2uepc7/spack-src/src/H5Dcontig.c line 1029 in H5D__contig_writevv_sieve_cb(): block write failed
    major: Dataset
    minor: Write failed
  #008: /scratch/spack_cpu/job_21700923/spack-stage/spack-stage-hdf5-1.10.7-xexa2gll6hf6okdatgrxiwhcjs2uepc7/spack-src/src/H5Fio.c line 161 in H5F_block_write(): write through page buffer failed
    major: Low-level I/O
    minor: Write failed
  #009: /scratch/spack_cpu/job_21700923/spack-stage/spack-stage-hdf5-1.10.7-xexa2gll6hf6okdatgrxiwhcjs2uepc7/spack-src/src/H5PB.c line 1032 in H5PB_write(): write through metadata accumulator failed
    major: Page Buffering
    minor: Write failed
  #010: /scratch/spack_cpu/job_21700923/spack-stage/spack-stage-hdf5-1.10.7-xexa2gll6hf6okdatgrxiwhcjs2uepc7/spack-src/src/H5Faccum.c line 824 in H5F__accum_write(): file write failed
    major: Low-level I/O
    minor: Write failed
  #011: /scratch/spack_cpu/job_21700923/spack-stage/spack-stage-hdf5-1.10.7-xexa2gll6hf6okdatgrxiwhcjs2uepc7/spack-src/src/H5FDint.c line 249 in H5FD_write(): driver write request failed
    major: Virtual File Layer
    minor: Write failed
  #012: /scratch/spack_cpu/job_21700923/spack-stage/spack-stage-hdf5-1.10.7-xexa2gll6hf6okdatgrxiwhcjs2uepc7/spack-src/src/H5FDsec2.c line 856 in H5FD__sec2_write(): file write failed: time = Wed Nov 19 08:44:26 2025
, filename = 'checkpoint.h5', file descriptor = 5, errno = 14, error message = 'Bad address', buf = 0x1555537c4000, total write size = 15969552, bytes this sub-write = 15969552, bytes actually written = 18446744073709551615, offset = 0
    major: Low-level I/O
    minor: Write failed
HDF5-DIAG: Error detected in HDF5 (1.10.7) thread 0:
  #000: /scratch/spack_cpu/job_21700923/spack-stage/spack-stage-hdf5-1.10.7-xexa2gll6hf6okdatgrxiwhcjs2uepc7/spack-src/src/H5Dio.c line 335 in H5Dwrite(): can't write data
    major: Dataset
    minor: Write failed
  #001: /scratch/spack_cpu/job_21700923/spack-stage/spack-stage-hdf5-1.10.7-xexa2gll6hf6okdatgrxiwhcjs2uepc7/spack-src/src/H5Dio.c line 813 in H5D__write(): can't write data
    major: Dataset
    minor: Write failed
  #002: /scratch/spack_cpu/job_21700923/spack-stage/spack-stage-hdf5-1.10.7-xexa2gll6hf6okdatgrxiwhcjs2uepc7/spack-src/src/H5Dcontig.c line 659 in H5D__contig_write(): contiguous write failed
    major: Dataset
    minor: Write failed
  #003: /scratch/spack_cpu/job_21700923/spack-stage/spack-stage-hdf5-1.10.7-xexa2gll6hf6okdatgrxiwhcjs2uepc7/spack-src/src/H5Dselect.c line 321 in H5D__select_write(): write error
    major: Dataspace
    minor: Write failed
  #004: /scratch/spack_cpu/job_21700923/spack-stage/spack-stage-hdf5-1.10.7-xexa2gll6hf6okdatgrxiwhcjs2uepc7/spack-src/src/H5Dselect.c line 230 in H5D__select_io(): write error
    major: Dataspace
    minor: Write failed
  #005: /scratch/spack_cpu/job_21700923/spack-stage/spack-stage-hdf5-1.10.7-xexa2gll6hf6okdatgrxiwhcjs2uepc7/spack-src/src/H5Dcontig.c line 1281 in H5D__contig_writevv(): can't perform vectorized sieve buffer write
    major: Dataset
    minor: Can't operate on object
  #006: /scratch/spack_cpu/job_21700923/spack-stage/spack-stage-hdf5-1.10.7-xexa2gll6hf6okdatgrxiwhcjs2uepc7/spack-src/src/H5VM.c line 1464 in H5VM_opvv(): can't perform operation
    major: Internal error (too specific to document in detail)
    minor: Can't operate on object
  #007: /scratch/spack_cpu/job_21700923/spack-stage/spack-stage-hdf5-1.10.7-xexa2gll6hf6okdatgrxiwhcjs2uepc7/spack-src/src/H5Dcontig.c line 1029 in H5D__contig_writevv_sieve_cb(): block write failed
    major: Dataset
    minor: Write failed
  #008: /scratch/spack_cpu/job_21700923/spack-stage/spack-stage-hdf5-1.10.7-xexa2gll6hf6okdatgrxiwhcjs2uepc7/spack-src/src/H5Fio.c line 161 in H5F_block_write(): write through page buffer failed
    major: Low-level I/O
    minor: Write failed
  #009: /scratch/spack_cpu/job_21700923/spack-stage/spack-stage-hdf5-1.10.7-xexa2gll6hf6okdatgrxiwhcjs2uepc7/spack-src/src/H5PB.c line 1032 in H5PB_write(): write through metadata accumulator failed
    major: Page Buffering
    minor: Write failed
  #010: /scratch/spack_cpu/job_21700923/spack-stage/spack-stage-hdf5-1.10.7-xexa2gll6hf6okdatgrxiwhcjs2uepc7/spack-src/src/H5Faccum.c line 824 in H5F__accum_write(): file write failed
    major: Low-level I/O
    minor: Write failed
  #011: /scratch/spack_cpu/job_21700923/spack-stage/spack-stage-hdf5-1.10.7-xexa2gll6hf6okdatgrxiwhcjs2uepc7/spack-src/src/H5FDint.c line 249 in H5FD_write(): driver write request failed
    major: Virtual File Layer
    minor: Write failed
  #012: /scratch/spack_cpu/job_21700923/spack-stage/spack-stage-hdf5-1.10.7-xexa2gll6hf6okdatgrxiwhcjs2uepc7/spack-src/src/H5FDsec2.c line 856 in H5FD__sec2_write(): file write failed: time = Wed Nov 19 08:45:08 2025
, filename = 'checkpoint.h5', file descriptor = 5, errno = 14, error message = 'Bad address', buf = 0x1555537c4000, total write size = 15969552, bytes this sub-write = 15969552, bytes actually written = 18446744073709551615, offset = 0
    major: Low-level I/O
    minor: Write failed
HDF5-DIAG: Error detected in HDF5 (1.10.7) thread 0:
  #000: /scratch/spack_cpu/job_21700923/spack-stage/spack-stage-hdf5-1.10.7-xexa2gll6hf6okdatgrxiwhcjs2uepc7/spack-src/src/H5Dio.c line 335 in H5Dwrite(): can't write data
    major: Dataset
    minor: Write failed
  #001: /scratch/spack_cpu/job_21700923/spack-stage/spack-stage-hdf5-1.10.7-xexa2gll6hf6okdatgrxiwhcjs2uepc7/spack-src/src/H5Dio.c line 813 in H5D__write(): can't write data
    major: Dataset
    minor: Write failed
  #002: /scratch/spack_cpu/job_21700923/spack-stage/spack-stage-hdf5-1.10.7-xexa2gll6hf6okdatgrxiwhcjs2uepc7/spack-src/src/H5Dcontig.c line 659 in H5D__contig_write(): contiguous write failed
    major: Dataset
    minor: Write failed
  #003: /scratch/spack_cpu/job_21700923/spack-stage/spack-stage-hdf5-1.10.7-xexa2gll6hf6okdatgrxiwhcjs2uepc7/spack-src/src/H5Dselect.c line 321 in H5D__select_write(): write error
    major: Dataspace
    minor: Write failed
  #004: /scratch/spack_cpu/job_21700923/spack-stage/spack-stage-hdf5-1.10.7-xexa2gll6hf6okdatgrxiwhcjs2uepc7/spack-src/src/H5Dselect.c line 230 in H5D__select_io(): write error
    major: Dataspace
    minor: Write failed
  #005: /scratch/spack_cpu/job_21700923/spack-stage/spack-stage-hdf5-1.10.7-xexa2gll6hf6okdatgrxiwhcjs2uepc7/spack-src/src/H5Dcontig.c line 1281 in H5D__contig_writevv(): can't perform vectorized sieve buffer write
    major: Dataset
    minor: Can't operate on object
  #006: /scratch/spack_cpu/job_21700923/spack-stage/spack-stage-hdf5-1.10.7-xexa2gll6hf6okdatgrxiwhcjs2uepc7/spack-src/src/H5VM.c line 1464 in H5VM_opvv(): can't perform operation
    major: Internal error (too specific to document in detail)
    minor: Can't operate on object
  #007: /scratch/spack_cpu/job_21700923/spack-stage/spack-stage-hdf5-1.10.7-xexa2gll6hf6okdatgrxiwhcjs2uepc7/spack-src/src/H5Dcontig.c line 1029 in H5D__contig_writevv_sieve_cb(): block write failed
    major: Dataset
    minor: Write failed
  #008: /scratch/spack_cpu/job_21700923/spack-stage/spack-stage-hdf5-1.10.7-xexa2gll6hf6okdatgrxiwhcjs2uepc7/spack-src/src/H5Fio.c line 161 in H5F_block_write(): write through page buffer failed
    major: Low-level I/O
    minor: Write failed
  #009: /scratch/spack_cpu/job_21700923/spack-stage/spack-stage-hdf5-1.10.7-xexa2gll6hf6okdatgrxiwhcjs2uepc7/spack-src/src/H5PB.c line 1032 in H5PB_write(): write through metadata accumulator failed
    major: Page Buffering
    minor: Write failed
  #010: /scratch/spack_cpu/job_21700923/spack-stage/spack-stage-hdf5-1.10.7-xexa2gll6hf6okdatgrxiwhcjs2uepc7/spack-src/src/H5Faccum.c line 824 in H5F__accum_write(): file write failed
    major: Low-level I/O
    minor: Write failed
  #011: /scratch/spack_cpu/job_21700923/spack-stage/spack-stage-hdf5-1.10.7-xexa2gll6hf6okdatgrxiwhcjs2uepc7/spack-src/src/H5FDint.c line 249 in H5FD_write(): driver write request failed
    major: Virtual File Layer
    minor: Write failed
  #012: /scratch/spack_cpu/job_21700923/spack-stage/spack-stage-hdf5-1.10.7-xexa2gll6hf6okdatgrxiwhcjs2uepc7/spack-src/src/H5FDsec2.c line 856 in H5FD__sec2_write(): file write failed: time = Wed Nov 19 08:45:50 2025
, filename = 'checkpoint.h5', file descriptor = 5, errno = 14, error message = 'Bad address', buf = 0x1555537c4000, total write size = 15969552, bytes this sub-write = 15969552, bytes actually written = 18446744073709551615, offset = 0
    major: Low-level I/O
    minor: Write failed
HDF5-DIAG: Error detected in HDF5 (1.10.7) thread 0:
  #000: /scratch/spack_cpu/job_21700923/spack-stage/spack-stage-hdf5-1.10.7-xexa2gll6hf6okdatgrxiwhcjs2uepc7/spack-src/src/H5Dio.c line 335 in H5Dwrite(): can't write data
    major: Dataset
    minor: Write failed
  #001: /scratch/spack_cpu/job_21700923/spack-stage/spack-stage-hdf5-1.10.7-xexa2gll6hf6okdatgrxiwhcjs2uepc7/spack-src/src/H5Dio.c line 813 in H5D__write(): can't write data
    major: Dataset
    minor: Write failed
  #002: /scratch/spack_cpu/job_21700923/spack-stage/spack-stage-hdf5-1.10.7-xexa2gll6hf6okdatgrxiwhcjs2uepc7/spack-src/src/H5Dcontig.c line 659 in H5D__contig_write(): contiguous write failed
    major: Dataset
    minor: Write failed
  #003: /scratch/spack_cpu/job_21700923/spack-stage/spack-stage-hdf5-1.10.7-xexa2gll6hf6okdatgrxiwhcjs2uepc7/spack-src/src/H5Dselect.c line 321 in H5D__select_write(): write error
    major: Dataspace
    minor: Write failed
  #004: /scratch/spack_cpu/job_21700923/spack-stage/spack-stage-hdf5-1.10.7-xexa2gll6hf6okdatgrxiwhcjs2uepc7/spack-src/src/H5Dselect.c line 230 in H5D__select_io(): write error
    major: Dataspace
    minor: Write failed
  #005: /scratch/spack_cpu/job_21700923/spack-stage/spack-stage-hdf5-1.10.7-xexa2gll6hf6okdatgrxiwhcjs2uepc7/spack-src/src/H5Dcontig.c line 1281 in H5D__contig_writevv(): can't perform vectorized sieve buffer write
    major: Dataset
    minor: Can't operate on object
  #006: /scratch/spack_cpu/job_21700923/spack-stage/spack-stage-hdf5-1.10.7-xexa2gll6hf6okdatgrxiwhcjs2uepc7/spack-src/src/H5VM.c line 1464 in H5VM_opvv(): can't perform operation
    major: Internal error (too specific to document in detail)
    minor: Can't operate on object
  #007: /scratch/spack_cpu/job_21700923/spack-stage/spack-stage-hdf5-1.10.7-xexa2gll6hf6okdatgrxiwhcjs2uepc7/spack-src/src/H5Dcontig.c line 1029 in H5D__contig_writevv_sieve_cb(): block write failed
    major: Dataset
    minor: Write failed
  #008: /scratch/spack_cpu/job_21700923/spack-stage/spack-stage-hdf5-1.10.7-xexa2gll6hf6okdatgrxiwhcjs2uepc7/spack-src/src/H5Fio.c line 161 in H5F_block_write(): write through page buffer failed
    major: Low-level I/O
    minor: Write failed
  #009: /scratch/spack_cpu/job_21700923/spack-stage/spack-stage-hdf5-1.10.7-xexa2gll6hf6okdatgrxiwhcjs2uepc7/spack-src/src/H5PB.c line 1032 in H5PB_write(): write through metadata accumulator failed
    major: Page Buffering
    minor: Write failed
  #010: /scratch/spack_cpu/job_21700923/spack-stage/spack-stage-hdf5-1.10.7-xexa2gll6hf6okdatgrxiwhcjs2uepc7/spack-src/src/H5Faccum.c line 824 in H5F__accum_write(): file write failed
    major: Low-level I/O
    minor: Write failed
  #011: /scratch/spack_cpu/job_21700923/spack-stage/spack-stage-hdf5-1.10.7-xexa2gll6hf6okdatgrxiwhcjs2uepc7/spack-src/src/H5FDint.c line 249 in H5FD_write(): driver write request failed
    major: Virtual File Layer
    minor: Write failed
  #012: /scratch/spack_cpu/job_21700923/spack-stage/spack-stage-hdf5-1.10.7-xexa2gll6hf6okdatgrxiwhcjs2uepc7/spack-src/src/H5FDsec2.c line 856 in H5FD__sec2_write(): file write failed: time = Wed Nov 19 08:46:31 2025
, filename = 'checkpoint.h5', file descriptor = 5, errno = 14, error message = 'Bad address', buf = 0x1555537c4000, total write size = 15969552, bytes this sub-write = 15969552, bytes actually written = 18446744073709551615, offset = 0
    major: Low-level I/O
    minor: Write failed
HDF5-DIAG: Error detected in HDF5 (1.10.7) thread 0:
  #000: /scratch/spack_cpu/job_21700923/spack-stage/spack-stage-hdf5-1.10.7-xexa2gll6hf6okdatgrxiwhcjs2uepc7/spack-src/src/H5Dio.c line 335 in H5Dwrite(): can't write data
    major: Dataset
    minor: Write failed
  #001: /scratch/spack_cpu/job_21700923/spack-stage/spack-stage-hdf5-1.10.7-xexa2gll6hf6okdatgrxiwhcjs2uepc7/spack-src/src/H5Dio.c line 813 in H5D__write(): can't write data
    major: Dataset
    minor: Write failed
  #002: /scratch/spack_cpu/job_21700923/spack-stage/spack-stage-hdf5-1.10.7-xexa2gll6hf6okdatgrxiwhcjs2uepc7/spack-src/src/H5Dcontig.c line 659 in H5D__contig_write(): contiguous write failed
    major: Dataset
    minor: Write failed
  #003: /scratch/spack_cpu/job_21700923/spack-stage/spack-stage-hdf5-1.10.7-xexa2gll6hf6okdatgrxiwhcjs2uepc7/spack-src/src/H5Dselect.c line 321 in H5D__select_write(): write error
    major: Dataspace
    minor: Write failed
  #004: /scratch/spack_cpu/job_21700923/spack-stage/spack-stage-hdf5-1.10.7-xexa2gll6hf6okdatgrxiwhcjs2uepc7/spack-src/src/H5Dselect.c line 230 in H5D__select_io(): write error
    major: Dataspace
    minor: Write failed
  #005: /scratch/spack_cpu/job_21700923/spack-stage/spack-stage-hdf5-1.10.7-xexa2gll6hf6okdatgrxiwhcjs2uepc7/spack-src/src/H5Dcontig.c line 1281 in H5D__contig_writevv(): can't perform vectorized sieve buffer write
    major: Dataset
    minor: Can't operate on object
  #006: /scratch/spack_cpu/job_21700923/spack-stage/spack-stage-hdf5-1.10.7-xexa2gll6hf6okdatgrxiwhcjs2uepc7/spack-src/src/H5VM.c line 1464 in H5VM_opvv(): can't perform operation
    major: Internal error (too specific to document in detail)
    minor: Can't operate on object
  #007: /scratch/spack_cpu/job_21700923/spack-stage/spack-stage-hdf5-1.10.7-xexa2gll6hf6okdatgrxiwhcjs2uepc7/spack-src/src/H5Dcontig.c line 1029 in H5D__contig_writevv_sieve_cb(): block write failed
    major: Dataset
    minor: Write failed
  #008: /scratch/spack_cpu/job_21700923/spack-stage/spack-stage-hdf5-1.10.7-xexa2gll6hf6okdatgrxiwhcjs2uepc7/spack-src/src/H5Fio.c line 161 in H5F_block_write(): write through page buffer failed
    major: Low-level I/O
    minor: Write failed
  #009: /scratch/spack_cpu/job_21700923/spack-stage/spack-stage-hdf5-1.10.7-xexa2gll6hf6okdatgrxiwhcjs2uepc7/spack-src/src/H5PB.c line 1032 in H5PB_write(): write through metadata accumulator failed
    major: Page Buffering
    minor: Write failed
  #010: /scratch/spack_cpu/job_21700923/spack-stage/spack-stage-hdf5-1.10.7-xexa2gll6hf6okdatgrxiwhcjs2uepc7/spack-src/src/H5Faccum.c line 824 in H5F__accum_write(): file write failed
    major: Low-level I/O
    minor: Write failed
  #011: /scratch/spack_cpu/job_21700923/spack-stage/spack-stage-hdf5-1.10.7-xexa2gll6hf6okdatgrxiwhcjs2uepc7/spack-src/src/H5FDint.c line 249 in H5FD_write(): driver write request failed
    major: Virtual File Layer
    minor: Write failed
  #012: /scratch/spack_cpu/job_21700923/spack-stage/spack-stage-hdf5-1.10.7-xexa2gll6hf6okdatgrxiwhcjs2uepc7/spack-src/src/H5FDsec2.c line 856 in H5FD__sec2_write(): file write failed: time = Wed Nov 19 08:47:13 2025
, filename = 'checkpoint.h5', file descriptor = 5, errno = 14, error message = 'Bad address', buf = 0x1555537c4000, total write size = 15969552, bytes this sub-write = 15969552, bytes actually written = 18446744073709551615, offset = 0
    major: Low-level I/O
    minor: Write failed
HDF5-DIAG: Error detected in HDF5 (1.10.7) thread 0:
  #000: /scratch/spack_cpu/job_21700923/spack-stage/spack-stage-hdf5-1.10.7-xexa2gll6hf6okdatgrxiwhcjs2uepc7/spack-src/src/H5Dio.c line 335 in H5Dwrite(): can't write data
    major: Dataset
    minor: Write failed
  #001: /scratch/spack_cpu/job_21700923/spack-stage/spack-stage-hdf5-1.10.7-xexa2gll6hf6okdatgrxiwhcjs2uepc7/spack-src/src/H5Dio.c line 813 in H5D__write(): can't write data
    major: Dataset
    minor: Write failed
  #002: /scratch/spack_cpu/job_21700923/spack-stage/spack-stage-hdf5-1.10.7-xexa2gll6hf6okdatgrxiwhcjs2uepc7/spack-src/src/H5Dcontig.c line 659 in H5D__contig_write(): contiguous write failed
    major: Dataset
    minor: Write failed
  #003: /scratch/spack_cpu/job_21700923/spack-stage/spack-stage-hdf5-1.10.7-xexa2gll6hf6okdatgrxiwhcjs2uepc7/spack-src/src/H5Dselect.c line 321 in H5D__select_write(): write error
    major: Dataspace
    minor: Write failed
  #004: /scratch/spack_cpu/job_21700923/spack-stage/spack-stage-hdf5-1.10.7-xexa2gll6hf6okdatgrxiwhcjs2uepc7/spack-src/src/H5Dselect.c line 230 in H5D__select_io(): write error
    major: Dataspace
    minor: Write failed
  #005: /scratch/spack_cpu/job_21700923/spack-stage/spack-stage-hdf5-1.10.7-xexa2gll6hf6okdatgrxiwhcjs2uepc7/spack-src/src/H5Dcontig.c line 1281 in H5D__contig_writevv(): can't perform vectorized sieve buffer write
    major: Dataset
    minor: Can't operate on object
  #006: /scratch/spack_cpu/job_21700923/spack-stage/spack-stage-hdf5-1.10.7-xexa2gll6hf6okdatgrxiwhcjs2uepc7/spack-src/src/H5VM.c line 1464 in H5VM_opvv(): can't perform operation
    major: Internal error (too specific to document in detail)
    minor: Can't operate on object
  #007: /scratch/spack_cpu/job_21700923/spack-stage/spack-stage-hdf5-1.10.7-xexa2gll6hf6okdatgrxiwhcjs2uepc7/spack-src/src/H5Dcontig.c line 1029 in H5D__contig_writevv_sieve_cb(): block write failed
    major: Dataset
    minor: Write failed
  #008: /scratch/spack_cpu/job_21700923/spack-stage/spack-stage-hdf5-1.10.7-xexa2gll6hf6okdatgrxiwhcjs2uepc7/spack-src/src/H5Fio.c line 161 in H5F_block_write(): write through page buffer failed
    major: Low-level I/O
    minor: Write failed
  #009: /scratch/spack_cpu/job_21700923/spack-stage/spack-stage-hdf5-1.10.7-xexa2gll6hf6okdatgrxiwhcjs2uepc7/spack-src/src/H5PB.c line 1032 in H5PB_write(): write through metadata accumulator failed
    major: Page Buffering
    minor: Write failed
  #010: /scratch/spack_cpu/job_21700923/spack-stage/spack-stage-hdf5-1.10.7-xexa2gll6hf6okdatgrxiwhcjs2uepc7/spack-src/src/H5Faccum.c line 824 in H5F__accum_write(): file write failed
    major: Low-level I/O
    minor: Write failed
  #011: /scratch/spack_cpu/job_21700923/spack-stage/spack-stage-hdf5-1.10.7-xexa2gll6hf6okdatgrxiwhcjs2uepc7/spack-src/src/H5FDint.c line 249 in H5FD_write(): driver write request failed
    major: Virtual File Layer
    minor: Write failed
  #012: /scratch/spack_cpu/job_21700923/spack-stage/spack-stage-hdf5-1.10.7-xexa2gll6hf6okdatgrxiwhcjs2uepc7/spack-src/src/H5FDsec2.c line 856 in H5FD__sec2_write(): file write failed: time = Wed Nov 19 08:47:54 2025
, filename = 'checkpoint.h5', file descriptor = 5, errno = 14, error message = 'Bad address', buf = 0x1555537c4000, total write size = 15969552, bytes this sub-write = 15969552, bytes actually written = 18446744073709551615, offset = 0
    major: Low-level I/O
    minor: Write failed
HDF5-DIAG: Error detected in HDF5 (1.10.7) thread 0:
  #000: /scratch/spack_cpu/job_21700923/spack-stage/spack-stage-hdf5-1.10.7-xexa2gll6hf6okdatgrxiwhcjs2uepc7/spack-src/src/H5Dio.c line 335 in H5Dwrite(): can't write data
    major: Dataset
    minor: Write failed
  #001: /scratch/spack_cpu/job_21700923/spack-stage/spack-stage-hdf5-1.10.7-xexa2gll6hf6okdatgrxiwhcjs2uepc7/spack-src/src/H5Dio.c line 813 in H5D__write(): can't write data
    major: Dataset
    minor: Write failed
  #002: /scratch/spack_cpu/job_21700923/spack-stage/spack-stage-hdf5-1.10.7-xexa2gll6hf6okdatgrxiwhcjs2uepc7/spack-src/src/H5Dcontig.c line 659 in H5D__contig_write(): contiguous write failed
    major: Dataset
    minor: Write failed
  #003: /scratch/spack_cpu/job_21700923/spack-stage/spack-stage-hdf5-1.10.7-xexa2gll6hf6okdatgrxiwhcjs2uepc7/spack-src/src/H5Dselect.c line 321 in H5D__select_write(): write error
    major: Dataspace
    minor: Write failed
  #004: /scratch/spack_cpu/job_21700923/spack-stage/spack-stage-hdf5-1.10.7-xexa2gll6hf6okdatgrxiwhcjs2uepc7/spack-src/src/H5Dselect.c line 230 in H5D__select_io(): write error
    major: Dataspace
    minor: Write failed
  #005: /scratch/spack_cpu/job_21700923/spack-stage/spack-stage-hdf5-1.10.7-xexa2gll6hf6okdatgrxiwhcjs2uepc7/spack-src/src/H5Dcontig.c line 1281 in H5D__contig_writevv(): can't perform vectorized sieve buffer write
    major: Dataset
    minor: Can't operate on object
  #006: /scratch/spack_cpu/job_21700923/spack-stage/spack-stage-hdf5-1.10.7-xexa2gll6hf6okdatgrxiwhcjs2uepc7/spack-src/src/H5VM.c line 1464 in H5VM_opvv(): can't perform operation
    major: Internal error (too specific to document in detail)
    minor: Can't operate on object
  #007: /scratch/spack_cpu/job_21700923/spack-stage/spack-stage-hdf5-1.10.7-xexa2gll6hf6okdatgrxiwhcjs2uepc7/spack-src/src/H5Dcontig.c line 1029 in H5D__contig_writevv_sieve_cb(): block write failed
    major: Dataset
    minor: Write failed
  #008: /scratch/spack_cpu/job_21700923/spack-stage/spack-stage-hdf5-1.10.7-xexa2gll6hf6okdatgrxiwhcjs2uepc7/spack-src/src/H5Fio.c line 161 in H5F_block_write(): write through page buffer failed
    major: Low-level I/O
    minor: Write failed
  #009: /scratch/spack_cpu/job_21700923/spack-stage/spack-stage-hdf5-1.10.7-xexa2gll6hf6okdatgrxiwhcjs2uepc7/spack-src/src/H5PB.c line 1032 in H5PB_write(): write through metadata accumulator failed
    major: Page Buffering
    minor: Write failed
  #010: /scratch/spack_cpu/job_21700923/spack-stage/spack-stage-hdf5-1.10.7-xexa2gll6hf6okdatgrxiwhcjs2uepc7/spack-src/src/H5Faccum.c line 824 in H5F__accum_write(): file write failed
    major: Low-level I/O
    minor: Write failed
  #011: /scratch/spack_cpu/job_21700923/spack-stage/spack-stage-hdf5-1.10.7-xexa2gll6hf6okdatgrxiwhcjs2uepc7/spack-src/src/H5FDint.c line 249 in H5FD_write(): driver write request failed
    major: Virtual File Layer
    minor: Write failed
  #012: /scratch/spack_cpu/job_21700923/spack-stage/spack-stage-hdf5-1.10.7-xexa2gll6hf6okdatgrxiwhcjs2uepc7/spack-src/src/H5FDsec2.c line 856 in H5FD__sec2_write(): file write failed: time = Wed Nov 19 08:48:35 2025
, filename = 'checkpoint.h5', file descriptor = 5, errno = 14, error message = 'Bad address', buf = 0x1555537c4000, total write size = 15969552, bytes this sub-write = 15969552, bytes actually written = 18446744073709551615, offset = 0
    major: Low-level I/O
    minor: Write failed
HDF5-DIAG: Error detected in HDF5 (1.10.7) thread 0:
  #000: /scratch/spack_cpu/job_21700923/spack-stage/spack-stage-hdf5-1.10.7-xexa2gll6hf6okdatgrxiwhcjs2uepc7/spack-src/src/H5Dio.c line 335 in H5Dwrite(): can't write data
    major: Dataset
    minor: Write failed
  #001: /scratch/spack_cpu/job_21700923/spack-stage/spack-stage-hdf5-1.10.7-xexa2gll6hf6okdatgrxiwhcjs2uepc7/spack-src/src/H5Dio.c line 813 in H5D__write(): can't write data
    major: Dataset
    minor: Write failed
  #002: /scratch/spack_cpu/job_21700923/spack-stage/spack-stage-hdf5-1.10.7-xexa2gll6hf6okdatgrxiwhcjs2uepc7/spack-src/src/H5Dcontig.c line 659 in H5D__contig_write(): contiguous write failed
    major: Dataset
    minor: Write failed
  #003: /scratch/spack_cpu/job_21700923/spack-stage/spack-stage-hdf5-1.10.7-xexa2gll6hf6okdatgrxiwhcjs2uepc7/spack-src/src/H5Dselect.c line 321 in H5D__select_write(): write error
    major: Dataspace
    minor: Write failed
  #004: /scratch/spack_cpu/job_21700923/spack-stage/spack-stage-hdf5-1.10.7-xexa2gll6hf6okdatgrxiwhcjs2uepc7/spack-src/src/H5Dselect.c line 230 in H5D__select_io(): write error
    major: Dataspace
    minor: Write failed
  #005: /scratch/spack_cpu/job_21700923/spack-stage/spack-stage-hdf5-1.10.7-xexa2gll6hf6okdatgrxiwhcjs2uepc7/spack-src/src/H5Dcontig.c line 1281 in H5D__contig_writevv(): can't perform vectorized sieve buffer write
    major: Dataset
    minor: Can't operate on object
  #006: /scratch/spack_cpu/job_21700923/spack-stage/spack-stage-hdf5-1.10.7-xexa2gll6hf6okdatgrxiwhcjs2uepc7/spack-src/src/H5VM.c line 1464 in H5VM_opvv(): can't perform operation
    major: Internal error (too specific to document in detail)
    minor: Can't operate on object
  #007: /scratch/spack_cpu/job_21700923/spack-stage/spack-stage-hdf5-1.10.7-xexa2gll6hf6okdatgrxiwhcjs2uepc7/spack-src/src/H5Dcontig.c line 1029 in H5D__contig_writevv_sieve_cb(): block write failed
    major: Dataset
    minor: Write failed
  #008: /scratch/spack_cpu/job_21700923/spack-stage/spack-stage-hdf5-1.10.7-xexa2gll6hf6okdatgrxiwhcjs2uepc7/spack-src/src/H5Fio.c line 161 in H5F_block_write(): write through page buffer failed
    major: Low-level I/O
    minor: Write failed
  #009: /scratch/spack_cpu/job_21700923/spack-stage/spack-stage-hdf5-1.10.7-xexa2gll6hf6okdatgrxiwhcjs2uepc7/spack-src/src/H5PB.c line 1032 in H5PB_write(): write through metadata accumulator failed
    major: Page Buffering
    minor: Write failed
  #010: /scratch/spack_cpu/job_21700923/spack-stage/spack-stage-hdf5-1.10.7-xexa2gll6hf6okdatgrxiwhcjs2uepc7/spack-src/src/H5Faccum.c line 824 in H5F__accum_write(): file write failed
    major: Low-level I/O
    minor: Write failed
  #011: /scratch/spack_cpu/job_21700923/spack-stage/spack-stage-hdf5-1.10.7-xexa2gll6hf6okdatgrxiwhcjs2uepc7/spack-src/src/H5FDint.c line 249 in H5FD_write(): driver write request failed
    major: Virtual File Layer
    minor: Write failed
  #012: /scratch/spack_cpu/job_21700923/spack-stage/spack-stage-hdf5-1.10.7-xexa2gll6hf6okdatgrxiwhcjs2uepc7/spack-src/src/H5FDsec2.c line 856 in H5FD__sec2_write(): file write failed: time = Wed Nov 19 08:49:16 2025
, filename = 'checkpoint.h5', file descriptor = 5, errno = 14, error message = 'Bad address', buf = 0x1555537c4000, total write size = 15969552, bytes this sub-write = 15969552, bytes actually written = 18446744073709551615, offset = 0
    major: Low-level I/O
    minor: Write failed
HDF5-DIAG: Error detected in HDF5 (1.10.7) thread 0:
  #000: /scratch/spack_cpu/job_21700923/spack-stage/spack-stage-hdf5-1.10.7-xexa2gll6hf6okdatgrxiwhcjs2uepc7/spack-src/src/H5Dio.c line 335 in H5Dwrite(): can't write data
    major: Dataset
    minor: Write failed
  #001: /scratch/spack_cpu/job_21700923/spack-stage/spack-stage-hdf5-1.10.7-xexa2gll6hf6okdatgrxiwhcjs2uepc7/spack-src/src/H5Dio.c line 813 in H5D__write(): can't write data
    major: Dataset
    minor: Write failed
  #002: /scratch/spack_cpu/job_21700923/spack-stage/spack-stage-hdf5-1.10.7-xexa2gll6hf6okdatgrxiwhcjs2uepc7/spack-src/src/H5Dcontig.c line 659 in H5D__contig_write(): contiguous write failed
    major: Dataset
    minor: Write failed
  #003: /scratch/spack_cpu/job_21700923/spack-stage/spack-stage-hdf5-1.10.7-xexa2gll6hf6okdatgrxiwhcjs2uepc7/spack-src/src/H5Dselect.c line 321 in H5D__select_write(): write error
    major: Dataspace
    minor: Write failed
  #004: /scratch/spack_cpu/job_21700923/spack-stage/spack-stage-hdf5-1.10.7-xexa2gll6hf6okdatgrxiwhcjs2uepc7/spack-src/src/H5Dselect.c line 230 in H5D__select_io(): write error
    major: Dataspace
    minor: Write failed
  #005: /scratch/spack_cpu/job_21700923/spack-stage/spack-stage-hdf5-1.10.7-xexa2gll6hf6okdatgrxiwhcjs2uepc7/spack-src/src/H5Dcontig.c line 1281 in H5D__contig_writevv(): can't perform vectorized sieve buffer write
    major: Dataset
    minor: Can't operate on object
  #006: /scratch/spack_cpu/job_21700923/spack-stage/spack-stage-hdf5-1.10.7-xexa2gll6hf6okdatgrxiwhcjs2uepc7/spack-src/src/H5VM.c line 1464 in H5VM_opvv(): can't perform operation
    major: Internal error (too specific to document in detail)
    minor: Can't operate on object
  #007: /scratch/spack_cpu/job_21700923/spack-stage/spack-stage-hdf5-1.10.7-xexa2gll6hf6okdatgrxiwhcjs2uepc7/spack-src/src/H5Dcontig.c line 1029 in H5D__contig_writevv_sieve_cb(): block write failed
    major: Dataset
    minor: Write failed
  #008: /scratch/spack_cpu/job_21700923/spack-stage/spack-stage-hdf5-1.10.7-xexa2gll6hf6okdatgrxiwhcjs2uepc7/spack-src/src/H5Fio.c line 161 in H5F_block_write(): write through page buffer failed
    major: Low-level I/O
    minor: Write failed
  #009: /scratch/spack_cpu/job_21700923/spack-stage/spack-stage-hdf5-1.10.7-xexa2gll6hf6okdatgrxiwhcjs2uepc7/spack-src/src/H5PB.c line 1032 in H5PB_write(): write through metadata accumulator failed
    major: Page Buffering
    minor: Write failed
  #010: /scratch/spack_cpu/job_21700923/spack-stage/spack-stage-hdf5-1.10.7-xexa2gll6hf6okdatgrxiwhcjs2uepc7/spack-src/src/H5Faccum.c line 824 in H5F__accum_write(): file write failed
    major: Low-level I/O
    minor: Write failed
  #011: /scratch/spack_cpu/job_21700923/spack-stage/spack-stage-hdf5-1.10.7-xexa2gll6hf6okdatgrxiwhcjs2uepc7/spack-src/src/H5FDint.c line 249 in H5FD_write(): driver write request failed
    major: Virtual File Layer
    minor: Write failed
  #012: /scratch/spack_cpu/job_21700923/spack-stage/spack-stage-hdf5-1.10.7-xexa2gll6hf6okdatgrxiwhcjs2uepc7/spack-src/src/H5FDsec2.c line 856 in H5FD__sec2_write(): file write failed: time = Wed Nov 19 08:49:57 2025
, filename = 'checkpoint.h5', file descriptor = 5, errno = 14, error message = 'Bad address', buf = 0x1555537c4000, total write size = 15969552, bytes this sub-write = 15969552, bytes actually written = 18446744073709551615, offset = 0
    major: Low-level I/O
    minor: Write failed
HDF5-DIAG: Error detected in HDF5 (1.10.7) thread 0:
  #000: /scratch/spack_cpu/job_21700923/spack-stage/spack-stage-hdf5-1.10.7-xexa2gll6hf6okdatgrxiwhcjs2uepc7/spack-src/src/H5Dio.c line 335 in H5Dwrite(): can't write data
    major: Dataset
    minor: Write failed
  #001: /scratch/spack_cpu/job_21700923/spack-stage/spack-stage-hdf5-1.10.7-xexa2gll6hf6okdatgrxiwhcjs2uepc7/spack-src/src/H5Dio.c line 813 in H5D__write(): can't write data
    major: Dataset
    minor: Write failed
  #002: /scratch/spack_cpu/job_21700923/spack-stage/spack-stage-hdf5-1.10.7-xexa2gll6hf6okdatgrxiwhcjs2uepc7/spack-src/src/H5Dcontig.c line 659 in H5D__contig_write(): contiguous write failed
    major: Dataset
    minor: Write failed
  #003: /scratch/spack_cpu/job_21700923/spack-stage/spack-stage-hdf5-1.10.7-xexa2gll6hf6okdatgrxiwhcjs2uepc7/spack-src/src/H5Dselect.c line 321 in H5D__select_write(): write error
    major: Dataspace
    minor: Write failed
  #004: /scratch/spack_cpu/job_21700923/spack-stage/spack-stage-hdf5-1.10.7-xexa2gll6hf6okdatgrxiwhcjs2uepc7/spack-src/src/H5Dselect.c line 230 in H5D__select_io(): write error
    major: Dataspace
    minor: Write failed
  #005: /scratch/spack_cpu/job_21700923/spack-stage/spack-stage-hdf5-1.10.7-xexa2gll6hf6okdatgrxiwhcjs2uepc7/spack-src/src/H5Dcontig.c line 1281 in H5D__contig_writevv(): can't perform vectorized sieve buffer write
    major: Dataset
    minor: Can't operate on object
  #006: /scratch/spack_cpu/job_21700923/spack-stage/spack-stage-hdf5-1.10.7-xexa2gll6hf6okdatgrxiwhcjs2uepc7/spack-src/src/H5VM.c line 1464 in H5VM_opvv(): can't perform operation
    major: Internal error (too specific to document in detail)
    minor: Can't operate on object
  #007: /scratch/spack_cpu/job_21700923/spack-stage/spack-stage-hdf5-1.10.7-xexa2gll6hf6okdatgrxiwhcjs2uepc7/spack-src/src/H5Dcontig.c line 1029 in H5D__contig_writevv_sieve_cb(): block write failed
    major: Dataset
    minor: Write failed
  #008: /scratch/spack_cpu/job_21700923/spack-stage/spack-stage-hdf5-1.10.7-xexa2gll6hf6okdatgrxiwhcjs2uepc7/spack-src/src/H5Fio.c line 161 in H5F_block_write(): write through page buffer failed
    major: Low-level I/O
    minor: Write failed
  #009: /scratch/spack_cpu/job_21700923/spack-stage/spack-stage-hdf5-1.10.7-xexa2gll6hf6okdatgrxiwhcjs2uepc7/spack-src/src/H5PB.c line 1032 in H5PB_write(): write through metadata accumulator failed
    major: Page Buffering
    minor: Write failed
  #010: /scratch/spack_cpu/job_21700923/spack-stage/spack-stage-hdf5-1.10.7-xexa2gll6hf6okdatgrxiwhcjs2uepc7/spack-src/src/H5Faccum.c line 824 in H5F__accum_write(): file write failed
    major: Low-level I/O
    minor: Write failed
  #011: /scratch/spack_cpu/job_21700923/spack-stage/spack-stage-hdf5-1.10.7-xexa2gll6hf6okdatgrxiwhcjs2uepc7/spack-src/src/H5FDint.c line 249 in H5FD_write(): driver write request failed
    major: Virtual File Layer
    minor: Write failed
  #012: /scratch/spack_cpu/job_21700923/spack-stage/spack-stage-hdf5-1.10.7-xexa2gll6hf6okdatgrxiwhcjs2uepc7/spack-src/src/H5FDsec2.c line 856 in H5FD__sec2_write(): file write failed: time = Wed Nov 19 08:50:38 2025
, filename = 'checkpoint.h5', file descriptor = 5, errno = 14, error message = 'Bad address', buf = 0x1555537c4000, total write size = 15969552, bytes this sub-write = 15969552, bytes actually written = 18446744073709551615, offset = 0
    major: Low-level I/O
    minor: Write failed
HDF5-DIAG: Error detected in HDF5 (1.10.7) thread 0:
  #000: /scratch/spack_cpu/job_21700923/spack-stage/spack-stage-hdf5-1.10.7-xexa2gll6hf6okdatgrxiwhcjs2uepc7/spack-src/src/H5Dio.c line 335 in H5Dwrite(): can't write data
    major: Dataset
    minor: Write failed
  #001: /scratch/spack_cpu/job_21700923/spack-stage/spack-stage-hdf5-1.10.7-xexa2gll6hf6okdatgrxiwhcjs2uepc7/spack-src/src/H5Dio.c line 813 in H5D__write(): can't write data
    major: Dataset
    minor: Write failed
  #002: /scratch/spack_cpu/job_21700923/spack-stage/spack-stage-hdf5-1.10.7-xexa2gll6hf6okdatgrxiwhcjs2uepc7/spack-src/src/H5Dcontig.c line 659 in H5D__contig_write(): contiguous write failed
    major: Dataset
    minor: Write failed
  #003: /scratch/spack_cpu/job_21700923/spack-stage/spack-stage-hdf5-1.10.7-xexa2gll6hf6okdatgrxiwhcjs2uepc7/spack-src/src/H5Dselect.c line 321 in H5D__select_write(): write error
    major: Dataspace
    minor: Write failed
  #004: /scratch/spack_cpu/job_21700923/spack-stage/spack-stage-hdf5-1.10.7-xexa2gll6hf6okdatgrxiwhcjs2uepc7/spack-src/src/H5Dselect.c line 230 in H5D__select_io(): write error
    major: Dataspace
    minor: Write failed
  #005: /scratch/spack_cpu/job_21700923/spack-stage/spack-stage-hdf5-1.10.7-xexa2gll6hf6okdatgrxiwhcjs2uepc7/spack-src/src/H5Dcontig.c line 1281 in H5D__contig_writevv(): can't perform vectorized sieve buffer write
    major: Dataset
    minor: Can't operate on object
  #006: /scratch/spack_cpu/job_21700923/spack-stage/spack-stage-hdf5-1.10.7-xexa2gll6hf6okdatgrxiwhcjs2uepc7/spack-src/src/H5VM.c line 1464 in H5VM_opvv(): can't perform operation
    major: Internal error (too specific to document in detail)
    minor: Can't operate on object
  #007: /scratch/spack_cpu/job_21700923/spack-stage/spack-stage-hdf5-1.10.7-xexa2gll6hf6okdatgrxiwhcjs2uepc7/spack-src/src/H5Dcontig.c line 1029 in H5D__contig_writevv_sieve_cb(): block write failed
    major: Dataset
    minor: Write failed
  #008: /scratch/spack_cpu/job_21700923/spack-stage/spack-stage-hdf5-1.10.7-xexa2gll6hf6okdatgrxiwhcjs2uepc7/spack-src/src/H5Fio.c line 161 in H5F_block_write(): write through page buffer failed
    major: Low-level I/O
    minor: Write failed
  #009: /scratch/spack_cpu/job_21700923/spack-stage/spack-stage-hdf5-1.10.7-xexa2gll6hf6okdatgrxiwhcjs2uepc7/spack-src/src/H5PB.c line 1032 in H5PB_write(): write through metadata accumulator failed
    major: Page Buffering
    minor: Write failed
  #010: /scratch/spack_cpu/job_21700923/spack-stage/spack-stage-hdf5-1.10.7-xexa2gll6hf6okdatgrxiwhcjs2uepc7/spack-src/src/H5Faccum.c line 824 in H5F__accum_write(): file write failed
    major: Low-level I/O
    minor: Write failed
  #011: /scratch/spack_cpu/job_21700923/spack-stage/spack-stage-hdf5-1.10.7-xexa2gll6hf6okdatgrxiwhcjs2uepc7/spack-src/src/H5FDint.c line 249 in H5FD_write(): driver write request failed
    major: Virtual File Layer
    minor: Write failed
  #012: /scratch/spack_cpu/job_21700923/spack-stage/spack-stage-hdf5-1.10.7-xexa2gll6hf6okdatgrxiwhcjs2uepc7/spack-src/src/H5FDsec2.c line 856 in H5FD__sec2_write(): file write failed: time = Wed Nov 19 08:51:20 2025
, filename = 'checkpoint.h5', file descriptor = 5, errno = 14, error message = 'Bad address', buf = 0x1555537c4000, total write size = 15969552, bytes this sub-write = 15969552, bytes actually written = 18446744073709551615, offset = 0
    major: Low-level I/O
    minor: Write failed
HDF5-DIAG: Error detected in HDF5 (1.10.7) thread 0:
  #000: /scratch/spack_cpu/job_21700923/spack-stage/spack-stage-hdf5-1.10.7-xexa2gll6hf6okdatgrxiwhcjs2uepc7/spack-src/src/H5Dio.c line 335 in H5Dwrite(): can't write data
    major: Dataset
    minor: Write failed
  #001: /scratch/spack_cpu/job_21700923/spack-stage/spack-stage-hdf5-1.10.7-xexa2gll6hf6okdatgrxiwhcjs2uepc7/spack-src/src/H5Dio.c line 813 in H5D__write(): can't write data
    major: Dataset
    minor: Write failed
  #002: /scratch/spack_cpu/job_21700923/spack-stage/spack-stage-hdf5-1.10.7-xexa2gll6hf6okdatgrxiwhcjs2uepc7/spack-src/src/H5Dcontig.c line 659 in H5D__contig_write(): contiguous write failed
    major: Dataset
    minor: Write failed
  #003: /scratch/spack_cpu/job_21700923/spack-stage/spack-stage-hdf5-1.10.7-xexa2gll6hf6okdatgrxiwhcjs2uepc7/spack-src/src/H5Dselect.c line 321 in H5D__select_write(): write error
    major: Dataspace
    minor: Write failed
  #004: /scratch/spack_cpu/job_21700923/spack-stage/spack-stage-hdf5-1.10.7-xexa2gll6hf6okdatgrxiwhcjs2uepc7/spack-src/src/H5Dselect.c line 230 in H5D__select_io(): write error
    major: Dataspace
    minor: Write failed
  #005: /scratch/spack_cpu/job_21700923/spack-stage/spack-stage-hdf5-1.10.7-xexa2gll6hf6okdatgrxiwhcjs2uepc7/spack-src/src/H5Dcontig.c line 1281 in H5D__contig_writevv(): can't perform vectorized sieve buffer write
    major: Dataset
    minor: Can't operate on object
  #006: /scratch/spack_cpu/job_21700923/spack-stage/spack-stage-hdf5-1.10.7-xexa2gll6hf6okdatgrxiwhcjs2uepc7/spack-src/src/H5VM.c line 1464 in H5VM_opvv(): can't perform operation
    major: Internal error (too specific to document in detail)
    minor: Can't operate on object
  #007: /scratch/spack_cpu/job_21700923/spack-stage/spack-stage-hdf5-1.10.7-xexa2gll6hf6okdatgrxiwhcjs2uepc7/spack-src/src/H5Dcontig.c line 1029 in H5D__contig_writevv_sieve_cb(): block write failed
    major: Dataset
    minor: Write failed
  #008: /scratch/spack_cpu/job_21700923/spack-stage/spack-stage-hdf5-1.10.7-xexa2gll6hf6okdatgrxiwhcjs2uepc7/spack-src/src/H5Fio.c line 161 in H5F_block_write(): write through page buffer failed
    major: Low-level I/O
    minor: Write failed
  #009: /scratch/spack_cpu/job_21700923/spack-stage/spack-stage-hdf5-1.10.7-xexa2gll6hf6okdatgrxiwhcjs2uepc7/spack-src/src/H5PB.c line 1032 in H5PB_write(): write through metadata accumulator failed
    major: Page Buffering
    minor: Write failed
  #010: /scratch/spack_cpu/job_21700923/spack-stage/spack-stage-hdf5-1.10.7-xexa2gll6hf6okdatgrxiwhcjs2uepc7/spack-src/src/H5Faccum.c line 824 in H5F__accum_write(): file write failed
    major: Low-level I/O
    minor: Write failed
  #011: /scratch/spack_cpu/job_21700923/spack-stage/spack-stage-hdf5-1.10.7-xexa2gll6hf6okdatgrxiwhcjs2uepc7/spack-src/src/H5FDint.c line 249 in H5FD_write(): driver write request failed
    major: Virtual File Layer
    minor: Write failed
  #012: /scratch/spack_cpu/job_21700923/spack-stage/spack-stage-hdf5-1.10.7-xexa2gll6hf6okdatgrxiwhcjs2uepc7/spack-src/src/H5FDsec2.c line 856 in H5FD__sec2_write(): file write failed: time = Wed Nov 19 08:52:02 2025
, filename = 'checkpoint.h5', file descriptor = 5, errno = 14, error message = 'Bad address', buf = 0x1555537c4000, total write size = 15969552, bytes this sub-write = 15969552, bytes actually written = 18446744073709551615, offset = 0
    major: Low-level I/O
    minor: Write failed
HDF5-DIAG: Error detected in HDF5 (1.10.7) thread 0:
  #000: /scratch/spack_cpu/job_21700923/spack-stage/spack-stage-hdf5-1.10.7-xexa2gll6hf6okdatgrxiwhcjs2uepc7/spack-src/src/H5Dio.c line 335 in H5Dwrite(): can't write data
    major: Dataset
    minor: Write failed
  #001: /scratch/spack_cpu/job_21700923/spack-stage/spack-stage-hdf5-1.10.7-xexa2gll6hf6okdatgrxiwhcjs2uepc7/spack-src/src/H5Dio.c line 813 in H5D__write(): can't write data
    major: Dataset
    minor: Write failed
  #002: /scratch/spack_cpu/job_21700923/spack-stage/spack-stage-hdf5-1.10.7-xexa2gll6hf6okdatgrxiwhcjs2uepc7/spack-src/src/H5Dcontig.c line 659 in H5D__contig_write(): contiguous write failed
    major: Dataset
    minor: Write failed
  #003: /scratch/spack_cpu/job_21700923/spack-stage/spack-stage-hdf5-1.10.7-xexa2gll6hf6okdatgrxiwhcjs2uepc7/spack-src/src/H5Dselect.c line 321 in H5D__select_write(): write error
    major: Dataspace
    minor: Write failed
  #004: /scratch/spack_cpu/job_21700923/spack-stage/spack-stage-hdf5-1.10.7-xexa2gll6hf6okdatgrxiwhcjs2uepc7/spack-src/src/H5Dselect.c line 230 in H5D__select_io(): write error
    major: Dataspace
    minor: Write failed
  #005: /scratch/spack_cpu/job_21700923/spack-stage/spack-stage-hdf5-1.10.7-xexa2gll6hf6okdatgrxiwhcjs2uepc7/spack-src/src/H5Dcontig.c line 1281 in H5D__contig_writevv(): can't perform vectorized sieve buffer write
    major: Dataset
    minor: Can't operate on object
  #006: /scratch/spack_cpu/job_21700923/spack-stage/spack-stage-hdf5-1.10.7-xexa2gll6hf6okdatgrxiwhcjs2uepc7/spack-src/src/H5VM.c line 1464 in H5VM_opvv(): can't perform operation
    major: Internal error (too specific to document in detail)
    minor: Can't operate on object
  #007: /scratch/spack_cpu/job_21700923/spack-stage/spack-stage-hdf5-1.10.7-xexa2gll6hf6okdatgrxiwhcjs2uepc7/spack-src/src/H5Dcontig.c line 1029 in H5D__contig_writevv_sieve_cb(): block write failed
    major: Dataset
    minor: Write failed
  #008: /scratch/spack_cpu/job_21700923/spack-stage/spack-stage-hdf5-1.10.7-xexa2gll6hf6okdatgrxiwhcjs2uepc7/spack-src/src/H5Fio.c line 161 in H5F_block_write(): write through page buffer failed
    major: Low-level I/O
    minor: Write failed
  #009: /scratch/spack_cpu/job_21700923/spack-stage/spack-stage-hdf5-1.10.7-xexa2gll6hf6okdatgrxiwhcjs2uepc7/spack-src/src/H5PB.c line 1032 in H5PB_write(): write through metadata accumulator failed
    major: Page Buffering
    minor: Write failed
  #010: /scratch/spack_cpu/job_21700923/spack-stage/spack-stage-hdf5-1.10.7-xexa2gll6hf6okdatgrxiwhcjs2uepc7/spack-src/src/H5Faccum.c line 824 in H5F__accum_write(): file write failed
    major: Low-level I/O
    minor: Write failed
  #011: /scratch/spack_cpu/job_21700923/spack-stage/spack-stage-hdf5-1.10.7-xexa2gll6hf6okdatgrxiwhcjs2uepc7/spack-src/src/H5FDint.c line 249 in H5FD_write(): driver write request failed
    major: Virtual File Layer
    minor: Write failed
  #012: /scratch/spack_cpu/job_21700923/spack-stage/spack-stage-hdf5-1.10.7-xexa2gll6hf6okdatgrxiwhcjs2uepc7/spack-src/src/H5FDsec2.c line 856 in H5FD__sec2_write(): file write failed: time = Wed Nov 19 08:52:43 2025
, filename = 'checkpoint.h5', file descriptor = 5, errno = 14, error message = 'Bad address', buf = 0x1555537c4000, total write size = 15969552, bytes this sub-write = 15969552, bytes actually written = 18446744073709551615, offset = 0
    major: Low-level I/O
    minor: Write failed
HDF5-DIAG: Error detected in HDF5 (1.10.7) thread 0:
  #000: /scratch/spack_cpu/job_21700923/spack-stage/spack-stage-hdf5-1.10.7-xexa2gll6hf6okdatgrxiwhcjs2uepc7/spack-src/src/H5Dio.c line 335 in H5Dwrite(): can't write data
    major: Dataset
    minor: Write failed
  #001: /scratch/spack_cpu/job_21700923/spack-stage/spack-stage-hdf5-1.10.7-xexa2gll6hf6okdatgrxiwhcjs2uepc7/spack-src/src/H5Dio.c line 813 in H5D__write(): can't write data
    major: Dataset
    minor: Write failed
  #002: /scratch/spack_cpu/job_21700923/spack-stage/spack-stage-hdf5-1.10.7-xexa2gll6hf6okdatgrxiwhcjs2uepc7/spack-src/src/H5Dcontig.c line 659 in H5D__contig_write(): contiguous write failed
    major: Dataset
    minor: Write failed
  #003: /scratch/spack_cpu/job_21700923/spack-stage/spack-stage-hdf5-1.10.7-xexa2gll6hf6okdatgrxiwhcjs2uepc7/spack-src/src/H5Dselect.c line 321 in H5D__select_write(): write error
    major: Dataspace
    minor: Write failed
  #004: /scratch/spack_cpu/job_21700923/spack-stage/spack-stage-hdf5-1.10.7-xexa2gll6hf6okdatgrxiwhcjs2uepc7/spack-src/src/H5Dselect.c line 230 in H5D__select_io(): write error
    major: Dataspace
    minor: Write failed
  #005: /scratch/spack_cpu/job_21700923/spack-stage/spack-stage-hdf5-1.10.7-xexa2gll6hf6okdatgrxiwhcjs2uepc7/spack-src/src/H5Dcontig.c line 1281 in H5D__contig_writevv(): can't perform vectorized sieve buffer write
    major: Dataset
    minor: Can't operate on object
  #006: /scratch/spack_cpu/job_21700923/spack-stage/spack-stage-hdf5-1.10.7-xexa2gll6hf6okdatgrxiwhcjs2uepc7/spack-src/src/H5VM.c line 1464 in H5VM_opvv(): can't perform operation
    major: Internal error (too specific to document in detail)
    minor: Can't operate on object
  #007: /scratch/spack_cpu/job_21700923/spack-stage/spack-stage-hdf5-1.10.7-xexa2gll6hf6okdatgrxiwhcjs2uepc7/spack-src/src/H5Dcontig.c line 1029 in H5D__contig_writevv_sieve_cb(): block write failed
    major: Dataset
    minor: Write failed
  #008: /scratch/spack_cpu/job_21700923/spack-stage/spack-stage-hdf5-1.10.7-xexa2gll6hf6okdatgrxiwhcjs2uepc7/spack-src/src/H5Fio.c line 161 in H5F_block_write(): write through page buffer failed
    major: Low-level I/O
    minor: Write failed
  #009: /scratch/spack_cpu/job_21700923/spack-stage/spack-stage-hdf5-1.10.7-xexa2gll6hf6okdatgrxiwhcjs2uepc7/spack-src/src/H5PB.c line 1032 in H5PB_write(): write through metadata accumulator failed
    major: Page Buffering
    minor: Write failed
  #010: /scratch/spack_cpu/job_21700923/spack-stage/spack-stage-hdf5-1.10.7-xexa2gll6hf6okdatgrxiwhcjs2uepc7/spack-src/src/H5Faccum.c line 824 in H5F__accum_write(): file write failed
    major: Low-level I/O
    minor: Write failed
  #011: /scratch/spack_cpu/job_21700923/spack-stage/spack-stage-hdf5-1.10.7-xexa2gll6hf6okdatgrxiwhcjs2uepc7/spack-src/src/H5FDint.c line 249 in H5FD_write(): driver write request failed
    major: Virtual File Layer
    minor: Write failed
  #012: /scratch/spack_cpu/job_21700923/spack-stage/spack-stage-hdf5-1.10.7-xexa2gll6hf6okdatgrxiwhcjs2uepc7/spack-src/src/H5FDsec2.c line 856 in H5FD__sec2_write(): file write failed: time = Wed Nov 19 08:53:23 2025
, filename = 'checkpoint.h5', file descriptor = 5, errno = 14, error message = 'Bad address', buf = 0x1555537c4000, total write size = 15969552, bytes this sub-write = 15969552, bytes actually written = 18446744073709551615, offset = 0
    major: Low-level I/O
    minor: Write failed
HDF5-DIAG: Error detected in HDF5 (1.10.7) thread 0:
  #000: /scratch/spack_cpu/job_21700923/spack-stage/spack-stage-hdf5-1.10.7-xexa2gll6hf6okdatgrxiwhcjs2uepc7/spack-src/src/H5Dio.c line 335 in H5Dwrite(): can't write data
    major: Dataset
    minor: Write failed
  #001: /scratch/spack_cpu/job_21700923/spack-stage/spack-stage-hdf5-1.10.7-xexa2gll6hf6okdatgrxiwhcjs2uepc7/spack-src/src/H5Dio.c line 813 in H5D__write(): can't write data
    major: Dataset
    minor: Write failed
  #002: /scratch/spack_cpu/job_21700923/spack-stage/spack-stage-hdf5-1.10.7-xexa2gll6hf6okdatgrxiwhcjs2uepc7/spack-src/src/H5Dcontig.c line 659 in H5D__contig_write(): contiguous write failed
    major: Dataset
    minor: Write failed
  #003: /scratch/spack_cpu/job_21700923/spack-stage/spack-stage-hdf5-1.10.7-xexa2gll6hf6okdatgrxiwhcjs2uepc7/spack-src/src/H5Dselect.c line 321 in H5D__select_write(): write error
    major: Dataspace
    minor: Write failed
  #004: /scratch/spack_cpu/job_21700923/spack-stage/spack-stage-hdf5-1.10.7-xexa2gll6hf6okdatgrxiwhcjs2uepc7/spack-src/src/H5Dselect.c line 230 in H5D__select_io(): write error
    major: Dataspace
    minor: Write failed
  #005: /scratch/spack_cpu/job_21700923/spack-stage/spack-stage-hdf5-1.10.7-xexa2gll6hf6okdatgrxiwhcjs2uepc7/spack-src/src/H5Dcontig.c line 1281 in H5D__contig_writevv(): can't perform vectorized sieve buffer write
    major: Dataset
    minor: Can't operate on object
  #006: /scratch/spack_cpu/job_21700923/spack-stage/spack-stage-hdf5-1.10.7-xexa2gll6hf6okdatgrxiwhcjs2uepc7/spack-src/src/H5VM.c line 1464 in H5VM_opvv(): can't perform operation
    major: Internal error (too specific to document in detail)
    minor: Can't operate on object
  #007: /scratch/spack_cpu/job_21700923/spack-stage/spack-stage-hdf5-1.10.7-xexa2gll6hf6okdatgrxiwhcjs2uepc7/spack-src/src/H5Dcontig.c line 1029 in H5D__contig_writevv_sieve_cb(): block write failed
    major: Dataset
    minor: Write failed
  #008: /scratch/spack_cpu/job_21700923/spack-stage/spack-stage-hdf5-1.10.7-xexa2gll6hf6okdatgrxiwhcjs2uepc7/spack-src/src/H5Fio.c line 161 in H5F_block_write(): write through page buffer failed
    major: Low-level I/O
    minor: Write failed
  #009: /scratch/spack_cpu/job_21700923/spack-stage/spack-stage-hdf5-1.10.7-xexa2gll6hf6okdatgrxiwhcjs2uepc7/spack-src/src/H5PB.c line 1032 in H5PB_write(): write through metadata accumulator failed
    major: Page Buffering
    minor: Write failed
  #010: /scratch/spack_cpu/job_21700923/spack-stage/spack-stage-hdf5-1.10.7-xexa2gll6hf6okdatgrxiwhcjs2uepc7/spack-src/src/H5Faccum.c line 824 in H5F__accum_write(): file write failed
    major: Low-level I/O
    minor: Write failed
  #011: /scratch/spack_cpu/job_21700923/spack-stage/spack-stage-hdf5-1.10.7-xexa2gll6hf6okdatgrxiwhcjs2uepc7/spack-src/src/H5FDint.c line 249 in H5FD_write(): driver write request failed
    major: Virtual File Layer
    minor: Write failed
  #012: /scratch/spack_cpu/job_21700923/spack-stage/spack-stage-hdf5-1.10.7-xexa2gll6hf6okdatgrxiwhcjs2uepc7/spack-src/src/H5FDsec2.c line 856 in H5FD__sec2_write(): file write failed: time = Wed Nov 19 08:54:04 2025
, filename = 'checkpoint.h5', file descriptor = 5, errno = 14, error message = 'Bad address', buf = 0x1555537c4000, total write size = 15969552, bytes this sub-write = 15969552, bytes actually written = 18446744073709551615, offset = 0
    major: Low-level I/O
    minor: Write failed
HDF5-DIAG: Error detected in HDF5 (1.10.7) thread 0:
  #000: /scratch/spack_cpu/job_21700923/spack-stage/spack-stage-hdf5-1.10.7-xexa2gll6hf6okdatgrxiwhcjs2uepc7/spack-src/src/H5Dio.c line 335 in H5Dwrite(): can't write data
    major: Dataset
    minor: Write failed
  #001: /scratch/spack_cpu/job_21700923/spack-stage/spack-stage-hdf5-1.10.7-xexa2gll6hf6okdatgrxiwhcjs2uepc7/spack-src/src/H5Dio.c line 813 in H5D__write(): can't write data
    major: Dataset
    minor: Write failed
  #002: /scratch/spack_cpu/job_21700923/spack-stage/spack-stage-hdf5-1.10.7-xexa2gll6hf6okdatgrxiwhcjs2uepc7/spack-src/src/H5Dcontig.c line 659 in H5D__contig_write(): contiguous write failed
    major: Dataset
    minor: Write failed
  #003: /scratch/spack_cpu/job_21700923/spack-stage/spack-stage-hdf5-1.10.7-xexa2gll6hf6okdatgrxiwhcjs2uepc7/spack-src/src/H5Dselect.c line 321 in H5D__select_write(): write error
    major: Dataspace
    minor: Write failed
  #004: /scratch/spack_cpu/job_21700923/spack-stage/spack-stage-hdf5-1.10.7-xexa2gll6hf6okdatgrxiwhcjs2uepc7/spack-src/src/H5Dselect.c line 230 in H5D__select_io(): write error
    major: Dataspace
    minor: Write failed
  #005: /scratch/spack_cpu/job_21700923/spack-stage/spack-stage-hdf5-1.10.7-xexa2gll6hf6okdatgrxiwhcjs2uepc7/spack-src/src/H5Dcontig.c line 1281 in H5D__contig_writevv(): can't perform vectorized sieve buffer write
    major: Dataset
    minor: Can't operate on object
  #006: /scratch/spack_cpu/job_21700923/spack-stage/spack-stage-hdf5-1.10.7-xexa2gll6hf6okdatgrxiwhcjs2uepc7/spack-src/src/H5VM.c line 1464 in H5VM_opvv(): can't perform operation
    major: Internal error (too specific to document in detail)
    minor: Can't operate on object
  #007: /scratch/spack_cpu/job_21700923/spack-stage/spack-stage-hdf5-1.10.7-xexa2gll6hf6okdatgrxiwhcjs2uepc7/spack-src/src/H5Dcontig.c line 1029 in H5D__contig_writevv_sieve_cb(): block write failed
    major: Dataset
    minor: Write failed
  #008: /scratch/spack_cpu/job_21700923/spack-stage/spack-stage-hdf5-1.10.7-xexa2gll6hf6okdatgrxiwhcjs2uepc7/spack-src/src/H5Fio.c line 161 in H5F_block_write(): write through page buffer failed
    major: Low-level I/O
    minor: Write failed
  #009: /scratch/spack_cpu/job_21700923/spack-stage/spack-stage-hdf5-1.10.7-xexa2gll6hf6okdatgrxiwhcjs2uepc7/spack-src/src/H5PB.c line 1032 in H5PB_write(): write through metadata accumulator failed
    major: Page Buffering
    minor: Write failed
  #010: /scratch/spack_cpu/job_21700923/spack-stage/spack-stage-hdf5-1.10.7-xexa2gll6hf6okdatgrxiwhcjs2uepc7/spack-src/src/H5Faccum.c line 824 in H5F__accum_write(): file write failed
    major: Low-level I/O
    minor: Write failed
  #011: /scratch/spack_cpu/job_21700923/spack-stage/spack-stage-hdf5-1.10.7-xexa2gll6hf6okdatgrxiwhcjs2uepc7/spack-src/src/H5FDint.c line 249 in H5FD_write(): driver write request failed
    major: Virtual File Layer
    minor: Write failed
  #012: /scratch/spack_cpu/job_21700923/spack-stage/spack-stage-hdf5-1.10.7-xexa2gll6hf6okdatgrxiwhcjs2uepc7/spack-src/src/H5FDsec2.c line 856 in H5FD__sec2_write(): file write failed: time = Wed Nov 19 08:54:44 2025
, filename = 'checkpoint.h5', file descriptor = 5, errno = 14, error message = 'Bad address', buf = 0x1555537c4000, total write size = 15969552, bytes this sub-write = 15969552, bytes actually written = 18446744073709551615, offset = 0
    major: Low-level I/O
    minor: Write failed
HDF5-DIAG: Error detected in HDF5 (1.10.7) thread 0:
  #000: /scratch/spack_cpu/job_21700923/spack-stage/spack-stage-hdf5-1.10.7-xexa2gll6hf6okdatgrxiwhcjs2uepc7/spack-src/src/H5Dio.c line 335 in H5Dwrite(): can't write data
    major: Dataset
    minor: Write failed
  #001: /scratch/spack_cpu/job_21700923/spack-stage/spack-stage-hdf5-1.10.7-xexa2gll6hf6okdatgrxiwhcjs2uepc7/spack-src/src/H5Dio.c line 813 in H5D__write(): can't write data
    major: Dataset
    minor: Write failed
  #002: /scratch/spack_cpu/job_21700923/spack-stage/spack-stage-hdf5-1.10.7-xexa2gll6hf6okdatgrxiwhcjs2uepc7/spack-src/src/H5Dcontig.c line 659 in H5D__contig_write(): contiguous write failed
    major: Dataset
    minor: Write failed
  #003: /scratch/spack_cpu/job_21700923/spack-stage/spack-stage-hdf5-1.10.7-xexa2gll6hf6okdatgrxiwhcjs2uepc7/spack-src/src/H5Dselect.c line 321 in H5D__select_write(): write error
    major: Dataspace
    minor: Write failed
  #004: /scratch/spack_cpu/job_21700923/spack-stage/spack-stage-hdf5-1.10.7-xexa2gll6hf6okdatgrxiwhcjs2uepc7/spack-src/src/H5Dselect.c line 230 in H5D__select_io(): write error
    major: Dataspace
    minor: Write failed
  #005: /scratch/spack_cpu/job_21700923/spack-stage/spack-stage-hdf5-1.10.7-xexa2gll6hf6okdatgrxiwhcjs2uepc7/spack-src/src/H5Dcontig.c line 1281 in H5D__contig_writevv(): can't perform vectorized sieve buffer write
    major: Dataset
    minor: Can't operate on object
  #006: /scratch/spack_cpu/job_21700923/spack-stage/spack-stage-hdf5-1.10.7-xexa2gll6hf6okdatgrxiwhcjs2uepc7/spack-src/src/H5VM.c line 1464 in H5VM_opvv(): can't perform operation
    major: Internal error (too specific to document in detail)
    minor: Can't operate on object
  #007: /scratch/spack_cpu/job_21700923/spack-stage/spack-stage-hdf5-1.10.7-xexa2gll6hf6okdatgrxiwhcjs2uepc7/spack-src/src/H5Dcontig.c line 1029 in H5D__contig_writevv_sieve_cb(): block write failed
    major: Dataset
    minor: Write failed
  #008: /scratch/spack_cpu/job_21700923/spack-stage/spack-stage-hdf5-1.10.7-xexa2gll6hf6okdatgrxiwhcjs2uepc7/spack-src/src/H5Fio.c line 161 in H5F_block_write(): write through page buffer failed
    major: Low-level I/O
    minor: Write failed
  #009: /scratch/spack_cpu/job_21700923/spack-stage/spack-stage-hdf5-1.10.7-xexa2gll6hf6okdatgrxiwhcjs2uepc7/spack-src/src/H5PB.c line 1032 in H5PB_write(): write through metadata accumulator failed
    major: Page Buffering
    minor: Write failed
  #010: /scratch/spack_cpu/job_21700923/spack-stage/spack-stage-hdf5-1.10.7-xexa2gll6hf6okdatgrxiwhcjs2uepc7/spack-src/src/H5Faccum.c line 824 in H5F__accum_write(): file write failed
    major: Low-level I/O
    minor: Write failed
  #011: /scratch/spack_cpu/job_21700923/spack-stage/spack-stage-hdf5-1.10.7-xexa2gll6hf6okdatgrxiwhcjs2uepc7/spack-src/src/H5FDint.c line 249 in H5FD_write(): driver write request failed
    major: Virtual File Layer
    minor: Write failed
  #012: /scratch/spack_cpu/job_21700923/spack-stage/spack-stage-hdf5-1.10.7-xexa2gll6hf6okdatgrxiwhcjs2uepc7/spack-src/src/H5FDsec2.c line 856 in H5FD__sec2_write(): file write failed: time = Wed Nov 19 08:55:24 2025
, filename = 'checkpoint.h5', file descriptor = 5, errno = 14, error message = 'Bad address', buf = 0x1555537c4000, total write size = 15969552, bytes this sub-write = 15969552, bytes actually written = 18446744073709551615, offset = 0
    major: Low-level I/O
    minor: Write failed
HDF5-DIAG: Error detected in HDF5 (1.10.7) thread 0:
  #000: /scratch/spack_cpu/job_21700923/spack-stage/spack-stage-hdf5-1.10.7-xexa2gll6hf6okdatgrxiwhcjs2uepc7/spack-src/src/H5Dio.c line 335 in H5Dwrite(): can't write data
    major: Dataset
    minor: Write failed
  #001: /scratch/spack_cpu/job_21700923/spack-stage/spack-stage-hdf5-1.10.7-xexa2gll6hf6okdatgrxiwhcjs2uepc7/spack-src/src/H5Dio.c line 813 in H5D__write(): can't write data
    major: Dataset
    minor: Write failed
  #002: /scratch/spack_cpu/job_21700923/spack-stage/spack-stage-hdf5-1.10.7-xexa2gll6hf6okdatgrxiwhcjs2uepc7/spack-src/src/H5Dcontig.c line 659 in H5D__contig_write(): contiguous write failed
    major: Dataset
    minor: Write failed
  #003: /scratch/spack_cpu/job_21700923/spack-stage/spack-stage-hdf5-1.10.7-xexa2gll6hf6okdatgrxiwhcjs2uepc7/spack-src/src/H5Dselect.c line 321 in H5D__select_write(): write error
    major: Dataspace
    minor: Write failed
  #004: /scratch/spack_cpu/job_21700923/spack-stage/spack-stage-hdf5-1.10.7-xexa2gll6hf6okdatgrxiwhcjs2uepc7/spack-src/src/H5Dselect.c line 230 in H5D__select_io(): write error
    major: Dataspace
    minor: Write failed
  #005: /scratch/spack_cpu/job_21700923/spack-stage/spack-stage-hdf5-1.10.7-xexa2gll6hf6okdatgrxiwhcjs2uepc7/spack-src/src/H5Dcontig.c line 1281 in H5D__contig_writevv(): can't perform vectorized sieve buffer write
    major: Dataset
    minor: Can't operate on object
  #006: /scratch/spack_cpu/job_21700923/spack-stage/spack-stage-hdf5-1.10.7-xexa2gll6hf6okdatgrxiwhcjs2uepc7/spack-src/src/H5VM.c line 1464 in H5VM_opvv(): can't perform operation
    major: Internal error (too specific to document in detail)
    minor: Can't operate on object
  #007: /scratch/spack_cpu/job_21700923/spack-stage/spack-stage-hdf5-1.10.7-xexa2gll6hf6okdatgrxiwhcjs2uepc7/spack-src/src/H5Dcontig.c line 1029 in H5D__contig_writevv_sieve_cb(): block write failed
    major: Dataset
    minor: Write failed
  #008: /scratch/spack_cpu/job_21700923/spack-stage/spack-stage-hdf5-1.10.7-xexa2gll6hf6okdatgrxiwhcjs2uepc7/spack-src/src/H5Fio.c line 161 in H5F_block_write(): write through page buffer failed
    major: Low-level I/O
    minor: Write failed
  #009: /scratch/spack_cpu/job_21700923/spack-stage/spack-stage-hdf5-1.10.7-xexa2gll6hf6okdatgrxiwhcjs2uepc7/spack-src/src/H5PB.c line 1032 in H5PB_write(): write through metadata accumulator failed
    major: Page Buffering
    minor: Write failed
  #010: /scratch/spack_cpu/job_21700923/spack-stage/spack-stage-hdf5-1.10.7-xexa2gll6hf6okdatgrxiwhcjs2uepc7/spack-src/src/H5Faccum.c line 824 in H5F__accum_write(): file write failed
    major: Low-level I/O
    minor: Write failed
  #011: /scratch/spack_cpu/job_21700923/spack-stage/spack-stage-hdf5-1.10.7-xexa2gll6hf6okdatgrxiwhcjs2uepc7/spack-src/src/H5FDint.c line 249 in H5FD_write(): driver write request failed
    major: Virtual File Layer
    minor: Write failed
  #012: /scratch/spack_cpu/job_21700923/spack-stage/spack-stage-hdf5-1.10.7-xexa2gll6hf6okdatgrxiwhcjs2uepc7/spack-src/src/H5FDsec2.c line 856 in H5FD__sec2_write(): file write failed: time = Wed Nov 19 08:56:05 2025
, filename = 'checkpoint.h5', file descriptor = 5, errno = 14, error message = 'Bad address', buf = 0x1555537c4000, total write size = 15969552, bytes this sub-write = 15969552, bytes actually written = 18446744073709551615, offset = 0
    major: Low-level I/O
    minor: Write failed
HDF5-DIAG: Error detected in HDF5 (1.10.7) thread 0:
  #000: /scratch/spack_cpu/job_21700923/spack-stage/spack-stage-hdf5-1.10.7-xexa2gll6hf6okdatgrxiwhcjs2uepc7/spack-src/src/H5Dio.c line 335 in H5Dwrite(): can't write data
    major: Dataset
    minor: Write failed
  #001: /scratch/spack_cpu/job_21700923/spack-stage/spack-stage-hdf5-1.10.7-xexa2gll6hf6okdatgrxiwhcjs2uepc7/spack-src/src/H5Dio.c line 813 in H5D__write(): can't write data
    major: Dataset
    minor: Write failed
  #002: /scratch/spack_cpu/job_21700923/spack-stage/spack-stage-hdf5-1.10.7-xexa2gll6hf6okdatgrxiwhcjs2uepc7/spack-src/src/H5Dcontig.c line 659 in H5D__contig_write(): contiguous write failed
    major: Dataset
    minor: Write failed
  #003: /scratch/spack_cpu/job_21700923/spack-stage/spack-stage-hdf5-1.10.7-xexa2gll6hf6okdatgrxiwhcjs2uepc7/spack-src/src/H5Dselect.c line 321 in H5D__select_write(): write error
    major: Dataspace
    minor: Write failed
  #004: /scratch/spack_cpu/job_21700923/spack-stage/spack-stage-hdf5-1.10.7-xexa2gll6hf6okdatgrxiwhcjs2uepc7/spack-src/src/H5Dselect.c line 230 in H5D__select_io(): write error
    major: Dataspace
    minor: Write failed
  #005: /scratch/spack_cpu/job_21700923/spack-stage/spack-stage-hdf5-1.10.7-xexa2gll6hf6okdatgrxiwhcjs2uepc7/spack-src/src/H5Dcontig.c line 1281 in H5D__contig_writevv(): can't perform vectorized sieve buffer write
    major: Dataset
    minor: Can't operate on object
  #006: /scratch/spack_cpu/job_21700923/spack-stage/spack-stage-hdf5-1.10.7-xexa2gll6hf6okdatgrxiwhcjs2uepc7/spack-src/src/H5VM.c line 1464 in H5VM_opvv(): can't perform operation
    major: Internal error (too specific to document in detail)
    minor: Can't operate on object
  #007: /scratch/spack_cpu/job_21700923/spack-stage/spack-stage-hdf5-1.10.7-xexa2gll6hf6okdatgrxiwhcjs2uepc7/spack-src/src/H5Dcontig.c line 1029 in H5D__contig_writevv_sieve_cb(): block write failed
    major: Dataset
    minor: Write failed
  #008: /scratch/spack_cpu/job_21700923/spack-stage/spack-stage-hdf5-1.10.7-xexa2gll6hf6okdatgrxiwhcjs2uepc7/spack-src/src/H5Fio.c line 161 in H5F_block_write(): write through page buffer failed
    major: Low-level I/O
    minor: Write failed
  #009: /scratch/spack_cpu/job_21700923/spack-stage/spack-stage-hdf5-1.10.7-xexa2gll6hf6okdatgrxiwhcjs2uepc7/spack-src/src/H5PB.c line 1032 in H5PB_write(): write through metadata accumulator failed
    major: Page Buffering
    minor: Write failed
  #010: /scratch/spack_cpu/job_21700923/spack-stage/spack-stage-hdf5-1.10.7-xexa2gll6hf6okdatgrxiwhcjs2uepc7/spack-src/src/H5Faccum.c line 824 in H5F__accum_write(): file write failed
    major: Low-level I/O
    minor: Write failed
  #011: /scratch/spack_cpu/job_21700923/spack-stage/spack-stage-hdf5-1.10.7-xexa2gll6hf6okdatgrxiwhcjs2uepc7/spack-src/src/H5FDint.c line 249 in H5FD_write(): driver write request failed
    major: Virtual File Layer
    minor: Write failed
  #012: /scratch/spack_cpu/job_21700923/spack-stage/spack-stage-hdf5-1.10.7-xexa2gll6hf6okdatgrxiwhcjs2uepc7/spack-src/src/H5FDsec2.c line 856 in H5FD__sec2_write(): file write failed: time = Wed Nov 19 08:56:44 2025
, filename = 'checkpoint.h5', file descriptor = 5, errno = 14, error message = 'Bad address', buf = 0x1555537c4000, total write size = 15969552, bytes this sub-write = 15969552, bytes actually written = 18446744073709551615, offset = 0
    major: Low-level I/O
    minor: Write failed
HDF5-DIAG: Error detected in HDF5 (1.10.7) thread 0:
  #000: /scratch/spack_cpu/job_21700923/spack-stage/spack-stage-hdf5-1.10.7-xexa2gll6hf6okdatgrxiwhcjs2uepc7/spack-src/src/H5Dio.c line 335 in H5Dwrite(): can't write data
    major: Dataset
    minor: Write failed
  #001: /scratch/spack_cpu/job_21700923/spack-stage/spack-stage-hdf5-1.10.7-xexa2gll6hf6okdatgrxiwhcjs2uepc7/spack-src/src/H5Dio.c line 813 in H5D__write(): can't write data
    major: Dataset
    minor: Write failed
  #002: /scratch/spack_cpu/job_21700923/spack-stage/spack-stage-hdf5-1.10.7-xexa2gll6hf6okdatgrxiwhcjs2uepc7/spack-src/src/H5Dcontig.c line 659 in H5D__contig_write(): contiguous write failed
    major: Dataset
    minor: Write failed
  #003: /scratch/spack_cpu/job_21700923/spack-stage/spack-stage-hdf5-1.10.7-xexa2gll6hf6okdatgrxiwhcjs2uepc7/spack-src/src/H5Dselect.c line 321 in H5D__select_write(): write error
    major: Dataspace
    minor: Write failed
  #004: /scratch/spack_cpu/job_21700923/spack-stage/spack-stage-hdf5-1.10.7-xexa2gll6hf6okdatgrxiwhcjs2uepc7/spack-src/src/H5Dselect.c line 230 in H5D__select_io(): write error
    major: Dataspace
    minor: Write failed
  #005: /scratch/spack_cpu/job_21700923/spack-stage/spack-stage-hdf5-1.10.7-xexa2gll6hf6okdatgrxiwhcjs2uepc7/spack-src/src/H5Dcontig.c line 1281 in H5D__contig_writevv(): can't perform vectorized sieve buffer write
    major: Dataset
    minor: Can't operate on object
  #006: /scratch/spack_cpu/job_21700923/spack-stage/spack-stage-hdf5-1.10.7-xexa2gll6hf6okdatgrxiwhcjs2uepc7/spack-src/src/H5VM.c line 1464 in H5VM_opvv(): can't perform operation
    major: Internal error (too specific to document in detail)
    minor: Can't operate on object
  #007: /scratch/spack_cpu/job_21700923/spack-stage/spack-stage-hdf5-1.10.7-xexa2gll6hf6okdatgrxiwhcjs2uepc7/spack-src/src/H5Dcontig.c line 1029 in H5D__contig_writevv_sieve_cb(): block write failed
    major: Dataset
    minor: Write failed
  #008: /scratch/spack_cpu/job_21700923/spack-stage/spack-stage-hdf5-1.10.7-xexa2gll6hf6okdatgrxiwhcjs2uepc7/spack-src/src/H5Fio.c line 161 in H5F_block_write(): write through page buffer failed
    major: Low-level I/O
    minor: Write failed
  #009: /scratch/spack_cpu/job_21700923/spack-stage/spack-stage-hdf5-1.10.7-xexa2gll6hf6okdatgrxiwhcjs2uepc7/spack-src/src/H5PB.c line 1032 in H5PB_write(): write through metadata accumulator failed
    major: Page Buffering
    minor: Write failed
  #010: /scratch/spack_cpu/job_21700923/spack-stage/spack-stage-hdf5-1.10.7-xexa2gll6hf6okdatgrxiwhcjs2uepc7/spack-src/src/H5Faccum.c line 824 in H5F__accum_write(): file write failed
    major: Low-level I/O
    minor: Write failed
  #011: /scratch/spack_cpu/job_21700923/spack-stage/spack-stage-hdf5-1.10.7-xexa2gll6hf6okdatgrxiwhcjs2uepc7/spack-src/src/H5FDint.c line 249 in H5FD_write(): driver write request failed
    major: Virtual File Layer
    minor: Write failed
  #012: /scratch/spack_cpu/job_21700923/spack-stage/spack-stage-hdf5-1.10.7-xexa2gll6hf6okdatgrxiwhcjs2uepc7/spack-src/src/H5FDsec2.c line 856 in H5FD__sec2_write(): file write failed: time = Wed Nov 19 08:57:24 2025
, filename = 'checkpoint.h5', file descriptor = 5, errno = 14, error message = 'Bad address', buf = 0x1555537c4000, total write size = 15969552, bytes this sub-write = 15969552, bytes actually written = 18446744073709551615, offset = 0
    major: Low-level I/O
    minor: Write failed
HDF5-DIAG: Error detected in HDF5 (1.10.7) thread 0:
  #000: /scratch/spack_cpu/job_21700923/spack-stage/spack-stage-hdf5-1.10.7-xexa2gll6hf6okdatgrxiwhcjs2uepc7/spack-src/src/H5Dio.c line 335 in H5Dwrite(): can't write data
    major: Dataset
    minor: Write failed
  #001: /scratch/spack_cpu/job_21700923/spack-stage/spack-stage-hdf5-1.10.7-xexa2gll6hf6okdatgrxiwhcjs2uepc7/spack-src/src/H5Dio.c line 813 in H5D__write(): can't write data
    major: Dataset
    minor: Write failed
  #002: /scratch/spack_cpu/job_21700923/spack-stage/spack-stage-hdf5-1.10.7-xexa2gll6hf6okdatgrxiwhcjs2uepc7/spack-src/src/H5Dcontig.c line 659 in H5D__contig_write(): contiguous write failed
    major: Dataset
    minor: Write failed
  #003: /scratch/spack_cpu/job_21700923/spack-stage/spack-stage-hdf5-1.10.7-xexa2gll6hf6okdatgrxiwhcjs2uepc7/spack-src/src/H5Dselect.c line 321 in H5D__select_write(): write error
    major: Dataspace
    minor: Write failed
  #004: /scratch/spack_cpu/job_21700923/spack-stage/spack-stage-hdf5-1.10.7-xexa2gll6hf6okdatgrxiwhcjs2uepc7/spack-src/src/H5Dselect.c line 230 in H5D__select_io(): write error
    major: Dataspace
    minor: Write failed
  #005: /scratch/spack_cpu/job_21700923/spack-stage/spack-stage-hdf5-1.10.7-xexa2gll6hf6okdatgrxiwhcjs2uepc7/spack-src/src/H5Dcontig.c line 1281 in H5D__contig_writevv(): can't perform vectorized sieve buffer write
    major: Dataset
    minor: Can't operate on object
  #006: /scratch/spack_cpu/job_21700923/spack-stage/spack-stage-hdf5-1.10.7-xexa2gll6hf6okdatgrxiwhcjs2uepc7/spack-src/src/H5VM.c line 1464 in H5VM_opvv(): can't perform operation
    major: Internal error (too specific to document in detail)
    minor: Can't operate on object
  #007: /scratch/spack_cpu/job_21700923/spack-stage/spack-stage-hdf5-1.10.7-xexa2gll6hf6okdatgrxiwhcjs2uepc7/spack-src/src/H5Dcontig.c line 1029 in H5D__contig_writevv_sieve_cb(): block write failed
    major: Dataset
    minor: Write failed
  #008: /scratch/spack_cpu/job_21700923/spack-stage/spack-stage-hdf5-1.10.7-xexa2gll6hf6okdatgrxiwhcjs2uepc7/spack-src/src/H5Fio.c line 161 in H5F_block_write(): write through page buffer failed
    major: Low-level I/O
    minor: Write failed
  #009: /scratch/spack_cpu/job_21700923/spack-stage/spack-stage-hdf5-1.10.7-xexa2gll6hf6okdatgrxiwhcjs2uepc7/spack-src/src/H5PB.c line 1032 in H5PB_write(): write through metadata accumulator failed
    major: Page Buffering
    minor: Write failed
  #010: /scratch/spack_cpu/job_21700923/spack-stage/spack-stage-hdf5-1.10.7-xexa2gll6hf6okdatgrxiwhcjs2uepc7/spack-src/src/H5Faccum.c line 824 in H5F__accum_write(): file write failed
    major: Low-level I/O
    minor: Write failed
  #011: /scratch/spack_cpu/job_21700923/spack-stage/spack-stage-hdf5-1.10.7-xexa2gll6hf6okdatgrxiwhcjs2uepc7/spack-src/src/H5FDint.c line 249 in H5FD_write(): driver write request failed
    major: Virtual File Layer
    minor: Write failed
  #012: /scratch/spack_cpu/job_21700923/spack-stage/spack-stage-hdf5-1.10.7-xexa2gll6hf6okdatgrxiwhcjs2uepc7/spack-src/src/H5FDsec2.c line 856 in H5FD__sec2_write(): file write failed: time = Wed Nov 19 08:58:05 2025
, filename = 'checkpoint.h5', file descriptor = 5, errno = 14, error message = 'Bad address', buf = 0x1555537c4000, total write size = 15969552, bytes this sub-write = 15969552, bytes actually written = 18446744073709551615, offset = 0
    major: Low-level I/O
    minor: Write failed
HDF5-DIAG: Error detected in HDF5 (1.10.7) thread 0:
  #000: /scratch/spack_cpu/job_21700923/spack-stage/spack-stage-hdf5-1.10.7-xexa2gll6hf6okdatgrxiwhcjs2uepc7/spack-src/src/H5Dio.c line 335 in H5Dwrite(): can't write data
    major: Dataset
    minor: Write failed
  #001: /scratch/spack_cpu/job_21700923/spack-stage/spack-stage-hdf5-1.10.7-xexa2gll6hf6okdatgrxiwhcjs2uepc7/spack-src/src/H5Dio.c line 813 in H5D__write(): can't write data
    major: Dataset
    minor: Write failed
  #002: /scratch/spack_cpu/job_21700923/spack-stage/spack-stage-hdf5-1.10.7-xexa2gll6hf6okdatgrxiwhcjs2uepc7/spack-src/src/H5Dcontig.c line 659 in H5D__contig_write(): contiguous write failed
    major: Dataset
    minor: Write failed
  #003: /scratch/spack_cpu/job_21700923/spack-stage/spack-stage-hdf5-1.10.7-xexa2gll6hf6okdatgrxiwhcjs2uepc7/spack-src/src/H5Dselect.c line 321 in H5D__select_write(): write error
    major: Dataspace
    minor: Write failed
  #004: /scratch/spack_cpu/job_21700923/spack-stage/spack-stage-hdf5-1.10.7-xexa2gll6hf6okdatgrxiwhcjs2uepc7/spack-src/src/H5Dselect.c line 230 in H5D__select_io(): write error
    major: Dataspace
    minor: Write failed
  #005: /scratch/spack_cpu/job_21700923/spack-stage/spack-stage-hdf5-1.10.7-xexa2gll6hf6okdatgrxiwhcjs2uepc7/spack-src/src/H5Dcontig.c line 1281 in H5D__contig_writevv(): can't perform vectorized sieve buffer write
    major: Dataset
    minor: Can't operate on object
  #006: /scratch/spack_cpu/job_21700923/spack-stage/spack-stage-hdf5-1.10.7-xexa2gll6hf6okdatgrxiwhcjs2uepc7/spack-src/src/H5VM.c line 1464 in H5VM_opvv(): can't perform operation
    major: Internal error (too specific to document in detail)
    minor: Can't operate on object
  #007: /scratch/spack_cpu/job_21700923/spack-stage/spack-stage-hdf5-1.10.7-xexa2gll6hf6okdatgrxiwhcjs2uepc7/spack-src/src/H5Dcontig.c line 1029 in H5D__contig_writevv_sieve_cb(): block write failed
    major: Dataset
    minor: Write failed
  #008: /scratch/spack_cpu/job_21700923/spack-stage/spack-stage-hdf5-1.10.7-xexa2gll6hf6okdatgrxiwhcjs2uepc7/spack-src/src/H5Fio.c line 161 in H5F_block_write(): write through page buffer failed
    major: Low-level I/O
    minor: Write failed
  #009: /scratch/spack_cpu/job_21700923/spack-stage/spack-stage-hdf5-1.10.7-xexa2gll6hf6okdatgrxiwhcjs2uepc7/spack-src/src/H5PB.c line 1032 in H5PB_write(): write through metadata accumulator failed
    major: Page Buffering
    minor: Write failed
  #010: /scratch/spack_cpu/job_21700923/spack-stage/spack-stage-hdf5-1.10.7-xexa2gll6hf6okdatgrxiwhcjs2uepc7/spack-src/src/H5Faccum.c line 824 in H5F__accum_write(): file write failed
    major: Low-level I/O
    minor: Write failed
  #011: /scratch/spack_cpu/job_21700923/spack-stage/spack-stage-hdf5-1.10.7-xexa2gll6hf6okdatgrxiwhcjs2uepc7/spack-src/src/H5FDint.c line 249 in H5FD_write(): driver write request failed
    major: Virtual File Layer
    minor: Write failed
  #012: /scratch/spack_cpu/job_21700923/spack-stage/spack-stage-hdf5-1.10.7-xexa2gll6hf6okdatgrxiwhcjs2uepc7/spack-src/src/H5FDsec2.c line 856 in H5FD__sec2_write(): file write failed: time = Wed Nov 19 08:58:45 2025
, filename = 'checkpoint.h5', file descriptor = 5, errno = 14, error message = 'Bad address', buf = 0x1555537c4000, total write size = 15969552, bytes this sub-write = 15969552, bytes actually written = 18446744073709551615, offset = 0
    major: Low-level I/O
    minor: Write failed
HDF5-DIAG: Error detected in HDF5 (1.10.7) thread 0:
  #000: /scratch/spack_cpu/job_21700923/spack-stage/spack-stage-hdf5-1.10.7-xexa2gll6hf6okdatgrxiwhcjs2uepc7/spack-src/src/H5Dio.c line 335 in H5Dwrite(): can't write data
    major: Dataset
    minor: Write failed
  #001: /scratch/spack_cpu/job_21700923/spack-stage/spack-stage-hdf5-1.10.7-xexa2gll6hf6okdatgrxiwhcjs2uepc7/spack-src/src/H5Dio.c line 813 in H5D__write(): can't write data
    major: Dataset
    minor: Write failed
  #002: /scratch/spack_cpu/job_21700923/spack-stage/spack-stage-hdf5-1.10.7-xexa2gll6hf6okdatgrxiwhcjs2uepc7/spack-src/src/H5Dcontig.c line 659 in H5D__contig_write(): contiguous write failed
    major: Dataset
    minor: Write failed
  #003: /scratch/spack_cpu/job_21700923/spack-stage/spack-stage-hdf5-1.10.7-xexa2gll6hf6okdatgrxiwhcjs2uepc7/spack-src/src/H5Dselect.c line 321 in H5D__select_write(): write error
    major: Dataspace
    minor: Write failed
  #004: /scratch/spack_cpu/job_21700923/spack-stage/spack-stage-hdf5-1.10.7-xexa2gll6hf6okdatgrxiwhcjs2uepc7/spack-src/src/H5Dselect.c line 230 in H5D__select_io(): write error
    major: Dataspace
    minor: Write failed
  #005: /scratch/spack_cpu/job_21700923/spack-stage/spack-stage-hdf5-1.10.7-xexa2gll6hf6okdatgrxiwhcjs2uepc7/spack-src/src/H5Dcontig.c line 1281 in H5D__contig_writevv(): can't perform vectorized sieve buffer write
    major: Dataset
    minor: Can't operate on object
  #006: /scratch/spack_cpu/job_21700923/spack-stage/spack-stage-hdf5-1.10.7-xexa2gll6hf6okdatgrxiwhcjs2uepc7/spack-src/src/H5VM.c line 1464 in H5VM_opvv(): can't perform operation
    major: Internal error (too specific to document in detail)
    minor: Can't operate on object
  #007: /scratch/spack_cpu/job_21700923/spack-stage/spack-stage-hdf5-1.10.7-xexa2gll6hf6okdatgrxiwhcjs2uepc7/spack-src/src/H5Dcontig.c line 1029 in H5D__contig_writevv_sieve_cb(): block write failed
    major: Dataset
    minor: Write failed
  #008: /scratch/spack_cpu/job_21700923/spack-stage/spack-stage-hdf5-1.10.7-xexa2gll6hf6okdatgrxiwhcjs2uepc7/spack-src/src/H5Fio.c line 161 in H5F_block_write(): write through page buffer failed
    major: Low-level I/O
    minor: Write failed
  #009: /scratch/spack_cpu/job_21700923/spack-stage/spack-stage-hdf5-1.10.7-xexa2gll6hf6okdatgrxiwhcjs2uepc7/spack-src/src/H5PB.c line 1032 in H5PB_write(): write through metadata accumulator failed
    major: Page Buffering
    minor: Write failed
  #010: /scratch/spack_cpu/job_21700923/spack-stage/spack-stage-hdf5-1.10.7-xexa2gll6hf6okdatgrxiwhcjs2uepc7/spack-src/src/H5Faccum.c line 824 in H5F__accum_write(): file write failed
    major: Low-level I/O
    minor: Write failed
  #011: /scratch/spack_cpu/job_21700923/spack-stage/spack-stage-hdf5-1.10.7-xexa2gll6hf6okdatgrxiwhcjs2uepc7/spack-src/src/H5FDint.c line 249 in H5FD_write(): driver write request failed
    major: Virtual File Layer
    minor: Write failed
  #012: /scratch/spack_cpu/job_21700923/spack-stage/spack-stage-hdf5-1.10.7-xexa2gll6hf6okdatgrxiwhcjs2uepc7/spack-src/src/H5FDsec2.c line 856 in H5FD__sec2_write(): file write failed: time = Wed Nov 19 08:59:25 2025
, filename = 'checkpoint.h5', file descriptor = 5, errno = 14, error message = 'Bad address', buf = 0x1555537c4000, total write size = 15969552, bytes this sub-write = 15969552, bytes actually written = 18446744073709551615, offset = 0
    major: Low-level I/O
    minor: Write failed
HDF5-DIAG: Error detected in HDF5 (1.10.7) thread 0:
  #000: /scratch/spack_cpu/job_21700923/spack-stage/spack-stage-hdf5-1.10.7-xexa2gll6hf6okdatgrxiwhcjs2uepc7/spack-src/src/H5Dio.c line 335 in H5Dwrite(): can't write data
    major: Dataset
    minor: Write failed
  #001: /scratch/spack_cpu/job_21700923/spack-stage/spack-stage-hdf5-1.10.7-xexa2gll6hf6okdatgrxiwhcjs2uepc7/spack-src/src/H5Dio.c line 813 in H5D__write(): can't write data
    major: Dataset
    minor: Write failed
  #002: /scratch/spack_cpu/job_21700923/spack-stage/spack-stage-hdf5-1.10.7-xexa2gll6hf6okdatgrxiwhcjs2uepc7/spack-src/src/H5Dcontig.c line 659 in H5D__contig_write(): contiguous write failed
    major: Dataset
    minor: Write failed
  #003: /scratch/spack_cpu/job_21700923/spack-stage/spack-stage-hdf5-1.10.7-xexa2gll6hf6okdatgrxiwhcjs2uepc7/spack-src/src/H5Dselect.c line 321 in H5D__select_write(): write error
    major: Dataspace
    minor: Write failed
  #004: /scratch/spack_cpu/job_21700923/spack-stage/spack-stage-hdf5-1.10.7-xexa2gll6hf6okdatgrxiwhcjs2uepc7/spack-src/src/H5Dselect.c line 230 in H5D__select_io(): write error
    major: Dataspace
    minor: Write failed
  #005: /scratch/spack_cpu/job_21700923/spack-stage/spack-stage-hdf5-1.10.7-xexa2gll6hf6okdatgrxiwhcjs2uepc7/spack-src/src/H5Dcontig.c line 1281 in H5D__contig_writevv(): can't perform vectorized sieve buffer write
    major: Dataset
    minor: Can't operate on object
  #006: /scratch/spack_cpu/job_21700923/spack-stage/spack-stage-hdf5-1.10.7-xexa2gll6hf6okdatgrxiwhcjs2uepc7/spack-src/src/H5VM.c line 1464 in H5VM_opvv(): can't perform operation
    major: Internal error (too specific to document in detail)
    minor: Can't operate on object
  #007: /scratch/spack_cpu/job_21700923/spack-stage/spack-stage-hdf5-1.10.7-xexa2gll6hf6okdatgrxiwhcjs2uepc7/spack-src/src/H5Dcontig.c line 1029 in H5D__contig_writevv_sieve_cb(): block write failed
    major: Dataset
    minor: Write failed
  #008: /scratch/spack_cpu/job_21700923/spack-stage/spack-stage-hdf5-1.10.7-xexa2gll6hf6okdatgrxiwhcjs2uepc7/spack-src/src/H5Fio.c line 161 in H5F_block_write(): write through page buffer failed
    major: Low-level I/O
    minor: Write failed
  #009: /scratch/spack_cpu/job_21700923/spack-stage/spack-stage-hdf5-1.10.7-xexa2gll6hf6okdatgrxiwhcjs2uepc7/spack-src/src/H5PB.c line 1032 in H5PB_write(): write through metadata accumulator failed
    major: Page Buffering
    minor: Write failed
  #010: /scratch/spack_cpu/job_21700923/spack-stage/spack-stage-hdf5-1.10.7-xexa2gll6hf6okdatgrxiwhcjs2uepc7/spack-src/src/H5Faccum.c line 824 in H5F__accum_write(): file write failed
    major: Low-level I/O
    minor: Write failed
  #011: /scratch/spack_cpu/job_21700923/spack-stage/spack-stage-hdf5-1.10.7-xexa2gll6hf6okdatgrxiwhcjs2uepc7/spack-src/src/H5FDint.c line 249 in H5FD_write(): driver write request failed
    major: Virtual File Layer
    minor: Write failed
  #012: /scratch/spack_cpu/job_21700923/spack-stage/spack-stage-hdf5-1.10.7-xexa2gll6hf6okdatgrxiwhcjs2uepc7/spack-src/src/H5FDsec2.c line 856 in H5FD__sec2_write(): file write failed: time = Wed Nov 19 09:00:06 2025
, filename = 'checkpoint.h5', file descriptor = 5, errno = 14, error message = 'Bad address', buf = 0x1555537c4000, total write size = 15969552, bytes this sub-write = 15969552, bytes actually written = 18446744073709551615, offset = 0
    major: Low-level I/O
    minor: Write failed
HDF5-DIAG: Error detected in HDF5 (1.10.7) thread 0:
  #000: /scratch/spack_cpu/job_21700923/spack-stage/spack-stage-hdf5-1.10.7-xexa2gll6hf6okdatgrxiwhcjs2uepc7/spack-src/src/H5Dio.c line 335 in H5Dwrite(): can't write data
    major: Dataset
    minor: Write failed
  #001: /scratch/spack_cpu/job_21700923/spack-stage/spack-stage-hdf5-1.10.7-xexa2gll6hf6okdatgrxiwhcjs2uepc7/spack-src/src/H5Dio.c line 813 in H5D__write(): can't write data
    major: Dataset
    minor: Write failed
  #002: /scratch/spack_cpu/job_21700923/spack-stage/spack-stage-hdf5-1.10.7-xexa2gll6hf6okdatgrxiwhcjs2uepc7/spack-src/src/H5Dcontig.c line 659 in H5D__contig_write(): contiguous write failed
    major: Dataset
    minor: Write failed
  #003: /scratch/spack_cpu/job_21700923/spack-stage/spack-stage-hdf5-1.10.7-xexa2gll6hf6okdatgrxiwhcjs2uepc7/spack-src/src/H5Dselect.c line 321 in H5D__select_write(): write error
    major: Dataspace
    minor: Write failed
  #004: /scratch/spack_cpu/job_21700923/spack-stage/spack-stage-hdf5-1.10.7-xexa2gll6hf6okdatgrxiwhcjs2uepc7/spack-src/src/H5Dselect.c line 230 in H5D__select_io(): write error
    major: Dataspace
    minor: Write failed
  #005: /scratch/spack_cpu/job_21700923/spack-stage/spack-stage-hdf5-1.10.7-xexa2gll6hf6okdatgrxiwhcjs2uepc7/spack-src/src/H5Dcontig.c line 1281 in H5D__contig_writevv(): can't perform vectorized sieve buffer write
    major: Dataset
    minor: Can't operate on object
  #006: /scratch/spack_cpu/job_21700923/spack-stage/spack-stage-hdf5-1.10.7-xexa2gll6hf6okdatgrxiwhcjs2uepc7/spack-src/src/H5VM.c line 1464 in H5VM_opvv(): can't perform operation
    major: Internal error (too specific to document in detail)
    minor: Can't operate on object
  #007: /scratch/spack_cpu/job_21700923/spack-stage/spack-stage-hdf5-1.10.7-xexa2gll6hf6okdatgrxiwhcjs2uepc7/spack-src/src/H5Dcontig.c line 1029 in H5D__contig_writevv_sieve_cb(): block write failed
    major: Dataset
    minor: Write failed
  #008: /scratch/spack_cpu/job_21700923/spack-stage/spack-stage-hdf5-1.10.7-xexa2gll6hf6okdatgrxiwhcjs2uepc7/spack-src/src/H5Fio.c line 161 in H5F_block_write(): write through page buffer failed
    major: Low-level I/O
    minor: Write failed
  #009: /scratch/spack_cpu/job_21700923/spack-stage/spack-stage-hdf5-1.10.7-xexa2gll6hf6okdatgrxiwhcjs2uepc7/spack-src/src/H5PB.c line 1032 in H5PB_write(): write through metadata accumulator failed
    major: Page Buffering
    minor: Write failed
  #010: /scratch/spack_cpu/job_21700923/spack-stage/spack-stage-hdf5-1.10.7-xexa2gll6hf6okdatgrxiwhcjs2uepc7/spack-src/src/H5Faccum.c line 824 in H5F__accum_write(): file write failed
    major: Low-level I/O
    minor: Write failed
  #011: /scratch/spack_cpu/job_21700923/spack-stage/spack-stage-hdf5-1.10.7-xexa2gll6hf6okdatgrxiwhcjs2uepc7/spack-src/src/H5FDint.c line 249 in H5FD_write(): driver write request failed
    major: Virtual File Layer
    minor: Write failed
  #012: /scratch/spack_cpu/job_21700923/spack-stage/spack-stage-hdf5-1.10.7-xexa2gll6hf6okdatgrxiwhcjs2uepc7/spack-src/src/H5FDsec2.c line 856 in H5FD__sec2_write(): file write failed: time = Wed Nov 19 09:00:45 2025
, filename = 'checkpoint.h5', file descriptor = 5, errno = 14, error message = 'Bad address', buf = 0x1555537c4000, total write size = 15969552, bytes this sub-write = 15969552, bytes actually written = 18446744073709551615, offset = 0
    major: Low-level I/O
    minor: Write failed
HDF5-DIAG: Error detected in HDF5 (1.10.7) thread 0:
  #000: /scratch/spack_cpu/job_21700923/spack-stage/spack-stage-hdf5-1.10.7-xexa2gll6hf6okdatgrxiwhcjs2uepc7/spack-src/src/H5Dio.c line 335 in H5Dwrite(): can't write data
    major: Dataset
    minor: Write failed
  #001: /scratch/spack_cpu/job_21700923/spack-stage/spack-stage-hdf5-1.10.7-xexa2gll6hf6okdatgrxiwhcjs2uepc7/spack-src/src/H5Dio.c line 813 in H5D__write(): can't write data
    major: Dataset
    minor: Write failed
  #002: /scratch/spack_cpu/job_21700923/spack-stage/spack-stage-hdf5-1.10.7-xexa2gll6hf6okdatgrxiwhcjs2uepc7/spack-src/src/H5Dcontig.c line 659 in H5D__contig_write(): contiguous write failed
    major: Dataset
    minor: Write failed
  #003: /scratch/spack_cpu/job_21700923/spack-stage/spack-stage-hdf5-1.10.7-xexa2gll6hf6okdatgrxiwhcjs2uepc7/spack-src/src/H5Dselect.c line 321 in H5D__select_write(): write error
    major: Dataspace
    minor: Write failed
  #004: /scratch/spack_cpu/job_21700923/spack-stage/spack-stage-hdf5-1.10.7-xexa2gll6hf6okdatgrxiwhcjs2uepc7/spack-src/src/H5Dselect.c line 230 in H5D__select_io(): write error
    major: Dataspace
    minor: Write failed
  #005: /scratch/spack_cpu/job_21700923/spack-stage/spack-stage-hdf5-1.10.7-xexa2gll6hf6okdatgrxiwhcjs2uepc7/spack-src/src/H5Dcontig.c line 1281 in H5D__contig_writevv(): can't perform vectorized sieve buffer write
    major: Dataset
    minor: Can't operate on object
  #006: /scratch/spack_cpu/job_21700923/spack-stage/spack-stage-hdf5-1.10.7-xexa2gll6hf6okdatgrxiwhcjs2uepc7/spack-src/src/H5VM.c line 1464 in H5VM_opvv(): can't perform operation
    major: Internal error (too specific to document in detail)
    minor: Can't operate on object
  #007: /scratch/spack_cpu/job_21700923/spack-stage/spack-stage-hdf5-1.10.7-xexa2gll6hf6okdatgrxiwhcjs2uepc7/spack-src/src/H5Dcontig.c line 1029 in H5D__contig_writevv_sieve_cb(): block write failed
    major: Dataset
    minor: Write failed
  #008: /scratch/spack_cpu/job_21700923/spack-stage/spack-stage-hdf5-1.10.7-xexa2gll6hf6okdatgrxiwhcjs2uepc7/spack-src/src/H5Fio.c line 161 in H5F_block_write(): write through page buffer failed
    major: Low-level I/O
    minor: Write failed
  #009: /scratch/spack_cpu/job_21700923/spack-stage/spack-stage-hdf5-1.10.7-xexa2gll6hf6okdatgrxiwhcjs2uepc7/spack-src/src/H5PB.c line 1032 in H5PB_write(): write through metadata accumulator failed
    major: Page Buffering
    minor: Write failed
  #010: /scratch/spack_cpu/job_21700923/spack-stage/spack-stage-hdf5-1.10.7-xexa2gll6hf6okdatgrxiwhcjs2uepc7/spack-src/src/H5Faccum.c line 824 in H5F__accum_write(): file write failed
    major: Low-level I/O
    minor: Write failed
  #011: /scratch/spack_cpu/job_21700923/spack-stage/spack-stage-hdf5-1.10.7-xexa2gll6hf6okdatgrxiwhcjs2uepc7/spack-src/src/H5FDint.c line 249 in H5FD_write(): driver write request failed
    major: Virtual File Layer
    minor: Write failed
  #012: /scratch/spack_cpu/job_21700923/spack-stage/spack-stage-hdf5-1.10.7-xexa2gll6hf6okdatgrxiwhcjs2uepc7/spack-src/src/H5FDsec2.c line 856 in H5FD__sec2_write(): file write failed: time = Wed Nov 19 09:01:26 2025
, filename = 'checkpoint.h5', file descriptor = 5, errno = 14, error message = 'Bad address', buf = 0x1555537c4000, total write size = 15969552, bytes this sub-write = 15969552, bytes actually written = 18446744073709551615, offset = 0
    major: Low-level I/O
    minor: Write failed
HDF5-DIAG: Error detected in HDF5 (1.10.7) thread 0:
  #000: /scratch/spack_cpu/job_21700923/spack-stage/spack-stage-hdf5-1.10.7-xexa2gll6hf6okdatgrxiwhcjs2uepc7/spack-src/src/H5Dio.c line 335 in H5Dwrite(): can't write data
    major: Dataset
    minor: Write failed
  #001: /scratch/spack_cpu/job_21700923/spack-stage/spack-stage-hdf5-1.10.7-xexa2gll6hf6okdatgrxiwhcjs2uepc7/spack-src/src/H5Dio.c line 813 in H5D__write(): can't write data
    major: Dataset
    minor: Write failed
  #002: /scratch/spack_cpu/job_21700923/spack-stage/spack-stage-hdf5-1.10.7-xexa2gll6hf6okdatgrxiwhcjs2uepc7/spack-src/src/H5Dcontig.c line 659 in H5D__contig_write(): contiguous write failed
    major: Dataset
    minor: Write failed
  #003: /scratch/spack_cpu/job_21700923/spack-stage/spack-stage-hdf5-1.10.7-xexa2gll6hf6okdatgrxiwhcjs2uepc7/spack-src/src/H5Dselect.c line 321 in H5D__select_write(): write error
    major: Dataspace
    minor: Write failed
  #004: /scratch/spack_cpu/job_21700923/spack-stage/spack-stage-hdf5-1.10.7-xexa2gll6hf6okdatgrxiwhcjs2uepc7/spack-src/src/H5Dselect.c line 230 in H5D__select_io(): write error
    major: Dataspace
    minor: Write failed
  #005: /scratch/spack_cpu/job_21700923/spack-stage/spack-stage-hdf5-1.10.7-xexa2gll6hf6okdatgrxiwhcjs2uepc7/spack-src/src/H5Dcontig.c line 1281 in H5D__contig_writevv(): can't perform vectorized sieve buffer write
    major: Dataset
    minor: Can't operate on object
  #006: /scratch/spack_cpu/job_21700923/spack-stage/spack-stage-hdf5-1.10.7-xexa2gll6hf6okdatgrxiwhcjs2uepc7/spack-src/src/H5VM.c line 1464 in H5VM_opvv(): can't perform operation
    major: Internal error (too specific to document in detail)
    minor: Can't operate on object
  #007: /scratch/spack_cpu/job_21700923/spack-stage/spack-stage-hdf5-1.10.7-xexa2gll6hf6okdatgrxiwhcjs2uepc7/spack-src/src/H5Dcontig.c line 1029 in H5D__contig_writevv_sieve_cb(): block write failed
    major: Dataset
    minor: Write failed
  #008: /scratch/spack_cpu/job_21700923/spack-stage/spack-stage-hdf5-1.10.7-xexa2gll6hf6okdatgrxiwhcjs2uepc7/spack-src/src/H5Fio.c line 161 in H5F_block_write(): write through page buffer failed
    major: Low-level I/O
    minor: Write failed
  #009: /scratch/spack_cpu/job_21700923/spack-stage/spack-stage-hdf5-1.10.7-xexa2gll6hf6okdatgrxiwhcjs2uepc7/spack-src/src/H5PB.c line 1032 in H5PB_write(): write through metadata accumulator failed
    major: Page Buffering
    minor: Write failed
  #010: /scratch/spack_cpu/job_21700923/spack-stage/spack-stage-hdf5-1.10.7-xexa2gll6hf6okdatgrxiwhcjs2uepc7/spack-src/src/H5Faccum.c line 824 in H5F__accum_write(): file write failed
    major: Low-level I/O
    minor: Write failed
  #011: /scratch/spack_cpu/job_21700923/spack-stage/spack-stage-hdf5-1.10.7-xexa2gll6hf6okdatgrxiwhcjs2uepc7/spack-src/src/H5FDint.c line 249 in H5FD_write(): driver write request failed
    major: Virtual File Layer
    minor: Write failed
  #012: /scratch/spack_cpu/job_21700923/spack-stage/spack-stage-hdf5-1.10.7-xexa2gll6hf6okdatgrxiwhcjs2uepc7/spack-src/src/H5FDsec2.c line 856 in H5FD__sec2_write(): file write failed: time = Wed Nov 19 09:02:06 2025
, filename = 'checkpoint.h5', file descriptor = 5, errno = 14, error message = 'Bad address', buf = 0x1555537c4000, total write size = 15969552, bytes this sub-write = 15969552, bytes actually written = 18446744073709551615, offset = 0
    major: Low-level I/O
    minor: Write failed
HDF5-DIAG: Error detected in HDF5 (1.10.7) thread 0:
  #000: /scratch/spack_cpu/job_21700923/spack-stage/spack-stage-hdf5-1.10.7-xexa2gll6hf6okdatgrxiwhcjs2uepc7/spack-src/src/H5Dio.c line 335 in H5Dwrite(): can't write data
    major: Dataset
    minor: Write failed
  #001: /scratch/spack_cpu/job_21700923/spack-stage/spack-stage-hdf5-1.10.7-xexa2gll6hf6okdatgrxiwhcjs2uepc7/spack-src/src/H5Dio.c line 813 in H5D__write(): can't write data
    major: Dataset
    minor: Write failed
  #002: /scratch/spack_cpu/job_21700923/spack-stage/spack-stage-hdf5-1.10.7-xexa2gll6hf6okdatgrxiwhcjs2uepc7/spack-src/src/H5Dcontig.c line 659 in H5D__contig_write(): contiguous write failed
    major: Dataset
    minor: Write failed
  #003: /scratch/spack_cpu/job_21700923/spack-stage/spack-stage-hdf5-1.10.7-xexa2gll6hf6okdatgrxiwhcjs2uepc7/spack-src/src/H5Dselect.c line 321 in H5D__select_write(): write error
    major: Dataspace
    minor: Write failed
  #004: /scratch/spack_cpu/job_21700923/spack-stage/spack-stage-hdf5-1.10.7-xexa2gll6hf6okdatgrxiwhcjs2uepc7/spack-src/src/H5Dselect.c line 230 in H5D__select_io(): write error
    major: Dataspace
    minor: Write failed
  #005: /scratch/spack_cpu/job_21700923/spack-stage/spack-stage-hdf5-1.10.7-xexa2gll6hf6okdatgrxiwhcjs2uepc7/spack-src/src/H5Dcontig.c line 1281 in H5D__contig_writevv(): can't perform vectorized sieve buffer write
    major: Dataset
    minor: Can't operate on object
  #006: /scratch/spack_cpu/job_21700923/spack-stage/spack-stage-hdf5-1.10.7-xexa2gll6hf6okdatgrxiwhcjs2uepc7/spack-src/src/H5VM.c line 1464 in H5VM_opvv(): can't perform operation
    major: Internal error (too specific to document in detail)
    minor: Can't operate on object
  #007: /scratch/spack_cpu/job_21700923/spack-stage/spack-stage-hdf5-1.10.7-xexa2gll6hf6okdatgrxiwhcjs2uepc7/spack-src/src/H5Dcontig.c line 1029 in H5D__contig_writevv_sieve_cb(): block write failed
    major: Dataset
    minor: Write failed
  #008: /scratch/spack_cpu/job_21700923/spack-stage/spack-stage-hdf5-1.10.7-xexa2gll6hf6okdatgrxiwhcjs2uepc7/spack-src/src/H5Fio.c line 161 in H5F_block_write(): write through page buffer failed
    major: Low-level I/O
    minor: Write failed
  #009: /scratch/spack_cpu/job_21700923/spack-stage/spack-stage-hdf5-1.10.7-xexa2gll6hf6okdatgrxiwhcjs2uepc7/spack-src/src/H5PB.c line 1032 in H5PB_write(): write through metadata accumulator failed
    major: Page Buffering
    minor: Write failed
  #010: /scratch/spack_cpu/job_21700923/spack-stage/spack-stage-hdf5-1.10.7-xexa2gll6hf6okdatgrxiwhcjs2uepc7/spack-src/src/H5Faccum.c line 824 in H5F__accum_write(): file write failed
    major: Low-level I/O
    minor: Write failed
  #011: /scratch/spack_cpu/job_21700923/spack-stage/spack-stage-hdf5-1.10.7-xexa2gll6hf6okdatgrxiwhcjs2uepc7/spack-src/src/H5FDint.c line 249 in H5FD_write(): driver write request failed
    major: Virtual File Layer
    minor: Write failed
  #012: /scratch/spack_cpu/job_21700923/spack-stage/spack-stage-hdf5-1.10.7-xexa2gll6hf6okdatgrxiwhcjs2uepc7/spack-src/src/H5FDsec2.c line 856 in H5FD__sec2_write(): file write failed: time = Wed Nov 19 09:02:47 2025
, filename = 'checkpoint.h5', file descriptor = 5, errno = 14, error message = 'Bad address', buf = 0x1555537c4000, total write size = 15969552, bytes this sub-write = 15969552, bytes actually written = 18446744073709551615, offset = 0
    major: Low-level I/O
    minor: Write failed
HDF5-DIAG: Error detected in HDF5 (1.10.7) thread 0:
  #000: /scratch/spack_cpu/job_21700923/spack-stage/spack-stage-hdf5-1.10.7-xexa2gll6hf6okdatgrxiwhcjs2uepc7/spack-src/src/H5Dio.c line 335 in H5Dwrite(): can't write data
    major: Dataset
    minor: Write failed
  #001: /scratch/spack_cpu/job_21700923/spack-stage/spack-stage-hdf5-1.10.7-xexa2gll6hf6okdatgrxiwhcjs2uepc7/spack-src/src/H5Dio.c line 813 in H5D__write(): can't write data
    major: Dataset
    minor: Write failed
  #002: /scratch/spack_cpu/job_21700923/spack-stage/spack-stage-hdf5-1.10.7-xexa2gll6hf6okdatgrxiwhcjs2uepc7/spack-src/src/H5Dcontig.c line 659 in H5D__contig_write(): contiguous write failed
    major: Dataset
    minor: Write failed
  #003: /scratch/spack_cpu/job_21700923/spack-stage/spack-stage-hdf5-1.10.7-xexa2gll6hf6okdatgrxiwhcjs2uepc7/spack-src/src/H5Dselect.c line 321 in H5D__select_write(): write error
    major: Dataspace
    minor: Write failed
  #004: /scratch/spack_cpu/job_21700923/spack-stage/spack-stage-hdf5-1.10.7-xexa2gll6hf6okdatgrxiwhcjs2uepc7/spack-src/src/H5Dselect.c line 230 in H5D__select_io(): write error
    major: Dataspace
    minor: Write failed
  #005: /scratch/spack_cpu/job_21700923/spack-stage/spack-stage-hdf5-1.10.7-xexa2gll6hf6okdatgrxiwhcjs2uepc7/spack-src/src/H5Dcontig.c line 1281 in H5D__contig_writevv(): can't perform vectorized sieve buffer write
    major: Dataset
    minor: Can't operate on object
  #006: /scratch/spack_cpu/job_21700923/spack-stage/spack-stage-hdf5-1.10.7-xexa2gll6hf6okdatgrxiwhcjs2uepc7/spack-src/src/H5VM.c line 1464 in H5VM_opvv(): can't perform operation
    major: Internal error (too specific to document in detail)
    minor: Can't operate on object
  #007: /scratch/spack_cpu/job_21700923/spack-stage/spack-stage-hdf5-1.10.7-xexa2gll6hf6okdatgrxiwhcjs2uepc7/spack-src/src/H5Dcontig.c line 1029 in H5D__contig_writevv_sieve_cb(): block write failed
    major: Dataset
    minor: Write failed
  #008: /scratch/spack_cpu/job_21700923/spack-stage/spack-stage-hdf5-1.10.7-xexa2gll6hf6okdatgrxiwhcjs2uepc7/spack-src/src/H5Fio.c line 161 in H5F_block_write(): write through page buffer failed
    major: Low-level I/O
    minor: Write failed
  #009: /scratch/spack_cpu/job_21700923/spack-stage/spack-stage-hdf5-1.10.7-xexa2gll6hf6okdatgrxiwhcjs2uepc7/spack-src/src/H5PB.c line 1032 in H5PB_write(): write through metadata accumulator failed
    major: Page Buffering
    minor: Write failed
  #010: /scratch/spack_cpu/job_21700923/spack-stage/spack-stage-hdf5-1.10.7-xexa2gll6hf6okdatgrxiwhcjs2uepc7/spack-src/src/H5Faccum.c line 824 in H5F__accum_write(): file write failed
    major: Low-level I/O
    minor: Write failed
  #011: /scratch/spack_cpu/job_21700923/spack-stage/spack-stage-hdf5-1.10.7-xexa2gll6hf6okdatgrxiwhcjs2uepc7/spack-src/src/H5FDint.c line 249 in H5FD_write(): driver write request failed
    major: Virtual File Layer
    minor: Write failed
  #012: /scratch/spack_cpu/job_21700923/spack-stage/spack-stage-hdf5-1.10.7-xexa2gll6hf6okdatgrxiwhcjs2uepc7/spack-src/src/H5FDsec2.c line 856 in H5FD__sec2_write(): file write failed: time = Wed Nov 19 09:03:27 2025
, filename = 'checkpoint.h5', file descriptor = 5, errno = 14, error message = 'Bad address', buf = 0x1555537c4000, total write size = 15969552, bytes this sub-write = 15969552, bytes actually written = 18446744073709551615, offset = 0
    major: Low-level I/O
    minor: Write failed
HDF5-DIAG: Error detected in HDF5 (1.10.7) thread 0:
  #000: /scratch/spack_cpu/job_21700923/spack-stage/spack-stage-hdf5-1.10.7-xexa2gll6hf6okdatgrxiwhcjs2uepc7/spack-src/src/H5Dio.c line 335 in H5Dwrite(): can't write data
    major: Dataset
    minor: Write failed
  #001: /scratch/spack_cpu/job_21700923/spack-stage/spack-stage-hdf5-1.10.7-xexa2gll6hf6okdatgrxiwhcjs2uepc7/spack-src/src/H5Dio.c line 813 in H5D__write(): can't write data
    major: Dataset
    minor: Write failed
  #002: /scratch/spack_cpu/job_21700923/spack-stage/spack-stage-hdf5-1.10.7-xexa2gll6hf6okdatgrxiwhcjs2uepc7/spack-src/src/H5Dcontig.c line 659 in H5D__contig_write(): contiguous write failed
    major: Dataset
    minor: Write failed
  #003: /scratch/spack_cpu/job_21700923/spack-stage/spack-stage-hdf5-1.10.7-xexa2gll6hf6okdatgrxiwhcjs2uepc7/spack-src/src/H5Dselect.c line 321 in H5D__select_write(): write error
    major: Dataspace
    minor: Write failed
  #004: /scratch/spack_cpu/job_21700923/spack-stage/spack-stage-hdf5-1.10.7-xexa2gll6hf6okdatgrxiwhcjs2uepc7/spack-src/src/H5Dselect.c line 230 in H5D__select_io(): write error
    major: Dataspace
    minor: Write failed
  #005: /scratch/spack_cpu/job_21700923/spack-stage/spack-stage-hdf5-1.10.7-xexa2gll6hf6okdatgrxiwhcjs2uepc7/spack-src/src/H5Dcontig.c line 1281 in H5D__contig_writevv(): can't perform vectorized sieve buffer write
    major: Dataset
    minor: Can't operate on object
  #006: /scratch/spack_cpu/job_21700923/spack-stage/spack-stage-hdf5-1.10.7-xexa2gll6hf6okdatgrxiwhcjs2uepc7/spack-src/src/H5VM.c line 1464 in H5VM_opvv(): can't perform operation
    major: Internal error (too specific to document in detail)
    minor: Can't operate on object
  #007: /scratch/spack_cpu/job_21700923/spack-stage/spack-stage-hdf5-1.10.7-xexa2gll6hf6okdatgrxiwhcjs2uepc7/spack-src/src/H5Dcontig.c line 1029 in H5D__contig_writevv_sieve_cb(): block write failed
    major: Dataset
    minor: Write failed
  #008: /scratch/spack_cpu/job_21700923/spack-stage/spack-stage-hdf5-1.10.7-xexa2gll6hf6okdatgrxiwhcjs2uepc7/spack-src/src/H5Fio.c line 161 in H5F_block_write(): write through page buffer failed
    major: Low-level I/O
    minor: Write failed
  #009: /scratch/spack_cpu/job_21700923/spack-stage/spack-stage-hdf5-1.10.7-xexa2gll6hf6okdatgrxiwhcjs2uepc7/spack-src/src/H5PB.c line 1032 in H5PB_write(): write through metadata accumulator failed
    major: Page Buffering
    minor: Write failed
  #010: /scratch/spack_cpu/job_21700923/spack-stage/spack-stage-hdf5-1.10.7-xexa2gll6hf6okdatgrxiwhcjs2uepc7/spack-src/src/H5Faccum.c line 824 in H5F__accum_write(): file write failed
    major: Low-level I/O
    minor: Write failed
  #011: /scratch/spack_cpu/job_21700923/spack-stage/spack-stage-hdf5-1.10.7-xexa2gll6hf6okdatgrxiwhcjs2uepc7/spack-src/src/H5FDint.c line 249 in H5FD_write(): driver write request failed
    major: Virtual File Layer
    minor: Write failed
  #012: /scratch/spack_cpu/job_21700923/spack-stage/spack-stage-hdf5-1.10.7-xexa2gll6hf6okdatgrxiwhcjs2uepc7/spack-src/src/H5FDsec2.c line 856 in H5FD__sec2_write(): file write failed: time = Wed Nov 19 09:04:07 2025
, filename = 'checkpoint.h5', file descriptor = 5, errno = 14, error message = 'Bad address', buf = 0x1555537c4000, total write size = 15969552, bytes this sub-write = 15969552, bytes actually written = 18446744073709551615, offset = 0
    major: Low-level I/O
    minor: Write failed
HDF5-DIAG: Error detected in HDF5 (1.10.7) thread 0:
  #000: /scratch/spack_cpu/job_21700923/spack-stage/spack-stage-hdf5-1.10.7-xexa2gll6hf6okdatgrxiwhcjs2uepc7/spack-src/src/H5Dio.c line 335 in H5Dwrite(): can't write data
    major: Dataset
    minor: Write failed
  #001: /scratch/spack_cpu/job_21700923/spack-stage/spack-stage-hdf5-1.10.7-xexa2gll6hf6okdatgrxiwhcjs2uepc7/spack-src/src/H5Dio.c line 813 in H5D__write(): can't write data
    major: Dataset
    minor: Write failed
  #002: /scratch/spack_cpu/job_21700923/spack-stage/spack-stage-hdf5-1.10.7-xexa2gll6hf6okdatgrxiwhcjs2uepc7/spack-src/src/H5Dcontig.c line 659 in H5D__contig_write(): contiguous write failed
    major: Dataset
    minor: Write failed
  #003: /scratch/spack_cpu/job_21700923/spack-stage/spack-stage-hdf5-1.10.7-xexa2gll6hf6okdatgrxiwhcjs2uepc7/spack-src/src/H5Dselect.c line 321 in H5D__select_write(): write error
    major: Dataspace
    minor: Write failed
  #004: /scratch/spack_cpu/job_21700923/spack-stage/spack-stage-hdf5-1.10.7-xexa2gll6hf6okdatgrxiwhcjs2uepc7/spack-src/src/H5Dselect.c line 230 in H5D__select_io(): write error
    major: Dataspace
    minor: Write failed
  #005: /scratch/spack_cpu/job_21700923/spack-stage/spack-stage-hdf5-1.10.7-xexa2gll6hf6okdatgrxiwhcjs2uepc7/spack-src/src/H5Dcontig.c line 1281 in H5D__contig_writevv(): can't perform vectorized sieve buffer write
    major: Dataset
    minor: Can't operate on object
  #006: /scratch/spack_cpu/job_21700923/spack-stage/spack-stage-hdf5-1.10.7-xexa2gll6hf6okdatgrxiwhcjs2uepc7/spack-src/src/H5VM.c line 1464 in H5VM_opvv(): can't perform operation
    major: Internal error (too specific to document in detail)
    minor: Can't operate on object
  #007: /scratch/spack_cpu/job_21700923/spack-stage/spack-stage-hdf5-1.10.7-xexa2gll6hf6okdatgrxiwhcjs2uepc7/spack-src/src/H5Dcontig.c line 1029 in H5D__contig_writevv_sieve_cb(): block write failed
    major: Dataset
    minor: Write failed
  #008: /scratch/spack_cpu/job_21700923/spack-stage/spack-stage-hdf5-1.10.7-xexa2gll6hf6okdatgrxiwhcjs2uepc7/spack-src/src/H5Fio.c line 161 in H5F_block_write(): write through page buffer failed
    major: Low-level I/O
    minor: Write failed
  #009: /scratch/spack_cpu/job_21700923/spack-stage/spack-stage-hdf5-1.10.7-xexa2gll6hf6okdatgrxiwhcjs2uepc7/spack-src/src/H5PB.c line 1032 in H5PB_write(): write through metadata accumulator failed
    major: Page Buffering
    minor: Write failed
  #010: /scratch/spack_cpu/job_21700923/spack-stage/spack-stage-hdf5-1.10.7-xexa2gll6hf6okdatgrxiwhcjs2uepc7/spack-src/src/H5Faccum.c line 824 in H5F__accum_write(): file write failed
    major: Low-level I/O
    minor: Write failed
  #011: /scratch/spack_cpu/job_21700923/spack-stage/spack-stage-hdf5-1.10.7-xexa2gll6hf6okdatgrxiwhcjs2uepc7/spack-src/src/H5FDint.c line 249 in H5FD_write(): driver write request failed
    major: Virtual File Layer
    minor: Write failed
  #012: /scratch/spack_cpu/job_21700923/spack-stage/spack-stage-hdf5-1.10.7-xexa2gll6hf6okdatgrxiwhcjs2uepc7/spack-src/src/H5FDsec2.c line 856 in H5FD__sec2_write(): file write failed: time = Wed Nov 19 09:04:48 2025
, filename = 'checkpoint.h5', file descriptor = 5, errno = 14, error message = 'Bad address', buf = 0x1555537c4000, total write size = 15969552, bytes this sub-write = 15969552, bytes actually written = 18446744073709551615, offset = 0
    major: Low-level I/O
    minor: Write failed
HDF5-DIAG: Error detected in HDF5 (1.10.7) thread 0:
  #000: /scratch/spack_cpu/job_21700923/spack-stage/spack-stage-hdf5-1.10.7-xexa2gll6hf6okdatgrxiwhcjs2uepc7/spack-src/src/H5Dio.c line 335 in H5Dwrite(): can't write data
    major: Dataset
    minor: Write failed
  #001: /scratch/spack_cpu/job_21700923/spack-stage/spack-stage-hdf5-1.10.7-xexa2gll6hf6okdatgrxiwhcjs2uepc7/spack-src/src/H5Dio.c line 813 in H5D__write(): can't write data
    major: Dataset
    minor: Write failed
  #002: /scratch/spack_cpu/job_21700923/spack-stage/spack-stage-hdf5-1.10.7-xexa2gll6hf6okdatgrxiwhcjs2uepc7/spack-src/src/H5Dcontig.c line 659 in H5D__contig_write(): contiguous write failed
    major: Dataset
    minor: Write failed
  #003: /scratch/spack_cpu/job_21700923/spack-stage/spack-stage-hdf5-1.10.7-xexa2gll6hf6okdatgrxiwhcjs2uepc7/spack-src/src/H5Dselect.c line 321 in H5D__select_write(): write error
    major: Dataspace
    minor: Write failed
  #004: /scratch/spack_cpu/job_21700923/spack-stage/spack-stage-hdf5-1.10.7-xexa2gll6hf6okdatgrxiwhcjs2uepc7/spack-src/src/H5Dselect.c line 230 in H5D__select_io(): write error
    major: Dataspace
    minor: Write failed
  #005: /scratch/spack_cpu/job_21700923/spack-stage/spack-stage-hdf5-1.10.7-xexa2gll6hf6okdatgrxiwhcjs2uepc7/spack-src/src/H5Dcontig.c line 1281 in H5D__contig_writevv(): can't perform vectorized sieve buffer write
    major: Dataset
    minor: Can't operate on object
  #006: /scratch/spack_cpu/job_21700923/spack-stage/spack-stage-hdf5-1.10.7-xexa2gll6hf6okdatgrxiwhcjs2uepc7/spack-src/src/H5VM.c line 1464 in H5VM_opvv(): can't perform operation
    major: Internal error (too specific to document in detail)
    minor: Can't operate on object
  #007: /scratch/spack_cpu/job_21700923/spack-stage/spack-stage-hdf5-1.10.7-xexa2gll6hf6okdatgrxiwhcjs2uepc7/spack-src/src/H5Dcontig.c line 1029 in H5D__contig_writevv_sieve_cb(): block write failed
    major: Dataset
    minor: Write failed
  #008: /scratch/spack_cpu/job_21700923/spack-stage/spack-stage-hdf5-1.10.7-xexa2gll6hf6okdatgrxiwhcjs2uepc7/spack-src/src/H5Fio.c line 161 in H5F_block_write(): write through page buffer failed
    major: Low-level I/O
    minor: Write failed
  #009: /scratch/spack_cpu/job_21700923/spack-stage/spack-stage-hdf5-1.10.7-xexa2gll6hf6okdatgrxiwhcjs2uepc7/spack-src/src/H5PB.c line 1032 in H5PB_write(): write through metadata accumulator failed
    major: Page Buffering
    minor: Write failed
  #010: /scratch/spack_cpu/job_21700923/spack-stage/spack-stage-hdf5-1.10.7-xexa2gll6hf6okdatgrxiwhcjs2uepc7/spack-src/src/H5Faccum.c line 824 in H5F__accum_write(): file write failed
    major: Low-level I/O
    minor: Write failed
  #011: /scratch/spack_cpu/job_21700923/spack-stage/spack-stage-hdf5-1.10.7-xexa2gll6hf6okdatgrxiwhcjs2uepc7/spack-src/src/H5FDint.c line 249 in H5FD_write(): driver write request failed
    major: Virtual File Layer
    minor: Write failed
  #012: /scratch/spack_cpu/job_21700923/spack-stage/spack-stage-hdf5-1.10.7-xexa2gll6hf6okdatgrxiwhcjs2uepc7/spack-src/src/H5FDsec2.c line 856 in H5FD__sec2_write(): file write failed: time = Wed Nov 19 09:05:28 2025
, filename = 'checkpoint.h5', file descriptor = 5, errno = 14, error message = 'Bad address', buf = 0x1555537c4000, total write size = 15969552, bytes this sub-write = 15969552, bytes actually written = 18446744073709551615, offset = 0
    major: Low-level I/O
    minor: Write failed
HDF5-DIAG: Error detected in HDF5 (1.10.7) thread 0:
  #000: /scratch/spack_cpu/job_21700923/spack-stage/spack-stage-hdf5-1.10.7-xexa2gll6hf6okdatgrxiwhcjs2uepc7/spack-src/src/H5Dio.c line 335 in H5Dwrite(): can't write data
    major: Dataset
    minor: Write failed
  #001: /scratch/spack_cpu/job_21700923/spack-stage/spack-stage-hdf5-1.10.7-xexa2gll6hf6okdatgrxiwhcjs2uepc7/spack-src/src/H5Dio.c line 813 in H5D__write(): can't write data
    major: Dataset
    minor: Write failed
  #002: /scratch/spack_cpu/job_21700923/spack-stage/spack-stage-hdf5-1.10.7-xexa2gll6hf6okdatgrxiwhcjs2uepc7/spack-src/src/H5Dcontig.c line 659 in H5D__contig_write(): contiguous write failed
    major: Dataset
    minor: Write failed
  #003: /scratch/spack_cpu/job_21700923/spack-stage/spack-stage-hdf5-1.10.7-xexa2gll6hf6okdatgrxiwhcjs2uepc7/spack-src/src/H5Dselect.c line 321 in H5D__select_write(): write error
    major: Dataspace
    minor: Write failed
  #004: /scratch/spack_cpu/job_21700923/spack-stage/spack-stage-hdf5-1.10.7-xexa2gll6hf6okdatgrxiwhcjs2uepc7/spack-src/src/H5Dselect.c line 230 in H5D__select_io(): write error
    major: Dataspace
    minor: Write failed
  #005: /scratch/spack_cpu/job_21700923/spack-stage/spack-stage-hdf5-1.10.7-xexa2gll6hf6okdatgrxiwhcjs2uepc7/spack-src/src/H5Dcontig.c line 1281 in H5D__contig_writevv(): can't perform vectorized sieve buffer write
    major: Dataset
    minor: Can't operate on object
  #006: /scratch/spack_cpu/job_21700923/spack-stage/spack-stage-hdf5-1.10.7-xexa2gll6hf6okdatgrxiwhcjs2uepc7/spack-src/src/H5VM.c line 1464 in H5VM_opvv(): can't perform operation
    major: Internal error (too specific to document in detail)
    minor: Can't operate on object
  #007: /scratch/spack_cpu/job_21700923/spack-stage/spack-stage-hdf5-1.10.7-xexa2gll6hf6okdatgrxiwhcjs2uepc7/spack-src/src/H5Dcontig.c line 1029 in H5D__contig_writevv_sieve_cb(): block write failed
    major: Dataset
    minor: Write failed
  #008: /scratch/spack_cpu/job_21700923/spack-stage/spack-stage-hdf5-1.10.7-xexa2gll6hf6okdatgrxiwhcjs2uepc7/spack-src/src/H5Fio.c line 161 in H5F_block_write(): write through page buffer failed
    major: Low-level I/O
    minor: Write failed
  #009: /scratch/spack_cpu/job_21700923/spack-stage/spack-stage-hdf5-1.10.7-xexa2gll6hf6okdatgrxiwhcjs2uepc7/spack-src/src/H5PB.c line 1032 in H5PB_write(): write through metadata accumulator failed
    major: Page Buffering
    minor: Write failed
  #010: /scratch/spack_cpu/job_21700923/spack-stage/spack-stage-hdf5-1.10.7-xexa2gll6hf6okdatgrxiwhcjs2uepc7/spack-src/src/H5Faccum.c line 824 in H5F__accum_write(): file write failed
    major: Low-level I/O
    minor: Write failed
  #011: /scratch/spack_cpu/job_21700923/spack-stage/spack-stage-hdf5-1.10.7-xexa2gll6hf6okdatgrxiwhcjs2uepc7/spack-src/src/H5FDint.c line 249 in H5FD_write(): driver write request failed
    major: Virtual File Layer
    minor: Write failed
  #012: /scratch/spack_cpu/job_21700923/spack-stage/spack-stage-hdf5-1.10.7-xexa2gll6hf6okdatgrxiwhcjs2uepc7/spack-src/src/H5FDsec2.c line 856 in H5FD__sec2_write(): file write failed: time = Wed Nov 19 09:06:09 2025
, filename = 'checkpoint.h5', file descriptor = 5, errno = 14, error message = 'Bad address', buf = 0x1555537c4000, total write size = 15969552, bytes this sub-write = 15969552, bytes actually written = 18446744073709551615, offset = 0
    major: Low-level I/O
    minor: Write failed
HDF5-DIAG: Error detected in HDF5 (1.10.7) thread 0:
  #000: /scratch/spack_cpu/job_21700923/spack-stage/spack-stage-hdf5-1.10.7-xexa2gll6hf6okdatgrxiwhcjs2uepc7/spack-src/src/H5Dio.c line 335 in H5Dwrite(): can't write data
    major: Dataset
    minor: Write failed
  #001: /scratch/spack_cpu/job_21700923/spack-stage/spack-stage-hdf5-1.10.7-xexa2gll6hf6okdatgrxiwhcjs2uepc7/spack-src/src/H5Dio.c line 813 in H5D__write(): can't write data
    major: Dataset
    minor: Write failed
  #002: /scratch/spack_cpu/job_21700923/spack-stage/spack-stage-hdf5-1.10.7-xexa2gll6hf6okdatgrxiwhcjs2uepc7/spack-src/src/H5Dcontig.c line 659 in H5D__contig_write(): contiguous write failed
    major: Dataset
    minor: Write failed
  #003: /scratch/spack_cpu/job_21700923/spack-stage/spack-stage-hdf5-1.10.7-xexa2gll6hf6okdatgrxiwhcjs2uepc7/spack-src/src/H5Dselect.c line 321 in H5D__select_write(): write error
    major: Dataspace
    minor: Write failed
  #004: /scratch/spack_cpu/job_21700923/spack-stage/spack-stage-hdf5-1.10.7-xexa2gll6hf6okdatgrxiwhcjs2uepc7/spack-src/src/H5Dselect.c line 230 in H5D__select_io(): write error
    major: Dataspace
    minor: Write failed
  #005: /scratch/spack_cpu/job_21700923/spack-stage/spack-stage-hdf5-1.10.7-xexa2gll6hf6okdatgrxiwhcjs2uepc7/spack-src/src/H5Dcontig.c line 1281 in H5D__contig_writevv(): can't perform vectorized sieve buffer write
    major: Dataset
    minor: Can't operate on object
  #006: /scratch/spack_cpu/job_21700923/spack-stage/spack-stage-hdf5-1.10.7-xexa2gll6hf6okdatgrxiwhcjs2uepc7/spack-src/src/H5VM.c line 1464 in H5VM_opvv(): can't perform operation
    major: Internal error (too specific to document in detail)
    minor: Can't operate on object
  #007: /scratch/spack_cpu/job_21700923/spack-stage/spack-stage-hdf5-1.10.7-xexa2gll6hf6okdatgrxiwhcjs2uepc7/spack-src/src/H5Dcontig.c line 1029 in H5D__contig_writevv_sieve_cb(): block write failed
    major: Dataset
    minor: Write failed
  #008: /scratch/spack_cpu/job_21700923/spack-stage/spack-stage-hdf5-1.10.7-xexa2gll6hf6okdatgrxiwhcjs2uepc7/spack-src/src/H5Fio.c line 161 in H5F_block_write(): write through page buffer failed
    major: Low-level I/O
    minor: Write failed
  #009: /scratch/spack_cpu/job_21700923/spack-stage/spack-stage-hdf5-1.10.7-xexa2gll6hf6okdatgrxiwhcjs2uepc7/spack-src/src/H5PB.c line 1032 in H5PB_write(): write through metadata accumulator failed
    major: Page Buffering
    minor: Write failed
  #010: /scratch/spack_cpu/job_21700923/spack-stage/spack-stage-hdf5-1.10.7-xexa2gll6hf6okdatgrxiwhcjs2uepc7/spack-src/src/H5Faccum.c line 824 in H5F__accum_write(): file write failed
    major: Low-level I/O
    minor: Write failed
  #011: /scratch/spack_cpu/job_21700923/spack-stage/spack-stage-hdf5-1.10.7-xexa2gll6hf6okdatgrxiwhcjs2uepc7/spack-src/src/H5FDint.c line 249 in H5FD_write(): driver write request failed
    major: Virtual File Layer
    minor: Write failed
  #012: /scratch/spack_cpu/job_21700923/spack-stage/spack-stage-hdf5-1.10.7-xexa2gll6hf6okdatgrxiwhcjs2uepc7/spack-src/src/H5FDsec2.c line 856 in H5FD__sec2_write(): file write failed: time = Wed Nov 19 09:06:48 2025
, filename = 'checkpoint.h5', file descriptor = 5, errno = 14, error message = 'Bad address', buf = 0x1555537c4000, total write size = 15969552, bytes this sub-write = 15969552, bytes actually written = 18446744073709551615, offset = 0
    major: Low-level I/O
    minor: Write failed
HDF5-DIAG: Error detected in HDF5 (1.10.7) thread 0:
  #000: /scratch/spack_cpu/job_21700923/spack-stage/spack-stage-hdf5-1.10.7-xexa2gll6hf6okdatgrxiwhcjs2uepc7/spack-src/src/H5Dio.c line 335 in H5Dwrite(): can't write data
    major: Dataset
    minor: Write failed
  #001: /scratch/spack_cpu/job_21700923/spack-stage/spack-stage-hdf5-1.10.7-xexa2gll6hf6okdatgrxiwhcjs2uepc7/spack-src/src/H5Dio.c line 813 in H5D__write(): can't write data
    major: Dataset
    minor: Write failed
  #002: /scratch/spack_cpu/job_21700923/spack-stage/spack-stage-hdf5-1.10.7-xexa2gll6hf6okdatgrxiwhcjs2uepc7/spack-src/src/H5Dcontig.c line 659 in H5D__contig_write(): contiguous write failed
    major: Dataset
    minor: Write failed
  #003: /scratch/spack_cpu/job_21700923/spack-stage/spack-stage-hdf5-1.10.7-xexa2gll6hf6okdatgrxiwhcjs2uepc7/spack-src/src/H5Dselect.c line 321 in H5D__select_write(): write error
    major: Dataspace
    minor: Write failed
  #004: /scratch/spack_cpu/job_21700923/spack-stage/spack-stage-hdf5-1.10.7-xexa2gll6hf6okdatgrxiwhcjs2uepc7/spack-src/src/H5Dselect.c line 230 in H5D__select_io(): write error
    major: Dataspace
    minor: Write failed
  #005: /scratch/spack_cpu/job_21700923/spack-stage/spack-stage-hdf5-1.10.7-xexa2gll6hf6okdatgrxiwhcjs2uepc7/spack-src/src/H5Dcontig.c line 1281 in H5D__contig_writevv(): can't perform vectorized sieve buffer write
    major: Dataset
    minor: Can't operate on object
  #006: /scratch/spack_cpu/job_21700923/spack-stage/spack-stage-hdf5-1.10.7-xexa2gll6hf6okdatgrxiwhcjs2uepc7/spack-src/src/H5VM.c line 1464 in H5VM_opvv(): can't perform operation
    major: Internal error (too specific to document in detail)
    minor: Can't operate on object
  #007: /scratch/spack_cpu/job_21700923/spack-stage/spack-stage-hdf5-1.10.7-xexa2gll6hf6okdatgrxiwhcjs2uepc7/spack-src/src/H5Dcontig.c line 1029 in H5D__contig_writevv_sieve_cb(): block write failed
    major: Dataset
    minor: Write failed
  #008: /scratch/spack_cpu/job_21700923/spack-stage/spack-stage-hdf5-1.10.7-xexa2gll6hf6okdatgrxiwhcjs2uepc7/spack-src/src/H5Fio.c line 161 in H5F_block_write(): write through page buffer failed
    major: Low-level I/O
    minor: Write failed
  #009: /scratch/spack_cpu/job_21700923/spack-stage/spack-stage-hdf5-1.10.7-xexa2gll6hf6okdatgrxiwhcjs2uepc7/spack-src/src/H5PB.c line 1032 in H5PB_write(): write through metadata accumulator failed
    major: Page Buffering
    minor: Write failed
  #010: /scratch/spack_cpu/job_21700923/spack-stage/spack-stage-hdf5-1.10.7-xexa2gll6hf6okdatgrxiwhcjs2uepc7/spack-src/src/H5Faccum.c line 824 in H5F__accum_write(): file write failed
    major: Low-level I/O
    minor: Write failed
  #011: /scratch/spack_cpu/job_21700923/spack-stage/spack-stage-hdf5-1.10.7-xexa2gll6hf6okdatgrxiwhcjs2uepc7/spack-src/src/H5FDint.c line 249 in H5FD_write(): driver write request failed
    major: Virtual File Layer
    minor: Write failed
  #012: /scratch/spack_cpu/job_21700923/spack-stage/spack-stage-hdf5-1.10.7-xexa2gll6hf6okdatgrxiwhcjs2uepc7/spack-src/src/H5FDsec2.c line 856 in H5FD__sec2_write(): file write failed: time = Wed Nov 19 09:07:28 2025
, filename = 'checkpoint.h5', file descriptor = 5, errno = 14, error message = 'Bad address', buf = 0x1555537c4000, total write size = 15969552, bytes this sub-write = 15969552, bytes actually written = 18446744073709551615, offset = 0
    major: Low-level I/O
    minor: Write failed
HDF5-DIAG: Error detected in HDF5 (1.10.7) thread 0:
  #000: /scratch/spack_cpu/job_21700923/spack-stage/spack-stage-hdf5-1.10.7-xexa2gll6hf6okdatgrxiwhcjs2uepc7/spack-src/src/H5Dio.c line 335 in H5Dwrite(): can't write data
    major: Dataset
    minor: Write failed
  #001: /scratch/spack_cpu/job_21700923/spack-stage/spack-stage-hdf5-1.10.7-xexa2gll6hf6okdatgrxiwhcjs2uepc7/spack-src/src/H5Dio.c line 813 in H5D__write(): can't write data
    major: Dataset
    minor: Write failed
  #002: /scratch/spack_cpu/job_21700923/spack-stage/spack-stage-hdf5-1.10.7-xexa2gll6hf6okdatgrxiwhcjs2uepc7/spack-src/src/H5Dcontig.c line 659 in H5D__contig_write(): contiguous write failed
    major: Dataset
    minor: Write failed
  #003: /scratch/spack_cpu/job_21700923/spack-stage/spack-stage-hdf5-1.10.7-xexa2gll6hf6okdatgrxiwhcjs2uepc7/spack-src/src/H5Dselect.c line 321 in H5D__select_write(): write error
    major: Dataspace
    minor: Write failed
  #004: /scratch/spack_cpu/job_21700923/spack-stage/spack-stage-hdf5-1.10.7-xexa2gll6hf6okdatgrxiwhcjs2uepc7/spack-src/src/H5Dselect.c line 230 in H5D__select_io(): write error
    major: Dataspace
    minor: Write failed
  #005: /scratch/spack_cpu/job_21700923/spack-stage/spack-stage-hdf5-1.10.7-xexa2gll6hf6okdatgrxiwhcjs2uepc7/spack-src/src/H5Dcontig.c line 1281 in H5D__contig_writevv(): can't perform vectorized sieve buffer write
    major: Dataset
    minor: Can't operate on object
  #006: /scratch/spack_cpu/job_21700923/spack-stage/spack-stage-hdf5-1.10.7-xexa2gll6hf6okdatgrxiwhcjs2uepc7/spack-src/src/H5VM.c line 1464 in H5VM_opvv(): can't perform operation
    major: Internal error (too specific to document in detail)
    minor: Can't operate on object
  #007: /scratch/spack_cpu/job_21700923/spack-stage/spack-stage-hdf5-1.10.7-xexa2gll6hf6okdatgrxiwhcjs2uepc7/spack-src/src/H5Dcontig.c line 1029 in H5D__contig_writevv_sieve_cb(): block write failed
    major: Dataset
    minor: Write failed
  #008: /scratch/spack_cpu/job_21700923/spack-stage/spack-stage-hdf5-1.10.7-xexa2gll6hf6okdatgrxiwhcjs2uepc7/spack-src/src/H5Fio.c line 161 in H5F_block_write(): write through page buffer failed
    major: Low-level I/O
    minor: Write failed
  #009: /scratch/spack_cpu/job_21700923/spack-stage/spack-stage-hdf5-1.10.7-xexa2gll6hf6okdatgrxiwhcjs2uepc7/spack-src/src/H5PB.c line 1032 in H5PB_write(): write through metadata accumulator failed
    major: Page Buffering
    minor: Write failed
  #010: /scratch/spack_cpu/job_21700923/spack-stage/spack-stage-hdf5-1.10.7-xexa2gll6hf6okdatgrxiwhcjs2uepc7/spack-src/src/H5Faccum.c line 824 in H5F__accum_write(): file write failed
    major: Low-level I/O
    minor: Write failed
  #011: /scratch/spack_cpu/job_21700923/spack-stage/spack-stage-hdf5-1.10.7-xexa2gll6hf6okdatgrxiwhcjs2uepc7/spack-src/src/H5FDint.c line 249 in H5FD_write(): driver write request failed
    major: Virtual File Layer
    minor: Write failed
  #012: /scratch/spack_cpu/job_21700923/spack-stage/spack-stage-hdf5-1.10.7-xexa2gll6hf6okdatgrxiwhcjs2uepc7/spack-src/src/H5FDsec2.c line 856 in H5FD__sec2_write(): file write failed: time = Wed Nov 19 09:08:08 2025
, filename = 'checkpoint.h5', file descriptor = 5, errno = 14, error message = 'Bad address', buf = 0x1555537c4000, total write size = 15969552, bytes this sub-write = 15969552, bytes actually written = 18446744073709551615, offset = 0
    major: Low-level I/O
    minor: Write failed
HDF5-DIAG: Error detected in HDF5 (1.10.7) thread 0:
  #000: /scratch/spack_cpu/job_21700923/spack-stage/spack-stage-hdf5-1.10.7-xexa2gll6hf6okdatgrxiwhcjs2uepc7/spack-src/src/H5Dio.c line 335 in H5Dwrite(): can't write data
    major: Dataset
    minor: Write failed
  #001: /scratch/spack_cpu/job_21700923/spack-stage/spack-stage-hdf5-1.10.7-xexa2gll6hf6okdatgrxiwhcjs2uepc7/spack-src/src/H5Dio.c line 813 in H5D__write(): can't write data
    major: Dataset
    minor: Write failed
  #002: /scratch/spack_cpu/job_21700923/spack-stage/spack-stage-hdf5-1.10.7-xexa2gll6hf6okdatgrxiwhcjs2uepc7/spack-src/src/H5Dcontig.c line 659 in H5D__contig_write(): contiguous write failed
    major: Dataset
    minor: Write failed
  #003: /scratch/spack_cpu/job_21700923/spack-stage/spack-stage-hdf5-1.10.7-xexa2gll6hf6okdatgrxiwhcjs2uepc7/spack-src/src/H5Dselect.c line 321 in H5D__select_write(): write error
    major: Dataspace
    minor: Write failed
  #004: /scratch/spack_cpu/job_21700923/spack-stage/spack-stage-hdf5-1.10.7-xexa2gll6hf6okdatgrxiwhcjs2uepc7/spack-src/src/H5Dselect.c line 230 in H5D__select_io(): write error
    major: Dataspace
    minor: Write failed
  #005: /scratch/spack_cpu/job_21700923/spack-stage/spack-stage-hdf5-1.10.7-xexa2gll6hf6okdatgrxiwhcjs2uepc7/spack-src/src/H5Dcontig.c line 1281 in H5D__contig_writevv(): can't perform vectorized sieve buffer write
    major: Dataset
    minor: Can't operate on object
  #006: /scratch/spack_cpu/job_21700923/spack-stage/spack-stage-hdf5-1.10.7-xexa2gll6hf6okdatgrxiwhcjs2uepc7/spack-src/src/H5VM.c line 1464 in H5VM_opvv(): can't perform operation
    major: Internal error (too specific to document in detail)
    minor: Can't operate on object
  #007: /scratch/spack_cpu/job_21700923/spack-stage/spack-stage-hdf5-1.10.7-xexa2gll6hf6okdatgrxiwhcjs2uepc7/spack-src/src/H5Dcontig.c line 1029 in H5D__contig_writevv_sieve_cb(): block write failed
    major: Dataset
    minor: Write failed
  #008: /scratch/spack_cpu/job_21700923/spack-stage/spack-stage-hdf5-1.10.7-xexa2gll6hf6okdatgrxiwhcjs2uepc7/spack-src/src/H5Fio.c line 161 in H5F_block_write(): write through page buffer failed
    major: Low-level I/O
    minor: Write failed
  #009: /scratch/spack_cpu/job_21700923/spack-stage/spack-stage-hdf5-1.10.7-xexa2gll6hf6okdatgrxiwhcjs2uepc7/spack-src/src/H5PB.c line 1032 in H5PB_write(): write through metadata accumulator failed
    major: Page Buffering
    minor: Write failed
  #010: /scratch/spack_cpu/job_21700923/spack-stage/spack-stage-hdf5-1.10.7-xexa2gll6hf6okdatgrxiwhcjs2uepc7/spack-src/src/H5Faccum.c line 824 in H5F__accum_write(): file write failed
    major: Low-level I/O
    minor: Write failed
  #011: /scratch/spack_cpu/job_21700923/spack-stage/spack-stage-hdf5-1.10.7-xexa2gll6hf6okdatgrxiwhcjs2uepc7/spack-src/src/H5FDint.c line 249 in H5FD_write(): driver write request failed
    major: Virtual File Layer
    minor: Write failed
  #012: /scratch/spack_cpu/job_21700923/spack-stage/spack-stage-hdf5-1.10.7-xexa2gll6hf6okdatgrxiwhcjs2uepc7/spack-src/src/H5FDsec2.c line 856 in H5FD__sec2_write(): file write failed: time = Wed Nov 19 09:08:49 2025
, filename = 'checkpoint.h5', file descriptor = 5, errno = 14, error message = 'Bad address', buf = 0x1555537c4000, total write size = 15969552, bytes this sub-write = 15969552, bytes actually written = 18446744073709551615, offset = 0
    major: Low-level I/O
    minor: Write failed
HDF5-DIAG: Error detected in HDF5 (1.10.7) thread 0:
  #000: /scratch/spack_cpu/job_21700923/spack-stage/spack-stage-hdf5-1.10.7-xexa2gll6hf6okdatgrxiwhcjs2uepc7/spack-src/src/H5Dio.c line 335 in H5Dwrite(): can't write data
    major: Dataset
    minor: Write failed
  #001: /scratch/spack_cpu/job_21700923/spack-stage/spack-stage-hdf5-1.10.7-xexa2gll6hf6okdatgrxiwhcjs2uepc7/spack-src/src/H5Dio.c line 813 in H5D__write(): can't write data
    major: Dataset
    minor: Write failed
  #002: /scratch/spack_cpu/job_21700923/spack-stage/spack-stage-hdf5-1.10.7-xexa2gll6hf6okdatgrxiwhcjs2uepc7/spack-src/src/H5Dcontig.c line 659 in H5D__contig_write(): contiguous write failed
    major: Dataset
    minor: Write failed
  #003: /scratch/spack_cpu/job_21700923/spack-stage/spack-stage-hdf5-1.10.7-xexa2gll6hf6okdatgrxiwhcjs2uepc7/spack-src/src/H5Dselect.c line 321 in H5D__select_write(): write error
    major: Dataspace
    minor: Write failed
  #004: /scratch/spack_cpu/job_21700923/spack-stage/spack-stage-hdf5-1.10.7-xexa2gll6hf6okdatgrxiwhcjs2uepc7/spack-src/src/H5Dselect.c line 230 in H5D__select_io(): write error
    major: Dataspace
    minor: Write failed
  #005: /scratch/spack_cpu/job_21700923/spack-stage/spack-stage-hdf5-1.10.7-xexa2gll6hf6okdatgrxiwhcjs2uepc7/spack-src/src/H5Dcontig.c line 1281 in H5D__contig_writevv(): can't perform vectorized sieve buffer write
    major: Dataset
    minor: Can't operate on object
  #006: /scratch/spack_cpu/job_21700923/spack-stage/spack-stage-hdf5-1.10.7-xexa2gll6hf6okdatgrxiwhcjs2uepc7/spack-src/src/H5VM.c line 1464 in H5VM_opvv(): can't perform operation
    major: Internal error (too specific to document in detail)
    minor: Can't operate on object
  #007: /scratch/spack_cpu/job_21700923/spack-stage/spack-stage-hdf5-1.10.7-xexa2gll6hf6okdatgrxiwhcjs2uepc7/spack-src/src/H5Dcontig.c line 1029 in H5D__contig_writevv_sieve_cb(): block write failed
    major: Dataset
    minor: Write failed
  #008: /scratch/spack_cpu/job_21700923/spack-stage/spack-stage-hdf5-1.10.7-xexa2gll6hf6okdatgrxiwhcjs2uepc7/spack-src/src/H5Fio.c line 161 in H5F_block_write(): write through page buffer failed
    major: Low-level I/O
    minor: Write failed
  #009: /scratch/spack_cpu/job_21700923/spack-stage/spack-stage-hdf5-1.10.7-xexa2gll6hf6okdatgrxiwhcjs2uepc7/spack-src/src/H5PB.c line 1032 in H5PB_write(): write through metadata accumulator failed
    major: Page Buffering
    minor: Write failed
  #010: /scratch/spack_cpu/job_21700923/spack-stage/spack-stage-hdf5-1.10.7-xexa2gll6hf6okdatgrxiwhcjs2uepc7/spack-src/src/H5Faccum.c line 824 in H5F__accum_write(): file write failed
    major: Low-level I/O
    minor: Write failed
  #011: /scratch/spack_cpu/job_21700923/spack-stage/spack-stage-hdf5-1.10.7-xexa2gll6hf6okdatgrxiwhcjs2uepc7/spack-src/src/H5FDint.c line 249 in H5FD_write(): driver write request failed
    major: Virtual File Layer
    minor: Write failed
  #012: /scratch/spack_cpu/job_21700923/spack-stage/spack-stage-hdf5-1.10.7-xexa2gll6hf6okdatgrxiwhcjs2uepc7/spack-src/src/H5FDsec2.c line 856 in H5FD__sec2_write(): file write failed: time = Wed Nov 19 09:09:29 2025
, filename = 'checkpoint.h5', file descriptor = 5, errno = 14, error message = 'Bad address', buf = 0x1555537c4000, total write size = 15969552, bytes this sub-write = 15969552, bytes actually written = 18446744073709551615, offset = 0
    major: Low-level I/O
    minor: Write failed
HDF5-DIAG: Error detected in HDF5 (1.10.7) thread 0:
  #000: /scratch/spack_cpu/job_21700923/spack-stage/spack-stage-hdf5-1.10.7-xexa2gll6hf6okdatgrxiwhcjs2uepc7/spack-src/src/H5Dio.c line 335 in H5Dwrite(): can't write data
    major: Dataset
    minor: Write failed
  #001: /scratch/spack_cpu/job_21700923/spack-stage/spack-stage-hdf5-1.10.7-xexa2gll6hf6okdatgrxiwhcjs2uepc7/spack-src/src/H5Dio.c line 813 in H5D__write(): can't write data
    major: Dataset
    minor: Write failed
  #002: /scratch/spack_cpu/job_21700923/spack-stage/spack-stage-hdf5-1.10.7-xexa2gll6hf6okdatgrxiwhcjs2uepc7/spack-src/src/H5Dcontig.c line 659 in H5D__contig_write(): contiguous write failed
    major: Dataset
    minor: Write failed
  #003: /scratch/spack_cpu/job_21700923/spack-stage/spack-stage-hdf5-1.10.7-xexa2gll6hf6okdatgrxiwhcjs2uepc7/spack-src/src/H5Dselect.c line 321 in H5D__select_write(): write error
    major: Dataspace
    minor: Write failed
  #004: /scratch/spack_cpu/job_21700923/spack-stage/spack-stage-hdf5-1.10.7-xexa2gll6hf6okdatgrxiwhcjs2uepc7/spack-src/src/H5Dselect.c line 230 in H5D__select_io(): write error
    major: Dataspace
    minor: Write failed
  #005: /scratch/spack_cpu/job_21700923/spack-stage/spack-stage-hdf5-1.10.7-xexa2gll6hf6okdatgrxiwhcjs2uepc7/spack-src/src/H5Dcontig.c line 1281 in H5D__contig_writevv(): can't perform vectorized sieve buffer write
    major: Dataset
    minor: Can't operate on object
  #006: /scratch/spack_cpu/job_21700923/spack-stage/spack-stage-hdf5-1.10.7-xexa2gll6hf6okdatgrxiwhcjs2uepc7/spack-src/src/H5VM.c line 1464 in H5VM_opvv(): can't perform operation
    major: Internal error (too specific to document in detail)
    minor: Can't operate on object
  #007: /scratch/spack_cpu/job_21700923/spack-stage/spack-stage-hdf5-1.10.7-xexa2gll6hf6okdatgrxiwhcjs2uepc7/spack-src/src/H5Dcontig.c line 1029 in H5D__contig_writevv_sieve_cb(): block write failed
    major: Dataset
    minor: Write failed
  #008: /scratch/spack_cpu/job_21700923/spack-stage/spack-stage-hdf5-1.10.7-xexa2gll6hf6okdatgrxiwhcjs2uepc7/spack-src/src/H5Fio.c line 161 in H5F_block_write(): write through page buffer failed
    major: Low-level I/O
    minor: Write failed
  #009: /scratch/spack_cpu/job_21700923/spack-stage/spack-stage-hdf5-1.10.7-xexa2gll6hf6okdatgrxiwhcjs2uepc7/spack-src/src/H5PB.c line 1032 in H5PB_write(): write through metadata accumulator failed
    major: Page Buffering
    minor: Write failed
  #010: /scratch/spack_cpu/job_21700923/spack-stage/spack-stage-hdf5-1.10.7-xexa2gll6hf6okdatgrxiwhcjs2uepc7/spack-src/src/H5Faccum.c line 824 in H5F__accum_write(): file write failed
    major: Low-level I/O
    minor: Write failed
  #011: /scratch/spack_cpu/job_21700923/spack-stage/spack-stage-hdf5-1.10.7-xexa2gll6hf6okdatgrxiwhcjs2uepc7/spack-src/src/H5FDint.c line 249 in H5FD_write(): driver write request failed
    major: Virtual File Layer
    minor: Write failed
  #012: /scratch/spack_cpu/job_21700923/spack-stage/spack-stage-hdf5-1.10.7-xexa2gll6hf6okdatgrxiwhcjs2uepc7/spack-src/src/H5FDsec2.c line 856 in H5FD__sec2_write(): file write failed: time = Wed Nov 19 09:10:09 2025
, filename = 'checkpoint.h5', file descriptor = 5, errno = 14, error message = 'Bad address', buf = 0x1555537c4000, total write size = 15969552, bytes this sub-write = 15969552, bytes actually written = 18446744073709551615, offset = 0
    major: Low-level I/O
    minor: Write failed
HDF5-DIAG: Error detected in HDF5 (1.10.7) thread 0:
  #000: /scratch/spack_cpu/job_21700923/spack-stage/spack-stage-hdf5-1.10.7-xexa2gll6hf6okdatgrxiwhcjs2uepc7/spack-src/src/H5Dio.c line 335 in H5Dwrite(): can't write data
    major: Dataset
    minor: Write failed
  #001: /scratch/spack_cpu/job_21700923/spack-stage/spack-stage-hdf5-1.10.7-xexa2gll6hf6okdatgrxiwhcjs2uepc7/spack-src/src/H5Dio.c line 813 in H5D__write(): can't write data
    major: Dataset
    minor: Write failed
  #002: /scratch/spack_cpu/job_21700923/spack-stage/spack-stage-hdf5-1.10.7-xexa2gll6hf6okdatgrxiwhcjs2uepc7/spack-src/src/H5Dcontig.c line 659 in H5D__contig_write(): contiguous write failed
    major: Dataset
    minor: Write failed
  #003: /scratch/spack_cpu/job_21700923/spack-stage/spack-stage-hdf5-1.10.7-xexa2gll6hf6okdatgrxiwhcjs2uepc7/spack-src/src/H5Dselect.c line 321 in H5D__select_write(): write error
    major: Dataspace
    minor: Write failed
  #004: /scratch/spack_cpu/job_21700923/spack-stage/spack-stage-hdf5-1.10.7-xexa2gll6hf6okdatgrxiwhcjs2uepc7/spack-src/src/H5Dselect.c line 230 in H5D__select_io(): write error
    major: Dataspace
    minor: Write failed
  #005: /scratch/spack_cpu/job_21700923/spack-stage/spack-stage-hdf5-1.10.7-xexa2gll6hf6okdatgrxiwhcjs2uepc7/spack-src/src/H5Dcontig.c line 1281 in H5D__contig_writevv(): can't perform vectorized sieve buffer write
    major: Dataset
    minor: Can't operate on object
  #006: /scratch/spack_cpu/job_21700923/spack-stage/spack-stage-hdf5-1.10.7-xexa2gll6hf6okdatgrxiwhcjs2uepc7/spack-src/src/H5VM.c line 1464 in H5VM_opvv(): can't perform operation
    major: Internal error (too specific to document in detail)
    minor: Can't operate on object
  #007: /scratch/spack_cpu/job_21700923/spack-stage/spack-stage-hdf5-1.10.7-xexa2gll6hf6okdatgrxiwhcjs2uepc7/spack-src/src/H5Dcontig.c line 1029 in H5D__contig_writevv_sieve_cb(): block write failed
    major: Dataset
    minor: Write failed
  #008: /scratch/spack_cpu/job_21700923/spack-stage/spack-stage-hdf5-1.10.7-xexa2gll6hf6okdatgrxiwhcjs2uepc7/spack-src/src/H5Fio.c line 161 in H5F_block_write(): write through page buffer failed
    major: Low-level I/O
    minor: Write failed
  #009: /scratch/spack_cpu/job_21700923/spack-stage/spack-stage-hdf5-1.10.7-xexa2gll6hf6okdatgrxiwhcjs2uepc7/spack-src/src/H5PB.c line 1032 in H5PB_write(): write through metadata accumulator failed
    major: Page Buffering
    minor: Write failed
  #010: /scratch/spack_cpu/job_21700923/spack-stage/spack-stage-hdf5-1.10.7-xexa2gll6hf6okdatgrxiwhcjs2uepc7/spack-src/src/H5Faccum.c line 824 in H5F__accum_write(): file write failed
    major: Low-level I/O
    minor: Write failed
  #011: /scratch/spack_cpu/job_21700923/spack-stage/spack-stage-hdf5-1.10.7-xexa2gll6hf6okdatgrxiwhcjs2uepc7/spack-src/src/H5FDint.c line 249 in H5FD_write(): driver write request failed
    major: Virtual File Layer
    minor: Write failed
  #012: /scratch/spack_cpu/job_21700923/spack-stage/spack-stage-hdf5-1.10.7-xexa2gll6hf6okdatgrxiwhcjs2uepc7/spack-src/src/H5FDsec2.c line 856 in H5FD__sec2_write(): file write failed: time = Wed Nov 19 09:10:49 2025
, filename = 'checkpoint.h5', file descriptor = 5, errno = 14, error message = 'Bad address', buf = 0x1555537c4000, total write size = 15969552, bytes this sub-write = 15969552, bytes actually written = 18446744073709551615, offset = 0
    major: Low-level I/O
    minor: Write failed
HDF5-DIAG: Error detected in HDF5 (1.10.7) thread 0:
  #000: /scratch/spack_cpu/job_21700923/spack-stage/spack-stage-hdf5-1.10.7-xexa2gll6hf6okdatgrxiwhcjs2uepc7/spack-src/src/H5Dio.c line 335 in H5Dwrite(): can't write data
    major: Dataset
    minor: Write failed
  #001: /scratch/spack_cpu/job_21700923/spack-stage/spack-stage-hdf5-1.10.7-xexa2gll6hf6okdatgrxiwhcjs2uepc7/spack-src/src/H5Dio.c line 813 in H5D__write(): can't write data
    major: Dataset
    minor: Write failed
  #002: /scratch/spack_cpu/job_21700923/spack-stage/spack-stage-hdf5-1.10.7-xexa2gll6hf6okdatgrxiwhcjs2uepc7/spack-src/src/H5Dcontig.c line 659 in H5D__contig_write(): contiguous write failed
    major: Dataset
    minor: Write failed
  #003: /scratch/spack_cpu/job_21700923/spack-stage/spack-stage-hdf5-1.10.7-xexa2gll6hf6okdatgrxiwhcjs2uepc7/spack-src/src/H5Dselect.c line 321 in H5D__select_write(): write error
    major: Dataspace
    minor: Write failed
  #004: /scratch/spack_cpu/job_21700923/spack-stage/spack-stage-hdf5-1.10.7-xexa2gll6hf6okdatgrxiwhcjs2uepc7/spack-src/src/H5Dselect.c line 230 in H5D__select_io(): write error
    major: Dataspace
    minor: Write failed
  #005: /scratch/spack_cpu/job_21700923/spack-stage/spack-stage-hdf5-1.10.7-xexa2gll6hf6okdatgrxiwhcjs2uepc7/spack-src/src/H5Dcontig.c line 1281 in H5D__contig_writevv(): can't perform vectorized sieve buffer write
    major: Dataset
    minor: Can't operate on object
  #006: /scratch/spack_cpu/job_21700923/spack-stage/spack-stage-hdf5-1.10.7-xexa2gll6hf6okdatgrxiwhcjs2uepc7/spack-src/src/H5VM.c line 1464 in H5VM_opvv(): can't perform operation
    major: Internal error (too specific to document in detail)
    minor: Can't operate on object
  #007: /scratch/spack_cpu/job_21700923/spack-stage/spack-stage-hdf5-1.10.7-xexa2gll6hf6okdatgrxiwhcjs2uepc7/spack-src/src/H5Dcontig.c line 1029 in H5D__contig_writevv_sieve_cb(): block write failed
    major: Dataset
    minor: Write failed
  #008: /scratch/spack_cpu/job_21700923/spack-stage/spack-stage-hdf5-1.10.7-xexa2gll6hf6okdatgrxiwhcjs2uepc7/spack-src/src/H5Fio.c line 161 in H5F_block_write(): write through page buffer failed
    major: Low-level I/O
    minor: Write failed
  #009: /scratch/spack_cpu/job_21700923/spack-stage/spack-stage-hdf5-1.10.7-xexa2gll6hf6okdatgrxiwhcjs2uepc7/spack-src/src/H5PB.c line 1032 in H5PB_write(): write through metadata accumulator failed
    major: Page Buffering
    minor: Write failed
  #010: /scratch/spack_cpu/job_21700923/spack-stage/spack-stage-hdf5-1.10.7-xexa2gll6hf6okdatgrxiwhcjs2uepc7/spack-src/src/H5Faccum.c line 824 in H5F__accum_write(): file write failed
    major: Low-level I/O
    minor: Write failed
  #011: /scratch/spack_cpu/job_21700923/spack-stage/spack-stage-hdf5-1.10.7-xexa2gll6hf6okdatgrxiwhcjs2uepc7/spack-src/src/H5FDint.c line 249 in H5FD_write(): driver write request failed
    major: Virtual File Layer
    minor: Write failed
  #012: /scratch/spack_cpu/job_21700923/spack-stage/spack-stage-hdf5-1.10.7-xexa2gll6hf6okdatgrxiwhcjs2uepc7/spack-src/src/H5FDsec2.c line 856 in H5FD__sec2_write(): file write failed: time = Wed Nov 19 09:11:27 2025
, filename = 'checkpoint.h5', file descriptor = 5, errno = 14, error message = 'Bad address', buf = 0x1555537c4000, total write size = 15969552, bytes this sub-write = 15969552, bytes actually written = 18446744073709551615, offset = 0
    major: Low-level I/O
    minor: Write failed
HDF5-DIAG: Error detected in HDF5 (1.10.7) thread 0:
  #000: /scratch/spack_cpu/job_21700923/spack-stage/spack-stage-hdf5-1.10.7-xexa2gll6hf6okdatgrxiwhcjs2uepc7/spack-src/src/H5Dio.c line 335 in H5Dwrite(): can't write data
    major: Dataset
    minor: Write failed
  #001: /scratch/spack_cpu/job_21700923/spack-stage/spack-stage-hdf5-1.10.7-xexa2gll6hf6okdatgrxiwhcjs2uepc7/spack-src/src/H5Dio.c line 813 in H5D__write(): can't write data
    major: Dataset
    minor: Write failed
  #002: /scratch/spack_cpu/job_21700923/spack-stage/spack-stage-hdf5-1.10.7-xexa2gll6hf6okdatgrxiwhcjs2uepc7/spack-src/src/H5Dcontig.c line 659 in H5D__contig_write(): contiguous write failed
    major: Dataset
    minor: Write failed
  #003: /scratch/spack_cpu/job_21700923/spack-stage/spack-stage-hdf5-1.10.7-xexa2gll6hf6okdatgrxiwhcjs2uepc7/spack-src/src/H5Dselect.c line 321 in H5D__select_write(): write error
    major: Dataspace
    minor: Write failed
  #004: /scratch/spack_cpu/job_21700923/spack-stage/spack-stage-hdf5-1.10.7-xexa2gll6hf6okdatgrxiwhcjs2uepc7/spack-src/src/H5Dselect.c line 230 in H5D__select_io(): write error
    major: Dataspace
    minor: Write failed
  #005: /scratch/spack_cpu/job_21700923/spack-stage/spack-stage-hdf5-1.10.7-xexa2gll6hf6okdatgrxiwhcjs2uepc7/spack-src/src/H5Dcontig.c line 1281 in H5D__contig_writevv(): can't perform vectorized sieve buffer write
    major: Dataset
    minor: Can't operate on object
  #006: /scratch/spack_cpu/job_21700923/spack-stage/spack-stage-hdf5-1.10.7-xexa2gll6hf6okdatgrxiwhcjs2uepc7/spack-src/src/H5VM.c line 1464 in H5VM_opvv(): can't perform operation
    major: Internal error (too specific to document in detail)
    minor: Can't operate on object
  #007: /scratch/spack_cpu/job_21700923/spack-stage/spack-stage-hdf5-1.10.7-xexa2gll6hf6okdatgrxiwhcjs2uepc7/spack-src/src/H5Dcontig.c line 1029 in H5D__contig_writevv_sieve_cb(): block write failed
    major: Dataset
    minor: Write failed
  #008: /scratch/spack_cpu/job_21700923/spack-stage/spack-stage-hdf5-1.10.7-xexa2gll6hf6okdatgrxiwhcjs2uepc7/spack-src/src/H5Fio.c line 161 in H5F_block_write(): write through page buffer failed
    major: Low-level I/O
    minor: Write failed
  #009: /scratch/spack_cpu/job_21700923/spack-stage/spack-stage-hdf5-1.10.7-xexa2gll6hf6okdatgrxiwhcjs2uepc7/spack-src/src/H5PB.c line 1032 in H5PB_write(): write through metadata accumulator failed
    major: Page Buffering
    minor: Write failed
  #010: /scratch/spack_cpu/job_21700923/spack-stage/spack-stage-hdf5-1.10.7-xexa2gll6hf6okdatgrxiwhcjs2uepc7/spack-src/src/H5Faccum.c line 824 in H5F__accum_write(): file write failed
    major: Low-level I/O
    minor: Write failed
  #011: /scratch/spack_cpu/job_21700923/spack-stage/spack-stage-hdf5-1.10.7-xexa2gll6hf6okdatgrxiwhcjs2uepc7/spack-src/src/H5FDint.c line 249 in H5FD_write(): driver write request failed
    major: Virtual File Layer
    minor: Write failed
  #012: /scratch/spack_cpu/job_21700923/spack-stage/spack-stage-hdf5-1.10.7-xexa2gll6hf6okdatgrxiwhcjs2uepc7/spack-src/src/H5FDsec2.c line 856 in H5FD__sec2_write(): file write failed: time = Wed Nov 19 09:12:07 2025
, filename = 'checkpoint.h5', file descriptor = 5, errno = 14, error message = 'Bad address', buf = 0x1555537c4000, total write size = 15969552, bytes this sub-write = 15969552, bytes actually written = 18446744073709551615, offset = 0
    major: Low-level I/O
    minor: Write failed
HDF5-DIAG: Error detected in HDF5 (1.10.7) thread 0:
  #000: /scratch/spack_cpu/job_21700923/spack-stage/spack-stage-hdf5-1.10.7-xexa2gll6hf6okdatgrxiwhcjs2uepc7/spack-src/src/H5Dio.c line 335 in H5Dwrite(): can't write data
    major: Dataset
    minor: Write failed
  #001: /scratch/spack_cpu/job_21700923/spack-stage/spack-stage-hdf5-1.10.7-xexa2gll6hf6okdatgrxiwhcjs2uepc7/spack-src/src/H5Dio.c line 813 in H5D__write(): can't write data
    major: Dataset
    minor: Write failed
  #002: /scratch/spack_cpu/job_21700923/spack-stage/spack-stage-hdf5-1.10.7-xexa2gll6hf6okdatgrxiwhcjs2uepc7/spack-src/src/H5Dcontig.c line 659 in H5D__contig_write(): contiguous write failed
    major: Dataset
    minor: Write failed
  #003: /scratch/spack_cpu/job_21700923/spack-stage/spack-stage-hdf5-1.10.7-xexa2gll6hf6okdatgrxiwhcjs2uepc7/spack-src/src/H5Dselect.c line 321 in H5D__select_write(): write error
    major: Dataspace
    minor: Write failed
  #004: /scratch/spack_cpu/job_21700923/spack-stage/spack-stage-hdf5-1.10.7-xexa2gll6hf6okdatgrxiwhcjs2uepc7/spack-src/src/H5Dselect.c line 230 in H5D__select_io(): write error
    major: Dataspace
    minor: Write failed
  #005: /scratch/spack_cpu/job_21700923/spack-stage/spack-stage-hdf5-1.10.7-xexa2gll6hf6okdatgrxiwhcjs2uepc7/spack-src/src/H5Dcontig.c line 1281 in H5D__contig_writevv(): can't perform vectorized sieve buffer write
    major: Dataset
    minor: Can't operate on object
  #006: /scratch/spack_cpu/job_21700923/spack-stage/spack-stage-hdf5-1.10.7-xexa2gll6hf6okdatgrxiwhcjs2uepc7/spack-src/src/H5VM.c line 1464 in H5VM_opvv(): can't perform operation
    major: Internal error (too specific to document in detail)
    minor: Can't operate on object
  #007: /scratch/spack_cpu/job_21700923/spack-stage/spack-stage-hdf5-1.10.7-xexa2gll6hf6okdatgrxiwhcjs2uepc7/spack-src/src/H5Dcontig.c line 1029 in H5D__contig_writevv_sieve_cb(): block write failed
    major: Dataset
    minor: Write failed
  #008: /scratch/spack_cpu/job_21700923/spack-stage/spack-stage-hdf5-1.10.7-xexa2gll6hf6okdatgrxiwhcjs2uepc7/spack-src/src/H5Fio.c line 161 in H5F_block_write(): write through page buffer failed
    major: Low-level I/O
    minor: Write failed
  #009: /scratch/spack_cpu/job_21700923/spack-stage/spack-stage-hdf5-1.10.7-xexa2gll6hf6okdatgrxiwhcjs2uepc7/spack-src/src/H5PB.c line 1032 in H5PB_write(): write through metadata accumulator failed
    major: Page Buffering
    minor: Write failed
  #010: /scratch/spack_cpu/job_21700923/spack-stage/spack-stage-hdf5-1.10.7-xexa2gll6hf6okdatgrxiwhcjs2uepc7/spack-src/src/H5Faccum.c line 824 in H5F__accum_write(): file write failed
    major: Low-level I/O
    minor: Write failed
  #011: /scratch/spack_cpu/job_21700923/spack-stage/spack-stage-hdf5-1.10.7-xexa2gll6hf6okdatgrxiwhcjs2uepc7/spack-src/src/H5FDint.c line 249 in H5FD_write(): driver write request failed
    major: Virtual File Layer
    minor: Write failed
  #012: /scratch/spack_cpu/job_21700923/spack-stage/spack-stage-hdf5-1.10.7-xexa2gll6hf6okdatgrxiwhcjs2uepc7/spack-src/src/H5FDsec2.c line 856 in H5FD__sec2_write(): file write failed: time = Wed Nov 19 09:12:47 2025
, filename = 'checkpoint.h5', file descriptor = 5, errno = 14, error message = 'Bad address', buf = 0x1555537c4000, total write size = 15969552, bytes this sub-write = 15969552, bytes actually written = 18446744073709551615, offset = 0
    major: Low-level I/O
    minor: Write failed
HDF5-DIAG: Error detected in HDF5 (1.10.7) thread 0:
  #000: /scratch/spack_cpu/job_21700923/spack-stage/spack-stage-hdf5-1.10.7-xexa2gll6hf6okdatgrxiwhcjs2uepc7/spack-src/src/H5Dio.c line 335 in H5Dwrite(): can't write data
    major: Dataset
    minor: Write failed
  #001: /scratch/spack_cpu/job_21700923/spack-stage/spack-stage-hdf5-1.10.7-xexa2gll6hf6okdatgrxiwhcjs2uepc7/spack-src/src/H5Dio.c line 813 in H5D__write(): can't write data
    major: Dataset
    minor: Write failed
  #002: /scratch/spack_cpu/job_21700923/spack-stage/spack-stage-hdf5-1.10.7-xexa2gll6hf6okdatgrxiwhcjs2uepc7/spack-src/src/H5Dcontig.c line 659 in H5D__contig_write(): contiguous write failed
    major: Dataset
    minor: Write failed
  #003: /scratch/spack_cpu/job_21700923/spack-stage/spack-stage-hdf5-1.10.7-xexa2gll6hf6okdatgrxiwhcjs2uepc7/spack-src/src/H5Dselect.c line 321 in H5D__select_write(): write error
    major: Dataspace
    minor: Write failed
  #004: /scratch/spack_cpu/job_21700923/spack-stage/spack-stage-hdf5-1.10.7-xexa2gll6hf6okdatgrxiwhcjs2uepc7/spack-src/src/H5Dselect.c line 230 in H5D__select_io(): write error
    major: Dataspace
    minor: Write failed
  #005: /scratch/spack_cpu/job_21700923/spack-stage/spack-stage-hdf5-1.10.7-xexa2gll6hf6okdatgrxiwhcjs2uepc7/spack-src/src/H5Dcontig.c line 1281 in H5D__contig_writevv(): can't perform vectorized sieve buffer write
    major: Dataset
    minor: Can't operate on object
  #006: /scratch/spack_cpu/job_21700923/spack-stage/spack-stage-hdf5-1.10.7-xexa2gll6hf6okdatgrxiwhcjs2uepc7/spack-src/src/H5VM.c line 1464 in H5VM_opvv(): can't perform operation
    major: Internal error (too specific to document in detail)
    minor: Can't operate on object
  #007: /scratch/spack_cpu/job_21700923/spack-stage/spack-stage-hdf5-1.10.7-xexa2gll6hf6okdatgrxiwhcjs2uepc7/spack-src/src/H5Dcontig.c line 1029 in H5D__contig_writevv_sieve_cb(): block write failed
    major: Dataset
    minor: Write failed
  #008: /scratch/spack_cpu/job_21700923/spack-stage/spack-stage-hdf5-1.10.7-xexa2gll6hf6okdatgrxiwhcjs2uepc7/spack-src/src/H5Fio.c line 161 in H5F_block_write(): write through page buffer failed
    major: Low-level I/O
    minor: Write failed
  #009: /scratch/spack_cpu/job_21700923/spack-stage/spack-stage-hdf5-1.10.7-xexa2gll6hf6okdatgrxiwhcjs2uepc7/spack-src/src/H5PB.c line 1032 in H5PB_write(): write through metadata accumulator failed
    major: Page Buffering
    minor: Write failed
  #010: /scratch/spack_cpu/job_21700923/spack-stage/spack-stage-hdf5-1.10.7-xexa2gll6hf6okdatgrxiwhcjs2uepc7/spack-src/src/H5Faccum.c line 824 in H5F__accum_write(): file write failed
    major: Low-level I/O
    minor: Write failed
  #011: /scratch/spack_cpu/job_21700923/spack-stage/spack-stage-hdf5-1.10.7-xexa2gll6hf6okdatgrxiwhcjs2uepc7/spack-src/src/H5FDint.c line 249 in H5FD_write(): driver write request failed
    major: Virtual File Layer
    minor: Write failed
  #012: /scratch/spack_cpu/job_21700923/spack-stage/spack-stage-hdf5-1.10.7-xexa2gll6hf6okdatgrxiwhcjs2uepc7/spack-src/src/H5FDsec2.c line 856 in H5FD__sec2_write(): file write failed: time = Wed Nov 19 09:13:27 2025
, filename = 'checkpoint.h5', file descriptor = 5, errno = 14, error message = 'Bad address', buf = 0x1555537c4000, total write size = 15969552, bytes this sub-write = 15969552, bytes actually written = 18446744073709551615, offset = 0
    major: Low-level I/O
    minor: Write failed
HDF5-DIAG: Error detected in HDF5 (1.10.7) thread 0:
  #000: /scratch/spack_cpu/job_21700923/spack-stage/spack-stage-hdf5-1.10.7-xexa2gll6hf6okdatgrxiwhcjs2uepc7/spack-src/src/H5Dio.c line 335 in H5Dwrite(): can't write data
    major: Dataset
    minor: Write failed
  #001: /scratch/spack_cpu/job_21700923/spack-stage/spack-stage-hdf5-1.10.7-xexa2gll6hf6okdatgrxiwhcjs2uepc7/spack-src/src/H5Dio.c line 813 in H5D__write(): can't write data
    major: Dataset
    minor: Write failed
  #002: /scratch/spack_cpu/job_21700923/spack-stage/spack-stage-hdf5-1.10.7-xexa2gll6hf6okdatgrxiwhcjs2uepc7/spack-src/src/H5Dcontig.c line 659 in H5D__contig_write(): contiguous write failed
    major: Dataset
    minor: Write failed
  #003: /scratch/spack_cpu/job_21700923/spack-stage/spack-stage-hdf5-1.10.7-xexa2gll6hf6okdatgrxiwhcjs2uepc7/spack-src/src/H5Dselect.c line 321 in H5D__select_write(): write error
    major: Dataspace
    minor: Write failed
  #004: /scratch/spack_cpu/job_21700923/spack-stage/spack-stage-hdf5-1.10.7-xexa2gll6hf6okdatgrxiwhcjs2uepc7/spack-src/src/H5Dselect.c line 230 in H5D__select_io(): write error
    major: Dataspace
    minor: Write failed
  #005: /scratch/spack_cpu/job_21700923/spack-stage/spack-stage-hdf5-1.10.7-xexa2gll6hf6okdatgrxiwhcjs2uepc7/spack-src/src/H5Dcontig.c line 1281 in H5D__contig_writevv(): can't perform vectorized sieve buffer write
    major: Dataset
    minor: Can't operate on object
  #006: /scratch/spack_cpu/job_21700923/spack-stage/spack-stage-hdf5-1.10.7-xexa2gll6hf6okdatgrxiwhcjs2uepc7/spack-src/src/H5VM.c line 1464 in H5VM_opvv(): can't perform operation
    major: Internal error (too specific to document in detail)
    minor: Can't operate on object
  #007: /scratch/spack_cpu/job_21700923/spack-stage/spack-stage-hdf5-1.10.7-xexa2gll6hf6okdatgrxiwhcjs2uepc7/spack-src/src/H5Dcontig.c line 1029 in H5D__contig_writevv_sieve_cb(): block write failed
    major: Dataset
    minor: Write failed
  #008: /scratch/spack_cpu/job_21700923/spack-stage/spack-stage-hdf5-1.10.7-xexa2gll6hf6okdatgrxiwhcjs2uepc7/spack-src/src/H5Fio.c line 161 in H5F_block_write(): write through page buffer failed
    major: Low-level I/O
    minor: Write failed
  #009: /scratch/spack_cpu/job_21700923/spack-stage/spack-stage-hdf5-1.10.7-xexa2gll6hf6okdatgrxiwhcjs2uepc7/spack-src/src/H5PB.c line 1032 in H5PB_write(): write through metadata accumulator failed
    major: Page Buffering
    minor: Write failed
  #010: /scratch/spack_cpu/job_21700923/spack-stage/spack-stage-hdf5-1.10.7-xexa2gll6hf6okdatgrxiwhcjs2uepc7/spack-src/src/H5Faccum.c line 824 in H5F__accum_write(): file write failed
    major: Low-level I/O
    minor: Write failed
  #011: /scratch/spack_cpu/job_21700923/spack-stage/spack-stage-hdf5-1.10.7-xexa2gll6hf6okdatgrxiwhcjs2uepc7/spack-src/src/H5FDint.c line 249 in H5FD_write(): driver write request failed
    major: Virtual File Layer
    minor: Write failed
  #012: /scratch/spack_cpu/job_21700923/spack-stage/spack-stage-hdf5-1.10.7-xexa2gll6hf6okdatgrxiwhcjs2uepc7/spack-src/src/H5FDsec2.c line 856 in H5FD__sec2_write(): file write failed: time = Wed Nov 19 09:14:06 2025
, filename = 'checkpoint.h5', file descriptor = 5, errno = 14, error message = 'Bad address', buf = 0x1555537c4000, total write size = 15969552, bytes this sub-write = 15969552, bytes actually written = 18446744073709551615, offset = 0
    major: Low-level I/O
    minor: Write failed
HDF5-DIAG: Error detected in HDF5 (1.10.7) thread 0:
  #000: /scratch/spack_cpu/job_21700923/spack-stage/spack-stage-hdf5-1.10.7-xexa2gll6hf6okdatgrxiwhcjs2uepc7/spack-src/src/H5Dio.c line 335 in H5Dwrite(): can't write data
    major: Dataset
    minor: Write failed
  #001: /scratch/spack_cpu/job_21700923/spack-stage/spack-stage-hdf5-1.10.7-xexa2gll6hf6okdatgrxiwhcjs2uepc7/spack-src/src/H5Dio.c line 813 in H5D__write(): can't write data
    major: Dataset
    minor: Write failed
  #002: /scratch/spack_cpu/job_21700923/spack-stage/spack-stage-hdf5-1.10.7-xexa2gll6hf6okdatgrxiwhcjs2uepc7/spack-src/src/H5Dcontig.c line 659 in H5D__contig_write(): contiguous write failed
    major: Dataset
    minor: Write failed
  #003: /scratch/spack_cpu/job_21700923/spack-stage/spack-stage-hdf5-1.10.7-xexa2gll6hf6okdatgrxiwhcjs2uepc7/spack-src/src/H5Dselect.c line 321 in H5D__select_write(): write error
    major: Dataspace
    minor: Write failed
  #004: /scratch/spack_cpu/job_21700923/spack-stage/spack-stage-hdf5-1.10.7-xexa2gll6hf6okdatgrxiwhcjs2uepc7/spack-src/src/H5Dselect.c line 230 in H5D__select_io(): write error
    major: Dataspace
    minor: Write failed
  #005: /scratch/spack_cpu/job_21700923/spack-stage/spack-stage-hdf5-1.10.7-xexa2gll6hf6okdatgrxiwhcjs2uepc7/spack-src/src/H5Dcontig.c line 1281 in H5D__contig_writevv(): can't perform vectorized sieve buffer write
    major: Dataset
    minor: Can't operate on object
  #006: /scratch/spack_cpu/job_21700923/spack-stage/spack-stage-hdf5-1.10.7-xexa2gll6hf6okdatgrxiwhcjs2uepc7/spack-src/src/H5VM.c line 1464 in H5VM_opvv(): can't perform operation
    major: Internal error (too specific to document in detail)
    minor: Can't operate on object
  #007: /scratch/spack_cpu/job_21700923/spack-stage/spack-stage-hdf5-1.10.7-xexa2gll6hf6okdatgrxiwhcjs2uepc7/spack-src/src/H5Dcontig.c line 1029 in H5D__contig_writevv_sieve_cb(): block write failed
    major: Dataset
    minor: Write failed
  #008: /scratch/spack_cpu/job_21700923/spack-stage/spack-stage-hdf5-1.10.7-xexa2gll6hf6okdatgrxiwhcjs2uepc7/spack-src/src/H5Fio.c line 161 in H5F_block_write(): write through page buffer failed
    major: Low-level I/O
    minor: Write failed
  #009: /scratch/spack_cpu/job_21700923/spack-stage/spack-stage-hdf5-1.10.7-xexa2gll6hf6okdatgrxiwhcjs2uepc7/spack-src/src/H5PB.c line 1032 in H5PB_write(): write through metadata accumulator failed
    major: Page Buffering
    minor: Write failed
  #010: /scratch/spack_cpu/job_21700923/spack-stage/spack-stage-hdf5-1.10.7-xexa2gll6hf6okdatgrxiwhcjs2uepc7/spack-src/src/H5Faccum.c line 824 in H5F__accum_write(): file write failed
    major: Low-level I/O
    minor: Write failed
  #011: /scratch/spack_cpu/job_21700923/spack-stage/spack-stage-hdf5-1.10.7-xexa2gll6hf6okdatgrxiwhcjs2uepc7/spack-src/src/H5FDint.c line 249 in H5FD_write(): driver write request failed
    major: Virtual File Layer
    minor: Write failed
  #012: /scratch/spack_cpu/job_21700923/spack-stage/spack-stage-hdf5-1.10.7-xexa2gll6hf6okdatgrxiwhcjs2uepc7/spack-src/src/H5FDsec2.c line 856 in H5FD__sec2_write(): file write failed: time = Wed Nov 19 09:14:46 2025
, filename = 'checkpoint.h5', file descriptor = 5, errno = 14, error message = 'Bad address', buf = 0x1555537c4000, total write size = 15969552, bytes this sub-write = 15969552, bytes actually written = 18446744073709551615, offset = 0
    major: Low-level I/O
    minor: Write failed
HDF5-DIAG: Error detected in HDF5 (1.10.7) thread 0:
  #000: /scratch/spack_cpu/job_21700923/spack-stage/spack-stage-hdf5-1.10.7-xexa2gll6hf6okdatgrxiwhcjs2uepc7/spack-src/src/H5Dio.c line 335 in H5Dwrite(): can't write data
    major: Dataset
    minor: Write failed
  #001: /scratch/spack_cpu/job_21700923/spack-stage/spack-stage-hdf5-1.10.7-xexa2gll6hf6okdatgrxiwhcjs2uepc7/spack-src/src/H5Dio.c line 813 in H5D__write(): can't write data
    major: Dataset
    minor: Write failed
  #002: /scratch/spack_cpu/job_21700923/spack-stage/spack-stage-hdf5-1.10.7-xexa2gll6hf6okdatgrxiwhcjs2uepc7/spack-src/src/H5Dcontig.c line 659 in H5D__contig_write(): contiguous write failed
    major: Dataset
    minor: Write failed
  #003: /scratch/spack_cpu/job_21700923/spack-stage/spack-stage-hdf5-1.10.7-xexa2gll6hf6okdatgrxiwhcjs2uepc7/spack-src/src/H5Dselect.c line 321 in H5D__select_write(): write error
    major: Dataspace
    minor: Write failed
  #004: /scratch/spack_cpu/job_21700923/spack-stage/spack-stage-hdf5-1.10.7-xexa2gll6hf6okdatgrxiwhcjs2uepc7/spack-src/src/H5Dselect.c line 230 in H5D__select_io(): write error
    major: Dataspace
    minor: Write failed
  #005: /scratch/spack_cpu/job_21700923/spack-stage/spack-stage-hdf5-1.10.7-xexa2gll6hf6okdatgrxiwhcjs2uepc7/spack-src/src/H5Dcontig.c line 1281 in H5D__contig_writevv(): can't perform vectorized sieve buffer write
    major: Dataset
    minor: Can't operate on object
  #006: /scratch/spack_cpu/job_21700923/spack-stage/spack-stage-hdf5-1.10.7-xexa2gll6hf6okdatgrxiwhcjs2uepc7/spack-src/src/H5VM.c line 1464 in H5VM_opvv(): can't perform operation
    major: Internal error (too specific to document in detail)
    minor: Can't operate on object
  #007: /scratch/spack_cpu/job_21700923/spack-stage/spack-stage-hdf5-1.10.7-xexa2gll6hf6okdatgrxiwhcjs2uepc7/spack-src/src/H5Dcontig.c line 1029 in H5D__contig_writevv_sieve_cb(): block write failed
    major: Dataset
    minor: Write failed
  #008: /scratch/spack_cpu/job_21700923/spack-stage/spack-stage-hdf5-1.10.7-xexa2gll6hf6okdatgrxiwhcjs2uepc7/spack-src/src/H5Fio.c line 161 in H5F_block_write(): write through page buffer failed
    major: Low-level I/O
    minor: Write failed
  #009: /scratch/spack_cpu/job_21700923/spack-stage/spack-stage-hdf5-1.10.7-xexa2gll6hf6okdatgrxiwhcjs2uepc7/spack-src/src/H5PB.c line 1032 in H5PB_write(): write through metadata accumulator failed
    major: Page Buffering
    minor: Write failed
  #010: /scratch/spack_cpu/job_21700923/spack-stage/spack-stage-hdf5-1.10.7-xexa2gll6hf6okdatgrxiwhcjs2uepc7/spack-src/src/H5Faccum.c line 824 in H5F__accum_write(): file write failed
    major: Low-level I/O
    minor: Write failed
  #011: /scratch/spack_cpu/job_21700923/spack-stage/spack-stage-hdf5-1.10.7-xexa2gll6hf6okdatgrxiwhcjs2uepc7/spack-src/src/H5FDint.c line 249 in H5FD_write(): driver write request failed
    major: Virtual File Layer
    minor: Write failed
  #012: /scratch/spack_cpu/job_21700923/spack-stage/spack-stage-hdf5-1.10.7-xexa2gll6hf6okdatgrxiwhcjs2uepc7/spack-src/src/H5FDsec2.c line 856 in H5FD__sec2_write(): file write failed: time = Wed Nov 19 09:15:26 2025
, filename = 'checkpoint.h5', file descriptor = 5, errno = 14, error message = 'Bad address', buf = 0x1555537c4000, total write size = 15969552, bytes this sub-write = 15969552, bytes actually written = 18446744073709551615, offset = 0
    major: Low-level I/O
    minor: Write failed
HDF5-DIAG: Error detected in HDF5 (1.10.7) thread 0:
  #000: /scratch/spack_cpu/job_21700923/spack-stage/spack-stage-hdf5-1.10.7-xexa2gll6hf6okdatgrxiwhcjs2uepc7/spack-src/src/H5Dio.c line 335 in H5Dwrite(): can't write data
    major: Dataset
    minor: Write failed
  #001: /scratch/spack_cpu/job_21700923/spack-stage/spack-stage-hdf5-1.10.7-xexa2gll6hf6okdatgrxiwhcjs2uepc7/spack-src/src/H5Dio.c line 813 in H5D__write(): can't write data
    major: Dataset
    minor: Write failed
  #002: /scratch/spack_cpu/job_21700923/spack-stage/spack-stage-hdf5-1.10.7-xexa2gll6hf6okdatgrxiwhcjs2uepc7/spack-src/src/H5Dcontig.c line 659 in H5D__contig_write(): contiguous write failed
    major: Dataset
    minor: Write failed
  #003: /scratch/spack_cpu/job_21700923/spack-stage/spack-stage-hdf5-1.10.7-xexa2gll6hf6okdatgrxiwhcjs2uepc7/spack-src/src/H5Dselect.c line 321 in H5D__select_write(): write error
    major: Dataspace
    minor: Write failed
  #004: /scratch/spack_cpu/job_21700923/spack-stage/spack-stage-hdf5-1.10.7-xexa2gll6hf6okdatgrxiwhcjs2uepc7/spack-src/src/H5Dselect.c line 230 in H5D__select_io(): write error
    major: Dataspace
    minor: Write failed
  #005: /scratch/spack_cpu/job_21700923/spack-stage/spack-stage-hdf5-1.10.7-xexa2gll6hf6okdatgrxiwhcjs2uepc7/spack-src/src/H5Dcontig.c line 1281 in H5D__contig_writevv(): can't perform vectorized sieve buffer write
    major: Dataset
    minor: Can't operate on object
  #006: /scratch/spack_cpu/job_21700923/spack-stage/spack-stage-hdf5-1.10.7-xexa2gll6hf6okdatgrxiwhcjs2uepc7/spack-src/src/H5VM.c line 1464 in H5VM_opvv(): can't perform operation
    major: Internal error (too specific to document in detail)
    minor: Can't operate on object
  #007: /scratch/spack_cpu/job_21700923/spack-stage/spack-stage-hdf5-1.10.7-xexa2gll6hf6okdatgrxiwhcjs2uepc7/spack-src/src/H5Dcontig.c line 1029 in H5D__contig_writevv_sieve_cb(): block write failed
    major: Dataset
    minor: Write failed
  #008: /scratch/spack_cpu/job_21700923/spack-stage/spack-stage-hdf5-1.10.7-xexa2gll6hf6okdatgrxiwhcjs2uepc7/spack-src/src/H5Fio.c line 161 in H5F_block_write(): write through page buffer failed
    major: Low-level I/O
    minor: Write failed
  #009: /scratch/spack_cpu/job_21700923/spack-stage/spack-stage-hdf5-1.10.7-xexa2gll6hf6okdatgrxiwhcjs2uepc7/spack-src/src/H5PB.c line 1032 in H5PB_write(): write through metadata accumulator failed
    major: Page Buffering
    minor: Write failed
  #010: /scratch/spack_cpu/job_21700923/spack-stage/spack-stage-hdf5-1.10.7-xexa2gll6hf6okdatgrxiwhcjs2uepc7/spack-src/src/H5Faccum.c line 824 in H5F__accum_write(): file write failed
    major: Low-level I/O
    minor: Write failed
  #011: /scratch/spack_cpu/job_21700923/spack-stage/spack-stage-hdf5-1.10.7-xexa2gll6hf6okdatgrxiwhcjs2uepc7/spack-src/src/H5FDint.c line 249 in H5FD_write(): driver write request failed
    major: Virtual File Layer
    minor: Write failed
  #012: /scratch/spack_cpu/job_21700923/spack-stage/spack-stage-hdf5-1.10.7-xexa2gll6hf6okdatgrxiwhcjs2uepc7/spack-src/src/H5FDsec2.c line 856 in H5FD__sec2_write(): file write failed: time = Wed Nov 19 09:16:05 2025
, filename = 'checkpoint.h5', file descriptor = 5, errno = 14, error message = 'Bad address', buf = 0x1555537c4000, total write size = 15969552, bytes this sub-write = 15969552, bytes actually written = 18446744073709551615, offset = 0
    major: Low-level I/O
    minor: Write failed
HDF5-DIAG: Error detected in HDF5 (1.10.7) thread 0:
  #000: /scratch/spack_cpu/job_21700923/spack-stage/spack-stage-hdf5-1.10.7-xexa2gll6hf6okdatgrxiwhcjs2uepc7/spack-src/src/H5Dio.c line 335 in H5Dwrite(): can't write data
    major: Dataset
    minor: Write failed
  #001: /scratch/spack_cpu/job_21700923/spack-stage/spack-stage-hdf5-1.10.7-xexa2gll6hf6okdatgrxiwhcjs2uepc7/spack-src/src/H5Dio.c line 813 in H5D__write(): can't write data
    major: Dataset
    minor: Write failed
  #002: /scratch/spack_cpu/job_21700923/spack-stage/spack-stage-hdf5-1.10.7-xexa2gll6hf6okdatgrxiwhcjs2uepc7/spack-src/src/H5Dcontig.c line 659 in H5D__contig_write(): contiguous write failed
    major: Dataset
    minor: Write failed
  #003: /scratch/spack_cpu/job_21700923/spack-stage/spack-stage-hdf5-1.10.7-xexa2gll6hf6okdatgrxiwhcjs2uepc7/spack-src/src/H5Dselect.c line 321 in H5D__select_write(): write error
    major: Dataspace
    minor: Write failed
  #004: /scratch/spack_cpu/job_21700923/spack-stage/spack-stage-hdf5-1.10.7-xexa2gll6hf6okdatgrxiwhcjs2uepc7/spack-src/src/H5Dselect.c line 230 in H5D__select_io(): write error
    major: Dataspace
    minor: Write failed
  #005: /scratch/spack_cpu/job_21700923/spack-stage/spack-stage-hdf5-1.10.7-xexa2gll6hf6okdatgrxiwhcjs2uepc7/spack-src/src/H5Dcontig.c line 1281 in H5D__contig_writevv(): can't perform vectorized sieve buffer write
    major: Dataset
    minor: Can't operate on object
  #006: /scratch/spack_cpu/job_21700923/spack-stage/spack-stage-hdf5-1.10.7-xexa2gll6hf6okdatgrxiwhcjs2uepc7/spack-src/src/H5VM.c line 1464 in H5VM_opvv(): can't perform operation
    major: Internal error (too specific to document in detail)
    minor: Can't operate on object
  #007: /scratch/spack_cpu/job_21700923/spack-stage/spack-stage-hdf5-1.10.7-xexa2gll6hf6okdatgrxiwhcjs2uepc7/spack-src/src/H5Dcontig.c line 1029 in H5D__contig_writevv_sieve_cb(): block write failed
    major: Dataset
    minor: Write failed
  #008: /scratch/spack_cpu/job_21700923/spack-stage/spack-stage-hdf5-1.10.7-xexa2gll6hf6okdatgrxiwhcjs2uepc7/spack-src/src/H5Fio.c line 161 in H5F_block_write(): write through page buffer failed
    major: Low-level I/O
    minor: Write failed
  #009: /scratch/spack_cpu/job_21700923/spack-stage/spack-stage-hdf5-1.10.7-xexa2gll6hf6okdatgrxiwhcjs2uepc7/spack-src/src/H5PB.c line 1032 in H5PB_write(): write through metadata accumulator failed
    major: Page Buffering
    minor: Write failed
  #010: /scratch/spack_cpu/job_21700923/spack-stage/spack-stage-hdf5-1.10.7-xexa2gll6hf6okdatgrxiwhcjs2uepc7/spack-src/src/H5Faccum.c line 824 in H5F__accum_write(): file write failed
    major: Low-level I/O
    minor: Write failed
  #011: /scratch/spack_cpu/job_21700923/spack-stage/spack-stage-hdf5-1.10.7-xexa2gll6hf6okdatgrxiwhcjs2uepc7/spack-src/src/H5FDint.c line 249 in H5FD_write(): driver write request failed
    major: Virtual File Layer
    minor: Write failed
  #012: /scratch/spack_cpu/job_21700923/spack-stage/spack-stage-hdf5-1.10.7-xexa2gll6hf6okdatgrxiwhcjs2uepc7/spack-src/src/H5FDsec2.c line 856 in H5FD__sec2_write(): file write failed: time = Wed Nov 19 09:16:43 2025
, filename = 'checkpoint.h5', file descriptor = 5, errno = 14, error message = 'Bad address', buf = 0x1555537c4000, total write size = 15969552, bytes this sub-write = 15969552, bytes actually written = 18446744073709551615, offset = 0
    major: Low-level I/O
    minor: Write failed
HDF5-DIAG: Error detected in HDF5 (1.10.7) thread 0:
  #000: /scratch/spack_cpu/job_21700923/spack-stage/spack-stage-hdf5-1.10.7-xexa2gll6hf6okdatgrxiwhcjs2uepc7/spack-src/src/H5Dio.c line 335 in H5Dwrite(): can't write data
    major: Dataset
    minor: Write failed
  #001: /scratch/spack_cpu/job_21700923/spack-stage/spack-stage-hdf5-1.10.7-xexa2gll6hf6okdatgrxiwhcjs2uepc7/spack-src/src/H5Dio.c line 813 in H5D__write(): can't write data
    major: Dataset
    minor: Write failed
  #002: /scratch/spack_cpu/job_21700923/spack-stage/spack-stage-hdf5-1.10.7-xexa2gll6hf6okdatgrxiwhcjs2uepc7/spack-src/src/H5Dcontig.c line 659 in H5D__contig_write(): contiguous write failed
    major: Dataset
    minor: Write failed
  #003: /scratch/spack_cpu/job_21700923/spack-stage/spack-stage-hdf5-1.10.7-xexa2gll6hf6okdatgrxiwhcjs2uepc7/spack-src/src/H5Dselect.c line 321 in H5D__select_write(): write error
    major: Dataspace
    minor: Write failed
  #004: /scratch/spack_cpu/job_21700923/spack-stage/spack-stage-hdf5-1.10.7-xexa2gll6hf6okdatgrxiwhcjs2uepc7/spack-src/src/H5Dselect.c line 230 in H5D__select_io(): write error
    major: Dataspace
    minor: Write failed
  #005: /scratch/spack_cpu/job_21700923/spack-stage/spack-stage-hdf5-1.10.7-xexa2gll6hf6okdatgrxiwhcjs2uepc7/spack-src/src/H5Dcontig.c line 1281 in H5D__contig_writevv(): can't perform vectorized sieve buffer write
    major: Dataset
    minor: Can't operate on object
  #006: /scratch/spack_cpu/job_21700923/spack-stage/spack-stage-hdf5-1.10.7-xexa2gll6hf6okdatgrxiwhcjs2uepc7/spack-src/src/H5VM.c line 1464 in H5VM_opvv(): can't perform operation
    major: Internal error (too specific to document in detail)
    minor: Can't operate on object
  #007: /scratch/spack_cpu/job_21700923/spack-stage/spack-stage-hdf5-1.10.7-xexa2gll6hf6okdatgrxiwhcjs2uepc7/spack-src/src/H5Dcontig.c line 1029 in H5D__contig_writevv_sieve_cb(): block write failed
    major: Dataset
    minor: Write failed
  #008: /scratch/spack_cpu/job_21700923/spack-stage/spack-stage-hdf5-1.10.7-xexa2gll6hf6okdatgrxiwhcjs2uepc7/spack-src/src/H5Fio.c line 161 in H5F_block_write(): write through page buffer failed
    major: Low-level I/O
    minor: Write failed
  #009: /scratch/spack_cpu/job_21700923/spack-stage/spack-stage-hdf5-1.10.7-xexa2gll6hf6okdatgrxiwhcjs2uepc7/spack-src/src/H5PB.c line 1032 in H5PB_write(): write through metadata accumulator failed
    major: Page Buffering
    minor: Write failed
  #010: /scratch/spack_cpu/job_21700923/spack-stage/spack-stage-hdf5-1.10.7-xexa2gll6hf6okdatgrxiwhcjs2uepc7/spack-src/src/H5Faccum.c line 824 in H5F__accum_write(): file write failed
    major: Low-level I/O
    minor: Write failed
  #011: /scratch/spack_cpu/job_21700923/spack-stage/spack-stage-hdf5-1.10.7-xexa2gll6hf6okdatgrxiwhcjs2uepc7/spack-src/src/H5FDint.c line 249 in H5FD_write(): driver write request failed
    major: Virtual File Layer
    minor: Write failed
  #012: /scratch/spack_cpu/job_21700923/spack-stage/spack-stage-hdf5-1.10.7-xexa2gll6hf6okdatgrxiwhcjs2uepc7/spack-src/src/H5FDsec2.c line 856 in H5FD__sec2_write(): file write failed: time = Wed Nov 19 09:17:21 2025
, filename = 'checkpoint.h5', file descriptor = 5, errno = 14, error message = 'Bad address', buf = 0x1555537c4000, total write size = 15969552, bytes this sub-write = 15969552, bytes actually written = 18446744073709551615, offset = 0
    major: Low-level I/O
    minor: Write failed
HDF5-DIAG: Error detected in HDF5 (1.10.7) thread 0:
  #000: /scratch/spack_cpu/job_21700923/spack-stage/spack-stage-hdf5-1.10.7-xexa2gll6hf6okdatgrxiwhcjs2uepc7/spack-src/src/H5Dio.c line 335 in H5Dwrite(): can't write data
    major: Dataset
    minor: Write failed
  #001: /scratch/spack_cpu/job_21700923/spack-stage/spack-stage-hdf5-1.10.7-xexa2gll6hf6okdatgrxiwhcjs2uepc7/spack-src/src/H5Dio.c line 813 in H5D__write(): can't write data
    major: Dataset
    minor: Write failed
  #002: /scratch/spack_cpu/job_21700923/spack-stage/spack-stage-hdf5-1.10.7-xexa2gll6hf6okdatgrxiwhcjs2uepc7/spack-src/src/H5Dcontig.c line 659 in H5D__contig_write(): contiguous write failed
    major: Dataset
    minor: Write failed
  #003: /scratch/spack_cpu/job_21700923/spack-stage/spack-stage-hdf5-1.10.7-xexa2gll6hf6okdatgrxiwhcjs2uepc7/spack-src/src/H5Dselect.c line 321 in H5D__select_write(): write error
    major: Dataspace
    minor: Write failed
  #004: /scratch/spack_cpu/job_21700923/spack-stage/spack-stage-hdf5-1.10.7-xexa2gll6hf6okdatgrxiwhcjs2uepc7/spack-src/src/H5Dselect.c line 230 in H5D__select_io(): write error
    major: Dataspace
    minor: Write failed
  #005: /scratch/spack_cpu/job_21700923/spack-stage/spack-stage-hdf5-1.10.7-xexa2gll6hf6okdatgrxiwhcjs2uepc7/spack-src/src/H5Dcontig.c line 1281 in H5D__contig_writevv(): can't perform vectorized sieve buffer write
    major: Dataset
    minor: Can't operate on object
  #006: /scratch/spack_cpu/job_21700923/spack-stage/spack-stage-hdf5-1.10.7-xexa2gll6hf6okdatgrxiwhcjs2uepc7/spack-src/src/H5VM.c line 1464 in H5VM_opvv(): can't perform operation
    major: Internal error (too specific to document in detail)
    minor: Can't operate on object
  #007: /scratch/spack_cpu/job_21700923/spack-stage/spack-stage-hdf5-1.10.7-xexa2gll6hf6okdatgrxiwhcjs2uepc7/spack-src/src/H5Dcontig.c line 1029 in H5D__contig_writevv_sieve_cb(): block write failed
    major: Dataset
    minor: Write failed
  #008: /scratch/spack_cpu/job_21700923/spack-stage/spack-stage-hdf5-1.10.7-xexa2gll6hf6okdatgrxiwhcjs2uepc7/spack-src/src/H5Fio.c line 161 in H5F_block_write(): write through page buffer failed
    major: Low-level I/O
    minor: Write failed
  #009: /scratch/spack_cpu/job_21700923/spack-stage/spack-stage-hdf5-1.10.7-xexa2gll6hf6okdatgrxiwhcjs2uepc7/spack-src/src/H5PB.c line 1032 in H5PB_write(): write through metadata accumulator failed
    major: Page Buffering
    minor: Write failed
  #010: /scratch/spack_cpu/job_21700923/spack-stage/spack-stage-hdf5-1.10.7-xexa2gll6hf6okdatgrxiwhcjs2uepc7/spack-src/src/H5Faccum.c line 824 in H5F__accum_write(): file write failed
    major: Low-level I/O
    minor: Write failed
  #011: /scratch/spack_cpu/job_21700923/spack-stage/spack-stage-hdf5-1.10.7-xexa2gll6hf6okdatgrxiwhcjs2uepc7/spack-src/src/H5FDint.c line 249 in H5FD_write(): driver write request failed
    major: Virtual File Layer
    minor: Write failed
  #012: /scratch/spack_cpu/job_21700923/spack-stage/spack-stage-hdf5-1.10.7-xexa2gll6hf6okdatgrxiwhcjs2uepc7/spack-src/src/H5FDsec2.c line 856 in H5FD__sec2_write(): file write failed: time = Wed Nov 19 09:18:01 2025
, filename = 'checkpoint.h5', file descriptor = 5, errno = 14, error message = 'Bad address', buf = 0x1555537c4000, total write size = 15969552, bytes this sub-write = 15969552, bytes actually written = 18446744073709551615, offset = 0
    major: Low-level I/O
    minor: Write failed
HDF5-DIAG: Error detected in HDF5 (1.10.7) thread 0:
  #000: /scratch/spack_cpu/job_21700923/spack-stage/spack-stage-hdf5-1.10.7-xexa2gll6hf6okdatgrxiwhcjs2uepc7/spack-src/src/H5Dio.c line 335 in H5Dwrite(): can't write data
    major: Dataset
    minor: Write failed
  #001: /scratch/spack_cpu/job_21700923/spack-stage/spack-stage-hdf5-1.10.7-xexa2gll6hf6okdatgrxiwhcjs2uepc7/spack-src/src/H5Dio.c line 813 in H5D__write(): can't write data
    major: Dataset
    minor: Write failed
  #002: /scratch/spack_cpu/job_21700923/spack-stage/spack-stage-hdf5-1.10.7-xexa2gll6hf6okdatgrxiwhcjs2uepc7/spack-src/src/H5Dcontig.c line 659 in H5D__contig_write(): contiguous write failed
    major: Dataset
    minor: Write failed
  #003: /scratch/spack_cpu/job_21700923/spack-stage/spack-stage-hdf5-1.10.7-xexa2gll6hf6okdatgrxiwhcjs2uepc7/spack-src/src/H5Dselect.c line 321 in H5D__select_write(): write error
    major: Dataspace
    minor: Write failed
  #004: /scratch/spack_cpu/job_21700923/spack-stage/spack-stage-hdf5-1.10.7-xexa2gll6hf6okdatgrxiwhcjs2uepc7/spack-src/src/H5Dselect.c line 230 in H5D__select_io(): write error
    major: Dataspace
    minor: Write failed
  #005: /scratch/spack_cpu/job_21700923/spack-stage/spack-stage-hdf5-1.10.7-xexa2gll6hf6okdatgrxiwhcjs2uepc7/spack-src/src/H5Dcontig.c line 1281 in H5D__contig_writevv(): can't perform vectorized sieve buffer write
    major: Dataset
    minor: Can't operate on object
  #006: /scratch/spack_cpu/job_21700923/spack-stage/spack-stage-hdf5-1.10.7-xexa2gll6hf6okdatgrxiwhcjs2uepc7/spack-src/src/H5VM.c line 1464 in H5VM_opvv(): can't perform operation
    major: Internal error (too specific to document in detail)
    minor: Can't operate on object
  #007: /scratch/spack_cpu/job_21700923/spack-stage/spack-stage-hdf5-1.10.7-xexa2gll6hf6okdatgrxiwhcjs2uepc7/spack-src/src/H5Dcontig.c line 1029 in H5D__contig_writevv_sieve_cb(): block write failed
    major: Dataset
    minor: Write failed
  #008: /scratch/spack_cpu/job_21700923/spack-stage/spack-stage-hdf5-1.10.7-xexa2gll6hf6okdatgrxiwhcjs2uepc7/spack-src/src/H5Fio.c line 161 in H5F_block_write(): write through page buffer failed
    major: Low-level I/O
    minor: Write failed
  #009: /scratch/spack_cpu/job_21700923/spack-stage/spack-stage-hdf5-1.10.7-xexa2gll6hf6okdatgrxiwhcjs2uepc7/spack-src/src/H5PB.c line 1032 in H5PB_write(): write through metadata accumulator failed
    major: Page Buffering
    minor: Write failed
  #010: /scratch/spack_cpu/job_21700923/spack-stage/spack-stage-hdf5-1.10.7-xexa2gll6hf6okdatgrxiwhcjs2uepc7/spack-src/src/H5Faccum.c line 824 in H5F__accum_write(): file write failed
    major: Low-level I/O
    minor: Write failed
  #011: /scratch/spack_cpu/job_21700923/spack-stage/spack-stage-hdf5-1.10.7-xexa2gll6hf6okdatgrxiwhcjs2uepc7/spack-src/src/H5FDint.c line 249 in H5FD_write(): driver write request failed
    major: Virtual File Layer
    minor: Write failed
  #012: /scratch/spack_cpu/job_21700923/spack-stage/spack-stage-hdf5-1.10.7-xexa2gll6hf6okdatgrxiwhcjs2uepc7/spack-src/src/H5FDsec2.c line 856 in H5FD__sec2_write(): file write failed: time = Wed Nov 19 09:18:40 2025
, filename = 'checkpoint.h5', file descriptor = 5, errno = 14, error message = 'Bad address', buf = 0x1555537c4000, total write size = 15969552, bytes this sub-write = 15969552, bytes actually written = 18446744073709551615, offset = 0
    major: Low-level I/O
    minor: Write failed
HDF5-DIAG: Error detected in HDF5 (1.10.7) thread 0:
  #000: /scratch/spack_cpu/job_21700923/spack-stage/spack-stage-hdf5-1.10.7-xexa2gll6hf6okdatgrxiwhcjs2uepc7/spack-src/src/H5Dio.c line 335 in H5Dwrite(): can't write data
    major: Dataset
    minor: Write failed
  #001: /scratch/spack_cpu/job_21700923/spack-stage/spack-stage-hdf5-1.10.7-xexa2gll6hf6okdatgrxiwhcjs2uepc7/spack-src/src/H5Dio.c line 813 in H5D__write(): can't write data
    major: Dataset
    minor: Write failed
  #002: /scratch/spack_cpu/job_21700923/spack-stage/spack-stage-hdf5-1.10.7-xexa2gll6hf6okdatgrxiwhcjs2uepc7/spack-src/src/H5Dcontig.c line 659 in H5D__contig_write(): contiguous write failed
    major: Dataset
    minor: Write failed
  #003: /scratch/spack_cpu/job_21700923/spack-stage/spack-stage-hdf5-1.10.7-xexa2gll6hf6okdatgrxiwhcjs2uepc7/spack-src/src/H5Dselect.c line 321 in H5D__select_write(): write error
    major: Dataspace
    minor: Write failed
  #004: /scratch/spack_cpu/job_21700923/spack-stage/spack-stage-hdf5-1.10.7-xexa2gll6hf6okdatgrxiwhcjs2uepc7/spack-src/src/H5Dselect.c line 230 in H5D__select_io(): write error
    major: Dataspace
    minor: Write failed
  #005: /scratch/spack_cpu/job_21700923/spack-stage/spack-stage-hdf5-1.10.7-xexa2gll6hf6okdatgrxiwhcjs2uepc7/spack-src/src/H5Dcontig.c line 1281 in H5D__contig_writevv(): can't perform vectorized sieve buffer write
    major: Dataset
    minor: Can't operate on object
  #006: /scratch/spack_cpu/job_21700923/spack-stage/spack-stage-hdf5-1.10.7-xexa2gll6hf6okdatgrxiwhcjs2uepc7/spack-src/src/H5VM.c line 1464 in H5VM_opvv(): can't perform operation
    major: Internal error (too specific to document in detail)
    minor: Can't operate on object
  #007: /scratch/spack_cpu/job_21700923/spack-stage/spack-stage-hdf5-1.10.7-xexa2gll6hf6okdatgrxiwhcjs2uepc7/spack-src/src/H5Dcontig.c line 1029 in H5D__contig_writevv_sieve_cb(): block write failed
    major: Dataset
    minor: Write failed
  #008: /scratch/spack_cpu/job_21700923/spack-stage/spack-stage-hdf5-1.10.7-xexa2gll6hf6okdatgrxiwhcjs2uepc7/spack-src/src/H5Fio.c line 161 in H5F_block_write(): write through page buffer failed
    major: Low-level I/O
    minor: Write failed
  #009: /scratch/spack_cpu/job_21700923/spack-stage/spack-stage-hdf5-1.10.7-xexa2gll6hf6okdatgrxiwhcjs2uepc7/spack-src/src/H5PB.c line 1032 in H5PB_write(): write through metadata accumulator failed
    major: Page Buffering
    minor: Write failed
  #010: /scratch/spack_cpu/job_21700923/spack-stage/spack-stage-hdf5-1.10.7-xexa2gll6hf6okdatgrxiwhcjs2uepc7/spack-src/src/H5Faccum.c line 824 in H5F__accum_write(): file write failed
    major: Low-level I/O
    minor: Write failed
  #011: /scratch/spack_cpu/job_21700923/spack-stage/spack-stage-hdf5-1.10.7-xexa2gll6hf6okdatgrxiwhcjs2uepc7/spack-src/src/H5FDint.c line 249 in H5FD_write(): driver write request failed
    major: Virtual File Layer
    minor: Write failed
  #012: /scratch/spack_cpu/job_21700923/spack-stage/spack-stage-hdf5-1.10.7-xexa2gll6hf6okdatgrxiwhcjs2uepc7/spack-src/src/H5FDsec2.c line 856 in H5FD__sec2_write(): file write failed: time = Wed Nov 19 09:19:20 2025
, filename = 'checkpoint.h5', file descriptor = 5, errno = 14, error message = 'Bad address', buf = 0x1555537c4000, total write size = 15969552, bytes this sub-write = 15969552, bytes actually written = 18446744073709551615, offset = 0
    major: Low-level I/O
    minor: Write failed
HDF5-DIAG: Error detected in HDF5 (1.10.7) thread 0:
  #000: /scratch/spack_cpu/job_21700923/spack-stage/spack-stage-hdf5-1.10.7-xexa2gll6hf6okdatgrxiwhcjs2uepc7/spack-src/src/H5Dio.c line 335 in H5Dwrite(): can't write data
    major: Dataset
    minor: Write failed
  #001: /scratch/spack_cpu/job_21700923/spack-stage/spack-stage-hdf5-1.10.7-xexa2gll6hf6okdatgrxiwhcjs2uepc7/spack-src/src/H5Dio.c line 813 in H5D__write(): can't write data
    major: Dataset
    minor: Write failed
  #002: /scratch/spack_cpu/job_21700923/spack-stage/spack-stage-hdf5-1.10.7-xexa2gll6hf6okdatgrxiwhcjs2uepc7/spack-src/src/H5Dcontig.c line 659 in H5D__contig_write(): contiguous write failed
    major: Dataset
    minor: Write failed
  #003: /scratch/spack_cpu/job_21700923/spack-stage/spack-stage-hdf5-1.10.7-xexa2gll6hf6okdatgrxiwhcjs2uepc7/spack-src/src/H5Dselect.c line 321 in H5D__select_write(): write error
    major: Dataspace
    minor: Write failed
  #004: /scratch/spack_cpu/job_21700923/spack-stage/spack-stage-hdf5-1.10.7-xexa2gll6hf6okdatgrxiwhcjs2uepc7/spack-src/src/H5Dselect.c line 230 in H5D__select_io(): write error
    major: Dataspace
    minor: Write failed
  #005: /scratch/spack_cpu/job_21700923/spack-stage/spack-stage-hdf5-1.10.7-xexa2gll6hf6okdatgrxiwhcjs2uepc7/spack-src/src/H5Dcontig.c line 1281 in H5D__contig_writevv(): can't perform vectorized sieve buffer write
    major: Dataset
    minor: Can't operate on object
  #006: /scratch/spack_cpu/job_21700923/spack-stage/spack-stage-hdf5-1.10.7-xexa2gll6hf6okdatgrxiwhcjs2uepc7/spack-src/src/H5VM.c line 1464 in H5VM_opvv(): can't perform operation
    major: Internal error (too specific to document in detail)
    minor: Can't operate on object
  #007: /scratch/spack_cpu/job_21700923/spack-stage/spack-stage-hdf5-1.10.7-xexa2gll6hf6okdatgrxiwhcjs2uepc7/spack-src/src/H5Dcontig.c line 1029 in H5D__contig_writevv_sieve_cb(): block write failed
    major: Dataset
    minor: Write failed
  #008: /scratch/spack_cpu/job_21700923/spack-stage/spack-stage-hdf5-1.10.7-xexa2gll6hf6okdatgrxiwhcjs2uepc7/spack-src/src/H5Fio.c line 161 in H5F_block_write(): write through page buffer failed
    major: Low-level I/O
    minor: Write failed
  #009: /scratch/spack_cpu/job_21700923/spack-stage/spack-stage-hdf5-1.10.7-xexa2gll6hf6okdatgrxiwhcjs2uepc7/spack-src/src/H5PB.c line 1032 in H5PB_write(): write through metadata accumulator failed
    major: Page Buffering
    minor: Write failed
  #010: /scratch/spack_cpu/job_21700923/spack-stage/spack-stage-hdf5-1.10.7-xexa2gll6hf6okdatgrxiwhcjs2uepc7/spack-src/src/H5Faccum.c line 824 in H5F__accum_write(): file write failed
    major: Low-level I/O
    minor: Write failed
  #011: /scratch/spack_cpu/job_21700923/spack-stage/spack-stage-hdf5-1.10.7-xexa2gll6hf6okdatgrxiwhcjs2uepc7/spack-src/src/H5FDint.c line 249 in H5FD_write(): driver write request failed
    major: Virtual File Layer
    minor: Write failed
  #012: /scratch/spack_cpu/job_21700923/spack-stage/spack-stage-hdf5-1.10.7-xexa2gll6hf6okdatgrxiwhcjs2uepc7/spack-src/src/H5FDsec2.c line 856 in H5FD__sec2_write(): file write failed: time = Wed Nov 19 09:19:59 2025
, filename = 'checkpoint.h5', file descriptor = 5, errno = 14, error message = 'Bad address', buf = 0x1555537c4000, total write size = 15969552, bytes this sub-write = 15969552, bytes actually written = 18446744073709551615, offset = 0
    major: Low-level I/O
    minor: Write failed
HDF5-DIAG: Error detected in HDF5 (1.10.7) thread 0:
  #000: /scratch/spack_cpu/job_21700923/spack-stage/spack-stage-hdf5-1.10.7-xexa2gll6hf6okdatgrxiwhcjs2uepc7/spack-src/src/H5Dio.c line 335 in H5Dwrite(): can't write data
    major: Dataset
    minor: Write failed
  #001: /scratch/spack_cpu/job_21700923/spack-stage/spack-stage-hdf5-1.10.7-xexa2gll6hf6okdatgrxiwhcjs2uepc7/spack-src/src/H5Dio.c line 813 in H5D__write(): can't write data
    major: Dataset
    minor: Write failed
  #002: /scratch/spack_cpu/job_21700923/spack-stage/spack-stage-hdf5-1.10.7-xexa2gll6hf6okdatgrxiwhcjs2uepc7/spack-src/src/H5Dcontig.c line 659 in H5D__contig_write(): contiguous write failed
    major: Dataset
    minor: Write failed
  #003: /scratch/spack_cpu/job_21700923/spack-stage/spack-stage-hdf5-1.10.7-xexa2gll6hf6okdatgrxiwhcjs2uepc7/spack-src/src/H5Dselect.c line 321 in H5D__select_write(): write error
    major: Dataspace
    minor: Write failed
  #004: /scratch/spack_cpu/job_21700923/spack-stage/spack-stage-hdf5-1.10.7-xexa2gll6hf6okdatgrxiwhcjs2uepc7/spack-src/src/H5Dselect.c line 230 in H5D__select_io(): write error
    major: Dataspace
    minor: Write failed
  #005: /scratch/spack_cpu/job_21700923/spack-stage/spack-stage-hdf5-1.10.7-xexa2gll6hf6okdatgrxiwhcjs2uepc7/spack-src/src/H5Dcontig.c line 1281 in H5D__contig_writevv(): can't perform vectorized sieve buffer write
    major: Dataset
    minor: Can't operate on object
  #006: /scratch/spack_cpu/job_21700923/spack-stage/spack-stage-hdf5-1.10.7-xexa2gll6hf6okdatgrxiwhcjs2uepc7/spack-src/src/H5VM.c line 1464 in H5VM_opvv(): can't perform operation
    major: Internal error (too specific to document in detail)
    minor: Can't operate on object
  #007: /scratch/spack_cpu/job_21700923/spack-stage/spack-stage-hdf5-1.10.7-xexa2gll6hf6okdatgrxiwhcjs2uepc7/spack-src/src/H5Dcontig.c line 1029 in H5D__contig_writevv_sieve_cb(): block write failed
    major: Dataset
    minor: Write failed
  #008: /scratch/spack_cpu/job_21700923/spack-stage/spack-stage-hdf5-1.10.7-xexa2gll6hf6okdatgrxiwhcjs2uepc7/spack-src/src/H5Fio.c line 161 in H5F_block_write(): write through page buffer failed
    major: Low-level I/O
    minor: Write failed
  #009: /scratch/spack_cpu/job_21700923/spack-stage/spack-stage-hdf5-1.10.7-xexa2gll6hf6okdatgrxiwhcjs2uepc7/spack-src/src/H5PB.c line 1032 in H5PB_write(): write through metadata accumulator failed
    major: Page Buffering
    minor: Write failed
  #010: /scratch/spack_cpu/job_21700923/spack-stage/spack-stage-hdf5-1.10.7-xexa2gll6hf6okdatgrxiwhcjs2uepc7/spack-src/src/H5Faccum.c line 824 in H5F__accum_write(): file write failed
    major: Low-level I/O
    minor: Write failed
  #011: /scratch/spack_cpu/job_21700923/spack-stage/spack-stage-hdf5-1.10.7-xexa2gll6hf6okdatgrxiwhcjs2uepc7/spack-src/src/H5FDint.c line 249 in H5FD_write(): driver write request failed
    major: Virtual File Layer
    minor: Write failed
  #012: /scratch/spack_cpu/job_21700923/spack-stage/spack-stage-hdf5-1.10.7-xexa2gll6hf6okdatgrxiwhcjs2uepc7/spack-src/src/H5FDsec2.c line 856 in H5FD__sec2_write(): file write failed: time = Wed Nov 19 09:20:37 2025
, filename = 'checkpoint.h5', file descriptor = 5, errno = 14, error message = 'Bad address', buf = 0x1555537c4000, total write size = 15969552, bytes this sub-write = 15969552, bytes actually written = 18446744073709551615, offset = 0
    major: Low-level I/O
    minor: Write failed
HDF5-DIAG: Error detected in HDF5 (1.10.7) thread 0:
  #000: /scratch/spack_cpu/job_21700923/spack-stage/spack-stage-hdf5-1.10.7-xexa2gll6hf6okdatgrxiwhcjs2uepc7/spack-src/src/H5Dio.c line 335 in H5Dwrite(): can't write data
    major: Dataset
    minor: Write failed
  #001: /scratch/spack_cpu/job_21700923/spack-stage/spack-stage-hdf5-1.10.7-xexa2gll6hf6okdatgrxiwhcjs2uepc7/spack-src/src/H5Dio.c line 813 in H5D__write(): can't write data
    major: Dataset
    minor: Write failed
  #002: /scratch/spack_cpu/job_21700923/spack-stage/spack-stage-hdf5-1.10.7-xexa2gll6hf6okdatgrxiwhcjs2uepc7/spack-src/src/H5Dcontig.c line 659 in H5D__contig_write(): contiguous write failed
    major: Dataset
    minor: Write failed
  #003: /scratch/spack_cpu/job_21700923/spack-stage/spack-stage-hdf5-1.10.7-xexa2gll6hf6okdatgrxiwhcjs2uepc7/spack-src/src/H5Dselect.c line 321 in H5D__select_write(): write error
    major: Dataspace
    minor: Write failed
  #004: /scratch/spack_cpu/job_21700923/spack-stage/spack-stage-hdf5-1.10.7-xexa2gll6hf6okdatgrxiwhcjs2uepc7/spack-src/src/H5Dselect.c line 230 in H5D__select_io(): write error
    major: Dataspace
    minor: Write failed
  #005: /scratch/spack_cpu/job_21700923/spack-stage/spack-stage-hdf5-1.10.7-xexa2gll6hf6okdatgrxiwhcjs2uepc7/spack-src/src/H5Dcontig.c line 1281 in H5D__contig_writevv(): can't perform vectorized sieve buffer write
    major: Dataset
    minor: Can't operate on object
  #006: /scratch/spack_cpu/job_21700923/spack-stage/spack-stage-hdf5-1.10.7-xexa2gll6hf6okdatgrxiwhcjs2uepc7/spack-src/src/H5VM.c line 1464 in H5VM_opvv(): can't perform operation
    major: Internal error (too specific to document in detail)
    minor: Can't operate on object
  #007: /scratch/spack_cpu/job_21700923/spack-stage/spack-stage-hdf5-1.10.7-xexa2gll6hf6okdatgrxiwhcjs2uepc7/spack-src/src/H5Dcontig.c line 1029 in H5D__contig_writevv_sieve_cb(): block write failed
    major: Dataset
    minor: Write failed
  #008: /scratch/spack_cpu/job_21700923/spack-stage/spack-stage-hdf5-1.10.7-xexa2gll6hf6okdatgrxiwhcjs2uepc7/spack-src/src/H5Fio.c line 161 in H5F_block_write(): write through page buffer failed
    major: Low-level I/O
    minor: Write failed
  #009: /scratch/spack_cpu/job_21700923/spack-stage/spack-stage-hdf5-1.10.7-xexa2gll6hf6okdatgrxiwhcjs2uepc7/spack-src/src/H5PB.c line 1032 in H5PB_write(): write through metadata accumulator failed
    major: Page Buffering
    minor: Write failed
  #010: /scratch/spack_cpu/job_21700923/spack-stage/spack-stage-hdf5-1.10.7-xexa2gll6hf6okdatgrxiwhcjs2uepc7/spack-src/src/H5Faccum.c line 824 in H5F__accum_write(): file write failed
    major: Low-level I/O
    minor: Write failed
  #011: /scratch/spack_cpu/job_21700923/spack-stage/spack-stage-hdf5-1.10.7-xexa2gll6hf6okdatgrxiwhcjs2uepc7/spack-src/src/H5FDint.c line 249 in H5FD_write(): driver write request failed
    major: Virtual File Layer
    minor: Write failed
  #012: /scratch/spack_cpu/job_21700923/spack-stage/spack-stage-hdf5-1.10.7-xexa2gll6hf6okdatgrxiwhcjs2uepc7/spack-src/src/H5FDsec2.c line 856 in H5FD__sec2_write(): file write failed: time = Wed Nov 19 09:21:17 2025
, filename = 'checkpoint.h5', file descriptor = 5, errno = 14, error message = 'Bad address', buf = 0x1555537c4000, total write size = 15969552, bytes this sub-write = 15969552, bytes actually written = 18446744073709551615, offset = 0
    major: Low-level I/O
    minor: Write failed
HDF5-DIAG: Error detected in HDF5 (1.10.7) thread 0:
  #000: /scratch/spack_cpu/job_21700923/spack-stage/spack-stage-hdf5-1.10.7-xexa2gll6hf6okdatgrxiwhcjs2uepc7/spack-src/src/H5Dio.c line 335 in H5Dwrite(): can't write data
    major: Dataset
    minor: Write failed
  #001: /scratch/spack_cpu/job_21700923/spack-stage/spack-stage-hdf5-1.10.7-xexa2gll6hf6okdatgrxiwhcjs2uepc7/spack-src/src/H5Dio.c line 813 in H5D__write(): can't write data
    major: Dataset
    minor: Write failed
  #002: /scratch/spack_cpu/job_21700923/spack-stage/spack-stage-hdf5-1.10.7-xexa2gll6hf6okdatgrxiwhcjs2uepc7/spack-src/src/H5Dcontig.c line 659 in H5D__contig_write(): contiguous write failed
    major: Dataset
    minor: Write failed
  #003: /scratch/spack_cpu/job_21700923/spack-stage/spack-stage-hdf5-1.10.7-xexa2gll6hf6okdatgrxiwhcjs2uepc7/spack-src/src/H5Dselect.c line 321 in H5D__select_write(): write error
    major: Dataspace
    minor: Write failed
  #004: /scratch/spack_cpu/job_21700923/spack-stage/spack-stage-hdf5-1.10.7-xexa2gll6hf6okdatgrxiwhcjs2uepc7/spack-src/src/H5Dselect.c line 230 in H5D__select_io(): write error
    major: Dataspace
    minor: Write failed
  #005: /scratch/spack_cpu/job_21700923/spack-stage/spack-stage-hdf5-1.10.7-xexa2gll6hf6okdatgrxiwhcjs2uepc7/spack-src/src/H5Dcontig.c line 1281 in H5D__contig_writevv(): can't perform vectorized sieve buffer write
    major: Dataset
    minor: Can't operate on object
  #006: /scratch/spack_cpu/job_21700923/spack-stage/spack-stage-hdf5-1.10.7-xexa2gll6hf6okdatgrxiwhcjs2uepc7/spack-src/src/H5VM.c line 1464 in H5VM_opvv(): can't perform operation
    major: Internal error (too specific to document in detail)
    minor: Can't operate on object
  #007: /scratch/spack_cpu/job_21700923/spack-stage/spack-stage-hdf5-1.10.7-xexa2gll6hf6okdatgrxiwhcjs2uepc7/spack-src/src/H5Dcontig.c line 1029 in H5D__contig_writevv_sieve_cb(): block write failed
    major: Dataset
    minor: Write failed
  #008: /scratch/spack_cpu/job_21700923/spack-stage/spack-stage-hdf5-1.10.7-xexa2gll6hf6okdatgrxiwhcjs2uepc7/spack-src/src/H5Fio.c line 161 in H5F_block_write(): write through page buffer failed
    major: Low-level I/O
    minor: Write failed
  #009: /scratch/spack_cpu/job_21700923/spack-stage/spack-stage-hdf5-1.10.7-xexa2gll6hf6okdatgrxiwhcjs2uepc7/spack-src/src/H5PB.c line 1032 in H5PB_write(): write through metadata accumulator failed
    major: Page Buffering
    minor: Write failed
  #010: /scratch/spack_cpu/job_21700923/spack-stage/spack-stage-hdf5-1.10.7-xexa2gll6hf6okdatgrxiwhcjs2uepc7/spack-src/src/H5Faccum.c line 824 in H5F__accum_write(): file write failed
    major: Low-level I/O
    minor: Write failed
  #011: /scratch/spack_cpu/job_21700923/spack-stage/spack-stage-hdf5-1.10.7-xexa2gll6hf6okdatgrxiwhcjs2uepc7/spack-src/src/H5FDint.c line 249 in H5FD_write(): driver write request failed
    major: Virtual File Layer
    minor: Write failed
  #012: /scratch/spack_cpu/job_21700923/spack-stage/spack-stage-hdf5-1.10.7-xexa2gll6hf6okdatgrxiwhcjs2uepc7/spack-src/src/H5FDsec2.c line 856 in H5FD__sec2_write(): file write failed: time = Wed Nov 19 09:21:55 2025
, filename = 'checkpoint.h5', file descriptor = 5, errno = 14, error message = 'Bad address', buf = 0x1555537c4000, total write size = 15969552, bytes this sub-write = 15969552, bytes actually written = 18446744073709551615, offset = 0
    major: Low-level I/O
    minor: Write failed
HDF5-DIAG: Error detected in HDF5 (1.10.7) thread 0:
  #000: /scratch/spack_cpu/job_21700923/spack-stage/spack-stage-hdf5-1.10.7-xexa2gll6hf6okdatgrxiwhcjs2uepc7/spack-src/src/H5Dio.c line 335 in H5Dwrite(): can't write data
    major: Dataset
    minor: Write failed
  #001: /scratch/spack_cpu/job_21700923/spack-stage/spack-stage-hdf5-1.10.7-xexa2gll6hf6okdatgrxiwhcjs2uepc7/spack-src/src/H5Dio.c line 813 in H5D__write(): can't write data
    major: Dataset
    minor: Write failed
  #002: /scratch/spack_cpu/job_21700923/spack-stage/spack-stage-hdf5-1.10.7-xexa2gll6hf6okdatgrxiwhcjs2uepc7/spack-src/src/H5Dcontig.c line 659 in H5D__contig_write(): contiguous write failed
    major: Dataset
    minor: Write failed
  #003: /scratch/spack_cpu/job_21700923/spack-stage/spack-stage-hdf5-1.10.7-xexa2gll6hf6okdatgrxiwhcjs2uepc7/spack-src/src/H5Dselect.c line 321 in H5D__select_write(): write error
    major: Dataspace
    minor: Write failed
  #004: /scratch/spack_cpu/job_21700923/spack-stage/spack-stage-hdf5-1.10.7-xexa2gll6hf6okdatgrxiwhcjs2uepc7/spack-src/src/H5Dselect.c line 230 in H5D__select_io(): write error
    major: Dataspace
    minor: Write failed
  #005: /scratch/spack_cpu/job_21700923/spack-stage/spack-stage-hdf5-1.10.7-xexa2gll6hf6okdatgrxiwhcjs2uepc7/spack-src/src/H5Dcontig.c line 1281 in H5D__contig_writevv(): can't perform vectorized sieve buffer write
    major: Dataset
    minor: Can't operate on object
  #006: /scratch/spack_cpu/job_21700923/spack-stage/spack-stage-hdf5-1.10.7-xexa2gll6hf6okdatgrxiwhcjs2uepc7/spack-src/src/H5VM.c line 1464 in H5VM_opvv(): can't perform operation
    major: Internal error (too specific to document in detail)
    minor: Can't operate on object
  #007: /scratch/spack_cpu/job_21700923/spack-stage/spack-stage-hdf5-1.10.7-xexa2gll6hf6okdatgrxiwhcjs2uepc7/spack-src/src/H5Dcontig.c line 1029 in H5D__contig_writevv_sieve_cb(): block write failed
    major: Dataset
    minor: Write failed
  #008: /scratch/spack_cpu/job_21700923/spack-stage/spack-stage-hdf5-1.10.7-xexa2gll6hf6okdatgrxiwhcjs2uepc7/spack-src/src/H5Fio.c line 161 in H5F_block_write(): write through page buffer failed
    major: Low-level I/O
    minor: Write failed
  #009: /scratch/spack_cpu/job_21700923/spack-stage/spack-stage-hdf5-1.10.7-xexa2gll6hf6okdatgrxiwhcjs2uepc7/spack-src/src/H5PB.c line 1032 in H5PB_write(): write through metadata accumulator failed
    major: Page Buffering
    minor: Write failed
  #010: /scratch/spack_cpu/job_21700923/spack-stage/spack-stage-hdf5-1.10.7-xexa2gll6hf6okdatgrxiwhcjs2uepc7/spack-src/src/H5Faccum.c line 824 in H5F__accum_write(): file write failed
    major: Low-level I/O
    minor: Write failed
  #011: /scratch/spack_cpu/job_21700923/spack-stage/spack-stage-hdf5-1.10.7-xexa2gll6hf6okdatgrxiwhcjs2uepc7/spack-src/src/H5FDint.c line 249 in H5FD_write(): driver write request failed
    major: Virtual File Layer
    minor: Write failed
  #012: /scratch/spack_cpu/job_21700923/spack-stage/spack-stage-hdf5-1.10.7-xexa2gll6hf6okdatgrxiwhcjs2uepc7/spack-src/src/H5FDsec2.c line 856 in H5FD__sec2_write(): file write failed: time = Wed Nov 19 09:22:34 2025
, filename = 'checkpoint.h5', file descriptor = 5, errno = 14, error message = 'Bad address', buf = 0x1555537c4000, total write size = 15969552, bytes this sub-write = 15969552, bytes actually written = 18446744073709551615, offset = 0
    major: Low-level I/O
    minor: Write failed
HDF5-DIAG: Error detected in HDF5 (1.10.7) thread 0:
  #000: /scratch/spack_cpu/job_21700923/spack-stage/spack-stage-hdf5-1.10.7-xexa2gll6hf6okdatgrxiwhcjs2uepc7/spack-src/src/H5Dio.c line 335 in H5Dwrite(): can't write data
    major: Dataset
    minor: Write failed
  #001: /scratch/spack_cpu/job_21700923/spack-stage/spack-stage-hdf5-1.10.7-xexa2gll6hf6okdatgrxiwhcjs2uepc7/spack-src/src/H5Dio.c line 813 in H5D__write(): can't write data
    major: Dataset
    minor: Write failed
  #002: /scratch/spack_cpu/job_21700923/spack-stage/spack-stage-hdf5-1.10.7-xexa2gll6hf6okdatgrxiwhcjs2uepc7/spack-src/src/H5Dcontig.c line 659 in H5D__contig_write(): contiguous write failed
    major: Dataset
    minor: Write failed
  #003: /scratch/spack_cpu/job_21700923/spack-stage/spack-stage-hdf5-1.10.7-xexa2gll6hf6okdatgrxiwhcjs2uepc7/spack-src/src/H5Dselect.c line 321 in H5D__select_write(): write error
    major: Dataspace
    minor: Write failed
  #004: /scratch/spack_cpu/job_21700923/spack-stage/spack-stage-hdf5-1.10.7-xexa2gll6hf6okdatgrxiwhcjs2uepc7/spack-src/src/H5Dselect.c line 230 in H5D__select_io(): write error
    major: Dataspace
    minor: Write failed
  #005: /scratch/spack_cpu/job_21700923/spack-stage/spack-stage-hdf5-1.10.7-xexa2gll6hf6okdatgrxiwhcjs2uepc7/spack-src/src/H5Dcontig.c line 1281 in H5D__contig_writevv(): can't perform vectorized sieve buffer write
    major: Dataset
    minor: Can't operate on object
  #006: /scratch/spack_cpu/job_21700923/spack-stage/spack-stage-hdf5-1.10.7-xexa2gll6hf6okdatgrxiwhcjs2uepc7/spack-src/src/H5VM.c line 1464 in H5VM_opvv(): can't perform operation
    major: Internal error (too specific to document in detail)
    minor: Can't operate on object
  #007: /scratch/spack_cpu/job_21700923/spack-stage/spack-stage-hdf5-1.10.7-xexa2gll6hf6okdatgrxiwhcjs2uepc7/spack-src/src/H5Dcontig.c line 1029 in H5D__contig_writevv_sieve_cb(): block write failed
    major: Dataset
    minor: Write failed
  #008: /scratch/spack_cpu/job_21700923/spack-stage/spack-stage-hdf5-1.10.7-xexa2gll6hf6okdatgrxiwhcjs2uepc7/spack-src/src/H5Fio.c line 161 in H5F_block_write(): write through page buffer failed
    major: Low-level I/O
    minor: Write failed
  #009: /scratch/spack_cpu/job_21700923/spack-stage/spack-stage-hdf5-1.10.7-xexa2gll6hf6okdatgrxiwhcjs2uepc7/spack-src/src/H5PB.c line 1032 in H5PB_write(): write through metadata accumulator failed
    major: Page Buffering
    minor: Write failed
  #010: /scratch/spack_cpu/job_21700923/spack-stage/spack-stage-hdf5-1.10.7-xexa2gll6hf6okdatgrxiwhcjs2uepc7/spack-src/src/H5Faccum.c line 824 in H5F__accum_write(): file write failed
    major: Low-level I/O
    minor: Write failed
  #011: /scratch/spack_cpu/job_21700923/spack-stage/spack-stage-hdf5-1.10.7-xexa2gll6hf6okdatgrxiwhcjs2uepc7/spack-src/src/H5FDint.c line 249 in H5FD_write(): driver write request failed
    major: Virtual File Layer
    minor: Write failed
  #012: /scratch/spack_cpu/job_21700923/spack-stage/spack-stage-hdf5-1.10.7-xexa2gll6hf6okdatgrxiwhcjs2uepc7/spack-src/src/H5FDsec2.c line 856 in H5FD__sec2_write(): file write failed: time = Wed Nov 19 09:23:11 2025
, filename = 'checkpoint.h5', file descriptor = 5, errno = 14, error message = 'Bad address', buf = 0x1555537c4000, total write size = 15969552, bytes this sub-write = 15969552, bytes actually written = 18446744073709551615, offset = 0
    major: Low-level I/O
    minor: Write failed
HDF5-DIAG: Error detected in HDF5 (1.10.7) thread 0:
  #000: /scratch/spack_cpu/job_21700923/spack-stage/spack-stage-hdf5-1.10.7-xexa2gll6hf6okdatgrxiwhcjs2uepc7/spack-src/src/H5Dio.c line 335 in H5Dwrite(): can't write data
    major: Dataset
    minor: Write failed
  #001: /scratch/spack_cpu/job_21700923/spack-stage/spack-stage-hdf5-1.10.7-xexa2gll6hf6okdatgrxiwhcjs2uepc7/spack-src/src/H5Dio.c line 813 in H5D__write(): can't write data
    major: Dataset
    minor: Write failed
  #002: /scratch/spack_cpu/job_21700923/spack-stage/spack-stage-hdf5-1.10.7-xexa2gll6hf6okdatgrxiwhcjs2uepc7/spack-src/src/H5Dcontig.c line 659 in H5D__contig_write(): contiguous write failed
    major: Dataset
    minor: Write failed
  #003: /scratch/spack_cpu/job_21700923/spack-stage/spack-stage-hdf5-1.10.7-xexa2gll6hf6okdatgrxiwhcjs2uepc7/spack-src/src/H5Dselect.c line 321 in H5D__select_write(): write error
    major: Dataspace
    minor: Write failed
  #004: /scratch/spack_cpu/job_21700923/spack-stage/spack-stage-hdf5-1.10.7-xexa2gll6hf6okdatgrxiwhcjs2uepc7/spack-src/src/H5Dselect.c line 230 in H5D__select_io(): write error
    major: Dataspace
    minor: Write failed
  #005: /scratch/spack_cpu/job_21700923/spack-stage/spack-stage-hdf5-1.10.7-xexa2gll6hf6okdatgrxiwhcjs2uepc7/spack-src/src/H5Dcontig.c line 1281 in H5D__contig_writevv(): can't perform vectorized sieve buffer write
    major: Dataset
    minor: Can't operate on object
  #006: /scratch/spack_cpu/job_21700923/spack-stage/spack-stage-hdf5-1.10.7-xexa2gll6hf6okdatgrxiwhcjs2uepc7/spack-src/src/H5VM.c line 1464 in H5VM_opvv(): can't perform operation
    major: Internal error (too specific to document in detail)
    minor: Can't operate on object
  #007: /scratch/spack_cpu/job_21700923/spack-stage/spack-stage-hdf5-1.10.7-xexa2gll6hf6okdatgrxiwhcjs2uepc7/spack-src/src/H5Dcontig.c line 1029 in H5D__contig_writevv_sieve_cb(): block write failed
    major: Dataset
    minor: Write failed
  #008: /scratch/spack_cpu/job_21700923/spack-stage/spack-stage-hdf5-1.10.7-xexa2gll6hf6okdatgrxiwhcjs2uepc7/spack-src/src/H5Fio.c line 161 in H5F_block_write(): write through page buffer failed
    major: Low-level I/O
    minor: Write failed
  #009: /scratch/spack_cpu/job_21700923/spack-stage/spack-stage-hdf5-1.10.7-xexa2gll6hf6okdatgrxiwhcjs2uepc7/spack-src/src/H5PB.c line 1032 in H5PB_write(): write through metadata accumulator failed
    major: Page Buffering
    minor: Write failed
  #010: /scratch/spack_cpu/job_21700923/spack-stage/spack-stage-hdf5-1.10.7-xexa2gll6hf6okdatgrxiwhcjs2uepc7/spack-src/src/H5Faccum.c line 824 in H5F__accum_write(): file write failed
    major: Low-level I/O
    minor: Write failed
  #011: /scratch/spack_cpu/job_21700923/spack-stage/spack-stage-hdf5-1.10.7-xexa2gll6hf6okdatgrxiwhcjs2uepc7/spack-src/src/H5FDint.c line 249 in H5FD_write(): driver write request failed
    major: Virtual File Layer
    minor: Write failed
  #012: /scratch/spack_cpu/job_21700923/spack-stage/spack-stage-hdf5-1.10.7-xexa2gll6hf6okdatgrxiwhcjs2uepc7/spack-src/src/H5FDsec2.c line 856 in H5FD__sec2_write(): file write failed: time = Wed Nov 19 09:23:50 2025
, filename = 'checkpoint.h5', file descriptor = 5, errno = 14, error message = 'Bad address', buf = 0x1555537c4000, total write size = 15969552, bytes this sub-write = 15969552, bytes actually written = 18446744073709551615, offset = 0
    major: Low-level I/O
    minor: Write failed
HDF5-DIAG: Error detected in HDF5 (1.10.7) thread 0:
  #000: /scratch/spack_cpu/job_21700923/spack-stage/spack-stage-hdf5-1.10.7-xexa2gll6hf6okdatgrxiwhcjs2uepc7/spack-src/src/H5Dio.c line 335 in H5Dwrite(): can't write data
    major: Dataset
    minor: Write failed
  #001: /scratch/spack_cpu/job_21700923/spack-stage/spack-stage-hdf5-1.10.7-xexa2gll6hf6okdatgrxiwhcjs2uepc7/spack-src/src/H5Dio.c line 813 in H5D__write(): can't write data
    major: Dataset
    minor: Write failed
  #002: /scratch/spack_cpu/job_21700923/spack-stage/spack-stage-hdf5-1.10.7-xexa2gll6hf6okdatgrxiwhcjs2uepc7/spack-src/src/H5Dcontig.c line 659 in H5D__contig_write(): contiguous write failed
    major: Dataset
    minor: Write failed
  #003: /scratch/spack_cpu/job_21700923/spack-stage/spack-stage-hdf5-1.10.7-xexa2gll6hf6okdatgrxiwhcjs2uepc7/spack-src/src/H5Dselect.c line 321 in H5D__select_write(): write error
    major: Dataspace
    minor: Write failed
  #004: /scratch/spack_cpu/job_21700923/spack-stage/spack-stage-hdf5-1.10.7-xexa2gll6hf6okdatgrxiwhcjs2uepc7/spack-src/src/H5Dselect.c line 230 in H5D__select_io(): write error
    major: Dataspace
    minor: Write failed
  #005: /scratch/spack_cpu/job_21700923/spack-stage/spack-stage-hdf5-1.10.7-xexa2gll6hf6okdatgrxiwhcjs2uepc7/spack-src/src/H5Dcontig.c line 1281 in H5D__contig_writevv(): can't perform vectorized sieve buffer write
    major: Dataset
    minor: Can't operate on object
  #006: /scratch/spack_cpu/job_21700923/spack-stage/spack-stage-hdf5-1.10.7-xexa2gll6hf6okdatgrxiwhcjs2uepc7/spack-src/src/H5VM.c line 1464 in H5VM_opvv(): can't perform operation
    major: Internal error (too specific to document in detail)
    minor: Can't operate on object
  #007: /scratch/spack_cpu/job_21700923/spack-stage/spack-stage-hdf5-1.10.7-xexa2gll6hf6okdatgrxiwhcjs2uepc7/spack-src/src/H5Dcontig.c line 1029 in H5D__contig_writevv_sieve_cb(): block write failed
    major: Dataset
    minor: Write failed
  #008: /scratch/spack_cpu/job_21700923/spack-stage/spack-stage-hdf5-1.10.7-xexa2gll6hf6okdatgrxiwhcjs2uepc7/spack-src/src/H5Fio.c line 161 in H5F_block_write(): write through page buffer failed
    major: Low-level I/O
    minor: Write failed
  #009: /scratch/spack_cpu/job_21700923/spack-stage/spack-stage-hdf5-1.10.7-xexa2gll6hf6okdatgrxiwhcjs2uepc7/spack-src/src/H5PB.c line 1032 in H5PB_write(): write through metadata accumulator failed
    major: Page Buffering
    minor: Write failed
  #010: /scratch/spack_cpu/job_21700923/spack-stage/spack-stage-hdf5-1.10.7-xexa2gll6hf6okdatgrxiwhcjs2uepc7/spack-src/src/H5Faccum.c line 824 in H5F__accum_write(): file write failed
    major: Low-level I/O
    minor: Write failed
  #011: /scratch/spack_cpu/job_21700923/spack-stage/spack-stage-hdf5-1.10.7-xexa2gll6hf6okdatgrxiwhcjs2uepc7/spack-src/src/H5FDint.c line 249 in H5FD_write(): driver write request failed
    major: Virtual File Layer
    minor: Write failed
  #012: /scratch/spack_cpu/job_21700923/spack-stage/spack-stage-hdf5-1.10.7-xexa2gll6hf6okdatgrxiwhcjs2uepc7/spack-src/src/H5FDsec2.c line 856 in H5FD__sec2_write(): file write failed: time = Wed Nov 19 09:24:29 2025
, filename = 'checkpoint.h5', file descriptor = 5, errno = 14, error message = 'Bad address', buf = 0x1555537c4000, total write size = 15969552, bytes this sub-write = 15969552, bytes actually written = 18446744073709551615, offset = 0
    major: Low-level I/O
    minor: Write failed
HDF5-DIAG: Error detected in HDF5 (1.10.7) thread 0:
  #000: /scratch/spack_cpu/job_21700923/spack-stage/spack-stage-hdf5-1.10.7-xexa2gll6hf6okdatgrxiwhcjs2uepc7/spack-src/src/H5Dio.c line 335 in H5Dwrite(): can't write data
    major: Dataset
    minor: Write failed
  #001: /scratch/spack_cpu/job_21700923/spack-stage/spack-stage-hdf5-1.10.7-xexa2gll6hf6okdatgrxiwhcjs2uepc7/spack-src/src/H5Dio.c line 813 in H5D__write(): can't write data
    major: Dataset
    minor: Write failed
  #002: /scratch/spack_cpu/job_21700923/spack-stage/spack-stage-hdf5-1.10.7-xexa2gll6hf6okdatgrxiwhcjs2uepc7/spack-src/src/H5Dcontig.c line 659 in H5D__contig_write(): contiguous write failed
    major: Dataset
    minor: Write failed
  #003: /scratch/spack_cpu/job_21700923/spack-stage/spack-stage-hdf5-1.10.7-xexa2gll6hf6okdatgrxiwhcjs2uepc7/spack-src/src/H5Dselect.c line 321 in H5D__select_write(): write error
    major: Dataspace
    minor: Write failed
  #004: /scratch/spack_cpu/job_21700923/spack-stage/spack-stage-hdf5-1.10.7-xexa2gll6hf6okdatgrxiwhcjs2uepc7/spack-src/src/H5Dselect.c line 230 in H5D__select_io(): write error
    major: Dataspace
    minor: Write failed
  #005: /scratch/spack_cpu/job_21700923/spack-stage/spack-stage-hdf5-1.10.7-xexa2gll6hf6okdatgrxiwhcjs2uepc7/spack-src/src/H5Dcontig.c line 1281 in H5D__contig_writevv(): can't perform vectorized sieve buffer write
    major: Dataset
    minor: Can't operate on object
  #006: /scratch/spack_cpu/job_21700923/spack-stage/spack-stage-hdf5-1.10.7-xexa2gll6hf6okdatgrxiwhcjs2uepc7/spack-src/src/H5VM.c line 1464 in H5VM_opvv(): can't perform operation
    major: Internal error (too specific to document in detail)
    minor: Can't operate on object
  #007: /scratch/spack_cpu/job_21700923/spack-stage/spack-stage-hdf5-1.10.7-xexa2gll6hf6okdatgrxiwhcjs2uepc7/spack-src/src/H5Dcontig.c line 1029 in H5D__contig_writevv_sieve_cb(): block write failed
    major: Dataset
    minor: Write failed
  #008: /scratch/spack_cpu/job_21700923/spack-stage/spack-stage-hdf5-1.10.7-xexa2gll6hf6okdatgrxiwhcjs2uepc7/spack-src/src/H5Fio.c line 161 in H5F_block_write(): write through page buffer failed
    major: Low-level I/O
    minor: Write failed
  #009: /scratch/spack_cpu/job_21700923/spack-stage/spack-stage-hdf5-1.10.7-xexa2gll6hf6okdatgrxiwhcjs2uepc7/spack-src/src/H5PB.c line 1032 in H5PB_write(): write through metadata accumulator failed
    major: Page Buffering
    minor: Write failed
  #010: /scratch/spack_cpu/job_21700923/spack-stage/spack-stage-hdf5-1.10.7-xexa2gll6hf6okdatgrxiwhcjs2uepc7/spack-src/src/H5Faccum.c line 824 in H5F__accum_write(): file write failed
    major: Low-level I/O
    minor: Write failed
  #011: /scratch/spack_cpu/job_21700923/spack-stage/spack-stage-hdf5-1.10.7-xexa2gll6hf6okdatgrxiwhcjs2uepc7/spack-src/src/H5FDint.c line 249 in H5FD_write(): driver write request failed
    major: Virtual File Layer
    minor: Write failed
  #012: /scratch/spack_cpu/job_21700923/spack-stage/spack-stage-hdf5-1.10.7-xexa2gll6hf6okdatgrxiwhcjs2uepc7/spack-src/src/H5FDsec2.c line 856 in H5FD__sec2_write(): file write failed: time = Wed Nov 19 09:25:08 2025
, filename = 'checkpoint.h5', file descriptor = 5, errno = 14, error message = 'Bad address', buf = 0x1555537c4000, total write size = 15969552, bytes this sub-write = 15969552, bytes actually written = 18446744073709551615, offset = 0
    major: Low-level I/O
    minor: Write failed
HDF5-DIAG: Error detected in HDF5 (1.10.7) thread 0:
  #000: /scratch/spack_cpu/job_21700923/spack-stage/spack-stage-hdf5-1.10.7-xexa2gll6hf6okdatgrxiwhcjs2uepc7/spack-src/src/H5Dio.c line 335 in H5Dwrite(): can't write data
    major: Dataset
    minor: Write failed
  #001: /scratch/spack_cpu/job_21700923/spack-stage/spack-stage-hdf5-1.10.7-xexa2gll6hf6okdatgrxiwhcjs2uepc7/spack-src/src/H5Dio.c line 813 in H5D__write(): can't write data
    major: Dataset
    minor: Write failed
  #002: /scratch/spack_cpu/job_21700923/spack-stage/spack-stage-hdf5-1.10.7-xexa2gll6hf6okdatgrxiwhcjs2uepc7/spack-src/src/H5Dcontig.c line 659 in H5D__contig_write(): contiguous write failed
    major: Dataset
    minor: Write failed
  #003: /scratch/spack_cpu/job_21700923/spack-stage/spack-stage-hdf5-1.10.7-xexa2gll6hf6okdatgrxiwhcjs2uepc7/spack-src/src/H5Dselect.c line 321 in H5D__select_write(): write error
    major: Dataspace
    minor: Write failed
  #004: /scratch/spack_cpu/job_21700923/spack-stage/spack-stage-hdf5-1.10.7-xexa2gll6hf6okdatgrxiwhcjs2uepc7/spack-src/src/H5Dselect.c line 230 in H5D__select_io(): write error
    major: Dataspace
    minor: Write failed
  #005: /scratch/spack_cpu/job_21700923/spack-stage/spack-stage-hdf5-1.10.7-xexa2gll6hf6okdatgrxiwhcjs2uepc7/spack-src/src/H5Dcontig.c line 1281 in H5D__contig_writevv(): can't perform vectorized sieve buffer write
    major: Dataset
    minor: Can't operate on object
  #006: /scratch/spack_cpu/job_21700923/spack-stage/spack-stage-hdf5-1.10.7-xexa2gll6hf6okdatgrxiwhcjs2uepc7/spack-src/src/H5VM.c line 1464 in H5VM_opvv(): can't perform operation
    major: Internal error (too specific to document in detail)
    minor: Can't operate on object
  #007: /scratch/spack_cpu/job_21700923/spack-stage/spack-stage-hdf5-1.10.7-xexa2gll6hf6okdatgrxiwhcjs2uepc7/spack-src/src/H5Dcontig.c line 1029 in H5D__contig_writevv_sieve_cb(): block write failed
    major: Dataset
    minor: Write failed
  #008: /scratch/spack_cpu/job_21700923/spack-stage/spack-stage-hdf5-1.10.7-xexa2gll6hf6okdatgrxiwhcjs2uepc7/spack-src/src/H5Fio.c line 161 in H5F_block_write(): write through page buffer failed
    major: Low-level I/O
    minor: Write failed
  #009: /scratch/spack_cpu/job_21700923/spack-stage/spack-stage-hdf5-1.10.7-xexa2gll6hf6okdatgrxiwhcjs2uepc7/spack-src/src/H5PB.c line 1032 in H5PB_write(): write through metadata accumulator failed
    major: Page Buffering
    minor: Write failed
  #010: /scratch/spack_cpu/job_21700923/spack-stage/spack-stage-hdf5-1.10.7-xexa2gll6hf6okdatgrxiwhcjs2uepc7/spack-src/src/H5Faccum.c line 824 in H5F__accum_write(): file write failed
    major: Low-level I/O
    minor: Write failed
  #011: /scratch/spack_cpu/job_21700923/spack-stage/spack-stage-hdf5-1.10.7-xexa2gll6hf6okdatgrxiwhcjs2uepc7/spack-src/src/H5FDint.c line 249 in H5FD_write(): driver write request failed
    major: Virtual File Layer
    minor: Write failed
  #012: /scratch/spack_cpu/job_21700923/spack-stage/spack-stage-hdf5-1.10.7-xexa2gll6hf6okdatgrxiwhcjs2uepc7/spack-src/src/H5FDsec2.c line 856 in H5FD__sec2_write(): file write failed: time = Wed Nov 19 09:25:47 2025
, filename = 'checkpoint.h5', file descriptor = 5, errno = 14, error message = 'Bad address', buf = 0x1555537c4000, total write size = 15969552, bytes this sub-write = 15969552, bytes actually written = 18446744073709551615, offset = 0
    major: Low-level I/O
    minor: Write failed
HDF5-DIAG: Error detected in HDF5 (1.10.7) thread 0:
  #000: /scratch/spack_cpu/job_21700923/spack-stage/spack-stage-hdf5-1.10.7-xexa2gll6hf6okdatgrxiwhcjs2uepc7/spack-src/src/H5Dio.c line 335 in H5Dwrite(): can't write data
    major: Dataset
    minor: Write failed
  #001: /scratch/spack_cpu/job_21700923/spack-stage/spack-stage-hdf5-1.10.7-xexa2gll6hf6okdatgrxiwhcjs2uepc7/spack-src/src/H5Dio.c line 813 in H5D__write(): can't write data
    major: Dataset
    minor: Write failed
  #002: /scratch/spack_cpu/job_21700923/spack-stage/spack-stage-hdf5-1.10.7-xexa2gll6hf6okdatgrxiwhcjs2uepc7/spack-src/src/H5Dcontig.c line 659 in H5D__contig_write(): contiguous write failed
    major: Dataset
    minor: Write failed
  #003: /scratch/spack_cpu/job_21700923/spack-stage/spack-stage-hdf5-1.10.7-xexa2gll6hf6okdatgrxiwhcjs2uepc7/spack-src/src/H5Dselect.c line 321 in H5D__select_write(): write error
    major: Dataspace
    minor: Write failed
  #004: /scratch/spack_cpu/job_21700923/spack-stage/spack-stage-hdf5-1.10.7-xexa2gll6hf6okdatgrxiwhcjs2uepc7/spack-src/src/H5Dselect.c line 230 in H5D__select_io(): write error
    major: Dataspace
    minor: Write failed
  #005: /scratch/spack_cpu/job_21700923/spack-stage/spack-stage-hdf5-1.10.7-xexa2gll6hf6okdatgrxiwhcjs2uepc7/spack-src/src/H5Dcontig.c line 1281 in H5D__contig_writevv(): can't perform vectorized sieve buffer write
    major: Dataset
    minor: Can't operate on object
  #006: /scratch/spack_cpu/job_21700923/spack-stage/spack-stage-hdf5-1.10.7-xexa2gll6hf6okdatgrxiwhcjs2uepc7/spack-src/src/H5VM.c line 1464 in H5VM_opvv(): can't perform operation
    major: Internal error (too specific to document in detail)
    minor: Can't operate on object
  #007: /scratch/spack_cpu/job_21700923/spack-stage/spack-stage-hdf5-1.10.7-xexa2gll6hf6okdatgrxiwhcjs2uepc7/spack-src/src/H5Dcontig.c line 1029 in H5D__contig_writevv_sieve_cb(): block write failed
    major: Dataset
    minor: Write failed
  #008: /scratch/spack_cpu/job_21700923/spack-stage/spack-stage-hdf5-1.10.7-xexa2gll6hf6okdatgrxiwhcjs2uepc7/spack-src/src/H5Fio.c line 161 in H5F_block_write(): write through page buffer failed
    major: Low-level I/O
    minor: Write failed
  #009: /scratch/spack_cpu/job_21700923/spack-stage/spack-stage-hdf5-1.10.7-xexa2gll6hf6okdatgrxiwhcjs2uepc7/spack-src/src/H5PB.c line 1032 in H5PB_write(): write through metadata accumulator failed
    major: Page Buffering
    minor: Write failed
  #010: /scratch/spack_cpu/job_21700923/spack-stage/spack-stage-hdf5-1.10.7-xexa2gll6hf6okdatgrxiwhcjs2uepc7/spack-src/src/H5Faccum.c line 824 in H5F__accum_write(): file write failed
    major: Low-level I/O
    minor: Write failed
  #011: /scratch/spack_cpu/job_21700923/spack-stage/spack-stage-hdf5-1.10.7-xexa2gll6hf6okdatgrxiwhcjs2uepc7/spack-src/src/H5FDint.c line 249 in H5FD_write(): driver write request failed
    major: Virtual File Layer
    minor: Write failed
  #012: /scratch/spack_cpu/job_21700923/spack-stage/spack-stage-hdf5-1.10.7-xexa2gll6hf6okdatgrxiwhcjs2uepc7/spack-src/src/H5FDsec2.c line 856 in H5FD__sec2_write(): file write failed: time = Wed Nov 19 09:26:26 2025
, filename = 'checkpoint.h5', file descriptor = 5, errno = 14, error message = 'Bad address', buf = 0x1555537c4000, total write size = 15969552, bytes this sub-write = 15969552, bytes actually written = 18446744073709551615, offset = 0
    major: Low-level I/O
    minor: Write failed
HDF5-DIAG: Error detected in HDF5 (1.10.7) thread 0:
  #000: /scratch/spack_cpu/job_21700923/spack-stage/spack-stage-hdf5-1.10.7-xexa2gll6hf6okdatgrxiwhcjs2uepc7/spack-src/src/H5Dio.c line 335 in H5Dwrite(): can't write data
    major: Dataset
    minor: Write failed
  #001: /scratch/spack_cpu/job_21700923/spack-stage/spack-stage-hdf5-1.10.7-xexa2gll6hf6okdatgrxiwhcjs2uepc7/spack-src/src/H5Dio.c line 813 in H5D__write(): can't write data
    major: Dataset
    minor: Write failed
  #002: /scratch/spack_cpu/job_21700923/spack-stage/spack-stage-hdf5-1.10.7-xexa2gll6hf6okdatgrxiwhcjs2uepc7/spack-src/src/H5Dcontig.c line 659 in H5D__contig_write(): contiguous write failed
    major: Dataset
    minor: Write failed
  #003: /scratch/spack_cpu/job_21700923/spack-stage/spack-stage-hdf5-1.10.7-xexa2gll6hf6okdatgrxiwhcjs2uepc7/spack-src/src/H5Dselect.c line 321 in H5D__select_write(): write error
    major: Dataspace
    minor: Write failed
  #004: /scratch/spack_cpu/job_21700923/spack-stage/spack-stage-hdf5-1.10.7-xexa2gll6hf6okdatgrxiwhcjs2uepc7/spack-src/src/H5Dselect.c line 230 in H5D__select_io(): write error
    major: Dataspace
    minor: Write failed
  #005: /scratch/spack_cpu/job_21700923/spack-stage/spack-stage-hdf5-1.10.7-xexa2gll6hf6okdatgrxiwhcjs2uepc7/spack-src/src/H5Dcontig.c line 1281 in H5D__contig_writevv(): can't perform vectorized sieve buffer write
    major: Dataset
    minor: Can't operate on object
  #006: /scratch/spack_cpu/job_21700923/spack-stage/spack-stage-hdf5-1.10.7-xexa2gll6hf6okdatgrxiwhcjs2uepc7/spack-src/src/H5VM.c line 1464 in H5VM_opvv(): can't perform operation
    major: Internal error (too specific to document in detail)
    minor: Can't operate on object
  #007: /scratch/spack_cpu/job_21700923/spack-stage/spack-stage-hdf5-1.10.7-xexa2gll6hf6okdatgrxiwhcjs2uepc7/spack-src/src/H5Dcontig.c line 1029 in H5D__contig_writevv_sieve_cb(): block write failed
    major: Dataset
    minor: Write failed
  #008: /scratch/spack_cpu/job_21700923/spack-stage/spack-stage-hdf5-1.10.7-xexa2gll6hf6okdatgrxiwhcjs2uepc7/spack-src/src/H5Fio.c line 161 in H5F_block_write(): write through page buffer failed
    major: Low-level I/O
    minor: Write failed
  #009: /scratch/spack_cpu/job_21700923/spack-stage/spack-stage-hdf5-1.10.7-xexa2gll6hf6okdatgrxiwhcjs2uepc7/spack-src/src/H5PB.c line 1032 in H5PB_write(): write through metadata accumulator failed
    major: Page Buffering
    minor: Write failed
  #010: /scratch/spack_cpu/job_21700923/spack-stage/spack-stage-hdf5-1.10.7-xexa2gll6hf6okdatgrxiwhcjs2uepc7/spack-src/src/H5Faccum.c line 824 in H5F__accum_write(): file write failed
    major: Low-level I/O
    minor: Write failed
  #011: /scratch/spack_cpu/job_21700923/spack-stage/spack-stage-hdf5-1.10.7-xexa2gll6hf6okdatgrxiwhcjs2uepc7/spack-src/src/H5FDint.c line 249 in H5FD_write(): driver write request failed
    major: Virtual File Layer
    minor: Write failed
  #012: /scratch/spack_cpu/job_21700923/spack-stage/spack-stage-hdf5-1.10.7-xexa2gll6hf6okdatgrxiwhcjs2uepc7/spack-src/src/H5FDsec2.c line 856 in H5FD__sec2_write(): file write failed: time = Wed Nov 19 09:27:04 2025
, filename = 'checkpoint.h5', file descriptor = 5, errno = 14, error message = 'Bad address', buf = 0x1555537c4000, total write size = 15969552, bytes this sub-write = 15969552, bytes actually written = 18446744073709551615, offset = 0
    major: Low-level I/O
    minor: Write failed
HDF5-DIAG: Error detected in HDF5 (1.10.7) thread 0:
  #000: /scratch/spack_cpu/job_21700923/spack-stage/spack-stage-hdf5-1.10.7-xexa2gll6hf6okdatgrxiwhcjs2uepc7/spack-src/src/H5Dio.c line 335 in H5Dwrite(): can't write data
    major: Dataset
    minor: Write failed
  #001: /scratch/spack_cpu/job_21700923/spack-stage/spack-stage-hdf5-1.10.7-xexa2gll6hf6okdatgrxiwhcjs2uepc7/spack-src/src/H5Dio.c line 813 in H5D__write(): can't write data
    major: Dataset
    minor: Write failed
  #002: /scratch/spack_cpu/job_21700923/spack-stage/spack-stage-hdf5-1.10.7-xexa2gll6hf6okdatgrxiwhcjs2uepc7/spack-src/src/H5Dcontig.c line 659 in H5D__contig_write(): contiguous write failed
    major: Dataset
    minor: Write failed
  #003: /scratch/spack_cpu/job_21700923/spack-stage/spack-stage-hdf5-1.10.7-xexa2gll6hf6okdatgrxiwhcjs2uepc7/spack-src/src/H5Dselect.c line 321 in H5D__select_write(): write error
    major: Dataspace
    minor: Write failed
  #004: /scratch/spack_cpu/job_21700923/spack-stage/spack-stage-hdf5-1.10.7-xexa2gll6hf6okdatgrxiwhcjs2uepc7/spack-src/src/H5Dselect.c line 230 in H5D__select_io(): write error
    major: Dataspace
    minor: Write failed
  #005: /scratch/spack_cpu/job_21700923/spack-stage/spack-stage-hdf5-1.10.7-xexa2gll6hf6okdatgrxiwhcjs2uepc7/spack-src/src/H5Dcontig.c line 1281 in H5D__contig_writevv(): can't perform vectorized sieve buffer write
    major: Dataset
    minor: Can't operate on object
  #006: /scratch/spack_cpu/job_21700923/spack-stage/spack-stage-hdf5-1.10.7-xexa2gll6hf6okdatgrxiwhcjs2uepc7/spack-src/src/H5VM.c line 1464 in H5VM_opvv(): can't perform operation
    major: Internal error (too specific to document in detail)
    minor: Can't operate on object
  #007: /scratch/spack_cpu/job_21700923/spack-stage/spack-stage-hdf5-1.10.7-xexa2gll6hf6okdatgrxiwhcjs2uepc7/spack-src/src/H5Dcontig.c line 1029 in H5D__contig_writevv_sieve_cb(): block write failed
    major: Dataset
    minor: Write failed
  #008: /scratch/spack_cpu/job_21700923/spack-stage/spack-stage-hdf5-1.10.7-xexa2gll6hf6okdatgrxiwhcjs2uepc7/spack-src/src/H5Fio.c line 161 in H5F_block_write(): write through page buffer failed
    major: Low-level I/O
    minor: Write failed
  #009: /scratch/spack_cpu/job_21700923/spack-stage/spack-stage-hdf5-1.10.7-xexa2gll6hf6okdatgrxiwhcjs2uepc7/spack-src/src/H5PB.c line 1032 in H5PB_write(): write through metadata accumulator failed
    major: Page Buffering
    minor: Write failed
  #010: /scratch/spack_cpu/job_21700923/spack-stage/spack-stage-hdf5-1.10.7-xexa2gll6hf6okdatgrxiwhcjs2uepc7/spack-src/src/H5Faccum.c line 824 in H5F__accum_write(): file write failed
    major: Low-level I/O
    minor: Write failed
  #011: /scratch/spack_cpu/job_21700923/spack-stage/spack-stage-hdf5-1.10.7-xexa2gll6hf6okdatgrxiwhcjs2uepc7/spack-src/src/H5FDint.c line 249 in H5FD_write(): driver write request failed
    major: Virtual File Layer
    minor: Write failed
  #012: /scratch/spack_cpu/job_21700923/spack-stage/spack-stage-hdf5-1.10.7-xexa2gll6hf6okdatgrxiwhcjs2uepc7/spack-src/src/H5FDsec2.c line 856 in H5FD__sec2_write(): file write failed: time = Wed Nov 19 09:27:42 2025
, filename = 'checkpoint.h5', file descriptor = 5, errno = 14, error message = 'Bad address', buf = 0x1555537c4000, total write size = 15969552, bytes this sub-write = 15969552, bytes actually written = 18446744073709551615, offset = 0
    major: Low-level I/O
    minor: Write failed
HDF5-DIAG: Error detected in HDF5 (1.10.7) thread 0:
  #000: /scratch/spack_cpu/job_21700923/spack-stage/spack-stage-hdf5-1.10.7-xexa2gll6hf6okdatgrxiwhcjs2uepc7/spack-src/src/H5Dio.c line 335 in H5Dwrite(): can't write data
    major: Dataset
    minor: Write failed
  #001: /scratch/spack_cpu/job_21700923/spack-stage/spack-stage-hdf5-1.10.7-xexa2gll6hf6okdatgrxiwhcjs2uepc7/spack-src/src/H5Dio.c line 813 in H5D__write(): can't write data
    major: Dataset
    minor: Write failed
  #002: /scratch/spack_cpu/job_21700923/spack-stage/spack-stage-hdf5-1.10.7-xexa2gll6hf6okdatgrxiwhcjs2uepc7/spack-src/src/H5Dcontig.c line 659 in H5D__contig_write(): contiguous write failed
    major: Dataset
    minor: Write failed
  #003: /scratch/spack_cpu/job_21700923/spack-stage/spack-stage-hdf5-1.10.7-xexa2gll6hf6okdatgrxiwhcjs2uepc7/spack-src/src/H5Dselect.c line 321 in H5D__select_write(): write error
    major: Dataspace
    minor: Write failed
  #004: /scratch/spack_cpu/job_21700923/spack-stage/spack-stage-hdf5-1.10.7-xexa2gll6hf6okdatgrxiwhcjs2uepc7/spack-src/src/H5Dselect.c line 230 in H5D__select_io(): write error
    major: Dataspace
    minor: Write failed
  #005: /scratch/spack_cpu/job_21700923/spack-stage/spack-stage-hdf5-1.10.7-xexa2gll6hf6okdatgrxiwhcjs2uepc7/spack-src/src/H5Dcontig.c line 1281 in H5D__contig_writevv(): can't perform vectorized sieve buffer write
    major: Dataset
    minor: Can't operate on object
  #006: /scratch/spack_cpu/job_21700923/spack-stage/spack-stage-hdf5-1.10.7-xexa2gll6hf6okdatgrxiwhcjs2uepc7/spack-src/src/H5VM.c line 1464 in H5VM_opvv(): can't perform operation
    major: Internal error (too specific to document in detail)
    minor: Can't operate on object
  #007: /scratch/spack_cpu/job_21700923/spack-stage/spack-stage-hdf5-1.10.7-xexa2gll6hf6okdatgrxiwhcjs2uepc7/spack-src/src/H5Dcontig.c line 1029 in H5D__contig_writevv_sieve_cb(): block write failed
    major: Dataset
    minor: Write failed
  #008: /scratch/spack_cpu/job_21700923/spack-stage/spack-stage-hdf5-1.10.7-xexa2gll6hf6okdatgrxiwhcjs2uepc7/spack-src/src/H5Fio.c line 161 in H5F_block_write(): write through page buffer failed
    major: Low-level I/O
    minor: Write failed
  #009: /scratch/spack_cpu/job_21700923/spack-stage/spack-stage-hdf5-1.10.7-xexa2gll6hf6okdatgrxiwhcjs2uepc7/spack-src/src/H5PB.c line 1032 in H5PB_write(): write through metadata accumulator failed
    major: Page Buffering
    minor: Write failed
  #010: /scratch/spack_cpu/job_21700923/spack-stage/spack-stage-hdf5-1.10.7-xexa2gll6hf6okdatgrxiwhcjs2uepc7/spack-src/src/H5Faccum.c line 824 in H5F__accum_write(): file write failed
    major: Low-level I/O
    minor: Write failed
  #011: /scratch/spack_cpu/job_21700923/spack-stage/spack-stage-hdf5-1.10.7-xexa2gll6hf6okdatgrxiwhcjs2uepc7/spack-src/src/H5FDint.c line 249 in H5FD_write(): driver write request failed
    major: Virtual File Layer
    minor: Write failed
  #012: /scratch/spack_cpu/job_21700923/spack-stage/spack-stage-hdf5-1.10.7-xexa2gll6hf6okdatgrxiwhcjs2uepc7/spack-src/src/H5FDsec2.c line 856 in H5FD__sec2_write(): file write failed: time = Wed Nov 19 09:28:21 2025
, filename = 'checkpoint.h5', file descriptor = 5, errno = 14, error message = 'Bad address', buf = 0x1555537c4000, total write size = 15969552, bytes this sub-write = 15969552, bytes actually written = 18446744073709551615, offset = 0
    major: Low-level I/O
    minor: Write failed
HDF5-DIAG: Error detected in HDF5 (1.10.7) thread 0:
  #000: /scratch/spack_cpu/job_21700923/spack-stage/spack-stage-hdf5-1.10.7-xexa2gll6hf6okdatgrxiwhcjs2uepc7/spack-src/src/H5Dio.c line 335 in H5Dwrite(): can't write data
    major: Dataset
    minor: Write failed
  #001: /scratch/spack_cpu/job_21700923/spack-stage/spack-stage-hdf5-1.10.7-xexa2gll6hf6okdatgrxiwhcjs2uepc7/spack-src/src/H5Dio.c line 813 in H5D__write(): can't write data
    major: Dataset
    minor: Write failed
  #002: /scratch/spack_cpu/job_21700923/spack-stage/spack-stage-hdf5-1.10.7-xexa2gll6hf6okdatgrxiwhcjs2uepc7/spack-src/src/H5Dcontig.c line 659 in H5D__contig_write(): contiguous write failed
    major: Dataset
    minor: Write failed
  #003: /scratch/spack_cpu/job_21700923/spack-stage/spack-stage-hdf5-1.10.7-xexa2gll6hf6okdatgrxiwhcjs2uepc7/spack-src/src/H5Dselect.c line 321 in H5D__select_write(): write error
    major: Dataspace
    minor: Write failed
  #004: /scratch/spack_cpu/job_21700923/spack-stage/spack-stage-hdf5-1.10.7-xexa2gll6hf6okdatgrxiwhcjs2uepc7/spack-src/src/H5Dselect.c line 230 in H5D__select_io(): write error
    major: Dataspace
    minor: Write failed
  #005: /scratch/spack_cpu/job_21700923/spack-stage/spack-stage-hdf5-1.10.7-xexa2gll6hf6okdatgrxiwhcjs2uepc7/spack-src/src/H5Dcontig.c line 1281 in H5D__contig_writevv(): can't perform vectorized sieve buffer write
    major: Dataset
    minor: Can't operate on object
  #006: /scratch/spack_cpu/job_21700923/spack-stage/spack-stage-hdf5-1.10.7-xexa2gll6hf6okdatgrxiwhcjs2uepc7/spack-src/src/H5VM.c line 1464 in H5VM_opvv(): can't perform operation
    major: Internal error (too specific to document in detail)
    minor: Can't operate on object
  #007: /scratch/spack_cpu/job_21700923/spack-stage/spack-stage-hdf5-1.10.7-xexa2gll6hf6okdatgrxiwhcjs2uepc7/spack-src/src/H5Dcontig.c line 1029 in H5D__contig_writevv_sieve_cb(): block write failed
    major: Dataset
    minor: Write failed
  #008: /scratch/spack_cpu/job_21700923/spack-stage/spack-stage-hdf5-1.10.7-xexa2gll6hf6okdatgrxiwhcjs2uepc7/spack-src/src/H5Fio.c line 161 in H5F_block_write(): write through page buffer failed
    major: Low-level I/O
    minor: Write failed
  #009: /scratch/spack_cpu/job_21700923/spack-stage/spack-stage-hdf5-1.10.7-xexa2gll6hf6okdatgrxiwhcjs2uepc7/spack-src/src/H5PB.c line 1032 in H5PB_write(): write through metadata accumulator failed
    major: Page Buffering
    minor: Write failed
  #010: /scratch/spack_cpu/job_21700923/spack-stage/spack-stage-hdf5-1.10.7-xexa2gll6hf6okdatgrxiwhcjs2uepc7/spack-src/src/H5Faccum.c line 824 in H5F__accum_write(): file write failed
    major: Low-level I/O
    minor: Write failed
  #011: /scratch/spack_cpu/job_21700923/spack-stage/spack-stage-hdf5-1.10.7-xexa2gll6hf6okdatgrxiwhcjs2uepc7/spack-src/src/H5FDint.c line 249 in H5FD_write(): driver write request failed
    major: Virtual File Layer
    minor: Write failed
  #012: /scratch/spack_cpu/job_21700923/spack-stage/spack-stage-hdf5-1.10.7-xexa2gll6hf6okdatgrxiwhcjs2uepc7/spack-src/src/H5FDsec2.c line 856 in H5FD__sec2_write(): file write failed: time = Wed Nov 19 09:28:59 2025
, filename = 'checkpoint.h5', file descriptor = 5, errno = 14, error message = 'Bad address', buf = 0x1555537c4000, total write size = 15969552, bytes this sub-write = 15969552, bytes actually written = 18446744073709551615, offset = 0
    major: Low-level I/O
    minor: Write failed
HDF5-DIAG: Error detected in HDF5 (1.10.7) thread 0:
  #000: /scratch/spack_cpu/job_21700923/spack-stage/spack-stage-hdf5-1.10.7-xexa2gll6hf6okdatgrxiwhcjs2uepc7/spack-src/src/H5Dio.c line 335 in H5Dwrite(): can't write data
    major: Dataset
    minor: Write failed
  #001: /scratch/spack_cpu/job_21700923/spack-stage/spack-stage-hdf5-1.10.7-xexa2gll6hf6okdatgrxiwhcjs2uepc7/spack-src/src/H5Dio.c line 813 in H5D__write(): can't write data
    major: Dataset
    minor: Write failed
  #002: /scratch/spack_cpu/job_21700923/spack-stage/spack-stage-hdf5-1.10.7-xexa2gll6hf6okdatgrxiwhcjs2uepc7/spack-src/src/H5Dcontig.c line 659 in H5D__contig_write(): contiguous write failed
    major: Dataset
    minor: Write failed
  #003: /scratch/spack_cpu/job_21700923/spack-stage/spack-stage-hdf5-1.10.7-xexa2gll6hf6okdatgrxiwhcjs2uepc7/spack-src/src/H5Dselect.c line 321 in H5D__select_write(): write error
    major: Dataspace
    minor: Write failed
  #004: /scratch/spack_cpu/job_21700923/spack-stage/spack-stage-hdf5-1.10.7-xexa2gll6hf6okdatgrxiwhcjs2uepc7/spack-src/src/H5Dselect.c line 230 in H5D__select_io(): write error
    major: Dataspace
    minor: Write failed
  #005: /scratch/spack_cpu/job_21700923/spack-stage/spack-stage-hdf5-1.10.7-xexa2gll6hf6okdatgrxiwhcjs2uepc7/spack-src/src/H5Dcontig.c line 1281 in H5D__contig_writevv(): can't perform vectorized sieve buffer write
    major: Dataset
    minor: Can't operate on object
  #006: /scratch/spack_cpu/job_21700923/spack-stage/spack-stage-hdf5-1.10.7-xexa2gll6hf6okdatgrxiwhcjs2uepc7/spack-src/src/H5VM.c line 1464 in H5VM_opvv(): can't perform operation
    major: Internal error (too specific to document in detail)
    minor: Can't operate on object
  #007: /scratch/spack_cpu/job_21700923/spack-stage/spack-stage-hdf5-1.10.7-xexa2gll6hf6okdatgrxiwhcjs2uepc7/spack-src/src/H5Dcontig.c line 1029 in H5D__contig_writevv_sieve_cb(): block write failed
    major: Dataset
    minor: Write failed
  #008: /scratch/spack_cpu/job_21700923/spack-stage/spack-stage-hdf5-1.10.7-xexa2gll6hf6okdatgrxiwhcjs2uepc7/spack-src/src/H5Fio.c line 161 in H5F_block_write(): write through page buffer failed
    major: Low-level I/O
    minor: Write failed
  #009: /scratch/spack_cpu/job_21700923/spack-stage/spack-stage-hdf5-1.10.7-xexa2gll6hf6okdatgrxiwhcjs2uepc7/spack-src/src/H5PB.c line 1032 in H5PB_write(): write through metadata accumulator failed
    major: Page Buffering
    minor: Write failed
  #010: /scratch/spack_cpu/job_21700923/spack-stage/spack-stage-hdf5-1.10.7-xexa2gll6hf6okdatgrxiwhcjs2uepc7/spack-src/src/H5Faccum.c line 824 in H5F__accum_write(): file write failed
    major: Low-level I/O
    minor: Write failed
  #011: /scratch/spack_cpu/job_21700923/spack-stage/spack-stage-hdf5-1.10.7-xexa2gll6hf6okdatgrxiwhcjs2uepc7/spack-src/src/H5FDint.c line 249 in H5FD_write(): driver write request failed
    major: Virtual File Layer
    minor: Write failed
  #012: /scratch/spack_cpu/job_21700923/spack-stage/spack-stage-hdf5-1.10.7-xexa2gll6hf6okdatgrxiwhcjs2uepc7/spack-src/src/H5FDsec2.c line 856 in H5FD__sec2_write(): file write failed: time = Wed Nov 19 09:29:37 2025
, filename = 'checkpoint.h5', file descriptor = 5, errno = 14, error message = 'Bad address', buf = 0x1555537c4000, total write size = 15969552, bytes this sub-write = 15969552, bytes actually written = 18446744073709551615, offset = 0
    major: Low-level I/O
    minor: Write failed
HDF5-DIAG: Error detected in HDF5 (1.10.7) thread 0:
  #000: /scratch/spack_cpu/job_21700923/spack-stage/spack-stage-hdf5-1.10.7-xexa2gll6hf6okdatgrxiwhcjs2uepc7/spack-src/src/H5Dio.c line 335 in H5Dwrite(): can't write data
    major: Dataset
    minor: Write failed
  #001: /scratch/spack_cpu/job_21700923/spack-stage/spack-stage-hdf5-1.10.7-xexa2gll6hf6okdatgrxiwhcjs2uepc7/spack-src/src/H5Dio.c line 813 in H5D__write(): can't write data
    major: Dataset
    minor: Write failed
  #002: /scratch/spack_cpu/job_21700923/spack-stage/spack-stage-hdf5-1.10.7-xexa2gll6hf6okdatgrxiwhcjs2uepc7/spack-src/src/H5Dcontig.c line 659 in H5D__contig_write(): contiguous write failed
    major: Dataset
    minor: Write failed
  #003: /scratch/spack_cpu/job_21700923/spack-stage/spack-stage-hdf5-1.10.7-xexa2gll6hf6okdatgrxiwhcjs2uepc7/spack-src/src/H5Dselect.c line 321 in H5D__select_write(): write error
    major: Dataspace
    minor: Write failed
  #004: /scratch/spack_cpu/job_21700923/spack-stage/spack-stage-hdf5-1.10.7-xexa2gll6hf6okdatgrxiwhcjs2uepc7/spack-src/src/H5Dselect.c line 230 in H5D__select_io(): write error
    major: Dataspace
    minor: Write failed
  #005: /scratch/spack_cpu/job_21700923/spack-stage/spack-stage-hdf5-1.10.7-xexa2gll6hf6okdatgrxiwhcjs2uepc7/spack-src/src/H5Dcontig.c line 1281 in H5D__contig_writevv(): can't perform vectorized sieve buffer write
    major: Dataset
    minor: Can't operate on object
  #006: /scratch/spack_cpu/job_21700923/spack-stage/spack-stage-hdf5-1.10.7-xexa2gll6hf6okdatgrxiwhcjs2uepc7/spack-src/src/H5VM.c line 1464 in H5VM_opvv(): can't perform operation
    major: Internal error (too specific to document in detail)
    minor: Can't operate on object
  #007: /scratch/spack_cpu/job_21700923/spack-stage/spack-stage-hdf5-1.10.7-xexa2gll6hf6okdatgrxiwhcjs2uepc7/spack-src/src/H5Dcontig.c line 1029 in H5D__contig_writevv_sieve_cb(): block write failed
    major: Dataset
    minor: Write failed
  #008: /scratch/spack_cpu/job_21700923/spack-stage/spack-stage-hdf5-1.10.7-xexa2gll6hf6okdatgrxiwhcjs2uepc7/spack-src/src/H5Fio.c line 161 in H5F_block_write(): write through page buffer failed
    major: Low-level I/O
    minor: Write failed
  #009: /scratch/spack_cpu/job_21700923/spack-stage/spack-stage-hdf5-1.10.7-xexa2gll6hf6okdatgrxiwhcjs2uepc7/spack-src/src/H5PB.c line 1032 in H5PB_write(): write through metadata accumulator failed
    major: Page Buffering
    minor: Write failed
  #010: /scratch/spack_cpu/job_21700923/spack-stage/spack-stage-hdf5-1.10.7-xexa2gll6hf6okdatgrxiwhcjs2uepc7/spack-src/src/H5Faccum.c line 824 in H5F__accum_write(): file write failed
    major: Low-level I/O
    minor: Write failed
  #011: /scratch/spack_cpu/job_21700923/spack-stage/spack-stage-hdf5-1.10.7-xexa2gll6hf6okdatgrxiwhcjs2uepc7/spack-src/src/H5FDint.c line 249 in H5FD_write(): driver write request failed
    major: Virtual File Layer
    minor: Write failed
  #012: /scratch/spack_cpu/job_21700923/spack-stage/spack-stage-hdf5-1.10.7-xexa2gll6hf6okdatgrxiwhcjs2uepc7/spack-src/src/H5FDsec2.c line 856 in H5FD__sec2_write(): file write failed: time = Wed Nov 19 09:30:16 2025
, filename = 'checkpoint.h5', file descriptor = 5, errno = 14, error message = 'Bad address', buf = 0x1555537c4000, total write size = 15969552, bytes this sub-write = 15969552, bytes actually written = 18446744073709551615, offset = 0
    major: Low-level I/O
    minor: Write failed
HDF5-DIAG: Error detected in HDF5 (1.10.7) thread 0:
  #000: /scratch/spack_cpu/job_21700923/spack-stage/spack-stage-hdf5-1.10.7-xexa2gll6hf6okdatgrxiwhcjs2uepc7/spack-src/src/H5Dio.c line 335 in H5Dwrite(): can't write data
    major: Dataset
    minor: Write failed
  #001: /scratch/spack_cpu/job_21700923/spack-stage/spack-stage-hdf5-1.10.7-xexa2gll6hf6okdatgrxiwhcjs2uepc7/spack-src/src/H5Dio.c line 813 in H5D__write(): can't write data
    major: Dataset
    minor: Write failed
  #002: /scratch/spack_cpu/job_21700923/spack-stage/spack-stage-hdf5-1.10.7-xexa2gll6hf6okdatgrxiwhcjs2uepc7/spack-src/src/H5Dcontig.c line 659 in H5D__contig_write(): contiguous write failed
    major: Dataset
    minor: Write failed
  #003: /scratch/spack_cpu/job_21700923/spack-stage/spack-stage-hdf5-1.10.7-xexa2gll6hf6okdatgrxiwhcjs2uepc7/spack-src/src/H5Dselect.c line 321 in H5D__select_write(): write error
    major: Dataspace
    minor: Write failed
  #004: /scratch/spack_cpu/job_21700923/spack-stage/spack-stage-hdf5-1.10.7-xexa2gll6hf6okdatgrxiwhcjs2uepc7/spack-src/src/H5Dselect.c line 230 in H5D__select_io(): write error
    major: Dataspace
    minor: Write failed
  #005: /scratch/spack_cpu/job_21700923/spack-stage/spack-stage-hdf5-1.10.7-xexa2gll6hf6okdatgrxiwhcjs2uepc7/spack-src/src/H5Dcontig.c line 1281 in H5D__contig_writevv(): can't perform vectorized sieve buffer write
    major: Dataset
    minor: Can't operate on object
  #006: /scratch/spack_cpu/job_21700923/spack-stage/spack-stage-hdf5-1.10.7-xexa2gll6hf6okdatgrxiwhcjs2uepc7/spack-src/src/H5VM.c line 1464 in H5VM_opvv(): can't perform operation
    major: Internal error (too specific to document in detail)
    minor: Can't operate on object
  #007: /scratch/spack_cpu/job_21700923/spack-stage/spack-stage-hdf5-1.10.7-xexa2gll6hf6okdatgrxiwhcjs2uepc7/spack-src/src/H5Dcontig.c line 1029 in H5D__contig_writevv_sieve_cb(): block write failed
    major: Dataset
    minor: Write failed
  #008: /scratch/spack_cpu/job_21700923/spack-stage/spack-stage-hdf5-1.10.7-xexa2gll6hf6okdatgrxiwhcjs2uepc7/spack-src/src/H5Fio.c line 161 in H5F_block_write(): write through page buffer failed
    major: Low-level I/O
    minor: Write failed
  #009: /scratch/spack_cpu/job_21700923/spack-stage/spack-stage-hdf5-1.10.7-xexa2gll6hf6okdatgrxiwhcjs2uepc7/spack-src/src/H5PB.c line 1032 in H5PB_write(): write through metadata accumulator failed
    major: Page Buffering
    minor: Write failed
  #010: /scratch/spack_cpu/job_21700923/spack-stage/spack-stage-hdf5-1.10.7-xexa2gll6hf6okdatgrxiwhcjs2uepc7/spack-src/src/H5Faccum.c line 824 in H5F__accum_write(): file write failed
    major: Low-level I/O
    minor: Write failed
  #011: /scratch/spack_cpu/job_21700923/spack-stage/spack-stage-hdf5-1.10.7-xexa2gll6hf6okdatgrxiwhcjs2uepc7/spack-src/src/H5FDint.c line 249 in H5FD_write(): driver write request failed
    major: Virtual File Layer
    minor: Write failed
  #012: /scratch/spack_cpu/job_21700923/spack-stage/spack-stage-hdf5-1.10.7-xexa2gll6hf6okdatgrxiwhcjs2uepc7/spack-src/src/H5FDsec2.c line 856 in H5FD__sec2_write(): file write failed: time = Wed Nov 19 09:30:54 2025
, filename = 'checkpoint.h5', file descriptor = 5, errno = 14, error message = 'Bad address', buf = 0x1555537c4000, total write size = 15969552, bytes this sub-write = 15969552, bytes actually written = 18446744073709551615, offset = 0
    major: Low-level I/O
    minor: Write failed
HDF5-DIAG: Error detected in HDF5 (1.10.7) thread 0:
  #000: /scratch/spack_cpu/job_21700923/spack-stage/spack-stage-hdf5-1.10.7-xexa2gll6hf6okdatgrxiwhcjs2uepc7/spack-src/src/H5Dio.c line 335 in H5Dwrite(): can't write data
    major: Dataset
    minor: Write failed
  #001: /scratch/spack_cpu/job_21700923/spack-stage/spack-stage-hdf5-1.10.7-xexa2gll6hf6okdatgrxiwhcjs2uepc7/spack-src/src/H5Dio.c line 813 in H5D__write(): can't write data
    major: Dataset
    minor: Write failed
  #002: /scratch/spack_cpu/job_21700923/spack-stage/spack-stage-hdf5-1.10.7-xexa2gll6hf6okdatgrxiwhcjs2uepc7/spack-src/src/H5Dcontig.c line 659 in H5D__contig_write(): contiguous write failed
    major: Dataset
    minor: Write failed
  #003: /scratch/spack_cpu/job_21700923/spack-stage/spack-stage-hdf5-1.10.7-xexa2gll6hf6okdatgrxiwhcjs2uepc7/spack-src/src/H5Dselect.c line 321 in H5D__select_write(): write error
    major: Dataspace
    minor: Write failed
  #004: /scratch/spack_cpu/job_21700923/spack-stage/spack-stage-hdf5-1.10.7-xexa2gll6hf6okdatgrxiwhcjs2uepc7/spack-src/src/H5Dselect.c line 230 in H5D__select_io(): write error
    major: Dataspace
    minor: Write failed
  #005: /scratch/spack_cpu/job_21700923/spack-stage/spack-stage-hdf5-1.10.7-xexa2gll6hf6okdatgrxiwhcjs2uepc7/spack-src/src/H5Dcontig.c line 1281 in H5D__contig_writevv(): can't perform vectorized sieve buffer write
    major: Dataset
    minor: Can't operate on object
  #006: /scratch/spack_cpu/job_21700923/spack-stage/spack-stage-hdf5-1.10.7-xexa2gll6hf6okdatgrxiwhcjs2uepc7/spack-src/src/H5VM.c line 1464 in H5VM_opvv(): can't perform operation
    major: Internal error (too specific to document in detail)
    minor: Can't operate on object
  #007: /scratch/spack_cpu/job_21700923/spack-stage/spack-stage-hdf5-1.10.7-xexa2gll6hf6okdatgrxiwhcjs2uepc7/spack-src/src/H5Dcontig.c line 1029 in H5D__contig_writevv_sieve_cb(): block write failed
    major: Dataset
    minor: Write failed
  #008: /scratch/spack_cpu/job_21700923/spack-stage/spack-stage-hdf5-1.10.7-xexa2gll6hf6okdatgrxiwhcjs2uepc7/spack-src/src/H5Fio.c line 161 in H5F_block_write(): write through page buffer failed
    major: Low-level I/O
    minor: Write failed
  #009: /scratch/spack_cpu/job_21700923/spack-stage/spack-stage-hdf5-1.10.7-xexa2gll6hf6okdatgrxiwhcjs2uepc7/spack-src/src/H5PB.c line 1032 in H5PB_write(): write through metadata accumulator failed
    major: Page Buffering
    minor: Write failed
  #010: /scratch/spack_cpu/job_21700923/spack-stage/spack-stage-hdf5-1.10.7-xexa2gll6hf6okdatgrxiwhcjs2uepc7/spack-src/src/H5Faccum.c line 824 in H5F__accum_write(): file write failed
    major: Low-level I/O
    minor: Write failed
  #011: /scratch/spack_cpu/job_21700923/spack-stage/spack-stage-hdf5-1.10.7-xexa2gll6hf6okdatgrxiwhcjs2uepc7/spack-src/src/H5FDint.c line 249 in H5FD_write(): driver write request failed
    major: Virtual File Layer
    minor: Write failed
  #012: /scratch/spack_cpu/job_21700923/spack-stage/spack-stage-hdf5-1.10.7-xexa2gll6hf6okdatgrxiwhcjs2uepc7/spack-src/src/H5FDsec2.c line 856 in H5FD__sec2_write(): file write failed: time = Wed Nov 19 09:31:33 2025
, filename = 'checkpoint.h5', file descriptor = 5, errno = 14, error message = 'Bad address', buf = 0x1555537c4000, total write size = 15969552, bytes this sub-write = 15969552, bytes actually written = 18446744073709551615, offset = 0
    major: Low-level I/O
    minor: Write failed
HDF5-DIAG: Error detected in HDF5 (1.10.7) thread 0:
  #000: /scratch/spack_cpu/job_21700923/spack-stage/spack-stage-hdf5-1.10.7-xexa2gll6hf6okdatgrxiwhcjs2uepc7/spack-src/src/H5Dio.c line 335 in H5Dwrite(): can't write data
    major: Dataset
    minor: Write failed
  #001: /scratch/spack_cpu/job_21700923/spack-stage/spack-stage-hdf5-1.10.7-xexa2gll6hf6okdatgrxiwhcjs2uepc7/spack-src/src/H5Dio.c line 813 in H5D__write(): can't write data
    major: Dataset
    minor: Write failed
  #002: /scratch/spack_cpu/job_21700923/spack-stage/spack-stage-hdf5-1.10.7-xexa2gll6hf6okdatgrxiwhcjs2uepc7/spack-src/src/H5Dcontig.c line 659 in H5D__contig_write(): contiguous write failed
    major: Dataset
    minor: Write failed
  #003: /scratch/spack_cpu/job_21700923/spack-stage/spack-stage-hdf5-1.10.7-xexa2gll6hf6okdatgrxiwhcjs2uepc7/spack-src/src/H5Dselect.c line 321 in H5D__select_write(): write error
    major: Dataspace
    minor: Write failed
  #004: /scratch/spack_cpu/job_21700923/spack-stage/spack-stage-hdf5-1.10.7-xexa2gll6hf6okdatgrxiwhcjs2uepc7/spack-src/src/H5Dselect.c line 230 in H5D__select_io(): write error
    major: Dataspace
    minor: Write failed
  #005: /scratch/spack_cpu/job_21700923/spack-stage/spack-stage-hdf5-1.10.7-xexa2gll6hf6okdatgrxiwhcjs2uepc7/spack-src/src/H5Dcontig.c line 1281 in H5D__contig_writevv(): can't perform vectorized sieve buffer write
    major: Dataset
    minor: Can't operate on object
  #006: /scratch/spack_cpu/job_21700923/spack-stage/spack-stage-hdf5-1.10.7-xexa2gll6hf6okdatgrxiwhcjs2uepc7/spack-src/src/H5VM.c line 1464 in H5VM_opvv(): can't perform operation
    major: Internal error (too specific to document in detail)
    minor: Can't operate on object
  #007: /scratch/spack_cpu/job_21700923/spack-stage/spack-stage-hdf5-1.10.7-xexa2gll6hf6okdatgrxiwhcjs2uepc7/spack-src/src/H5Dcontig.c line 1029 in H5D__contig_writevv_sieve_cb(): block write failed
    major: Dataset
    minor: Write failed
  #008: /scratch/spack_cpu/job_21700923/spack-stage/spack-stage-hdf5-1.10.7-xexa2gll6hf6okdatgrxiwhcjs2uepc7/spack-src/src/H5Fio.c line 161 in H5F_block_write(): write through page buffer failed
    major: Low-level I/O
    minor: Write failed
  #009: /scratch/spack_cpu/job_21700923/spack-stage/spack-stage-hdf5-1.10.7-xexa2gll6hf6okdatgrxiwhcjs2uepc7/spack-src/src/H5PB.c line 1032 in H5PB_write(): write through metadata accumulator failed
    major: Page Buffering
    minor: Write failed
  #010: /scratch/spack_cpu/job_21700923/spack-stage/spack-stage-hdf5-1.10.7-xexa2gll6hf6okdatgrxiwhcjs2uepc7/spack-src/src/H5Faccum.c line 824 in H5F__accum_write(): file write failed
    major: Low-level I/O
    minor: Write failed
  #011: /scratch/spack_cpu/job_21700923/spack-stage/spack-stage-hdf5-1.10.7-xexa2gll6hf6okdatgrxiwhcjs2uepc7/spack-src/src/H5FDint.c line 249 in H5FD_write(): driver write request failed
    major: Virtual File Layer
    minor: Write failed
  #012: /scratch/spack_cpu/job_21700923/spack-stage/spack-stage-hdf5-1.10.7-xexa2gll6hf6okdatgrxiwhcjs2uepc7/spack-src/src/H5FDsec2.c line 856 in H5FD__sec2_write(): file write failed: time = Wed Nov 19 09:32:10 2025
, filename = 'checkpoint.h5', file descriptor = 5, errno = 14, error message = 'Bad address', buf = 0x1555537c4000, total write size = 15969552, bytes this sub-write = 15969552, bytes actually written = 18446744073709551615, offset = 0
    major: Low-level I/O
    minor: Write failed
HDF5-DIAG: Error detected in HDF5 (1.10.7) thread 0:
  #000: /scratch/spack_cpu/job_21700923/spack-stage/spack-stage-hdf5-1.10.7-xexa2gll6hf6okdatgrxiwhcjs2uepc7/spack-src/src/H5Dio.c line 335 in H5Dwrite(): can't write data
    major: Dataset
    minor: Write failed
  #001: /scratch/spack_cpu/job_21700923/spack-stage/spack-stage-hdf5-1.10.7-xexa2gll6hf6okdatgrxiwhcjs2uepc7/spack-src/src/H5Dio.c line 813 in H5D__write(): can't write data
    major: Dataset
    minor: Write failed
  #002: /scratch/spack_cpu/job_21700923/spack-stage/spack-stage-hdf5-1.10.7-xexa2gll6hf6okdatgrxiwhcjs2uepc7/spack-src/src/H5Dcontig.c line 659 in H5D__contig_write(): contiguous write failed
    major: Dataset
    minor: Write failed
  #003: /scratch/spack_cpu/job_21700923/spack-stage/spack-stage-hdf5-1.10.7-xexa2gll6hf6okdatgrxiwhcjs2uepc7/spack-src/src/H5Dselect.c line 321 in H5D__select_write(): write error
    major: Dataspace
    minor: Write failed
  #004: /scratch/spack_cpu/job_21700923/spack-stage/spack-stage-hdf5-1.10.7-xexa2gll6hf6okdatgrxiwhcjs2uepc7/spack-src/src/H5Dselect.c line 230 in H5D__select_io(): write error
    major: Dataspace
    minor: Write failed
  #005: /scratch/spack_cpu/job_21700923/spack-stage/spack-stage-hdf5-1.10.7-xexa2gll6hf6okdatgrxiwhcjs2uepc7/spack-src/src/H5Dcontig.c line 1281 in H5D__contig_writevv(): can't perform vectorized sieve buffer write
    major: Dataset
    minor: Can't operate on object
  #006: /scratch/spack_cpu/job_21700923/spack-stage/spack-stage-hdf5-1.10.7-xexa2gll6hf6okdatgrxiwhcjs2uepc7/spack-src/src/H5VM.c line 1464 in H5VM_opvv(): can't perform operation
    major: Internal error (too specific to document in detail)
    minor: Can't operate on object
  #007: /scratch/spack_cpu/job_21700923/spack-stage/spack-stage-hdf5-1.10.7-xexa2gll6hf6okdatgrxiwhcjs2uepc7/spack-src/src/H5Dcontig.c line 1029 in H5D__contig_writevv_sieve_cb(): block write failed
    major: Dataset
    minor: Write failed
  #008: /scratch/spack_cpu/job_21700923/spack-stage/spack-stage-hdf5-1.10.7-xexa2gll6hf6okdatgrxiwhcjs2uepc7/spack-src/src/H5Fio.c line 161 in H5F_block_write(): write through page buffer failed
    major: Low-level I/O
    minor: Write failed
  #009: /scratch/spack_cpu/job_21700923/spack-stage/spack-stage-hdf5-1.10.7-xexa2gll6hf6okdatgrxiwhcjs2uepc7/spack-src/src/H5PB.c line 1032 in H5PB_write(): write through metadata accumulator failed
    major: Page Buffering
    minor: Write failed
  #010: /scratch/spack_cpu/job_21700923/spack-stage/spack-stage-hdf5-1.10.7-xexa2gll6hf6okdatgrxiwhcjs2uepc7/spack-src/src/H5Faccum.c line 824 in H5F__accum_write(): file write failed
    major: Low-level I/O
    minor: Write failed
  #011: /scratch/spack_cpu/job_21700923/spack-stage/spack-stage-hdf5-1.10.7-xexa2gll6hf6okdatgrxiwhcjs2uepc7/spack-src/src/H5FDint.c line 249 in H5FD_write(): driver write request failed
    major: Virtual File Layer
    minor: Write failed
  #012: /scratch/spack_cpu/job_21700923/spack-stage/spack-stage-hdf5-1.10.7-xexa2gll6hf6okdatgrxiwhcjs2uepc7/spack-src/src/H5FDsec2.c line 856 in H5FD__sec2_write(): file write failed: time = Wed Nov 19 09:32:48 2025
, filename = 'checkpoint.h5', file descriptor = 5, errno = 14, error message = 'Bad address', buf = 0x1555537c4000, total write size = 15969552, bytes this sub-write = 15969552, bytes actually written = 18446744073709551615, offset = 0
    major: Low-level I/O
    minor: Write failed
HDF5-DIAG: Error detected in HDF5 (1.10.7) thread 0:
  #000: /scratch/spack_cpu/job_21700923/spack-stage/spack-stage-hdf5-1.10.7-xexa2gll6hf6okdatgrxiwhcjs2uepc7/spack-src/src/H5Dio.c line 335 in H5Dwrite(): can't write data
    major: Dataset
    minor: Write failed
  #001: /scratch/spack_cpu/job_21700923/spack-stage/spack-stage-hdf5-1.10.7-xexa2gll6hf6okdatgrxiwhcjs2uepc7/spack-src/src/H5Dio.c line 813 in H5D__write(): can't write data
    major: Dataset
    minor: Write failed
  #002: /scratch/spack_cpu/job_21700923/spack-stage/spack-stage-hdf5-1.10.7-xexa2gll6hf6okdatgrxiwhcjs2uepc7/spack-src/src/H5Dcontig.c line 659 in H5D__contig_write(): contiguous write failed
    major: Dataset
    minor: Write failed
  #003: /scratch/spack_cpu/job_21700923/spack-stage/spack-stage-hdf5-1.10.7-xexa2gll6hf6okdatgrxiwhcjs2uepc7/spack-src/src/H5Dselect.c line 321 in H5D__select_write(): write error
    major: Dataspace
    minor: Write failed
  #004: /scratch/spack_cpu/job_21700923/spack-stage/spack-stage-hdf5-1.10.7-xexa2gll6hf6okdatgrxiwhcjs2uepc7/spack-src/src/H5Dselect.c line 230 in H5D__select_io(): write error
    major: Dataspace
    minor: Write failed
  #005: /scratch/spack_cpu/job_21700923/spack-stage/spack-stage-hdf5-1.10.7-xexa2gll6hf6okdatgrxiwhcjs2uepc7/spack-src/src/H5Dcontig.c line 1281 in H5D__contig_writevv(): can't perform vectorized sieve buffer write
    major: Dataset
    minor: Can't operate on object
  #006: /scratch/spack_cpu/job_21700923/spack-stage/spack-stage-hdf5-1.10.7-xexa2gll6hf6okdatgrxiwhcjs2uepc7/spack-src/src/H5VM.c line 1464 in H5VM_opvv(): can't perform operation
    major: Internal error (too specific to document in detail)
    minor: Can't operate on object
  #007: /scratch/spack_cpu/job_21700923/spack-stage/spack-stage-hdf5-1.10.7-xexa2gll6hf6okdatgrxiwhcjs2uepc7/spack-src/src/H5Dcontig.c line 1029 in H5D__contig_writevv_sieve_cb(): block write failed
    major: Dataset
    minor: Write failed
  #008: /scratch/spack_cpu/job_21700923/spack-stage/spack-stage-hdf5-1.10.7-xexa2gll6hf6okdatgrxiwhcjs2uepc7/spack-src/src/H5Fio.c line 161 in H5F_block_write(): write through page buffer failed
    major: Low-level I/O
    minor: Write failed
  #009: /scratch/spack_cpu/job_21700923/spack-stage/spack-stage-hdf5-1.10.7-xexa2gll6hf6okdatgrxiwhcjs2uepc7/spack-src/src/H5PB.c line 1032 in H5PB_write(): write through metadata accumulator failed
    major: Page Buffering
    minor: Write failed
  #010: /scratch/spack_cpu/job_21700923/spack-stage/spack-stage-hdf5-1.10.7-xexa2gll6hf6okdatgrxiwhcjs2uepc7/spack-src/src/H5Faccum.c line 824 in H5F__accum_write(): file write failed
    major: Low-level I/O
    minor: Write failed
  #011: /scratch/spack_cpu/job_21700923/spack-stage/spack-stage-hdf5-1.10.7-xexa2gll6hf6okdatgrxiwhcjs2uepc7/spack-src/src/H5FDint.c line 249 in H5FD_write(): driver write request failed
    major: Virtual File Layer
    minor: Write failed
  #012: /scratch/spack_cpu/job_21700923/spack-stage/spack-stage-hdf5-1.10.7-xexa2gll6hf6okdatgrxiwhcjs2uepc7/spack-src/src/H5FDsec2.c line 856 in H5FD__sec2_write(): file write failed: time = Wed Nov 19 09:33:26 2025
, filename = 'checkpoint.h5', file descriptor = 5, errno = 14, error message = 'Bad address', buf = 0x1555537c4000, total write size = 15969552, bytes this sub-write = 15969552, bytes actually written = 18446744073709551615, offset = 0
    major: Low-level I/O
    minor: Write failed
HDF5-DIAG: Error detected in HDF5 (1.10.7) thread 0:
  #000: /scratch/spack_cpu/job_21700923/spack-stage/spack-stage-hdf5-1.10.7-xexa2gll6hf6okdatgrxiwhcjs2uepc7/spack-src/src/H5Dio.c line 335 in H5Dwrite(): can't write data
    major: Dataset
    minor: Write failed
  #001: /scratch/spack_cpu/job_21700923/spack-stage/spack-stage-hdf5-1.10.7-xexa2gll6hf6okdatgrxiwhcjs2uepc7/spack-src/src/H5Dio.c line 813 in H5D__write(): can't write data
    major: Dataset
    minor: Write failed
  #002: /scratch/spack_cpu/job_21700923/spack-stage/spack-stage-hdf5-1.10.7-xexa2gll6hf6okdatgrxiwhcjs2uepc7/spack-src/src/H5Dcontig.c line 659 in H5D__contig_write(): contiguous write failed
    major: Dataset
    minor: Write failed
  #003: /scratch/spack_cpu/job_21700923/spack-stage/spack-stage-hdf5-1.10.7-xexa2gll6hf6okdatgrxiwhcjs2uepc7/spack-src/src/H5Dselect.c line 321 in H5D__select_write(): write error
    major: Dataspace
    minor: Write failed
  #004: /scratch/spack_cpu/job_21700923/spack-stage/spack-stage-hdf5-1.10.7-xexa2gll6hf6okdatgrxiwhcjs2uepc7/spack-src/src/H5Dselect.c line 230 in H5D__select_io(): write error
    major: Dataspace
    minor: Write failed
  #005: /scratch/spack_cpu/job_21700923/spack-stage/spack-stage-hdf5-1.10.7-xexa2gll6hf6okdatgrxiwhcjs2uepc7/spack-src/src/H5Dcontig.c line 1281 in H5D__contig_writevv(): can't perform vectorized sieve buffer write
    major: Dataset
    minor: Can't operate on object
  #006: /scratch/spack_cpu/job_21700923/spack-stage/spack-stage-hdf5-1.10.7-xexa2gll6hf6okdatgrxiwhcjs2uepc7/spack-src/src/H5VM.c line 1464 in H5VM_opvv(): can't perform operation
    major: Internal error (too specific to document in detail)
    minor: Can't operate on object
  #007: /scratch/spack_cpu/job_21700923/spack-stage/spack-stage-hdf5-1.10.7-xexa2gll6hf6okdatgrxiwhcjs2uepc7/spack-src/src/H5Dcontig.c line 1029 in H5D__contig_writevv_sieve_cb(): block write failed
    major: Dataset
    minor: Write failed
  #008: /scratch/spack_cpu/job_21700923/spack-stage/spack-stage-hdf5-1.10.7-xexa2gll6hf6okdatgrxiwhcjs2uepc7/spack-src/src/H5Fio.c line 161 in H5F_block_write(): write through page buffer failed
    major: Low-level I/O
    minor: Write failed
  #009: /scratch/spack_cpu/job_21700923/spack-stage/spack-stage-hdf5-1.10.7-xexa2gll6hf6okdatgrxiwhcjs2uepc7/spack-src/src/H5PB.c line 1032 in H5PB_write(): write through metadata accumulator failed
    major: Page Buffering
    minor: Write failed
  #010: /scratch/spack_cpu/job_21700923/spack-stage/spack-stage-hdf5-1.10.7-xexa2gll6hf6okdatgrxiwhcjs2uepc7/spack-src/src/H5Faccum.c line 824 in H5F__accum_write(): file write failed
    major: Low-level I/O
    minor: Write failed
  #011: /scratch/spack_cpu/job_21700923/spack-stage/spack-stage-hdf5-1.10.7-xexa2gll6hf6okdatgrxiwhcjs2uepc7/spack-src/src/H5FDint.c line 249 in H5FD_write(): driver write request failed
    major: Virtual File Layer
    minor: Write failed
  #012: /scratch/spack_cpu/job_21700923/spack-stage/spack-stage-hdf5-1.10.7-xexa2gll6hf6okdatgrxiwhcjs2uepc7/spack-src/src/H5FDsec2.c line 856 in H5FD__sec2_write(): file write failed: time = Wed Nov 19 09:34:03 2025
, filename = 'checkpoint.h5', file descriptor = 5, errno = 14, error message = 'Bad address', buf = 0x1555537c4000, total write size = 15969552, bytes this sub-write = 15969552, bytes actually written = 18446744073709551615, offset = 0
    major: Low-level I/O
    minor: Write failed
HDF5-DIAG: Error detected in HDF5 (1.10.7) thread 0:
  #000: /scratch/spack_cpu/job_21700923/spack-stage/spack-stage-hdf5-1.10.7-xexa2gll6hf6okdatgrxiwhcjs2uepc7/spack-src/src/H5Dio.c line 335 in H5Dwrite(): can't write data
    major: Dataset
    minor: Write failed
  #001: /scratch/spack_cpu/job_21700923/spack-stage/spack-stage-hdf5-1.10.7-xexa2gll6hf6okdatgrxiwhcjs2uepc7/spack-src/src/H5Dio.c line 813 in H5D__write(): can't write data
    major: Dataset
    minor: Write failed
  #002: /scratch/spack_cpu/job_21700923/spack-stage/spack-stage-hdf5-1.10.7-xexa2gll6hf6okdatgrxiwhcjs2uepc7/spack-src/src/H5Dcontig.c line 659 in H5D__contig_write(): contiguous write failed
    major: Dataset
    minor: Write failed
  #003: /scratch/spack_cpu/job_21700923/spack-stage/spack-stage-hdf5-1.10.7-xexa2gll6hf6okdatgrxiwhcjs2uepc7/spack-src/src/H5Dselect.c line 321 in H5D__select_write(): write error
    major: Dataspace
    minor: Write failed
  #004: /scratch/spack_cpu/job_21700923/spack-stage/spack-stage-hdf5-1.10.7-xexa2gll6hf6okdatgrxiwhcjs2uepc7/spack-src/src/H5Dselect.c line 230 in H5D__select_io(): write error
    major: Dataspace
    minor: Write failed
  #005: /scratch/spack_cpu/job_21700923/spack-stage/spack-stage-hdf5-1.10.7-xexa2gll6hf6okdatgrxiwhcjs2uepc7/spack-src/src/H5Dcontig.c line 1281 in H5D__contig_writevv(): can't perform vectorized sieve buffer write
    major: Dataset
    minor: Can't operate on object
  #006: /scratch/spack_cpu/job_21700923/spack-stage/spack-stage-hdf5-1.10.7-xexa2gll6hf6okdatgrxiwhcjs2uepc7/spack-src/src/H5VM.c line 1464 in H5VM_opvv(): can't perform operation
    major: Internal error (too specific to document in detail)
    minor: Can't operate on object
  #007: /scratch/spack_cpu/job_21700923/spack-stage/spack-stage-hdf5-1.10.7-xexa2gll6hf6okdatgrxiwhcjs2uepc7/spack-src/src/H5Dcontig.c line 1029 in H5D__contig_writevv_sieve_cb(): block write failed
    major: Dataset
    minor: Write failed
  #008: /scratch/spack_cpu/job_21700923/spack-stage/spack-stage-hdf5-1.10.7-xexa2gll6hf6okdatgrxiwhcjs2uepc7/spack-src/src/H5Fio.c line 161 in H5F_block_write(): write through page buffer failed
    major: Low-level I/O
    minor: Write failed
  #009: /scratch/spack_cpu/job_21700923/spack-stage/spack-stage-hdf5-1.10.7-xexa2gll6hf6okdatgrxiwhcjs2uepc7/spack-src/src/H5PB.c line 1032 in H5PB_write(): write through metadata accumulator failed
    major: Page Buffering
    minor: Write failed
  #010: /scratch/spack_cpu/job_21700923/spack-stage/spack-stage-hdf5-1.10.7-xexa2gll6hf6okdatgrxiwhcjs2uepc7/spack-src/src/H5Faccum.c line 824 in H5F__accum_write(): file write failed
    major: Low-level I/O
    minor: Write failed
  #011: /scratch/spack_cpu/job_21700923/spack-stage/spack-stage-hdf5-1.10.7-xexa2gll6hf6okdatgrxiwhcjs2uepc7/spack-src/src/H5FDint.c line 249 in H5FD_write(): driver write request failed
    major: Virtual File Layer
    minor: Write failed
  #012: /scratch/spack_cpu/job_21700923/spack-stage/spack-stage-hdf5-1.10.7-xexa2gll6hf6okdatgrxiwhcjs2uepc7/spack-src/src/H5FDsec2.c line 856 in H5FD__sec2_write(): file write failed: time = Wed Nov 19 09:34:41 2025
, filename = 'checkpoint.h5', file descriptor = 5, errno = 14, error message = 'Bad address', buf = 0x1555537c4000, total write size = 15969552, bytes this sub-write = 15969552, bytes actually written = 18446744073709551615, offset = 0
    major: Low-level I/O
    minor: Write failed
HDF5-DIAG: Error detected in HDF5 (1.10.7) thread 0:
  #000: /scratch/spack_cpu/job_21700923/spack-stage/spack-stage-hdf5-1.10.7-xexa2gll6hf6okdatgrxiwhcjs2uepc7/spack-src/src/H5Dio.c line 335 in H5Dwrite(): can't write data
    major: Dataset
    minor: Write failed
  #001: /scratch/spack_cpu/job_21700923/spack-stage/spack-stage-hdf5-1.10.7-xexa2gll6hf6okdatgrxiwhcjs2uepc7/spack-src/src/H5Dio.c line 813 in H5D__write(): can't write data
    major: Dataset
    minor: Write failed
  #002: /scratch/spack_cpu/job_21700923/spack-stage/spack-stage-hdf5-1.10.7-xexa2gll6hf6okdatgrxiwhcjs2uepc7/spack-src/src/H5Dcontig.c line 659 in H5D__contig_write(): contiguous write failed
    major: Dataset
    minor: Write failed
  #003: /scratch/spack_cpu/job_21700923/spack-stage/spack-stage-hdf5-1.10.7-xexa2gll6hf6okdatgrxiwhcjs2uepc7/spack-src/src/H5Dselect.c line 321 in H5D__select_write(): write error
    major: Dataspace
    minor: Write failed
  #004: /scratch/spack_cpu/job_21700923/spack-stage/spack-stage-hdf5-1.10.7-xexa2gll6hf6okdatgrxiwhcjs2uepc7/spack-src/src/H5Dselect.c line 230 in H5D__select_io(): write error
    major: Dataspace
    minor: Write failed
  #005: /scratch/spack_cpu/job_21700923/spack-stage/spack-stage-hdf5-1.10.7-xexa2gll6hf6okdatgrxiwhcjs2uepc7/spack-src/src/H5Dcontig.c line 1281 in H5D__contig_writevv(): can't perform vectorized sieve buffer write
    major: Dataset
    minor: Can't operate on object
  #006: /scratch/spack_cpu/job_21700923/spack-stage/spack-stage-hdf5-1.10.7-xexa2gll6hf6okdatgrxiwhcjs2uepc7/spack-src/src/H5VM.c line 1464 in H5VM_opvv(): can't perform operation
    major: Internal error (too specific to document in detail)
    minor: Can't operate on object
  #007: /scratch/spack_cpu/job_21700923/spack-stage/spack-stage-hdf5-1.10.7-xexa2gll6hf6okdatgrxiwhcjs2uepc7/spack-src/src/H5Dcontig.c line 1029 in H5D__contig_writevv_sieve_cb(): block write failed
    major: Dataset
    minor: Write failed
  #008: /scratch/spack_cpu/job_21700923/spack-stage/spack-stage-hdf5-1.10.7-xexa2gll6hf6okdatgrxiwhcjs2uepc7/spack-src/src/H5Fio.c line 161 in H5F_block_write(): write through page buffer failed
    major: Low-level I/O
    minor: Write failed
  #009: /scratch/spack_cpu/job_21700923/spack-stage/spack-stage-hdf5-1.10.7-xexa2gll6hf6okdatgrxiwhcjs2uepc7/spack-src/src/H5PB.c line 1032 in H5PB_write(): write through metadata accumulator failed
    major: Page Buffering
    minor: Write failed
  #010: /scratch/spack_cpu/job_21700923/spack-stage/spack-stage-hdf5-1.10.7-xexa2gll6hf6okdatgrxiwhcjs2uepc7/spack-src/src/H5Faccum.c line 824 in H5F__accum_write(): file write failed
    major: Low-level I/O
    minor: Write failed
  #011: /scratch/spack_cpu/job_21700923/spack-stage/spack-stage-hdf5-1.10.7-xexa2gll6hf6okdatgrxiwhcjs2uepc7/spack-src/src/H5FDint.c line 249 in H5FD_write(): driver write request failed
    major: Virtual File Layer
    minor: Write failed
  #012: /scratch/spack_cpu/job_21700923/spack-stage/spack-stage-hdf5-1.10.7-xexa2gll6hf6okdatgrxiwhcjs2uepc7/spack-src/src/H5FDsec2.c line 856 in H5FD__sec2_write(): file write failed: time = Wed Nov 19 09:35:19 2025
, filename = 'checkpoint.h5', file descriptor = 5, errno = 14, error message = 'Bad address', buf = 0x1555537c4000, total write size = 15969552, bytes this sub-write = 15969552, bytes actually written = 18446744073709551615, offset = 0
    major: Low-level I/O
    minor: Write failed
HDF5-DIAG: Error detected in HDF5 (1.10.7) thread 0:
  #000: /scratch/spack_cpu/job_21700923/spack-stage/spack-stage-hdf5-1.10.7-xexa2gll6hf6okdatgrxiwhcjs2uepc7/spack-src/src/H5Dio.c line 335 in H5Dwrite(): can't write data
    major: Dataset
    minor: Write failed
  #001: /scratch/spack_cpu/job_21700923/spack-stage/spack-stage-hdf5-1.10.7-xexa2gll6hf6okdatgrxiwhcjs2uepc7/spack-src/src/H5Dio.c line 813 in H5D__write(): can't write data
    major: Dataset
    minor: Write failed
  #002: /scratch/spack_cpu/job_21700923/spack-stage/spack-stage-hdf5-1.10.7-xexa2gll6hf6okdatgrxiwhcjs2uepc7/spack-src/src/H5Dcontig.c line 659 in H5D__contig_write(): contiguous write failed
    major: Dataset
    minor: Write failed
  #003: /scratch/spack_cpu/job_21700923/spack-stage/spack-stage-hdf5-1.10.7-xexa2gll6hf6okdatgrxiwhcjs2uepc7/spack-src/src/H5Dselect.c line 321 in H5D__select_write(): write error
    major: Dataspace
    minor: Write failed
  #004: /scratch/spack_cpu/job_21700923/spack-stage/spack-stage-hdf5-1.10.7-xexa2gll6hf6okdatgrxiwhcjs2uepc7/spack-src/src/H5Dselect.c line 230 in H5D__select_io(): write error
    major: Dataspace
    minor: Write failed
  #005: /scratch/spack_cpu/job_21700923/spack-stage/spack-stage-hdf5-1.10.7-xexa2gll6hf6okdatgrxiwhcjs2uepc7/spack-src/src/H5Dcontig.c line 1281 in H5D__contig_writevv(): can't perform vectorized sieve buffer write
    major: Dataset
    minor: Can't operate on object
  #006: /scratch/spack_cpu/job_21700923/spack-stage/spack-stage-hdf5-1.10.7-xexa2gll6hf6okdatgrxiwhcjs2uepc7/spack-src/src/H5VM.c line 1464 in H5VM_opvv(): can't perform operation
    major: Internal error (too specific to document in detail)
    minor: Can't operate on object
  #007: /scratch/spack_cpu/job_21700923/spack-stage/spack-stage-hdf5-1.10.7-xexa2gll6hf6okdatgrxiwhcjs2uepc7/spack-src/src/H5Dcontig.c line 1029 in H5D__contig_writevv_sieve_cb(): block write failed
    major: Dataset
    minor: Write failed
  #008: /scratch/spack_cpu/job_21700923/spack-stage/spack-stage-hdf5-1.10.7-xexa2gll6hf6okdatgrxiwhcjs2uepc7/spack-src/src/H5Fio.c line 161 in H5F_block_write(): write through page buffer failed
    major: Low-level I/O
    minor: Write failed
  #009: /scratch/spack_cpu/job_21700923/spack-stage/spack-stage-hdf5-1.10.7-xexa2gll6hf6okdatgrxiwhcjs2uepc7/spack-src/src/H5PB.c line 1032 in H5PB_write(): write through metadata accumulator failed
    major: Page Buffering
    minor: Write failed
  #010: /scratch/spack_cpu/job_21700923/spack-stage/spack-stage-hdf5-1.10.7-xexa2gll6hf6okdatgrxiwhcjs2uepc7/spack-src/src/H5Faccum.c line 824 in H5F__accum_write(): file write failed
    major: Low-level I/O
    minor: Write failed
  #011: /scratch/spack_cpu/job_21700923/spack-stage/spack-stage-hdf5-1.10.7-xexa2gll6hf6okdatgrxiwhcjs2uepc7/spack-src/src/H5FDint.c line 249 in H5FD_write(): driver write request failed
    major: Virtual File Layer
    minor: Write failed
  #012: /scratch/spack_cpu/job_21700923/spack-stage/spack-stage-hdf5-1.10.7-xexa2gll6hf6okdatgrxiwhcjs2uepc7/spack-src/src/H5FDsec2.c line 856 in H5FD__sec2_write(): file write failed: time = Wed Nov 19 09:35:57 2025
, filename = 'checkpoint.h5', file descriptor = 5, errno = 14, error message = 'Bad address', buf = 0x1555537c4000, total write size = 15969552, bytes this sub-write = 15969552, bytes actually written = 18446744073709551615, offset = 0
    major: Low-level I/O
    minor: Write failed
HDF5-DIAG: Error detected in HDF5 (1.10.7) thread 0:
  #000: /scratch/spack_cpu/job_21700923/spack-stage/spack-stage-hdf5-1.10.7-xexa2gll6hf6okdatgrxiwhcjs2uepc7/spack-src/src/H5Dio.c line 335 in H5Dwrite(): can't write data
    major: Dataset
    minor: Write failed
  #001: /scratch/spack_cpu/job_21700923/spack-stage/spack-stage-hdf5-1.10.7-xexa2gll6hf6okdatgrxiwhcjs2uepc7/spack-src/src/H5Dio.c line 813 in H5D__write(): can't write data
    major: Dataset
    minor: Write failed
  #002: /scratch/spack_cpu/job_21700923/spack-stage/spack-stage-hdf5-1.10.7-xexa2gll6hf6okdatgrxiwhcjs2uepc7/spack-src/src/H5Dcontig.c line 659 in H5D__contig_write(): contiguous write failed
    major: Dataset
    minor: Write failed
  #003: /scratch/spack_cpu/job_21700923/spack-stage/spack-stage-hdf5-1.10.7-xexa2gll6hf6okdatgrxiwhcjs2uepc7/spack-src/src/H5Dselect.c line 321 in H5D__select_write(): write error
    major: Dataspace
    minor: Write failed
  #004: /scratch/spack_cpu/job_21700923/spack-stage/spack-stage-hdf5-1.10.7-xexa2gll6hf6okdatgrxiwhcjs2uepc7/spack-src/src/H5Dselect.c line 230 in H5D__select_io(): write error
    major: Dataspace
    minor: Write failed
  #005: /scratch/spack_cpu/job_21700923/spack-stage/spack-stage-hdf5-1.10.7-xexa2gll6hf6okdatgrxiwhcjs2uepc7/spack-src/src/H5Dcontig.c line 1281 in H5D__contig_writevv(): can't perform vectorized sieve buffer write
    major: Dataset
    minor: Can't operate on object
  #006: /scratch/spack_cpu/job_21700923/spack-stage/spack-stage-hdf5-1.10.7-xexa2gll6hf6okdatgrxiwhcjs2uepc7/spack-src/src/H5VM.c line 1464 in H5VM_opvv(): can't perform operation
    major: Internal error (too specific to document in detail)
    minor: Can't operate on object
  #007: /scratch/spack_cpu/job_21700923/spack-stage/spack-stage-hdf5-1.10.7-xexa2gll6hf6okdatgrxiwhcjs2uepc7/spack-src/src/H5Dcontig.c line 1029 in H5D__contig_writevv_sieve_cb(): block write failed
    major: Dataset
    minor: Write failed
  #008: /scratch/spack_cpu/job_21700923/spack-stage/spack-stage-hdf5-1.10.7-xexa2gll6hf6okdatgrxiwhcjs2uepc7/spack-src/src/H5Fio.c line 161 in H5F_block_write(): write through page buffer failed
    major: Low-level I/O
    minor: Write failed
  #009: /scratch/spack_cpu/job_21700923/spack-stage/spack-stage-hdf5-1.10.7-xexa2gll6hf6okdatgrxiwhcjs2uepc7/spack-src/src/H5PB.c line 1032 in H5PB_write(): write through metadata accumulator failed
    major: Page Buffering
    minor: Write failed
  #010: /scratch/spack_cpu/job_21700923/spack-stage/spack-stage-hdf5-1.10.7-xexa2gll6hf6okdatgrxiwhcjs2uepc7/spack-src/src/H5Faccum.c line 824 in H5F__accum_write(): file write failed
    major: Low-level I/O
    minor: Write failed
  #011: /scratch/spack_cpu/job_21700923/spack-stage/spack-stage-hdf5-1.10.7-xexa2gll6hf6okdatgrxiwhcjs2uepc7/spack-src/src/H5FDint.c line 249 in H5FD_write(): driver write request failed
    major: Virtual File Layer
    minor: Write failed
  #012: /scratch/spack_cpu/job_21700923/spack-stage/spack-stage-hdf5-1.10.7-xexa2gll6hf6okdatgrxiwhcjs2uepc7/spack-src/src/H5FDsec2.c line 856 in H5FD__sec2_write(): file write failed: time = Wed Nov 19 09:36:35 2025
, filename = 'checkpoint.h5', file descriptor = 5, errno = 14, error message = 'Bad address', buf = 0x1555537c4000, total write size = 15969552, bytes this sub-write = 15969552, bytes actually written = 18446744073709551615, offset = 0
    major: Low-level I/O
    minor: Write failed
HDF5-DIAG: Error detected in HDF5 (1.10.7) thread 0:
  #000: /scratch/spack_cpu/job_21700923/spack-stage/spack-stage-hdf5-1.10.7-xexa2gll6hf6okdatgrxiwhcjs2uepc7/spack-src/src/H5Dio.c line 335 in H5Dwrite(): can't write data
    major: Dataset
    minor: Write failed
  #001: /scratch/spack_cpu/job_21700923/spack-stage/spack-stage-hdf5-1.10.7-xexa2gll6hf6okdatgrxiwhcjs2uepc7/spack-src/src/H5Dio.c line 813 in H5D__write(): can't write data
    major: Dataset
    minor: Write failed
  #002: /scratch/spack_cpu/job_21700923/spack-stage/spack-stage-hdf5-1.10.7-xexa2gll6hf6okdatgrxiwhcjs2uepc7/spack-src/src/H5Dcontig.c line 659 in H5D__contig_write(): contiguous write failed
    major: Dataset
    minor: Write failed
  #003: /scratch/spack_cpu/job_21700923/spack-stage/spack-stage-hdf5-1.10.7-xexa2gll6hf6okdatgrxiwhcjs2uepc7/spack-src/src/H5Dselect.c line 321 in H5D__select_write(): write error
    major: Dataspace
    minor: Write failed
  #004: /scratch/spack_cpu/job_21700923/spack-stage/spack-stage-hdf5-1.10.7-xexa2gll6hf6okdatgrxiwhcjs2uepc7/spack-src/src/H5Dselect.c line 230 in H5D__select_io(): write error
    major: Dataspace
    minor: Write failed
  #005: /scratch/spack_cpu/job_21700923/spack-stage/spack-stage-hdf5-1.10.7-xexa2gll6hf6okdatgrxiwhcjs2uepc7/spack-src/src/H5Dcontig.c line 1281 in H5D__contig_writevv(): can't perform vectorized sieve buffer write
    major: Dataset
    minor: Can't operate on object
  #006: /scratch/spack_cpu/job_21700923/spack-stage/spack-stage-hdf5-1.10.7-xexa2gll6hf6okdatgrxiwhcjs2uepc7/spack-src/src/H5VM.c line 1464 in H5VM_opvv(): can't perform operation
    major: Internal error (too specific to document in detail)
    minor: Can't operate on object
  #007: /scratch/spack_cpu/job_21700923/spack-stage/spack-stage-hdf5-1.10.7-xexa2gll6hf6okdatgrxiwhcjs2uepc7/spack-src/src/H5Dcontig.c line 1029 in H5D__contig_writevv_sieve_cb(): block write failed
    major: Dataset
    minor: Write failed
  #008: /scratch/spack_cpu/job_21700923/spack-stage/spack-stage-hdf5-1.10.7-xexa2gll6hf6okdatgrxiwhcjs2uepc7/spack-src/src/H5Fio.c line 161 in H5F_block_write(): write through page buffer failed
    major: Low-level I/O
    minor: Write failed
  #009: /scratch/spack_cpu/job_21700923/spack-stage/spack-stage-hdf5-1.10.7-xexa2gll6hf6okdatgrxiwhcjs2uepc7/spack-src/src/H5PB.c line 1032 in H5PB_write(): write through metadata accumulator failed
    major: Page Buffering
    minor: Write failed
  #010: /scratch/spack_cpu/job_21700923/spack-stage/spack-stage-hdf5-1.10.7-xexa2gll6hf6okdatgrxiwhcjs2uepc7/spack-src/src/H5Faccum.c line 824 in H5F__accum_write(): file write failed
    major: Low-level I/O
    minor: Write failed
  #011: /scratch/spack_cpu/job_21700923/spack-stage/spack-stage-hdf5-1.10.7-xexa2gll6hf6okdatgrxiwhcjs2uepc7/spack-src/src/H5FDint.c line 249 in H5FD_write(): driver write request failed
    major: Virtual File Layer
    minor: Write failed
  #012: /scratch/spack_cpu/job_21700923/spack-stage/spack-stage-hdf5-1.10.7-xexa2gll6hf6okdatgrxiwhcjs2uepc7/spack-src/src/H5FDsec2.c line 856 in H5FD__sec2_write(): file write failed: time = Wed Nov 19 09:37:12 2025
, filename = 'checkpoint.h5', file descriptor = 5, errno = 14, error message = 'Bad address', buf = 0x1555537c4000, total write size = 15969552, bytes this sub-write = 15969552, bytes actually written = 18446744073709551615, offset = 0
    major: Low-level I/O
    minor: Write failed
HDF5-DIAG: Error detected in HDF5 (1.10.7) thread 0:
  #000: /scratch/spack_cpu/job_21700923/spack-stage/spack-stage-hdf5-1.10.7-xexa2gll6hf6okdatgrxiwhcjs2uepc7/spack-src/src/H5Dio.c line 335 in H5Dwrite(): can't write data
    major: Dataset
    minor: Write failed
  #001: /scratch/spack_cpu/job_21700923/spack-stage/spack-stage-hdf5-1.10.7-xexa2gll6hf6okdatgrxiwhcjs2uepc7/spack-src/src/H5Dio.c line 813 in H5D__write(): can't write data
    major: Dataset
    minor: Write failed
  #002: /scratch/spack_cpu/job_21700923/spack-stage/spack-stage-hdf5-1.10.7-xexa2gll6hf6okdatgrxiwhcjs2uepc7/spack-src/src/H5Dcontig.c line 659 in H5D__contig_write(): contiguous write failed
    major: Dataset
    minor: Write failed
  #003: /scratch/spack_cpu/job_21700923/spack-stage/spack-stage-hdf5-1.10.7-xexa2gll6hf6okdatgrxiwhcjs2uepc7/spack-src/src/H5Dselect.c line 321 in H5D__select_write(): write error
    major: Dataspace
    minor: Write failed
  #004: /scratch/spack_cpu/job_21700923/spack-stage/spack-stage-hdf5-1.10.7-xexa2gll6hf6okdatgrxiwhcjs2uepc7/spack-src/src/H5Dselect.c line 230 in H5D__select_io(): write error
    major: Dataspace
    minor: Write failed
  #005: /scratch/spack_cpu/job_21700923/spack-stage/spack-stage-hdf5-1.10.7-xexa2gll6hf6okdatgrxiwhcjs2uepc7/spack-src/src/H5Dcontig.c line 1281 in H5D__contig_writevv(): can't perform vectorized sieve buffer write
    major: Dataset
    minor: Can't operate on object
  #006: /scratch/spack_cpu/job_21700923/spack-stage/spack-stage-hdf5-1.10.7-xexa2gll6hf6okdatgrxiwhcjs2uepc7/spack-src/src/H5VM.c line 1464 in H5VM_opvv(): can't perform operation
    major: Internal error (too specific to document in detail)
    minor: Can't operate on object
  #007: /scratch/spack_cpu/job_21700923/spack-stage/spack-stage-hdf5-1.10.7-xexa2gll6hf6okdatgrxiwhcjs2uepc7/spack-src/src/H5Dcontig.c line 1029 in H5D__contig_writevv_sieve_cb(): block write failed
    major: Dataset
    minor: Write failed
  #008: /scratch/spack_cpu/job_21700923/spack-stage/spack-stage-hdf5-1.10.7-xexa2gll6hf6okdatgrxiwhcjs2uepc7/spack-src/src/H5Fio.c line 161 in H5F_block_write(): write through page buffer failed
    major: Low-level I/O
    minor: Write failed
  #009: /scratch/spack_cpu/job_21700923/spack-stage/spack-stage-hdf5-1.10.7-xexa2gll6hf6okdatgrxiwhcjs2uepc7/spack-src/src/H5PB.c line 1032 in H5PB_write(): write through metadata accumulator failed
    major: Page Buffering
    minor: Write failed
  #010: /scratch/spack_cpu/job_21700923/spack-stage/spack-stage-hdf5-1.10.7-xexa2gll6hf6okdatgrxiwhcjs2uepc7/spack-src/src/H5Faccum.c line 824 in H5F__accum_write(): file write failed
    major: Low-level I/O
    minor: Write failed
  #011: /scratch/spack_cpu/job_21700923/spack-stage/spack-stage-hdf5-1.10.7-xexa2gll6hf6okdatgrxiwhcjs2uepc7/spack-src/src/H5FDint.c line 249 in H5FD_write(): driver write request failed
    major: Virtual File Layer
    minor: Write failed
  #012: /scratch/spack_cpu/job_21700923/spack-stage/spack-stage-hdf5-1.10.7-xexa2gll6hf6okdatgrxiwhcjs2uepc7/spack-src/src/H5FDsec2.c line 856 in H5FD__sec2_write(): file write failed: time = Wed Nov 19 09:37:50 2025
, filename = 'checkpoint.h5', file descriptor = 5, errno = 14, error message = 'Bad address', buf = 0x1555537c4000, total write size = 15969552, bytes this sub-write = 15969552, bytes actually written = 18446744073709551615, offset = 0
    major: Low-level I/O
    minor: Write failed
HDF5-DIAG: Error detected in HDF5 (1.10.7) thread 0:
  #000: /scratch/spack_cpu/job_21700923/spack-stage/spack-stage-hdf5-1.10.7-xexa2gll6hf6okdatgrxiwhcjs2uepc7/spack-src/src/H5Dio.c line 335 in H5Dwrite(): can't write data
    major: Dataset
    minor: Write failed
  #001: /scratch/spack_cpu/job_21700923/spack-stage/spack-stage-hdf5-1.10.7-xexa2gll6hf6okdatgrxiwhcjs2uepc7/spack-src/src/H5Dio.c line 813 in H5D__write(): can't write data
    major: Dataset
    minor: Write failed
  #002: /scratch/spack_cpu/job_21700923/spack-stage/spack-stage-hdf5-1.10.7-xexa2gll6hf6okdatgrxiwhcjs2uepc7/spack-src/src/H5Dcontig.c line 659 in H5D__contig_write(): contiguous write failed
    major: Dataset
    minor: Write failed
  #003: /scratch/spack_cpu/job_21700923/spack-stage/spack-stage-hdf5-1.10.7-xexa2gll6hf6okdatgrxiwhcjs2uepc7/spack-src/src/H5Dselect.c line 321 in H5D__select_write(): write error
    major: Dataspace
    minor: Write failed
  #004: /scratch/spack_cpu/job_21700923/spack-stage/spack-stage-hdf5-1.10.7-xexa2gll6hf6okdatgrxiwhcjs2uepc7/spack-src/src/H5Dselect.c line 230 in H5D__select_io(): write error
    major: Dataspace
    minor: Write failed
  #005: /scratch/spack_cpu/job_21700923/spack-stage/spack-stage-hdf5-1.10.7-xexa2gll6hf6okdatgrxiwhcjs2uepc7/spack-src/src/H5Dcontig.c line 1281 in H5D__contig_writevv(): can't perform vectorized sieve buffer write
    major: Dataset
    minor: Can't operate on object
  #006: /scratch/spack_cpu/job_21700923/spack-stage/spack-stage-hdf5-1.10.7-xexa2gll6hf6okdatgrxiwhcjs2uepc7/spack-src/src/H5VM.c line 1464 in H5VM_opvv(): can't perform operation
    major: Internal error (too specific to document in detail)
    minor: Can't operate on object
  #007: /scratch/spack_cpu/job_21700923/spack-stage/spack-stage-hdf5-1.10.7-xexa2gll6hf6okdatgrxiwhcjs2uepc7/spack-src/src/H5Dcontig.c line 1029 in H5D__contig_writevv_sieve_cb(): block write failed
    major: Dataset
    minor: Write failed
  #008: /scratch/spack_cpu/job_21700923/spack-stage/spack-stage-hdf5-1.10.7-xexa2gll6hf6okdatgrxiwhcjs2uepc7/spack-src/src/H5Fio.c line 161 in H5F_block_write(): write through page buffer failed
    major: Low-level I/O
    minor: Write failed
  #009: /scratch/spack_cpu/job_21700923/spack-stage/spack-stage-hdf5-1.10.7-xexa2gll6hf6okdatgrxiwhcjs2uepc7/spack-src/src/H5PB.c line 1032 in H5PB_write(): write through metadata accumulator failed
    major: Page Buffering
    minor: Write failed
  #010: /scratch/spack_cpu/job_21700923/spack-stage/spack-stage-hdf5-1.10.7-xexa2gll6hf6okdatgrxiwhcjs2uepc7/spack-src/src/H5Faccum.c line 824 in H5F__accum_write(): file write failed
    major: Low-level I/O
    minor: Write failed
  #011: /scratch/spack_cpu/job_21700923/spack-stage/spack-stage-hdf5-1.10.7-xexa2gll6hf6okdatgrxiwhcjs2uepc7/spack-src/src/H5FDint.c line 249 in H5FD_write(): driver write request failed
    major: Virtual File Layer
    minor: Write failed
  #012: /scratch/spack_cpu/job_21700923/spack-stage/spack-stage-hdf5-1.10.7-xexa2gll6hf6okdatgrxiwhcjs2uepc7/spack-src/src/H5FDsec2.c line 856 in H5FD__sec2_write(): file write failed: time = Wed Nov 19 09:38:27 2025
, filename = 'checkpoint.h5', file descriptor = 5, errno = 14, error message = 'Bad address', buf = 0x1555537c4000, total write size = 15969552, bytes this sub-write = 15969552, bytes actually written = 18446744073709551615, offset = 0
    major: Low-level I/O
    minor: Write failed
HDF5-DIAG: Error detected in HDF5 (1.10.7) thread 0:
  #000: /scratch/spack_cpu/job_21700923/spack-stage/spack-stage-hdf5-1.10.7-xexa2gll6hf6okdatgrxiwhcjs2uepc7/spack-src/src/H5Dio.c line 335 in H5Dwrite(): can't write data
    major: Dataset
    minor: Write failed
  #001: /scratch/spack_cpu/job_21700923/spack-stage/spack-stage-hdf5-1.10.7-xexa2gll6hf6okdatgrxiwhcjs2uepc7/spack-src/src/H5Dio.c line 813 in H5D__write(): can't write data
    major: Dataset
    minor: Write failed
  #002: /scratch/spack_cpu/job_21700923/spack-stage/spack-stage-hdf5-1.10.7-xexa2gll6hf6okdatgrxiwhcjs2uepc7/spack-src/src/H5Dcontig.c line 659 in H5D__contig_write(): contiguous write failed
    major: Dataset
    minor: Write failed
  #003: /scratch/spack_cpu/job_21700923/spack-stage/spack-stage-hdf5-1.10.7-xexa2gll6hf6okdatgrxiwhcjs2uepc7/spack-src/src/H5Dselect.c line 321 in H5D__select_write(): write error
    major: Dataspace
    minor: Write failed
  #004: /scratch/spack_cpu/job_21700923/spack-stage/spack-stage-hdf5-1.10.7-xexa2gll6hf6okdatgrxiwhcjs2uepc7/spack-src/src/H5Dselect.c line 230 in H5D__select_io(): write error
    major: Dataspace
    minor: Write failed
  #005: /scratch/spack_cpu/job_21700923/spack-stage/spack-stage-hdf5-1.10.7-xexa2gll6hf6okdatgrxiwhcjs2uepc7/spack-src/src/H5Dcontig.c line 1281 in H5D__contig_writevv(): can't perform vectorized sieve buffer write
    major: Dataset
    minor: Can't operate on object
  #006: /scratch/spack_cpu/job_21700923/spack-stage/spack-stage-hdf5-1.10.7-xexa2gll6hf6okdatgrxiwhcjs2uepc7/spack-src/src/H5VM.c line 1464 in H5VM_opvv(): can't perform operation
    major: Internal error (too specific to document in detail)
    minor: Can't operate on object
  #007: /scratch/spack_cpu/job_21700923/spack-stage/spack-stage-hdf5-1.10.7-xexa2gll6hf6okdatgrxiwhcjs2uepc7/spack-src/src/H5Dcontig.c line 1029 in H5D__contig_writevv_sieve_cb(): block write failed
    major: Dataset
    minor: Write failed
  #008: /scratch/spack_cpu/job_21700923/spack-stage/spack-stage-hdf5-1.10.7-xexa2gll6hf6okdatgrxiwhcjs2uepc7/spack-src/src/H5Fio.c line 161 in H5F_block_write(): write through page buffer failed
    major: Low-level I/O
    minor: Write failed
  #009: /scratch/spack_cpu/job_21700923/spack-stage/spack-stage-hdf5-1.10.7-xexa2gll6hf6okdatgrxiwhcjs2uepc7/spack-src/src/H5PB.c line 1032 in H5PB_write(): write through metadata accumulator failed
    major: Page Buffering
    minor: Write failed
  #010: /scratch/spack_cpu/job_21700923/spack-stage/spack-stage-hdf5-1.10.7-xexa2gll6hf6okdatgrxiwhcjs2uepc7/spack-src/src/H5Faccum.c line 824 in H5F__accum_write(): file write failed
    major: Low-level I/O
    minor: Write failed
  #011: /scratch/spack_cpu/job_21700923/spack-stage/spack-stage-hdf5-1.10.7-xexa2gll6hf6okdatgrxiwhcjs2uepc7/spack-src/src/H5FDint.c line 249 in H5FD_write(): driver write request failed
    major: Virtual File Layer
    minor: Write failed
  #012: /scratch/spack_cpu/job_21700923/spack-stage/spack-stage-hdf5-1.10.7-xexa2gll6hf6okdatgrxiwhcjs2uepc7/spack-src/src/H5FDsec2.c line 856 in H5FD__sec2_write(): file write failed: time = Wed Nov 19 09:39:04 2025
, filename = 'checkpoint.h5', file descriptor = 5, errno = 14, error message = 'Bad address', buf = 0x1555537c4000, total write size = 15969552, bytes this sub-write = 15969552, bytes actually written = 18446744073709551615, offset = 0
    major: Low-level I/O
    minor: Write failed
HDF5-DIAG: Error detected in HDF5 (1.10.7) thread 0:
  #000: /scratch/spack_cpu/job_21700923/spack-stage/spack-stage-hdf5-1.10.7-xexa2gll6hf6okdatgrxiwhcjs2uepc7/spack-src/src/H5Dio.c line 335 in H5Dwrite(): can't write data
    major: Dataset
    minor: Write failed
  #001: /scratch/spack_cpu/job_21700923/spack-stage/spack-stage-hdf5-1.10.7-xexa2gll6hf6okdatgrxiwhcjs2uepc7/spack-src/src/H5Dio.c line 813 in H5D__write(): can't write data
    major: Dataset
    minor: Write failed
  #002: /scratch/spack_cpu/job_21700923/spack-stage/spack-stage-hdf5-1.10.7-xexa2gll6hf6okdatgrxiwhcjs2uepc7/spack-src/src/H5Dcontig.c line 659 in H5D__contig_write(): contiguous write failed
    major: Dataset
    minor: Write failed
  #003: /scratch/spack_cpu/job_21700923/spack-stage/spack-stage-hdf5-1.10.7-xexa2gll6hf6okdatgrxiwhcjs2uepc7/spack-src/src/H5Dselect.c line 321 in H5D__select_write(): write error
    major: Dataspace
    minor: Write failed
  #004: /scratch/spack_cpu/job_21700923/spack-stage/spack-stage-hdf5-1.10.7-xexa2gll6hf6okdatgrxiwhcjs2uepc7/spack-src/src/H5Dselect.c line 230 in H5D__select_io(): write error
    major: Dataspace
    minor: Write failed
  #005: /scratch/spack_cpu/job_21700923/spack-stage/spack-stage-hdf5-1.10.7-xexa2gll6hf6okdatgrxiwhcjs2uepc7/spack-src/src/H5Dcontig.c line 1281 in H5D__contig_writevv(): can't perform vectorized sieve buffer write
    major: Dataset
    minor: Can't operate on object
  #006: /scratch/spack_cpu/job_21700923/spack-stage/spack-stage-hdf5-1.10.7-xexa2gll6hf6okdatgrxiwhcjs2uepc7/spack-src/src/H5VM.c line 1464 in H5VM_opvv(): can't perform operation
    major: Internal error (too specific to document in detail)
    minor: Can't operate on object
  #007: /scratch/spack_cpu/job_21700923/spack-stage/spack-stage-hdf5-1.10.7-xexa2gll6hf6okdatgrxiwhcjs2uepc7/spack-src/src/H5Dcontig.c line 1029 in H5D__contig_writevv_sieve_cb(): block write failed
    major: Dataset
    minor: Write failed
  #008: /scratch/spack_cpu/job_21700923/spack-stage/spack-stage-hdf5-1.10.7-xexa2gll6hf6okdatgrxiwhcjs2uepc7/spack-src/src/H5Fio.c line 161 in H5F_block_write(): write through page buffer failed
    major: Low-level I/O
    minor: Write failed
  #009: /scratch/spack_cpu/job_21700923/spack-stage/spack-stage-hdf5-1.10.7-xexa2gll6hf6okdatgrxiwhcjs2uepc7/spack-src/src/H5PB.c line 1032 in H5PB_write(): write through metadata accumulator failed
    major: Page Buffering
    minor: Write failed
  #010: /scratch/spack_cpu/job_21700923/spack-stage/spack-stage-hdf5-1.10.7-xexa2gll6hf6okdatgrxiwhcjs2uepc7/spack-src/src/H5Faccum.c line 824 in H5F__accum_write(): file write failed
    major: Low-level I/O
    minor: Write failed
  #011: /scratch/spack_cpu/job_21700923/spack-stage/spack-stage-hdf5-1.10.7-xexa2gll6hf6okdatgrxiwhcjs2uepc7/spack-src/src/H5FDint.c line 249 in H5FD_write(): driver write request failed
    major: Virtual File Layer
    minor: Write failed
  #012: /scratch/spack_cpu/job_21700923/spack-stage/spack-stage-hdf5-1.10.7-xexa2gll6hf6okdatgrxiwhcjs2uepc7/spack-src/src/H5FDsec2.c line 856 in H5FD__sec2_write(): file write failed: time = Wed Nov 19 09:39:42 2025
, filename = 'checkpoint.h5', file descriptor = 5, errno = 14, error message = 'Bad address', buf = 0x1555537c4000, total write size = 15969552, bytes this sub-write = 15969552, bytes actually written = 18446744073709551615, offset = 0
    major: Low-level I/O
    minor: Write failed
HDF5-DIAG: Error detected in HDF5 (1.10.7) thread 0:
  #000: /scratch/spack_cpu/job_21700923/spack-stage/spack-stage-hdf5-1.10.7-xexa2gll6hf6okdatgrxiwhcjs2uepc7/spack-src/src/H5Dio.c line 335 in H5Dwrite(): can't write data
    major: Dataset
    minor: Write failed
  #001: /scratch/spack_cpu/job_21700923/spack-stage/spack-stage-hdf5-1.10.7-xexa2gll6hf6okdatgrxiwhcjs2uepc7/spack-src/src/H5Dio.c line 813 in H5D__write(): can't write data
    major: Dataset
    minor: Write failed
  #002: /scratch/spack_cpu/job_21700923/spack-stage/spack-stage-hdf5-1.10.7-xexa2gll6hf6okdatgrxiwhcjs2uepc7/spack-src/src/H5Dcontig.c line 659 in H5D__contig_write(): contiguous write failed
    major: Dataset
    minor: Write failed
  #003: /scratch/spack_cpu/job_21700923/spack-stage/spack-stage-hdf5-1.10.7-xexa2gll6hf6okdatgrxiwhcjs2uepc7/spack-src/src/H5Dselect.c line 321 in H5D__select_write(): write error
    major: Dataspace
    minor: Write failed
  #004: /scratch/spack_cpu/job_21700923/spack-stage/spack-stage-hdf5-1.10.7-xexa2gll6hf6okdatgrxiwhcjs2uepc7/spack-src/src/H5Dselect.c line 230 in H5D__select_io(): write error
    major: Dataspace
    minor: Write failed
  #005: /scratch/spack_cpu/job_21700923/spack-stage/spack-stage-hdf5-1.10.7-xexa2gll6hf6okdatgrxiwhcjs2uepc7/spack-src/src/H5Dcontig.c line 1281 in H5D__contig_writevv(): can't perform vectorized sieve buffer write
    major: Dataset
    minor: Can't operate on object
  #006: /scratch/spack_cpu/job_21700923/spack-stage/spack-stage-hdf5-1.10.7-xexa2gll6hf6okdatgrxiwhcjs2uepc7/spack-src/src/H5VM.c line 1464 in H5VM_opvv(): can't perform operation
    major: Internal error (too specific to document in detail)
    minor: Can't operate on object
  #007: /scratch/spack_cpu/job_21700923/spack-stage/spack-stage-hdf5-1.10.7-xexa2gll6hf6okdatgrxiwhcjs2uepc7/spack-src/src/H5Dcontig.c line 1029 in H5D__contig_writevv_sieve_cb(): block write failed
    major: Dataset
    minor: Write failed
  #008: /scratch/spack_cpu/job_21700923/spack-stage/spack-stage-hdf5-1.10.7-xexa2gll6hf6okdatgrxiwhcjs2uepc7/spack-src/src/H5Fio.c line 161 in H5F_block_write(): write through page buffer failed
    major: Low-level I/O
    minor: Write failed
  #009: /scratch/spack_cpu/job_21700923/spack-stage/spack-stage-hdf5-1.10.7-xexa2gll6hf6okdatgrxiwhcjs2uepc7/spack-src/src/H5PB.c line 1032 in H5PB_write(): write through metadata accumulator failed
    major: Page Buffering
    minor: Write failed
  #010: /scratch/spack_cpu/job_21700923/spack-stage/spack-stage-hdf5-1.10.7-xexa2gll6hf6okdatgrxiwhcjs2uepc7/spack-src/src/H5Faccum.c line 824 in H5F__accum_write(): file write failed
    major: Low-level I/O
    minor: Write failed
  #011: /scratch/spack_cpu/job_21700923/spack-stage/spack-stage-hdf5-1.10.7-xexa2gll6hf6okdatgrxiwhcjs2uepc7/spack-src/src/H5FDint.c line 249 in H5FD_write(): driver write request failed
    major: Virtual File Layer
    minor: Write failed
  #012: /scratch/spack_cpu/job_21700923/spack-stage/spack-stage-hdf5-1.10.7-xexa2gll6hf6okdatgrxiwhcjs2uepc7/spack-src/src/H5FDsec2.c line 856 in H5FD__sec2_write(): file write failed: time = Wed Nov 19 09:40:19 2025
, filename = 'checkpoint.h5', file descriptor = 5, errno = 14, error message = 'Bad address', buf = 0x1555537c4000, total write size = 15969552, bytes this sub-write = 15969552, bytes actually written = 18446744073709551615, offset = 0
    major: Low-level I/O
    minor: Write failed
HDF5-DIAG: Error detected in HDF5 (1.10.7) thread 0:
  #000: /scratch/spack_cpu/job_21700923/spack-stage/spack-stage-hdf5-1.10.7-xexa2gll6hf6okdatgrxiwhcjs2uepc7/spack-src/src/H5Dio.c line 335 in H5Dwrite(): can't write data
    major: Dataset
    minor: Write failed
  #001: /scratch/spack_cpu/job_21700923/spack-stage/spack-stage-hdf5-1.10.7-xexa2gll6hf6okdatgrxiwhcjs2uepc7/spack-src/src/H5Dio.c line 813 in H5D__write(): can't write data
    major: Dataset
    minor: Write failed
  #002: /scratch/spack_cpu/job_21700923/spack-stage/spack-stage-hdf5-1.10.7-xexa2gll6hf6okdatgrxiwhcjs2uepc7/spack-src/src/H5Dcontig.c line 659 in H5D__contig_write(): contiguous write failed
    major: Dataset
    minor: Write failed
  #003: /scratch/spack_cpu/job_21700923/spack-stage/spack-stage-hdf5-1.10.7-xexa2gll6hf6okdatgrxiwhcjs2uepc7/spack-src/src/H5Dselect.c line 321 in H5D__select_write(): write error
    major: Dataspace
    minor: Write failed
  #004: /scratch/spack_cpu/job_21700923/spack-stage/spack-stage-hdf5-1.10.7-xexa2gll6hf6okdatgrxiwhcjs2uepc7/spack-src/src/H5Dselect.c line 230 in H5D__select_io(): write error
    major: Dataspace
    minor: Write failed
  #005: /scratch/spack_cpu/job_21700923/spack-stage/spack-stage-hdf5-1.10.7-xexa2gll6hf6okdatgrxiwhcjs2uepc7/spack-src/src/H5Dcontig.c line 1281 in H5D__contig_writevv(): can't perform vectorized sieve buffer write
    major: Dataset
    minor: Can't operate on object
  #006: /scratch/spack_cpu/job_21700923/spack-stage/spack-stage-hdf5-1.10.7-xexa2gll6hf6okdatgrxiwhcjs2uepc7/spack-src/src/H5VM.c line 1464 in H5VM_opvv(): can't perform operation
    major: Internal error (too specific to document in detail)
    minor: Can't operate on object
  #007: /scratch/spack_cpu/job_21700923/spack-stage/spack-stage-hdf5-1.10.7-xexa2gll6hf6okdatgrxiwhcjs2uepc7/spack-src/src/H5Dcontig.c line 1029 in H5D__contig_writevv_sieve_cb(): block write failed
    major: Dataset
    minor: Write failed
  #008: /scratch/spack_cpu/job_21700923/spack-stage/spack-stage-hdf5-1.10.7-xexa2gll6hf6okdatgrxiwhcjs2uepc7/spack-src/src/H5Fio.c line 161 in H5F_block_write(): write through page buffer failed
    major: Low-level I/O
    minor: Write failed
  #009: /scratch/spack_cpu/job_21700923/spack-stage/spack-stage-hdf5-1.10.7-xexa2gll6hf6okdatgrxiwhcjs2uepc7/spack-src/src/H5PB.c line 1032 in H5PB_write(): write through metadata accumulator failed
    major: Page Buffering
    minor: Write failed
  #010: /scratch/spack_cpu/job_21700923/spack-stage/spack-stage-hdf5-1.10.7-xexa2gll6hf6okdatgrxiwhcjs2uepc7/spack-src/src/H5Faccum.c line 824 in H5F__accum_write(): file write failed
    major: Low-level I/O
    minor: Write failed
  #011: /scratch/spack_cpu/job_21700923/spack-stage/spack-stage-hdf5-1.10.7-xexa2gll6hf6okdatgrxiwhcjs2uepc7/spack-src/src/H5FDint.c line 249 in H5FD_write(): driver write request failed
    major: Virtual File Layer
    minor: Write failed
  #012: /scratch/spack_cpu/job_21700923/spack-stage/spack-stage-hdf5-1.10.7-xexa2gll6hf6okdatgrxiwhcjs2uepc7/spack-src/src/H5FDsec2.c line 856 in H5FD__sec2_write(): file write failed: time = Wed Nov 19 09:40:57 2025
, filename = 'checkpoint.h5', file descriptor = 5, errno = 14, error message = 'Bad address', buf = 0x1555537c4000, total write size = 15969552, bytes this sub-write = 15969552, bytes actually written = 18446744073709551615, offset = 0
    major: Low-level I/O
    minor: Write failed
HDF5-DIAG: Error detected in HDF5 (1.10.7) thread 0:
  #000: /scratch/spack_cpu/job_21700923/spack-stage/spack-stage-hdf5-1.10.7-xexa2gll6hf6okdatgrxiwhcjs2uepc7/spack-src/src/H5Dio.c line 335 in H5Dwrite(): can't write data
    major: Dataset
    minor: Write failed
  #001: /scratch/spack_cpu/job_21700923/spack-stage/spack-stage-hdf5-1.10.7-xexa2gll6hf6okdatgrxiwhcjs2uepc7/spack-src/src/H5Dio.c line 813 in H5D__write(): can't write data
    major: Dataset
    minor: Write failed
  #002: /scratch/spack_cpu/job_21700923/spack-stage/spack-stage-hdf5-1.10.7-xexa2gll6hf6okdatgrxiwhcjs2uepc7/spack-src/src/H5Dcontig.c line 659 in H5D__contig_write(): contiguous write failed
    major: Dataset
    minor: Write failed
  #003: /scratch/spack_cpu/job_21700923/spack-stage/spack-stage-hdf5-1.10.7-xexa2gll6hf6okdatgrxiwhcjs2uepc7/spack-src/src/H5Dselect.c line 321 in H5D__select_write(): write error
    major: Dataspace
    minor: Write failed
  #004: /scratch/spack_cpu/job_21700923/spack-stage/spack-stage-hdf5-1.10.7-xexa2gll6hf6okdatgrxiwhcjs2uepc7/spack-src/src/H5Dselect.c line 230 in H5D__select_io(): write error
    major: Dataspace
    minor: Write failed
  #005: /scratch/spack_cpu/job_21700923/spack-stage/spack-stage-hdf5-1.10.7-xexa2gll6hf6okdatgrxiwhcjs2uepc7/spack-src/src/H5Dcontig.c line 1281 in H5D__contig_writevv(): can't perform vectorized sieve buffer write
    major: Dataset
    minor: Can't operate on object
  #006: /scratch/spack_cpu/job_21700923/spack-stage/spack-stage-hdf5-1.10.7-xexa2gll6hf6okdatgrxiwhcjs2uepc7/spack-src/src/H5VM.c line 1464 in H5VM_opvv(): can't perform operation
    major: Internal error (too specific to document in detail)
    minor: Can't operate on object
  #007: /scratch/spack_cpu/job_21700923/spack-stage/spack-stage-hdf5-1.10.7-xexa2gll6hf6okdatgrxiwhcjs2uepc7/spack-src/src/H5Dcontig.c line 1029 in H5D__contig_writevv_sieve_cb(): block write failed
    major: Dataset
    minor: Write failed
  #008: /scratch/spack_cpu/job_21700923/spack-stage/spack-stage-hdf5-1.10.7-xexa2gll6hf6okdatgrxiwhcjs2uepc7/spack-src/src/H5Fio.c line 161 in H5F_block_write(): write through page buffer failed
    major: Low-level I/O
    minor: Write failed
  #009: /scratch/spack_cpu/job_21700923/spack-stage/spack-stage-hdf5-1.10.7-xexa2gll6hf6okdatgrxiwhcjs2uepc7/spack-src/src/H5PB.c line 1032 in H5PB_write(): write through metadata accumulator failed
    major: Page Buffering
    minor: Write failed
  #010: /scratch/spack_cpu/job_21700923/spack-stage/spack-stage-hdf5-1.10.7-xexa2gll6hf6okdatgrxiwhcjs2uepc7/spack-src/src/H5Faccum.c line 824 in H5F__accum_write(): file write failed
    major: Low-level I/O
    minor: Write failed
  #011: /scratch/spack_cpu/job_21700923/spack-stage/spack-stage-hdf5-1.10.7-xexa2gll6hf6okdatgrxiwhcjs2uepc7/spack-src/src/H5FDint.c line 249 in H5FD_write(): driver write request failed
    major: Virtual File Layer
    minor: Write failed
  #012: /scratch/spack_cpu/job_21700923/spack-stage/spack-stage-hdf5-1.10.7-xexa2gll6hf6okdatgrxiwhcjs2uepc7/spack-src/src/H5FDsec2.c line 856 in H5FD__sec2_write(): file write failed: time = Wed Nov 19 09:41:34 2025
, filename = 'checkpoint.h5', file descriptor = 5, errno = 14, error message = 'Bad address', buf = 0x1555537c4000, total write size = 15969552, bytes this sub-write = 15969552, bytes actually written = 18446744073709551615, offset = 0
    major: Low-level I/O
    minor: Write failed
HDF5-DIAG: Error detected in HDF5 (1.10.7) thread 0:
  #000: /scratch/spack_cpu/job_21700923/spack-stage/spack-stage-hdf5-1.10.7-xexa2gll6hf6okdatgrxiwhcjs2uepc7/spack-src/src/H5Dio.c line 335 in H5Dwrite(): can't write data
    major: Dataset
    minor: Write failed
  #001: /scratch/spack_cpu/job_21700923/spack-stage/spack-stage-hdf5-1.10.7-xexa2gll6hf6okdatgrxiwhcjs2uepc7/spack-src/src/H5Dio.c line 813 in H5D__write(): can't write data
    major: Dataset
    minor: Write failed
  #002: /scratch/spack_cpu/job_21700923/spack-stage/spack-stage-hdf5-1.10.7-xexa2gll6hf6okdatgrxiwhcjs2uepc7/spack-src/src/H5Dcontig.c line 659 in H5D__contig_write(): contiguous write failed
    major: Dataset
    minor: Write failed
  #003: /scratch/spack_cpu/job_21700923/spack-stage/spack-stage-hdf5-1.10.7-xexa2gll6hf6okdatgrxiwhcjs2uepc7/spack-src/src/H5Dselect.c line 321 in H5D__select_write(): write error
    major: Dataspace
    minor: Write failed
  #004: /scratch/spack_cpu/job_21700923/spack-stage/spack-stage-hdf5-1.10.7-xexa2gll6hf6okdatgrxiwhcjs2uepc7/spack-src/src/H5Dselect.c line 230 in H5D__select_io(): write error
    major: Dataspace
    minor: Write failed
  #005: /scratch/spack_cpu/job_21700923/spack-stage/spack-stage-hdf5-1.10.7-xexa2gll6hf6okdatgrxiwhcjs2uepc7/spack-src/src/H5Dcontig.c line 1281 in H5D__contig_writevv(): can't perform vectorized sieve buffer write
    major: Dataset
    minor: Can't operate on object
  #006: /scratch/spack_cpu/job_21700923/spack-stage/spack-stage-hdf5-1.10.7-xexa2gll6hf6okdatgrxiwhcjs2uepc7/spack-src/src/H5VM.c line 1464 in H5VM_opvv(): can't perform operation
    major: Internal error (too specific to document in detail)
    minor: Can't operate on object
  #007: /scratch/spack_cpu/job_21700923/spack-stage/spack-stage-hdf5-1.10.7-xexa2gll6hf6okdatgrxiwhcjs2uepc7/spack-src/src/H5Dcontig.c line 1029 in H5D__contig_writevv_sieve_cb(): block write failed
    major: Dataset
    minor: Write failed
  #008: /scratch/spack_cpu/job_21700923/spack-stage/spack-stage-hdf5-1.10.7-xexa2gll6hf6okdatgrxiwhcjs2uepc7/spack-src/src/H5Fio.c line 161 in H5F_block_write(): write through page buffer failed
    major: Low-level I/O
    minor: Write failed
  #009: /scratch/spack_cpu/job_21700923/spack-stage/spack-stage-hdf5-1.10.7-xexa2gll6hf6okdatgrxiwhcjs2uepc7/spack-src/src/H5PB.c line 1032 in H5PB_write(): write through metadata accumulator failed
    major: Page Buffering
    minor: Write failed
  #010: /scratch/spack_cpu/job_21700923/spack-stage/spack-stage-hdf5-1.10.7-xexa2gll6hf6okdatgrxiwhcjs2uepc7/spack-src/src/H5Faccum.c line 824 in H5F__accum_write(): file write failed
    major: Low-level I/O
    minor: Write failed
  #011: /scratch/spack_cpu/job_21700923/spack-stage/spack-stage-hdf5-1.10.7-xexa2gll6hf6okdatgrxiwhcjs2uepc7/spack-src/src/H5FDint.c line 249 in H5FD_write(): driver write request failed
    major: Virtual File Layer
    minor: Write failed
  #012: /scratch/spack_cpu/job_21700923/spack-stage/spack-stage-hdf5-1.10.7-xexa2gll6hf6okdatgrxiwhcjs2uepc7/spack-src/src/H5FDsec2.c line 856 in H5FD__sec2_write(): file write failed: time = Wed Nov 19 09:42:12 2025
, filename = 'checkpoint.h5', file descriptor = 5, errno = 14, error message = 'Bad address', buf = 0x1555537c4000, total write size = 15969552, bytes this sub-write = 15969552, bytes actually written = 18446744073709551615, offset = 0
    major: Low-level I/O
    minor: Write failed
HDF5-DIAG: Error detected in HDF5 (1.10.7) thread 0:
  #000: /scratch/spack_cpu/job_21700923/spack-stage/spack-stage-hdf5-1.10.7-xexa2gll6hf6okdatgrxiwhcjs2uepc7/spack-src/src/H5Dio.c line 335 in H5Dwrite(): can't write data
    major: Dataset
    minor: Write failed
  #001: /scratch/spack_cpu/job_21700923/spack-stage/spack-stage-hdf5-1.10.7-xexa2gll6hf6okdatgrxiwhcjs2uepc7/spack-src/src/H5Dio.c line 813 in H5D__write(): can't write data
    major: Dataset
    minor: Write failed
  #002: /scratch/spack_cpu/job_21700923/spack-stage/spack-stage-hdf5-1.10.7-xexa2gll6hf6okdatgrxiwhcjs2uepc7/spack-src/src/H5Dcontig.c line 659 in H5D__contig_write(): contiguous write failed
    major: Dataset
    minor: Write failed
  #003: /scratch/spack_cpu/job_21700923/spack-stage/spack-stage-hdf5-1.10.7-xexa2gll6hf6okdatgrxiwhcjs2uepc7/spack-src/src/H5Dselect.c line 321 in H5D__select_write(): write error
    major: Dataspace
    minor: Write failed
  #004: /scratch/spack_cpu/job_21700923/spack-stage/spack-stage-hdf5-1.10.7-xexa2gll6hf6okdatgrxiwhcjs2uepc7/spack-src/src/H5Dselect.c line 230 in H5D__select_io(): write error
    major: Dataspace
    minor: Write failed
  #005: /scratch/spack_cpu/job_21700923/spack-stage/spack-stage-hdf5-1.10.7-xexa2gll6hf6okdatgrxiwhcjs2uepc7/spack-src/src/H5Dcontig.c line 1281 in H5D__contig_writevv(): can't perform vectorized sieve buffer write
    major: Dataset
    minor: Can't operate on object
  #006: /scratch/spack_cpu/job_21700923/spack-stage/spack-stage-hdf5-1.10.7-xexa2gll6hf6okdatgrxiwhcjs2uepc7/spack-src/src/H5VM.c line 1464 in H5VM_opvv(): can't perform operation
    major: Internal error (too specific to document in detail)
    minor: Can't operate on object
  #007: /scratch/spack_cpu/job_21700923/spack-stage/spack-stage-hdf5-1.10.7-xexa2gll6hf6okdatgrxiwhcjs2uepc7/spack-src/src/H5Dcontig.c line 1029 in H5D__contig_writevv_sieve_cb(): block write failed
    major: Dataset
    minor: Write failed
  #008: /scratch/spack_cpu/job_21700923/spack-stage/spack-stage-hdf5-1.10.7-xexa2gll6hf6okdatgrxiwhcjs2uepc7/spack-src/src/H5Fio.c line 161 in H5F_block_write(): write through page buffer failed
    major: Low-level I/O
    minor: Write failed
  #009: /scratch/spack_cpu/job_21700923/spack-stage/spack-stage-hdf5-1.10.7-xexa2gll6hf6okdatgrxiwhcjs2uepc7/spack-src/src/H5PB.c line 1032 in H5PB_write(): write through metadata accumulator failed
    major: Page Buffering
    minor: Write failed
  #010: /scratch/spack_cpu/job_21700923/spack-stage/spack-stage-hdf5-1.10.7-xexa2gll6hf6okdatgrxiwhcjs2uepc7/spack-src/src/H5Faccum.c line 824 in H5F__accum_write(): file write failed
    major: Low-level I/O
    minor: Write failed
  #011: /scratch/spack_cpu/job_21700923/spack-stage/spack-stage-hdf5-1.10.7-xexa2gll6hf6okdatgrxiwhcjs2uepc7/spack-src/src/H5FDint.c line 249 in H5FD_write(): driver write request failed
    major: Virtual File Layer
    minor: Write failed
  #012: /scratch/spack_cpu/job_21700923/spack-stage/spack-stage-hdf5-1.10.7-xexa2gll6hf6okdatgrxiwhcjs2uepc7/spack-src/src/H5FDsec2.c line 856 in H5FD__sec2_write(): file write failed: time = Wed Nov 19 09:42:49 2025
, filename = 'checkpoint.h5', file descriptor = 5, errno = 14, error message = 'Bad address', buf = 0x1555537c4000, total write size = 15969552, bytes this sub-write = 15969552, bytes actually written = 18446744073709551615, offset = 0
    major: Low-level I/O
    minor: Write failed
HDF5-DIAG: Error detected in HDF5 (1.10.7) thread 0:
  #000: /scratch/spack_cpu/job_21700923/spack-stage/spack-stage-hdf5-1.10.7-xexa2gll6hf6okdatgrxiwhcjs2uepc7/spack-src/src/H5Dio.c line 335 in H5Dwrite(): can't write data
    major: Dataset
    minor: Write failed
  #001: /scratch/spack_cpu/job_21700923/spack-stage/spack-stage-hdf5-1.10.7-xexa2gll6hf6okdatgrxiwhcjs2uepc7/spack-src/src/H5Dio.c line 813 in H5D__write(): can't write data
    major: Dataset
    minor: Write failed
  #002: /scratch/spack_cpu/job_21700923/spack-stage/spack-stage-hdf5-1.10.7-xexa2gll6hf6okdatgrxiwhcjs2uepc7/spack-src/src/H5Dcontig.c line 659 in H5D__contig_write(): contiguous write failed
    major: Dataset
    minor: Write failed
  #003: /scratch/spack_cpu/job_21700923/spack-stage/spack-stage-hdf5-1.10.7-xexa2gll6hf6okdatgrxiwhcjs2uepc7/spack-src/src/H5Dselect.c line 321 in H5D__select_write(): write error
    major: Dataspace
    minor: Write failed
  #004: /scratch/spack_cpu/job_21700923/spack-stage/spack-stage-hdf5-1.10.7-xexa2gll6hf6okdatgrxiwhcjs2uepc7/spack-src/src/H5Dselect.c line 230 in H5D__select_io(): write error
    major: Dataspace
    minor: Write failed
  #005: /scratch/spack_cpu/job_21700923/spack-stage/spack-stage-hdf5-1.10.7-xexa2gll6hf6okdatgrxiwhcjs2uepc7/spack-src/src/H5Dcontig.c line 1281 in H5D__contig_writevv(): can't perform vectorized sieve buffer write
    major: Dataset
    minor: Can't operate on object
  #006: /scratch/spack_cpu/job_21700923/spack-stage/spack-stage-hdf5-1.10.7-xexa2gll6hf6okdatgrxiwhcjs2uepc7/spack-src/src/H5VM.c line 1464 in H5VM_opvv(): can't perform operation
    major: Internal error (too specific to document in detail)
    minor: Can't operate on object
  #007: /scratch/spack_cpu/job_21700923/spack-stage/spack-stage-hdf5-1.10.7-xexa2gll6hf6okdatgrxiwhcjs2uepc7/spack-src/src/H5Dcontig.c line 1029 in H5D__contig_writevv_sieve_cb(): block write failed
    major: Dataset
    minor: Write failed
  #008: /scratch/spack_cpu/job_21700923/spack-stage/spack-stage-hdf5-1.10.7-xexa2gll6hf6okdatgrxiwhcjs2uepc7/spack-src/src/H5Fio.c line 161 in H5F_block_write(): write through page buffer failed
    major: Low-level I/O
    minor: Write failed
  #009: /scratch/spack_cpu/job_21700923/spack-stage/spack-stage-hdf5-1.10.7-xexa2gll6hf6okdatgrxiwhcjs2uepc7/spack-src/src/H5PB.c line 1032 in H5PB_write(): write through metadata accumulator failed
    major: Page Buffering
    minor: Write failed
  #010: /scratch/spack_cpu/job_21700923/spack-stage/spack-stage-hdf5-1.10.7-xexa2gll6hf6okdatgrxiwhcjs2uepc7/spack-src/src/H5Faccum.c line 824 in H5F__accum_write(): file write failed
    major: Low-level I/O
    minor: Write failed
  #011: /scratch/spack_cpu/job_21700923/spack-stage/spack-stage-hdf5-1.10.7-xexa2gll6hf6okdatgrxiwhcjs2uepc7/spack-src/src/H5FDint.c line 249 in H5FD_write(): driver write request failed
    major: Virtual File Layer
    minor: Write failed
  #012: /scratch/spack_cpu/job_21700923/spack-stage/spack-stage-hdf5-1.10.7-xexa2gll6hf6okdatgrxiwhcjs2uepc7/spack-src/src/H5FDsec2.c line 856 in H5FD__sec2_write(): file write failed: time = Wed Nov 19 09:43:26 2025
, filename = 'checkpoint.h5', file descriptor = 5, errno = 14, error message = 'Bad address', buf = 0x1555537c4000, total write size = 15969552, bytes this sub-write = 15969552, bytes actually written = 18446744073709551615, offset = 0
    major: Low-level I/O
    minor: Write failed
HDF5-DIAG: Error detected in HDF5 (1.10.7) thread 0:
  #000: /scratch/spack_cpu/job_21700923/spack-stage/spack-stage-hdf5-1.10.7-xexa2gll6hf6okdatgrxiwhcjs2uepc7/spack-src/src/H5Dio.c line 335 in H5Dwrite(): can't write data
    major: Dataset
    minor: Write failed
  #001: /scratch/spack_cpu/job_21700923/spack-stage/spack-stage-hdf5-1.10.7-xexa2gll6hf6okdatgrxiwhcjs2uepc7/spack-src/src/H5Dio.c line 813 in H5D__write(): can't write data
    major: Dataset
    minor: Write failed
  #002: /scratch/spack_cpu/job_21700923/spack-stage/spack-stage-hdf5-1.10.7-xexa2gll6hf6okdatgrxiwhcjs2uepc7/spack-src/src/H5Dcontig.c line 659 in H5D__contig_write(): contiguous write failed
    major: Dataset
    minor: Write failed
  #003: /scratch/spack_cpu/job_21700923/spack-stage/spack-stage-hdf5-1.10.7-xexa2gll6hf6okdatgrxiwhcjs2uepc7/spack-src/src/H5Dselect.c line 321 in H5D__select_write(): write error
    major: Dataspace
    minor: Write failed
  #004: /scratch/spack_cpu/job_21700923/spack-stage/spack-stage-hdf5-1.10.7-xexa2gll6hf6okdatgrxiwhcjs2uepc7/spack-src/src/H5Dselect.c line 230 in H5D__select_io(): write error
    major: Dataspace
    minor: Write failed
  #005: /scratch/spack_cpu/job_21700923/spack-stage/spack-stage-hdf5-1.10.7-xexa2gll6hf6okdatgrxiwhcjs2uepc7/spack-src/src/H5Dcontig.c line 1281 in H5D__contig_writevv(): can't perform vectorized sieve buffer write
    major: Dataset
    minor: Can't operate on object
  #006: /scratch/spack_cpu/job_21700923/spack-stage/spack-stage-hdf5-1.10.7-xexa2gll6hf6okdatgrxiwhcjs2uepc7/spack-src/src/H5VM.c line 1464 in H5VM_opvv(): can't perform operation
    major: Internal error (too specific to document in detail)
    minor: Can't operate on object
  #007: /scratch/spack_cpu/job_21700923/spack-stage/spack-stage-hdf5-1.10.7-xexa2gll6hf6okdatgrxiwhcjs2uepc7/spack-src/src/H5Dcontig.c line 1029 in H5D__contig_writevv_sieve_cb(): block write failed
    major: Dataset
    minor: Write failed
  #008: /scratch/spack_cpu/job_21700923/spack-stage/spack-stage-hdf5-1.10.7-xexa2gll6hf6okdatgrxiwhcjs2uepc7/spack-src/src/H5Fio.c line 161 in H5F_block_write(): write through page buffer failed
    major: Low-level I/O
    minor: Write failed
  #009: /scratch/spack_cpu/job_21700923/spack-stage/spack-stage-hdf5-1.10.7-xexa2gll6hf6okdatgrxiwhcjs2uepc7/spack-src/src/H5PB.c line 1032 in H5PB_write(): write through metadata accumulator failed
    major: Page Buffering
    minor: Write failed
  #010: /scratch/spack_cpu/job_21700923/spack-stage/spack-stage-hdf5-1.10.7-xexa2gll6hf6okdatgrxiwhcjs2uepc7/spack-src/src/H5Faccum.c line 824 in H5F__accum_write(): file write failed
    major: Low-level I/O
    minor: Write failed
  #011: /scratch/spack_cpu/job_21700923/spack-stage/spack-stage-hdf5-1.10.7-xexa2gll6hf6okdatgrxiwhcjs2uepc7/spack-src/src/H5FDint.c line 249 in H5FD_write(): driver write request failed
    major: Virtual File Layer
    minor: Write failed
  #012: /scratch/spack_cpu/job_21700923/spack-stage/spack-stage-hdf5-1.10.7-xexa2gll6hf6okdatgrxiwhcjs2uepc7/spack-src/src/H5FDsec2.c line 856 in H5FD__sec2_write(): file write failed: time = Wed Nov 19 09:44:03 2025
, filename = 'checkpoint.h5', file descriptor = 5, errno = 14, error message = 'Bad address', buf = 0x1555537c4000, total write size = 15969552, bytes this sub-write = 15969552, bytes actually written = 18446744073709551615, offset = 0
    major: Low-level I/O
    minor: Write failed
HDF5-DIAG: Error detected in HDF5 (1.10.7) thread 0:
  #000: /scratch/spack_cpu/job_21700923/spack-stage/spack-stage-hdf5-1.10.7-xexa2gll6hf6okdatgrxiwhcjs2uepc7/spack-src/src/H5Dio.c line 335 in H5Dwrite(): can't write data
    major: Dataset
    minor: Write failed
  #001: /scratch/spack_cpu/job_21700923/spack-stage/spack-stage-hdf5-1.10.7-xexa2gll6hf6okdatgrxiwhcjs2uepc7/spack-src/src/H5Dio.c line 813 in H5D__write(): can't write data
    major: Dataset
    minor: Write failed
  #002: /scratch/spack_cpu/job_21700923/spack-stage/spack-stage-hdf5-1.10.7-xexa2gll6hf6okdatgrxiwhcjs2uepc7/spack-src/src/H5Dcontig.c line 659 in H5D__contig_write(): contiguous write failed
    major: Dataset
    minor: Write failed
  #003: /scratch/spack_cpu/job_21700923/spack-stage/spack-stage-hdf5-1.10.7-xexa2gll6hf6okdatgrxiwhcjs2uepc7/spack-src/src/H5Dselect.c line 321 in H5D__select_write(): write error
    major: Dataspace
    minor: Write failed
  #004: /scratch/spack_cpu/job_21700923/spack-stage/spack-stage-hdf5-1.10.7-xexa2gll6hf6okdatgrxiwhcjs2uepc7/spack-src/src/H5Dselect.c line 230 in H5D__select_io(): write error
    major: Dataspace
    minor: Write failed
  #005: /scratch/spack_cpu/job_21700923/spack-stage/spack-stage-hdf5-1.10.7-xexa2gll6hf6okdatgrxiwhcjs2uepc7/spack-src/src/H5Dcontig.c line 1281 in H5D__contig_writevv(): can't perform vectorized sieve buffer write
    major: Dataset
    minor: Can't operate on object
  #006: /scratch/spack_cpu/job_21700923/spack-stage/spack-stage-hdf5-1.10.7-xexa2gll6hf6okdatgrxiwhcjs2uepc7/spack-src/src/H5VM.c line 1464 in H5VM_opvv(): can't perform operation
    major: Internal error (too specific to document in detail)
    minor: Can't operate on object
  #007: /scratch/spack_cpu/job_21700923/spack-stage/spack-stage-hdf5-1.10.7-xexa2gll6hf6okdatgrxiwhcjs2uepc7/spack-src/src/H5Dcontig.c line 1029 in H5D__contig_writevv_sieve_cb(): block write failed
    major: Dataset
    minor: Write failed
  #008: /scratch/spack_cpu/job_21700923/spack-stage/spack-stage-hdf5-1.10.7-xexa2gll6hf6okdatgrxiwhcjs2uepc7/spack-src/src/H5Fio.c line 161 in H5F_block_write(): write through page buffer failed
    major: Low-level I/O
    minor: Write failed
  #009: /scratch/spack_cpu/job_21700923/spack-stage/spack-stage-hdf5-1.10.7-xexa2gll6hf6okdatgrxiwhcjs2uepc7/spack-src/src/H5PB.c line 1032 in H5PB_write(): write through metadata accumulator failed
    major: Page Buffering
    minor: Write failed
  #010: /scratch/spack_cpu/job_21700923/spack-stage/spack-stage-hdf5-1.10.7-xexa2gll6hf6okdatgrxiwhcjs2uepc7/spack-src/src/H5Faccum.c line 824 in H5F__accum_write(): file write failed
    major: Low-level I/O
    minor: Write failed
  #011: /scratch/spack_cpu/job_21700923/spack-stage/spack-stage-hdf5-1.10.7-xexa2gll6hf6okdatgrxiwhcjs2uepc7/spack-src/src/H5FDint.c line 249 in H5FD_write(): driver write request failed
    major: Virtual File Layer
    minor: Write failed
  #012: /scratch/spack_cpu/job_21700923/spack-stage/spack-stage-hdf5-1.10.7-xexa2gll6hf6okdatgrxiwhcjs2uepc7/spack-src/src/H5FDsec2.c line 856 in H5FD__sec2_write(): file write failed: time = Wed Nov 19 09:44:41 2025
, filename = 'checkpoint.h5', file descriptor = 5, errno = 14, error message = 'Bad address', buf = 0x1555537c4000, total write size = 15969552, bytes this sub-write = 15969552, bytes actually written = 18446744073709551615, offset = 0
    major: Low-level I/O
    minor: Write failed
HDF5-DIAG: Error detected in HDF5 (1.10.7) thread 0:
  #000: /scratch/spack_cpu/job_21700923/spack-stage/spack-stage-hdf5-1.10.7-xexa2gll6hf6okdatgrxiwhcjs2uepc7/spack-src/src/H5Dio.c line 335 in H5Dwrite(): can't write data
    major: Dataset
    minor: Write failed
  #001: /scratch/spack_cpu/job_21700923/spack-stage/spack-stage-hdf5-1.10.7-xexa2gll6hf6okdatgrxiwhcjs2uepc7/spack-src/src/H5Dio.c line 813 in H5D__write(): can't write data
    major: Dataset
    minor: Write failed
  #002: /scratch/spack_cpu/job_21700923/spack-stage/spack-stage-hdf5-1.10.7-xexa2gll6hf6okdatgrxiwhcjs2uepc7/spack-src/src/H5Dcontig.c line 659 in H5D__contig_write(): contiguous write failed
    major: Dataset
    minor: Write failed
  #003: /scratch/spack_cpu/job_21700923/spack-stage/spack-stage-hdf5-1.10.7-xexa2gll6hf6okdatgrxiwhcjs2uepc7/spack-src/src/H5Dselect.c line 321 in H5D__select_write(): write error
    major: Dataspace
    minor: Write failed
  #004: /scratch/spack_cpu/job_21700923/spack-stage/spack-stage-hdf5-1.10.7-xexa2gll6hf6okdatgrxiwhcjs2uepc7/spack-src/src/H5Dselect.c line 230 in H5D__select_io(): write error
    major: Dataspace
    minor: Write failed
  #005: /scratch/spack_cpu/job_21700923/spack-stage/spack-stage-hdf5-1.10.7-xexa2gll6hf6okdatgrxiwhcjs2uepc7/spack-src/src/H5Dcontig.c line 1281 in H5D__contig_writevv(): can't perform vectorized sieve buffer write
    major: Dataset
    minor: Can't operate on object
  #006: /scratch/spack_cpu/job_21700923/spack-stage/spack-stage-hdf5-1.10.7-xexa2gll6hf6okdatgrxiwhcjs2uepc7/spack-src/src/H5VM.c line 1464 in H5VM_opvv(): can't perform operation
    major: Internal error (too specific to document in detail)
    minor: Can't operate on object
  #007: /scratch/spack_cpu/job_21700923/spack-stage/spack-stage-hdf5-1.10.7-xexa2gll6hf6okdatgrxiwhcjs2uepc7/spack-src/src/H5Dcontig.c line 1029 in H5D__contig_writevv_sieve_cb(): block write failed
    major: Dataset
    minor: Write failed
  #008: /scratch/spack_cpu/job_21700923/spack-stage/spack-stage-hdf5-1.10.7-xexa2gll6hf6okdatgrxiwhcjs2uepc7/spack-src/src/H5Fio.c line 161 in H5F_block_write(): write through page buffer failed
    major: Low-level I/O
    minor: Write failed
  #009: /scratch/spack_cpu/job_21700923/spack-stage/spack-stage-hdf5-1.10.7-xexa2gll6hf6okdatgrxiwhcjs2uepc7/spack-src/src/H5PB.c line 1032 in H5PB_write(): write through metadata accumulator failed
    major: Page Buffering
    minor: Write failed
  #010: /scratch/spack_cpu/job_21700923/spack-stage/spack-stage-hdf5-1.10.7-xexa2gll6hf6okdatgrxiwhcjs2uepc7/spack-src/src/H5Faccum.c line 824 in H5F__accum_write(): file write failed
    major: Low-level I/O
    minor: Write failed
  #011: /scratch/spack_cpu/job_21700923/spack-stage/spack-stage-hdf5-1.10.7-xexa2gll6hf6okdatgrxiwhcjs2uepc7/spack-src/src/H5FDint.c line 249 in H5FD_write(): driver write request failed
    major: Virtual File Layer
    minor: Write failed
  #012: /scratch/spack_cpu/job_21700923/spack-stage/spack-stage-hdf5-1.10.7-xexa2gll6hf6okdatgrxiwhcjs2uepc7/spack-src/src/H5FDsec2.c line 856 in H5FD__sec2_write(): file write failed: time = Wed Nov 19 09:45:18 2025
, filename = 'checkpoint.h5', file descriptor = 5, errno = 14, error message = 'Bad address', buf = 0x1555537c4000, total write size = 15969552, bytes this sub-write = 15969552, bytes actually written = 18446744073709551615, offset = 0
    major: Low-level I/O
    minor: Write failed
HDF5-DIAG: Error detected in HDF5 (1.10.7) thread 0:
  #000: /scratch/spack_cpu/job_21700923/spack-stage/spack-stage-hdf5-1.10.7-xexa2gll6hf6okdatgrxiwhcjs2uepc7/spack-src/src/H5Dio.c line 335 in H5Dwrite(): can't write data
    major: Dataset
    minor: Write failed
  #001: /scratch/spack_cpu/job_21700923/spack-stage/spack-stage-hdf5-1.10.7-xexa2gll6hf6okdatgrxiwhcjs2uepc7/spack-src/src/H5Dio.c line 813 in H5D__write(): can't write data
    major: Dataset
    minor: Write failed
  #002: /scratch/spack_cpu/job_21700923/spack-stage/spack-stage-hdf5-1.10.7-xexa2gll6hf6okdatgrxiwhcjs2uepc7/spack-src/src/H5Dcontig.c line 659 in H5D__contig_write(): contiguous write failed
    major: Dataset
    minor: Write failed
  #003: /scratch/spack_cpu/job_21700923/spack-stage/spack-stage-hdf5-1.10.7-xexa2gll6hf6okdatgrxiwhcjs2uepc7/spack-src/src/H5Dselect.c line 321 in H5D__select_write(): write error
    major: Dataspace
    minor: Write failed
  #004: /scratch/spack_cpu/job_21700923/spack-stage/spack-stage-hdf5-1.10.7-xexa2gll6hf6okdatgrxiwhcjs2uepc7/spack-src/src/H5Dselect.c line 230 in H5D__select_io(): write error
    major: Dataspace
    minor: Write failed
  #005: /scratch/spack_cpu/job_21700923/spack-stage/spack-stage-hdf5-1.10.7-xexa2gll6hf6okdatgrxiwhcjs2uepc7/spack-src/src/H5Dcontig.c line 1281 in H5D__contig_writevv(): can't perform vectorized sieve buffer write
    major: Dataset
    minor: Can't operate on object
  #006: /scratch/spack_cpu/job_21700923/spack-stage/spack-stage-hdf5-1.10.7-xexa2gll6hf6okdatgrxiwhcjs2uepc7/spack-src/src/H5VM.c line 1464 in H5VM_opvv(): can't perform operation
    major: Internal error (too specific to document in detail)
    minor: Can't operate on object
  #007: /scratch/spack_cpu/job_21700923/spack-stage/spack-stage-hdf5-1.10.7-xexa2gll6hf6okdatgrxiwhcjs2uepc7/spack-src/src/H5Dcontig.c line 1029 in H5D__contig_writevv_sieve_cb(): block write failed
    major: Dataset
    minor: Write failed
  #008: /scratch/spack_cpu/job_21700923/spack-stage/spack-stage-hdf5-1.10.7-xexa2gll6hf6okdatgrxiwhcjs2uepc7/spack-src/src/H5Fio.c line 161 in H5F_block_write(): write through page buffer failed
    major: Low-level I/O
    minor: Write failed
  #009: /scratch/spack_cpu/job_21700923/spack-stage/spack-stage-hdf5-1.10.7-xexa2gll6hf6okdatgrxiwhcjs2uepc7/spack-src/src/H5PB.c line 1032 in H5PB_write(): write through metadata accumulator failed
    major: Page Buffering
    minor: Write failed
  #010: /scratch/spack_cpu/job_21700923/spack-stage/spack-stage-hdf5-1.10.7-xexa2gll6hf6okdatgrxiwhcjs2uepc7/spack-src/src/H5Faccum.c line 824 in H5F__accum_write(): file write failed
    major: Low-level I/O
    minor: Write failed
  #011: /scratch/spack_cpu/job_21700923/spack-stage/spack-stage-hdf5-1.10.7-xexa2gll6hf6okdatgrxiwhcjs2uepc7/spack-src/src/H5FDint.c line 249 in H5FD_write(): driver write request failed
    major: Virtual File Layer
    minor: Write failed
  #012: /scratch/spack_cpu/job_21700923/spack-stage/spack-stage-hdf5-1.10.7-xexa2gll6hf6okdatgrxiwhcjs2uepc7/spack-src/src/H5FDsec2.c line 856 in H5FD__sec2_write(): file write failed: time = Wed Nov 19 09:45:55 2025
, filename = 'checkpoint.h5', file descriptor = 5, errno = 14, error message = 'Bad address', buf = 0x1555537c4000, total write size = 15969552, bytes this sub-write = 15969552, bytes actually written = 18446744073709551615, offset = 0
    major: Low-level I/O
    minor: Write failed
HDF5-DIAG: Error detected in HDF5 (1.10.7) thread 0:
  #000: /scratch/spack_cpu/job_21700923/spack-stage/spack-stage-hdf5-1.10.7-xexa2gll6hf6okdatgrxiwhcjs2uepc7/spack-src/src/H5Dio.c line 335 in H5Dwrite(): can't write data
    major: Dataset
    minor: Write failed
  #001: /scratch/spack_cpu/job_21700923/spack-stage/spack-stage-hdf5-1.10.7-xexa2gll6hf6okdatgrxiwhcjs2uepc7/spack-src/src/H5Dio.c line 813 in H5D__write(): can't write data
    major: Dataset
    minor: Write failed
  #002: /scratch/spack_cpu/job_21700923/spack-stage/spack-stage-hdf5-1.10.7-xexa2gll6hf6okdatgrxiwhcjs2uepc7/spack-src/src/H5Dcontig.c line 659 in H5D__contig_write(): contiguous write failed
    major: Dataset
    minor: Write failed
  #003: /scratch/spack_cpu/job_21700923/spack-stage/spack-stage-hdf5-1.10.7-xexa2gll6hf6okdatgrxiwhcjs2uepc7/spack-src/src/H5Dselect.c line 321 in H5D__select_write(): write error
    major: Dataspace
    minor: Write failed
  #004: /scratch/spack_cpu/job_21700923/spack-stage/spack-stage-hdf5-1.10.7-xexa2gll6hf6okdatgrxiwhcjs2uepc7/spack-src/src/H5Dselect.c line 230 in H5D__select_io(): write error
    major: Dataspace
    minor: Write failed
  #005: /scratch/spack_cpu/job_21700923/spack-stage/spack-stage-hdf5-1.10.7-xexa2gll6hf6okdatgrxiwhcjs2uepc7/spack-src/src/H5Dcontig.c line 1281 in H5D__contig_writevv(): can't perform vectorized sieve buffer write
    major: Dataset
    minor: Can't operate on object
  #006: /scratch/spack_cpu/job_21700923/spack-stage/spack-stage-hdf5-1.10.7-xexa2gll6hf6okdatgrxiwhcjs2uepc7/spack-src/src/H5VM.c line 1464 in H5VM_opvv(): can't perform operation
    major: Internal error (too specific to document in detail)
    minor: Can't operate on object
  #007: /scratch/spack_cpu/job_21700923/spack-stage/spack-stage-hdf5-1.10.7-xexa2gll6hf6okdatgrxiwhcjs2uepc7/spack-src/src/H5Dcontig.c line 1029 in H5D__contig_writevv_sieve_cb(): block write failed
    major: Dataset
    minor: Write failed
  #008: /scratch/spack_cpu/job_21700923/spack-stage/spack-stage-hdf5-1.10.7-xexa2gll6hf6okdatgrxiwhcjs2uepc7/spack-src/src/H5Fio.c line 161 in H5F_block_write(): write through page buffer failed
    major: Low-level I/O
    minor: Write failed
  #009: /scratch/spack_cpu/job_21700923/spack-stage/spack-stage-hdf5-1.10.7-xexa2gll6hf6okdatgrxiwhcjs2uepc7/spack-src/src/H5PB.c line 1032 in H5PB_write(): write through metadata accumulator failed
    major: Page Buffering
    minor: Write failed
  #010: /scratch/spack_cpu/job_21700923/spack-stage/spack-stage-hdf5-1.10.7-xexa2gll6hf6okdatgrxiwhcjs2uepc7/spack-src/src/H5Faccum.c line 824 in H5F__accum_write(): file write failed
    major: Low-level I/O
    minor: Write failed
  #011: /scratch/spack_cpu/job_21700923/spack-stage/spack-stage-hdf5-1.10.7-xexa2gll6hf6okdatgrxiwhcjs2uepc7/spack-src/src/H5FDint.c line 249 in H5FD_write(): driver write request failed
    major: Virtual File Layer
    minor: Write failed
  #012: /scratch/spack_cpu/job_21700923/spack-stage/spack-stage-hdf5-1.10.7-xexa2gll6hf6okdatgrxiwhcjs2uepc7/spack-src/src/H5FDsec2.c line 856 in H5FD__sec2_write(): file write failed: time = Wed Nov 19 09:46:33 2025
, filename = 'checkpoint.h5', file descriptor = 5, errno = 14, error message = 'Bad address', buf = 0x1555537c4000, total write size = 15969552, bytes this sub-write = 15969552, bytes actually written = 18446744073709551615, offset = 0
    major: Low-level I/O
    minor: Write failed
HDF5-DIAG: Error detected in HDF5 (1.10.7) thread 0:
  #000: /scratch/spack_cpu/job_21700923/spack-stage/spack-stage-hdf5-1.10.7-xexa2gll6hf6okdatgrxiwhcjs2uepc7/spack-src/src/H5Dio.c line 335 in H5Dwrite(): can't write data
    major: Dataset
    minor: Write failed
  #001: /scratch/spack_cpu/job_21700923/spack-stage/spack-stage-hdf5-1.10.7-xexa2gll6hf6okdatgrxiwhcjs2uepc7/spack-src/src/H5Dio.c line 813 in H5D__write(): can't write data
    major: Dataset
    minor: Write failed
  #002: /scratch/spack_cpu/job_21700923/spack-stage/spack-stage-hdf5-1.10.7-xexa2gll6hf6okdatgrxiwhcjs2uepc7/spack-src/src/H5Dcontig.c line 659 in H5D__contig_write(): contiguous write failed
    major: Dataset
    minor: Write failed
  #003: /scratch/spack_cpu/job_21700923/spack-stage/spack-stage-hdf5-1.10.7-xexa2gll6hf6okdatgrxiwhcjs2uepc7/spack-src/src/H5Dselect.c line 321 in H5D__select_write(): write error
    major: Dataspace
    minor: Write failed
  #004: /scratch/spack_cpu/job_21700923/spack-stage/spack-stage-hdf5-1.10.7-xexa2gll6hf6okdatgrxiwhcjs2uepc7/spack-src/src/H5Dselect.c line 230 in H5D__select_io(): write error
    major: Dataspace
    minor: Write failed
  #005: /scratch/spack_cpu/job_21700923/spack-stage/spack-stage-hdf5-1.10.7-xexa2gll6hf6okdatgrxiwhcjs2uepc7/spack-src/src/H5Dcontig.c line 1281 in H5D__contig_writevv(): can't perform vectorized sieve buffer write
    major: Dataset
    minor: Can't operate on object
  #006: /scratch/spack_cpu/job_21700923/spack-stage/spack-stage-hdf5-1.10.7-xexa2gll6hf6okdatgrxiwhcjs2uepc7/spack-src/src/H5VM.c line 1464 in H5VM_opvv(): can't perform operation
    major: Internal error (too specific to document in detail)
    minor: Can't operate on object
  #007: /scratch/spack_cpu/job_21700923/spack-stage/spack-stage-hdf5-1.10.7-xexa2gll6hf6okdatgrxiwhcjs2uepc7/spack-src/src/H5Dcontig.c line 1029 in H5D__contig_writevv_sieve_cb(): block write failed
    major: Dataset
    minor: Write failed
  #008: /scratch/spack_cpu/job_21700923/spack-stage/spack-stage-hdf5-1.10.7-xexa2gll6hf6okdatgrxiwhcjs2uepc7/spack-src/src/H5Fio.c line 161 in H5F_block_write(): write through page buffer failed
    major: Low-level I/O
    minor: Write failed
  #009: /scratch/spack_cpu/job_21700923/spack-stage/spack-stage-hdf5-1.10.7-xexa2gll6hf6okdatgrxiwhcjs2uepc7/spack-src/src/H5PB.c line 1032 in H5PB_write(): write through metadata accumulator failed
    major: Page Buffering
    minor: Write failed
  #010: /scratch/spack_cpu/job_21700923/spack-stage/spack-stage-hdf5-1.10.7-xexa2gll6hf6okdatgrxiwhcjs2uepc7/spack-src/src/H5Faccum.c line 824 in H5F__accum_write(): file write failed
    major: Low-level I/O
    minor: Write failed
  #011: /scratch/spack_cpu/job_21700923/spack-stage/spack-stage-hdf5-1.10.7-xexa2gll6hf6okdatgrxiwhcjs2uepc7/spack-src/src/H5FDint.c line 249 in H5FD_write(): driver write request failed
    major: Virtual File Layer
    minor: Write failed
  #012: /scratch/spack_cpu/job_21700923/spack-stage/spack-stage-hdf5-1.10.7-xexa2gll6hf6okdatgrxiwhcjs2uepc7/spack-src/src/H5FDsec2.c line 856 in H5FD__sec2_write(): file write failed: time = Wed Nov 19 09:47:10 2025
, filename = 'checkpoint.h5', file descriptor = 5, errno = 14, error message = 'Bad address', buf = 0x1555537c4000, total write size = 15969552, bytes this sub-write = 15969552, bytes actually written = 18446744073709551615, offset = 0
    major: Low-level I/O
    minor: Write failed
HDF5-DIAG: Error detected in HDF5 (1.10.7) thread 0:
  #000: /scratch/spack_cpu/job_21700923/spack-stage/spack-stage-hdf5-1.10.7-xexa2gll6hf6okdatgrxiwhcjs2uepc7/spack-src/src/H5Dio.c line 335 in H5Dwrite(): can't write data
    major: Dataset
    minor: Write failed
  #001: /scratch/spack_cpu/job_21700923/spack-stage/spack-stage-hdf5-1.10.7-xexa2gll6hf6okdatgrxiwhcjs2uepc7/spack-src/src/H5Dio.c line 813 in H5D__write(): can't write data
    major: Dataset
    minor: Write failed
  #002: /scratch/spack_cpu/job_21700923/spack-stage/spack-stage-hdf5-1.10.7-xexa2gll6hf6okdatgrxiwhcjs2uepc7/spack-src/src/H5Dcontig.c line 659 in H5D__contig_write(): contiguous write failed
    major: Dataset
    minor: Write failed
  #003: /scratch/spack_cpu/job_21700923/spack-stage/spack-stage-hdf5-1.10.7-xexa2gll6hf6okdatgrxiwhcjs2uepc7/spack-src/src/H5Dselect.c line 321 in H5D__select_write(): write error
    major: Dataspace
    minor: Write failed
  #004: /scratch/spack_cpu/job_21700923/spack-stage/spack-stage-hdf5-1.10.7-xexa2gll6hf6okdatgrxiwhcjs2uepc7/spack-src/src/H5Dselect.c line 230 in H5D__select_io(): write error
    major: Dataspace
    minor: Write failed
  #005: /scratch/spack_cpu/job_21700923/spack-stage/spack-stage-hdf5-1.10.7-xexa2gll6hf6okdatgrxiwhcjs2uepc7/spack-src/src/H5Dcontig.c line 1281 in H5D__contig_writevv(): can't perform vectorized sieve buffer write
    major: Dataset
    minor: Can't operate on object
  #006: /scratch/spack_cpu/job_21700923/spack-stage/spack-stage-hdf5-1.10.7-xexa2gll6hf6okdatgrxiwhcjs2uepc7/spack-src/src/H5VM.c line 1464 in H5VM_opvv(): can't perform operation
    major: Internal error (too specific to document in detail)
    minor: Can't operate on object
  #007: /scratch/spack_cpu/job_21700923/spack-stage/spack-stage-hdf5-1.10.7-xexa2gll6hf6okdatgrxiwhcjs2uepc7/spack-src/src/H5Dcontig.c line 1029 in H5D__contig_writevv_sieve_cb(): block write failed
    major: Dataset
    minor: Write failed
  #008: /scratch/spack_cpu/job_21700923/spack-stage/spack-stage-hdf5-1.10.7-xexa2gll6hf6okdatgrxiwhcjs2uepc7/spack-src/src/H5Fio.c line 161 in H5F_block_write(): write through page buffer failed
    major: Low-level I/O
    minor: Write failed
  #009: /scratch/spack_cpu/job_21700923/spack-stage/spack-stage-hdf5-1.10.7-xexa2gll6hf6okdatgrxiwhcjs2uepc7/spack-src/src/H5PB.c line 1032 in H5PB_write(): write through metadata accumulator failed
    major: Page Buffering
    minor: Write failed
  #010: /scratch/spack_cpu/job_21700923/spack-stage/spack-stage-hdf5-1.10.7-xexa2gll6hf6okdatgrxiwhcjs2uepc7/spack-src/src/H5Faccum.c line 824 in H5F__accum_write(): file write failed
    major: Low-level I/O
    minor: Write failed
  #011: /scratch/spack_cpu/job_21700923/spack-stage/spack-stage-hdf5-1.10.7-xexa2gll6hf6okdatgrxiwhcjs2uepc7/spack-src/src/H5FDint.c line 249 in H5FD_write(): driver write request failed
    major: Virtual File Layer
    minor: Write failed
  #012: /scratch/spack_cpu/job_21700923/spack-stage/spack-stage-hdf5-1.10.7-xexa2gll6hf6okdatgrxiwhcjs2uepc7/spack-src/src/H5FDsec2.c line 856 in H5FD__sec2_write(): file write failed: time = Wed Nov 19 09:47:47 2025
, filename = 'checkpoint.h5', file descriptor = 5, errno = 14, error message = 'Bad address', buf = 0x1555537c4000, total write size = 15969552, bytes this sub-write = 15969552, bytes actually written = 18446744073709551615, offset = 0
    major: Low-level I/O
    minor: Write failed
HDF5-DIAG: Error detected in HDF5 (1.10.7) thread 0:
  #000: /scratch/spack_cpu/job_21700923/spack-stage/spack-stage-hdf5-1.10.7-xexa2gll6hf6okdatgrxiwhcjs2uepc7/spack-src/src/H5Dio.c line 335 in H5Dwrite(): can't write data
    major: Dataset
    minor: Write failed
  #001: /scratch/spack_cpu/job_21700923/spack-stage/spack-stage-hdf5-1.10.7-xexa2gll6hf6okdatgrxiwhcjs2uepc7/spack-src/src/H5Dio.c line 813 in H5D__write(): can't write data
    major: Dataset
    minor: Write failed
  #002: /scratch/spack_cpu/job_21700923/spack-stage/spack-stage-hdf5-1.10.7-xexa2gll6hf6okdatgrxiwhcjs2uepc7/spack-src/src/H5Dcontig.c line 659 in H5D__contig_write(): contiguous write failed
    major: Dataset
    minor: Write failed
  #003: /scratch/spack_cpu/job_21700923/spack-stage/spack-stage-hdf5-1.10.7-xexa2gll6hf6okdatgrxiwhcjs2uepc7/spack-src/src/H5Dselect.c line 321 in H5D__select_write(): write error
    major: Dataspace
    minor: Write failed
  #004: /scratch/spack_cpu/job_21700923/spack-stage/spack-stage-hdf5-1.10.7-xexa2gll6hf6okdatgrxiwhcjs2uepc7/spack-src/src/H5Dselect.c line 230 in H5D__select_io(): write error
    major: Dataspace
    minor: Write failed
  #005: /scratch/spack_cpu/job_21700923/spack-stage/spack-stage-hdf5-1.10.7-xexa2gll6hf6okdatgrxiwhcjs2uepc7/spack-src/src/H5Dcontig.c line 1281 in H5D__contig_writevv(): can't perform vectorized sieve buffer write
    major: Dataset
    minor: Can't operate on object
  #006: /scratch/spack_cpu/job_21700923/spack-stage/spack-stage-hdf5-1.10.7-xexa2gll6hf6okdatgrxiwhcjs2uepc7/spack-src/src/H5VM.c line 1464 in H5VM_opvv(): can't perform operation
    major: Internal error (too specific to document in detail)
    minor: Can't operate on object
  #007: /scratch/spack_cpu/job_21700923/spack-stage/spack-stage-hdf5-1.10.7-xexa2gll6hf6okdatgrxiwhcjs2uepc7/spack-src/src/H5Dcontig.c line 1029 in H5D__contig_writevv_sieve_cb(): block write failed
    major: Dataset
    minor: Write failed
  #008: /scratch/spack_cpu/job_21700923/spack-stage/spack-stage-hdf5-1.10.7-xexa2gll6hf6okdatgrxiwhcjs2uepc7/spack-src/src/H5Fio.c line 161 in H5F_block_write(): write through page buffer failed
    major: Low-level I/O
    minor: Write failed
  #009: /scratch/spack_cpu/job_21700923/spack-stage/spack-stage-hdf5-1.10.7-xexa2gll6hf6okdatgrxiwhcjs2uepc7/spack-src/src/H5PB.c line 1032 in H5PB_write(): write through metadata accumulator failed
    major: Page Buffering
    minor: Write failed
  #010: /scratch/spack_cpu/job_21700923/spack-stage/spack-stage-hdf5-1.10.7-xexa2gll6hf6okdatgrxiwhcjs2uepc7/spack-src/src/H5Faccum.c line 824 in H5F__accum_write(): file write failed
    major: Low-level I/O
    minor: Write failed
  #011: /scratch/spack_cpu/job_21700923/spack-stage/spack-stage-hdf5-1.10.7-xexa2gll6hf6okdatgrxiwhcjs2uepc7/spack-src/src/H5FDint.c line 249 in H5FD_write(): driver write request failed
    major: Virtual File Layer
    minor: Write failed
  #012: /scratch/spack_cpu/job_21700923/spack-stage/spack-stage-hdf5-1.10.7-xexa2gll6hf6okdatgrxiwhcjs2uepc7/spack-src/src/H5FDsec2.c line 856 in H5FD__sec2_write(): file write failed: time = Wed Nov 19 09:48:25 2025
, filename = 'checkpoint.h5', file descriptor = 5, errno = 14, error message = 'Bad address', buf = 0x1555537c4000, total write size = 15969552, bytes this sub-write = 15969552, bytes actually written = 18446744073709551615, offset = 0
    major: Low-level I/O
    minor: Write failed
HDF5-DIAG: Error detected in HDF5 (1.10.7) thread 0:
  #000: /scratch/spack_cpu/job_21700923/spack-stage/spack-stage-hdf5-1.10.7-xexa2gll6hf6okdatgrxiwhcjs2uepc7/spack-src/src/H5Dio.c line 335 in H5Dwrite(): can't write data
    major: Dataset
    minor: Write failed
  #001: /scratch/spack_cpu/job_21700923/spack-stage/spack-stage-hdf5-1.10.7-xexa2gll6hf6okdatgrxiwhcjs2uepc7/spack-src/src/H5Dio.c line 813 in H5D__write(): can't write data
    major: Dataset
    minor: Write failed
  #002: /scratch/spack_cpu/job_21700923/spack-stage/spack-stage-hdf5-1.10.7-xexa2gll6hf6okdatgrxiwhcjs2uepc7/spack-src/src/H5Dcontig.c line 659 in H5D__contig_write(): contiguous write failed
    major: Dataset
    minor: Write failed
  #003: /scratch/spack_cpu/job_21700923/spack-stage/spack-stage-hdf5-1.10.7-xexa2gll6hf6okdatgrxiwhcjs2uepc7/spack-src/src/H5Dselect.c line 321 in H5D__select_write(): write error
    major: Dataspace
    minor: Write failed
  #004: /scratch/spack_cpu/job_21700923/spack-stage/spack-stage-hdf5-1.10.7-xexa2gll6hf6okdatgrxiwhcjs2uepc7/spack-src/src/H5Dselect.c line 230 in H5D__select_io(): write error
    major: Dataspace
    minor: Write failed
  #005: /scratch/spack_cpu/job_21700923/spack-stage/spack-stage-hdf5-1.10.7-xexa2gll6hf6okdatgrxiwhcjs2uepc7/spack-src/src/H5Dcontig.c line 1281 in H5D__contig_writevv(): can't perform vectorized sieve buffer write
    major: Dataset
    minor: Can't operate on object
  #006: /scratch/spack_cpu/job_21700923/spack-stage/spack-stage-hdf5-1.10.7-xexa2gll6hf6okdatgrxiwhcjs2uepc7/spack-src/src/H5VM.c line 1464 in H5VM_opvv(): can't perform operation
    major: Internal error (too specific to document in detail)
    minor: Can't operate on object
  #007: /scratch/spack_cpu/job_21700923/spack-stage/spack-stage-hdf5-1.10.7-xexa2gll6hf6okdatgrxiwhcjs2uepc7/spack-src/src/H5Dcontig.c line 1029 in H5D__contig_writevv_sieve_cb(): block write failed
    major: Dataset
    minor: Write failed
  #008: /scratch/spack_cpu/job_21700923/spack-stage/spack-stage-hdf5-1.10.7-xexa2gll6hf6okdatgrxiwhcjs2uepc7/spack-src/src/H5Fio.c line 161 in H5F_block_write(): write through page buffer failed
    major: Low-level I/O
    minor: Write failed
  #009: /scratch/spack_cpu/job_21700923/spack-stage/spack-stage-hdf5-1.10.7-xexa2gll6hf6okdatgrxiwhcjs2uepc7/spack-src/src/H5PB.c line 1032 in H5PB_write(): write through metadata accumulator failed
    major: Page Buffering
    minor: Write failed
  #010: /scratch/spack_cpu/job_21700923/spack-stage/spack-stage-hdf5-1.10.7-xexa2gll6hf6okdatgrxiwhcjs2uepc7/spack-src/src/H5Faccum.c line 824 in H5F__accum_write(): file write failed
    major: Low-level I/O
    minor: Write failed
  #011: /scratch/spack_cpu/job_21700923/spack-stage/spack-stage-hdf5-1.10.7-xexa2gll6hf6okdatgrxiwhcjs2uepc7/spack-src/src/H5FDint.c line 249 in H5FD_write(): driver write request failed
    major: Virtual File Layer
    minor: Write failed
  #012: /scratch/spack_cpu/job_21700923/spack-stage/spack-stage-hdf5-1.10.7-xexa2gll6hf6okdatgrxiwhcjs2uepc7/spack-src/src/H5FDsec2.c line 856 in H5FD__sec2_write(): file write failed: time = Wed Nov 19 09:49:02 2025
, filename = 'checkpoint.h5', file descriptor = 5, errno = 14, error message = 'Bad address', buf = 0x1555537c4000, total write size = 15969552, bytes this sub-write = 15969552, bytes actually written = 18446744073709551615, offset = 0
    major: Low-level I/O
    minor: Write failed
HDF5-DIAG: Error detected in HDF5 (1.10.7) thread 0:
  #000: /scratch/spack_cpu/job_21700923/spack-stage/spack-stage-hdf5-1.10.7-xexa2gll6hf6okdatgrxiwhcjs2uepc7/spack-src/src/H5Dio.c line 335 in H5Dwrite(): can't write data
    major: Dataset
    minor: Write failed
  #001: /scratch/spack_cpu/job_21700923/spack-stage/spack-stage-hdf5-1.10.7-xexa2gll6hf6okdatgrxiwhcjs2uepc7/spack-src/src/H5Dio.c line 813 in H5D__write(): can't write data
    major: Dataset
    minor: Write failed
  #002: /scratch/spack_cpu/job_21700923/spack-stage/spack-stage-hdf5-1.10.7-xexa2gll6hf6okdatgrxiwhcjs2uepc7/spack-src/src/H5Dcontig.c line 659 in H5D__contig_write(): contiguous write failed
    major: Dataset
    minor: Write failed
  #003: /scratch/spack_cpu/job_21700923/spack-stage/spack-stage-hdf5-1.10.7-xexa2gll6hf6okdatgrxiwhcjs2uepc7/spack-src/src/H5Dselect.c line 321 in H5D__select_write(): write error
    major: Dataspace
    minor: Write failed
  #004: /scratch/spack_cpu/job_21700923/spack-stage/spack-stage-hdf5-1.10.7-xexa2gll6hf6okdatgrxiwhcjs2uepc7/spack-src/src/H5Dselect.c line 230 in H5D__select_io(): write error
    major: Dataspace
    minor: Write failed
  #005: /scratch/spack_cpu/job_21700923/spack-stage/spack-stage-hdf5-1.10.7-xexa2gll6hf6okdatgrxiwhcjs2uepc7/spack-src/src/H5Dcontig.c line 1281 in H5D__contig_writevv(): can't perform vectorized sieve buffer write
    major: Dataset
    minor: Can't operate on object
  #006: /scratch/spack_cpu/job_21700923/spack-stage/spack-stage-hdf5-1.10.7-xexa2gll6hf6okdatgrxiwhcjs2uepc7/spack-src/src/H5VM.c line 1464 in H5VM_opvv(): can't perform operation
    major: Internal error (too specific to document in detail)
    minor: Can't operate on object
  #007: /scratch/spack_cpu/job_21700923/spack-stage/spack-stage-hdf5-1.10.7-xexa2gll6hf6okdatgrxiwhcjs2uepc7/spack-src/src/H5Dcontig.c line 1029 in H5D__contig_writevv_sieve_cb(): block write failed
    major: Dataset
    minor: Write failed
  #008: /scratch/spack_cpu/job_21700923/spack-stage/spack-stage-hdf5-1.10.7-xexa2gll6hf6okdatgrxiwhcjs2uepc7/spack-src/src/H5Fio.c line 161 in H5F_block_write(): write through page buffer failed
    major: Low-level I/O
    minor: Write failed
  #009: /scratch/spack_cpu/job_21700923/spack-stage/spack-stage-hdf5-1.10.7-xexa2gll6hf6okdatgrxiwhcjs2uepc7/spack-src/src/H5PB.c line 1032 in H5PB_write(): write through metadata accumulator failed
    major: Page Buffering
    minor: Write failed
  #010: /scratch/spack_cpu/job_21700923/spack-stage/spack-stage-hdf5-1.10.7-xexa2gll6hf6okdatgrxiwhcjs2uepc7/spack-src/src/H5Faccum.c line 824 in H5F__accum_write(): file write failed
    major: Low-level I/O
    minor: Write failed
  #011: /scratch/spack_cpu/job_21700923/spack-stage/spack-stage-hdf5-1.10.7-xexa2gll6hf6okdatgrxiwhcjs2uepc7/spack-src/src/H5FDint.c line 249 in H5FD_write(): driver write request failed
    major: Virtual File Layer
    minor: Write failed
  #012: /scratch/spack_cpu/job_21700923/spack-stage/spack-stage-hdf5-1.10.7-xexa2gll6hf6okdatgrxiwhcjs2uepc7/spack-src/src/H5FDsec2.c line 856 in H5FD__sec2_write(): file write failed: time = Wed Nov 19 09:49:40 2025
, filename = 'checkpoint.h5', file descriptor = 5, errno = 14, error message = 'Bad address', buf = 0x1555537c4000, total write size = 15969552, bytes this sub-write = 15969552, bytes actually written = 18446744073709551615, offset = 0
    major: Low-level I/O
    minor: Write failed
HDF5-DIAG: Error detected in HDF5 (1.10.7) thread 0:
  #000: /scratch/spack_cpu/job_21700923/spack-stage/spack-stage-hdf5-1.10.7-xexa2gll6hf6okdatgrxiwhcjs2uepc7/spack-src/src/H5Dio.c line 335 in H5Dwrite(): can't write data
    major: Dataset
    minor: Write failed
  #001: /scratch/spack_cpu/job_21700923/spack-stage/spack-stage-hdf5-1.10.7-xexa2gll6hf6okdatgrxiwhcjs2uepc7/spack-src/src/H5Dio.c line 813 in H5D__write(): can't write data
    major: Dataset
    minor: Write failed
  #002: /scratch/spack_cpu/job_21700923/spack-stage/spack-stage-hdf5-1.10.7-xexa2gll6hf6okdatgrxiwhcjs2uepc7/spack-src/src/H5Dcontig.c line 659 in H5D__contig_write(): contiguous write failed
    major: Dataset
    minor: Write failed
  #003: /scratch/spack_cpu/job_21700923/spack-stage/spack-stage-hdf5-1.10.7-xexa2gll6hf6okdatgrxiwhcjs2uepc7/spack-src/src/H5Dselect.c line 321 in H5D__select_write(): write error
    major: Dataspace
    minor: Write failed
  #004: /scratch/spack_cpu/job_21700923/spack-stage/spack-stage-hdf5-1.10.7-xexa2gll6hf6okdatgrxiwhcjs2uepc7/spack-src/src/H5Dselect.c line 230 in H5D__select_io(): write error
    major: Dataspace
    minor: Write failed
  #005: /scratch/spack_cpu/job_21700923/spack-stage/spack-stage-hdf5-1.10.7-xexa2gll6hf6okdatgrxiwhcjs2uepc7/spack-src/src/H5Dcontig.c line 1281 in H5D__contig_writevv(): can't perform vectorized sieve buffer write
    major: Dataset
    minor: Can't operate on object
  #006: /scratch/spack_cpu/job_21700923/spack-stage/spack-stage-hdf5-1.10.7-xexa2gll6hf6okdatgrxiwhcjs2uepc7/spack-src/src/H5VM.c line 1464 in H5VM_opvv(): can't perform operation
    major: Internal error (too specific to document in detail)
    minor: Can't operate on object
  #007: /scratch/spack_cpu/job_21700923/spack-stage/spack-stage-hdf5-1.10.7-xexa2gll6hf6okdatgrxiwhcjs2uepc7/spack-src/src/H5Dcontig.c line 1029 in H5D__contig_writevv_sieve_cb(): block write failed
    major: Dataset
    minor: Write failed
  #008: /scratch/spack_cpu/job_21700923/spack-stage/spack-stage-hdf5-1.10.7-xexa2gll6hf6okdatgrxiwhcjs2uepc7/spack-src/src/H5Fio.c line 161 in H5F_block_write(): write through page buffer failed
    major: Low-level I/O
    minor: Write failed
  #009: /scratch/spack_cpu/job_21700923/spack-stage/spack-stage-hdf5-1.10.7-xexa2gll6hf6okdatgrxiwhcjs2uepc7/spack-src/src/H5PB.c line 1032 in H5PB_write(): write through metadata accumulator failed
    major: Page Buffering
    minor: Write failed
  #010: /scratch/spack_cpu/job_21700923/spack-stage/spack-stage-hdf5-1.10.7-xexa2gll6hf6okdatgrxiwhcjs2uepc7/spack-src/src/H5Faccum.c line 824 in H5F__accum_write(): file write failed
    major: Low-level I/O
    minor: Write failed
  #011: /scratch/spack_cpu/job_21700923/spack-stage/spack-stage-hdf5-1.10.7-xexa2gll6hf6okdatgrxiwhcjs2uepc7/spack-src/src/H5FDint.c line 249 in H5FD_write(): driver write request failed
    major: Virtual File Layer
    minor: Write failed
  #012: /scratch/spack_cpu/job_21700923/spack-stage/spack-stage-hdf5-1.10.7-xexa2gll6hf6okdatgrxiwhcjs2uepc7/spack-src/src/H5FDsec2.c line 856 in H5FD__sec2_write(): file write failed: time = Wed Nov 19 09:50:18 2025
, filename = 'checkpoint.h5', file descriptor = 5, errno = 14, error message = 'Bad address', buf = 0x1555537c4000, total write size = 15969552, bytes this sub-write = 15969552, bytes actually written = 18446744073709551615, offset = 0
    major: Low-level I/O
    minor: Write failed
HDF5-DIAG: Error detected in HDF5 (1.10.7) thread 0:
  #000: /scratch/spack_cpu/job_21700923/spack-stage/spack-stage-hdf5-1.10.7-xexa2gll6hf6okdatgrxiwhcjs2uepc7/spack-src/src/H5Dio.c line 335 in H5Dwrite(): can't write data
    major: Dataset
    minor: Write failed
  #001: /scratch/spack_cpu/job_21700923/spack-stage/spack-stage-hdf5-1.10.7-xexa2gll6hf6okdatgrxiwhcjs2uepc7/spack-src/src/H5Dio.c line 813 in H5D__write(): can't write data
    major: Dataset
    minor: Write failed
  #002: /scratch/spack_cpu/job_21700923/spack-stage/spack-stage-hdf5-1.10.7-xexa2gll6hf6okdatgrxiwhcjs2uepc7/spack-src/src/H5Dcontig.c line 659 in H5D__contig_write(): contiguous write failed
    major: Dataset
    minor: Write failed
  #003: /scratch/spack_cpu/job_21700923/spack-stage/spack-stage-hdf5-1.10.7-xexa2gll6hf6okdatgrxiwhcjs2uepc7/spack-src/src/H5Dselect.c line 321 in H5D__select_write(): write error
    major: Dataspace
    minor: Write failed
  #004: /scratch/spack_cpu/job_21700923/spack-stage/spack-stage-hdf5-1.10.7-xexa2gll6hf6okdatgrxiwhcjs2uepc7/spack-src/src/H5Dselect.c line 230 in H5D__select_io(): write error
    major: Dataspace
    minor: Write failed
  #005: /scratch/spack_cpu/job_21700923/spack-stage/spack-stage-hdf5-1.10.7-xexa2gll6hf6okdatgrxiwhcjs2uepc7/spack-src/src/H5Dcontig.c line 1281 in H5D__contig_writevv(): can't perform vectorized sieve buffer write
    major: Dataset
    minor: Can't operate on object
  #006: /scratch/spack_cpu/job_21700923/spack-stage/spack-stage-hdf5-1.10.7-xexa2gll6hf6okdatgrxiwhcjs2uepc7/spack-src/src/H5VM.c line 1464 in H5VM_opvv(): can't perform operation
    major: Internal error (too specific to document in detail)
    minor: Can't operate on object
  #007: /scratch/spack_cpu/job_21700923/spack-stage/spack-stage-hdf5-1.10.7-xexa2gll6hf6okdatgrxiwhcjs2uepc7/spack-src/src/H5Dcontig.c line 1029 in H5D__contig_writevv_sieve_cb(): block write failed
    major: Dataset
    minor: Write failed
  #008: /scratch/spack_cpu/job_21700923/spack-stage/spack-stage-hdf5-1.10.7-xexa2gll6hf6okdatgrxiwhcjs2uepc7/spack-src/src/H5Fio.c line 161 in H5F_block_write(): write through page buffer failed
    major: Low-level I/O
    minor: Write failed
  #009: /scratch/spack_cpu/job_21700923/spack-stage/spack-stage-hdf5-1.10.7-xexa2gll6hf6okdatgrxiwhcjs2uepc7/spack-src/src/H5PB.c line 1032 in H5PB_write(): write through metadata accumulator failed
    major: Page Buffering
    minor: Write failed
  #010: /scratch/spack_cpu/job_21700923/spack-stage/spack-stage-hdf5-1.10.7-xexa2gll6hf6okdatgrxiwhcjs2uepc7/spack-src/src/H5Faccum.c line 824 in H5F__accum_write(): file write failed
    major: Low-level I/O
    minor: Write failed
  #011: /scratch/spack_cpu/job_21700923/spack-stage/spack-stage-hdf5-1.10.7-xexa2gll6hf6okdatgrxiwhcjs2uepc7/spack-src/src/H5FDint.c line 249 in H5FD_write(): driver write request failed
    major: Virtual File Layer
    minor: Write failed
  #012: /scratch/spack_cpu/job_21700923/spack-stage/spack-stage-hdf5-1.10.7-xexa2gll6hf6okdatgrxiwhcjs2uepc7/spack-src/src/H5FDsec2.c line 856 in H5FD__sec2_write(): file write failed: time = Wed Nov 19 09:50:55 2025
, filename = 'checkpoint.h5', file descriptor = 5, errno = 14, error message = 'Bad address', buf = 0x1555537c4000, total write size = 15969552, bytes this sub-write = 15969552, bytes actually written = 18446744073709551615, offset = 0
    major: Low-level I/O
    minor: Write failed
HDF5-DIAG: Error detected in HDF5 (1.10.7) thread 0:
  #000: /scratch/spack_cpu/job_21700923/spack-stage/spack-stage-hdf5-1.10.7-xexa2gll6hf6okdatgrxiwhcjs2uepc7/spack-src/src/H5Dio.c line 335 in H5Dwrite(): can't write data
    major: Dataset
    minor: Write failed
  #001: /scratch/spack_cpu/job_21700923/spack-stage/spack-stage-hdf5-1.10.7-xexa2gll6hf6okdatgrxiwhcjs2uepc7/spack-src/src/H5Dio.c line 813 in H5D__write(): can't write data
    major: Dataset
    minor: Write failed
  #002: /scratch/spack_cpu/job_21700923/spack-stage/spack-stage-hdf5-1.10.7-xexa2gll6hf6okdatgrxiwhcjs2uepc7/spack-src/src/H5Dcontig.c line 659 in H5D__contig_write(): contiguous write failed
    major: Dataset
    minor: Write failed
  #003: /scratch/spack_cpu/job_21700923/spack-stage/spack-stage-hdf5-1.10.7-xexa2gll6hf6okdatgrxiwhcjs2uepc7/spack-src/src/H5Dselect.c line 321 in H5D__select_write(): write error
    major: Dataspace
    minor: Write failed
  #004: /scratch/spack_cpu/job_21700923/spack-stage/spack-stage-hdf5-1.10.7-xexa2gll6hf6okdatgrxiwhcjs2uepc7/spack-src/src/H5Dselect.c line 230 in H5D__select_io(): write error
    major: Dataspace
    minor: Write failed
  #005: /scratch/spack_cpu/job_21700923/spack-stage/spack-stage-hdf5-1.10.7-xexa2gll6hf6okdatgrxiwhcjs2uepc7/spack-src/src/H5Dcontig.c line 1281 in H5D__contig_writevv(): can't perform vectorized sieve buffer write
    major: Dataset
    minor: Can't operate on object
  #006: /scratch/spack_cpu/job_21700923/spack-stage/spack-stage-hdf5-1.10.7-xexa2gll6hf6okdatgrxiwhcjs2uepc7/spack-src/src/H5VM.c line 1464 in H5VM_opvv(): can't perform operation
    major: Internal error (too specific to document in detail)
    minor: Can't operate on object
  #007: /scratch/spack_cpu/job_21700923/spack-stage/spack-stage-hdf5-1.10.7-xexa2gll6hf6okdatgrxiwhcjs2uepc7/spack-src/src/H5Dcontig.c line 1029 in H5D__contig_writevv_sieve_cb(): block write failed
    major: Dataset
    minor: Write failed
  #008: /scratch/spack_cpu/job_21700923/spack-stage/spack-stage-hdf5-1.10.7-xexa2gll6hf6okdatgrxiwhcjs2uepc7/spack-src/src/H5Fio.c line 161 in H5F_block_write(): write through page buffer failed
    major: Low-level I/O
    minor: Write failed
  #009: /scratch/spack_cpu/job_21700923/spack-stage/spack-stage-hdf5-1.10.7-xexa2gll6hf6okdatgrxiwhcjs2uepc7/spack-src/src/H5PB.c line 1032 in H5PB_write(): write through metadata accumulator failed
    major: Page Buffering
    minor: Write failed
  #010: /scratch/spack_cpu/job_21700923/spack-stage/spack-stage-hdf5-1.10.7-xexa2gll6hf6okdatgrxiwhcjs2uepc7/spack-src/src/H5Faccum.c line 824 in H5F__accum_write(): file write failed
    major: Low-level I/O
    minor: Write failed
  #011: /scratch/spack_cpu/job_21700923/spack-stage/spack-stage-hdf5-1.10.7-xexa2gll6hf6okdatgrxiwhcjs2uepc7/spack-src/src/H5FDint.c line 249 in H5FD_write(): driver write request failed
    major: Virtual File Layer
    minor: Write failed
  #012: /scratch/spack_cpu/job_21700923/spack-stage/spack-stage-hdf5-1.10.7-xexa2gll6hf6okdatgrxiwhcjs2uepc7/spack-src/src/H5FDsec2.c line 856 in H5FD__sec2_write(): file write failed: time = Wed Nov 19 09:51:32 2025
, filename = 'checkpoint.h5', file descriptor = 5, errno = 14, error message = 'Bad address', buf = 0x1555537c4000, total write size = 15969552, bytes this sub-write = 15969552, bytes actually written = 18446744073709551615, offset = 0
    major: Low-level I/O
    minor: Write failed
HDF5-DIAG: Error detected in HDF5 (1.10.7) thread 0:
  #000: /scratch/spack_cpu/job_21700923/spack-stage/spack-stage-hdf5-1.10.7-xexa2gll6hf6okdatgrxiwhcjs2uepc7/spack-src/src/H5Dio.c line 335 in H5Dwrite(): can't write data
    major: Dataset
    minor: Write failed
  #001: /scratch/spack_cpu/job_21700923/spack-stage/spack-stage-hdf5-1.10.7-xexa2gll6hf6okdatgrxiwhcjs2uepc7/spack-src/src/H5Dio.c line 813 in H5D__write(): can't write data
    major: Dataset
    minor: Write failed
  #002: /scratch/spack_cpu/job_21700923/spack-stage/spack-stage-hdf5-1.10.7-xexa2gll6hf6okdatgrxiwhcjs2uepc7/spack-src/src/H5Dcontig.c line 659 in H5D__contig_write(): contiguous write failed
    major: Dataset
    minor: Write failed
  #003: /scratch/spack_cpu/job_21700923/spack-stage/spack-stage-hdf5-1.10.7-xexa2gll6hf6okdatgrxiwhcjs2uepc7/spack-src/src/H5Dselect.c line 321 in H5D__select_write(): write error
    major: Dataspace
    minor: Write failed
  #004: /scratch/spack_cpu/job_21700923/spack-stage/spack-stage-hdf5-1.10.7-xexa2gll6hf6okdatgrxiwhcjs2uepc7/spack-src/src/H5Dselect.c line 230 in H5D__select_io(): write error
    major: Dataspace
    minor: Write failed
  #005: /scratch/spack_cpu/job_21700923/spack-stage/spack-stage-hdf5-1.10.7-xexa2gll6hf6okdatgrxiwhcjs2uepc7/spack-src/src/H5Dcontig.c line 1281 in H5D__contig_writevv(): can't perform vectorized sieve buffer write
    major: Dataset
    minor: Can't operate on object
  #006: /scratch/spack_cpu/job_21700923/spack-stage/spack-stage-hdf5-1.10.7-xexa2gll6hf6okdatgrxiwhcjs2uepc7/spack-src/src/H5VM.c line 1464 in H5VM_opvv(): can't perform operation
    major: Internal error (too specific to document in detail)
    minor: Can't operate on object
  #007: /scratch/spack_cpu/job_21700923/spack-stage/spack-stage-hdf5-1.10.7-xexa2gll6hf6okdatgrxiwhcjs2uepc7/spack-src/src/H5Dcontig.c line 1029 in H5D__contig_writevv_sieve_cb(): block write failed
    major: Dataset
    minor: Write failed
  #008: /scratch/spack_cpu/job_21700923/spack-stage/spack-stage-hdf5-1.10.7-xexa2gll6hf6okdatgrxiwhcjs2uepc7/spack-src/src/H5Fio.c line 161 in H5F_block_write(): write through page buffer failed
    major: Low-level I/O
    minor: Write failed
  #009: /scratch/spack_cpu/job_21700923/spack-stage/spack-stage-hdf5-1.10.7-xexa2gll6hf6okdatgrxiwhcjs2uepc7/spack-src/src/H5PB.c line 1032 in H5PB_write(): write through metadata accumulator failed
    major: Page Buffering
    minor: Write failed
  #010: /scratch/spack_cpu/job_21700923/spack-stage/spack-stage-hdf5-1.10.7-xexa2gll6hf6okdatgrxiwhcjs2uepc7/spack-src/src/H5Faccum.c line 824 in H5F__accum_write(): file write failed
    major: Low-level I/O
    minor: Write failed
  #011: /scratch/spack_cpu/job_21700923/spack-stage/spack-stage-hdf5-1.10.7-xexa2gll6hf6okdatgrxiwhcjs2uepc7/spack-src/src/H5FDint.c line 249 in H5FD_write(): driver write request failed
    major: Virtual File Layer
    minor: Write failed
  #012: /scratch/spack_cpu/job_21700923/spack-stage/spack-stage-hdf5-1.10.7-xexa2gll6hf6okdatgrxiwhcjs2uepc7/spack-src/src/H5FDsec2.c line 856 in H5FD__sec2_write(): file write failed: time = Wed Nov 19 09:52:09 2025
, filename = 'checkpoint.h5', file descriptor = 5, errno = 14, error message = 'Bad address', buf = 0x1555537c4000, total write size = 15969552, bytes this sub-write = 15969552, bytes actually written = 18446744073709551615, offset = 0
    major: Low-level I/O
    minor: Write failed
HDF5-DIAG: Error detected in HDF5 (1.10.7) thread 0:
  #000: /scratch/spack_cpu/job_21700923/spack-stage/spack-stage-hdf5-1.10.7-xexa2gll6hf6okdatgrxiwhcjs2uepc7/spack-src/src/H5Dio.c line 335 in H5Dwrite(): can't write data
    major: Dataset
    minor: Write failed
  #001: /scratch/spack_cpu/job_21700923/spack-stage/spack-stage-hdf5-1.10.7-xexa2gll6hf6okdatgrxiwhcjs2uepc7/spack-src/src/H5Dio.c line 813 in H5D__write(): can't write data
    major: Dataset
    minor: Write failed
  #002: /scratch/spack_cpu/job_21700923/spack-stage/spack-stage-hdf5-1.10.7-xexa2gll6hf6okdatgrxiwhcjs2uepc7/spack-src/src/H5Dcontig.c line 659 in H5D__contig_write(): contiguous write failed
    major: Dataset
    minor: Write failed
  #003: /scratch/spack_cpu/job_21700923/spack-stage/spack-stage-hdf5-1.10.7-xexa2gll6hf6okdatgrxiwhcjs2uepc7/spack-src/src/H5Dselect.c line 321 in H5D__select_write(): write error
    major: Dataspace
    minor: Write failed
  #004: /scratch/spack_cpu/job_21700923/spack-stage/spack-stage-hdf5-1.10.7-xexa2gll6hf6okdatgrxiwhcjs2uepc7/spack-src/src/H5Dselect.c line 230 in H5D__select_io(): write error
    major: Dataspace
    minor: Write failed
  #005: /scratch/spack_cpu/job_21700923/spack-stage/spack-stage-hdf5-1.10.7-xexa2gll6hf6okdatgrxiwhcjs2uepc7/spack-src/src/H5Dcontig.c line 1281 in H5D__contig_writevv(): can't perform vectorized sieve buffer write
    major: Dataset
    minor: Can't operate on object
  #006: /scratch/spack_cpu/job_21700923/spack-stage/spack-stage-hdf5-1.10.7-xexa2gll6hf6okdatgrxiwhcjs2uepc7/spack-src/src/H5VM.c line 1464 in H5VM_opvv(): can't perform operation
    major: Internal error (too specific to document in detail)
    minor: Can't operate on object
  #007: /scratch/spack_cpu/job_21700923/spack-stage/spack-stage-hdf5-1.10.7-xexa2gll6hf6okdatgrxiwhcjs2uepc7/spack-src/src/H5Dcontig.c line 1029 in H5D__contig_writevv_sieve_cb(): block write failed
    major: Dataset
    minor: Write failed
  #008: /scratch/spack_cpu/job_21700923/spack-stage/spack-stage-hdf5-1.10.7-xexa2gll6hf6okdatgrxiwhcjs2uepc7/spack-src/src/H5Fio.c line 161 in H5F_block_write(): write through page buffer failed
    major: Low-level I/O
    minor: Write failed
  #009: /scratch/spack_cpu/job_21700923/spack-stage/spack-stage-hdf5-1.10.7-xexa2gll6hf6okdatgrxiwhcjs2uepc7/spack-src/src/H5PB.c line 1032 in H5PB_write(): write through metadata accumulator failed
    major: Page Buffering
    minor: Write failed
  #010: /scratch/spack_cpu/job_21700923/spack-stage/spack-stage-hdf5-1.10.7-xexa2gll6hf6okdatgrxiwhcjs2uepc7/spack-src/src/H5Faccum.c line 824 in H5F__accum_write(): file write failed
    major: Low-level I/O
    minor: Write failed
  #011: /scratch/spack_cpu/job_21700923/spack-stage/spack-stage-hdf5-1.10.7-xexa2gll6hf6okdatgrxiwhcjs2uepc7/spack-src/src/H5FDint.c line 249 in H5FD_write(): driver write request failed
    major: Virtual File Layer
    minor: Write failed
  #012: /scratch/spack_cpu/job_21700923/spack-stage/spack-stage-hdf5-1.10.7-xexa2gll6hf6okdatgrxiwhcjs2uepc7/spack-src/src/H5FDsec2.c line 856 in H5FD__sec2_write(): file write failed: time = Wed Nov 19 09:52:47 2025
, filename = 'checkpoint.h5', file descriptor = 5, errno = 14, error message = 'Bad address', buf = 0x1555537c4000, total write size = 15969552, bytes this sub-write = 15969552, bytes actually written = 18446744073709551615, offset = 0
    major: Low-level I/O
    minor: Write failed
HDF5-DIAG: Error detected in HDF5 (1.10.7) thread 0:
  #000: /scratch/spack_cpu/job_21700923/spack-stage/spack-stage-hdf5-1.10.7-xexa2gll6hf6okdatgrxiwhcjs2uepc7/spack-src/src/H5Dio.c line 335 in H5Dwrite(): can't write data
    major: Dataset
    minor: Write failed
  #001: /scratch/spack_cpu/job_21700923/spack-stage/spack-stage-hdf5-1.10.7-xexa2gll6hf6okdatgrxiwhcjs2uepc7/spack-src/src/H5Dio.c line 813 in H5D__write(): can't write data
    major: Dataset
    minor: Write failed
  #002: /scratch/spack_cpu/job_21700923/spack-stage/spack-stage-hdf5-1.10.7-xexa2gll6hf6okdatgrxiwhcjs2uepc7/spack-src/src/H5Dcontig.c line 659 in H5D__contig_write(): contiguous write failed
    major: Dataset
    minor: Write failed
  #003: /scratch/spack_cpu/job_21700923/spack-stage/spack-stage-hdf5-1.10.7-xexa2gll6hf6okdatgrxiwhcjs2uepc7/spack-src/src/H5Dselect.c line 321 in H5D__select_write(): write error
    major: Dataspace
    minor: Write failed
  #004: /scratch/spack_cpu/job_21700923/spack-stage/spack-stage-hdf5-1.10.7-xexa2gll6hf6okdatgrxiwhcjs2uepc7/spack-src/src/H5Dselect.c line 230 in H5D__select_io(): write error
    major: Dataspace
    minor: Write failed
  #005: /scratch/spack_cpu/job_21700923/spack-stage/spack-stage-hdf5-1.10.7-xexa2gll6hf6okdatgrxiwhcjs2uepc7/spack-src/src/H5Dcontig.c line 1281 in H5D__contig_writevv(): can't perform vectorized sieve buffer write
    major: Dataset
    minor: Can't operate on object
  #006: /scratch/spack_cpu/job_21700923/spack-stage/spack-stage-hdf5-1.10.7-xexa2gll6hf6okdatgrxiwhcjs2uepc7/spack-src/src/H5VM.c line 1464 in H5VM_opvv(): can't perform operation
    major: Internal error (too specific to document in detail)
    minor: Can't operate on object
  #007: /scratch/spack_cpu/job_21700923/spack-stage/spack-stage-hdf5-1.10.7-xexa2gll6hf6okdatgrxiwhcjs2uepc7/spack-src/src/H5Dcontig.c line 1029 in H5D__contig_writevv_sieve_cb(): block write failed
    major: Dataset
    minor: Write failed
  #008: /scratch/spack_cpu/job_21700923/spack-stage/spack-stage-hdf5-1.10.7-xexa2gll6hf6okdatgrxiwhcjs2uepc7/spack-src/src/H5Fio.c line 161 in H5F_block_write(): write through page buffer failed
    major: Low-level I/O
    minor: Write failed
  #009: /scratch/spack_cpu/job_21700923/spack-stage/spack-stage-hdf5-1.10.7-xexa2gll6hf6okdatgrxiwhcjs2uepc7/spack-src/src/H5PB.c line 1032 in H5PB_write(): write through metadata accumulator failed
    major: Page Buffering
    minor: Write failed
  #010: /scratch/spack_cpu/job_21700923/spack-stage/spack-stage-hdf5-1.10.7-xexa2gll6hf6okdatgrxiwhcjs2uepc7/spack-src/src/H5Faccum.c line 824 in H5F__accum_write(): file write failed
    major: Low-level I/O
    minor: Write failed
  #011: /scratch/spack_cpu/job_21700923/spack-stage/spack-stage-hdf5-1.10.7-xexa2gll6hf6okdatgrxiwhcjs2uepc7/spack-src/src/H5FDint.c line 249 in H5FD_write(): driver write request failed
    major: Virtual File Layer
    minor: Write failed
  #012: /scratch/spack_cpu/job_21700923/spack-stage/spack-stage-hdf5-1.10.7-xexa2gll6hf6okdatgrxiwhcjs2uepc7/spack-src/src/H5FDsec2.c line 856 in H5FD__sec2_write(): file write failed: time = Wed Nov 19 09:53:24 2025
, filename = 'checkpoint.h5', file descriptor = 5, errno = 14, error message = 'Bad address', buf = 0x1555537c4000, total write size = 15969552, bytes this sub-write = 15969552, bytes actually written = 18446744073709551615, offset = 0
    major: Low-level I/O
    minor: Write failed
HDF5-DIAG: Error detected in HDF5 (1.10.7) thread 0:
  #000: /scratch/spack_cpu/job_21700923/spack-stage/spack-stage-hdf5-1.10.7-xexa2gll6hf6okdatgrxiwhcjs2uepc7/spack-src/src/H5Dio.c line 335 in H5Dwrite(): can't write data
    major: Dataset
    minor: Write failed
  #001: /scratch/spack_cpu/job_21700923/spack-stage/spack-stage-hdf5-1.10.7-xexa2gll6hf6okdatgrxiwhcjs2uepc7/spack-src/src/H5Dio.c line 813 in H5D__write(): can't write data
    major: Dataset
    minor: Write failed
  #002: /scratch/spack_cpu/job_21700923/spack-stage/spack-stage-hdf5-1.10.7-xexa2gll6hf6okdatgrxiwhcjs2uepc7/spack-src/src/H5Dcontig.c line 659 in H5D__contig_write(): contiguous write failed
    major: Dataset
    minor: Write failed
  #003: /scratch/spack_cpu/job_21700923/spack-stage/spack-stage-hdf5-1.10.7-xexa2gll6hf6okdatgrxiwhcjs2uepc7/spack-src/src/H5Dselect.c line 321 in H5D__select_write(): write error
    major: Dataspace
    minor: Write failed
  #004: /scratch/spack_cpu/job_21700923/spack-stage/spack-stage-hdf5-1.10.7-xexa2gll6hf6okdatgrxiwhcjs2uepc7/spack-src/src/H5Dselect.c line 230 in H5D__select_io(): write error
    major: Dataspace
    minor: Write failed
  #005: /scratch/spack_cpu/job_21700923/spack-stage/spack-stage-hdf5-1.10.7-xexa2gll6hf6okdatgrxiwhcjs2uepc7/spack-src/src/H5Dcontig.c line 1281 in H5D__contig_writevv(): can't perform vectorized sieve buffer write
    major: Dataset
    minor: Can't operate on object
  #006: /scratch/spack_cpu/job_21700923/spack-stage/spack-stage-hdf5-1.10.7-xexa2gll6hf6okdatgrxiwhcjs2uepc7/spack-src/src/H5VM.c line 1464 in H5VM_opvv(): can't perform operation
    major: Internal error (too specific to document in detail)
    minor: Can't operate on object
  #007: /scratch/spack_cpu/job_21700923/spack-stage/spack-stage-hdf5-1.10.7-xexa2gll6hf6okdatgrxiwhcjs2uepc7/spack-src/src/H5Dcontig.c line 1029 in H5D__contig_writevv_sieve_cb(): block write failed
    major: Dataset
    minor: Write failed
  #008: /scratch/spack_cpu/job_21700923/spack-stage/spack-stage-hdf5-1.10.7-xexa2gll6hf6okdatgrxiwhcjs2uepc7/spack-src/src/H5Fio.c line 161 in H5F_block_write(): write through page buffer failed
    major: Low-level I/O
    minor: Write failed
  #009: /scratch/spack_cpu/job_21700923/spack-stage/spack-stage-hdf5-1.10.7-xexa2gll6hf6okdatgrxiwhcjs2uepc7/spack-src/src/H5PB.c line 1032 in H5PB_write(): write through metadata accumulator failed
    major: Page Buffering
    minor: Write failed
  #010: /scratch/spack_cpu/job_21700923/spack-stage/spack-stage-hdf5-1.10.7-xexa2gll6hf6okdatgrxiwhcjs2uepc7/spack-src/src/H5Faccum.c line 824 in H5F__accum_write(): file write failed
    major: Low-level I/O
    minor: Write failed
  #011: /scratch/spack_cpu/job_21700923/spack-stage/spack-stage-hdf5-1.10.7-xexa2gll6hf6okdatgrxiwhcjs2uepc7/spack-src/src/H5FDint.c line 249 in H5FD_write(): driver write request failed
    major: Virtual File Layer
    minor: Write failed
  #012: /scratch/spack_cpu/job_21700923/spack-stage/spack-stage-hdf5-1.10.7-xexa2gll6hf6okdatgrxiwhcjs2uepc7/spack-src/src/H5FDsec2.c line 856 in H5FD__sec2_write(): file write failed: time = Wed Nov 19 09:54:00 2025
, filename = 'checkpoint.h5', file descriptor = 5, errno = 14, error message = 'Bad address', buf = 0x1555537c4000, total write size = 15969552, bytes this sub-write = 15969552, bytes actually written = 18446744073709551615, offset = 0
    major: Low-level I/O
    minor: Write failed
HDF5-DIAG: Error detected in HDF5 (1.10.7) thread 0:
  #000: /scratch/spack_cpu/job_21700923/spack-stage/spack-stage-hdf5-1.10.7-xexa2gll6hf6okdatgrxiwhcjs2uepc7/spack-src/src/H5Dio.c line 335 in H5Dwrite(): can't write data
    major: Dataset
    minor: Write failed
  #001: /scratch/spack_cpu/job_21700923/spack-stage/spack-stage-hdf5-1.10.7-xexa2gll6hf6okdatgrxiwhcjs2uepc7/spack-src/src/H5Dio.c line 813 in H5D__write(): can't write data
    major: Dataset
    minor: Write failed
  #002: /scratch/spack_cpu/job_21700923/spack-stage/spack-stage-hdf5-1.10.7-xexa2gll6hf6okdatgrxiwhcjs2uepc7/spack-src/src/H5Dcontig.c line 659 in H5D__contig_write(): contiguous write failed
    major: Dataset
    minor: Write failed
  #003: /scratch/spack_cpu/job_21700923/spack-stage/spack-stage-hdf5-1.10.7-xexa2gll6hf6okdatgrxiwhcjs2uepc7/spack-src/src/H5Dselect.c line 321 in H5D__select_write(): write error
    major: Dataspace
    minor: Write failed
  #004: /scratch/spack_cpu/job_21700923/spack-stage/spack-stage-hdf5-1.10.7-xexa2gll6hf6okdatgrxiwhcjs2uepc7/spack-src/src/H5Dselect.c line 230 in H5D__select_io(): write error
    major: Dataspace
    minor: Write failed
  #005: /scratch/spack_cpu/job_21700923/spack-stage/spack-stage-hdf5-1.10.7-xexa2gll6hf6okdatgrxiwhcjs2uepc7/spack-src/src/H5Dcontig.c line 1281 in H5D__contig_writevv(): can't perform vectorized sieve buffer write
    major: Dataset
    minor: Can't operate on object
  #006: /scratch/spack_cpu/job_21700923/spack-stage/spack-stage-hdf5-1.10.7-xexa2gll6hf6okdatgrxiwhcjs2uepc7/spack-src/src/H5VM.c line 1464 in H5VM_opvv(): can't perform operation
    major: Internal error (too specific to document in detail)
    minor: Can't operate on object
  #007: /scratch/spack_cpu/job_21700923/spack-stage/spack-stage-hdf5-1.10.7-xexa2gll6hf6okdatgrxiwhcjs2uepc7/spack-src/src/H5Dcontig.c line 1029 in H5D__contig_writevv_sieve_cb(): block write failed
    major: Dataset
    minor: Write failed
  #008: /scratch/spack_cpu/job_21700923/spack-stage/spack-stage-hdf5-1.10.7-xexa2gll6hf6okdatgrxiwhcjs2uepc7/spack-src/src/H5Fio.c line 161 in H5F_block_write(): write through page buffer failed
    major: Low-level I/O
    minor: Write failed
  #009: /scratch/spack_cpu/job_21700923/spack-stage/spack-stage-hdf5-1.10.7-xexa2gll6hf6okdatgrxiwhcjs2uepc7/spack-src/src/H5PB.c line 1032 in H5PB_write(): write through metadata accumulator failed
    major: Page Buffering
    minor: Write failed
  #010: /scratch/spack_cpu/job_21700923/spack-stage/spack-stage-hdf5-1.10.7-xexa2gll6hf6okdatgrxiwhcjs2uepc7/spack-src/src/H5Faccum.c line 824 in H5F__accum_write(): file write failed
    major: Low-level I/O
    minor: Write failed
  #011: /scratch/spack_cpu/job_21700923/spack-stage/spack-stage-hdf5-1.10.7-xexa2gll6hf6okdatgrxiwhcjs2uepc7/spack-src/src/H5FDint.c line 249 in H5FD_write(): driver write request failed
    major: Virtual File Layer
    minor: Write failed
  #012: /scratch/spack_cpu/job_21700923/spack-stage/spack-stage-hdf5-1.10.7-xexa2gll6hf6okdatgrxiwhcjs2uepc7/spack-src/src/H5FDsec2.c line 856 in H5FD__sec2_write(): file write failed: time = Wed Nov 19 09:54:38 2025
, filename = 'checkpoint.h5', file descriptor = 5, errno = 14, error message = 'Bad address', buf = 0x1555537c4000, total write size = 15969552, bytes this sub-write = 15969552, bytes actually written = 18446744073709551615, offset = 0
    major: Low-level I/O
    minor: Write failed
HDF5-DIAG: Error detected in HDF5 (1.10.7) thread 0:
  #000: /scratch/spack_cpu/job_21700923/spack-stage/spack-stage-hdf5-1.10.7-xexa2gll6hf6okdatgrxiwhcjs2uepc7/spack-src/src/H5Dio.c line 335 in H5Dwrite(): can't write data
    major: Dataset
    minor: Write failed
  #001: /scratch/spack_cpu/job_21700923/spack-stage/spack-stage-hdf5-1.10.7-xexa2gll6hf6okdatgrxiwhcjs2uepc7/spack-src/src/H5Dio.c line 813 in H5D__write(): can't write data
    major: Dataset
    minor: Write failed
  #002: /scratch/spack_cpu/job_21700923/spack-stage/spack-stage-hdf5-1.10.7-xexa2gll6hf6okdatgrxiwhcjs2uepc7/spack-src/src/H5Dcontig.c line 659 in H5D__contig_write(): contiguous write failed
    major: Dataset
    minor: Write failed
  #003: /scratch/spack_cpu/job_21700923/spack-stage/spack-stage-hdf5-1.10.7-xexa2gll6hf6okdatgrxiwhcjs2uepc7/spack-src/src/H5Dselect.c line 321 in H5D__select_write(): write error
    major: Dataspace
    minor: Write failed
  #004: /scratch/spack_cpu/job_21700923/spack-stage/spack-stage-hdf5-1.10.7-xexa2gll6hf6okdatgrxiwhcjs2uepc7/spack-src/src/H5Dselect.c line 230 in H5D__select_io(): write error
    major: Dataspace
    minor: Write failed
  #005: /scratch/spack_cpu/job_21700923/spack-stage/spack-stage-hdf5-1.10.7-xexa2gll6hf6okdatgrxiwhcjs2uepc7/spack-src/src/H5Dcontig.c line 1281 in H5D__contig_writevv(): can't perform vectorized sieve buffer write
    major: Dataset
    minor: Can't operate on object
  #006: /scratch/spack_cpu/job_21700923/spack-stage/spack-stage-hdf5-1.10.7-xexa2gll6hf6okdatgrxiwhcjs2uepc7/spack-src/src/H5VM.c line 1464 in H5VM_opvv(): can't perform operation
    major: Internal error (too specific to document in detail)
    minor: Can't operate on object
  #007: /scratch/spack_cpu/job_21700923/spack-stage/spack-stage-hdf5-1.10.7-xexa2gll6hf6okdatgrxiwhcjs2uepc7/spack-src/src/H5Dcontig.c line 1029 in H5D__contig_writevv_sieve_cb(): block write failed
    major: Dataset
    minor: Write failed
  #008: /scratch/spack_cpu/job_21700923/spack-stage/spack-stage-hdf5-1.10.7-xexa2gll6hf6okdatgrxiwhcjs2uepc7/spack-src/src/H5Fio.c line 161 in H5F_block_write(): write through page buffer failed
    major: Low-level I/O
    minor: Write failed
  #009: /scratch/spack_cpu/job_21700923/spack-stage/spack-stage-hdf5-1.10.7-xexa2gll6hf6okdatgrxiwhcjs2uepc7/spack-src/src/H5PB.c line 1032 in H5PB_write(): write through metadata accumulator failed
    major: Page Buffering
    minor: Write failed
  #010: /scratch/spack_cpu/job_21700923/spack-stage/spack-stage-hdf5-1.10.7-xexa2gll6hf6okdatgrxiwhcjs2uepc7/spack-src/src/H5Faccum.c line 824 in H5F__accum_write(): file write failed
    major: Low-level I/O
    minor: Write failed
  #011: /scratch/spack_cpu/job_21700923/spack-stage/spack-stage-hdf5-1.10.7-xexa2gll6hf6okdatgrxiwhcjs2uepc7/spack-src/src/H5FDint.c line 249 in H5FD_write(): driver write request failed
    major: Virtual File Layer
    minor: Write failed
  #012: /scratch/spack_cpu/job_21700923/spack-stage/spack-stage-hdf5-1.10.7-xexa2gll6hf6okdatgrxiwhcjs2uepc7/spack-src/src/H5FDsec2.c line 856 in H5FD__sec2_write(): file write failed: time = Wed Nov 19 09:55:16 2025
, filename = 'checkpoint.h5', file descriptor = 5, errno = 14, error message = 'Bad address', buf = 0x1555537c4000, total write size = 15969552, bytes this sub-write = 15969552, bytes actually written = 18446744073709551615, offset = 0
    major: Low-level I/O
    minor: Write failed
HDF5-DIAG: Error detected in HDF5 (1.10.7) thread 0:
  #000: /scratch/spack_cpu/job_21700923/spack-stage/spack-stage-hdf5-1.10.7-xexa2gll6hf6okdatgrxiwhcjs2uepc7/spack-src/src/H5Dio.c line 335 in H5Dwrite(): can't write data
    major: Dataset
    minor: Write failed
  #001: /scratch/spack_cpu/job_21700923/spack-stage/spack-stage-hdf5-1.10.7-xexa2gll6hf6okdatgrxiwhcjs2uepc7/spack-src/src/H5Dio.c line 813 in H5D__write(): can't write data
    major: Dataset
    minor: Write failed
  #002: /scratch/spack_cpu/job_21700923/spack-stage/spack-stage-hdf5-1.10.7-xexa2gll6hf6okdatgrxiwhcjs2uepc7/spack-src/src/H5Dcontig.c line 659 in H5D__contig_write(): contiguous write failed
    major: Dataset
    minor: Write failed
  #003: /scratch/spack_cpu/job_21700923/spack-stage/spack-stage-hdf5-1.10.7-xexa2gll6hf6okdatgrxiwhcjs2uepc7/spack-src/src/H5Dselect.c line 321 in H5D__select_write(): write error
    major: Dataspace
    minor: Write failed
  #004: /scratch/spack_cpu/job_21700923/spack-stage/spack-stage-hdf5-1.10.7-xexa2gll6hf6okdatgrxiwhcjs2uepc7/spack-src/src/H5Dselect.c line 230 in H5D__select_io(): write error
    major: Dataspace
    minor: Write failed
  #005: /scratch/spack_cpu/job_21700923/spack-stage/spack-stage-hdf5-1.10.7-xexa2gll6hf6okdatgrxiwhcjs2uepc7/spack-src/src/H5Dcontig.c line 1281 in H5D__contig_writevv(): can't perform vectorized sieve buffer write
    major: Dataset
    minor: Can't operate on object
  #006: /scratch/spack_cpu/job_21700923/spack-stage/spack-stage-hdf5-1.10.7-xexa2gll6hf6okdatgrxiwhcjs2uepc7/spack-src/src/H5VM.c line 1464 in H5VM_opvv(): can't perform operation
    major: Internal error (too specific to document in detail)
    minor: Can't operate on object
  #007: /scratch/spack_cpu/job_21700923/spack-stage/spack-stage-hdf5-1.10.7-xexa2gll6hf6okdatgrxiwhcjs2uepc7/spack-src/src/H5Dcontig.c line 1029 in H5D__contig_writevv_sieve_cb(): block write failed
    major: Dataset
    minor: Write failed
  #008: /scratch/spack_cpu/job_21700923/spack-stage/spack-stage-hdf5-1.10.7-xexa2gll6hf6okdatgrxiwhcjs2uepc7/spack-src/src/H5Fio.c line 161 in H5F_block_write(): write through page buffer failed
    major: Low-level I/O
    minor: Write failed
  #009: /scratch/spack_cpu/job_21700923/spack-stage/spack-stage-hdf5-1.10.7-xexa2gll6hf6okdatgrxiwhcjs2uepc7/spack-src/src/H5PB.c line 1032 in H5PB_write(): write through metadata accumulator failed
    major: Page Buffering
    minor: Write failed
  #010: /scratch/spack_cpu/job_21700923/spack-stage/spack-stage-hdf5-1.10.7-xexa2gll6hf6okdatgrxiwhcjs2uepc7/spack-src/src/H5Faccum.c line 824 in H5F__accum_write(): file write failed
    major: Low-level I/O
    minor: Write failed
  #011: /scratch/spack_cpu/job_21700923/spack-stage/spack-stage-hdf5-1.10.7-xexa2gll6hf6okdatgrxiwhcjs2uepc7/spack-src/src/H5FDint.c line 249 in H5FD_write(): driver write request failed
    major: Virtual File Layer
    minor: Write failed
  #012: /scratch/spack_cpu/job_21700923/spack-stage/spack-stage-hdf5-1.10.7-xexa2gll6hf6okdatgrxiwhcjs2uepc7/spack-src/src/H5FDsec2.c line 856 in H5FD__sec2_write(): file write failed: time = Wed Nov 19 09:55:55 2025
, filename = 'checkpoint.h5', file descriptor = 5, errno = 14, error message = 'Bad address', buf = 0x1555537c4000, total write size = 15969552, bytes this sub-write = 15969552, bytes actually written = 18446744073709551615, offset = 0
    major: Low-level I/O
    minor: Write failed
HDF5-DIAG: Error detected in HDF5 (1.10.7) thread 0:
  #000: /scratch/spack_cpu/job_21700923/spack-stage/spack-stage-hdf5-1.10.7-xexa2gll6hf6okdatgrxiwhcjs2uepc7/spack-src/src/H5Dio.c line 335 in H5Dwrite(): can't write data
    major: Dataset
    minor: Write failed
  #001: /scratch/spack_cpu/job_21700923/spack-stage/spack-stage-hdf5-1.10.7-xexa2gll6hf6okdatgrxiwhcjs2uepc7/spack-src/src/H5Dio.c line 813 in H5D__write(): can't write data
    major: Dataset
    minor: Write failed
  #002: /scratch/spack_cpu/job_21700923/spack-stage/spack-stage-hdf5-1.10.7-xexa2gll6hf6okdatgrxiwhcjs2uepc7/spack-src/src/H5Dcontig.c line 659 in H5D__contig_write(): contiguous write failed
    major: Dataset
    minor: Write failed
  #003: /scratch/spack_cpu/job_21700923/spack-stage/spack-stage-hdf5-1.10.7-xexa2gll6hf6okdatgrxiwhcjs2uepc7/spack-src/src/H5Dselect.c line 321 in H5D__select_write(): write error
    major: Dataspace
    minor: Write failed
  #004: /scratch/spack_cpu/job_21700923/spack-stage/spack-stage-hdf5-1.10.7-xexa2gll6hf6okdatgrxiwhcjs2uepc7/spack-src/src/H5Dselect.c line 230 in H5D__select_io(): write error
    major: Dataspace
    minor: Write failed
  #005: /scratch/spack_cpu/job_21700923/spack-stage/spack-stage-hdf5-1.10.7-xexa2gll6hf6okdatgrxiwhcjs2uepc7/spack-src/src/H5Dcontig.c line 1281 in H5D__contig_writevv(): can't perform vectorized sieve buffer write
    major: Dataset
    minor: Can't operate on object
  #006: /scratch/spack_cpu/job_21700923/spack-stage/spack-stage-hdf5-1.10.7-xexa2gll6hf6okdatgrxiwhcjs2uepc7/spack-src/src/H5VM.c line 1464 in H5VM_opvv(): can't perform operation
    major: Internal error (too specific to document in detail)
    minor: Can't operate on object
  #007: /scratch/spack_cpu/job_21700923/spack-stage/spack-stage-hdf5-1.10.7-xexa2gll6hf6okdatgrxiwhcjs2uepc7/spack-src/src/H5Dcontig.c line 1029 in H5D__contig_writevv_sieve_cb(): block write failed
    major: Dataset
    minor: Write failed
  #008: /scratch/spack_cpu/job_21700923/spack-stage/spack-stage-hdf5-1.10.7-xexa2gll6hf6okdatgrxiwhcjs2uepc7/spack-src/src/H5Fio.c line 161 in H5F_block_write(): write through page buffer failed
    major: Low-level I/O
    minor: Write failed
  #009: /scratch/spack_cpu/job_21700923/spack-stage/spack-stage-hdf5-1.10.7-xexa2gll6hf6okdatgrxiwhcjs2uepc7/spack-src/src/H5PB.c line 1032 in H5PB_write(): write through metadata accumulator failed
    major: Page Buffering
    minor: Write failed
  #010: /scratch/spack_cpu/job_21700923/spack-stage/spack-stage-hdf5-1.10.7-xexa2gll6hf6okdatgrxiwhcjs2uepc7/spack-src/src/H5Faccum.c line 824 in H5F__accum_write(): file write failed
    major: Low-level I/O
    minor: Write failed
  #011: /scratch/spack_cpu/job_21700923/spack-stage/spack-stage-hdf5-1.10.7-xexa2gll6hf6okdatgrxiwhcjs2uepc7/spack-src/src/H5FDint.c line 249 in H5FD_write(): driver write request failed
    major: Virtual File Layer
    minor: Write failed
  #012: /scratch/spack_cpu/job_21700923/spack-stage/spack-stage-hdf5-1.10.7-xexa2gll6hf6okdatgrxiwhcjs2uepc7/spack-src/src/H5FDsec2.c line 856 in H5FD__sec2_write(): file write failed: time = Wed Nov 19 09:56:31 2025
, filename = 'checkpoint.h5', file descriptor = 5, errno = 14, error message = 'Bad address', buf = 0x1555537c4000, total write size = 15969552, bytes this sub-write = 15969552, bytes actually written = 18446744073709551615, offset = 0
    major: Low-level I/O
    minor: Write failed
HDF5-DIAG: Error detected in HDF5 (1.10.7) thread 0:
  #000: /scratch/spack_cpu/job_21700923/spack-stage/spack-stage-hdf5-1.10.7-xexa2gll6hf6okdatgrxiwhcjs2uepc7/spack-src/src/H5Dio.c line 335 in H5Dwrite(): can't write data
    major: Dataset
    minor: Write failed
  #001: /scratch/spack_cpu/job_21700923/spack-stage/spack-stage-hdf5-1.10.7-xexa2gll6hf6okdatgrxiwhcjs2uepc7/spack-src/src/H5Dio.c line 813 in H5D__write(): can't write data
    major: Dataset
    minor: Write failed
  #002: /scratch/spack_cpu/job_21700923/spack-stage/spack-stage-hdf5-1.10.7-xexa2gll6hf6okdatgrxiwhcjs2uepc7/spack-src/src/H5Dcontig.c line 659 in H5D__contig_write(): contiguous write failed
    major: Dataset
    minor: Write failed
  #003: /scratch/spack_cpu/job_21700923/spack-stage/spack-stage-hdf5-1.10.7-xexa2gll6hf6okdatgrxiwhcjs2uepc7/spack-src/src/H5Dselect.c line 321 in H5D__select_write(): write error
    major: Dataspace
    minor: Write failed
  #004: /scratch/spack_cpu/job_21700923/spack-stage/spack-stage-hdf5-1.10.7-xexa2gll6hf6okdatgrxiwhcjs2uepc7/spack-src/src/H5Dselect.c line 230 in H5D__select_io(): write error
    major: Dataspace
    minor: Write failed
  #005: /scratch/spack_cpu/job_21700923/spack-stage/spack-stage-hdf5-1.10.7-xexa2gll6hf6okdatgrxiwhcjs2uepc7/spack-src/src/H5Dcontig.c line 1281 in H5D__contig_writevv(): can't perform vectorized sieve buffer write
    major: Dataset
    minor: Can't operate on object
  #006: /scratch/spack_cpu/job_21700923/spack-stage/spack-stage-hdf5-1.10.7-xexa2gll6hf6okdatgrxiwhcjs2uepc7/spack-src/src/H5VM.c line 1464 in H5VM_opvv(): can't perform operation
    major: Internal error (too specific to document in detail)
    minor: Can't operate on object
  #007: /scratch/spack_cpu/job_21700923/spack-stage/spack-stage-hdf5-1.10.7-xexa2gll6hf6okdatgrxiwhcjs2uepc7/spack-src/src/H5Dcontig.c line 1029 in H5D__contig_writevv_sieve_cb(): block write failed
    major: Dataset
    minor: Write failed
  #008: /scratch/spack_cpu/job_21700923/spack-stage/spack-stage-hdf5-1.10.7-xexa2gll6hf6okdatgrxiwhcjs2uepc7/spack-src/src/H5Fio.c line 161 in H5F_block_write(): write through page buffer failed
    major: Low-level I/O
    minor: Write failed
  #009: /scratch/spack_cpu/job_21700923/spack-stage/spack-stage-hdf5-1.10.7-xexa2gll6hf6okdatgrxiwhcjs2uepc7/spack-src/src/H5PB.c line 1032 in H5PB_write(): write through metadata accumulator failed
    major: Page Buffering
    minor: Write failed
  #010: /scratch/spack_cpu/job_21700923/spack-stage/spack-stage-hdf5-1.10.7-xexa2gll6hf6okdatgrxiwhcjs2uepc7/spack-src/src/H5Faccum.c line 824 in H5F__accum_write(): file write failed
    major: Low-level I/O
    minor: Write failed
  #011: /scratch/spack_cpu/job_21700923/spack-stage/spack-stage-hdf5-1.10.7-xexa2gll6hf6okdatgrxiwhcjs2uepc7/spack-src/src/H5FDint.c line 249 in H5FD_write(): driver write request failed
    major: Virtual File Layer
    minor: Write failed
  #012: /scratch/spack_cpu/job_21700923/spack-stage/spack-stage-hdf5-1.10.7-xexa2gll6hf6okdatgrxiwhcjs2uepc7/spack-src/src/H5FDsec2.c line 856 in H5FD__sec2_write(): file write failed: time = Wed Nov 19 09:57:08 2025
, filename = 'checkpoint.h5', file descriptor = 5, errno = 14, error message = 'Bad address', buf = 0x1555537c4000, total write size = 15969552, bytes this sub-write = 15969552, bytes actually written = 18446744073709551615, offset = 0
    major: Low-level I/O
    minor: Write failed
HDF5-DIAG: Error detected in HDF5 (1.10.7) thread 0:
  #000: /scratch/spack_cpu/job_21700923/spack-stage/spack-stage-hdf5-1.10.7-xexa2gll6hf6okdatgrxiwhcjs2uepc7/spack-src/src/H5Dio.c line 335 in H5Dwrite(): can't write data
    major: Dataset
    minor: Write failed
  #001: /scratch/spack_cpu/job_21700923/spack-stage/spack-stage-hdf5-1.10.7-xexa2gll6hf6okdatgrxiwhcjs2uepc7/spack-src/src/H5Dio.c line 813 in H5D__write(): can't write data
    major: Dataset
    minor: Write failed
  #002: /scratch/spack_cpu/job_21700923/spack-stage/spack-stage-hdf5-1.10.7-xexa2gll6hf6okdatgrxiwhcjs2uepc7/spack-src/src/H5Dcontig.c line 659 in H5D__contig_write(): contiguous write failed
    major: Dataset
    minor: Write failed
  #003: /scratch/spack_cpu/job_21700923/spack-stage/spack-stage-hdf5-1.10.7-xexa2gll6hf6okdatgrxiwhcjs2uepc7/spack-src/src/H5Dselect.c line 321 in H5D__select_write(): write error
    major: Dataspace
    minor: Write failed
  #004: /scratch/spack_cpu/job_21700923/spack-stage/spack-stage-hdf5-1.10.7-xexa2gll6hf6okdatgrxiwhcjs2uepc7/spack-src/src/H5Dselect.c line 230 in H5D__select_io(): write error
    major: Dataspace
    minor: Write failed
  #005: /scratch/spack_cpu/job_21700923/spack-stage/spack-stage-hdf5-1.10.7-xexa2gll6hf6okdatgrxiwhcjs2uepc7/spack-src/src/H5Dcontig.c line 1281 in H5D__contig_writevv(): can't perform vectorized sieve buffer write
    major: Dataset
    minor: Can't operate on object
  #006: /scratch/spack_cpu/job_21700923/spack-stage/spack-stage-hdf5-1.10.7-xexa2gll6hf6okdatgrxiwhcjs2uepc7/spack-src/src/H5VM.c line 1464 in H5VM_opvv(): can't perform operation
    major: Internal error (too specific to document in detail)
    minor: Can't operate on object
  #007: /scratch/spack_cpu/job_21700923/spack-stage/spack-stage-hdf5-1.10.7-xexa2gll6hf6okdatgrxiwhcjs2uepc7/spack-src/src/H5Dcontig.c line 1029 in H5D__contig_writevv_sieve_cb(): block write failed
    major: Dataset
    minor: Write failed
  #008: /scratch/spack_cpu/job_21700923/spack-stage/spack-stage-hdf5-1.10.7-xexa2gll6hf6okdatgrxiwhcjs2uepc7/spack-src/src/H5Fio.c line 161 in H5F_block_write(): write through page buffer failed
    major: Low-level I/O
    minor: Write failed
  #009: /scratch/spack_cpu/job_21700923/spack-stage/spack-stage-hdf5-1.10.7-xexa2gll6hf6okdatgrxiwhcjs2uepc7/spack-src/src/H5PB.c line 1032 in H5PB_write(): write through metadata accumulator failed
    major: Page Buffering
    minor: Write failed
  #010: /scratch/spack_cpu/job_21700923/spack-stage/spack-stage-hdf5-1.10.7-xexa2gll6hf6okdatgrxiwhcjs2uepc7/spack-src/src/H5Faccum.c line 824 in H5F__accum_write(): file write failed
    major: Low-level I/O
    minor: Write failed
  #011: /scratch/spack_cpu/job_21700923/spack-stage/spack-stage-hdf5-1.10.7-xexa2gll6hf6okdatgrxiwhcjs2uepc7/spack-src/src/H5FDint.c line 249 in H5FD_write(): driver write request failed
    major: Virtual File Layer
    minor: Write failed
  #012: /scratch/spack_cpu/job_21700923/spack-stage/spack-stage-hdf5-1.10.7-xexa2gll6hf6okdatgrxiwhcjs2uepc7/spack-src/src/H5FDsec2.c line 856 in H5FD__sec2_write(): file write failed: time = Wed Nov 19 09:57:44 2025
, filename = 'checkpoint.h5', file descriptor = 5, errno = 14, error message = 'Bad address', buf = 0x1555537c4000, total write size = 15969552, bytes this sub-write = 15969552, bytes actually written = 18446744073709551615, offset = 0
    major: Low-level I/O
    minor: Write failed
HDF5-DIAG: Error detected in HDF5 (1.10.7) thread 0:
  #000: /scratch/spack_cpu/job_21700923/spack-stage/spack-stage-hdf5-1.10.7-xexa2gll6hf6okdatgrxiwhcjs2uepc7/spack-src/src/H5Dio.c line 335 in H5Dwrite(): can't write data
    major: Dataset
    minor: Write failed
  #001: /scratch/spack_cpu/job_21700923/spack-stage/spack-stage-hdf5-1.10.7-xexa2gll6hf6okdatgrxiwhcjs2uepc7/spack-src/src/H5Dio.c line 813 in H5D__write(): can't write data
    major: Dataset
    minor: Write failed
  #002: /scratch/spack_cpu/job_21700923/spack-stage/spack-stage-hdf5-1.10.7-xexa2gll6hf6okdatgrxiwhcjs2uepc7/spack-src/src/H5Dcontig.c line 659 in H5D__contig_write(): contiguous write failed
    major: Dataset
    minor: Write failed
  #003: /scratch/spack_cpu/job_21700923/spack-stage/spack-stage-hdf5-1.10.7-xexa2gll6hf6okdatgrxiwhcjs2uepc7/spack-src/src/H5Dselect.c line 321 in H5D__select_write(): write error
    major: Dataspace
    minor: Write failed
  #004: /scratch/spack_cpu/job_21700923/spack-stage/spack-stage-hdf5-1.10.7-xexa2gll6hf6okdatgrxiwhcjs2uepc7/spack-src/src/H5Dselect.c line 230 in H5D__select_io(): write error
    major: Dataspace
    minor: Write failed
  #005: /scratch/spack_cpu/job_21700923/spack-stage/spack-stage-hdf5-1.10.7-xexa2gll6hf6okdatgrxiwhcjs2uepc7/spack-src/src/H5Dcontig.c line 1281 in H5D__contig_writevv(): can't perform vectorized sieve buffer write
    major: Dataset
    minor: Can't operate on object
  #006: /scratch/spack_cpu/job_21700923/spack-stage/spack-stage-hdf5-1.10.7-xexa2gll6hf6okdatgrxiwhcjs2uepc7/spack-src/src/H5VM.c line 1464 in H5VM_opvv(): can't perform operation
    major: Internal error (too specific to document in detail)
    minor: Can't operate on object
  #007: /scratch/spack_cpu/job_21700923/spack-stage/spack-stage-hdf5-1.10.7-xexa2gll6hf6okdatgrxiwhcjs2uepc7/spack-src/src/H5Dcontig.c line 1029 in H5D__contig_writevv_sieve_cb(): block write failed
    major: Dataset
    minor: Write failed
  #008: /scratch/spack_cpu/job_21700923/spack-stage/spack-stage-hdf5-1.10.7-xexa2gll6hf6okdatgrxiwhcjs2uepc7/spack-src/src/H5Fio.c line 161 in H5F_block_write(): write through page buffer failed
    major: Low-level I/O
    minor: Write failed
  #009: /scratch/spack_cpu/job_21700923/spack-stage/spack-stage-hdf5-1.10.7-xexa2gll6hf6okdatgrxiwhcjs2uepc7/spack-src/src/H5PB.c line 1032 in H5PB_write(): write through metadata accumulator failed
    major: Page Buffering
    minor: Write failed
  #010: /scratch/spack_cpu/job_21700923/spack-stage/spack-stage-hdf5-1.10.7-xexa2gll6hf6okdatgrxiwhcjs2uepc7/spack-src/src/H5Faccum.c line 824 in H5F__accum_write(): file write failed
    major: Low-level I/O
    minor: Write failed
  #011: /scratch/spack_cpu/job_21700923/spack-stage/spack-stage-hdf5-1.10.7-xexa2gll6hf6okdatgrxiwhcjs2uepc7/spack-src/src/H5FDint.c line 249 in H5FD_write(): driver write request failed
    major: Virtual File Layer
    minor: Write failed
  #012: /scratch/spack_cpu/job_21700923/spack-stage/spack-stage-hdf5-1.10.7-xexa2gll6hf6okdatgrxiwhcjs2uepc7/spack-src/src/H5FDsec2.c line 856 in H5FD__sec2_write(): file write failed: time = Wed Nov 19 09:58:21 2025
, filename = 'checkpoint.h5', file descriptor = 5, errno = 14, error message = 'Bad address', buf = 0x1555537c4000, total write size = 15969552, bytes this sub-write = 15969552, bytes actually written = 18446744073709551615, offset = 0
    major: Low-level I/O
    minor: Write failed
HDF5-DIAG: Error detected in HDF5 (1.10.7) thread 0:
  #000: /scratch/spack_cpu/job_21700923/spack-stage/spack-stage-hdf5-1.10.7-xexa2gll6hf6okdatgrxiwhcjs2uepc7/spack-src/src/H5Dio.c line 335 in H5Dwrite(): can't write data
    major: Dataset
    minor: Write failed
  #001: /scratch/spack_cpu/job_21700923/spack-stage/spack-stage-hdf5-1.10.7-xexa2gll6hf6okdatgrxiwhcjs2uepc7/spack-src/src/H5Dio.c line 813 in H5D__write(): can't write data
    major: Dataset
    minor: Write failed
  #002: /scratch/spack_cpu/job_21700923/spack-stage/spack-stage-hdf5-1.10.7-xexa2gll6hf6okdatgrxiwhcjs2uepc7/spack-src/src/H5Dcontig.c line 659 in H5D__contig_write(): contiguous write failed
    major: Dataset
    minor: Write failed
  #003: /scratch/spack_cpu/job_21700923/spack-stage/spack-stage-hdf5-1.10.7-xexa2gll6hf6okdatgrxiwhcjs2uepc7/spack-src/src/H5Dselect.c line 321 in H5D__select_write(): write error
    major: Dataspace
    minor: Write failed
  #004: /scratch/spack_cpu/job_21700923/spack-stage/spack-stage-hdf5-1.10.7-xexa2gll6hf6okdatgrxiwhcjs2uepc7/spack-src/src/H5Dselect.c line 230 in H5D__select_io(): write error
    major: Dataspace
    minor: Write failed
  #005: /scratch/spack_cpu/job_21700923/spack-stage/spack-stage-hdf5-1.10.7-xexa2gll6hf6okdatgrxiwhcjs2uepc7/spack-src/src/H5Dcontig.c line 1281 in H5D__contig_writevv(): can't perform vectorized sieve buffer write
    major: Dataset
    minor: Can't operate on object
  #006: /scratch/spack_cpu/job_21700923/spack-stage/spack-stage-hdf5-1.10.7-xexa2gll6hf6okdatgrxiwhcjs2uepc7/spack-src/src/H5VM.c line 1464 in H5VM_opvv(): can't perform operation
    major: Internal error (too specific to document in detail)
    minor: Can't operate on object
  #007: /scratch/spack_cpu/job_21700923/spack-stage/spack-stage-hdf5-1.10.7-xexa2gll6hf6okdatgrxiwhcjs2uepc7/spack-src/src/H5Dcontig.c line 1029 in H5D__contig_writevv_sieve_cb(): block write failed
    major: Dataset
    minor: Write failed
  #008: /scratch/spack_cpu/job_21700923/spack-stage/spack-stage-hdf5-1.10.7-xexa2gll6hf6okdatgrxiwhcjs2uepc7/spack-src/src/H5Fio.c line 161 in H5F_block_write(): write through page buffer failed
    major: Low-level I/O
    minor: Write failed
  #009: /scratch/spack_cpu/job_21700923/spack-stage/spack-stage-hdf5-1.10.7-xexa2gll6hf6okdatgrxiwhcjs2uepc7/spack-src/src/H5PB.c line 1032 in H5PB_write(): write through metadata accumulator failed
    major: Page Buffering
    minor: Write failed
  #010: /scratch/spack_cpu/job_21700923/spack-stage/spack-stage-hdf5-1.10.7-xexa2gll6hf6okdatgrxiwhcjs2uepc7/spack-src/src/H5Faccum.c line 824 in H5F__accum_write(): file write failed
    major: Low-level I/O
    minor: Write failed
  #011: /scratch/spack_cpu/job_21700923/spack-stage/spack-stage-hdf5-1.10.7-xexa2gll6hf6okdatgrxiwhcjs2uepc7/spack-src/src/H5FDint.c line 249 in H5FD_write(): driver write request failed
    major: Virtual File Layer
    minor: Write failed
  #012: /scratch/spack_cpu/job_21700923/spack-stage/spack-stage-hdf5-1.10.7-xexa2gll6hf6okdatgrxiwhcjs2uepc7/spack-src/src/H5FDsec2.c line 856 in H5FD__sec2_write(): file write failed: time = Wed Nov 19 09:58:58 2025
, filename = 'checkpoint.h5', file descriptor = 5, errno = 14, error message = 'Bad address', buf = 0x1555537c4000, total write size = 15969552, bytes this sub-write = 15969552, bytes actually written = 18446744073709551615, offset = 0
    major: Low-level I/O
    minor: Write failed
HDF5-DIAG: Error detected in HDF5 (1.10.7) thread 0:
  #000: /scratch/spack_cpu/job_21700923/spack-stage/spack-stage-hdf5-1.10.7-xexa2gll6hf6okdatgrxiwhcjs2uepc7/spack-src/src/H5Dio.c line 335 in H5Dwrite(): can't write data
    major: Dataset
    minor: Write failed
  #001: /scratch/spack_cpu/job_21700923/spack-stage/spack-stage-hdf5-1.10.7-xexa2gll6hf6okdatgrxiwhcjs2uepc7/spack-src/src/H5Dio.c line 813 in H5D__write(): can't write data
    major: Dataset
    minor: Write failed
  #002: /scratch/spack_cpu/job_21700923/spack-stage/spack-stage-hdf5-1.10.7-xexa2gll6hf6okdatgrxiwhcjs2uepc7/spack-src/src/H5Dcontig.c line 659 in H5D__contig_write(): contiguous write failed
    major: Dataset
    minor: Write failed
  #003: /scratch/spack_cpu/job_21700923/spack-stage/spack-stage-hdf5-1.10.7-xexa2gll6hf6okdatgrxiwhcjs2uepc7/spack-src/src/H5Dselect.c line 321 in H5D__select_write(): write error
    major: Dataspace
    minor: Write failed
  #004: /scratch/spack_cpu/job_21700923/spack-stage/spack-stage-hdf5-1.10.7-xexa2gll6hf6okdatgrxiwhcjs2uepc7/spack-src/src/H5Dselect.c line 230 in H5D__select_io(): write error
    major: Dataspace
    minor: Write failed
  #005: /scratch/spack_cpu/job_21700923/spack-stage/spack-stage-hdf5-1.10.7-xexa2gll6hf6okdatgrxiwhcjs2uepc7/spack-src/src/H5Dcontig.c line 1281 in H5D__contig_writevv(): can't perform vectorized sieve buffer write
    major: Dataset
    minor: Can't operate on object
  #006: /scratch/spack_cpu/job_21700923/spack-stage/spack-stage-hdf5-1.10.7-xexa2gll6hf6okdatgrxiwhcjs2uepc7/spack-src/src/H5VM.c line 1464 in H5VM_opvv(): can't perform operation
    major: Internal error (too specific to document in detail)
    minor: Can't operate on object
  #007: /scratch/spack_cpu/job_21700923/spack-stage/spack-stage-hdf5-1.10.7-xexa2gll6hf6okdatgrxiwhcjs2uepc7/spack-src/src/H5Dcontig.c line 1029 in H5D__contig_writevv_sieve_cb(): block write failed
    major: Dataset
    minor: Write failed
  #008: /scratch/spack_cpu/job_21700923/spack-stage/spack-stage-hdf5-1.10.7-xexa2gll6hf6okdatgrxiwhcjs2uepc7/spack-src/src/H5Fio.c line 161 in H5F_block_write(): write through page buffer failed
    major: Low-level I/O
    minor: Write failed
  #009: /scratch/spack_cpu/job_21700923/spack-stage/spack-stage-hdf5-1.10.7-xexa2gll6hf6okdatgrxiwhcjs2uepc7/spack-src/src/H5PB.c line 1032 in H5PB_write(): write through metadata accumulator failed
    major: Page Buffering
    minor: Write failed
  #010: /scratch/spack_cpu/job_21700923/spack-stage/spack-stage-hdf5-1.10.7-xexa2gll6hf6okdatgrxiwhcjs2uepc7/spack-src/src/H5Faccum.c line 824 in H5F__accum_write(): file write failed
    major: Low-level I/O
    minor: Write failed
  #011: /scratch/spack_cpu/job_21700923/spack-stage/spack-stage-hdf5-1.10.7-xexa2gll6hf6okdatgrxiwhcjs2uepc7/spack-src/src/H5FDint.c line 249 in H5FD_write(): driver write request failed
    major: Virtual File Layer
    minor: Write failed
  #012: /scratch/spack_cpu/job_21700923/spack-stage/spack-stage-hdf5-1.10.7-xexa2gll6hf6okdatgrxiwhcjs2uepc7/spack-src/src/H5FDsec2.c line 856 in H5FD__sec2_write(): file write failed: time = Wed Nov 19 09:59:34 2025
, filename = 'checkpoint.h5', file descriptor = 5, errno = 14, error message = 'Bad address', buf = 0x1555537c4000, total write size = 15969552, bytes this sub-write = 15969552, bytes actually written = 18446744073709551615, offset = 0
    major: Low-level I/O
    minor: Write failed
HDF5-DIAG: Error detected in HDF5 (1.10.7) thread 0:
  #000: /scratch/spack_cpu/job_21700923/spack-stage/spack-stage-hdf5-1.10.7-xexa2gll6hf6okdatgrxiwhcjs2uepc7/spack-src/src/H5Dio.c line 335 in H5Dwrite(): can't write data
    major: Dataset
    minor: Write failed
  #001: /scratch/spack_cpu/job_21700923/spack-stage/spack-stage-hdf5-1.10.7-xexa2gll6hf6okdatgrxiwhcjs2uepc7/spack-src/src/H5Dio.c line 813 in H5D__write(): can't write data
    major: Dataset
    minor: Write failed
  #002: /scratch/spack_cpu/job_21700923/spack-stage/spack-stage-hdf5-1.10.7-xexa2gll6hf6okdatgrxiwhcjs2uepc7/spack-src/src/H5Dcontig.c line 659 in H5D__contig_write(): contiguous write failed
    major: Dataset
    minor: Write failed
  #003: /scratch/spack_cpu/job_21700923/spack-stage/spack-stage-hdf5-1.10.7-xexa2gll6hf6okdatgrxiwhcjs2uepc7/spack-src/src/H5Dselect.c line 321 in H5D__select_write(): write error
    major: Dataspace
    minor: Write failed
  #004: /scratch/spack_cpu/job_21700923/spack-stage/spack-stage-hdf5-1.10.7-xexa2gll6hf6okdatgrxiwhcjs2uepc7/spack-src/src/H5Dselect.c line 230 in H5D__select_io(): write error
    major: Dataspace
    minor: Write failed
  #005: /scratch/spack_cpu/job_21700923/spack-stage/spack-stage-hdf5-1.10.7-xexa2gll6hf6okdatgrxiwhcjs2uepc7/spack-src/src/H5Dcontig.c line 1281 in H5D__contig_writevv(): can't perform vectorized sieve buffer write
    major: Dataset
    minor: Can't operate on object
  #006: /scratch/spack_cpu/job_21700923/spack-stage/spack-stage-hdf5-1.10.7-xexa2gll6hf6okdatgrxiwhcjs2uepc7/spack-src/src/H5VM.c line 1464 in H5VM_opvv(): can't perform operation
    major: Internal error (too specific to document in detail)
    minor: Can't operate on object
  #007: /scratch/spack_cpu/job_21700923/spack-stage/spack-stage-hdf5-1.10.7-xexa2gll6hf6okdatgrxiwhcjs2uepc7/spack-src/src/H5Dcontig.c line 1029 in H5D__contig_writevv_sieve_cb(): block write failed
    major: Dataset
    minor: Write failed
  #008: /scratch/spack_cpu/job_21700923/spack-stage/spack-stage-hdf5-1.10.7-xexa2gll6hf6okdatgrxiwhcjs2uepc7/spack-src/src/H5Fio.c line 161 in H5F_block_write(): write through page buffer failed
    major: Low-level I/O
    minor: Write failed
  #009: /scratch/spack_cpu/job_21700923/spack-stage/spack-stage-hdf5-1.10.7-xexa2gll6hf6okdatgrxiwhcjs2uepc7/spack-src/src/H5PB.c line 1032 in H5PB_write(): write through metadata accumulator failed
    major: Page Buffering
    minor: Write failed
  #010: /scratch/spack_cpu/job_21700923/spack-stage/spack-stage-hdf5-1.10.7-xexa2gll6hf6okdatgrxiwhcjs2uepc7/spack-src/src/H5Faccum.c line 824 in H5F__accum_write(): file write failed
    major: Low-level I/O
    minor: Write failed
  #011: /scratch/spack_cpu/job_21700923/spack-stage/spack-stage-hdf5-1.10.7-xexa2gll6hf6okdatgrxiwhcjs2uepc7/spack-src/src/H5FDint.c line 249 in H5FD_write(): driver write request failed
    major: Virtual File Layer
    minor: Write failed
  #012: /scratch/spack_cpu/job_21700923/spack-stage/spack-stage-hdf5-1.10.7-xexa2gll6hf6okdatgrxiwhcjs2uepc7/spack-src/src/H5FDsec2.c line 856 in H5FD__sec2_write(): file write failed: time = Wed Nov 19 10:00:10 2025
, filename = 'checkpoint.h5', file descriptor = 5, errno = 14, error message = 'Bad address', buf = 0x1555537c4000, total write size = 15969552, bytes this sub-write = 15969552, bytes actually written = 18446744073709551615, offset = 0
    major: Low-level I/O
    minor: Write failed
HDF5-DIAG: Error detected in HDF5 (1.10.7) thread 0:
  #000: /scratch/spack_cpu/job_21700923/spack-stage/spack-stage-hdf5-1.10.7-xexa2gll6hf6okdatgrxiwhcjs2uepc7/spack-src/src/H5Dio.c line 335 in H5Dwrite(): can't write data
    major: Dataset
    minor: Write failed
  #001: /scratch/spack_cpu/job_21700923/spack-stage/spack-stage-hdf5-1.10.7-xexa2gll6hf6okdatgrxiwhcjs2uepc7/spack-src/src/H5Dio.c line 813 in H5D__write(): can't write data
    major: Dataset
    minor: Write failed
  #002: /scratch/spack_cpu/job_21700923/spack-stage/spack-stage-hdf5-1.10.7-xexa2gll6hf6okdatgrxiwhcjs2uepc7/spack-src/src/H5Dcontig.c line 659 in H5D__contig_write(): contiguous write failed
    major: Dataset
    minor: Write failed
  #003: /scratch/spack_cpu/job_21700923/spack-stage/spack-stage-hdf5-1.10.7-xexa2gll6hf6okdatgrxiwhcjs2uepc7/spack-src/src/H5Dselect.c line 321 in H5D__select_write(): write error
    major: Dataspace
    minor: Write failed
  #004: /scratch/spack_cpu/job_21700923/spack-stage/spack-stage-hdf5-1.10.7-xexa2gll6hf6okdatgrxiwhcjs2uepc7/spack-src/src/H5Dselect.c line 230 in H5D__select_io(): write error
    major: Dataspace
    minor: Write failed
  #005: /scratch/spack_cpu/job_21700923/spack-stage/spack-stage-hdf5-1.10.7-xexa2gll6hf6okdatgrxiwhcjs2uepc7/spack-src/src/H5Dcontig.c line 1281 in H5D__contig_writevv(): can't perform vectorized sieve buffer write
    major: Dataset
    minor: Can't operate on object
  #006: /scratch/spack_cpu/job_21700923/spack-stage/spack-stage-hdf5-1.10.7-xexa2gll6hf6okdatgrxiwhcjs2uepc7/spack-src/src/H5VM.c line 1464 in H5VM_opvv(): can't perform operation
    major: Internal error (too specific to document in detail)
    minor: Can't operate on object
  #007: /scratch/spack_cpu/job_21700923/spack-stage/spack-stage-hdf5-1.10.7-xexa2gll6hf6okdatgrxiwhcjs2uepc7/spack-src/src/H5Dcontig.c line 1029 in H5D__contig_writevv_sieve_cb(): block write failed
    major: Dataset
    minor: Write failed
  #008: /scratch/spack_cpu/job_21700923/spack-stage/spack-stage-hdf5-1.10.7-xexa2gll6hf6okdatgrxiwhcjs2uepc7/spack-src/src/H5Fio.c line 161 in H5F_block_write(): write through page buffer failed
    major: Low-level I/O
    minor: Write failed
  #009: /scratch/spack_cpu/job_21700923/spack-stage/spack-stage-hdf5-1.10.7-xexa2gll6hf6okdatgrxiwhcjs2uepc7/spack-src/src/H5PB.c line 1032 in H5PB_write(): write through metadata accumulator failed
    major: Page Buffering
    minor: Write failed
  #010: /scratch/spack_cpu/job_21700923/spack-stage/spack-stage-hdf5-1.10.7-xexa2gll6hf6okdatgrxiwhcjs2uepc7/spack-src/src/H5Faccum.c line 824 in H5F__accum_write(): file write failed
    major: Low-level I/O
    minor: Write failed
  #011: /scratch/spack_cpu/job_21700923/spack-stage/spack-stage-hdf5-1.10.7-xexa2gll6hf6okdatgrxiwhcjs2uepc7/spack-src/src/H5FDint.c line 249 in H5FD_write(): driver write request failed
    major: Virtual File Layer
    minor: Write failed
  #012: /scratch/spack_cpu/job_21700923/spack-stage/spack-stage-hdf5-1.10.7-xexa2gll6hf6okdatgrxiwhcjs2uepc7/spack-src/src/H5FDsec2.c line 856 in H5FD__sec2_write(): file write failed: time = Wed Nov 19 10:00:47 2025
, filename = 'checkpoint.h5', file descriptor = 5, errno = 14, error message = 'Bad address', buf = 0x1555537c4000, total write size = 15969552, bytes this sub-write = 15969552, bytes actually written = 18446744073709551615, offset = 0
    major: Low-level I/O
    minor: Write failed
HDF5-DIAG: Error detected in HDF5 (1.10.7) thread 0:
  #000: /scratch/spack_cpu/job_21700923/spack-stage/spack-stage-hdf5-1.10.7-xexa2gll6hf6okdatgrxiwhcjs2uepc7/spack-src/src/H5Dio.c line 335 in H5Dwrite(): can't write data
    major: Dataset
    minor: Write failed
  #001: /scratch/spack_cpu/job_21700923/spack-stage/spack-stage-hdf5-1.10.7-xexa2gll6hf6okdatgrxiwhcjs2uepc7/spack-src/src/H5Dio.c line 813 in H5D__write(): can't write data
    major: Dataset
    minor: Write failed
  #002: /scratch/spack_cpu/job_21700923/spack-stage/spack-stage-hdf5-1.10.7-xexa2gll6hf6okdatgrxiwhcjs2uepc7/spack-src/src/H5Dcontig.c line 659 in H5D__contig_write(): contiguous write failed
    major: Dataset
    minor: Write failed
  #003: /scratch/spack_cpu/job_21700923/spack-stage/spack-stage-hdf5-1.10.7-xexa2gll6hf6okdatgrxiwhcjs2uepc7/spack-src/src/H5Dselect.c line 321 in H5D__select_write(): write error
    major: Dataspace
    minor: Write failed
  #004: /scratch/spack_cpu/job_21700923/spack-stage/spack-stage-hdf5-1.10.7-xexa2gll6hf6okdatgrxiwhcjs2uepc7/spack-src/src/H5Dselect.c line 230 in H5D__select_io(): write error
    major: Dataspace
    minor: Write failed
  #005: /scratch/spack_cpu/job_21700923/spack-stage/spack-stage-hdf5-1.10.7-xexa2gll6hf6okdatgrxiwhcjs2uepc7/spack-src/src/H5Dcontig.c line 1281 in H5D__contig_writevv(): can't perform vectorized sieve buffer write
    major: Dataset
    minor: Can't operate on object
  #006: /scratch/spack_cpu/job_21700923/spack-stage/spack-stage-hdf5-1.10.7-xexa2gll6hf6okdatgrxiwhcjs2uepc7/spack-src/src/H5VM.c line 1464 in H5VM_opvv(): can't perform operation
    major: Internal error (too specific to document in detail)
    minor: Can't operate on object
  #007: /scratch/spack_cpu/job_21700923/spack-stage/spack-stage-hdf5-1.10.7-xexa2gll6hf6okdatgrxiwhcjs2uepc7/spack-src/src/H5Dcontig.c line 1029 in H5D__contig_writevv_sieve_cb(): block write failed
    major: Dataset
    minor: Write failed
  #008: /scratch/spack_cpu/job_21700923/spack-stage/spack-stage-hdf5-1.10.7-xexa2gll6hf6okdatgrxiwhcjs2uepc7/spack-src/src/H5Fio.c line 161 in H5F_block_write(): write through page buffer failed
    major: Low-level I/O
    minor: Write failed
  #009: /scratch/spack_cpu/job_21700923/spack-stage/spack-stage-hdf5-1.10.7-xexa2gll6hf6okdatgrxiwhcjs2uepc7/spack-src/src/H5PB.c line 1032 in H5PB_write(): write through metadata accumulator failed
    major: Page Buffering
    minor: Write failed
  #010: /scratch/spack_cpu/job_21700923/spack-stage/spack-stage-hdf5-1.10.7-xexa2gll6hf6okdatgrxiwhcjs2uepc7/spack-src/src/H5Faccum.c line 824 in H5F__accum_write(): file write failed
    major: Low-level I/O
    minor: Write failed
  #011: /scratch/spack_cpu/job_21700923/spack-stage/spack-stage-hdf5-1.10.7-xexa2gll6hf6okdatgrxiwhcjs2uepc7/spack-src/src/H5FDint.c line 249 in H5FD_write(): driver write request failed
    major: Virtual File Layer
    minor: Write failed
  #012: /scratch/spack_cpu/job_21700923/spack-stage/spack-stage-hdf5-1.10.7-xexa2gll6hf6okdatgrxiwhcjs2uepc7/spack-src/src/H5FDsec2.c line 856 in H5FD__sec2_write(): file write failed: time = Wed Nov 19 10:01:23 2025
, filename = 'checkpoint.h5', file descriptor = 5, errno = 14, error message = 'Bad address', buf = 0x1555537c4000, total write size = 15969552, bytes this sub-write = 15969552, bytes actually written = 18446744073709551615, offset = 0
    major: Low-level I/O
    minor: Write failed
HDF5-DIAG: Error detected in HDF5 (1.10.7) thread 0:
  #000: /scratch/spack_cpu/job_21700923/spack-stage/spack-stage-hdf5-1.10.7-xexa2gll6hf6okdatgrxiwhcjs2uepc7/spack-src/src/H5Dio.c line 335 in H5Dwrite(): can't write data
    major: Dataset
    minor: Write failed
  #001: /scratch/spack_cpu/job_21700923/spack-stage/spack-stage-hdf5-1.10.7-xexa2gll6hf6okdatgrxiwhcjs2uepc7/spack-src/src/H5Dio.c line 813 in H5D__write(): can't write data
    major: Dataset
    minor: Write failed
  #002: /scratch/spack_cpu/job_21700923/spack-stage/spack-stage-hdf5-1.10.7-xexa2gll6hf6okdatgrxiwhcjs2uepc7/spack-src/src/H5Dcontig.c line 659 in H5D__contig_write(): contiguous write failed
    major: Dataset
    minor: Write failed
  #003: /scratch/spack_cpu/job_21700923/spack-stage/spack-stage-hdf5-1.10.7-xexa2gll6hf6okdatgrxiwhcjs2uepc7/spack-src/src/H5Dselect.c line 321 in H5D__select_write(): write error
    major: Dataspace
    minor: Write failed
  #004: /scratch/spack_cpu/job_21700923/spack-stage/spack-stage-hdf5-1.10.7-xexa2gll6hf6okdatgrxiwhcjs2uepc7/spack-src/src/H5Dselect.c line 230 in H5D__select_io(): write error
    major: Dataspace
    minor: Write failed
  #005: /scratch/spack_cpu/job_21700923/spack-stage/spack-stage-hdf5-1.10.7-xexa2gll6hf6okdatgrxiwhcjs2uepc7/spack-src/src/H5Dcontig.c line 1281 in H5D__contig_writevv(): can't perform vectorized sieve buffer write
    major: Dataset
    minor: Can't operate on object
  #006: /scratch/spack_cpu/job_21700923/spack-stage/spack-stage-hdf5-1.10.7-xexa2gll6hf6okdatgrxiwhcjs2uepc7/spack-src/src/H5VM.c line 1464 in H5VM_opvv(): can't perform operation
    major: Internal error (too specific to document in detail)
    minor: Can't operate on object
  #007: /scratch/spack_cpu/job_21700923/spack-stage/spack-stage-hdf5-1.10.7-xexa2gll6hf6okdatgrxiwhcjs2uepc7/spack-src/src/H5Dcontig.c line 1029 in H5D__contig_writevv_sieve_cb(): block write failed
    major: Dataset
    minor: Write failed
  #008: /scratch/spack_cpu/job_21700923/spack-stage/spack-stage-hdf5-1.10.7-xexa2gll6hf6okdatgrxiwhcjs2uepc7/spack-src/src/H5Fio.c line 161 in H5F_block_write(): write through page buffer failed
    major: Low-level I/O
    minor: Write failed
  #009: /scratch/spack_cpu/job_21700923/spack-stage/spack-stage-hdf5-1.10.7-xexa2gll6hf6okdatgrxiwhcjs2uepc7/spack-src/src/H5PB.c line 1032 in H5PB_write(): write through metadata accumulator failed
    major: Page Buffering
    minor: Write failed
  #010: /scratch/spack_cpu/job_21700923/spack-stage/spack-stage-hdf5-1.10.7-xexa2gll6hf6okdatgrxiwhcjs2uepc7/spack-src/src/H5Faccum.c line 824 in H5F__accum_write(): file write failed
    major: Low-level I/O
    minor: Write failed
  #011: /scratch/spack_cpu/job_21700923/spack-stage/spack-stage-hdf5-1.10.7-xexa2gll6hf6okdatgrxiwhcjs2uepc7/spack-src/src/H5FDint.c line 249 in H5FD_write(): driver write request failed
    major: Virtual File Layer
    minor: Write failed
  #012: /scratch/spack_cpu/job_21700923/spack-stage/spack-stage-hdf5-1.10.7-xexa2gll6hf6okdatgrxiwhcjs2uepc7/spack-src/src/H5FDsec2.c line 856 in H5FD__sec2_write(): file write failed: time = Wed Nov 19 10:01:59 2025
, filename = 'checkpoint.h5', file descriptor = 5, errno = 14, error message = 'Bad address', buf = 0x1555537c4000, total write size = 15969552, bytes this sub-write = 15969552, bytes actually written = 18446744073709551615, offset = 0
    major: Low-level I/O
    minor: Write failed
HDF5-DIAG: Error detected in HDF5 (1.10.7) thread 0:
  #000: /scratch/spack_cpu/job_21700923/spack-stage/spack-stage-hdf5-1.10.7-xexa2gll6hf6okdatgrxiwhcjs2uepc7/spack-src/src/H5Dio.c line 335 in H5Dwrite(): can't write data
    major: Dataset
    minor: Write failed
  #001: /scratch/spack_cpu/job_21700923/spack-stage/spack-stage-hdf5-1.10.7-xexa2gll6hf6okdatgrxiwhcjs2uepc7/spack-src/src/H5Dio.c line 813 in H5D__write(): can't write data
    major: Dataset
    minor: Write failed
  #002: /scratch/spack_cpu/job_21700923/spack-stage/spack-stage-hdf5-1.10.7-xexa2gll6hf6okdatgrxiwhcjs2uepc7/spack-src/src/H5Dcontig.c line 659 in H5D__contig_write(): contiguous write failed
    major: Dataset
    minor: Write failed
  #003: /scratch/spack_cpu/job_21700923/spack-stage/spack-stage-hdf5-1.10.7-xexa2gll6hf6okdatgrxiwhcjs2uepc7/spack-src/src/H5Dselect.c line 321 in H5D__select_write(): write error
    major: Dataspace
    minor: Write failed
  #004: /scratch/spack_cpu/job_21700923/spack-stage/spack-stage-hdf5-1.10.7-xexa2gll6hf6okdatgrxiwhcjs2uepc7/spack-src/src/H5Dselect.c line 230 in H5D__select_io(): write error
    major: Dataspace
    minor: Write failed
  #005: /scratch/spack_cpu/job_21700923/spack-stage/spack-stage-hdf5-1.10.7-xexa2gll6hf6okdatgrxiwhcjs2uepc7/spack-src/src/H5Dcontig.c line 1281 in H5D__contig_writevv(): can't perform vectorized sieve buffer write
    major: Dataset
    minor: Can't operate on object
  #006: /scratch/spack_cpu/job_21700923/spack-stage/spack-stage-hdf5-1.10.7-xexa2gll6hf6okdatgrxiwhcjs2uepc7/spack-src/src/H5VM.c line 1464 in H5VM_opvv(): can't perform operation
    major: Internal error (too specific to document in detail)
    minor: Can't operate on object
  #007: /scratch/spack_cpu/job_21700923/spack-stage/spack-stage-hdf5-1.10.7-xexa2gll6hf6okdatgrxiwhcjs2uepc7/spack-src/src/H5Dcontig.c line 1029 in H5D__contig_writevv_sieve_cb(): block write failed
    major: Dataset
    minor: Write failed
  #008: /scratch/spack_cpu/job_21700923/spack-stage/spack-stage-hdf5-1.10.7-xexa2gll6hf6okdatgrxiwhcjs2uepc7/spack-src/src/H5Fio.c line 161 in H5F_block_write(): write through page buffer failed
    major: Low-level I/O
    minor: Write failed
  #009: /scratch/spack_cpu/job_21700923/spack-stage/spack-stage-hdf5-1.10.7-xexa2gll6hf6okdatgrxiwhcjs2uepc7/spack-src/src/H5PB.c line 1032 in H5PB_write(): write through metadata accumulator failed
    major: Page Buffering
    minor: Write failed
  #010: /scratch/spack_cpu/job_21700923/spack-stage/spack-stage-hdf5-1.10.7-xexa2gll6hf6okdatgrxiwhcjs2uepc7/spack-src/src/H5Faccum.c line 824 in H5F__accum_write(): file write failed
    major: Low-level I/O
    minor: Write failed
  #011: /scratch/spack_cpu/job_21700923/spack-stage/spack-stage-hdf5-1.10.7-xexa2gll6hf6okdatgrxiwhcjs2uepc7/spack-src/src/H5FDint.c line 249 in H5FD_write(): driver write request failed
    major: Virtual File Layer
    minor: Write failed
  #012: /scratch/spack_cpu/job_21700923/spack-stage/spack-stage-hdf5-1.10.7-xexa2gll6hf6okdatgrxiwhcjs2uepc7/spack-src/src/H5FDsec2.c line 856 in H5FD__sec2_write(): file write failed: time = Wed Nov 19 10:02:35 2025
, filename = 'checkpoint.h5', file descriptor = 5, errno = 14, error message = 'Bad address', buf = 0x1555537c4000, total write size = 15969552, bytes this sub-write = 15969552, bytes actually written = 18446744073709551615, offset = 0
    major: Low-level I/O
    minor: Write failed
HDF5-DIAG: Error detected in HDF5 (1.10.7) thread 0:
  #000: /scratch/spack_cpu/job_21700923/spack-stage/spack-stage-hdf5-1.10.7-xexa2gll6hf6okdatgrxiwhcjs2uepc7/spack-src/src/H5Dio.c line 335 in H5Dwrite(): can't write data
    major: Dataset
    minor: Write failed
  #001: /scratch/spack_cpu/job_21700923/spack-stage/spack-stage-hdf5-1.10.7-xexa2gll6hf6okdatgrxiwhcjs2uepc7/spack-src/src/H5Dio.c line 813 in H5D__write(): can't write data
    major: Dataset
    minor: Write failed
  #002: /scratch/spack_cpu/job_21700923/spack-stage/spack-stage-hdf5-1.10.7-xexa2gll6hf6okdatgrxiwhcjs2uepc7/spack-src/src/H5Dcontig.c line 659 in H5D__contig_write(): contiguous write failed
    major: Dataset
    minor: Write failed
  #003: /scratch/spack_cpu/job_21700923/spack-stage/spack-stage-hdf5-1.10.7-xexa2gll6hf6okdatgrxiwhcjs2uepc7/spack-src/src/H5Dselect.c line 321 in H5D__select_write(): write error
    major: Dataspace
    minor: Write failed
  #004: /scratch/spack_cpu/job_21700923/spack-stage/spack-stage-hdf5-1.10.7-xexa2gll6hf6okdatgrxiwhcjs2uepc7/spack-src/src/H5Dselect.c line 230 in H5D__select_io(): write error
    major: Dataspace
    minor: Write failed
  #005: /scratch/spack_cpu/job_21700923/spack-stage/spack-stage-hdf5-1.10.7-xexa2gll6hf6okdatgrxiwhcjs2uepc7/spack-src/src/H5Dcontig.c line 1281 in H5D__contig_writevv(): can't perform vectorized sieve buffer write
    major: Dataset
    minor: Can't operate on object
  #006: /scratch/spack_cpu/job_21700923/spack-stage/spack-stage-hdf5-1.10.7-xexa2gll6hf6okdatgrxiwhcjs2uepc7/spack-src/src/H5VM.c line 1464 in H5VM_opvv(): can't perform operation
    major: Internal error (too specific to document in detail)
    minor: Can't operate on object
  #007: /scratch/spack_cpu/job_21700923/spack-stage/spack-stage-hdf5-1.10.7-xexa2gll6hf6okdatgrxiwhcjs2uepc7/spack-src/src/H5Dcontig.c line 1029 in H5D__contig_writevv_sieve_cb(): block write failed
    major: Dataset
    minor: Write failed
  #008: /scratch/spack_cpu/job_21700923/spack-stage/spack-stage-hdf5-1.10.7-xexa2gll6hf6okdatgrxiwhcjs2uepc7/spack-src/src/H5Fio.c line 161 in H5F_block_write(): write through page buffer failed
    major: Low-level I/O
    minor: Write failed
  #009: /scratch/spack_cpu/job_21700923/spack-stage/spack-stage-hdf5-1.10.7-xexa2gll6hf6okdatgrxiwhcjs2uepc7/spack-src/src/H5PB.c line 1032 in H5PB_write(): write through metadata accumulator failed
    major: Page Buffering
    minor: Write failed
  #010: /scratch/spack_cpu/job_21700923/spack-stage/spack-stage-hdf5-1.10.7-xexa2gll6hf6okdatgrxiwhcjs2uepc7/spack-src/src/H5Faccum.c line 824 in H5F__accum_write(): file write failed
    major: Low-level I/O
    minor: Write failed
  #011: /scratch/spack_cpu/job_21700923/spack-stage/spack-stage-hdf5-1.10.7-xexa2gll6hf6okdatgrxiwhcjs2uepc7/spack-src/src/H5FDint.c line 249 in H5FD_write(): driver write request failed
    major: Virtual File Layer
    minor: Write failed
  #012: /scratch/spack_cpu/job_21700923/spack-stage/spack-stage-hdf5-1.10.7-xexa2gll6hf6okdatgrxiwhcjs2uepc7/spack-src/src/H5FDsec2.c line 856 in H5FD__sec2_write(): file write failed: time = Wed Nov 19 10:03:12 2025
, filename = 'checkpoint.h5', file descriptor = 5, errno = 14, error message = 'Bad address', buf = 0x1555537c4000, total write size = 15969552, bytes this sub-write = 15969552, bytes actually written = 18446744073709551615, offset = 0
    major: Low-level I/O
    minor: Write failed
HDF5-DIAG: Error detected in HDF5 (1.10.7) thread 0:
  #000: /scratch/spack_cpu/job_21700923/spack-stage/spack-stage-hdf5-1.10.7-xexa2gll6hf6okdatgrxiwhcjs2uepc7/spack-src/src/H5Dio.c line 335 in H5Dwrite(): can't write data
    major: Dataset
    minor: Write failed
  #001: /scratch/spack_cpu/job_21700923/spack-stage/spack-stage-hdf5-1.10.7-xexa2gll6hf6okdatgrxiwhcjs2uepc7/spack-src/src/H5Dio.c line 813 in H5D__write(): can't write data
    major: Dataset
    minor: Write failed
  #002: /scratch/spack_cpu/job_21700923/spack-stage/spack-stage-hdf5-1.10.7-xexa2gll6hf6okdatgrxiwhcjs2uepc7/spack-src/src/H5Dcontig.c line 659 in H5D__contig_write(): contiguous write failed
    major: Dataset
    minor: Write failed
  #003: /scratch/spack_cpu/job_21700923/spack-stage/spack-stage-hdf5-1.10.7-xexa2gll6hf6okdatgrxiwhcjs2uepc7/spack-src/src/H5Dselect.c line 321 in H5D__select_write(): write error
    major: Dataspace
    minor: Write failed
  #004: /scratch/spack_cpu/job_21700923/spack-stage/spack-stage-hdf5-1.10.7-xexa2gll6hf6okdatgrxiwhcjs2uepc7/spack-src/src/H5Dselect.c line 230 in H5D__select_io(): write error
    major: Dataspace
    minor: Write failed
  #005: /scratch/spack_cpu/job_21700923/spack-stage/spack-stage-hdf5-1.10.7-xexa2gll6hf6okdatgrxiwhcjs2uepc7/spack-src/src/H5Dcontig.c line 1281 in H5D__contig_writevv(): can't perform vectorized sieve buffer write
    major: Dataset
    minor: Can't operate on object
  #006: /scratch/spack_cpu/job_21700923/spack-stage/spack-stage-hdf5-1.10.7-xexa2gll6hf6okdatgrxiwhcjs2uepc7/spack-src/src/H5VM.c line 1464 in H5VM_opvv(): can't perform operation
    major: Internal error (too specific to document in detail)
    minor: Can't operate on object
  #007: /scratch/spack_cpu/job_21700923/spack-stage/spack-stage-hdf5-1.10.7-xexa2gll6hf6okdatgrxiwhcjs2uepc7/spack-src/src/H5Dcontig.c line 1029 in H5D__contig_writevv_sieve_cb(): block write failed
    major: Dataset
    minor: Write failed
  #008: /scratch/spack_cpu/job_21700923/spack-stage/spack-stage-hdf5-1.10.7-xexa2gll6hf6okdatgrxiwhcjs2uepc7/spack-src/src/H5Fio.c line 161 in H5F_block_write(): write through page buffer failed
    major: Low-level I/O
    minor: Write failed
  #009: /scratch/spack_cpu/job_21700923/spack-stage/spack-stage-hdf5-1.10.7-xexa2gll6hf6okdatgrxiwhcjs2uepc7/spack-src/src/H5PB.c line 1032 in H5PB_write(): write through metadata accumulator failed
    major: Page Buffering
    minor: Write failed
  #010: /scratch/spack_cpu/job_21700923/spack-stage/spack-stage-hdf5-1.10.7-xexa2gll6hf6okdatgrxiwhcjs2uepc7/spack-src/src/H5Faccum.c line 824 in H5F__accum_write(): file write failed
    major: Low-level I/O
    minor: Write failed
  #011: /scratch/spack_cpu/job_21700923/spack-stage/spack-stage-hdf5-1.10.7-xexa2gll6hf6okdatgrxiwhcjs2uepc7/spack-src/src/H5FDint.c line 249 in H5FD_write(): driver write request failed
    major: Virtual File Layer
    minor: Write failed
  #012: /scratch/spack_cpu/job_21700923/spack-stage/spack-stage-hdf5-1.10.7-xexa2gll6hf6okdatgrxiwhcjs2uepc7/spack-src/src/H5FDsec2.c line 856 in H5FD__sec2_write(): file write failed: time = Wed Nov 19 10:03:50 2025
, filename = 'checkpoint.h5', file descriptor = 5, errno = 14, error message = 'Bad address', buf = 0x1555537c4000, total write size = 15969552, bytes this sub-write = 15969552, bytes actually written = 18446744073709551615, offset = 0
    major: Low-level I/O
    minor: Write failed
HDF5-DIAG: Error detected in HDF5 (1.10.7) thread 0:
  #000: /scratch/spack_cpu/job_21700923/spack-stage/spack-stage-hdf5-1.10.7-xexa2gll6hf6okdatgrxiwhcjs2uepc7/spack-src/src/H5Dio.c line 335 in H5Dwrite(): can't write data
    major: Dataset
    minor: Write failed
  #001: /scratch/spack_cpu/job_21700923/spack-stage/spack-stage-hdf5-1.10.7-xexa2gll6hf6okdatgrxiwhcjs2uepc7/spack-src/src/H5Dio.c line 813 in H5D__write(): can't write data
    major: Dataset
    minor: Write failed
  #002: /scratch/spack_cpu/job_21700923/spack-stage/spack-stage-hdf5-1.10.7-xexa2gll6hf6okdatgrxiwhcjs2uepc7/spack-src/src/H5Dcontig.c line 659 in H5D__contig_write(): contiguous write failed
    major: Dataset
    minor: Write failed
  #003: /scratch/spack_cpu/job_21700923/spack-stage/spack-stage-hdf5-1.10.7-xexa2gll6hf6okdatgrxiwhcjs2uepc7/spack-src/src/H5Dselect.c line 321 in H5D__select_write(): write error
    major: Dataspace
    minor: Write failed
  #004: /scratch/spack_cpu/job_21700923/spack-stage/spack-stage-hdf5-1.10.7-xexa2gll6hf6okdatgrxiwhcjs2uepc7/spack-src/src/H5Dselect.c line 230 in H5D__select_io(): write error
    major: Dataspace
    minor: Write failed
  #005: /scratch/spack_cpu/job_21700923/spack-stage/spack-stage-hdf5-1.10.7-xexa2gll6hf6okdatgrxiwhcjs2uepc7/spack-src/src/H5Dcontig.c line 1281 in H5D__contig_writevv(): can't perform vectorized sieve buffer write
    major: Dataset
    minor: Can't operate on object
  #006: /scratch/spack_cpu/job_21700923/spack-stage/spack-stage-hdf5-1.10.7-xexa2gll6hf6okdatgrxiwhcjs2uepc7/spack-src/src/H5VM.c line 1464 in H5VM_opvv(): can't perform operation
    major: Internal error (too specific to document in detail)
    minor: Can't operate on object
  #007: /scratch/spack_cpu/job_21700923/spack-stage/spack-stage-hdf5-1.10.7-xexa2gll6hf6okdatgrxiwhcjs2uepc7/spack-src/src/H5Dcontig.c line 1029 in H5D__contig_writevv_sieve_cb(): block write failed
    major: Dataset
    minor: Write failed
  #008: /scratch/spack_cpu/job_21700923/spack-stage/spack-stage-hdf5-1.10.7-xexa2gll6hf6okdatgrxiwhcjs2uepc7/spack-src/src/H5Fio.c line 161 in H5F_block_write(): write through page buffer failed
    major: Low-level I/O
    minor: Write failed
  #009: /scratch/spack_cpu/job_21700923/spack-stage/spack-stage-hdf5-1.10.7-xexa2gll6hf6okdatgrxiwhcjs2uepc7/spack-src/src/H5PB.c line 1032 in H5PB_write(): write through metadata accumulator failed
    major: Page Buffering
    minor: Write failed
  #010: /scratch/spack_cpu/job_21700923/spack-stage/spack-stage-hdf5-1.10.7-xexa2gll6hf6okdatgrxiwhcjs2uepc7/spack-src/src/H5Faccum.c line 824 in H5F__accum_write(): file write failed
    major: Low-level I/O
    minor: Write failed
  #011: /scratch/spack_cpu/job_21700923/spack-stage/spack-stage-hdf5-1.10.7-xexa2gll6hf6okdatgrxiwhcjs2uepc7/spack-src/src/H5FDint.c line 249 in H5FD_write(): driver write request failed
    major: Virtual File Layer
    minor: Write failed
  #012: /scratch/spack_cpu/job_21700923/spack-stage/spack-stage-hdf5-1.10.7-xexa2gll6hf6okdatgrxiwhcjs2uepc7/spack-src/src/H5FDsec2.c line 856 in H5FD__sec2_write(): file write failed: time = Wed Nov 19 10:04:27 2025
, filename = 'checkpoint.h5', file descriptor = 5, errno = 14, error message = 'Bad address', buf = 0x1555537c4000, total write size = 15969552, bytes this sub-write = 15969552, bytes actually written = 18446744073709551615, offset = 0
    major: Low-level I/O
    minor: Write failed
HDF5-DIAG: Error detected in HDF5 (1.10.7) thread 0:
  #000: /scratch/spack_cpu/job_21700923/spack-stage/spack-stage-hdf5-1.10.7-xexa2gll6hf6okdatgrxiwhcjs2uepc7/spack-src/src/H5Dio.c line 335 in H5Dwrite(): can't write data
    major: Dataset
    minor: Write failed
  #001: /scratch/spack_cpu/job_21700923/spack-stage/spack-stage-hdf5-1.10.7-xexa2gll6hf6okdatgrxiwhcjs2uepc7/spack-src/src/H5Dio.c line 813 in H5D__write(): can't write data
    major: Dataset
    minor: Write failed
  #002: /scratch/spack_cpu/job_21700923/spack-stage/spack-stage-hdf5-1.10.7-xexa2gll6hf6okdatgrxiwhcjs2uepc7/spack-src/src/H5Dcontig.c line 659 in H5D__contig_write(): contiguous write failed
    major: Dataset
    minor: Write failed
  #003: /scratch/spack_cpu/job_21700923/spack-stage/spack-stage-hdf5-1.10.7-xexa2gll6hf6okdatgrxiwhcjs2uepc7/spack-src/src/H5Dselect.c line 321 in H5D__select_write(): write error
    major: Dataspace
    minor: Write failed
  #004: /scratch/spack_cpu/job_21700923/spack-stage/spack-stage-hdf5-1.10.7-xexa2gll6hf6okdatgrxiwhcjs2uepc7/spack-src/src/H5Dselect.c line 230 in H5D__select_io(): write error
    major: Dataspace
    minor: Write failed
  #005: /scratch/spack_cpu/job_21700923/spack-stage/spack-stage-hdf5-1.10.7-xexa2gll6hf6okdatgrxiwhcjs2uepc7/spack-src/src/H5Dcontig.c line 1281 in H5D__contig_writevv(): can't perform vectorized sieve buffer write
    major: Dataset
    minor: Can't operate on object
  #006: /scratch/spack_cpu/job_21700923/spack-stage/spack-stage-hdf5-1.10.7-xexa2gll6hf6okdatgrxiwhcjs2uepc7/spack-src/src/H5VM.c line 1464 in H5VM_opvv(): can't perform operation
    major: Internal error (too specific to document in detail)
    minor: Can't operate on object
  #007: /scratch/spack_cpu/job_21700923/spack-stage/spack-stage-hdf5-1.10.7-xexa2gll6hf6okdatgrxiwhcjs2uepc7/spack-src/src/H5Dcontig.c line 1029 in H5D__contig_writevv_sieve_cb(): block write failed
    major: Dataset
    minor: Write failed
  #008: /scratch/spack_cpu/job_21700923/spack-stage/spack-stage-hdf5-1.10.7-xexa2gll6hf6okdatgrxiwhcjs2uepc7/spack-src/src/H5Fio.c line 161 in H5F_block_write(): write through page buffer failed
    major: Low-level I/O
    minor: Write failed
  #009: /scratch/spack_cpu/job_21700923/spack-stage/spack-stage-hdf5-1.10.7-xexa2gll6hf6okdatgrxiwhcjs2uepc7/spack-src/src/H5PB.c line 1032 in H5PB_write(): write through metadata accumulator failed
    major: Page Buffering
    minor: Write failed
  #010: /scratch/spack_cpu/job_21700923/spack-stage/spack-stage-hdf5-1.10.7-xexa2gll6hf6okdatgrxiwhcjs2uepc7/spack-src/src/H5Faccum.c line 824 in H5F__accum_write(): file write failed
    major: Low-level I/O
    minor: Write failed
  #011: /scratch/spack_cpu/job_21700923/spack-stage/spack-stage-hdf5-1.10.7-xexa2gll6hf6okdatgrxiwhcjs2uepc7/spack-src/src/H5FDint.c line 249 in H5FD_write(): driver write request failed
    major: Virtual File Layer
    minor: Write failed
  #012: /scratch/spack_cpu/job_21700923/spack-stage/spack-stage-hdf5-1.10.7-xexa2gll6hf6okdatgrxiwhcjs2uepc7/spack-src/src/H5FDsec2.c line 856 in H5FD__sec2_write(): file write failed: time = Wed Nov 19 10:05:02 2025
, filename = 'checkpoint.h5', file descriptor = 5, errno = 14, error message = 'Bad address', buf = 0x1555537c4000, total write size = 15969552, bytes this sub-write = 15969552, bytes actually written = 18446744073709551615, offset = 0
    major: Low-level I/O
    minor: Write failed
HDF5-DIAG: Error detected in HDF5 (1.10.7) thread 0:
  #000: /scratch/spack_cpu/job_21700923/spack-stage/spack-stage-hdf5-1.10.7-xexa2gll6hf6okdatgrxiwhcjs2uepc7/spack-src/src/H5Dio.c line 335 in H5Dwrite(): can't write data
    major: Dataset
    minor: Write failed
  #001: /scratch/spack_cpu/job_21700923/spack-stage/spack-stage-hdf5-1.10.7-xexa2gll6hf6okdatgrxiwhcjs2uepc7/spack-src/src/H5Dio.c line 813 in H5D__write(): can't write data
    major: Dataset
    minor: Write failed
  #002: /scratch/spack_cpu/job_21700923/spack-stage/spack-stage-hdf5-1.10.7-xexa2gll6hf6okdatgrxiwhcjs2uepc7/spack-src/src/H5Dcontig.c line 659 in H5D__contig_write(): contiguous write failed
    major: Dataset
    minor: Write failed
  #003: /scratch/spack_cpu/job_21700923/spack-stage/spack-stage-hdf5-1.10.7-xexa2gll6hf6okdatgrxiwhcjs2uepc7/spack-src/src/H5Dselect.c line 321 in H5D__select_write(): write error
    major: Dataspace
    minor: Write failed
  #004: /scratch/spack_cpu/job_21700923/spack-stage/spack-stage-hdf5-1.10.7-xexa2gll6hf6okdatgrxiwhcjs2uepc7/spack-src/src/H5Dselect.c line 230 in H5D__select_io(): write error
    major: Dataspace
    minor: Write failed
  #005: /scratch/spack_cpu/job_21700923/spack-stage/spack-stage-hdf5-1.10.7-xexa2gll6hf6okdatgrxiwhcjs2uepc7/spack-src/src/H5Dcontig.c line 1281 in H5D__contig_writevv(): can't perform vectorized sieve buffer write
    major: Dataset
    minor: Can't operate on object
  #006: /scratch/spack_cpu/job_21700923/spack-stage/spack-stage-hdf5-1.10.7-xexa2gll6hf6okdatgrxiwhcjs2uepc7/spack-src/src/H5VM.c line 1464 in H5VM_opvv(): can't perform operation
    major: Internal error (too specific to document in detail)
    minor: Can't operate on object
  #007: /scratch/spack_cpu/job_21700923/spack-stage/spack-stage-hdf5-1.10.7-xexa2gll6hf6okdatgrxiwhcjs2uepc7/spack-src/src/H5Dcontig.c line 1029 in H5D__contig_writevv_sieve_cb(): block write failed
    major: Dataset
    minor: Write failed
  #008: /scratch/spack_cpu/job_21700923/spack-stage/spack-stage-hdf5-1.10.7-xexa2gll6hf6okdatgrxiwhcjs2uepc7/spack-src/src/H5Fio.c line 161 in H5F_block_write(): write through page buffer failed
    major: Low-level I/O
    minor: Write failed
  #009: /scratch/spack_cpu/job_21700923/spack-stage/spack-stage-hdf5-1.10.7-xexa2gll6hf6okdatgrxiwhcjs2uepc7/spack-src/src/H5PB.c line 1032 in H5PB_write(): write through metadata accumulator failed
    major: Page Buffering
    minor: Write failed
  #010: /scratch/spack_cpu/job_21700923/spack-stage/spack-stage-hdf5-1.10.7-xexa2gll6hf6okdatgrxiwhcjs2uepc7/spack-src/src/H5Faccum.c line 824 in H5F__accum_write(): file write failed
    major: Low-level I/O
    minor: Write failed
  #011: /scratch/spack_cpu/job_21700923/spack-stage/spack-stage-hdf5-1.10.7-xexa2gll6hf6okdatgrxiwhcjs2uepc7/spack-src/src/H5FDint.c line 249 in H5FD_write(): driver write request failed
    major: Virtual File Layer
    minor: Write failed
  #012: /scratch/spack_cpu/job_21700923/spack-stage/spack-stage-hdf5-1.10.7-xexa2gll6hf6okdatgrxiwhcjs2uepc7/spack-src/src/H5FDsec2.c line 856 in H5FD__sec2_write(): file write failed: time = Wed Nov 19 10:05:39 2025
, filename = 'checkpoint.h5', file descriptor = 5, errno = 14, error message = 'Bad address', buf = 0x1555537c4000, total write size = 15969552, bytes this sub-write = 15969552, bytes actually written = 18446744073709551615, offset = 0
    major: Low-level I/O
    minor: Write failed
HDF5-DIAG: Error detected in HDF5 (1.10.7) thread 0:
  #000: /scratch/spack_cpu/job_21700923/spack-stage/spack-stage-hdf5-1.10.7-xexa2gll6hf6okdatgrxiwhcjs2uepc7/spack-src/src/H5Dio.c line 335 in H5Dwrite(): can't write data
    major: Dataset
    minor: Write failed
  #001: /scratch/spack_cpu/job_21700923/spack-stage/spack-stage-hdf5-1.10.7-xexa2gll6hf6okdatgrxiwhcjs2uepc7/spack-src/src/H5Dio.c line 813 in H5D__write(): can't write data
    major: Dataset
    minor: Write failed
  #002: /scratch/spack_cpu/job_21700923/spack-stage/spack-stage-hdf5-1.10.7-xexa2gll6hf6okdatgrxiwhcjs2uepc7/spack-src/src/H5Dcontig.c line 659 in H5D__contig_write(): contiguous write failed
    major: Dataset
    minor: Write failed
  #003: /scratch/spack_cpu/job_21700923/spack-stage/spack-stage-hdf5-1.10.7-xexa2gll6hf6okdatgrxiwhcjs2uepc7/spack-src/src/H5Dselect.c line 321 in H5D__select_write(): write error
    major: Dataspace
    minor: Write failed
  #004: /scratch/spack_cpu/job_21700923/spack-stage/spack-stage-hdf5-1.10.7-xexa2gll6hf6okdatgrxiwhcjs2uepc7/spack-src/src/H5Dselect.c line 230 in H5D__select_io(): write error
    major: Dataspace
    minor: Write failed
  #005: /scratch/spack_cpu/job_21700923/spack-stage/spack-stage-hdf5-1.10.7-xexa2gll6hf6okdatgrxiwhcjs2uepc7/spack-src/src/H5Dcontig.c line 1281 in H5D__contig_writevv(): can't perform vectorized sieve buffer write
    major: Dataset
    minor: Can't operate on object
  #006: /scratch/spack_cpu/job_21700923/spack-stage/spack-stage-hdf5-1.10.7-xexa2gll6hf6okdatgrxiwhcjs2uepc7/spack-src/src/H5VM.c line 1464 in H5VM_opvv(): can't perform operation
    major: Internal error (too specific to document in detail)
    minor: Can't operate on object
  #007: /scratch/spack_cpu/job_21700923/spack-stage/spack-stage-hdf5-1.10.7-xexa2gll6hf6okdatgrxiwhcjs2uepc7/spack-src/src/H5Dcontig.c line 1029 in H5D__contig_writevv_sieve_cb(): block write failed
    major: Dataset
    minor: Write failed
  #008: /scratch/spack_cpu/job_21700923/spack-stage/spack-stage-hdf5-1.10.7-xexa2gll6hf6okdatgrxiwhcjs2uepc7/spack-src/src/H5Fio.c line 161 in H5F_block_write(): write through page buffer failed
    major: Low-level I/O
    minor: Write failed
  #009: /scratch/spack_cpu/job_21700923/spack-stage/spack-stage-hdf5-1.10.7-xexa2gll6hf6okdatgrxiwhcjs2uepc7/spack-src/src/H5PB.c line 1032 in H5PB_write(): write through metadata accumulator failed
    major: Page Buffering
    minor: Write failed
  #010: /scratch/spack_cpu/job_21700923/spack-stage/spack-stage-hdf5-1.10.7-xexa2gll6hf6okdatgrxiwhcjs2uepc7/spack-src/src/H5Faccum.c line 824 in H5F__accum_write(): file write failed
    major: Low-level I/O
    minor: Write failed
  #011: /scratch/spack_cpu/job_21700923/spack-stage/spack-stage-hdf5-1.10.7-xexa2gll6hf6okdatgrxiwhcjs2uepc7/spack-src/src/H5FDint.c line 249 in H5FD_write(): driver write request failed
    major: Virtual File Layer
    minor: Write failed
  #012: /scratch/spack_cpu/job_21700923/spack-stage/spack-stage-hdf5-1.10.7-xexa2gll6hf6okdatgrxiwhcjs2uepc7/spack-src/src/H5FDsec2.c line 856 in H5FD__sec2_write(): file write failed: time = Wed Nov 19 10:06:16 2025
, filename = 'checkpoint.h5', file descriptor = 5, errno = 14, error message = 'Bad address', buf = 0x1555537c4000, total write size = 15969552, bytes this sub-write = 15969552, bytes actually written = 18446744073709551615, offset = 0
    major: Low-level I/O
    minor: Write failed
HDF5-DIAG: Error detected in HDF5 (1.10.7) thread 0:
  #000: /scratch/spack_cpu/job_21700923/spack-stage/spack-stage-hdf5-1.10.7-xexa2gll6hf6okdatgrxiwhcjs2uepc7/spack-src/src/H5Dio.c line 335 in H5Dwrite(): can't write data
    major: Dataset
    minor: Write failed
  #001: /scratch/spack_cpu/job_21700923/spack-stage/spack-stage-hdf5-1.10.7-xexa2gll6hf6okdatgrxiwhcjs2uepc7/spack-src/src/H5Dio.c line 813 in H5D__write(): can't write data
    major: Dataset
    minor: Write failed
  #002: /scratch/spack_cpu/job_21700923/spack-stage/spack-stage-hdf5-1.10.7-xexa2gll6hf6okdatgrxiwhcjs2uepc7/spack-src/src/H5Dcontig.c line 659 in H5D__contig_write(): contiguous write failed
    major: Dataset
    minor: Write failed
  #003: /scratch/spack_cpu/job_21700923/spack-stage/spack-stage-hdf5-1.10.7-xexa2gll6hf6okdatgrxiwhcjs2uepc7/spack-src/src/H5Dselect.c line 321 in H5D__select_write(): write error
    major: Dataspace
    minor: Write failed
  #004: /scratch/spack_cpu/job_21700923/spack-stage/spack-stage-hdf5-1.10.7-xexa2gll6hf6okdatgrxiwhcjs2uepc7/spack-src/src/H5Dselect.c line 230 in H5D__select_io(): write error
    major: Dataspace
    minor: Write failed
  #005: /scratch/spack_cpu/job_21700923/spack-stage/spack-stage-hdf5-1.10.7-xexa2gll6hf6okdatgrxiwhcjs2uepc7/spack-src/src/H5Dcontig.c line 1281 in H5D__contig_writevv(): can't perform vectorized sieve buffer write
    major: Dataset
    minor: Can't operate on object
  #006: /scratch/spack_cpu/job_21700923/spack-stage/spack-stage-hdf5-1.10.7-xexa2gll6hf6okdatgrxiwhcjs2uepc7/spack-src/src/H5VM.c line 1464 in H5VM_opvv(): can't perform operation
    major: Internal error (too specific to document in detail)
    minor: Can't operate on object
  #007: /scratch/spack_cpu/job_21700923/spack-stage/spack-stage-hdf5-1.10.7-xexa2gll6hf6okdatgrxiwhcjs2uepc7/spack-src/src/H5Dcontig.c line 1029 in H5D__contig_writevv_sieve_cb(): block write failed
    major: Dataset
    minor: Write failed
  #008: /scratch/spack_cpu/job_21700923/spack-stage/spack-stage-hdf5-1.10.7-xexa2gll6hf6okdatgrxiwhcjs2uepc7/spack-src/src/H5Fio.c line 161 in H5F_block_write(): write through page buffer failed
    major: Low-level I/O
    minor: Write failed
  #009: /scratch/spack_cpu/job_21700923/spack-stage/spack-stage-hdf5-1.10.7-xexa2gll6hf6okdatgrxiwhcjs2uepc7/spack-src/src/H5PB.c line 1032 in H5PB_write(): write through metadata accumulator failed
    major: Page Buffering
    minor: Write failed
  #010: /scratch/spack_cpu/job_21700923/spack-stage/spack-stage-hdf5-1.10.7-xexa2gll6hf6okdatgrxiwhcjs2uepc7/spack-src/src/H5Faccum.c line 824 in H5F__accum_write(): file write failed
    major: Low-level I/O
    minor: Write failed
  #011: /scratch/spack_cpu/job_21700923/spack-stage/spack-stage-hdf5-1.10.7-xexa2gll6hf6okdatgrxiwhcjs2uepc7/spack-src/src/H5FDint.c line 249 in H5FD_write(): driver write request failed
    major: Virtual File Layer
    minor: Write failed
  #012: /scratch/spack_cpu/job_21700923/spack-stage/spack-stage-hdf5-1.10.7-xexa2gll6hf6okdatgrxiwhcjs2uepc7/spack-src/src/H5FDsec2.c line 856 in H5FD__sec2_write(): file write failed: time = Wed Nov 19 10:06:53 2025
, filename = 'checkpoint.h5', file descriptor = 5, errno = 14, error message = 'Bad address', buf = 0x1555537c4000, total write size = 15969552, bytes this sub-write = 15969552, bytes actually written = 18446744073709551615, offset = 0
    major: Low-level I/O
    minor: Write failed
HDF5-DIAG: Error detected in HDF5 (1.10.7) thread 0:
  #000: /scratch/spack_cpu/job_21700923/spack-stage/spack-stage-hdf5-1.10.7-xexa2gll6hf6okdatgrxiwhcjs2uepc7/spack-src/src/H5Dio.c line 335 in H5Dwrite(): can't write data
    major: Dataset
    minor: Write failed
  #001: /scratch/spack_cpu/job_21700923/spack-stage/spack-stage-hdf5-1.10.7-xexa2gll6hf6okdatgrxiwhcjs2uepc7/spack-src/src/H5Dio.c line 813 in H5D__write(): can't write data
    major: Dataset
    minor: Write failed
  #002: /scratch/spack_cpu/job_21700923/spack-stage/spack-stage-hdf5-1.10.7-xexa2gll6hf6okdatgrxiwhcjs2uepc7/spack-src/src/H5Dcontig.c line 659 in H5D__contig_write(): contiguous write failed
    major: Dataset
    minor: Write failed
  #003: /scratch/spack_cpu/job_21700923/spack-stage/spack-stage-hdf5-1.10.7-xexa2gll6hf6okdatgrxiwhcjs2uepc7/spack-src/src/H5Dselect.c line 321 in H5D__select_write(): write error
    major: Dataspace
    minor: Write failed
  #004: /scratch/spack_cpu/job_21700923/spack-stage/spack-stage-hdf5-1.10.7-xexa2gll6hf6okdatgrxiwhcjs2uepc7/spack-src/src/H5Dselect.c line 230 in H5D__select_io(): write error
    major: Dataspace
    minor: Write failed
  #005: /scratch/spack_cpu/job_21700923/spack-stage/spack-stage-hdf5-1.10.7-xexa2gll6hf6okdatgrxiwhcjs2uepc7/spack-src/src/H5Dcontig.c line 1281 in H5D__contig_writevv(): can't perform vectorized sieve buffer write
    major: Dataset
    minor: Can't operate on object
  #006: /scratch/spack_cpu/job_21700923/spack-stage/spack-stage-hdf5-1.10.7-xexa2gll6hf6okdatgrxiwhcjs2uepc7/spack-src/src/H5VM.c line 1464 in H5VM_opvv(): can't perform operation
    major: Internal error (too specific to document in detail)
    minor: Can't operate on object
  #007: /scratch/spack_cpu/job_21700923/spack-stage/spack-stage-hdf5-1.10.7-xexa2gll6hf6okdatgrxiwhcjs2uepc7/spack-src/src/H5Dcontig.c line 1029 in H5D__contig_writevv_sieve_cb(): block write failed
    major: Dataset
    minor: Write failed
  #008: /scratch/spack_cpu/job_21700923/spack-stage/spack-stage-hdf5-1.10.7-xexa2gll6hf6okdatgrxiwhcjs2uepc7/spack-src/src/H5Fio.c line 161 in H5F_block_write(): write through page buffer failed
    major: Low-level I/O
    minor: Write failed
  #009: /scratch/spack_cpu/job_21700923/spack-stage/spack-stage-hdf5-1.10.7-xexa2gll6hf6okdatgrxiwhcjs2uepc7/spack-src/src/H5PB.c line 1032 in H5PB_write(): write through metadata accumulator failed
    major: Page Buffering
    minor: Write failed
  #010: /scratch/spack_cpu/job_21700923/spack-stage/spack-stage-hdf5-1.10.7-xexa2gll6hf6okdatgrxiwhcjs2uepc7/spack-src/src/H5Faccum.c line 824 in H5F__accum_write(): file write failed
    major: Low-level I/O
    minor: Write failed
  #011: /scratch/spack_cpu/job_21700923/spack-stage/spack-stage-hdf5-1.10.7-xexa2gll6hf6okdatgrxiwhcjs2uepc7/spack-src/src/H5FDint.c line 249 in H5FD_write(): driver write request failed
    major: Virtual File Layer
    minor: Write failed
  #012: /scratch/spack_cpu/job_21700923/spack-stage/spack-stage-hdf5-1.10.7-xexa2gll6hf6okdatgrxiwhcjs2uepc7/spack-src/src/H5FDsec2.c line 856 in H5FD__sec2_write(): file write failed: time = Wed Nov 19 10:07:30 2025
, filename = 'checkpoint.h5', file descriptor = 5, errno = 14, error message = 'Bad address', buf = 0x1555537c4000, total write size = 15969552, bytes this sub-write = 15969552, bytes actually written = 18446744073709551615, offset = 0
    major: Low-level I/O
    minor: Write failed
HDF5-DIAG: Error detected in HDF5 (1.10.7) thread 0:
  #000: /scratch/spack_cpu/job_21700923/spack-stage/spack-stage-hdf5-1.10.7-xexa2gll6hf6okdatgrxiwhcjs2uepc7/spack-src/src/H5Dio.c line 335 in H5Dwrite(): can't write data
    major: Dataset
    minor: Write failed
  #001: /scratch/spack_cpu/job_21700923/spack-stage/spack-stage-hdf5-1.10.7-xexa2gll6hf6okdatgrxiwhcjs2uepc7/spack-src/src/H5Dio.c line 813 in H5D__write(): can't write data
    major: Dataset
    minor: Write failed
  #002: /scratch/spack_cpu/job_21700923/spack-stage/spack-stage-hdf5-1.10.7-xexa2gll6hf6okdatgrxiwhcjs2uepc7/spack-src/src/H5Dcontig.c line 659 in H5D__contig_write(): contiguous write failed
    major: Dataset
    minor: Write failed
  #003: /scratch/spack_cpu/job_21700923/spack-stage/spack-stage-hdf5-1.10.7-xexa2gll6hf6okdatgrxiwhcjs2uepc7/spack-src/src/H5Dselect.c line 321 in H5D__select_write(): write error
    major: Dataspace
    minor: Write failed
  #004: /scratch/spack_cpu/job_21700923/spack-stage/spack-stage-hdf5-1.10.7-xexa2gll6hf6okdatgrxiwhcjs2uepc7/spack-src/src/H5Dselect.c line 230 in H5D__select_io(): write error
    major: Dataspace
    minor: Write failed
  #005: /scratch/spack_cpu/job_21700923/spack-stage/spack-stage-hdf5-1.10.7-xexa2gll6hf6okdatgrxiwhcjs2uepc7/spack-src/src/H5Dcontig.c line 1281 in H5D__contig_writevv(): can't perform vectorized sieve buffer write
    major: Dataset
    minor: Can't operate on object
  #006: /scratch/spack_cpu/job_21700923/spack-stage/spack-stage-hdf5-1.10.7-xexa2gll6hf6okdatgrxiwhcjs2uepc7/spack-src/src/H5VM.c line 1464 in H5VM_opvv(): can't perform operation
    major: Internal error (too specific to document in detail)
    minor: Can't operate on object
  #007: /scratch/spack_cpu/job_21700923/spack-stage/spack-stage-hdf5-1.10.7-xexa2gll6hf6okdatgrxiwhcjs2uepc7/spack-src/src/H5Dcontig.c line 1029 in H5D__contig_writevv_sieve_cb(): block write failed
    major: Dataset
    minor: Write failed
  #008: /scratch/spack_cpu/job_21700923/spack-stage/spack-stage-hdf5-1.10.7-xexa2gll6hf6okdatgrxiwhcjs2uepc7/spack-src/src/H5Fio.c line 161 in H5F_block_write(): write through page buffer failed
    major: Low-level I/O
    minor: Write failed
  #009: /scratch/spack_cpu/job_21700923/spack-stage/spack-stage-hdf5-1.10.7-xexa2gll6hf6okdatgrxiwhcjs2uepc7/spack-src/src/H5PB.c line 1032 in H5PB_write(): write through metadata accumulator failed
    major: Page Buffering
    minor: Write failed
  #010: /scratch/spack_cpu/job_21700923/spack-stage/spack-stage-hdf5-1.10.7-xexa2gll6hf6okdatgrxiwhcjs2uepc7/spack-src/src/H5Faccum.c line 824 in H5F__accum_write(): file write failed
    major: Low-level I/O
    minor: Write failed
  #011: /scratch/spack_cpu/job_21700923/spack-stage/spack-stage-hdf5-1.10.7-xexa2gll6hf6okdatgrxiwhcjs2uepc7/spack-src/src/H5FDint.c line 249 in H5FD_write(): driver write request failed
    major: Virtual File Layer
    minor: Write failed
  #012: /scratch/spack_cpu/job_21700923/spack-stage/spack-stage-hdf5-1.10.7-xexa2gll6hf6okdatgrxiwhcjs2uepc7/spack-src/src/H5FDsec2.c line 856 in H5FD__sec2_write(): file write failed: time = Wed Nov 19 10:08:06 2025
, filename = 'checkpoint.h5', file descriptor = 5, errno = 14, error message = 'Bad address', buf = 0x1555537c4000, total write size = 15969552, bytes this sub-write = 15969552, bytes actually written = 18446744073709551615, offset = 0
    major: Low-level I/O
    minor: Write failed
HDF5-DIAG: Error detected in HDF5 (1.10.7) thread 0:
  #000: /scratch/spack_cpu/job_21700923/spack-stage/spack-stage-hdf5-1.10.7-xexa2gll6hf6okdatgrxiwhcjs2uepc7/spack-src/src/H5Dio.c line 335 in H5Dwrite(): can't write data
    major: Dataset
    minor: Write failed
  #001: /scratch/spack_cpu/job_21700923/spack-stage/spack-stage-hdf5-1.10.7-xexa2gll6hf6okdatgrxiwhcjs2uepc7/spack-src/src/H5Dio.c line 813 in H5D__write(): can't write data
    major: Dataset
    minor: Write failed
  #002: /scratch/spack_cpu/job_21700923/spack-stage/spack-stage-hdf5-1.10.7-xexa2gll6hf6okdatgrxiwhcjs2uepc7/spack-src/src/H5Dcontig.c line 659 in H5D__contig_write(): contiguous write failed
    major: Dataset
    minor: Write failed
  #003: /scratch/spack_cpu/job_21700923/spack-stage/spack-stage-hdf5-1.10.7-xexa2gll6hf6okdatgrxiwhcjs2uepc7/spack-src/src/H5Dselect.c line 321 in H5D__select_write(): write error
    major: Dataspace
    minor: Write failed
  #004: /scratch/spack_cpu/job_21700923/spack-stage/spack-stage-hdf5-1.10.7-xexa2gll6hf6okdatgrxiwhcjs2uepc7/spack-src/src/H5Dselect.c line 230 in H5D__select_io(): write error
    major: Dataspace
    minor: Write failed
  #005: /scratch/spack_cpu/job_21700923/spack-stage/spack-stage-hdf5-1.10.7-xexa2gll6hf6okdatgrxiwhcjs2uepc7/spack-src/src/H5Dcontig.c line 1281 in H5D__contig_writevv(): can't perform vectorized sieve buffer write
    major: Dataset
    minor: Can't operate on object
  #006: /scratch/spack_cpu/job_21700923/spack-stage/spack-stage-hdf5-1.10.7-xexa2gll6hf6okdatgrxiwhcjs2uepc7/spack-src/src/H5VM.c line 1464 in H5VM_opvv(): can't perform operation
    major: Internal error (too specific to document in detail)
    minor: Can't operate on object
  #007: /scratch/spack_cpu/job_21700923/spack-stage/spack-stage-hdf5-1.10.7-xexa2gll6hf6okdatgrxiwhcjs2uepc7/spack-src/src/H5Dcontig.c line 1029 in H5D__contig_writevv_sieve_cb(): block write failed
    major: Dataset
    minor: Write failed
  #008: /scratch/spack_cpu/job_21700923/spack-stage/spack-stage-hdf5-1.10.7-xexa2gll6hf6okdatgrxiwhcjs2uepc7/spack-src/src/H5Fio.c line 161 in H5F_block_write(): write through page buffer failed
    major: Low-level I/O
    minor: Write failed
  #009: /scratch/spack_cpu/job_21700923/spack-stage/spack-stage-hdf5-1.10.7-xexa2gll6hf6okdatgrxiwhcjs2uepc7/spack-src/src/H5PB.c line 1032 in H5PB_write(): write through metadata accumulator failed
    major: Page Buffering
    minor: Write failed
  #010: /scratch/spack_cpu/job_21700923/spack-stage/spack-stage-hdf5-1.10.7-xexa2gll6hf6okdatgrxiwhcjs2uepc7/spack-src/src/H5Faccum.c line 824 in H5F__accum_write(): file write failed
    major: Low-level I/O
    minor: Write failed
  #011: /scratch/spack_cpu/job_21700923/spack-stage/spack-stage-hdf5-1.10.7-xexa2gll6hf6okdatgrxiwhcjs2uepc7/spack-src/src/H5FDint.c line 249 in H5FD_write(): driver write request failed
    major: Virtual File Layer
    minor: Write failed
  #012: /scratch/spack_cpu/job_21700923/spack-stage/spack-stage-hdf5-1.10.7-xexa2gll6hf6okdatgrxiwhcjs2uepc7/spack-src/src/H5FDsec2.c line 856 in H5FD__sec2_write(): file write failed: time = Wed Nov 19 10:08:43 2025
, filename = 'checkpoint.h5', file descriptor = 5, errno = 14, error message = 'Bad address', buf = 0x1555537c4000, total write size = 15969552, bytes this sub-write = 15969552, bytes actually written = 18446744073709551615, offset = 0
    major: Low-level I/O
    minor: Write failed
HDF5-DIAG: Error detected in HDF5 (1.10.7) thread 0:
  #000: /scratch/spack_cpu/job_21700923/spack-stage/spack-stage-hdf5-1.10.7-xexa2gll6hf6okdatgrxiwhcjs2uepc7/spack-src/src/H5Dio.c line 335 in H5Dwrite(): can't write data
    major: Dataset
    minor: Write failed
  #001: /scratch/spack_cpu/job_21700923/spack-stage/spack-stage-hdf5-1.10.7-xexa2gll6hf6okdatgrxiwhcjs2uepc7/spack-src/src/H5Dio.c line 813 in H5D__write(): can't write data
    major: Dataset
    minor: Write failed
  #002: /scratch/spack_cpu/job_21700923/spack-stage/spack-stage-hdf5-1.10.7-xexa2gll6hf6okdatgrxiwhcjs2uepc7/spack-src/src/H5Dcontig.c line 659 in H5D__contig_write(): contiguous write failed
    major: Dataset
    minor: Write failed
  #003: /scratch/spack_cpu/job_21700923/spack-stage/spack-stage-hdf5-1.10.7-xexa2gll6hf6okdatgrxiwhcjs2uepc7/spack-src/src/H5Dselect.c line 321 in H5D__select_write(): write error
    major: Dataspace
    minor: Write failed
  #004: /scratch/spack_cpu/job_21700923/spack-stage/spack-stage-hdf5-1.10.7-xexa2gll6hf6okdatgrxiwhcjs2uepc7/spack-src/src/H5Dselect.c line 230 in H5D__select_io(): write error
    major: Dataspace
    minor: Write failed
  #005: /scratch/spack_cpu/job_21700923/spack-stage/spack-stage-hdf5-1.10.7-xexa2gll6hf6okdatgrxiwhcjs2uepc7/spack-src/src/H5Dcontig.c line 1281 in H5D__contig_writevv(): can't perform vectorized sieve buffer write
    major: Dataset
    minor: Can't operate on object
  #006: /scratch/spack_cpu/job_21700923/spack-stage/spack-stage-hdf5-1.10.7-xexa2gll6hf6okdatgrxiwhcjs2uepc7/spack-src/src/H5VM.c line 1464 in H5VM_opvv(): can't perform operation
    major: Internal error (too specific to document in detail)
    minor: Can't operate on object
  #007: /scratch/spack_cpu/job_21700923/spack-stage/spack-stage-hdf5-1.10.7-xexa2gll6hf6okdatgrxiwhcjs2uepc7/spack-src/src/H5Dcontig.c line 1029 in H5D__contig_writevv_sieve_cb(): block write failed
    major: Dataset
    minor: Write failed
  #008: /scratch/spack_cpu/job_21700923/spack-stage/spack-stage-hdf5-1.10.7-xexa2gll6hf6okdatgrxiwhcjs2uepc7/spack-src/src/H5Fio.c line 161 in H5F_block_write(): write through page buffer failed
    major: Low-level I/O
    minor: Write failed
  #009: /scratch/spack_cpu/job_21700923/spack-stage/spack-stage-hdf5-1.10.7-xexa2gll6hf6okdatgrxiwhcjs2uepc7/spack-src/src/H5PB.c line 1032 in H5PB_write(): write through metadata accumulator failed
    major: Page Buffering
    minor: Write failed
  #010: /scratch/spack_cpu/job_21700923/spack-stage/spack-stage-hdf5-1.10.7-xexa2gll6hf6okdatgrxiwhcjs2uepc7/spack-src/src/H5Faccum.c line 824 in H5F__accum_write(): file write failed
    major: Low-level I/O
    minor: Write failed
  #011: /scratch/spack_cpu/job_21700923/spack-stage/spack-stage-hdf5-1.10.7-xexa2gll6hf6okdatgrxiwhcjs2uepc7/spack-src/src/H5FDint.c line 249 in H5FD_write(): driver write request failed
    major: Virtual File Layer
    minor: Write failed
  #012: /scratch/spack_cpu/job_21700923/spack-stage/spack-stage-hdf5-1.10.7-xexa2gll6hf6okdatgrxiwhcjs2uepc7/spack-src/src/H5FDsec2.c line 856 in H5FD__sec2_write(): file write failed: time = Wed Nov 19 10:09:20 2025
, filename = 'checkpoint.h5', file descriptor = 5, errno = 14, error message = 'Bad address', buf = 0x1555537c4000, total write size = 15969552, bytes this sub-write = 15969552, bytes actually written = 18446744073709551615, offset = 0
    major: Low-level I/O
    minor: Write failed
HDF5-DIAG: Error detected in HDF5 (1.10.7) thread 0:
  #000: /scratch/spack_cpu/job_21700923/spack-stage/spack-stage-hdf5-1.10.7-xexa2gll6hf6okdatgrxiwhcjs2uepc7/spack-src/src/H5Dio.c line 335 in H5Dwrite(): can't write data
    major: Dataset
    minor: Write failed
  #001: /scratch/spack_cpu/job_21700923/spack-stage/spack-stage-hdf5-1.10.7-xexa2gll6hf6okdatgrxiwhcjs2uepc7/spack-src/src/H5Dio.c line 813 in H5D__write(): can't write data
    major: Dataset
    minor: Write failed
  #002: /scratch/spack_cpu/job_21700923/spack-stage/spack-stage-hdf5-1.10.7-xexa2gll6hf6okdatgrxiwhcjs2uepc7/spack-src/src/H5Dcontig.c line 659 in H5D__contig_write(): contiguous write failed
    major: Dataset
    minor: Write failed
  #003: /scratch/spack_cpu/job_21700923/spack-stage/spack-stage-hdf5-1.10.7-xexa2gll6hf6okdatgrxiwhcjs2uepc7/spack-src/src/H5Dselect.c line 321 in H5D__select_write(): write error
    major: Dataspace
    minor: Write failed
  #004: /scratch/spack_cpu/job_21700923/spack-stage/spack-stage-hdf5-1.10.7-xexa2gll6hf6okdatgrxiwhcjs2uepc7/spack-src/src/H5Dselect.c line 230 in H5D__select_io(): write error
    major: Dataspace
    minor: Write failed
  #005: /scratch/spack_cpu/job_21700923/spack-stage/spack-stage-hdf5-1.10.7-xexa2gll6hf6okdatgrxiwhcjs2uepc7/spack-src/src/H5Dcontig.c line 1281 in H5D__contig_writevv(): can't perform vectorized sieve buffer write
    major: Dataset
    minor: Can't operate on object
  #006: /scratch/spack_cpu/job_21700923/spack-stage/spack-stage-hdf5-1.10.7-xexa2gll6hf6okdatgrxiwhcjs2uepc7/spack-src/src/H5VM.c line 1464 in H5VM_opvv(): can't perform operation
    major: Internal error (too specific to document in detail)
    minor: Can't operate on object
  #007: /scratch/spack_cpu/job_21700923/spack-stage/spack-stage-hdf5-1.10.7-xexa2gll6hf6okdatgrxiwhcjs2uepc7/spack-src/src/H5Dcontig.c line 1029 in H5D__contig_writevv_sieve_cb(): block write failed
    major: Dataset
    minor: Write failed
  #008: /scratch/spack_cpu/job_21700923/spack-stage/spack-stage-hdf5-1.10.7-xexa2gll6hf6okdatgrxiwhcjs2uepc7/spack-src/src/H5Fio.c line 161 in H5F_block_write(): write through page buffer failed
    major: Low-level I/O
    minor: Write failed
  #009: /scratch/spack_cpu/job_21700923/spack-stage/spack-stage-hdf5-1.10.7-xexa2gll6hf6okdatgrxiwhcjs2uepc7/spack-src/src/H5PB.c line 1032 in H5PB_write(): write through metadata accumulator failed
    major: Page Buffering
    minor: Write failed
  #010: /scratch/spack_cpu/job_21700923/spack-stage/spack-stage-hdf5-1.10.7-xexa2gll6hf6okdatgrxiwhcjs2uepc7/spack-src/src/H5Faccum.c line 824 in H5F__accum_write(): file write failed
    major: Low-level I/O
    minor: Write failed
  #011: /scratch/spack_cpu/job_21700923/spack-stage/spack-stage-hdf5-1.10.7-xexa2gll6hf6okdatgrxiwhcjs2uepc7/spack-src/src/H5FDint.c line 249 in H5FD_write(): driver write request failed
    major: Virtual File Layer
    minor: Write failed
  #012: /scratch/spack_cpu/job_21700923/spack-stage/spack-stage-hdf5-1.10.7-xexa2gll6hf6okdatgrxiwhcjs2uepc7/spack-src/src/H5FDsec2.c line 856 in H5FD__sec2_write(): file write failed: time = Wed Nov 19 10:09:56 2025
, filename = 'checkpoint.h5', file descriptor = 5, errno = 14, error message = 'Bad address', buf = 0x1555537c4000, total write size = 15969552, bytes this sub-write = 15969552, bytes actually written = 18446744073709551615, offset = 0
    major: Low-level I/O
    minor: Write failed
HDF5-DIAG: Error detected in HDF5 (1.10.7) thread 0:
  #000: /scratch/spack_cpu/job_21700923/spack-stage/spack-stage-hdf5-1.10.7-xexa2gll6hf6okdatgrxiwhcjs2uepc7/spack-src/src/H5Dio.c line 335 in H5Dwrite(): can't write data
    major: Dataset
    minor: Write failed
  #001: /scratch/spack_cpu/job_21700923/spack-stage/spack-stage-hdf5-1.10.7-xexa2gll6hf6okdatgrxiwhcjs2uepc7/spack-src/src/H5Dio.c line 813 in H5D__write(): can't write data
    major: Dataset
    minor: Write failed
  #002: /scratch/spack_cpu/job_21700923/spack-stage/spack-stage-hdf5-1.10.7-xexa2gll6hf6okdatgrxiwhcjs2uepc7/spack-src/src/H5Dcontig.c line 659 in H5D__contig_write(): contiguous write failed
    major: Dataset
    minor: Write failed
  #003: /scratch/spack_cpu/job_21700923/spack-stage/spack-stage-hdf5-1.10.7-xexa2gll6hf6okdatgrxiwhcjs2uepc7/spack-src/src/H5Dselect.c line 321 in H5D__select_write(): write error
    major: Dataspace
    minor: Write failed
  #004: /scratch/spack_cpu/job_21700923/spack-stage/spack-stage-hdf5-1.10.7-xexa2gll6hf6okdatgrxiwhcjs2uepc7/spack-src/src/H5Dselect.c line 230 in H5D__select_io(): write error
    major: Dataspace
    minor: Write failed
  #005: /scratch/spack_cpu/job_21700923/spack-stage/spack-stage-hdf5-1.10.7-xexa2gll6hf6okdatgrxiwhcjs2uepc7/spack-src/src/H5Dcontig.c line 1281 in H5D__contig_writevv(): can't perform vectorized sieve buffer write
    major: Dataset
    minor: Can't operate on object
  #006: /scratch/spack_cpu/job_21700923/spack-stage/spack-stage-hdf5-1.10.7-xexa2gll6hf6okdatgrxiwhcjs2uepc7/spack-src/src/H5VM.c line 1464 in H5VM_opvv(): can't perform operation
    major: Internal error (too specific to document in detail)
    minor: Can't operate on object
  #007: /scratch/spack_cpu/job_21700923/spack-stage/spack-stage-hdf5-1.10.7-xexa2gll6hf6okdatgrxiwhcjs2uepc7/spack-src/src/H5Dcontig.c line 1029 in H5D__contig_writevv_sieve_cb(): block write failed
    major: Dataset
    minor: Write failed
  #008: /scratch/spack_cpu/job_21700923/spack-stage/spack-stage-hdf5-1.10.7-xexa2gll6hf6okdatgrxiwhcjs2uepc7/spack-src/src/H5Fio.c line 161 in H5F_block_write(): write through page buffer failed
    major: Low-level I/O
    minor: Write failed
  #009: /scratch/spack_cpu/job_21700923/spack-stage/spack-stage-hdf5-1.10.7-xexa2gll6hf6okdatgrxiwhcjs2uepc7/spack-src/src/H5PB.c line 1032 in H5PB_write(): write through metadata accumulator failed
    major: Page Buffering
    minor: Write failed
  #010: /scratch/spack_cpu/job_21700923/spack-stage/spack-stage-hdf5-1.10.7-xexa2gll6hf6okdatgrxiwhcjs2uepc7/spack-src/src/H5Faccum.c line 824 in H5F__accum_write(): file write failed
    major: Low-level I/O
    minor: Write failed
  #011: /scratch/spack_cpu/job_21700923/spack-stage/spack-stage-hdf5-1.10.7-xexa2gll6hf6okdatgrxiwhcjs2uepc7/spack-src/src/H5FDint.c line 249 in H5FD_write(): driver write request failed
    major: Virtual File Layer
    minor: Write failed
  #012: /scratch/spack_cpu/job_21700923/spack-stage/spack-stage-hdf5-1.10.7-xexa2gll6hf6okdatgrxiwhcjs2uepc7/spack-src/src/H5FDsec2.c line 856 in H5FD__sec2_write(): file write failed: time = Wed Nov 19 10:10:32 2025
, filename = 'checkpoint.h5', file descriptor = 5, errno = 14, error message = 'Bad address', buf = 0x1555537c4000, total write size = 15969552, bytes this sub-write = 15969552, bytes actually written = 18446744073709551615, offset = 0
    major: Low-level I/O
    minor: Write failed
HDF5-DIAG: Error detected in HDF5 (1.10.7) thread 0:
  #000: /scratch/spack_cpu/job_21700923/spack-stage/spack-stage-hdf5-1.10.7-xexa2gll6hf6okdatgrxiwhcjs2uepc7/spack-src/src/H5Dio.c line 335 in H5Dwrite(): can't write data
    major: Dataset
    minor: Write failed
  #001: /scratch/spack_cpu/job_21700923/spack-stage/spack-stage-hdf5-1.10.7-xexa2gll6hf6okdatgrxiwhcjs2uepc7/spack-src/src/H5Dio.c line 813 in H5D__write(): can't write data
    major: Dataset
    minor: Write failed
  #002: /scratch/spack_cpu/job_21700923/spack-stage/spack-stage-hdf5-1.10.7-xexa2gll6hf6okdatgrxiwhcjs2uepc7/spack-src/src/H5Dcontig.c line 659 in H5D__contig_write(): contiguous write failed
    major: Dataset
    minor: Write failed
  #003: /scratch/spack_cpu/job_21700923/spack-stage/spack-stage-hdf5-1.10.7-xexa2gll6hf6okdatgrxiwhcjs2uepc7/spack-src/src/H5Dselect.c line 321 in H5D__select_write(): write error
    major: Dataspace
    minor: Write failed
  #004: /scratch/spack_cpu/job_21700923/spack-stage/spack-stage-hdf5-1.10.7-xexa2gll6hf6okdatgrxiwhcjs2uepc7/spack-src/src/H5Dselect.c line 230 in H5D__select_io(): write error
    major: Dataspace
    minor: Write failed
  #005: /scratch/spack_cpu/job_21700923/spack-stage/spack-stage-hdf5-1.10.7-xexa2gll6hf6okdatgrxiwhcjs2uepc7/spack-src/src/H5Dcontig.c line 1281 in H5D__contig_writevv(): can't perform vectorized sieve buffer write
    major: Dataset
    minor: Can't operate on object
  #006: /scratch/spack_cpu/job_21700923/spack-stage/spack-stage-hdf5-1.10.7-xexa2gll6hf6okdatgrxiwhcjs2uepc7/spack-src/src/H5VM.c line 1464 in H5VM_opvv(): can't perform operation
    major: Internal error (too specific to document in detail)
    minor: Can't operate on object
  #007: /scratch/spack_cpu/job_21700923/spack-stage/spack-stage-hdf5-1.10.7-xexa2gll6hf6okdatgrxiwhcjs2uepc7/spack-src/src/H5Dcontig.c line 1029 in H5D__contig_writevv_sieve_cb(): block write failed
    major: Dataset
    minor: Write failed
  #008: /scratch/spack_cpu/job_21700923/spack-stage/spack-stage-hdf5-1.10.7-xexa2gll6hf6okdatgrxiwhcjs2uepc7/spack-src/src/H5Fio.c line 161 in H5F_block_write(): write through page buffer failed
    major: Low-level I/O
    minor: Write failed
  #009: /scratch/spack_cpu/job_21700923/spack-stage/spack-stage-hdf5-1.10.7-xexa2gll6hf6okdatgrxiwhcjs2uepc7/spack-src/src/H5PB.c line 1032 in H5PB_write(): write through metadata accumulator failed
    major: Page Buffering
    minor: Write failed
  #010: /scratch/spack_cpu/job_21700923/spack-stage/spack-stage-hdf5-1.10.7-xexa2gll6hf6okdatgrxiwhcjs2uepc7/spack-src/src/H5Faccum.c line 824 in H5F__accum_write(): file write failed
    major: Low-level I/O
    minor: Write failed
  #011: /scratch/spack_cpu/job_21700923/spack-stage/spack-stage-hdf5-1.10.7-xexa2gll6hf6okdatgrxiwhcjs2uepc7/spack-src/src/H5FDint.c line 249 in H5FD_write(): driver write request failed
    major: Virtual File Layer
    minor: Write failed
  #012: /scratch/spack_cpu/job_21700923/spack-stage/spack-stage-hdf5-1.10.7-xexa2gll6hf6okdatgrxiwhcjs2uepc7/spack-src/src/H5FDsec2.c line 856 in H5FD__sec2_write(): file write failed: time = Wed Nov 19 10:11:08 2025
, filename = 'checkpoint.h5', file descriptor = 5, errno = 14, error message = 'Bad address', buf = 0x1555537c4000, total write size = 15969552, bytes this sub-write = 15969552, bytes actually written = 18446744073709551615, offset = 0
    major: Low-level I/O
    minor: Write failed
HDF5-DIAG: Error detected in HDF5 (1.10.7) thread 0:
  #000: /scratch/spack_cpu/job_21700923/spack-stage/spack-stage-hdf5-1.10.7-xexa2gll6hf6okdatgrxiwhcjs2uepc7/spack-src/src/H5Dio.c line 335 in H5Dwrite(): can't write data
    major: Dataset
    minor: Write failed
  #001: /scratch/spack_cpu/job_21700923/spack-stage/spack-stage-hdf5-1.10.7-xexa2gll6hf6okdatgrxiwhcjs2uepc7/spack-src/src/H5Dio.c line 813 in H5D__write(): can't write data
    major: Dataset
    minor: Write failed
  #002: /scratch/spack_cpu/job_21700923/spack-stage/spack-stage-hdf5-1.10.7-xexa2gll6hf6okdatgrxiwhcjs2uepc7/spack-src/src/H5Dcontig.c line 659 in H5D__contig_write(): contiguous write failed
    major: Dataset
    minor: Write failed
  #003: /scratch/spack_cpu/job_21700923/spack-stage/spack-stage-hdf5-1.10.7-xexa2gll6hf6okdatgrxiwhcjs2uepc7/spack-src/src/H5Dselect.c line 321 in H5D__select_write(): write error
    major: Dataspace
    minor: Write failed
  #004: /scratch/spack_cpu/job_21700923/spack-stage/spack-stage-hdf5-1.10.7-xexa2gll6hf6okdatgrxiwhcjs2uepc7/spack-src/src/H5Dselect.c line 230 in H5D__select_io(): write error
    major: Dataspace
    minor: Write failed
  #005: /scratch/spack_cpu/job_21700923/spack-stage/spack-stage-hdf5-1.10.7-xexa2gll6hf6okdatgrxiwhcjs2uepc7/spack-src/src/H5Dcontig.c line 1281 in H5D__contig_writevv(): can't perform vectorized sieve buffer write
    major: Dataset
    minor: Can't operate on object
  #006: /scratch/spack_cpu/job_21700923/spack-stage/spack-stage-hdf5-1.10.7-xexa2gll6hf6okdatgrxiwhcjs2uepc7/spack-src/src/H5VM.c line 1464 in H5VM_opvv(): can't perform operation
    major: Internal error (too specific to document in detail)
    minor: Can't operate on object
  #007: /scratch/spack_cpu/job_21700923/spack-stage/spack-stage-hdf5-1.10.7-xexa2gll6hf6okdatgrxiwhcjs2uepc7/spack-src/src/H5Dcontig.c line 1029 in H5D__contig_writevv_sieve_cb(): block write failed
    major: Dataset
    minor: Write failed
  #008: /scratch/spack_cpu/job_21700923/spack-stage/spack-stage-hdf5-1.10.7-xexa2gll6hf6okdatgrxiwhcjs2uepc7/spack-src/src/H5Fio.c line 161 in H5F_block_write(): write through page buffer failed
    major: Low-level I/O
    minor: Write failed
  #009: /scratch/spack_cpu/job_21700923/spack-stage/spack-stage-hdf5-1.10.7-xexa2gll6hf6okdatgrxiwhcjs2uepc7/spack-src/src/H5PB.c line 1032 in H5PB_write(): write through metadata accumulator failed
    major: Page Buffering
    minor: Write failed
  #010: /scratch/spack_cpu/job_21700923/spack-stage/spack-stage-hdf5-1.10.7-xexa2gll6hf6okdatgrxiwhcjs2uepc7/spack-src/src/H5Faccum.c line 824 in H5F__accum_write(): file write failed
    major: Low-level I/O
    minor: Write failed
  #011: /scratch/spack_cpu/job_21700923/spack-stage/spack-stage-hdf5-1.10.7-xexa2gll6hf6okdatgrxiwhcjs2uepc7/spack-src/src/H5FDint.c line 249 in H5FD_write(): driver write request failed
    major: Virtual File Layer
    minor: Write failed
  #012: /scratch/spack_cpu/job_21700923/spack-stage/spack-stage-hdf5-1.10.7-xexa2gll6hf6okdatgrxiwhcjs2uepc7/spack-src/src/H5FDsec2.c line 856 in H5FD__sec2_write(): file write failed: time = Wed Nov 19 10:11:44 2025
, filename = 'checkpoint.h5', file descriptor = 5, errno = 14, error message = 'Bad address', buf = 0x1555537c4000, total write size = 15969552, bytes this sub-write = 15969552, bytes actually written = 18446744073709551615, offset = 0
    major: Low-level I/O
    minor: Write failed
HDF5-DIAG: Error detected in HDF5 (1.10.7) thread 0:
  #000: /scratch/spack_cpu/job_21700923/spack-stage/spack-stage-hdf5-1.10.7-xexa2gll6hf6okdatgrxiwhcjs2uepc7/spack-src/src/H5Dio.c line 335 in H5Dwrite(): can't write data
    major: Dataset
    minor: Write failed
  #001: /scratch/spack_cpu/job_21700923/spack-stage/spack-stage-hdf5-1.10.7-xexa2gll6hf6okdatgrxiwhcjs2uepc7/spack-src/src/H5Dio.c line 813 in H5D__write(): can't write data
    major: Dataset
    minor: Write failed
  #002: /scratch/spack_cpu/job_21700923/spack-stage/spack-stage-hdf5-1.10.7-xexa2gll6hf6okdatgrxiwhcjs2uepc7/spack-src/src/H5Dcontig.c line 659 in H5D__contig_write(): contiguous write failed
    major: Dataset
    minor: Write failed
  #003: /scratch/spack_cpu/job_21700923/spack-stage/spack-stage-hdf5-1.10.7-xexa2gll6hf6okdatgrxiwhcjs2uepc7/spack-src/src/H5Dselect.c line 321 in H5D__select_write(): write error
    major: Dataspace
    minor: Write failed
  #004: /scratch/spack_cpu/job_21700923/spack-stage/spack-stage-hdf5-1.10.7-xexa2gll6hf6okdatgrxiwhcjs2uepc7/spack-src/src/H5Dselect.c line 230 in H5D__select_io(): write error
    major: Dataspace
    minor: Write failed
  #005: /scratch/spack_cpu/job_21700923/spack-stage/spack-stage-hdf5-1.10.7-xexa2gll6hf6okdatgrxiwhcjs2uepc7/spack-src/src/H5Dcontig.c line 1281 in H5D__contig_writevv(): can't perform vectorized sieve buffer write
    major: Dataset
    minor: Can't operate on object
  #006: /scratch/spack_cpu/job_21700923/spack-stage/spack-stage-hdf5-1.10.7-xexa2gll6hf6okdatgrxiwhcjs2uepc7/spack-src/src/H5VM.c line 1464 in H5VM_opvv(): can't perform operation
    major: Internal error (too specific to document in detail)
    minor: Can't operate on object
  #007: /scratch/spack_cpu/job_21700923/spack-stage/spack-stage-hdf5-1.10.7-xexa2gll6hf6okdatgrxiwhcjs2uepc7/spack-src/src/H5Dcontig.c line 1029 in H5D__contig_writevv_sieve_cb(): block write failed
    major: Dataset
    minor: Write failed
  #008: /scratch/spack_cpu/job_21700923/spack-stage/spack-stage-hdf5-1.10.7-xexa2gll6hf6okdatgrxiwhcjs2uepc7/spack-src/src/H5Fio.c line 161 in H5F_block_write(): write through page buffer failed
    major: Low-level I/O
    minor: Write failed
  #009: /scratch/spack_cpu/job_21700923/spack-stage/spack-stage-hdf5-1.10.7-xexa2gll6hf6okdatgrxiwhcjs2uepc7/spack-src/src/H5PB.c line 1032 in H5PB_write(): write through metadata accumulator failed
    major: Page Buffering
    minor: Write failed
  #010: /scratch/spack_cpu/job_21700923/spack-stage/spack-stage-hdf5-1.10.7-xexa2gll6hf6okdatgrxiwhcjs2uepc7/spack-src/src/H5Faccum.c line 824 in H5F__accum_write(): file write failed
    major: Low-level I/O
    minor: Write failed
  #011: /scratch/spack_cpu/job_21700923/spack-stage/spack-stage-hdf5-1.10.7-xexa2gll6hf6okdatgrxiwhcjs2uepc7/spack-src/src/H5FDint.c line 249 in H5FD_write(): driver write request failed
    major: Virtual File Layer
    minor: Write failed
  #012: /scratch/spack_cpu/job_21700923/spack-stage/spack-stage-hdf5-1.10.7-xexa2gll6hf6okdatgrxiwhcjs2uepc7/spack-src/src/H5FDsec2.c line 856 in H5FD__sec2_write(): file write failed: time = Wed Nov 19 10:12:21 2025
, filename = 'checkpoint.h5', file descriptor = 5, errno = 14, error message = 'Bad address', buf = 0x1555537c4000, total write size = 15969552, bytes this sub-write = 15969552, bytes actually written = 18446744073709551615, offset = 0
    major: Low-level I/O
    minor: Write failed
Simulation time: 123.7 min
